# Blender 4.0.2
# www.blender.org
mtllib Footballer1-bl.mtl
o Sphere.002
v -5.170852 2.224401 5.940462
v -5.301959 2.204446 5.983065
v -5.301959 2.224384 5.845202
v -5.203861 2.233979 5.848039
v -5.220934 2.224420 6.094584
v -5.143240 2.234004 6.034631
v -5.382985 2.224414 6.094584
v -5.301960 2.234014 6.149943
v -5.433068 2.224392 5.940462
v -5.460682 2.233994 6.034632
v -5.400060 2.233972 5.848037
v -5.452196 2.382297 5.638446
v -5.452189 2.277022 5.776287
v -5.498143 2.337081 5.713037
v -5.301985 2.434937 5.569518
v -5.400068 2.440195 5.578024
v -5.151772 2.382293 5.638442
v -5.203900 2.440193 5.578021
v -5.151778 2.277017 5.776285
v -5.105823 2.337076 5.713033
v -5.301985 2.224384 5.845202
v -5.203908 2.233969 5.848036
v -5.020686 2.382296 5.733685
v -5.021350 2.304235 5.891845
v -4.908724 2.434943 5.855248
v -4.947116 2.440197 5.764592
v -4.927863 2.382306 6.019403
v -4.886507 2.440203 5.951157
v -5.058954 2.277031 6.061992
v -4.984603 2.337091 6.086149
v -5.170907 2.224388 5.940437
v -5.143297 2.233979 6.034586
v -4.977939 2.382313 6.173496
v -5.058952 2.434960 6.317532
v -4.984602 2.440213 6.253008
v -5.220975 2.382324 6.350059
v -5.143296 2.440219 6.368296
v -5.301985 2.277045 6.238556
v -5.301985 2.337106 6.316727
v -5.220976 2.224398 6.094525
v -5.301984 2.233989 6.149876
v -5.382993 2.382325 6.350056
v -5.475416 2.304260 6.221735
v -5.545012 2.434965 6.317525
v -5.460671 2.440222 6.368291
v -5.626022 2.382321 6.173491
v -5.619359 2.440219 6.253001
v -5.545012 2.277039 6.061991
v -5.619359 2.337100 6.086146
v -5.382992 2.224401 6.094524
v -5.460670 2.233984 6.034586
v -5.676096 2.382315 6.019403
v -5.582614 2.304244 5.891847
v -5.695233 2.434951 5.855252
v -5.717449 2.440211 5.951158
v -5.583278 2.382303 5.733690
v -5.656843 2.440204 5.764598
v -5.433061 2.224392 5.940437
v -5.433099 2.520197 6.418987
v -5.301986 2.473166 6.417789
v -5.301985 2.605403 6.461591
v -5.400088 2.607155 6.451742
v -5.383015 2.382338 6.350061
v -5.460712 2.440253 6.368294
v -5.220954 2.382336 6.350064
v -5.170870 2.520195 6.418992
v -5.143256 2.440250 6.368299
v -5.203881 2.607155 6.451746
v -5.757145 2.520190 5.993049
v -5.715478 2.473161 6.117379
v -5.757139 2.605401 6.130915
v -5.778095 2.607152 6.034567
v -5.676108 2.382328 6.019383
v -5.717464 2.440242 5.951119
v -5.626021 2.382333 6.173513
v -5.676098 2.520195 6.242446
v -5.619350 2.440250 6.253041
v -5.717452 2.607154 6.221173
v -5.452180 2.520178 5.553211
v -5.557557 2.473145 5.631264
v -5.583308 2.605394 5.595819
v -5.498145 2.607146 5.546113
v -5.452182 2.382310 5.638429
v -5.400037 2.440227 5.577997
v -5.583299 2.382315 5.733698
v -5.664341 2.520183 5.707370
v -5.656878 2.440235 5.764619
v -5.656890 2.607147 5.661460
v -4.939619 2.520178 5.707362
v -5.046408 2.473141 5.631256
v -5.020656 2.605392 5.595811
v -4.947070 2.607145 5.661452
v -5.020665 2.382308 5.733693
v -4.947081 2.440228 5.764614
v -5.151785 2.382306 5.638425
v -5.151787 2.520175 5.553205
v -5.203931 2.440225 5.577994
v -5.105822 2.607144 5.546106
v -4.927861 2.520190 6.242454
v -4.888478 2.473154 6.117385
v -4.846815 2.605398 6.130920
v -4.886504 2.607151 6.221181
v -4.977940 2.382326 6.173518
v -4.984612 2.440245 6.253048
v -4.927851 2.382319 6.019385
v -4.846808 2.520184 5.993051
v -4.886491 2.440234 5.951119
v -4.825857 2.607149 6.034570
v -5.452210 2.690499 5.520679
v -5.301985 2.599299 5.505525
v -5.452203 2.520121 5.553241
v -5.498160 2.607061 5.546136
v -5.301985 2.775694 5.504395
v -5.400077 2.773942 5.514242
v -5.151757 2.690499 5.520674
v -5.203891 2.773943 5.514238
v -5.151765 2.520119 5.553236
v -5.105806 2.607060 5.546130
v -4.908690 2.690498 5.697281
v -4.847865 2.599302 5.835476
v -4.939654 2.520121 5.707350
v -4.947097 2.607061 5.661444
v -4.846791 2.775692 5.835125
v -4.886462 2.773942 5.744874
v -4.815862 2.690498 5.983027
v -4.825848 2.773940 5.931458
v -4.846830 2.520127 5.993081
v -4.825874 2.607064 6.034592
v -4.908720 2.690498 6.268750
v -5.021347 2.599309 6.369294
v -4.927861 2.520133 6.242415
v -4.886505 2.607067 6.221152
v -5.020681 2.775685 6.370207
v -4.947112 2.773935 6.304595
v -5.151776 2.690498 6.445322
v -5.105820 2.773934 6.419890
v -5.170906 2.520139 6.418981
v -5.203907 2.607070 6.451736
v -5.452192 2.690498 6.445316
v -5.582617 2.599311 6.369285
v -5.433062 2.520140 6.418976
v -5.400061 2.607071 6.451733
v -5.583282 2.775683 6.370199
v -5.498147 2.773932 6.419885
v -5.695238 2.690498 6.268742
v -5.656847 2.773933 6.304586
v -5.676098 2.520138 6.242408
v -5.717451 2.607069 6.221145
v -5.788088 2.690533 5.982987
v -5.756085 2.599345 5.835445
v -5.757136 2.520167 5.993042
v -5.778088 2.607101 6.034552
v -5.757147 2.775718 5.835100
v -5.778095 2.773967 5.931423
v -5.695253 2.690533 5.697270
v -5.717477 2.773967 5.744861
v -5.664303 2.520167 5.707330
v -5.656854 2.607101 5.661433
v -5.695244 2.434986 5.855214
v -5.656848 2.440242 5.764564
v -5.383054 3.156704 5.871454
v -5.302031 3.176673 5.982976
v -5.220999 3.156721 5.871450
v -5.302027 3.147121 5.816089
v -5.433131 3.156704 6.025576
v -5.460744 3.147109 5.931407
v -5.302029 3.156722 6.120832
v -5.400122 3.147121 6.117993
v -5.170918 3.156732 6.025578
v -5.203928 3.147141 6.117999
v -5.143300 3.147141 5.931404
v -4.977940 2.998807 5.792493
v -5.128554 3.076866 5.744251
v -5.058956 3.104089 5.903998
v -4.984604 3.044029 5.879841
v -5.058954 2.946160 5.648458
v -4.984603 2.940907 5.712982
v -5.220978 2.998796 5.615932
v -5.143298 2.940901 5.597694
v -5.301987 3.104075 5.727434
v -5.301987 3.044013 5.649264
v -5.220978 3.156721 5.871465
v -5.301987 3.147130 5.816114
v -5.382996 2.998793 5.615934
v -5.475418 3.076859 5.744255
v -5.545014 2.946154 5.648466
v -5.460673 2.940897 5.597700
v -5.626024 2.998797 5.792500
v -5.619361 2.940899 5.712990
v -5.545013 3.104079 5.903999
v -5.619360 3.044018 5.879844
v -5.382995 3.156718 5.871466
v -5.460671 3.147134 5.931405
v -5.676097 2.998802 5.946588
v -5.582616 3.076874 6.074143
v -5.695234 2.946168 6.110738
v -5.717449 2.940907 6.014832
v -5.583280 2.998816 6.232299
v -5.656844 2.940914 6.201392
v -5.452192 3.104097 6.189703
v -5.498145 3.044038 6.252953
v -5.433063 3.156726 6.025553
v -5.400062 3.147146 6.117953
v -5.452198 2.998821 6.327544
v -5.301988 3.076891 6.278044
v -5.301987 2.946182 6.396472
v -5.400070 2.940923 6.387966
v -5.151774 2.998826 6.327549
v -5.203902 2.940926 6.387969
v -5.151780 3.104103 6.189706
v -5.105825 3.044044 6.252958
v -5.301987 3.156735 6.120788
v -5.203911 3.147151 6.117955
v -5.020687 2.998824 6.232306
v -5.021352 3.076886 6.074146
v -4.908725 2.946177 6.110743
v -4.947118 2.940923 6.201399
v -4.927864 2.998814 5.946587
v -4.886508 2.940917 6.014833
v -5.170909 3.156732 6.025554
v -5.452182 2.860941 6.412779
v -5.557559 2.907973 6.334726
v -5.583309 2.775725 6.370171
v -5.498146 2.773973 6.419877
v -5.452184 2.998809 6.327561
v -5.400039 2.940892 6.387993
v -5.583300 2.998803 6.232291
v -5.664341 2.860936 6.258620
v -5.656879 2.940883 6.201370
v -5.656890 2.773971 6.304529
v -4.939620 2.860942 6.258629
v -5.046410 2.907979 6.334735
v -5.020657 2.775727 6.370180
v -4.947071 2.773974 6.304540
v -5.020667 2.998811 6.232298
v -4.947083 2.940892 6.201377
v -5.151787 2.998813 6.327566
v -5.151789 2.860944 6.412785
v -5.203933 2.940895 6.387997
v -5.105824 2.773975 6.419885
v -4.927862 2.860930 5.723536
v -4.888478 2.907966 5.848606
v -4.846815 2.775722 5.835070
v -4.886504 2.773968 5.744809
v -4.977941 2.998795 5.792472
v -4.984612 2.940876 5.712942
v -4.927852 2.998801 5.946606
v -4.846809 2.860936 5.972940
v -4.886492 2.940886 6.014872
v -4.825857 2.773970 5.931421
v -5.433101 2.860922 5.547003
v -5.301988 2.907953 5.548201
v -5.301987 2.775716 5.504398
v -5.400090 2.773964 5.514248
v -5.383018 2.998781 5.615929
v -5.460714 2.940866 5.597696
v -5.220957 2.998784 5.615926
v -5.170872 2.860924 5.546997
v -5.143258 2.940870 5.597691
v -5.203883 2.773964 5.514244
v -5.757146 2.860929 5.972941
v -5.715480 2.907957 5.848611
v -5.757139 2.775718 5.835076
v -5.676109 2.998790 5.946607
v -5.717465 2.940876 6.014871
v -5.626022 2.998785 5.792478
v -5.676099 2.860924 5.723545
v -5.619352 2.940868 5.712950
v -5.717453 2.773965 5.744819
v -4.908720 2.690621 5.697239
v -4.927862 2.860987 5.723574
v -4.886505 2.774053 5.744837
v -5.020683 2.605433 5.595782
v -4.947113 2.607183 5.661395
v -5.151778 2.690621 5.520668
v -5.105822 2.607185 5.546099
v -5.170908 2.860981 5.547009
v -5.203909 2.774049 5.514254
v -5.452194 2.690621 5.520674
v -5.433064 2.860979 5.547014
v -5.400064 2.774048 5.514258
v -5.583283 2.605436 5.595792
v -5.498148 2.607187 5.546107
v -5.695239 2.690621 5.697249
v -5.656848 2.607186 5.661405
v -5.676099 2.860981 5.723583
v -5.717452 2.774050 5.744846
v -5.788088 2.690620 5.982964
v -5.757123 2.860986 5.972909
v -5.778078 2.774051 5.931401
v -5.757163 2.605430 6.130859
v -5.778104 2.607183 6.034531
v -5.695268 2.690620 6.268700
v -5.717495 2.607180 6.221107
v -5.664305 2.860993 6.258632
v -5.656863 2.774056 6.304537
v -5.452212 2.690620 6.445310
v -5.452205 2.860998 6.412748
v -5.498162 2.774058 6.419853
v -5.301987 2.605425 6.461595
v -5.400080 2.607176 6.451748
v -5.151759 2.690620 6.445316
v -5.203893 2.607176 6.451752
v -5.151767 2.861000 6.412755
v -5.105808 2.774059 6.419861
v -4.908668 2.690586 6.268679
v -4.939622 2.860965 6.258617
v -4.947068 2.774025 6.304523
v -4.846786 2.605398 6.130833
v -4.886448 2.607147 6.221082
v -4.815862 2.690587 5.982940
v -4.825850 2.607151 6.034506
v -4.846816 2.860952 5.972886
v -4.825870 2.774017 5.931378
v -4.908694 2.946142 6.110718
v -4.886483 2.940879 6.014809
v -5.399117 2.242071 5.852168
v -5.450775 2.388945 5.644555
v -5.301985 2.311492 5.693494
v -5.450768 2.284666 5.781093
v -5.496258 2.344189 5.718466
v -5.301984 2.441087 5.576280
v -5.399126 2.446312 5.584749
v -5.153193 2.388942 5.644551
v -5.204843 2.446311 5.584746
v -5.153199 2.284661 5.781090
v -5.107708 2.344184 5.718462
v -5.301984 2.232526 5.849356
v -5.204851 2.242068 5.852167
v -5.062928 2.284674 6.058939
v -4.989318 2.344199 6.082865
v -5.146488 2.242077 6.031796
v -4.982679 2.388961 6.169388
v -5.131813 2.311518 6.217250
v -5.062927 2.441109 6.312060
v -4.989317 2.446330 6.248120
v -5.223417 2.388971 6.344280
v -5.146487 2.446335 6.362300
v -5.303659 2.284688 6.233832
v -5.303651 2.344213 6.311226
v -5.223418 2.232540 6.091164
v -5.303651 2.242087 6.145978
v -5.063964 2.942861 5.655354
v -4.990349 2.937625 5.719287
v -5.147519 2.937619 5.605107
v -5.540004 2.942854 5.655362
v -5.456452 2.937615 5.605113
v -5.613616 2.937617 5.719295
v -5.687128 2.942868 6.108104
v -5.709095 2.937626 6.013109
v -5.649071 2.937632 6.197876
v -5.301987 2.942882 6.387948
v -5.399127 2.937641 6.379488
v -5.204844 2.937644 6.379491
v -4.954855 2.937610 6.197862
v -4.915152 2.689739 5.703674
v -5.026625 2.780095 5.603958
v -4.934112 2.858493 5.729759
v -4.893193 2.772374 5.750836
v -5.026055 2.605358 5.603177
v -4.953218 2.607108 5.668196
v -5.155910 2.689739 5.528772
v -5.110403 2.607110 5.554008
v -5.174859 2.858487 5.554865
v -5.207548 2.772370 5.522469
v -5.448062 2.689739 5.528779
v -5.577342 2.780092 5.603969
v -5.429113 2.858485 5.554871
v -5.396425 2.772369 5.522473
v -5.577911 2.605360 5.603187
v -5.493567 2.607111 5.554015
v -5.688807 2.689739 5.703684
v -5.650743 2.607111 5.668206
v -5.669848 2.858487 5.729768
v -5.710763 2.772371 5.750845
v -5.779103 2.689739 5.981539
v -5.747550 2.780098 6.127734
v -5.748431 2.858492 5.971581
v -5.769140 2.772372 5.930479
v -5.748470 2.605354 6.128036
v -5.769166 2.607107 6.032619
v -5.687161 2.689739 6.264571
v -5.709140 2.607104 6.217402
v -5.656491 2.858499 6.254600
v -5.649091 2.772377 6.300031
v -5.450791 2.689738 6.436324
v -5.301988 2.780104 6.451488
v -5.450784 2.858504 6.404071
v -5.496276 2.772379 6.411069
v -5.301987 2.605349 6.452456
v -5.399137 2.607101 6.442657
v -5.153181 2.689739 6.436331
v -5.204835 2.607100 6.442661
v -5.153188 2.858507 6.404077
v -5.107692 2.772380 6.411077
v -4.916775 2.689705 6.264551
v -4.856386 2.780063 6.127710
v -4.947436 2.858472 6.254585
v -4.954841 2.772346 6.300016
v -4.855479 2.605322 6.128009
v -4.894804 2.607072 6.217378
v -4.824848 2.689705 5.981516
v -4.834787 2.607076 6.032594
v -4.855508 2.858459 5.971557
v -4.834807 2.772338 5.930457
v -4.916801 2.942843 6.108085
v -4.894838 2.937598 6.013086
vn 0.1025 -0.9847 -0.1409
vn 0.1658 -0.9847 0.0540
vn -0.0000 -0.9847 0.1745
vn -0.1658 -0.9847 0.0540
vn -0.1024 -0.9847 -0.1409
vn -0.8423 -0.4516 0.2941
vn 0.5086 0.4536 0.7318
vn 0.1823 0.5009 0.8461
vn 0.3498 -0.9321 0.0941
vn -0.0194 0.9998 -0.0050
vn 0.5388 -0.4321 -0.7232
vn 0.5012 -0.7776 -0.3796
vn 0.6680 -0.6693 -0.3254
vn 0.7317 -0.6692 -0.1293
vn 0.6286 -0.7776 0.0126
vn 0.4618 -0.8860 -0.0416
vn 0.3981 -0.8860 -0.2377
vn 0.5086 -0.4517 -0.7330
vn -0.2278 -0.9321 -0.2817
vn -0.0125 -0.4332 0.9012
vn -0.8610 -0.4332 0.2665
vn 0.8423 -0.4516 0.2941
vn 0.8423 -0.4650 0.2726
vn -0.1823 -0.7776 0.6018
vn -0.3491 -0.6692 0.6560
vn -0.5159 -0.6692 0.5348
vn -0.5159 -0.7776 0.3594
vn -0.3491 -0.8860 0.3052
vn -0.1823 -0.8860 0.4264
vn -0.6286 -0.7776 0.0126
vn -0.7317 -0.6692 -0.1293
vn -0.6680 -0.6692 -0.3254
vn -0.5012 -0.7776 -0.3796
vn -0.3981 -0.8860 -0.2377
vn -0.4618 -0.8860 -0.0416
vn -0.1025 -0.3142 0.9438
vn -0.1658 -0.4885 0.8566
vn -0.0000 -0.5963 0.8028
vn 0.1658 -0.4885 0.8566
vn 0.1025 -0.3142 0.9438
vn -0.9293 -0.3142 0.1942
vn -0.8659 -0.4886 0.1071
vn -0.7635 -0.5963 0.2481
vn -0.7634 -0.4885 0.4225
vn -0.8659 -0.3142 0.3892
vn -0.4719 -0.3142 -0.8238
vn -0.3694 -0.4886 -0.7905
vn -0.4719 -0.5963 -0.6494
vn -0.6377 -0.4886 -0.5955
vn -0.6377 -0.3142 -0.7033
vn 0.6377 -0.3142 -0.7033
vn 0.6377 -0.4886 -0.5955
vn 0.4718 -0.5963 -0.6494
vn 0.3694 -0.4886 -0.7905
vn 0.4719 -0.3142 -0.8238
vn 0.8659 -0.3142 0.3892
vn 0.7634 -0.4886 0.4225
vn 0.7634 -0.5963 0.2481
vn 0.8659 -0.4886 0.1071
vn 0.9293 -0.3142 0.1943
vn -0.2062 -0.1837 -0.9611
vn -0.1031 -0.0083 -0.9946
vn 0.1031 -0.0083 -0.9946
vn 0.2062 -0.1837 -0.9611
vn 0.1031 -0.3591 -0.9276
vn -0.1031 -0.3591 -0.9276
vn 0.8504 -0.1837 -0.4931
vn 0.9141 -0.0083 -0.4054
vn 0.9778 -0.0083 -0.2092
vn 0.9778 -0.1837 -0.1008
vn 0.9141 -0.3591 -0.1885
vn 0.8504 -0.3591 -0.3846
vn 0.7317 -0.1837 0.6564
vn 0.6680 -0.0083 0.7441
vn 0.5012 -0.0083 0.8653
vn 0.3981 -0.1837 0.8988
vn 0.4618 -0.3591 0.8111
vn 0.6286 -0.3591 0.6899
vn -0.3981 -0.1837 0.8988
vn -0.5012 -0.0083 0.8653
vn -0.6680 -0.0083 0.7441
vn -0.7317 -0.1837 0.6564
vn -0.6286 -0.3591 0.6899
vn -0.4618 -0.3591 0.8111
vn -0.9778 -0.1836 -0.1009
vn -0.9778 -0.0082 -0.2093
vn -0.9141 -0.0082 -0.4054
vn -0.8504 -0.1836 -0.4931
vn -0.8504 -0.3590 -0.3847
vn -0.9141 -0.3590 -0.1886
vn -0.0001 0.9847 -0.1744
vn -0.1659 0.9847 -0.0539
vn -0.1026 0.9847 0.1410
vn 0.1024 0.9847 0.1410
vn 0.1657 0.9847 -0.0539
vn 0.5159 0.7776 -0.3594
vn 0.5159 0.6692 -0.5348
vn 0.3491 0.6692 -0.6560
vn 0.1823 0.7776 -0.6018
vn 0.1823 0.8860 -0.4264
vn 0.3491 0.8860 -0.3052
vn -0.1823 0.7776 -0.6018
vn -0.3491 0.6692 -0.6560
vn -0.5159 0.6692 -0.5348
vn -0.5159 0.7776 -0.3594
vn -0.3491 0.8860 -0.3052
vn -0.1823 0.8860 -0.4264
vn -0.6286 0.7776 -0.0126
vn -0.7317 0.6692 0.1293
vn -0.6680 0.6692 0.3254
vn -0.5012 0.7776 0.3796
vn -0.3981 0.8860 0.2377
vn -0.4618 0.8860 0.0416
vn -0.2062 0.7776 0.5939
vn -0.1031 0.6693 0.7358
vn 0.1031 0.6693 0.7358
vn 0.2062 0.7777 0.5939
vn 0.1031 0.8860 0.4520
vn -0.1031 0.8860 0.4520
vn 0.5012 0.7777 0.3796
vn 0.6680 0.6693 0.3254
vn 0.7317 0.6693 0.1293
vn 0.6286 0.7776 -0.0126
vn 0.4618 0.8860 0.0416
vn 0.3981 0.8860 0.2377
vn -0.4719 0.3142 0.8238
vn -0.3694 0.4886 0.7905
vn -0.4719 0.5963 0.6494
vn -0.6377 0.4886 0.5955
vn -0.6377 0.3142 0.7033
vn 0.6377 0.3142 0.7033
vn 0.6377 0.4886 0.5955
vn 0.4718 0.5963 0.6494
vn 0.3694 0.4886 0.7905
vn 0.4719 0.3142 0.8238
vn 0.8659 0.3142 -0.3892
vn 0.7634 0.4886 -0.4225
vn 0.7634 0.5963 -0.2481
vn 0.8659 0.4886 -0.1071
vn 0.9293 0.3142 -0.1943
vn -0.1025 0.3142 -0.9438
vn -0.1658 0.4885 -0.8566
vn -0.0000 0.5963 -0.8028
vn 0.1658 0.4885 -0.8566
vn 0.1025 0.3142 -0.9438
vn -0.9293 0.3142 -0.1942
vn -0.8659 0.4886 -0.1071
vn -0.7635 0.5963 -0.2481
vn -0.7635 0.4885 -0.4225
vn -0.8659 0.3142 -0.3892
vn 0.0128 0.9998 0.0155
vn -0.8532 -0.4332 0.2904
vn 0.5212 -0.4650 -0.7156
vn 0.8610 0.1452 -0.4875
vn 0.8610 -0.4320 0.2684
vn -0.8610 0.1453 -0.4875
vn 0.0187 -0.9320 0.3619
vn -0.5195 -0.4333 -0.7365
vn 0.6333 0.5327 -0.5614
vn -0.0187 -0.7403 0.6720
vn -0.8610 -0.4320 0.2684
vn -0.4101 0.1453 0.9004
vn -0.0187 0.9998 -0.0074
vn -0.8423 -0.4650 0.2726
vn -0.3799 0.1649 0.9102
vn 0.0187 0.9998 -0.0073
vn 0.8423 0.1649 -0.5132
vn 0.8423 0.5327 0.0819
vn 0.0012 0.9998 -0.0200
vn 0.3381 0.5327 -0.7758
vn 0.5194 -0.4333 -0.7365
vn 0.3383 -0.9321 0.1296
vn 0.0108 0.9998 0.0169
vn -0.8417 -0.4650 0.2746
vn -0.8423 0.1649 -0.5132
vn -0.8423 0.5327 0.0819
vn 0.5399 -0.4332 -0.7217
vn 0.7483 0.5009 0.4349
vn 0.8417 -0.4650 0.2745
vn -0.6334 0.5327 -0.5613
vn -0.2072 -0.7775 -0.5938
vn -0.1036 -0.6686 -0.7364
vn 0.1036 -0.6686 -0.7364
vn 0.2071 -0.7775 -0.5938
vn 0.1036 -0.8864 -0.4512
vn -0.1036 -0.8864 -0.4512
vn 0.5166 -0.7775 0.3587
vn 0.5166 -0.6685 0.5349
vn 0.3490 -0.6685 0.6567
vn 0.1814 -0.7774 0.6022
vn 0.1814 -0.8863 0.4260
vn 0.3490 -0.8863 0.3043
vn 0.7324 0.1836 -0.6557
vn 0.6684 0.0074 -0.7438
vn 0.5008 0.0074 -0.8656
vn 0.3972 0.1836 -0.8992
vn 0.4612 0.3599 -0.8111
vn 0.6288 0.3599 -0.6893
vn -0.3972 0.1836 -0.8992
vn -0.5008 0.0074 -0.8655
vn -0.6684 0.0074 -0.7438
vn -0.7324 0.1836 -0.6557
vn -0.6288 0.3598 -0.6893
vn -0.4612 0.3598 -0.8110
vn -0.9779 0.1836 0.0998
vn -0.9779 0.0074 0.2088
vn -0.9139 0.0074 0.4058
vn -0.8499 0.1836 0.4939
vn -0.8499 0.3599 0.3850
vn -0.9139 0.3599 0.1880
vn -0.2072 0.1837 0.9609
vn -0.1036 0.0074 0.9946
vn 0.1036 0.0074 0.9946
vn 0.2072 0.1837 0.9609
vn 0.1036 0.3599 0.9272
vn -0.1036 0.3599 0.9272
vn 0.8499 0.1836 0.4939
vn 0.9140 0.0073 0.4058
vn 0.9779 0.0073 0.2087
vn 0.9779 0.1836 0.0998
vn 0.9139 0.3598 0.1879
vn 0.8499 0.3598 0.3849
vn 0.8610 -0.4332 0.2666
vn -0.0108 0.9998 0.0169
vn -0.1976 -0.9321 -0.3037
vn 0.0010 -0.4650 0.8853
vn 0.5194 -0.4650 -0.7169
vn -0.5399 -0.4333 -0.7216
vn -0.7483 0.5009 0.4349
vn -0.0127 0.9998 0.0155
vn 0.0187 0.4535 -0.8911
vn 0.9831 0.1649 -0.0799
vn 0.8532 -0.4332 0.2904
vn 0.0125 -0.4332 0.9012
vn -0.3382 0.5327 -0.7758
vn 0.0194 0.9998 -0.0050
vn 0.1976 -0.9321 -0.3037
vn -0.1823 0.5327 0.8264
vn -0.8543 -0.4320 0.2890
vn -0.7296 0.5327 0.4289
vn 0.3497 0.5009 -0.7917
vn -0.3384 -0.9320 0.1296
vn -0.8610 0.5009 0.0880
vn -0.3497 0.5009 -0.7917
vn -0.1822 0.5009 0.8461
vn -0.6449 0.5009 -0.5772
vn -0.4101 -0.7403 -0.5327
vn -0.5212 -0.4650 -0.7156
vn -0.3799 -0.7403 -0.5546
vn -0.5195 -0.4650 -0.7169
vn -0.8543 -0.4516 0.2572
vn -0.0187 -0.9320 0.3619
vn 0.7296 0.5327 0.4288
vn 0.8610 0.5009 0.0880
vn -0.0010 -0.4650 0.8853
vn 0.2278 -0.9321 -0.2817
vn -0.3499 -0.9321 0.0941
vn 0.0187 -0.7403 0.6720
vn 0.9831 0.1452 -0.1117
vn -0.0012 0.9998 -0.0200
vn 0.1823 0.5327 0.8264
vn -0.0187 0.4535 -0.8911
vn 0.5388 0.4536 0.7099
vn 0.6448 0.5009 -0.5773
vt 0.892115 0.477571
vt 0.876290 0.432455
vt 0.920205 0.431029
vt 0.920937 0.465137
vt 0.846667 0.462460
vt 0.865914 0.488652
vt 0.846666 0.406582
vt 0.831910 0.435538
vt 0.892115 0.387154
vt 0.865913 0.379194
vt 0.920937 0.397484
vt 0.820452 0.979050
vt 0.816280 0.950172
vt 0.819335 0.949890
vt 0.823481 0.978486
vt 0.110198 0.778485
vt 0.111905 0.744955
vt 0.113916 0.744647
vt 0.112219 0.777859
vt 0.223559 0.977657
vt 0.214359 0.952208
vt 0.217362 0.952046
vt 0.226490 0.977246
vt 0.239545 0.523107
vt 0.232885 0.553135
vt 0.230100 0.553133
vt 0.236708 0.523390
vt 0.475904 0.962229
vt 0.472956 0.928860
vt 0.475879 0.928720
vt 0.478811 0.961766
vt 0.802177 0.888767
vt 0.813492 0.861488
vt 0.816280 0.861932
vt 0.805058 0.888945
vt 0.771574 0.241618
vt 0.774135 0.180714
vt 0.818878 0.213142
vt 0.801603 0.241618
vt 0.732219 0.211881
vt 0.745018 0.240795
vt 0.740171 0.153669
vt 0.724513 0.183367
vt 0.787474 0.125197
vt 0.760592 0.126767
vt 0.826826 0.154933
vt 0.817173 0.127593
vt 0.837679 0.185016
vt 0.797375 0.917152
vt 0.800317 0.917062
vt 0.226491 0.893135
vt 0.232653 0.862036
vt 0.235678 0.862628
vt 0.229559 0.893424
vt 0.350616 0.850389
vt 0.347309 0.816471
vt 0.350391 0.816471
vt 0.353681 0.850062
vt 0.481830 0.830192
vt 0.485593 0.860856
vt 0.482583 0.860599
vt 0.478842 0.830225
vt 0.573197 0.970808
vt 0.570711 0.998685
vt 0.567709 0.998099
vt 0.570185 0.970495
vt 0.237377 0.744649
vt 0.240458 0.772277
vt 0.237429 0.772590
vt 0.234363 0.745233
vt 0.137026 0.657757
vt 0.178150 0.693242
vt 0.122651 0.713290
vt 0.115127 0.683220
vt 0.187659 0.633583
vt 0.157575 0.631175
vt 0.223916 0.664942
vt 0.214311 0.635866
vt 0.209541 0.720476
vt 0.228599 0.692604
vt 0.158908 0.744649
vt 0.186150 0.744649
vt 0.129415 0.739957
vt 0.923107 0.830621
vt 0.967524 0.802844
vt 0.951117 0.859720
vt 0.927925 0.858148
vt 0.931309 0.771669
vt 0.914990 0.800655
vt 0.967524 0.741817
vt 0.943992 0.742669
vt 0.925273 0.587939
vt 0.967076 0.557863
vt 0.967076 0.618824
vt 0.939877 0.617273
vt 0.918343 0.529375
vt 0.908057 0.558866
vt 0.953213 0.501695
vt 0.926301 0.502553
vt 0.798788 0.278065
vt 0.785410 0.323778
vt 0.747297 0.296793
vt 0.766900 0.269383
vt 0.832042 0.322548
vt 0.830307 0.288655
vt 0.801107 0.368768
vt 0.832042 0.356519
vt 0.748732 0.352852
vt 0.769710 0.379194
vt 0.729447 0.325341
vt 0.895519 0.358356
vt 0.879663 0.315502
vt 0.924972 0.311210
vt 0.925385 0.344321
vt 0.847867 0.349236
vt 0.867693 0.372772
vt 0.847869 0.296456
vt 0.832042 0.326457
vt 0.895520 0.272954
vt 0.867695 0.269383
vt 0.925385 0.280420
vt 0.257658 0.967372
vt 0.291684 0.934192
vt 0.299055 0.966785
vt 0.271805 0.983447
vt 0.257660 0.918401
vt 0.240833 0.947244
vt 0.299055 0.887551
vt 0.271808 0.887522
vt 0.238420 0.315291
vt 0.206403 0.314364
vt 0.220120 0.269225
vt 0.240533 0.281285
vt 0.220118 0.359938
vt 0.240533 0.349158
vt 0.498464 0.906092
vt 0.524255 0.938584
vt 0.498461 0.961386
vt 0.485593 0.931347
vt 0.539756 0.894434
vt 0.516492 0.881255
vt 0.565274 0.942518
vt 0.566479 0.908509
vt 0.539755 0.983898
vt 0.566479 0.975446
vt 0.516488 0.989565
vt 0.641692 0.980303
vt 0.625888 0.936903
vt 0.669474 0.942706
vt 0.670270 0.973748
vt 0.596741 0.955257
vt 0.615850 0.983137
vt 0.596740 0.902182
vt 0.582217 0.924688
vt 0.641690 0.894422
vt 0.615847 0.879170
vt 0.670270 0.909489
vt 0.918251 0.979959
vt 0.947603 0.927791
vt 0.963105 0.979257
vt 0.938658 0.995461
vt 0.895821 0.928337
vt 0.894723 0.962214
vt 0.918250 0.876013
vt 0.894722 0.894340
vt 0.963105 0.875315
vt 0.938657 0.859720
vt 0.722996 0.826647
vt 0.677258 0.823390
vt 0.704271 0.772924
vt 0.724644 0.792574
vt 0.704272 0.876520
vt 0.724644 0.860215
vt 0.356612 0.713380
vt 0.412739 0.721625
vt 0.384426 0.764230
vt 0.357580 0.744115
vt 0.386581 0.666952
vt 0.358987 0.680595
vt 0.444362 0.671379
vt 0.416285 0.653170
vt 0.472171 0.722230
vt 0.472171 0.689266
vt 0.442204 0.768653
vt 0.470761 0.752781
vt 0.413469 0.780205
vt 0.975577 0.694049
vt 0.933192 0.682709
vt 0.958803 0.637419
vt 0.977467 0.660563
vt 0.958802 0.737660
vt 0.977467 0.726018
vt 0.862271 0.621938
vt 0.891875 0.569776
vt 0.908057 0.621204
vt 0.883204 0.637419
vt 0.839380 0.570341
vt 0.838362 0.604206
vt 0.862273 0.518010
vt 0.838364 0.536347
vt 0.908057 0.517271
vt 0.883206 0.501695
vt 0.133898 0.545531
vt 0.186180 0.573524
vt 0.140775 0.601838
vt 0.122471 0.573682
vt 0.173908 0.520967
vt 0.144105 0.520876
vt 0.220795 0.552715
vt 0.200845 0.525566
vt 0.034329 0.951531
vt 0.046221 1.000000
vt 0.000000 1.000000
vt 0.008380 0.968423
vt 0.227668 0.609023
vt 0.444548 0.540831
vt 0.412940 0.591918
vt 0.386680 0.537162
vt 0.416410 0.522849
vt 0.472348 0.592562
vt 0.472348 0.559023
vt 0.442279 0.640625
vt 0.470867 0.624185
vt 0.384411 0.636954
vt 0.413446 0.653170
vt 0.356612 0.585224
vt 0.357510 0.616996
vt 0.358992 0.551837
vt 0.745364 0.778460
vt 0.778366 0.807904
vt 0.745361 0.834376
vt 0.728943 0.805687
vt 0.794167 0.762562
vt 0.765460 0.751956
vt 0.824329 0.808651
vt 0.824542 0.774544
vt 0.794166 0.853037
vt 0.824542 0.842239
vt 0.765456 0.861488
vt 0.044977 0.744647
vt 0.063567 0.693231
vt 0.096028 0.720470
vt 0.072690 0.744647
vt 0.007869 0.713284
vt 0.015125 0.739956
vt 0.021813 0.657746
vt 0.000000 0.683212
vt 0.072862 0.633570
vt 0.042438 0.631163
vt 0.109970 0.664931
vt 0.100000 0.635854
vt 0.115127 0.692595
vt 0.025584 0.601827
vt 0.071641 0.573515
vt 0.019184 0.545526
vt 0.007388 0.573674
vt 0.060063 0.520968
vt 0.029902 0.520876
vt 0.107341 0.552712
vt 0.087465 0.525568
vt 0.024761 0.361177
vt 0.005494 0.318197
vt 0.057163 0.312034
vt 0.051721 0.342156
vt 0.113741 0.609013
vt 0.095619 0.274803
vt 0.115091 0.318189
vt 0.064562 0.285760
vt 0.152866 0.286711
vt 0.127051 0.269225
vt 0.171656 0.335854
vt 0.176701 0.309089
vt 0.133197 0.373086
vt 0.163858 0.365489
vt 0.075952 0.361174
vt 0.101366 0.382021
vt 0.186818 0.389139
vt 0.147549 0.432265
vt 0.198353 0.446568
vt 0.206403 0.413469
vt 0.156264 0.487941
vt 0.186452 0.477983
vt 0.102643 0.471883
vt 0.123956 0.494512
vt 0.091111 0.414457
vt 0.081416 0.446529
vt 0.114437 0.520876
vt 0.058005 0.502774
vt 0.941621 0.328610
vt 0.977386 0.295777
vt 0.977386 0.356768
vt 0.954149 0.357016
vt 0.933335 0.269383
vt 0.925385 0.299956
vt 0.007726 0.471884
vt 0.019516 0.520876
vt 0.000000 0.494513
vt 0.049288 0.447389
vt 0.019440 0.446531
vt 0.395022 0.888465
vt 0.379872 0.933251
vt 0.356612 0.915604
vt 0.373732 0.886513
vt 0.418760 0.925294
vt 0.420232 0.893765
vt 0.395024 0.975191
vt 0.420232 0.958654
vt 0.356615 0.969205
vt 0.373736 0.991508
vt 0.478811 0.780205
vt 0.478811 0.827186
vt 0.451429 0.820055
vt 0.458413 0.786728
vt 0.237214 0.403630
vt 0.206403 0.405739
vt 0.219835 0.359938
vt 0.239417 0.369888
vt 0.219837 0.450532
vt 0.239417 0.437672
vt 0.998137 0.909520
vt 0.963105 0.902490
vt 0.977495 0.859720
vt 1.000000 0.875766
vt 0.977493 0.948265
vt 1.000000 0.942014
vt 0.206403 0.450532
vt 0.240563 0.458193
vt 0.240563 0.494311
vt 0.215080 0.479424
vt 0.304573 0.883038
vt 0.288719 0.839847
vt 0.334132 0.843468
vt 0.334518 0.874903
vt 0.256747 0.860336
vt 0.276617 0.887522
vt 0.256746 0.806736
vt 0.240833 0.830434
vt 0.304572 0.796309
vt 0.276614 0.782527
vt 0.334518 0.810009
vt 0.748604 0.405587
vt 0.785178 0.434644
vt 0.747274 0.461646
vt 0.729447 0.433107
vt 0.800911 0.389589
vt 0.769580 0.379194
vt 0.831910 0.435758
vt 0.831910 0.401768
vt 0.798762 0.480292
vt 0.830302 0.469633
vt 0.766976 0.489004
vt 0.897883 0.091015
vt 0.882068 0.047800
vt 0.925826 0.042911
vt 0.926589 0.076450
vt 0.852672 0.081714
vt 0.871853 0.105482
vt 0.852673 0.027866
vt 0.838028 0.058233
vt 0.897884 0.003883
vt 0.871855 0.000000
vt 0.926589 0.011255
vt 0.211785 0.925599
vt 0.214358 0.893183
vt 0.217362 0.893580
vt 0.214829 0.925688
vt 0.474249 0.711721
vt 0.472171 0.679041
vt 0.474966 0.679249
vt 0.477008 0.711618
vt 0.226490 0.952416
vt 0.226892 0.925301
vt 0.229972 0.925285
vt 0.229559 0.952145
vt 0.573197 0.910860
vt 0.569468 0.941586
vt 0.566479 0.941549
vt 0.570185 0.911115
vt 0.818518 0.920070
vt 0.816281 0.890156
vt 0.819335 0.890442
vt 0.821566 0.920073
vt 0.754588 0.734353
vt 0.729593 0.711902
vt 0.731198 0.710159
vt 0.755944 0.732407
vt 0.111965 0.851505
vt 0.108041 0.879713
vt 0.105434 0.880048
vt 0.109310 0.852116
vt 0.969997 0.637328
vt 0.967076 0.603475
vt 0.969419 0.603401
vt 0.972327 0.636928
vt 0.723105 0.913128
vt 0.726016 0.879170
vt 0.728901 0.879483
vt 0.726006 0.913115
vt 0.754878 0.538392
vt 0.783479 0.521219
vt 0.784472 0.523315
vt 0.756136 0.540311
vt 0.478842 0.924190
vt 0.482163 0.890390
vt 0.485033 0.890798
vt 0.481728 0.924274
vt 0.483144 0.890390
vt 0.480144 0.889845
vt 0.729488 0.560384
vt 0.730999 0.562104
vt 0.482163 0.958081
vt 0.485033 0.957840
vt 0.570711 0.881255
vt 0.567710 0.881798
vt 0.240458 0.832188
vt 0.237377 0.862007
vt 0.234362 0.861464
vt 0.237429 0.831935
vt 0.223559 0.862036
vt 0.226490 0.862736
vt 0.472998 0.861167
vt 0.475919 0.827186
vt 0.478811 0.827474
vt 0.475905 0.861128
vt 0.239545 0.583126
vt 0.240563 0.611880
vt 0.237703 0.611314
vt 0.236708 0.582841
vt 0.240562 0.494311
vt 0.237703 0.494875
vt 0.475904 0.895022
vt 0.478811 0.895205
vt 0.482774 0.743801
vt 0.485467 0.743387
vt 0.820452 0.861488
vt 0.823481 0.862053
vt 0.483144 0.772924
vt 0.485593 0.800890
vt 0.482583 0.801200
vt 0.480144 0.773508
vt 0.232653 0.978161
vt 0.235678 0.977637
vt 0.218565 0.833986
vt 0.211785 0.804824
vt 0.214578 0.804898
vt 0.221277 0.833784
vt 0.218566 0.774061
vt 0.231633 0.744649
vt 0.234236 0.745300
vt 0.221278 0.774425
vt 0.235678 0.895850
vt 0.238539 0.862036
vt 0.240799 0.862463
vt 0.237950 0.895952
vt 0.267966 0.538907
vt 0.298658 0.586701
vt 0.240833 0.590717
vt 0.240868 0.558095
vt 0.325857 0.536732
vt 0.296376 0.522849
vt 0.356612 0.586371
vt 0.354251 0.553838
vt 0.329475 0.638180
vt 0.356612 0.620070
vt 0.271587 0.640352
vt 0.301103 0.655310
vt 0.243233 0.624324
vt 0.810847 0.529831
vt 0.780124 0.573272
vt 0.838362 0.568287
vt 0.838154 0.541580
vt 0.811166 0.617219
vt 0.838362 0.598633
vt 0.756457 0.627697
vt 0.784889 0.637419
vt 0.728943 0.589244
vt 0.731210 0.619155
vt 0.949604 0.153032
vt 0.983936 0.186324
vt 0.941160 0.211756
vt 0.933713 0.181217
vt 0.983936 0.125953
vt 0.961640 0.125197
vt 0.848559 0.979268
vt 0.878127 0.927406
vt 0.894722 0.977560
vt 0.869747 0.994015
vt 0.825480 0.928698
vt 0.824542 0.962113
vt 0.848561 0.876420
vt 0.824544 0.894969
vt 0.894722 0.874707
vt 0.869749 0.859720
vt 0.752450 0.876444
vt 0.781692 0.928265
vt 0.729991 0.927211
vt 0.728943 0.893741
vt 0.797375 0.877809
vt 0.772934 0.861488
vt 0.942588 0.058014
vt 0.977480 0.028819
vt 0.977480 0.089195
vt 0.954817 0.087264
vt 0.934243 0.000000
vt 0.926589 0.029031
vt 0.752453 0.979340
vt 0.797375 0.980707
vt 0.772936 0.995842
vt 0.728945 0.960917
vt 0.810494 0.106786
vt 0.779131 0.057560
vt 0.838028 0.056229
vt 0.838028 0.088773
vt 0.753735 0.112019
vt 0.782997 0.125197
vt 0.724513 0.066690
vt 0.726863 0.099020
vt 0.752052 0.016132
vt 0.725765 0.036419
vt 0.808808 0.010904
vt 0.780798 0.000000
vt 0.836927 0.026177
vt 0.755939 0.646318
vt 0.779051 0.700908
vt 0.728943 0.683457
vt 0.731194 0.653955
vt 0.809941 0.658131
vt 0.784074 0.637419
vt 0.836943 0.707085
vt 0.836959 0.677092
vt 0.809943 0.744222
vt 0.836959 0.733298
vt 0.784078 0.749828
vt 0.952955 0.211756
vt 0.972828 0.263526
vt 0.933713 0.263526
vt 0.934446 0.229746
vt 0.325740 0.667242
vt 0.296781 0.714410
vt 0.268347 0.671129
vt 0.297103 0.655310
vt 0.355614 0.714016
vt 0.354077 0.683310
vt 0.328096 0.764674
vt 0.355614 0.746920
vt 0.270708 0.768559
vt 0.300182 0.782527
vt 0.240833 0.721789
vt 0.243213 0.754530
vt 0.241671 0.690923
vt 0.237249 0.801269
vt 0.234236 0.801309
vt 0.106205 0.769668
vt 0.110198 0.802685
vt 0.107197 0.802579
vt 0.103229 0.769877
vt 0.344244 0.850377
vt 0.340923 0.816436
vt 0.344005 0.816435
vt 0.347309 0.850050
vt 0.473660 0.545831
vt 0.481602 0.522849
vt 0.484586 0.523235
vt 0.476705 0.545991
vt 0.482789 0.653170
vt 0.485467 0.653621
vt 0.230303 0.696990
vt 0.230100 0.664835
vt 0.233181 0.664832
vt 0.233368 0.696682
vt 0.573197 0.915199
vt 0.576486 0.881255
vt 0.579549 0.881579
vt 0.576277 0.915197
vt 0.334518 0.816460
vt 0.337882 0.782527
vt 0.340923 0.782860
vt 0.337575 0.816467
vt 0.344244 0.782527
vt 0.347309 0.782852
vt 0.969938 0.569498
vt 0.967076 0.535508
vt 0.969946 0.535563
vt 0.972793 0.569227
vt 0.108015 0.835142
vt 0.105021 0.834722
vt 0.473661 0.603411
vt 0.472348 0.570063
vt 0.475421 0.569996
vt 0.476706 0.603027
vt 0.230304 0.637691
vt 0.233368 0.637944
vt 0.970094 0.809597
vt 0.967524 0.775824
vt 0.970200 0.775742
vt 0.972756 0.809189
vt 0.110198 0.744647
vt 0.107197 0.745090
vt 0.475919 0.895022
vt 0.478811 0.894658
vt 0.108041 0.939701
vt 0.111965 0.969014
vt 0.109310 0.968496
vt 0.105434 0.939468
vt 0.969938 0.501695
vt 0.972793 0.502075
vt 0.237104 0.611880
vt 0.240118 0.612386
vt 0.238539 0.929837
vt 0.240799 0.929612
vt 0.813492 0.978503
vt 0.802177 0.948503
vt 0.805057 0.948116
vt 0.816280 0.977823
vt 0.099123 0.909292
vt 0.096590 0.909348
vt 0.970094 0.741817
vt 0.972756 0.742061
vt 0.782986 0.751956
vt 0.231633 0.862036
vt 0.234236 0.861559
vt 0.350616 0.782527
vt 0.353681 0.782852
vt 0.481602 0.635644
vt 0.484586 0.634946
vt 0.726016 0.947043
vt 0.728901 0.946704
vt 0.337882 0.850386
vt 0.340923 0.850067
vt 0.237104 0.728038
vt 0.240118 0.727428
vt 0.576486 0.949116
vt 0.579549 0.948788
vt 0.111905 0.810449
vt 0.113916 0.809512
vt 0.969997 0.569498
vt 0.972327 0.569749
s 1
usemtl Material.140
usemtl Material1
o Footballer.004
v -5.654241 3.797207 2.394202
v -5.993283 3.765576 2.134885
v -5.398397 3.802543 2.400710
v -5.597362 5.603083 2.011893
v -5.568573 5.673489 1.918453
v -5.711081 5.527569 1.285299
v -5.769593 5.713505 1.528391
v -5.949477 5.662197 1.710514
v -5.842514 5.631909 1.905012
v -6.057004 5.608288 1.753336
v -5.894511 5.668711 1.811204
v -5.947614 5.633821 1.481441
v -6.051784 5.570657 1.442399
v -5.697225 4.506777 2.349313
v -5.717647 5.428184 2.118968
v -5.687001 5.169968 2.254035
v -5.638284 4.835886 2.366099
v -5.707777 5.191427 1.238243
v -5.697033 4.890082 1.274258
v -5.978097 5.477395 1.975548
v -6.130728 5.283460 2.114495
v -6.527964 5.363396 1.916967
v -6.565351 5.291386 2.070805
v -6.344326 5.441274 2.059863
v -6.624132 5.164066 1.964072
v -6.397824 4.815319 1.969081
v -6.400409 5.348859 2.160725
v -6.167881 5.072772 2.177696
v -6.596879 5.006828 1.895021
v -6.508916 4.885178 1.912495
v -6.219050 5.245211 2.216956
v -6.562883 5.239200 1.837730
v -6.480670 5.050774 1.738828
v -5.730664 4.206022 2.332006
v -5.796355 3.896307 2.389925
v -6.080492 4.292719 1.832976
v -6.027515 4.247123 2.043307
v -6.117469 3.780948 1.882303
v -6.038402 3.852642 2.155027
v -5.707644 4.141385 1.390830
v -5.958775 4.191140 1.566561
v -5.736847 3.769772 1.447588
v -6.018673 3.725812 1.639029
v -6.317830 4.958802 2.428762
v -6.381103 4.846404 2.339601
v -6.510561 4.808387 2.243941
v -6.307997 4.925879 2.463547
v -6.402966 5.118705 2.521348
v -6.562819 5.180340 2.473617
v -6.747851 5.110536 2.328615
v -6.786035 4.944825 2.218898
v -6.524487 4.750099 2.263712
v -6.689530 4.834415 2.209573
v -6.010261 5.285336 2.008480
v -6.132079 5.432930 1.383201
v -6.143314 5.557340 1.467333
v -6.254322 5.258328 1.400765
v -6.273066 5.505337 1.509370
v -6.063794 5.499177 1.872930
v -6.147644 5.578453 1.746984
v -6.100569 5.058452 1.409550
v -6.018497 4.757731 2.101232
v -6.082111 4.873600 1.964326
v -6.092335 5.125935 2.087587
v -6.015395 4.569596 2.102499
v -6.149139 4.781237 1.606048
v -6.067421 4.627744 1.599811
v -6.117848 4.785694 1.783183
v -6.247182 5.550500 1.828811
v -6.428380 5.466767 1.683183
v -6.200041 5.583173 1.743263
v -6.496063 5.296879 1.690216
v -6.485140 5.421424 1.800102
v -6.050895 5.310951 2.008928
v -6.143020 5.482040 1.936680
v -6.240812 5.399145 2.091954
v -6.301682 5.504177 1.955568
v -6.189549 5.445290 2.016488
v -6.553802 5.035396 2.561439
v -6.802291 4.832931 2.386745
v -6.730059 4.777749 2.363626
v -6.701805 5.006722 2.548832
v -6.899633 4.833368 2.668989
v -6.856228 4.917945 2.643350
v -6.820507 4.935359 2.608409
v -6.893216 4.761439 2.751765
v -6.896906 4.834069 2.585613
v -6.771980 4.664425 2.510899
v -6.896745 4.723945 2.609484
v -6.798674 4.666714 2.683853
v -6.696379 4.649096 2.620399
v -6.661809 4.695440 2.512733
v -6.910285 4.983557 2.947448
v -6.518049 4.939270 2.916996
v -6.706509 4.749089 3.017254
v -6.765934 5.114762 2.900576
v -6.673921 5.129796 2.894536
v -6.789587 5.038841 2.693994
v -6.539389 5.039038 2.895420
v -6.538486 4.978636 2.912477
v -6.638299 4.971490 2.678800
v -6.844010 4.782830 2.441496
v -6.872037 4.877831 2.516892
v -6.745827 4.719792 2.424218
v -6.824471 4.933986 2.471106
v -6.884637 4.837886 3.008096
v -6.840594 5.085179 2.902348
v -6.874803 5.062801 3.170645
v -6.823030 5.148842 3.132096
v -6.716657 4.883993 3.211775
v -6.849327 4.948049 3.220613
v -6.670475 5.170568 3.122989
v -6.751725 5.166678 3.107756
v -6.500857 5.087307 3.162297
v -6.405046 4.916279 2.500133
v -6.542352 5.025301 3.168840
v -6.495306 4.870963 2.576514
v -6.593131 4.860608 2.706149
v -6.748467 5.130389 3.585907
v -6.671474 5.121791 3.663674
v -6.744089 5.154182 3.670719
v -6.686904 5.030562 3.443134
v -6.775466 5.063749 3.451663
v -6.808424 5.157828 3.398294
v -6.523500 5.251243 3.515840
v -6.633531 5.245453 3.365260
v -6.641492 5.339396 3.617149
v -6.517556 5.286617 3.599240
v -6.738247 5.270655 3.532033
v -6.741312 5.245755 3.358984
v -6.763583 5.240432 3.658744
v -6.727582 5.308757 3.641917
v -6.516879 5.171235 3.387448
v -6.543883 5.209279 3.381425
v -6.569327 5.149191 3.127853
v -6.576649 5.071871 2.892658
v -6.470580 5.387035 3.693692
v -6.275346 5.427223 4.029855
v -6.311562 5.414985 4.017211
v -6.495052 5.210676 3.775936
v -6.494815 5.197875 3.715534
v -6.451483 5.236857 3.795975
v -6.446651 5.299756 3.856908
v -6.514669 5.275709 3.831144
v -6.710905 5.179370 3.888627
v -6.706518 5.239769 3.995831
v -6.757192 5.262183 4.035789
v -6.690203 5.130826 3.802844
v -6.766875 5.199126 3.842385
v -6.757155 5.179796 3.758428
v -6.699280 5.124720 3.749896
v -6.487027 5.488501 3.906184
v -6.457628 5.510283 4.036490
v -6.455917 5.447392 4.108432
v -6.531517 5.429471 4.034119
v -6.487608 5.426507 4.018184
v -6.426658 5.476066 4.092180
v -6.493238 5.528782 4.053851
v -6.525559 5.518875 3.992200
v -6.386069 5.502756 4.204637
v -6.436318 5.529575 4.153333
v -6.475825 5.498406 4.167799
v -6.492089 5.503777 4.142112
v -6.629321 5.135575 3.733000
v -6.349837 5.426382 3.792224
v -6.274869 5.415376 3.901109
v -6.295928 5.441010 3.876667
v -6.310697 5.435392 3.846644
v -6.326416 5.389413 3.937494
v -6.362558 5.356280 3.878560
v -6.290133 5.383418 3.928033
v -6.336775 5.343403 3.843620
v -6.314851 5.363305 3.869370
v -6.371489 5.334848 3.862626
v -6.450553 5.420187 3.803293
v -6.518881 5.421741 3.773590
v -6.396479 5.430950 3.862499
v -6.385502 5.437492 3.819052
v -6.355305 5.452933 3.904924
v -6.280214 5.451087 3.952092
v -6.318518 5.396964 3.980496
v -6.269791 5.392582 3.973235
v -6.312781 5.465400 4.010124
v -6.329359 5.463594 3.955601
v -6.415940 5.253163 3.758287
v -6.770340 5.250998 3.800869
v -6.780743 5.287333 3.937448
v -6.760805 5.303448 3.845134
v -6.563213 5.501730 3.926020
v -6.384082 5.292786 3.794298
v -6.412346 5.284799 3.828584
v -6.594122 5.178540 3.794289
v -6.561773 5.350574 3.985452
v -6.633840 5.297099 3.991018
v -6.552447 5.306284 3.893148
v -6.682537 5.274980 3.992019
v -6.633923 5.242997 3.886240
v -6.472827 5.369002 3.912722
v -6.480251 5.389871 3.944167
v -6.314118 5.440081 4.235934
v -6.362003 5.455068 4.185335
v -6.455275 5.534302 4.129006
v -6.377567 5.438224 4.281339
v -6.424957 5.476571 4.222231
v -6.398461 5.428730 4.200750
v -6.338739 5.411351 4.249032
v -6.577601 5.486963 4.010039
v -6.568062 5.469406 4.036420
v -6.553846 5.499143 4.039191
v -6.732137 5.367837 4.020360
v -6.722673 5.349112 4.050783
v -6.715468 5.385321 4.055109
v -6.661339 5.435048 4.026417
v -6.648350 5.410098 4.054190
v -6.642742 5.445127 4.051616
v -6.529879 5.500964 4.076264
v -6.460399 5.440458 4.003458
v -6.374578 5.456729 4.280645
v -6.333928 5.439260 4.291273
v -6.329963 5.486677 4.259332
v -6.308366 5.456552 4.278617
v -6.627956 5.408781 3.789605
v -6.746932 5.353930 4.054088
v -6.649362 5.463945 3.972184
v -6.594767 5.484693 4.042997
v -6.718596 5.407859 3.990399
v -6.676701 5.417343 4.040994
v -6.730944 5.349195 3.841059
v -6.703939 5.374825 3.826475
v -6.661819 5.388113 3.808709
v -6.253939 5.438660 4.012239
v -6.267567 5.460896 4.002995
v -6.345788 5.455458 3.868273
v -6.326454 5.457544 3.894390
v -6.777596 5.331769 3.980580
v -6.542439 5.469253 4.092071
v -6.600757 5.412807 4.132859
v -6.542262 5.395934 4.156641
v -6.575814 5.379834 4.048031
v -6.505096 5.418499 4.147423
v -6.551783 5.399841 4.037985
v -6.571145 5.480874 4.107769
v -6.463766 5.433475 4.291385
v -6.517160 5.477175 4.222764
v -6.558369 5.445037 4.234024
v -6.573904 5.452078 4.204838
v -6.419791 5.374614 4.272767
v -6.465147 5.403775 4.220099
v -6.488179 5.464248 4.191014
v -6.535537 5.483400 4.194857
v -6.495453 5.408977 4.303946
v -6.500262 5.378855 4.231957
v -6.451188 5.350686 4.283389
v -6.607455 5.449734 4.127048
v -6.441115 5.372805 4.368471
v -6.403262 5.345555 4.372342
v -6.399673 5.399886 4.352252
v -6.377573 5.365291 4.360783
v -6.420527 5.332822 4.327361
v -6.622922 5.398710 4.097799
v -6.679799 5.344224 4.130142
v -6.628073 5.328615 4.156726
v -6.650646 5.321627 4.050642
v -6.592978 5.349689 4.151467
v -6.626679 5.341743 4.046865
v -6.650781 5.409124 4.111555
v -6.561752 5.357968 4.291076
v -6.609655 5.401812 4.224860
v -6.646048 5.372896 4.234515
v -6.659580 5.380236 4.202903
v -6.522093 5.306345 4.272210
v -6.561868 5.335689 4.221567
v -6.580557 5.389580 4.196102
v -6.624583 5.408453 4.197757
v -6.593911 5.337622 4.299817
v -6.595736 5.311758 4.229444
v -6.551678 5.284020 4.279016
v -6.685849 5.379276 4.126122
v -6.549809 5.303533 4.362931
v -6.513918 5.277612 4.370666
v -6.510984 5.328557 4.351731
v -6.486421 5.298758 4.360881
v -6.694393 5.328300 4.086728
v -6.707632 5.266801 4.124955
v -6.715466 5.250178 4.048857
v -6.678494 5.288930 4.122783
v -6.696414 5.271263 4.044007
v -6.730709 5.349221 4.097128
v -6.663241 5.307093 4.246964
v -6.690721 5.336242 4.200593
v -6.726446 5.308261 4.204209
v -6.736554 5.315466 4.177499
v -6.617649 5.249783 4.234271
v -6.665891 5.281867 4.173209
v -6.704159 5.342162 4.170835
v -6.689740 5.261580 4.245982
v -6.689454 5.287117 4.252388
v -6.696129 5.260509 4.177895
v -6.651799 5.236049 4.238115
v -6.758884 5.318538 4.107729
v -6.658119 5.259498 4.300028
v -6.627268 5.238508 4.314909
v -6.623509 5.281211 4.298033
v -6.603324 5.254615 4.307869
v -6.779595 5.313536 4.028332
v -6.761829 5.351338 4.029068
v -6.871601 4.746750 2.497838
v -6.542282 5.149784 1.778074
v -5.533130 5.734416 1.901771
v -5.724575 5.715596 1.754503
v -5.611970 5.743252 1.852851
v -5.653595 5.684752 1.856200
v -5.445847 5.728683 1.938921
v -5.730945 5.780873 1.594540
v -5.779209 5.732158 1.610482
v -5.692408 5.697498 1.444417
v -5.684091 5.769170 1.747560
v -5.662585 5.761436 1.463554
v -5.467406 5.770951 1.409544
v -5.717271 5.770376 1.526287
v -6.261944 4.933970 2.370905
v -6.325931 5.147464 2.435239
v -6.477504 5.246016 2.381441
v -6.629876 4.846898 2.119929
v -6.338655 4.853691 2.408794
v -6.655622 5.151748 2.396864
v -6.353575 5.030263 2.494525
v -6.474239 5.151618 2.499308
v -6.762146 4.902429 2.203838
v -6.775380 5.053693 2.284752
v -6.476069 4.744085 2.292702
v -6.578688 4.768739 2.231574
v -6.745449 4.988659 2.117477
v -6.686673 5.185906 2.231753
v -6.477376 4.761829 2.159535
v -5.689216 4.378106 1.377242
v -6.023102 4.418305 1.608687
v -5.808349 4.023166 2.317391
v -6.021029 3.994380 2.093967
v -5.989679 3.914129 1.621549
v -5.702816 3.885395 1.403434
v -5.610711 4.744939 2.336840
v -6.754770 5.123004 2.331828
v -6.690496 4.819700 2.203389
v -6.558810 5.192914 2.478313
v -6.298334 4.915110 2.471277
v -6.393805 5.128041 2.533671
v -6.802547 4.939814 2.212477
v -6.519729 4.736462 2.252613
v -6.348097 4.804688 2.383396
v -6.776838 4.898251 2.198205
v -6.788748 5.060250 2.279175
v -6.471363 4.738094 2.280174
v -6.323753 4.989650 2.497533
v -6.582923 4.753411 2.227455
v -5.677063 4.745723 1.299211
v -6.108485 4.951078 1.438354
v -5.663990 4.598113 1.318511
v -6.114389 4.846132 1.492994
v -5.876063 5.556706 1.349990
v -5.930613 4.984020 1.311855
v -5.913665 4.851195 1.355197
v -5.870219 4.603218 1.392107
v -5.894893 4.711274 1.360042
v -5.955367 5.228666 1.286822
v -5.856478 4.163946 1.479979
v -5.862685 3.900891 1.495966
v -5.896502 4.390213 1.435440
v -5.586933 5.540369 1.296605
v -5.584510 5.212871 1.237713
v -5.544076 4.895660 1.268986
v -5.527241 4.738026 1.288985
v -5.505281 4.156504 1.375760
v -5.502732 3.890621 1.368431
v -5.506083 3.768003 1.409235
v -5.512855 4.387035 1.354542
v -5.521391 4.582436 1.295133
v -5.965822 5.559114 1.398163
v -6.003312 4.878221 2.127470
v -5.919032 4.861169 2.229949
v -5.949172 5.134904 2.147986
v -5.603146 4.024617 2.395155
v -5.597539 3.899009 2.440219
v -5.539357 4.365765 2.386536
v -5.743922 4.361338 2.316002
v -6.063085 4.435476 1.934885
v -6.022839 4.409951 2.086722
v -5.876184 4.238392 2.219754
v -5.908758 4.014081 2.232546
v -5.917603 3.887875 2.291789
v -5.881501 4.554233 2.238965
v -5.897224 4.753197 2.223093
v -5.869227 4.393546 2.247901
v -5.661975 5.002597 2.322632
v -5.803540 5.016314 2.263940
v -5.545415 4.209898 2.382107
v -6.069108 4.136402 1.952254
v -6.077683 4.121683 1.833188
v -6.460328 5.289184 2.272871
v -6.647817 5.205613 2.135101
v -6.294554 5.216767 2.330945
v -6.680819 5.038690 2.028964
v -6.051901 5.618810 1.608750
v -5.953791 5.672389 1.602967
v -6.452818 5.419870 1.976840
v -6.497242 5.339121 2.107477
v -6.580201 5.240018 2.308848
v -6.538286 5.278404 2.216605
v -6.091049 5.613578 1.607011
v -6.357854 5.524211 1.740050
v -6.413228 5.478669 1.862911
v -6.194876 5.575276 1.611775
v -6.630909 5.177903 2.429820
v -5.715052 5.615744 1.937375
v -5.773898 5.523708 2.001416
v -5.809812 5.446637 2.053657
v -5.952408 5.260672 2.052478
v -5.910480 5.238707 2.104979
v -6.047533 5.037862 2.075088
v -5.440916 5.618443 2.022776
v -5.465409 5.711287 1.402698
v -5.463871 5.548435 1.308696
v -5.399979 4.500659 2.385963
v -5.390620 4.590771 1.304956
v -5.431606 5.414054 2.163744
v -5.419263 5.181312 2.294019
v -5.405255 4.854679 2.379169
v -5.431624 5.248371 1.274042
v -5.396218 4.897233 1.280527
v -5.397314 3.903818 2.449530
v -5.400031 4.211556 2.406317
v -5.389961 4.160134 1.362616
v -5.383471 3.746050 1.403570
v -5.442825 5.666739 1.964475
v -5.390162 4.392645 1.365554
v -5.397905 4.016989 2.454219
v -5.386492 3.880079 1.355878
v -5.402314 4.731485 2.352611
v -5.392584 4.731628 1.312382
v -5.399882 4.354413 2.408152
v -5.410870 5.018784 2.349023
v -5.588292 5.374620 1.253372
v -5.718345 5.354409 1.248348
v -5.449105 5.399969 1.274433
v -5.599456 3.960210 2.426275
v -5.800222 3.957521 2.372516
v -6.056737 3.902755 2.131647
v -5.930555 3.933598 2.260234
v -6.020530 3.776100 1.633961
v -5.884590 3.761301 1.523456
v -5.397207 3.962032 2.455557
v -5.283515 5.619898 2.015544
v -5.317484 5.686941 1.921374
v -5.206606 5.596692 1.354760
v -5.133623 5.765080 1.598750
v -4.933055 5.718244 1.743255
v -5.040431 5.674880 1.914344
v -4.816307 5.673266 1.790807
v -4.990412 5.717130 1.822289
v -4.962417 5.713876 1.556515
v -4.886843 5.684035 1.535733
v -5.100820 4.518207 2.353416
v -5.147751 5.458715 2.125599
v -5.152773 5.197651 2.260121
v -5.170358 4.854026 2.370587
v -5.182438 5.265962 1.277144
v -5.135695 4.944150 1.282631
v -4.842339 5.510660 2.033629
v -4.406952 5.147080 1.711223
v -4.449570 5.511457 1.385008
v -4.354185 5.395411 1.297345
v -4.332251 5.390968 1.563686
v -4.496156 5.401027 1.193084
v -4.658070 5.024493 1.221829
v -4.286821 5.300722 1.455746
v -4.439683 4.979872 1.569615
v -4.619788 5.310005 1.143463
v -4.658186 5.158456 1.158837
v -4.325243 5.106024 1.572919
v -4.572746 5.491751 1.299207
v -4.710054 5.346263 1.273778
v -5.064579 4.214530 2.336000
v -4.995934 3.912954 2.345872
v -4.693684 4.312607 1.834726
v -4.763560 4.268394 2.050745
v -4.745262 3.857277 2.125520
v -5.059451 4.119300 1.390758
v -4.795135 4.171585 1.563562
v -5.030189 3.691662 1.446117
v -4.715260 3.603127 1.673962
v -4.428757 4.801137 1.151567
v -4.286098 4.804755 1.273621
v -4.114893 4.946135 1.289211
v -4.085389 5.092918 1.193220
v -4.199806 5.220612 1.017897
v -4.369285 5.192416 0.910948
v -4.494825 4.909221 1.022184
v -4.457288 5.077151 0.934606
v -4.608908 5.210889 1.971455
v -4.878367 5.606192 1.473786
v -4.812960 5.691354 1.568434
v -4.880386 5.522945 1.422044
v -4.738641 5.687084 1.602315
v -4.576313 5.436359 1.929574
v -4.704017 5.643934 1.809558
v -4.873672 5.223929 1.377662
v -4.754725 4.804211 2.092356
v -4.678727 4.914761 1.895260
v -4.502770 5.034940 1.754610
v -4.771853 4.612388 2.109693
v -4.724974 4.900414 1.479892
v -4.741491 4.704339 1.547794
v -4.691545 4.861864 1.672801
v -4.482427 5.546243 1.752154
v -4.585070 5.649244 1.543693
v -4.579676 5.612685 1.816643
v -4.651107 5.564554 1.395903
v -4.514901 5.589780 1.466750
v -4.527095 5.208246 1.874907
v -4.459136 5.392543 1.807245
v -4.349767 5.293066 1.629282
v -4.389306 5.468673 1.653748
v -4.396753 5.340868 1.717576
v -4.087462 4.942918 1.117597
v -4.287764 5.034726 0.820289
v -4.352713 4.974997 0.853686
v -4.079739 5.005133 0.980226
v -4.023258 4.910920 0.708135
v -3.978146 4.930151 0.799508
v -4.026917 4.977276 0.844219
v -4.045113 4.826491 0.636509
v -4.096646 4.974983 0.725881
v -4.293714 4.857818 0.744077
v -4.155915 4.907816 0.660100
v -4.181396 4.789047 0.683878
v -4.237907 4.740547 0.776493
v -4.292931 4.808217 0.850730
v -3.766953 4.731231 0.643615
v -3.935857 4.498685 0.915885
v -3.995145 4.509409 0.636589
v -3.720292 4.697782 0.835846
v -3.737950 4.646735 0.912078
v -3.866349 4.865975 0.886998
v -3.854705 4.545515 0.961668
v -3.898453 4.521742 0.923442
v -3.970903 4.772111 0.972403
v -4.260672 4.998946 0.756015
v -4.136813 5.028703 0.775783
v -4.332283 4.918424 0.805574
v -4.158236 5.063764 0.846191
v -3.870886 4.644316 0.558765
v -3.722035 4.738598 0.766684
v -3.611909 4.553652 0.601389
v -3.571863 4.564739 0.700601
v -3.792340 4.392056 0.603749
v -3.694399 4.480195 0.537254
v -3.603441 4.478873 0.824931
v -3.589023 4.541093 0.772304
v -3.707415 4.327711 0.884822
v -4.236352 4.827198 1.185922
v -3.744414 4.338417 0.820589
v -4.172789 4.797749 1.080465
v -4.062976 4.696901 0.933864
v -3.409050 4.171496 0.525396
v -3.405063 4.062579 0.538460
v -3.352734 4.108696 0.499646
v -3.575088 4.223424 0.587641
v -3.516631 4.278639 0.537128
v -3.450859 4.355868 0.587079
v -3.405654 4.102837 0.781130
v -3.444079 4.285212 0.772331
v -3.250851 4.115928 0.692694
v -3.340652 4.042091 0.763053
v -3.317477 4.229691 0.629842
v -3.414171 4.358153 0.698565
v -3.279309 4.144795 0.535254
v -3.239869 4.146412 0.603734
v -3.532054 4.182019 0.807258
v -3.494457 4.210139 0.810182
v -3.649780 4.407596 0.883954
v -3.816980 4.576764 0.953053
v -3.300814 3.878998 0.782108
v -3.228158 3.958153 0.801924
v -3.130111 3.590402 0.806453
v -3.333378 3.881368 0.655301
v -3.370994 3.924679 0.678138
v -3.315501 3.843146 0.690012
v -3.236854 3.804779 0.695948
v -3.248106 3.863151 0.647629
v -3.245006 3.927340 0.430916
v -3.147860 3.853861 0.412929
v -3.095994 3.859531 0.368831
v -3.330206 3.970791 0.462487
v -3.231941 4.001046 0.423301
v -3.288349 4.055048 0.460967
v -3.356066 4.015501 0.478471
v -3.043455 3.825292 0.739065
v -2.976232 3.711947 0.708194
v -2.998036 3.645763 0.642789
v -3.046083 3.730437 0.653138
v -2.989810 3.644440 0.686066
v -2.942207 3.724501 0.683772
v -2.968135 3.789836 0.685435
v -2.929708 3.538348 0.674292
v -2.954998 3.451197 0.695629
v -2.914638 3.613467 0.676786
v -2.922680 3.622194 0.625789
v -2.924616 3.652806 0.629302
v -3.375422 3.985889 0.542079
v -3.187642 3.814066 0.860517
v -3.154132 3.718662 0.865658
v -3.167722 3.749731 0.866759
v -3.161628 3.683164 0.788358
v -3.204824 3.744898 0.774201
v -3.181795 3.666350 0.815789
v -3.238923 3.752802 0.802945
v -3.217311 3.722878 0.816260
v -3.227294 3.758928 0.764647
v -3.121190 3.804717 0.742676
v -3.157672 3.868323 0.780128
v -3.148947 3.934237 0.746472
v -3.138648 3.791228 0.795609
v -3.155653 3.818238 0.827738
v -3.113691 3.736887 0.815674
v -3.116969 3.653448 0.845577
v -3.138595 3.646962 0.777068
v -3.160172 3.620893 0.813139
v -3.069397 3.632627 0.801570
v -3.090064 3.684004 0.815140
v -3.329100 3.851937 0.741852
v -3.205451 4.043465 0.467179
v -3.111185 3.953032 0.412246
v -3.144424 4.012939 0.479219
v -3.000579 3.860729 0.681806
v -3.289277 3.811345 0.767308
v -3.272346 3.801942 0.726527
v -3.322594 3.924653 0.559413
v -3.102401 3.789102 0.577477
v -3.123427 3.821333 0.496217
v -3.183470 3.845401 0.606232
v -3.127017 3.847590 0.449749
v -3.215474 3.891332 0.519300
v -3.145782 3.790974 0.685437
v -3.112004 3.775467 0.675540
v -2.990450 3.458505 0.678763
v -2.985776 3.529577 0.676605
v -2.915707 3.644644 0.677395
v -2.932341 3.545169 0.624753
v -2.990232 3.536483 0.629776
v -3.001516 3.459270 0.640291
v -2.971542 3.803811 0.623483
v -2.977567 3.774846 0.608652
v -2.955499 3.768840 0.632547
v -3.021109 3.873385 0.447753
v -3.026309 3.841213 0.430325
v -2.995975 3.839568 0.451745
v -2.982954 3.835517 0.529463
v -2.995646 3.802056 0.512674
v -2.968881 3.806436 0.535686
v -2.944764 3.725981 0.632684
v -3.049003 3.726743 0.686748
v -2.938409 3.465785 0.622458
v -2.960693 3.429069 0.637489
v -2.935966 3.458796 0.679789
v -2.959378 3.425424 0.670618
v -2.982992 3.431009 0.678772
v -3.119989 3.988887 0.654295
v -3.013478 3.854877 0.413854
v -2.986147 3.873862 0.578851
v -2.953708 3.789369 0.594165
v -3.004633 3.894296 0.492183
v -2.986835 3.831190 0.502478
v -3.116567 4.004947 0.525707
v -3.109495 4.003270 0.565027
v -3.118805 3.992333 0.610415
v -3.108754 3.589261 0.828996
v -3.089961 3.608658 0.835008
v -3.130641 3.758998 0.841442
v -3.123138 3.727392 0.843696
v -3.055504 3.926032 0.416209
v -2.960778 3.716564 0.600003
v -2.994192 3.655139 0.531771
v -3.045762 3.755682 0.552083
v -2.990391 3.642459 0.574200
v -3.040538 3.751495 0.584237
v -2.935377 3.724834 0.577824
v -2.926465 3.510090 0.541804
v -2.903852 3.603167 0.558976
v -2.913619 3.615227 0.507820
v -2.915913 3.648307 0.514389
v -2.997659 3.486307 0.552334
v -2.982687 3.559765 0.560168
v -2.905414 3.636939 0.562486
v -2.932066 3.516450 0.500693
v -2.987925 3.568752 0.516735
v -3.003724 3.494047 0.512654
v -2.942224 3.727906 0.526801
v -2.950417 3.427158 0.489990
v -2.983113 3.395647 0.501325
v -2.947186 3.417835 0.541142
v -2.979286 3.391509 0.535256
v -3.004870 3.428477 0.554212
v -2.993618 3.751079 0.503999
v -3.025203 3.697839 0.436323
v -3.071262 3.791087 0.467875
v -3.020286 3.683221 0.474606
v -3.063151 3.782221 0.497012
v -3.003539 3.728693 0.500724
v -2.970350 3.760076 0.482751
v -2.960904 3.559387 0.433702
v -2.990436 3.468171 0.444981
v -2.938758 3.647198 0.453705
v -2.947962 3.657977 0.408397
v -2.951679 3.691674 0.417720
v -3.024795 3.539757 0.444940
v -3.010452 3.608186 0.455875
v -2.940650 3.678253 0.459499
v -2.989371 3.572395 0.384929
v -2.964547 3.569641 0.396204
v -3.016992 3.619561 0.415755
v -3.031741 3.549508 0.409210
v -2.978567 3.766144 0.435543
v -2.978683 3.488242 0.379930
v -3.007955 3.455279 0.388673
v -2.974181 3.476430 0.425748
v -3.002696 3.448898 0.423753
v -3.036492 3.792616 0.422607
v -3.067542 3.761600 0.363509
v -3.112905 3.821224 0.386221
v -3.058577 3.748596 0.396584
v -3.102972 3.816443 0.412859
v -3.003289 3.811288 0.402270
v -2.992867 3.648207 0.356737
v -3.018403 3.570877 0.364930
v -3.007638 3.640486 0.378488
v -2.980496 3.705601 0.374288
v -2.991785 3.720680 0.332846
v -2.994477 3.748487 0.342178
v -3.060617 3.619190 0.366347
v -3.046021 3.701315 0.377656
v -2.984622 3.737597 0.382062
v -2.999455 3.657273 0.325273
v -3.052891 3.713247 0.342973
v -3.060241 3.635533 0.333145
v -3.016040 3.815855 0.361474
v -3.011132 3.596743 0.310637
v -3.031560 3.562409 0.314834
v -3.004086 3.580075 0.347322
v -3.028272 3.555340 0.343496
v -3.049171 3.888097 0.382480
v -3.022258 3.882761 0.413983
v -4.230471 4.964476 0.709004
v -4.645424 5.439852 1.274701
v -5.358837 5.743752 1.903799
v -5.163237 5.746743 1.775358
v -5.280278 5.761022 1.856711
v -5.232730 5.707300 1.861097
v -5.171323 5.821986 1.658441
v -5.116955 5.777281 1.668381
v -5.217335 5.747644 1.519297
v -5.209232 5.795847 1.768008
v -5.250438 5.804931 1.537112
v -5.190295 5.815430 1.597987
v -4.357863 4.835030 1.341139
v -4.186924 4.975701 1.379286
v -4.144505 5.146151 1.310525
v -4.537026 5.106596 1.001877
v -4.362485 4.803355 1.216071
v -4.142635 5.163473 1.109162
v -4.194969 4.878579 1.286997
v -4.099458 5.015590 1.249380
v -4.409514 5.161174 0.910324
v -4.259812 5.221610 0.969824
v -4.485150 4.864874 1.056252
v -4.499043 4.966534 0.990319
v -4.437655 5.258632 0.980200
v -4.252202 5.294836 1.120616
v -4.568778 4.944351 1.087769
v -5.088065 4.390839 1.381455
v -4.770841 4.459049 1.586042
v -4.985843 4.030582 2.311721
v -4.762066 3.999348 2.085908
v -4.691710 3.934565 1.844411
v -4.766876 3.856021 1.622083
v -5.053236 3.828344 1.395726
v -5.192932 4.757399 2.340330
v -4.188991 5.230435 1.018314
v -4.469973 5.071432 0.926727
v -4.075737 5.096561 1.202696
v -4.287689 4.788498 1.275122
v -4.101893 4.940774 1.300402
v -4.373526 5.200924 0.895180
v -4.512218 4.904162 1.020262
v -4.405876 4.789403 1.186276
v -4.413072 5.168883 0.896434
v -4.257890 5.235707 0.962727
v -4.499616 4.865688 1.058506
v -4.220826 4.835345 1.290172
v -4.509644 4.960861 0.979126
v -4.192237 5.163182 1.125299
v -5.121665 4.780774 1.302465
v -4.832510 5.102654 1.374286
v -5.110818 4.618186 1.323209
v -4.787830 4.979567 1.406224
v -5.050511 5.646451 1.428068
v -4.960205 5.090671 1.309618
v -4.942082 4.941353 1.342152
v -4.925175 4.657322 1.383631
v -4.927785 4.783887 1.344787
v -5.019820 5.376103 1.339839
v -4.905730 4.137885 1.478424
v -4.886772 3.833344 1.494761
v -4.881827 4.417464 1.438619
v -5.335295 5.574995 1.330983
v -5.285089 5.261626 1.272227
v -5.261601 4.917498 1.275539
v -5.256258 4.747189 1.291399
v -5.274772 4.158082 1.376837
v -5.265885 3.857702 1.363356
v -5.258670 3.730182 1.408410
v -5.266311 4.391843 1.356200
v -5.257771 4.589617 1.297241
v -4.968965 5.662610 1.486617
v -4.777355 4.925138 2.126084
v -4.889575 4.915833 2.241859
v -4.839728 5.164802 2.166381
v -5.191344 4.029308 2.376225
v -5.196131 3.914513 2.391627
v -5.260075 4.369469 2.388230
v -5.052138 4.372054 2.320411
v -4.726036 4.467645 1.928683
v -4.772773 4.439905 2.096152
v -4.915520 4.252826 2.225791
v -4.884500 4.022912 2.231755
v -4.871666 3.900287 2.256528
v -4.910557 4.581778 2.246877
v -4.901058 4.800084 2.233785
v -4.923023 4.411831 2.254429
v -5.160933 5.026544 2.328062
v -5.021720 5.058155 2.273030
v -5.252813 4.213154 2.383797
v -4.708501 4.146935 1.967547
v -4.213858 5.227566 1.360602
v -4.329178 5.343307 1.175070
v -4.241996 5.064888 1.454635
v -4.497534 5.309721 1.071409
v -4.836574 5.694920 1.666833
v -4.937472 5.736269 1.656352
v -4.387285 5.477576 1.470995
v -4.313931 5.372391 1.375524
v -4.184094 5.234140 1.229636
v -4.248181 5.290912 1.296036
v -4.799194 5.695502 1.671209
v -4.531348 5.625184 1.637386
v -4.451020 5.557683 1.553194
v -4.700562 5.673978 1.685692
v -4.107281 5.149818 1.139897
v -5.166154 5.645150 1.943761
v -5.099314 5.559847 2.009265
v -5.056594 5.486990 2.062421
v -4.802157 5.265316 2.092018
v -4.880107 5.260409 2.140014
v -4.686434 5.049847 2.040833
v -5.309622 5.420174 1.293591
v -5.197199 5.435812 1.311337
v -5.194007 3.969503 2.388363
v -4.992146 3.968143 2.342189
v -4.734879 3.905935 2.112733
v -4.668523 3.804287 1.861951
v -4.859080 3.942200 2.238755
v -4.718972 3.673811 1.654441
v -4.853009 3.652956 1.542905
v -5.272209 3.521625 3.540792
v -5.034328 3.449554 3.574125
v -4.960343 3.309343 3.585968
v -5.459661 3.082663 3.521027
v -5.490711 3.321316 3.567523
v -5.390691 3.501115 3.513777
v -5.394157 3.372646 3.781825
v -5.244315 3.400036 3.783596
v -5.091188 3.282472 3.879925
v -4.950418 3.188681 3.573884
v -5.024741 3.089372 3.864681
v -5.454927 3.238915 3.848997
v -5.385483 2.924787 3.497589
v -5.156080 2.906210 3.499398
v -5.104977 2.943624 4.368363
v -5.178787 3.093379 4.197365
v -5.298461 3.160719 4.216464
v -5.056531 2.779958 4.134021
v -5.061860 2.930011 3.683829
v -5.488219 2.955484 4.050471
v -5.481427 2.877511 3.957095
v -5.458169 2.918296 4.329814
v -5.427825 3.052803 4.144414
v -5.351714 2.892427 3.607734
v -5.163053 3.173384 4.106173
v -5.054416 2.997971 4.070598
v -5.126565 3.283408 3.962224
v -5.265283 3.358063 3.961402
v -5.288400 3.261657 4.127506
v -5.449669 3.202099 3.954277
v -5.175780 2.667700 4.025918
v -5.323391 2.673684 4.016275
v -5.034336 2.870061 4.269210
v -5.341396 3.023357 4.373114
v -5.327760 2.523573 4.154290
v -5.436878 3.415981 3.494329
v -5.496278 3.211761 3.581973
v -4.994804 2.992711 3.536931
v -5.236773 2.890223 3.542570
v -5.149850 2.884311 3.624015
v -5.048184 3.007892 3.785939
v -5.247607 3.517071 3.548194
v -5.187001 3.521338 3.557490
v -5.180797 3.405215 3.779784
v -5.312373 2.914776 3.529451
v -5.124417 2.893381 3.519722
v -5.067372 3.303331 3.826444
v -5.073996 3.173140 3.917780
v -5.109598 3.504671 3.569860
v -5.332157 3.348730 3.876762
v -5.451251 3.226282 3.893425
v -5.293258 3.415829 3.770424
v -5.071147 2.945644 4.101510
v -5.042392 2.838623 4.220901
v -4.961525 3.139642 3.564637
v -5.208967 2.978695 4.370453
v -5.279454 3.311868 4.065341
v -5.147962 3.230980 4.058123
v -5.064763 3.130132 3.958012
v -5.180153 2.550878 4.119061
v -5.035603 2.642879 4.261992
v -5.032093 2.694420 4.313730
v -5.035563 2.670715 4.285518
v -6.027056 2.248784 2.918770
v -6.255672 2.226716 2.818071
v -6.316644 2.146666 2.694996
v -5.804360 1.957942 2.612122
v -5.818091 2.059558 2.839801
v -5.904798 2.233242 2.918770
v -5.993698 1.929822 2.977704
v -6.135702 1.971837 2.956079
v -6.296591 1.845928 2.866696
v -6.311306 2.084091 2.590788
v -6.326842 1.771722 2.688844
v -5.944515 1.790473 2.928444
v -5.852695 1.894132 2.455379
v -6.068091 1.927223 2.381327
v -6.166659 1.208077 2.578767
v -6.193472 1.395327 2.759564
v -6.119356 1.384526 2.876150
v -6.146505 1.441889 2.417837
v -6.220514 1.821764 2.482662
v -5.864398 1.540694 2.780905
v -5.850766 1.265443 2.733019
v -5.958162 1.451042 2.839080
v -5.922178 1.805869 2.494055
v -6.247934 1.510802 2.831192
v -6.275693 1.522048 2.633474
v -6.290517 1.748933 2.907653
v -6.178318 1.760108 3.011552
v -6.170755 1.505465 2.963980
v -5.983286 1.671910 2.951221
v -6.001167 1.548458 2.382295
v -5.873106 1.565636 2.456767
v -6.198193 1.305529 2.481259
v -6.001910 1.214353 2.766096
v -5.775549 1.440482 2.323967
v -5.847360 2.186822 2.853156
v -5.807206 1.982229 2.763938
v -6.240021 1.983632 2.427797
v -6.004408 1.868454 2.414465
v -6.114939 1.824618 2.438700
v -6.272897 1.789203 2.594519
v -6.052220 2.245248 2.912848
v -6.112757 2.252853 2.905425
v -6.192280 1.992476 2.939492
v -5.931230 1.878517 2.446562
v -6.103286 1.910145 2.374266
v -6.302080 1.915464 2.851428
v -6.307406 1.756167 2.790586
v -6.188241 2.248655 2.878843
v -6.084264 1.838597 2.990409
v -5.964971 1.742651 2.942747
v -6.087132 1.983387 2.975391
v -6.231703 1.483096 2.589191
v -6.182127 1.355463 2.462383
v -6.293468 2.058952 2.550001
v -6.094193 1.210837 2.661164
v -6.187453 1.598191 2.999712
v -6.279957 1.590104 2.878869
v -6.317008 1.695514 2.764795
v -5.919165 1.467215 2.273752
v -6.081962 1.315686 2.282421
v -6.107993 1.262981 2.325899
v -6.094654 1.291728 2.306779
v -5.553647 0.425129 1.955462
v -5.622739 0.325613 1.971360
v -5.457783 0.373752 2.212415
v -5.421018 0.463917 1.978932
v -5.706148 0.344236 2.126585
v -5.616143 0.350742 2.252602
v -5.681947 0.342542 2.213204
v -5.503332 0.362306 2.237468
v -5.801464 1.173136 2.112664
v -5.901873 1.013713 2.124011
v -6.073381 1.112236 2.278880
v -5.775566 0.938248 2.600554
v -5.644175 1.024742 2.536455
v -5.605440 1.191429 2.239393
v -5.686262 1.191465 2.152844
v -6.013818 0.897206 2.482607
v -5.885024 0.904526 2.597771
v -6.061147 0.949636 2.370362
v -6.036283 1.229285 2.218759
v -5.863539 1.370216 2.199928
v -5.476440 0.455569 1.944925
v -5.709519 0.765520 2.049458
v -5.605640 0.807682 2.055464
v -5.639153 0.665455 2.425716
v -5.550269 0.720617 2.375626
v -5.801767 0.701416 2.121277
v -5.830470 0.619943 2.321660
v -5.513556 0.823531 2.123075
v -5.855618 0.643899 2.221351
v -5.729452 0.625764 2.429294
v -5.424443 0.389753 2.190677
v -5.953115 0.898826 2.195814
v -6.045961 1.160790 2.246644
v -5.886770 0.957020 2.152242
v -5.737590 0.737265 2.096629
v -5.969528 0.896303 2.529432
v -5.804778 0.613717 2.371336
v -5.838272 0.920112 2.590800
v -5.692307 0.644182 2.421776
v -6.132143 1.183633 2.362938
v -5.825764 1.263980 2.143193
v -5.714343 1.342715 2.262144
v -5.973772 1.111692 2.162654
v -5.282228 2.110498 5.175693
v -5.223947 2.165813 5.279872
v -5.487522 2.295870 5.257921
v -5.410564 2.066318 5.144106
v -5.226453 2.341793 5.289144
v -5.365203 2.405958 5.307328
v -5.287948 2.403035 5.313972
v -5.458431 2.339759 5.280059
v -5.185717 2.358028 4.417373
v -5.096271 2.420717 4.571308
v -5.030621 2.638920 4.465552
v -5.439830 2.771461 4.658996
v -5.525866 2.648823 4.578925
v -5.419492 2.369451 4.411093
v -5.306348 2.334917 4.405715
v -5.172758 2.789135 4.685830
v -5.342062 2.824340 4.686769
v -5.078451 2.714731 4.629632
v -5.038735 2.566359 4.349966
v -5.185998 2.461334 4.218285
v -5.345260 2.063096 5.149240
v -5.212286 2.264135 4.828561
v -5.307284 2.216695 4.792099
v -5.456052 2.556424 4.936643
v -5.510715 2.467691 4.885742
v -5.165117 2.373514 4.888464
v -5.236264 2.562734 4.970618
v -5.421521 2.228936 4.782000
v -5.165612 2.488051 4.944178
v -5.377716 2.605331 4.971477
v -5.507327 2.260451 5.235553
v -5.529335 2.425328 4.546655
v -5.081884 2.510427 4.684114
v -5.040737 2.596487 4.418165
v -5.120481 2.438557 4.629054
v -5.210137 2.319486 4.855821
v -5.234412 2.807551 4.689652
v -5.282990 2.593007 4.978792
v -5.379802 2.794669 4.673631
v -5.407026 2.579942 4.954990
v -5.025596 2.739892 4.392097
v -5.184726 2.395096 4.325721
v -5.344639 2.441073 4.254467
v -5.058567 2.488488 4.470075
v -5.386654 2.952158 1.576722
v -5.406141 3.685724 2.406467
v -5.509133 3.273512 2.633197
v -5.405953 2.837561 1.976260
v -5.456309 2.868030 2.153099
v -5.383561 3.166774 1.451360
v -5.504594 3.438672 2.662934
v -5.487739 3.535493 2.610057
v -5.436999 3.604330 2.492462
v -5.423417 2.830148 1.962057
v -5.425665 2.912596 2.219458
v -5.370036 2.947038 2.945733
v -5.116931 3.789046 2.287951
v -4.977687 2.937635 2.001959
v -4.970367 2.981791 1.924496
v -4.966552 2.926955 2.815052
v -4.876251 3.792662 2.132566
v -5.111421 3.131703 1.564097
v -5.131960 3.735536 2.884603
v -4.835042 3.646115 2.780073
v -5.532375 3.429843 2.954089
v -5.095000 3.395984 1.528033
v -4.779739 3.325378 1.835329
v -4.686408 3.544894 1.978856
v -4.979943 3.090686 1.748017
v -4.763221 3.204161 2.375429
v -4.684094 3.533964 2.253264
v -4.746728 3.268294 2.099504
v -4.994265 2.907940 2.392503
v -4.880178 3.031418 2.504437
v -4.894998 2.993728 2.299202
v -4.750903 3.682598 2.166135
v -4.728835 3.657409 2.043209
v -5.249006 2.820468 1.984775
v -5.006046 2.900551 2.225546
v -4.682366 3.542986 2.155605
v -4.752873 3.215747 2.861784
v -4.708560 3.391442 2.126078
v -4.729727 3.422337 1.910400
v -4.707656 3.360564 2.272660
v -4.749513 3.474701 2.829812
v -5.010074 3.759318 2.765283
v -4.848996 3.048770 3.015822
v -5.169909 2.897231 2.827751
v -5.062637 2.881518 2.876834
v -5.269174 2.831333 2.212304
v -5.212611 2.869379 1.727573
v -4.748536 3.233715 2.236192
v -5.165002 2.825029 2.252070
v -5.127409 3.824397 2.323758
v -4.899265 3.818372 2.188683
v -4.775177 3.776902 2.080745
v -4.757050 3.479554 1.700993
v -4.711114 3.672794 1.894510
v -5.079031 3.584070 1.493201
v -4.911097 3.286747 1.706675
v -4.904757 3.493545 1.601141
v -4.869327 3.069557 2.037419
v -4.873722 3.045225 2.124270
v -4.884034 3.105690 1.939368
v -5.139940 3.762436 2.280060
v -4.882857 3.788177 2.129719
v -4.723837 3.653174 2.025324
v -4.694661 3.549058 1.958974
v -4.786851 3.341723 1.826627
v -5.099053 3.415830 1.536164
v -4.912859 3.302567 1.705648
v -5.270173 3.695869 2.925025
v -5.448214 3.521924 2.648214
v -5.432848 3.529045 3.000017
v -5.351556 3.626870 3.014871
v -5.468565 3.453179 2.655726
v -5.159266 3.698632 3.095559
v -5.028100 3.717224 3.100988
v -5.257802 3.653629 3.056982
v -4.858377 3.615625 3.103923
v -4.779583 3.422559 3.073579
v -5.420373 3.580126 2.614904
v -4.701870 3.506224 2.607470
v -4.760993 3.220480 2.536658
v -5.420275 3.594354 2.589579
v -5.528279 3.311606 2.917062
v -5.334739 3.662031 2.444495
v -4.902799 3.804624 2.197221
v -5.316989 3.679478 2.453518
v -5.133292 3.792133 2.349796
v -5.335227 3.677866 2.502090
v -5.103805 2.919460 1.765161
v -5.115916 2.842978 2.087031
v -5.098612 2.855875 2.310956
v -5.008736 2.929363 2.703755
v -4.868236 3.055683 2.691985
v -4.755822 3.217466 2.743706
v -5.196888 2.851238 2.592100
v -5.305646 2.863391 2.517437
v -5.076348 2.884016 2.659073
v -4.765730 3.209743 2.986675
v -4.760965 3.448730 2.952246
v -5.020220 3.725296 2.881815
v -4.851833 3.656922 2.906916
v -5.167436 2.852733 2.991112
v -5.214880 2.813145 3.106420
v -5.327671 2.945378 2.792467
v -5.413111 3.039563 2.615497
v -4.940932 2.933205 2.997447
v -4.858073 3.060793 2.867419
v -5.043039 2.877129 3.005069
v -5.382253 3.309894 1.460967
v -5.098293 3.248731 1.559329
v -4.964436 3.176678 1.735175
v -4.882712 3.177237 1.849711
v -4.738363 3.291924 1.992416
v -4.699711 3.411113 2.030452
v -5.133073 3.775958 2.279386
v -5.361479 2.974847 2.996911
v -4.884753 3.140789 3.118432
v -5.471962 3.452409 3.058370
v -5.322548 3.575736 3.375824
v -5.392103 3.536963 3.340907
v -4.949631 3.038406 3.086749
v -5.252483 2.885754 3.311970
v -5.094775 2.906381 3.328956
v -5.126532 2.915874 3.328445
v -5.151359 3.647744 3.253332
v -5.453386 3.464151 3.354905
v -5.488983 3.396010 3.337787
v -5.496588 3.262074 3.313434
v -5.369619 2.944704 3.301164
v -5.405664 2.926383 3.090847
v -4.806340 3.373484 3.297312
v -4.815649 3.176755 3.255276
v -4.997167 2.875151 3.167106
v -5.508523 3.433257 3.149763
v -5.278861 3.650105 3.274206
v -5.021293 3.615154 3.312765
v -5.404278 3.548613 3.221546
v -5.542339 3.291634 3.109906
v -5.533140 3.160835 3.071974
v -4.854053 3.016791 3.213896
v -4.874794 3.508969 3.311778
v -5.162012 3.672122 3.308217
v -5.389188 2.939617 3.095020
v -4.824459 3.368403 3.289874
v -4.834161 3.187710 3.245389
v -5.006020 2.893470 3.164056
v -5.486797 3.438687 3.155537
v -5.271212 3.634605 3.269172
v -5.032144 3.598615 3.304797
v -5.393487 3.541601 3.221275
v -5.522010 3.301752 3.118484
v -5.212255 2.828321 3.109439
v -5.323694 3.600964 3.251444
v -4.874055 3.030496 3.202850
v -4.892722 3.494353 3.303920
v -5.162299 3.650576 3.299490
v -5.694923 2.339053 2.172339
v -5.740810 3.601322 2.429956
v -5.823472 2.934262 1.610475
v -5.815388 3.010463 1.580976
v -6.031007 2.501611 1.964927
v -5.944139 3.655506 2.276454
v -5.653264 3.161767 1.464572
v -5.974407 2.972758 2.719343
v -6.208703 2.994574 2.475923
v -5.608752 2.753190 2.736614
v -5.655318 3.472095 1.463255
v -5.949834 3.483953 1.665531
v -6.089205 3.574732 1.916989
v -5.782271 3.158705 1.521791
v -6.108708 3.044959 1.887162
v -6.167027 3.355749 2.070177
v -6.057624 3.284828 1.784133
v -5.890185 2.729095 1.793353
v -6.025665 2.810388 1.861475
v -5.958574 2.887578 1.761060
v -6.084521 3.512886 2.162363
v -6.068996 3.613011 2.063087
v -5.575944 2.757768 1.737743
v -5.840715 2.801302 1.717916
v -6.138437 3.435617 2.024721
v -6.273522 2.685190 2.161720
v -6.110639 3.354206 1.887501
v -6.030360 3.527509 1.779651
v -6.158368 3.231032 1.938010
v -6.301914 2.869946 2.344585
v -6.048448 3.054955 2.617499
v -6.216810 2.445937 2.141972
v -5.840463 2.433073 2.002268
v -5.955905 2.407326 1.989096
v -5.601391 2.692422 1.870278
v -5.573147 2.854451 1.586090
v -6.097703 3.166089 1.832795
v -5.703013 2.682165 1.787633
v -5.813257 3.454036 1.549160
v -5.919088 3.106549 1.653638
v -5.935329 3.036739 1.692361
v -5.884250 3.184333 1.616860
v -5.857857 2.948169 2.782752
v -5.563527 3.354244 2.661763
v -5.721410 2.786558 2.786050
v -5.806775 2.829450 2.819625
v -5.553765 3.317044 2.655789
v -5.577635 2.570971 2.475563
v -6.011674 2.757522 2.806432
v -6.135049 2.753854 2.762182
v -5.907259 2.789111 2.811016
v -6.287010 2.723372 2.639238
v -6.333624 2.643841 2.449149
v -5.571147 3.417581 2.640916
v -6.251526 3.066198 2.236738
v -6.162806 2.935329 1.985739
v -5.554737 3.468930 2.616958
v -5.589690 2.664491 2.611384
v -5.540407 3.569709 2.498318
v -5.956110 3.569484 2.324347
v -5.593790 3.515659 2.522474
v -5.764252 3.531195 2.475718
v -5.605687 3.491405 2.562219
v -5.680557 2.915181 1.552072
v -5.714864 2.765791 1.684797
v -5.774788 2.694817 1.777963
v -5.956160 2.578918 1.916721
v -6.096206 2.694200 1.971357
v -6.233313 2.776035 2.097808
v -5.751987 2.532410 1.928421
v -5.639245 2.568575 2.005621
v -5.879148 2.550905 1.897895
v -6.300599 2.583352 2.230240
v -6.308173 2.756100 2.398729
v -6.073904 2.933121 2.647185
v -6.234200 2.900739 2.559785
v -5.890786 2.281305 2.058009
v -5.879150 2.159348 2.103890
v -5.692404 2.474432 2.118496
v -5.579211 2.678806 2.245245
v -6.113801 2.370940 2.065099
v -6.162092 2.565072 2.070814
v -6.014819 2.310401 2.052202
v -5.658258 3.307528 1.462364
v -5.781064 3.291739 1.528103
v -5.862930 3.305372 1.593862
v -6.025423 3.375820 1.737751
v -6.081647 3.434886 1.847396
v -5.691233 3.669305 2.400814
v -6.297321 2.528789 2.526806
v -6.224004 2.416538 2.281107
v -5.718278 2.598335 2.734981
v -5.968063 2.574017 2.837746
v -5.931914 2.398098 2.882302
v -5.851672 2.387210 2.850631
v -5.915619 2.038913 2.285832
v -6.071713 2.070040 2.269977
v -6.042436 2.069892 2.285522
v -6.235443 2.531472 2.685572
v -5.791741 2.319711 2.817387
v -5.746567 2.284018 2.763640
v -5.719585 2.219211 2.646757
v -5.806942 2.059837 2.356993
v -5.580565 0.216879 1.898522
v -5.704338 2.202414 2.234466
v -6.367473 2.436783 2.544687
v -6.362781 2.349451 2.361716
v -6.109504 2.194328 2.129183
v -5.686605 2.542209 2.791086
v -5.951422 2.562038 2.899414
v -6.199692 2.530674 2.798611
v -5.813841 2.562271 2.867872
v -5.629526 2.457819 2.664218
v -5.612541 2.384324 2.524367
v -6.272202 2.273750 2.228953
v -6.328075 2.495749 2.675990
v -6.070572 2.540885 2.877931
v -5.722405 2.210606 2.242858
v -6.347550 2.435748 2.541310
v -6.342359 2.359998 2.369921
v -6.101828 2.206099 2.144208
v -5.708224 2.537350 2.784856
v -5.954711 2.549428 2.875810
v -6.185427 2.524488 2.784016
v -5.822187 2.550061 2.851422
v -5.651412 2.457574 2.665779
v -5.883953 2.166844 2.116815
v -5.899261 2.552568 2.871888
v -6.251044 2.286592 2.238819
v -6.307339 2.489241 2.664833
v -6.065584 2.534328 2.856192
v -5.668798 3.789434 2.397761
v -5.889428 3.777159 2.288781
v -6.005970 3.765323 2.146483
v -5.959252 3.654856 1.634970
v -6.050160 3.717476 1.906814
v -5.668493 3.669285 1.464271
v -5.816897 3.652691 1.545001
v -5.679523 3.669539 2.389590
v -5.934116 3.660848 2.272316
v -6.065815 3.617531 2.049290
v -6.074234 3.581043 1.911465
v -5.942347 3.498583 1.672331
v -5.651784 3.490517 1.477422
v -5.811219 3.469048 1.558588
v -5.190189 2.143929 5.468117
v -5.253473 2.341731 5.538102
v -5.526714 2.199374 5.295255
v -5.298945 2.027677 5.268706
v -5.506554 2.242167 6.034054
v -5.400347 2.282753 5.894307
v -5.517070 2.173757 5.905310
v -5.463737 2.197993 5.767976
v -5.511343 2.126462 5.806225
v -5.126443 2.004314 5.842664
v -5.134026 2.097110 5.788129
v -5.512649 1.747924 5.350536
v -5.533648 2.117099 6.135083
v -5.106695 2.070466 6.144363
v -5.176172 2.270379 6.162206
v -5.115238 2.205007 6.029524
v -5.328104 2.301917 6.197253
v -5.183495 2.221731 6.236784
v -5.522268 2.187052 6.093117
v -5.429564 2.280105 6.154522
v -5.448971 2.247052 6.233337
v -5.519159 2.044578 5.820063
v -5.506464 1.986626 5.696128
v -5.521962 1.933972 5.709147
v -5.572374 1.836597 5.479116
v -5.559264 1.892681 5.460439
v -5.514136 1.769203 5.324972
v -5.500282 1.828428 5.319060
v -5.229962 1.782677 5.442540
v -5.226569 1.853107 5.435075
v -5.189212 1.855080 5.630474
v -5.189654 1.920902 5.617206
v -5.535490 2.144106 6.127223
v -5.558590 2.074709 5.996223
v -5.541966 2.114149 5.966871
v -5.126582 1.943303 5.842745
v -5.081039 2.005546 5.993943
v -5.085484 2.040849 5.971196
v -5.096777 2.089459 6.138939
v -5.100686 2.120504 6.108136
v -5.183804 2.191038 6.269671
v -5.337545 2.237905 6.298382
v -5.332364 2.265600 6.265222
v -5.533847 1.994611 5.839197
v -5.458038 2.220055 6.265121
v -5.256689 2.193563 6.295013
v -5.251224 2.246607 6.260458
v -5.249824 2.290557 6.189945
v -5.253237 2.217125 6.293373
v -5.128863 2.167438 6.173223
v -5.147059 2.247260 6.097404
v -5.131951 2.111530 6.203193
v -5.123860 2.133172 6.200574
v -5.470154 2.268663 6.112133
v -5.494394 2.220450 6.168591
v -5.505157 2.185703 6.202507
v -5.545969 1.938170 5.568910
v -5.560206 1.883184 5.586144
v -5.430570 1.799723 5.278430
v -5.438277 1.742264 5.285661
v -5.110326 2.132244 5.894391
v -5.271544 2.286474 5.908750
v -5.158804 2.207389 5.895907
v -5.172935 2.091692 5.553016
v -5.485742 2.183434 5.643125
v -5.504995 2.138655 5.508871
v -5.533446 2.070815 5.385976
v -5.481262 1.959019 5.291814
v -5.199083 2.002086 5.395435
v -5.406960 2.289498 5.764146
v -5.167116 2.221467 5.778625
v -5.264862 2.297614 5.803238
v -5.251861 1.985492 5.351843
v -5.294154 1.961184 5.312267
v -5.415629 1.930319 5.264224
v -5.682632 0.225325 2.032753
v -5.703231 0.311521 2.228032
v -5.565213 0.311658 2.284248
v -5.370111 0.339340 2.143163
v -5.481157 0.295099 1.868959
v -5.633641 0.069924 2.666363
v -5.680520 0.174604 2.527436
v -5.563751 0.065621 2.538057
v -5.561387 0.147873 2.415597
v -5.523254 0.067888 2.435869
v -5.870261 -0.035308 2.253297
v -5.854700 0.071461 2.252326
v -5.308985 -0.077590 2.083071
v -5.550697 -0.090626 2.583294
v -6.003276 -0.083941 2.695426
v -5.988212 0.057000 2.644369
v -5.982074 0.061279 2.484572
v -5.868450 0.060795 2.749006
v -6.004274 -0.020131 2.686500
v -5.635058 -0.006547 2.696747
v -5.756406 0.054526 2.747426
v -5.765330 -0.011259 2.804642
v -5.510268 -0.011873 2.415205
v -5.464808 -0.007643 2.285610
v -5.448575 -0.061373 2.279973
v -5.298428 -0.048681 2.074469
v -5.305679 0.010049 2.069951
v -5.281084 -0.036792 1.897686
v -5.291651 0.027682 1.901227
v -5.395619 -0.042619 1.798574
v -5.397835 0.022612 1.795215
v -5.585329 -0.060885 1.876653
v -5.586151 0.004727 1.884881
v -5.708748 -0.077604 2.045066
v -5.712232 -0.012919 2.062743
v -5.630568 -0.060877 2.711256
v -5.548222 -0.065780 2.585934
v -5.557193 -0.016506 2.572333
v -5.861707 -0.089848 2.227325
v -5.971421 -0.099050 2.356505
v -5.963295 -0.057629 2.355176
v -6.026038 -0.089658 2.515381
v -6.014626 -0.048417 2.505539
v -6.012729 -0.062229 2.699916
v -5.890947 -0.042019 2.806771
v -5.886394 -0.002197 2.789833
v -5.497560 -0.065883 2.415293
v -5.765907 -0.050068 2.822384
v -5.955567 -0.012366 2.744239
v -5.935079 0.058414 2.705818
v -5.962652 -0.053492 2.758901
v -6.021254 -0.037139 2.589574
v -5.985847 0.066921 2.570359
v -6.022535 -0.100619 2.591016
v -6.031850 -0.079654 2.594813
v -5.701213 0.060871 2.725316
v -5.694815 -0.008765 2.760094
v -5.693620 -0.055545 2.776937
v -5.358844 -0.081609 2.170451
v -5.370047 0.001066 2.175694
v -5.358214 -0.054092 2.175313
v -5.333903 0.026772 1.826165
v -5.330712 -0.038958 1.823135
v -5.923068 0.056825 2.342875
v -5.803714 0.178903 2.487220
v -5.890060 0.120480 2.396333
v -5.723087 0.154987 2.071001
v -5.490703 0.173867 2.316953
v -5.413531 0.194233 2.197479
v -5.325969 0.203554 2.078043
v -5.300115 0.215844 1.910304
v -5.616453 0.153596 1.905394
v -5.626599 0.215080 2.429161
v -5.838268 0.172294 2.309955
v -5.771180 0.219215 2.404378
v -5.533927 0.177032 1.864515
v -5.472519 0.200364 1.837930
v -5.339146 0.227826 1.842802
v -5.382332 6.039524 2.006320
v -5.412413 6.086190 2.007973
v -5.466146 6.094834 1.997674
v -5.412027 6.012744 2.004064
v -5.543750 6.030877 2.004442
v -5.518873 6.080486 2.006734
v -5.511261 6.006460 2.002270
v -6.223084 4.870000 2.071079
v -6.047881 5.107095 2.043909
v -6.278553 4.877452 1.682297
v -6.375724 5.085980 1.592347
v -6.117460 4.921127 1.910826
v -6.114567 4.918224 1.903982
v -6.371425 5.498801 1.589112
v -6.298103 5.559778 1.648136
v -6.115489 4.780506 1.846585
v -6.405297 5.229903 1.560718
v -6.397240 5.349496 1.554830
v -6.408455 5.122687 2.465622
v -6.711058 5.069400 2.260100
v -6.630894 5.133628 2.354661
v -6.549561 4.867722 2.953457
v -6.556457 4.762705 2.691378
v -6.626739 4.845258 2.172121
v -6.711784 4.932331 2.181848
v -6.519139 5.162334 2.432594
v -6.507154 4.745297 2.497006
v -6.531109 4.986576 3.166879
v -6.536642 5.099131 3.414329
v -6.529182 5.184416 3.649715
v -6.359358 5.492037 4.187150
v -6.423019 5.447089 4.216761
v -6.485499 5.470607 4.160745
v -6.308124 5.477337 4.249005
v -6.299072 5.446246 4.034542
v -6.412820 5.302095 3.730921
v -6.254900 5.415570 3.951964
v -6.242520 5.423770 3.987990
v -6.264329 5.409380 4.012808
v -6.448050 5.421153 3.885586
v -6.418946 5.417608 3.880919
v -6.362494 5.419892 3.932556
v -6.330879 5.444971 4.013789
v -6.349185 5.428036 3.980898
v -6.614998 5.389591 4.057268
v -6.452674 5.464730 3.985216
v -6.457518 5.441910 3.926242
v -6.338196 5.420471 4.278803
v -6.412102 5.518177 4.124757
v -6.506145 5.444543 4.080648
v -6.436402 5.493694 4.060472
v -6.567180 5.415023 4.223837
v -6.374128 5.394565 4.339856
v -6.436024 5.430385 4.274705
v -6.502192 5.383358 4.299277
v -6.379715 5.359602 4.312372
v -6.441097 5.340656 4.361059
v -6.520967 5.446425 4.099806
v -6.653539 5.345055 4.219091
v -6.487140 5.323171 4.341493
v -6.535292 5.353995 4.275989
v -6.548435 5.274455 4.354074
v -6.527505 5.267137 4.323317
v -6.596232 5.311404 4.292193
v -6.608122 5.384847 4.111907
v -6.600815 5.276476 4.290147
v -6.630195 5.219411 4.283745
v -6.724956 5.273770 4.180267
v -6.638387 5.304329 4.235762
v -6.658393 5.317557 4.166677
v -6.650210 5.236917 4.303777
v -6.749906 5.279016 4.100068
v -6.679268 5.320610 4.108097
v -6.683577 5.314880 4.059441
v -6.596333 5.237084 4.270072
v -6.490752 5.290565 4.313567
v -6.298971 5.441694 4.260009
v -6.320534 5.378063 3.827365
v -6.295206 5.398759 3.868267
v -5.525211 5.723153 1.898558
v -5.648243 5.753126 1.483538
v -5.664916 5.758514 1.750792
v -5.705252 5.766192 1.595892
v -5.691291 5.758898 1.535256
v -5.594316 5.734166 1.847317
v -6.072439 4.463027 1.828619
v -6.105589 3.953069 1.853744
v -6.349702 4.790387 2.243589
v -6.375352 4.769225 2.347989
v -6.377145 4.782498 2.363044
v -6.099215 4.628024 1.815027
v -6.126238 3.839213 1.871906
v -4.661240 3.743541 1.873762
v -4.716359 3.690862 1.904877
v -4.649617 5.091912 1.983822
v -4.660671 4.962714 1.682509
v -4.665225 4.961796 1.690336
v -4.753865 5.083299 1.366240
v -4.790132 5.371912 1.354784
v -4.651049 5.689645 1.589413
v -4.771345 5.521845 1.409692
v -4.672177 4.843889 1.752917
v -4.732468 5.610783 1.482042
v -4.138182 5.082652 1.225198
v -4.154990 4.663404 0.921074
v -3.970183 4.478749 0.839810
v -4.157012 4.983025 1.293270
v -4.285844 5.214074 1.035073
v -4.294716 4.851016 1.286900
v -4.496017 5.074414 0.997499
v -4.422691 5.168398 0.971055
v -4.310213 4.770934 1.010037
v -4.413387 4.858741 1.184703
v -4.482938 4.951936 1.067090
v -3.401150 3.993851 0.678550
v -3.781379 4.326180 0.809922
v -3.575122 4.161891 0.743602
v -2.954538 3.532844 0.696368
v -2.944199 3.617806 0.702090
v -2.960249 3.543045 0.613825
v -3.023318 3.746662 0.615600
v -2.997627 3.698030 0.618896
v -2.946374 3.628896 0.608189
v -3.154646 3.631477 0.845697
v -3.104179 3.587531 0.799408
v -3.079587 3.637814 0.776519
v -3.109216 3.617895 0.773450
v -3.102942 3.671352 0.770739
v -3.063159 3.804109 0.436696
v -3.082815 3.783521 0.726818
v -2.980800 3.437985 0.630932
v -2.952835 3.463992 0.610604
v -2.986018 3.677572 0.703357
v -3.038896 3.739787 0.713380
v -2.964853 3.410143 0.562666
v -2.944804 3.504627 0.568095
v -2.953747 3.519866 0.485141
v -2.972862 3.712977 0.510048
v -2.940831 3.623373 0.491223
v -3.021643 3.775143 0.524598
v -3.008580 3.438382 0.504256
v -2.937543 3.606630 0.588437
v -2.980860 3.427259 0.477276
v -2.983098 3.693245 0.600021
v -2.976053 3.669616 0.396373
v -2.978899 3.553380 0.457860
v -3.008218 3.753297 0.420144
v -3.007579 3.489103 0.370439
v -3.029251 3.485993 0.439347
v -3.033671 3.497863 0.396518
v -2.970573 3.648446 0.482159
v -3.031965 3.731944 0.327974
v -3.060603 3.584551 0.318102
v -3.030926 3.585055 0.303022
v -3.023777 3.657935 0.315209
v -3.038082 3.765593 0.419189
v -3.055518 3.809222 0.351538
v -3.021017 3.707603 0.404264
v -3.078896 3.602236 0.789855
v -3.171307 3.682501 0.855893
v -3.127211 3.714910 0.780444
v -3.135500 3.597824 0.841303
v -3.221724 3.760734 0.839966
v -3.135007 3.789236 0.763910
v -3.061913 3.576490 0.357842
v -3.193761 3.717343 0.848800
v -5.296727 5.750109 1.850779
v -5.227190 5.782854 1.766150
v -5.365431 5.731712 1.900417
v -5.445304 5.722638 1.920108
v -5.195599 5.804821 1.659505
v -5.465847 5.760618 1.427803
v -5.262304 5.793882 1.556171
v -5.214445 5.800860 1.606507
v -4.577926 4.915777 1.434684
v -4.504146 4.847897 1.213059
v -4.710557 4.497595 1.799010
v -4.690429 4.136326 1.802900
v -4.445525 4.798476 1.150467
v -4.688425 4.684134 1.760812
v -4.606770 5.672777 1.690371
v -5.474425 3.028336 3.768918
v -5.452611 2.750414 4.146058
v -5.842311 1.619700 2.706558
v -5.781484 1.451436 2.582726
v -5.874647 1.743846 2.730210
v -5.568803 1.175797 2.385372
v -5.568854 1.175937 2.385429
v -5.617379 1.257364 2.402610
v -5.476303 0.801927 2.231491
v -5.531165 1.060876 2.344293
v -5.523349 2.477797 4.430371
v -5.506814 2.304548 4.806833
v -5.494243 2.515647 4.346526
v -5.514813 3.050345 2.456319
v -4.787500 3.773509 2.079623
v -4.778485 3.502687 1.694682
v -5.384091 3.692733 1.476902
v -5.048736 3.590895 1.522450
v -4.914433 3.812829 2.195699
v -5.141091 3.827830 2.326594
v -5.516953 3.197077 2.889851
v -5.484197 3.102841 2.489648
v -5.464542 3.128982 3.308158
v -5.302715 3.608534 3.206784
v -5.241583 3.650918 3.227848
v -4.852567 3.233037 3.148561
v -4.857894 3.409159 3.193262
v -5.445803 3.146329 3.011424
v -5.448540 3.509197 3.079348
v -5.212495 2.899811 3.002727
v -5.477554 3.305654 3.032516
v -5.339384 3.598570 3.188047
v -5.060830 2.923178 3.045463
v -5.053356 3.619877 3.267053
v -4.957600 3.530015 3.260312
v -5.512880 3.172898 3.080838
v -5.400743 2.822525 1.800812
v -5.472653 3.562984 2.565331
v -5.407981 3.679777 2.417485
v -5.538922 3.218567 2.619088
v -5.494978 3.513843 2.635047
v -5.509637 3.391515 2.659614
v -5.452887 3.571100 2.517959
v -5.381385 3.468662 1.460335
v -5.736171 2.148240 2.530757
v -6.272271 2.456335 2.361978
v -5.662270 2.395377 2.382782
v -5.633789 2.384067 2.523536
v -5.685005 2.575101 2.688229
v -5.856197 2.292208 2.113382
v -5.720500 2.312791 2.208372
v -5.655059 2.479199 2.538342
v -5.860708 2.570620 2.815901
v -5.901289 2.562906 2.818517
v -6.143481 2.365198 2.200020
v -6.015030 2.304095 2.115675
v -6.155309 2.562146 2.785207
v -6.060963 2.570113 2.825266
v -5.381574 3.483280 1.471717
v -5.941137 3.667055 1.641627
v -5.696372 3.683410 1.494792
v -5.875786 3.779823 2.280438
v -6.046944 3.730132 1.921788
v -5.398760 3.795609 2.405430
v -5.383173 3.672960 1.461928
v -5.479498 2.138494 5.179202
v -5.359857 1.792577 5.280838
v -5.520839 1.909376 5.720658
v -5.438444 1.722297 5.313672
v -5.236814 1.756584 5.461972
v -5.196177 1.827226 5.644279
v -5.556677 2.051730 6.006158
v -5.091340 1.987468 6.000190
v -5.531137 1.969238 5.849416
v -5.501308 2.164306 6.212813
v -5.457450 2.197953 6.267383
v -5.340723 2.214824 6.300157
v -5.136856 1.914876 5.843076
v -5.191776 2.168413 6.272012
v -5.568017 1.815917 5.503087
v -5.559202 1.856613 5.594757
v -5.369358 1.737490 5.293204
v -5.372469 1.719036 5.323768
v -5.225252 2.044590 5.348913
v -5.481987 2.260286 5.495232
v -5.403617 2.344120 5.518040
v -5.198560 2.273786 5.523592
v -5.522736 2.105282 5.368320
v -5.459965 2.055230 5.237511
v -5.406405 2.014702 5.219997
v -5.335562 2.016174 5.227656
v -5.259109 2.033739 5.312611
v -5.337293 1.933790 5.269867
v -5.392617 0.433456 2.071850
v -5.411331 0.224810 1.812505
v -5.450730 -0.088411 2.278234
v -5.289582 -0.067112 1.908503
v -5.338856 -0.069293 1.837163
v -5.585301 -0.093187 1.887337
v -5.704013 -0.109041 2.047129
v -5.631600 -0.088399 2.705255
v -5.962027 -0.118576 2.358063
v -6.016540 -0.109612 2.515727
v -5.956898 -0.075469 2.751573
v -5.764271 -0.070786 2.814505
v -5.500539 -0.092948 2.411526
v -5.848566 -0.115979 2.219693
v -5.885562 -0.063610 2.799642
v -5.698220 -0.079032 2.774468
v -5.402308 -0.072910 1.816521
v -5.727429 0.281909 2.151049
v -5.461544 0.271969 2.248132
v -5.338209 0.241999 2.081494
v -5.384623 0.372220 1.914591
v -5.529405 0.247913 1.875424
v -5.444816 0.357018 1.877796
v -5.358860 0.363594 1.979579
v -5.422822 6.027655 2.115118
v -5.464141 6.029426 2.126540
v -5.418969 6.031551 2.113426
v -5.357312 6.026374 2.078943
v -5.356065 6.027141 2.072751
v -5.356049 6.025556 2.111956
v -5.353416 6.026365 2.109145
v -5.461108 6.002024 1.991993
v -5.504758 6.023265 2.114164
v -5.464043 6.027004 2.129197
v -5.508912 6.025835 2.111836
v -5.570078 6.015676 2.070261
v -5.568901 6.015039 2.076481
v -5.573472 6.014576 2.106584
v -5.570835 6.014049 2.109457
v -5.325009 5.761230 1.831305
v -5.283717 6.175961 1.447689
v -5.568737 5.748173 1.828472
v -5.643406 6.156691 1.443504
v -5.412343 5.427472 1.949843
v -5.415944 5.710288 1.910450
v -5.182065 5.641424 1.728892
v -5.173682 6.280712 1.535606
v -5.449151 5.425499 1.949414
v -5.474870 5.707130 1.909764
v -5.695778 5.613902 1.722905
v -5.282188 6.550418 1.393260
v -5.766011 6.248978 1.528715
v -5.261169 6.605358 1.439916
v -5.255090 6.746470 1.720288
v -5.683665 6.528907 1.388589
v -5.711510 6.581233 1.434677
v -5.432816 6.674567 2.081750
v -5.739132 6.720538 1.714656
v -5.563176 6.667583 2.080233
v -5.413727 6.142165 2.225233
v -5.356294 6.137699 2.170610
v -5.528604 6.136012 2.223896
v -5.583949 6.125502 2.167962
v -5.362558 6.211369 1.393495
v -5.235618 5.888331 1.771567
v -5.184213 6.242304 1.524261
v -5.236923 5.639365 1.820140
v -5.567563 6.200386 1.391109
v -5.669078 5.865107 1.766515
v -5.751178 6.211931 1.517664
v -5.643147 5.617602 1.815413
v -5.338950 6.776086 1.871409
v -5.264001 6.499311 2.092247
v -5.334569 6.705219 2.003531
v -5.662445 6.758755 1.867645
v -5.712501 6.475284 2.087028
v -5.662293 6.687663 1.999718
v -5.242127 6.533353 1.422463
v -5.191833 6.655934 1.646115
v -5.312483 5.835400 1.509164
v -5.276144 5.921790 1.873315
v -5.182711 6.154730 1.884980
v -5.183509 6.071780 1.824025
v -5.216019 6.390201 1.431719
v -5.722342 6.507627 1.416876
v -5.790618 6.623855 1.639148
v -5.580695 5.821026 1.506003
v -5.208108 5.539021 1.832085
v -5.634529 5.902589 1.869141
v -5.751685 6.124249 1.878361
v -5.740654 6.041933 1.817537
v -5.733215 6.362492 1.425702
v -5.664339 5.571307 1.823512
v -5.318970 6.792478 1.750882
v -5.456457 5.277518 1.953010
v -5.356598 5.857213 1.964973
v -5.681260 6.773070 1.746667
v -5.363723 5.285147 1.948355
v -5.286243 5.813794 1.809941
v -5.550070 5.846847 1.962697
v -5.612260 5.796327 1.806151
v -5.428190 6.464403 2.152991
v -5.450574 6.734191 2.030638
v -5.071263 5.602489 1.567595
v -5.388577 6.392504 1.324951
v -5.326240 6.017210 2.116582
v -5.393788 5.976931 2.198633
v -5.546976 6.458039 2.151609
v -5.550708 6.728827 2.029472
v -5.798014 5.563549 1.559087
v -5.559460 6.383349 1.322963
v -5.599728 6.002560 2.113400
v -5.530190 5.969624 2.197046
v -5.246492 6.000489 1.609901
v -5.262978 5.965910 1.589706
v -5.445324 6.376014 2.176378
v -5.378159 6.705153 1.432291
v -5.247958 6.599255 1.994328
v -5.374846 6.035278 1.490770
v -5.255679 6.736647 1.786385
v -5.663692 5.974363 1.605141
v -5.643886 5.942927 1.585743
v -5.472730 6.827362 1.635131
v -5.521044 6.371957 2.175498
v -5.447332 6.834481 1.784073
v -5.605705 6.692963 1.429643
v -5.736852 6.573063 1.988640
v -5.371586 6.125359 2.182824
v -5.538793 6.026491 1.488785
v -5.389056 6.118656 2.182532
v -5.739031 6.710751 1.780761
v -5.529462 6.824323 1.634470
v -5.558924 6.828503 1.782775
v -5.567713 6.114851 2.180542
v -5.549625 6.110054 2.180664
v -5.187319 5.744824 1.669901
v -5.225455 5.877040 1.741251
v -5.236866 6.186226 1.478737
v -5.159764 6.413485 1.648458
v -5.158160 6.431157 1.589282
v -5.152343 6.282149 1.705620
v -5.696285 5.714757 1.662317
v -5.677292 5.852833 1.735985
v -5.140478 6.186873 1.639559
v -5.175214 6.270114 1.574162
v -5.133068 6.226740 1.606526
v -5.147121 6.252353 1.598755
v -5.150653 6.302355 1.658763
v -5.127519 6.283572 1.642321
v -5.691794 6.161854 1.473444
v -5.134357 6.402189 1.683684
v -5.490943 6.741998 1.447391
v -5.414980 6.816978 1.610635
v -5.796649 6.379364 1.641048
v -5.798758 6.396837 1.581829
v -5.791320 6.247916 1.698185
v -5.791404 6.152000 1.631985
v -5.764252 6.238557 1.567309
v -5.802262 6.190888 1.598740
v -5.790849 6.217866 1.591265
v -5.382999 5.831974 1.950125
v -5.280161 5.897973 1.836154
v -5.277638 5.912731 1.850946
v -5.794072 6.267884 1.651277
v -5.814680 6.246758 1.634326
v -5.121811 5.386653 1.569725
v -5.521087 5.409176 1.341127
v -5.821514 6.365376 1.675689
v -5.497883 6.741626 1.447310
v -5.585188 6.807860 1.608654
v -5.147457 5.695127 1.636099
v -5.147548 5.714916 1.604135
v -5.521002 5.824577 1.948483
v -5.627337 5.879374 1.832114
v -5.631649 5.893765 1.846825
v -5.337190 5.421371 1.345060
v -5.748124 5.335134 1.601162
v -5.733763 5.663713 1.629222
v -5.735044 5.683437 1.597229
v -5.354505 5.706033 1.862227
v -5.306955 5.659094 1.867931
v -5.184647 6.401410 1.478054
v -5.399593 5.875491 2.129064
v -5.534368 5.696397 1.860134
v -5.576751 5.644639 1.864792
v -5.766671 6.370228 1.471282
v -5.206917 6.377038 2.002282
v -5.451441 6.055295 2.209955
v -5.512499 5.869439 2.127714
v -5.442904 6.183831 2.217646
v -5.754093 6.347724 1.995916
v -5.335654 6.604654 2.093042
v -5.303459 6.510807 2.126719
v -5.481482 6.053685 2.209606
v -5.398557 6.496130 1.327499
v -5.415668 6.446151 1.318058
v -5.357500 5.510252 1.344045
v -5.116959 6.314195 1.577243
v -5.388148 5.669433 1.416313
v -5.503877 6.180566 2.216936
v -5.174010 6.173906 1.681531
v -5.652548 6.587677 2.089355
v -5.675307 6.490886 2.122393
v -5.151929 6.158105 1.724211
v -5.167686 6.199804 1.773983
v -5.177867 6.099914 1.786865
v -5.173286 6.149608 1.823537
v -5.560668 6.487446 1.325613
v -5.538103 6.439591 1.316633
v -5.498455 5.502701 1.342422
v -5.826938 6.276158 1.568982
v -5.486672 5.664159 1.415261
v -5.373552 5.993332 1.507466
v -5.299124 6.753482 1.576063
v -5.090305 5.622006 1.526299
v -5.757661 6.142636 1.674740
v -5.778912 6.124516 1.716916
v -5.357127 6.747083 1.964074
v -5.768858 6.167597 1.766988
v -5.458804 6.249959 2.268631
v -5.110238 6.359668 1.625832
v -5.122196 6.265516 1.632047
v -5.748367 6.069351 1.780227
v -5.759080 6.118226 1.816721
v -5.211818 5.711150 1.729929
v -5.435465 6.248502 1.358206
v -5.404587 6.317796 1.333586
v -5.289294 6.771950 1.675168
v -5.536004 5.984623 1.505453
v -5.692764 6.732391 1.571483
v -5.222560 6.082255 1.619238
v -5.231483 6.025702 1.629577
v -5.780213 5.585042 1.518200
v -5.643428 6.731745 1.960743
v -5.158459 6.353676 1.726056
v -5.335535 6.035144 1.509964
v -5.297576 6.045716 1.531595
v -5.348458 6.093914 1.468950
v -5.202776 5.315431 1.863732
v -5.137214 6.224028 1.719751
v -5.136688 6.224848 1.663442
v -5.496319 6.247949 2.268194
v -5.839603 6.320592 1.617346
v -5.817804 6.228250 1.623954
v -5.673676 5.686406 1.724546
v -5.156117 6.269506 1.697895
v -5.158937 6.229730 1.706488
v -5.252748 5.529669 1.883282
v -5.498241 6.245139 1.357476
v -5.535765 6.310768 1.332060
v -5.233615 5.871273 1.597249
v -5.185647 6.250511 1.901202
v -5.172515 6.358894 1.850462
v -5.706808 6.749582 1.670310
v -5.289273 6.445217 2.091952
v -5.382712 6.358536 2.135849
v -5.447309 6.409374 2.157426
v -5.697883 6.056207 1.613849
v -5.681480 5.997508 1.624087
v -5.303020 6.093478 2.103971
v -5.246122 6.122544 2.032551
v -5.186877 6.075576 1.868626
v -5.204564 6.036714 1.898833
v -5.251676 6.649896 1.488635
v -5.793356 6.319663 1.718669
v -5.578300 6.022135 1.507082
v -5.617651 6.028533 1.527869
v -5.570781 6.082002 1.466345
v -5.800479 6.188496 1.712034
v -5.799783 6.189325 1.655727
v -5.786039 6.235759 1.690566
v -5.779186 6.196500 1.699272
v -5.617162 5.510146 1.879043
v -5.664539 5.847430 1.592717
v -5.407250 6.794204 1.550490
v -5.416195 5.792255 1.935958
v -5.759374 6.219775 1.894527
v -5.782829 6.326196 1.843361
v -5.410641 6.611747 2.111322
v -5.681594 6.424199 2.087387
v -5.270540 6.350974 2.090686
v -5.291520 6.243669 2.123294
v -5.580474 6.347941 2.133548
v -5.256443 6.247321 1.423404
v -5.287416 6.252679 1.401741
v -5.522196 6.405362 2.156555
v -5.630633 6.075927 2.100159
v -5.688638 6.098836 2.027403
v -5.738741 6.046010 1.862203
v -5.717831 6.009215 1.892836
v -5.726835 6.624441 1.483106
v -5.589044 6.784464 1.548375
v -5.435232 5.589699 1.872059
v -5.136658 6.191223 1.662998
v -5.127361 6.266212 1.615141
v -5.121724 6.236155 1.620640
v -5.483755 5.788636 1.935163
v -5.213689 5.784622 1.540177
v -5.158168 5.655041 1.493731
v -5.152430 5.726004 1.573792
v -5.579193 6.602717 2.109361
v -5.121596 5.697089 1.571623
v -5.398722 6.237388 2.190530
v -5.427527 6.299623 2.233251
v -5.440391 6.342604 2.202487
v -5.690118 6.328496 2.085804
v -5.658558 6.224006 2.119024
v -5.450573 6.221045 2.213886
v -5.457182 6.256479 2.240502
v -5.410010 6.223632 2.202978
v -5.677577 6.224759 1.418504
v -5.646860 6.233423 1.397559
v -5.453534 6.705947 2.062331
v -5.387776 6.822841 1.665851
v -5.441925 5.589340 1.871981
v -5.796209 6.155890 1.655325
v -5.812352 6.229514 1.607171
v -5.814871 6.199020 1.612575
v -5.674818 5.759919 1.534832
v -5.715530 5.625176 1.487175
v -5.730672 5.695020 1.566983
v -5.758182 5.662980 1.564130
v -5.552886 6.229128 2.188736
v -5.531893 6.294032 2.232036
v -5.522985 6.338180 2.201526
v -5.500142 6.218389 2.213309
v -5.497975 6.254294 2.240028
v -5.439456 6.016366 2.202925
v -5.540486 6.216642 2.201460
v -5.120051 5.639588 1.517825
v -5.292260 5.758235 1.816746
v -5.245520 5.728898 1.774792
v -5.372243 6.617757 1.372975
v -5.422820 6.589251 1.344738
v -5.545484 6.701021 2.061262
v -5.255604 5.923460 1.808388
v -5.417584 6.430110 2.121805
v -5.614137 6.810714 1.663218
v -5.140242 6.183933 1.733310
v -5.147796 6.190527 1.694165
v -5.411501 6.118058 2.197970
v -5.489074 6.013708 2.202348
v -5.163815 6.559575 1.584356
v -5.752327 5.605710 1.510390
v -5.142410 6.311390 1.704452
v -5.600715 5.741709 1.813158
v -5.643114 5.707597 1.770166
v -5.143911 6.278869 1.589461
v -5.600873 6.605508 1.370315
v -5.546899 6.582603 1.343294
v -5.379754 6.819123 1.781801
v -5.434825 6.815286 1.870705
v -5.653639 5.902136 1.803739
v -5.553131 6.422849 2.120229
v -5.364589 5.910571 2.144984
v -5.399451 5.922676 2.194053
v -5.793500 6.148934 1.725709
v -5.785788 6.156348 1.686742
v -5.527609 6.111837 2.196619
v -5.806741 6.525131 1.576876
v -5.144525 6.311180 1.588578
v -5.139233 6.348002 1.595618
v -5.157256 6.331831 1.594339
v -5.433764 5.631567 1.378098
v -5.804291 6.275930 1.696751
v -5.325956 5.518824 1.908392
v -5.160980 6.205192 1.631731
v -5.161458 6.481682 1.550027
v -5.796657 6.243897 1.581867
v -5.169518 6.173355 1.757216
v -5.190397 6.461042 1.468159
v -5.181319 5.759793 1.576598
v -5.102928 6.375293 1.597196
v -5.445993 5.935048 1.495604
v -5.396334 5.877456 1.498904
v -5.624403 6.806016 1.778954
v -5.571315 6.807974 1.869117
v -5.433528 6.753795 1.467838
v -5.300897 6.458814 1.359009
v -5.349622 6.281203 1.362425
v -5.266893 6.369188 1.382029
v -5.551173 5.900572 2.142767
v -5.518787 5.916282 2.192648
v -5.147134 6.253597 1.705641
v -5.143054 6.259211 1.713988
v -5.799479 6.276092 1.580958
v -5.808836 6.312129 1.587827
v -5.789163 6.297976 1.586987
v -5.227384 5.882756 1.620533
v -5.236989 5.935558 1.625095
v -5.436398 5.631430 1.378145
v -5.543817 5.507152 1.905857
v -5.444540 6.203932 2.212453
v -5.427213 6.225188 2.212361
v -5.772800 6.172415 1.624612
v -5.686508 5.473435 1.839706
v -5.320073 5.956373 1.538690
v -5.745933 5.500486 1.694175
v -5.799966 6.447474 1.542598
v -5.291823 5.895747 1.542359
v -5.763824 6.141515 1.750301
v -5.157140 6.260986 1.677802
v -5.173865 6.255964 1.697914
v -5.767097 6.430148 1.461450
v -5.705528 5.731705 1.570448
v -5.847875 6.335383 1.588529
v -5.457666 5.934414 1.495311
v -5.501344 5.871820 1.497526
v -5.179463 6.626747 1.692328
v -5.191367 6.374956 1.955210
v -5.220491 6.465916 2.007487
v -5.556688 6.747196 1.466405
v -5.654489 6.439870 1.354895
v -5.212395 6.012372 1.711430
v -5.215562 6.010647 1.782196
v -5.404871 6.755949 1.986577
v -5.345491 5.834744 1.902538
v -5.587161 6.268477 1.359661
v -5.679248 6.347097 1.377231
v -5.351688 6.419313 2.127752
v -5.330689 6.457821 2.113256
v -5.123694 6.413619 1.644246
v -5.127133 6.411832 1.630526
v -5.793449 6.218972 1.698122
v -5.798298 6.224106 1.706364
v -5.670111 5.854971 1.615308
v -5.665513 5.907087 1.619803
v -5.504278 6.200732 2.211757
v -5.523769 6.220016 2.211237
v -5.586051 5.942114 1.535586
v -5.608098 5.878806 1.538724
v -5.447419 6.095013 2.219679
v -5.439894 6.078030 2.219321
v -5.783647 6.227421 1.670513
v -5.766952 6.224190 1.691014
v -5.800867 6.593455 1.685098
v -5.768236 6.344052 1.948498
v -5.750216 6.437536 2.001324
v -5.701291 5.982910 1.703842
v -5.701526 5.984609 1.776508
v -5.597438 6.745633 1.984336
v -5.557465 5.823387 1.900046
v -5.440611 5.823501 1.970556
v -5.395399 5.849349 2.009687
v -5.617616 6.405066 2.124658
v -5.642267 6.441129 2.109631
v -5.832418 6.375649 1.636000
v -5.828491 6.374258 1.622366
v -5.382389 6.270678 2.184144
v -5.337174 6.224301 2.160938
v -5.402399 5.569445 1.885572
v -5.447107 6.442721 2.155232
v -5.461083 6.409935 2.169161
v -5.316556 5.975311 2.101610
v -5.202777 6.466468 1.931025
v -5.221635 6.671022 1.860918
v -5.391779 6.088937 2.193852
v -5.330142 6.442842 2.118560
v -5.331731 6.421189 2.125547
v -5.489948 6.092734 2.219185
v -5.495606 6.075047 2.218672
v -5.355207 5.455404 1.944871
v -5.432832 6.254643 2.222668
v -5.417500 6.252855 2.235909
v -5.122353 6.388367 1.634829
v -5.115803 6.403650 1.640661
v -5.117904 6.360057 1.606145
v -5.119556 6.379562 1.620515
v -5.143555 6.363705 1.704634
v -5.158914 6.368191 1.679576
v -5.120066 6.343990 1.641842
v -5.139676 6.346303 1.650981
v -5.109863 6.331532 1.617263
v -5.463436 5.822278 1.970286
v -5.511716 5.843115 2.008297
v -5.133396 6.193635 1.636061
v -5.119181 6.239786 1.610037
v -5.572530 6.260491 2.181931
v -5.611981 6.209578 2.157740
v -5.127329 6.334628 1.653466
v -5.472711 5.565677 1.884754
v -5.207295 5.683414 1.494066
v -5.525907 6.438500 2.154315
v -5.508836 6.407376 2.168605
v -5.165719 6.235665 1.770539
v -5.604642 5.959874 2.098219
v -5.766109 6.436288 1.924471
v -5.767589 6.641773 1.854566
v -5.544006 6.080781 2.192081
v -5.641046 6.425044 2.095393
v -5.637603 6.404802 2.121989
v -5.508812 5.447175 1.943084
v -5.521570 6.249889 2.221636
v -5.536926 6.246457 2.234519
v -5.830836 6.350412 1.626586
v -5.839115 6.364901 1.632246
v -5.831568 6.321825 1.597842
v -5.832343 6.341376 1.612222
v -5.189322 6.187384 1.616799
v -5.175516 6.213228 1.619426
v -5.808745 6.328068 1.696894
v -5.793377 6.334200 1.672194
v -5.828531 6.306035 1.633599
v -5.809498 6.310418 1.643188
v -5.197359 6.230422 1.497561
v -5.207846 6.285636 1.459354
v -5.836772 6.292587 1.608806
v -5.799085 6.157971 1.628315
v -5.817542 6.202372 1.601912
v -5.820581 6.297487 1.645400
v -5.669737 5.658638 1.488641
v -5.774566 6.203047 1.763455
v -5.091255 5.601913 1.598092
v -5.233307 6.544845 2.021866
v -5.264997 6.411902 2.071249
v -5.174227 6.482397 1.505804
v -5.343407 6.455050 1.338891
v -5.742379 6.157755 1.610364
v -5.758924 6.181972 1.612638
v -5.185441 5.774793 1.615219
v -5.170873 6.254733 1.791271
v -5.736222 6.201554 1.491292
v -5.730810 6.257619 1.453269
v -5.400125 6.271505 2.223438
v -5.426979 6.271958 2.245978
v -5.445815 6.284350 2.272037
v -5.251091 5.613944 1.858210
v -5.349096 5.754183 1.466360
v -5.440929 6.703443 1.408080
v -5.124118 6.395560 1.603148
v -5.112962 6.401628 1.606280
v -5.101879 6.326536 1.577711
v -5.099358 6.320455 1.587149
v -5.778789 5.565077 1.590048
v -5.746242 6.517366 2.015898
v -5.340681 5.851008 1.507140
v -5.701686 6.388506 2.066168
v -5.786324 6.449605 1.498682
v -5.383707 6.571697 2.133090
v -5.611364 6.440694 1.335774
v -5.358215 6.535936 2.145126
v -5.703793 5.747022 1.609168
v -5.771960 6.222531 1.784278
v -5.555900 6.263159 2.221626
v -5.529778 6.266450 2.244782
v -5.512983 6.280753 2.271255
v -5.627231 5.593793 1.853834
v -5.230653 6.718239 1.668283
v -5.535304 5.744208 1.464194
v -5.542566 6.697998 1.406897
v -5.140828 6.217394 1.647561
v -5.150037 6.201250 1.668328
v -5.436838 5.708205 1.915055
v -5.829114 6.357790 1.594946
v -5.840925 6.362628 1.597811
v -5.347419 5.933504 1.524170
v -5.389665 5.943639 1.508648
v -5.470557 6.168265 2.217238
v -5.201852 5.793087 1.675502
v -5.212203 5.848930 1.649941
v -5.843257 6.286818 1.569085
v -5.845332 6.280489 1.578469
v -5.436522 6.616865 1.353518
v -5.228115 6.238211 1.453675
v -5.397681 5.478216 1.329661
v -5.336262 5.988219 1.527704
v -5.305626 5.983284 1.548632
v -5.450782 6.352553 1.318949
v -5.554190 5.839561 1.504514
v -5.426422 5.975923 2.216413
v -5.602193 6.559991 2.130548
v -5.623990 6.521698 2.142034
v -5.112609 6.377814 1.587534
v -5.101000 6.366092 1.585251
v -5.248882 6.704096 1.868936
v -5.192659 5.768028 1.554774
v -5.759201 6.689922 1.662134
v -5.794502 6.182374 1.639956
v -5.784105 6.167279 1.660950
v -5.272386 5.738871 1.806889
v -5.453985 5.707287 1.914855
v -5.274365 5.868810 1.811931
v -5.185517 6.285033 1.493611
v -5.210093 6.475482 1.441103
v -5.556156 5.922312 1.521585
v -5.514866 5.936921 1.507023
v -5.376034 6.746813 1.484684
v -5.146815 6.200120 1.766618
v -5.141101 6.199736 1.726606
v -5.474718 6.168042 2.217190
v -5.146737 6.222950 1.746839
v -5.147254 6.241395 1.731630
v -5.685169 5.761870 1.666839
v -5.679974 5.817326 1.642771
v -5.133856 6.170782 1.710569
v -5.142849 6.170091 1.746341
v -5.536433 6.611512 1.352356
v -5.705465 6.212638 1.448122
v -5.219032 6.317615 2.048105
v -5.241982 6.273938 2.083279
v -5.221079 5.652744 1.444965
v -5.215377 6.626778 1.519412
v -5.454758 5.475158 1.328997
v -5.184143 6.596216 1.552360
v -5.572963 5.975413 1.524974
v -5.603278 5.966797 1.545495
v -5.266230 5.923978 1.578338
v -5.246323 5.853425 1.561156
v -5.493221 6.350279 1.318456
v -5.498040 5.972086 2.215580
v -5.438807 6.150137 2.235153
v -5.838296 6.338936 1.579091
v -5.848531 6.326043 1.576554
v -5.744225 6.677559 1.863173
v -5.694516 5.741140 1.548906
v -5.361078 6.338101 1.339678
v -5.300022 6.312534 1.372826
v -5.327909 6.385372 1.345413
v -5.618219 5.720343 1.802866
v -5.629638 5.849777 1.807794
v -5.286631 6.721148 1.910395
v -5.753735 6.254591 1.487000
v -5.404271 6.252831 2.231101
v -5.407805 6.237539 2.224711
v -5.285622 6.590143 2.060190
v -5.748434 6.446640 1.434839
v -5.182125 6.577261 1.772112
v -5.613483 6.734092 1.481922
v -5.789467 6.165691 1.759141
v -5.794178 6.164748 1.719007
v -5.229484 5.982856 1.885167
v -5.791525 6.188404 1.739337
v -5.792629 6.206820 1.724121
v -5.420200 5.816212 1.957159
v -5.248968 6.728420 1.613703
v -5.143810 6.289352 1.692455
v -5.131058 6.309723 1.651141
v -5.154351 6.316325 1.684151
v -5.142659 6.337461 1.687357
v -5.140721 6.348088 1.708029
v -5.797915 6.135205 1.702842
v -5.789732 6.135435 1.738815
v -5.736765 6.289878 2.042081
v -5.710104 6.248859 2.077832
v -5.651621 5.629678 1.439929
v -5.215064 5.839509 1.689325
v -5.761160 6.597538 1.513062
v -5.789707 6.563774 1.545315
v -5.336180 6.656432 1.413128
v -5.273450 6.529947 2.098340
v -5.636887 5.903180 1.574624
v -5.649740 5.831816 1.556533
v -5.294448 6.098065 1.496240
v -5.504757 6.146605 2.234385
v -5.199207 6.105626 1.929179
v -5.143253 6.347673 1.689586
v -5.195845 6.303168 1.981494
v -5.581325 6.326301 1.337115
v -5.640052 6.294317 1.368870
v -5.619477 6.369752 1.342021
v -5.709485 6.698494 1.905475
v -5.549962 6.245026 2.229406
v -5.544666 6.230207 2.223119
v -5.699968 6.567945 2.055369
v -5.794786 6.544439 1.764983
v -5.351937 6.372682 2.124340
v -5.687292 5.958326 1.879806
v -5.304225 6.403111 2.105659
v -5.482682 5.812864 1.956419
v -5.740817 6.702069 1.607981
v -5.376731 6.407443 2.114477
v -5.800267 6.254182 1.684817
v -5.814159 6.273126 1.643193
v -5.792478 6.282137 1.676726
v -5.806432 6.301899 1.679634
v -5.809973 6.312234 1.700242
v -5.678320 5.809608 1.681029
v -5.641783 6.640058 1.409572
v -5.706522 6.506746 2.093301
v -5.625544 6.080327 1.492381
v -5.731067 6.077132 1.922991
v -5.460301 6.251567 2.230775
v -5.404604 5.947821 2.206409
v -5.806984 6.312115 1.681864
v -5.756725 6.273118 1.974968
v -5.265843 6.714114 1.543463
v -5.281463 6.701048 1.504886
v -5.612309 6.358733 2.121311
v -5.662551 6.383914 2.101489
v -5.591147 6.395956 2.111982
v -5.477569 6.506896 1.319470
v -5.479064 6.832816 1.818600
v -5.474815 6.447464 2.164490
v -5.447187 6.488703 2.164397
v -5.466167 6.810205 1.567090
v -5.352660 6.318122 2.141689
v -5.243922 6.179689 2.044679
v -5.113094 6.329651 1.636093
v -5.494125 6.249755 2.230381
v -5.516551 5.941823 2.205100
v -5.162549 6.390541 1.730540
v -5.399372 5.901183 2.175343
v -5.157372 6.300349 1.672906
v -5.720884 6.689736 1.538168
v -5.703067 6.678463 1.499981
v -5.240745 5.968304 1.810856
v -5.483094 6.506600 1.319405
v -5.528005 6.830192 1.818031
v -5.499087 6.446164 2.164207
v -5.530953 6.484214 2.163423
v -5.532574 6.806647 1.566318
v -5.465022 6.373240 2.199386
v -5.606164 6.304541 2.138739
v -5.478455 6.418932 2.170383
v -5.204877 6.541362 1.474406
v -5.394899 6.811758 1.849169
v -5.697211 6.155404 2.039405
v -5.833796 6.291039 1.627708
v -5.360192 5.655497 1.868615
v -5.333721 5.695143 1.853661
v -5.429484 6.409172 2.130441
v -5.793334 6.356745 1.723201
v -5.289629 5.520349 1.905235
v -5.516260 5.894918 2.173958
v -5.385352 6.713322 2.034625
v -5.465735 6.241694 2.252512
v -5.787508 6.266591 1.665575
v -5.239165 6.416150 2.035627
v -5.217426 6.409413 2.010330
v -5.672937 5.945148 1.805798
v -5.415983 5.836019 1.984293
v -5.325404 6.698170 1.457302
v -5.305116 6.658166 1.436719
v -5.162658 6.238247 1.711834
v -5.200329 6.049387 1.747257
v -5.145611 6.325917 1.697900
v -5.255241 6.040036 1.583055
v -5.501702 6.371274 2.198959
v -5.492558 6.418177 2.170219
v -5.761428 6.511546 1.467930
v -5.610125 6.800227 1.846665
v -5.160150 6.358282 1.679541
v -5.407686 6.831230 1.706090
v -5.371219 6.821797 1.716898
v -5.523464 5.646750 1.866715
v -5.553665 5.683360 1.851102
v -5.539266 6.403291 2.129164
v -5.580017 5.504791 1.901856
v -5.133546 6.189872 1.651972
v -5.613402 6.701105 2.031972
v -5.488173 6.240491 2.252251
v -5.245327 6.084302 1.564026
v -5.158992 6.415075 1.673604
v -5.160422 6.378709 1.616500
v -5.434157 5.517456 1.913966
v -5.291938 6.530429 2.115028
v -5.109404 6.289405 1.595132
v -5.122120 6.297431 1.603821
v -5.388192 5.721702 1.892608
v -5.726990 6.390016 2.029952
v -5.747292 6.381026 2.004165
v -5.399184 5.627964 1.874655
v -5.489438 5.832082 1.983419
v -5.723326 5.481154 1.760121
v -5.171684 6.608033 1.631111
v -5.657979 6.680353 1.453433
v -5.673394 6.638436 1.432435
v -5.776522 6.205359 1.704692
v -5.719338 6.020751 1.740712
v -5.802509 6.290723 1.690257
v -5.659700 6.016900 1.578652
v -5.328090 6.735112 1.503359
v -5.165231 6.337074 1.592055
v -5.167510 6.294201 1.582785
v -5.406540 6.203272 2.196990
v -5.151886 5.586787 1.682141
v -5.119180 5.598229 1.635686
v -5.398744 6.176632 2.198804
v -5.791089 6.324480 1.672200
v -5.596176 6.821132 1.703897
v -5.631668 6.807844 1.713868
v -5.380790 5.818851 1.489246
v -5.208241 5.827135 1.615326
v -5.798903 6.154226 1.644230
v -5.210012 6.683608 1.778255
v -5.379097 6.438218 2.087714
v -5.374933 6.431093 2.116787
v -5.116572 6.371365 1.643935
v -5.674472 6.061307 1.559044
v -5.798169 6.380832 1.666167
v -5.791537 6.344898 1.609157
v -5.436248 5.517344 1.913942
v -5.343308 5.607535 1.886449
v -5.393113 6.251229 2.214573
v -5.213762 6.060707 1.941823
v -5.352899 5.975724 2.161546
v -5.688583 6.509180 2.110414
v -5.356633 6.398472 2.120673
v -5.333891 6.396251 2.120202
v -5.832215 6.250680 1.586722
v -5.820634 6.260008 1.595694
v -5.503261 5.715537 1.891269
v -5.269724 6.305883 2.107374
v -5.481905 5.623532 1.873693
v -5.805181 6.574093 1.623740
v -5.166670 6.425619 1.775809
v -5.172523 6.256656 1.586763
v -5.272803 6.670124 1.970887
v -5.660324 6.717313 1.499494
v -5.401743 6.131713 1.433302
v -5.781744 6.304045 1.584882
v -5.774683 6.261672 1.575721
v -5.541621 6.196036 2.195419
v -5.721915 5.613237 1.676774
v -5.751510 5.564351 1.628296
v -5.546567 6.168712 2.197084
v -5.153519 6.167479 1.676544
v -5.219253 5.897352 1.693869
v -5.451047 6.576898 2.131212
v -5.319060 6.488294 2.128094
v -5.384825 6.505322 2.156909
v -5.301952 6.375426 2.112745
v -5.388242 6.023928 2.178488
v -5.510769 5.811881 1.487647
v -5.685102 5.800172 1.610000
v -5.778569 6.653148 1.771640
v -5.617294 6.434484 2.113671
v -5.595515 6.419275 2.114221
v -5.239230 6.466399 2.048828
v -5.834977 6.332876 1.635577
v -5.454866 6.790133 1.940902
v -5.535537 5.597237 1.884213
v -5.560499 6.242262 2.212626
v -5.712140 6.034007 1.936020
v -5.569887 5.964099 2.159009
v -5.484535 6.836804 1.709853
v -5.610311 6.384882 2.117722
v -5.632668 6.380245 2.116725
v -5.142045 6.228471 1.674236
v -5.686499 6.283555 2.102525
v -5.422260 6.388913 2.132654
v -5.217038 5.984868 1.740419
v -5.283020 5.708562 1.827607
v -5.794034 6.392010 1.768510
v -5.184558 6.132470 1.739192
v -5.765780 6.224873 1.579860
v -5.719183 6.646210 1.965694
v -5.285725 6.420409 2.083119
v -5.319161 6.558402 1.373312
v -5.521027 6.125321 1.431914
v -5.242247 6.658196 1.937494
v -5.777228 6.134065 1.669287
v -5.172387 6.194353 1.781917
v -5.150589 6.404843 1.640655
v -5.159922 6.399407 1.632877
v -5.107199 6.398757 1.611039
v -5.680329 5.867003 1.685442
v -5.535768 6.572359 2.130226
v -5.657426 6.470166 2.124158
v -5.594543 6.494087 2.154469
v -5.662017 6.356136 2.108555
v -5.181807 5.757594 1.643619
v -5.540223 6.015786 2.176719
v -5.164244 6.569454 1.671479
v -5.277222 6.466463 2.096816
v -5.392290 6.267736 2.193409
v -5.732600 6.439966 2.043088
v -5.550335 6.785018 1.939791
v -5.407586 6.518839 2.162269
v -5.520470 6.834879 1.709435
v -5.357732 6.121539 2.163406
v -5.468368 6.129695 2.236729
v -5.795094 6.193484 1.666637
v -5.544333 6.382372 2.131234
v -5.695936 5.958348 1.733824
v -5.350051 5.949358 2.154735
v -5.604892 5.691318 1.823862
v -5.242167 6.504827 2.061128
v -5.235647 6.714421 1.609534
v -5.425883 5.616974 1.874418
v -5.744088 6.102493 1.732682
v -5.314219 5.650165 1.432379
v -5.415167 6.087158 2.210288
v -5.161285 6.285999 1.738861
v -5.308073 6.129793 2.116360
v -5.302768 6.182612 2.126650
v -5.682266 6.399165 2.078505
v -5.356740 6.802845 1.623380
v -5.270077 5.778365 1.493767
v -5.647305 6.540823 1.369495
v -5.360014 6.071714 2.169414
v -5.429631 6.663026 1.378430
v -5.156022 6.266029 1.667705
v -5.747507 6.631126 1.931616
v -5.147327 6.264234 1.654539
v -5.359436 6.187888 2.168479
v -5.197567 6.600743 1.873285
v -5.218741 6.532670 1.991452
v -5.169217 6.420342 1.516764
v -5.763789 6.162669 1.775036
v -5.339972 5.863372 1.938469
v -5.804665 6.369802 1.633045
v -5.794626 6.365405 1.625492
v -5.846457 6.359152 1.602438
v -5.228544 5.810687 1.736202
v -5.230758 5.958092 1.773367
v -5.329717 6.798084 1.658853
v -5.256362 6.448477 1.389500
v -5.703833 5.727738 1.636834
v -5.406265 5.522774 1.915350
v -5.809391 6.534891 1.663973
v -5.695956 6.444030 2.091944
v -5.562589 6.258613 2.191427
v -5.402599 6.417613 2.110604
v -5.573487 6.509950 2.160339
v -5.580626 6.109598 2.160812
v -5.181273 6.159697 1.725424
v -5.473225 6.129436 2.236672
v -5.173392 6.164039 1.724597
v -5.224989 5.925888 1.654737
v -5.149308 6.411257 1.665426
v -5.157199 6.389462 1.712180
v -5.569821 5.937582 2.152147
v -5.329374 6.801993 1.710924
v -5.200455 6.219199 1.948110
v -5.302923 5.940416 1.547707
v -5.113643 5.377213 1.614733
v -5.734070 6.478473 2.055405
v -5.466984 6.234932 2.237645
v -5.355677 6.018497 2.153063
v -5.752465 6.686734 1.603521
v -5.454186 5.615458 1.874089
v -5.558472 5.637081 1.429589
v -5.520949 6.081490 2.209057
v -5.783615 6.252658 1.731620
v -5.270861 6.084069 1.528697
v -5.629778 6.112558 2.112617
v -5.640932 6.164495 2.122715
v -5.641866 6.787570 1.620062
v -5.616924 5.759785 1.489762
v -5.573174 6.060295 2.166934
v -5.548791 6.656644 1.377043
v -5.785063 6.232328 1.660387
v -5.793207 6.229632 1.647024
v -5.396159 6.413660 2.101137
v -5.586137 6.175742 2.165841
v -5.784292 6.569311 1.866459
v -5.758714 6.503741 1.985170
v -5.157200 6.510577 1.620214
v -5.784930 6.387356 1.509601
v -5.429930 5.997256 1.489937
v -5.566619 5.851228 1.935796
v -5.224640 6.710352 1.758095
v -5.442273 6.257977 2.254164
v -5.428856 5.909946 2.200934
v -5.142495 6.159629 1.717850
v -5.667440 5.787173 1.731090
v -5.680911 5.933973 1.768094
v -5.669041 6.779905 1.654905
v -5.698359 6.424796 1.384357
v -5.464573 5.519649 1.914672
v -5.243784 6.364367 2.061933
v -5.238443 6.316630 2.079556
v -5.330365 5.928444 2.100175
v -5.250875 6.299514 1.409116
v -5.176006 6.172745 1.762450
v -5.566432 6.408835 2.108698
v -5.180359 6.171047 1.686296
v -5.739366 5.345697 1.556517
v -5.158974 6.363942 1.668968
v -5.749942 6.129231 1.718808
v -5.758221 6.132707 1.717793
v -5.675082 5.893440 1.647631
v -5.476377 6.789455 1.515976
v -5.807198 6.376012 1.657772
v -5.798110 6.355126 1.704723
v -5.138118 6.387047 1.699182
v -5.134664 6.391576 1.686213
v -5.152738 6.170059 1.755125
v -5.153831 6.349252 1.665366
v -5.194223 6.640759 1.587931
v -5.671007 6.783691 1.706949
v -5.742398 6.190165 1.941804
v -5.601723 5.924410 1.544250
v -5.148211 5.335518 1.790940
v -5.485865 6.233920 2.237426
v -5.571435 6.006938 2.150553
v -5.402442 6.354105 2.150647
v -5.648248 6.063850 1.524307
v -5.572191 6.404230 2.099089
v -5.808913 6.475663 1.612631
v -5.430488 5.888637 2.176042
v -5.479970 5.994568 1.489233
v -5.455894 6.430445 1.313085
v -5.766418 6.681326 1.751791
v -5.513272 6.254173 2.253338
v -5.488380 5.906758 2.200232
v -5.788306 6.125031 1.710336
v -5.352168 6.799667 1.816993
v -5.717477 6.338991 2.056422
v -5.718096 6.290934 2.073975
v -5.303737 5.715446 1.835840
v -5.253206 5.809787 1.781198
v -5.586071 5.914742 2.097135
v -5.688356 6.276076 1.404026
v -5.757430 6.141596 1.755685
v -5.357537 5.633736 1.871796
v -5.751155 6.140467 1.679654
v -5.246521 5.786139 1.513362
v -5.170093 6.256896 1.705476
v -5.407634 6.296170 2.199014
v -5.288019 6.007879 1.558571
v -5.792617 6.329995 1.661596
v -5.333753 6.105520 2.143646
v -5.298637 6.437029 2.100580
v -5.340698 5.787030 1.857184
v -5.467382 6.770951 1.977253
v -5.458000 6.115957 2.225358
v -5.220592 6.270851 2.044986
v -5.459595 6.312886 2.265599
v -5.519023 6.787170 1.515480
v -5.816517 6.350701 1.691289
v -5.820134 6.354852 1.678238
v -5.780102 6.136448 1.747826
v -5.304085 5.918767 1.992536
v -5.274024 5.662754 1.443914
v -5.796077 6.314845 1.657893
v -5.391229 5.797453 1.922488
v -5.785270 6.609095 1.581054
v -5.439491 6.248452 2.217759
v -5.350429 5.885824 2.068080
v -5.349564 6.524274 1.348404
v -5.418973 6.065606 1.465144
v -5.260472 6.201121 2.081333
v -5.268064 6.028048 2.026155
v -5.215527 6.624922 1.910604
v -5.560731 6.345625 2.148805
v -5.432704 6.118650 2.204335
v -5.484059 5.885766 2.175406
v -5.170250 6.237936 1.697684
v -5.152389 6.236985 1.720100
v -5.496324 6.428278 1.312614
v -5.114990 6.284362 1.583534
v -5.352078 5.551294 1.914126
v -5.379461 5.877716 2.108512
v -5.468257 6.291199 2.282365
v -5.650563 6.783681 1.813521
v -5.585225 5.700365 1.832565
v -5.322121 6.275879 2.141820
v -5.258517 5.683736 1.814513
v -5.643986 5.788852 1.776645
v -5.370435 6.116870 2.164345
v -5.453613 6.264228 2.276887
v -5.301155 6.340326 2.110874
v -5.523852 5.624825 1.869861
v -5.117006 6.337451 1.599869
v -5.641672 5.764967 1.508781
v -5.451193 6.537239 2.152596
v -5.429845 5.938660 2.214801
v -5.298998 6.397682 2.106550
v -5.209008 5.511460 1.866011
v -5.770977 6.224704 1.698485
v -5.550505 6.288516 2.197352
v -5.623444 5.988994 1.555043
v -5.201007 6.025884 1.854590
v -5.602292 6.091133 2.140522
v -5.380795 5.665785 1.877280
v -5.671612 6.417048 2.096240
v -5.139605 6.384623 1.669180
v -5.556330 5.775478 1.854686
v -5.536688 6.767237 1.976447
v -5.395970 6.402042 2.113785
v -5.481800 6.114683 2.225082
v -5.423612 6.129007 2.220701
v -5.730147 6.243552 2.039058
v -5.502185 6.310604 2.265103
v -5.433255 5.766713 1.467789
v -5.439411 5.784663 1.940184
v -5.608943 5.902431 1.988924
v -5.600038 5.645290 1.440141
v -5.508752 5.791157 1.921121
v -5.267864 5.964089 1.972248
v -5.151217 6.384153 1.623206
v -5.218396 6.010602 1.674322
v -5.136730 6.213678 1.684719
v -5.514176 6.244450 2.216890
v -5.561161 5.874530 2.065556
v -5.612860 6.510169 1.345341
v -5.497576 6.061393 1.464197
v -5.203487 6.159445 1.587599
v -5.683900 6.178436 2.076407
v -5.448867 6.110366 2.208649
v -5.656624 6.007231 2.021627
v -5.769888 6.595222 1.904154
v -5.506743 6.114683 2.203474
v -5.768614 6.205879 1.690722
v -5.786787 6.202998 1.712719
v -5.825854 6.246278 1.575264
v -5.521453 5.542221 1.912156
v -5.532322 5.869524 2.106683
v -5.491647 6.289946 2.282093
v -5.632011 6.259277 2.138214
v -5.626291 5.664032 1.810234
v -5.567522 6.106311 2.162052
v -5.503196 6.261572 2.276310
v -5.659017 6.321153 2.106711
v -5.829900 6.299260 1.591575
v -5.531882 6.532917 2.151658
v -5.490682 5.935400 2.214090
v -5.667188 6.377956 2.102266
v -5.658295 5.487391 1.860784
v -5.719249 5.998118 1.848527
v -5.504285 5.659169 1.875843
v -5.814084 6.348488 1.661332
v -5.571431 6.392642 2.111743
v -5.517267 6.123989 2.219611
v -5.452861 5.765663 1.467573
v -5.460032 5.783559 1.939943
v -5.649078 5.943666 1.967803
v -5.801425 6.349319 1.615641
v -5.693052 5.979713 1.666828
v -5.799041 6.178196 1.677013
v -5.724637 6.131526 1.581535
v -5.489893 6.108169 2.208172
v -5.451326 5.925379 1.493430
v -5.435589 5.639653 1.384239
v -5.440173 5.715842 1.438678
v -5.462393 5.977226 2.215036
v -5.481458 6.322803 2.263253
v -5.486408 6.436511 2.165120
v -5.477661 6.250093 2.271670
v -5.444273 5.688457 1.905930
v -5.470852 6.130648 2.236516
v -5.470804 6.129835 2.236113
v -5.443089 5.767812 1.464555
v -5.502078 6.832943 1.686451
v -5.474972 6.211950 2.216218
v -5.450397 5.795694 1.947371
v -5.475020 6.212664 2.217034
v -5.435221 5.517769 1.913841
v -5.434980 5.629836 1.377086
v -5.435125 5.632217 1.378586
v -5.472699 6.169326 2.217154
v -5.463362 5.996799 2.208774
v -5.464277 6.015377 2.202141
v -5.503564 6.823420 1.858110
v -5.480247 6.297064 2.277715
v -5.481426 6.322092 2.263736
v -5.452169 5.825266 1.972643
v -5.430631 5.423353 1.954104
v -5.491132 6.691785 1.395666
v -5.451835 5.934961 1.495137
v -5.438538 5.588614 1.872738
v -5.475244 6.412880 1.314378
v -5.477381 6.246499 2.264179
v -5.435194 5.517139 1.914400
v -5.461022 6.121076 1.435685
v -5.454502 5.854497 2.059129
v -5.499892 6.712147 2.054856
v -5.503577 6.830916 1.824704
v -5.491359 6.531625 2.152660
v -5.494430 6.741989 1.447942
v -5.500296 6.722117 2.043653
v -5.435114 5.515289 1.916105
v -5.449751 5.784816 1.939252
v -5.487101 6.449944 2.162822
v -5.465600 6.039120 2.206578
v -5.497638 6.661388 2.094818
v -5.497621 6.661029 2.095055
v -5.457996 6.057962 1.466237
v -5.470761 6.129103 2.235774
v -5.456119 6.020207 1.478721
v -5.500947 6.739662 2.018776
v -5.455404 6.005350 1.485624
v -5.463842 6.181992 1.397571
v -5.435376 5.521191 1.911436
v -5.460575 5.942722 2.215293
v -5.497603 6.660658 2.095241
v -5.443725 5.779615 1.468505
v -5.470613 6.323927 1.325887
v -5.461535 5.960755 2.216190
v -5.438676 5.591380 1.871886
v -5.438685 5.591524 1.871984
v -5.491354 6.695348 1.398337
v -5.457239 5.886702 2.174494
v -5.502941 6.835145 1.750507
v -5.502670 6.836162 1.722538
v -5.442206 5.751636 1.458229
v -5.453514 5.844884 2.007188
v -5.452248 5.943228 1.494017
v -5.493220 6.723715 1.428114
v -5.476999 6.241802 2.252950
v -5.501262 6.827183 1.642911
v -5.472427 6.163446 2.220868
v -5.486820 6.444696 2.162863
v -5.447881 5.859132 1.484662
v -5.479465 6.281538 2.281932
v -5.455431 5.864585 2.103465
v -5.456307 5.875401 2.137722
v -5.490721 6.518785 2.156948
v -5.489269 6.490176 2.163901
v -5.488131 6.642941 1.362637
v -5.438255 5.582824 1.875070
v -5.491934 6.543796 2.146052
v -5.445440 5.708388 1.914450
v -5.446771 5.731813 1.920949
v -5.471854 6.150494 2.231243
v -5.497572 6.660006 2.095548
v -5.454571 5.988879 1.489209
v -5.480442 6.508654 1.320100
v -5.477884 6.253757 2.274034
v -5.478724 6.268170 2.279824
v -5.426752 5.485679 1.333722
v -5.466434 6.054170 2.208933
v -5.472460 6.360051 1.318354
v -5.485180 6.592348 1.341976
v -5.452640 5.832854 1.980955
v -5.452923 5.836808 1.989058
v -5.451611 5.930734 1.494447
v -5.502914 6.796472 1.926288
v -5.503394 6.813701 1.888216
v -5.458771 5.910876 2.202255
v -5.488255 6.645022 1.363721
v -5.474960 6.211725 2.216206
v -5.466926 6.248458 1.356557
v -5.468777 6.286758 1.339328
v -5.476585 6.438025 1.313903
v -5.469389 6.109415 2.208522
v -5.468723 6.094630 2.219317
v -5.503507 6.818627 1.875254
v -5.485316 6.594714 1.342792
v -5.483982 6.385563 2.191195
v -5.481500 6.323834 2.262101
v -5.482112 6.538209 1.327616
v -5.468400 6.088074 2.221818
v -5.473913 6.192586 2.214392
v -5.493779 6.582488 2.126488
v -5.440042 5.616504 1.873577
v -5.484056 6.387237 2.189840
v -5.459692 6.093316 1.449207
v -5.471732 6.147542 2.234301
v -5.476321 6.232942 2.235540
v -5.476501 6.235180 2.240608
v -5.474609 6.206092 2.212033
v -5.440249 5.619993 1.875294
v -5.469757 6.306822 1.331157
v -5.499461 6.808928 1.572110
v -5.425344 5.467537 1.296214
v -5.451706 5.817781 1.964671
v -5.451352 5.812364 1.957208
v -5.487400 6.455200 2.164269
v -5.503180 6.834194 1.775400
v -5.437282 5.562491 1.885078
v -5.502020 6.768946 1.976238
v -5.480159 6.503575 1.319228
v -5.502700 6.789596 1.939554
v -5.457948 5.897855 2.187734
v -5.470049 6.118070 2.225400
v -5.469689 6.112893 2.218255
v -5.484207 6.390430 2.188134
v -5.498185 6.794713 1.527962
v -5.468568 6.091209 2.221769
v -5.485521 6.419057 2.169224
v -5.495155 6.752164 1.463456
v -5.498813 6.802367 1.546643
v -5.467758 6.076427 2.220198
v -5.467113 6.065461 2.215328
v -5.459495 5.923492 2.208513
v -5.627796 5.280470 1.885065
v -5.157608 5.402916 1.485265
v -5.702465 5.366782 1.473611
v -5.136570 5.395283 1.526260
v -5.724037 5.356322 1.513696
v -5.276702 5.298153 1.917730
v -5.547042 5.275914 1.931300
v -5.691871 5.290798 1.818228
v -5.733834 5.306025 1.736455
v -5.319018 5.291038 1.936177
v -5.184475 5.409391 1.447611
v -5.502511 5.275943 1.945387
v -5.675110 5.376852 1.437117
v -5.112242 5.367160 1.660323
v -5.750126 5.324857 1.646680
v -5.382604 5.420566 1.334176
v -5.216598 5.414569 1.414103
v -5.475542 5.414403 1.332188
v -5.642554 5.386320 1.404993
v -5.237678 5.306343 1.893409
v -5.589103 5.277434 1.911049
v -5.715888 5.297870 1.778798
v -5.129712 5.346089 1.749376
v -5.117636 5.356711 1.705525
v -5.745328 5.315084 1.692100
v -5.293778 5.420624 1.362275
v -5.564713 5.402655 1.356480
v -5.253293 5.418340 1.385454
v -5.172740 5.325226 1.829331
v -5.605492 5.394982 1.377921
v -5.662297 5.284956 1.853904
v -5.409864 5.280610 1.954006
v -5.429051 5.418227 1.329855
v -5.295342 6.696208 1.403992
v -5.734342 6.548984 1.378238
v -5.147943 6.430650 1.781453
v -5.320697 6.461455 1.298016
v -5.318915 6.662459 1.365396
v -5.180217 6.637660 1.500344
v -5.381950 6.864244 1.640998
v -5.156345 6.293125 1.570520
v -5.397026 6.834937 1.532721
v -5.293269 5.957571 1.475337
v -5.550666 6.721352 1.367833
v -5.700867 6.659810 1.400154
v -5.147191 6.243745 1.840144
v -5.647769 6.736789 2.042035
v -5.473956 6.841761 1.519471
v -5.488809 6.851987 1.915606
v -5.712001 6.417639 1.347697
v -5.206222 6.076787 1.591008
v -5.550800 6.862288 1.604466
v -5.626417 6.340844 1.301025
v -5.367218 6.377382 1.282382
v -5.213975 6.702978 1.943577
v -5.812966 6.640579 1.896553
v -5.338784 5.952603 1.453568
v -5.185208 6.456510 1.422632
v -5.834629 6.640788 1.630427
v -5.313788 6.807188 1.901965
v -5.785160 6.722212 1.598634
v -5.234568 6.637319 1.415680
v -5.158198 6.679736 1.607421
v -5.596582 6.789232 2.008236
v -5.644025 6.837817 1.843746
v -5.762970 6.211746 1.486041
v -5.154378 6.435585 1.683653
v -5.478594 6.510405 1.271306
v -5.685015 6.813236 1.834569
v -5.168711 6.655564 1.896504
v -5.252940 6.774290 1.560530
v -5.622738 6.861091 1.702266
v -5.500601 6.753399 2.080686
v -5.558471 5.945997 1.448916
v -5.280475 6.038066 1.484980
v -5.416284 6.068923 1.410283
v -5.496614 6.779112 1.420597
v -5.624650 6.849894 1.631943
v -5.685499 6.746653 1.989718
v -5.386654 6.874118 1.702699
v -5.548812 6.608843 1.302108
v -5.352582 6.855000 1.804176
v -5.487492 6.669521 1.323912
v -5.230336 6.716530 1.703333
v -5.751130 6.492733 1.447856
v -5.175988 6.622419 1.663752
v -5.761119 6.405905 1.455348
v -5.804452 6.579865 1.670424
v -5.721928 6.320407 1.423955
v -5.692842 6.044427 1.608284
v -5.744625 6.711145 1.722529
v -5.162290 6.563663 1.664035
v -5.481292 6.501680 1.320655
v -5.751201 6.262439 1.480990
v -5.319803 6.333422 1.358315
v -5.614991 6.804129 1.653095
v -5.269897 6.356433 1.382836
v -5.381435 6.313698 1.342558
v -5.346268 6.089344 1.472718
v -5.490368 6.810837 1.888346
v -5.333315 6.457441 1.345148
v -5.333853 6.709892 1.997650
v -5.807114 6.541916 1.597097
v -5.190830 6.630747 1.586379
v -5.630402 6.380565 1.347842
v -5.515255 6.823359 1.646746
v -5.382525 6.382440 1.329152
v -5.184009 6.249652 1.513230
v -5.807806 6.512269 1.680531
v -5.532372 6.712078 2.048963
v -5.763872 6.628814 1.888434
v -5.558545 6.216507 1.382395
v -5.396246 6.824981 1.700618
v -5.544736 6.375957 1.322161
v -5.361650 5.965256 1.497190
v -5.184805 6.188612 1.604274
v -5.501326 6.827436 1.826425
v -5.650268 6.763889 1.865707
v -5.606202 6.813954 1.704290
v -5.374178 6.007519 1.493812
v -5.420263 6.791416 1.549645
v -5.164979 6.418242 1.766681
v -5.749763 6.679869 1.828298
v -5.496520 6.737648 1.448565
v -5.786508 6.396673 1.507630
v -5.157407 6.412531 1.701622
v -5.626667 6.797692 1.798621
v -5.224961 6.386392 1.422801
v -5.529325 5.970377 1.495058
v -5.486098 6.711796 2.056656
v -5.576313 6.787807 1.556033
v -5.341032 6.783175 1.840319
v -5.502985 6.640408 1.366007
v -5.537163 6.683146 1.397345
v -5.432717 6.681265 1.395005
v -5.792707 6.298481 1.582973
v -5.768615 6.637351 1.941019
v -5.774987 6.190677 1.844504
v -5.748363 6.161862 1.597696
v -5.222212 6.666796 1.947697
v -5.730917 6.114683 1.584273
v -5.193872 6.146299 1.589851
v -5.804677 6.402142 1.674102
v -5.177448 6.602893 1.887871
v -5.386215 6.727089 2.052774
v -5.785046 6.368444 1.883840
v -5.615645 6.715537 2.050287
v -5.171708 6.387240 1.884489
v -5.803847 6.569406 1.879999
v -5.221951 6.056246 1.617330
v -5.309103 6.710756 2.010693
v -5.146006 6.380634 1.620308
v -5.802709 6.377167 1.641672
v -5.701062 6.028321 1.607931
v -5.781367 6.430144 1.917242
v -5.798572 6.383517 1.679608
v -5.221345 6.018087 1.606630
v -5.788603 6.223361 1.780252
v -5.161516 6.226042 1.833935
v -5.582743 5.927440 1.481944
v -5.692539 6.688806 2.004283
v -5.155578 6.412430 1.650823
v -5.658613 5.954362 1.557048
v -5.327985 5.940073 1.496416
v -5.185504 6.461782 1.923842
v -5.451556 5.937682 1.459726
v -5.720507 6.173960 1.439912
v -5.565352 6.737309 2.082323
v -5.506311 6.236887 1.307703
v -5.422455 5.992080 1.435521
v -5.166605 6.410960 1.884947
v -5.372042 6.748404 2.055353
v -5.810493 6.611567 1.909889
v -5.173887 6.259706 1.480369
v -5.311310 6.741521 2.019158
v -5.672529 5.962344 1.547895
v -5.244414 5.978489 1.539267
v -5.809210 6.617269 1.525159
v -5.149616 6.305020 1.869760
v -5.711997 6.044146 1.584530
v -5.696752 5.992612 1.597097
v -5.211343 6.189466 1.451059
v -5.364857 6.001411 1.445710
v -5.813742 6.379904 1.724547
v -5.134282 6.394135 1.624295
v -5.139595 6.495553 1.587994
v -5.173285 6.456387 1.913102
v -5.709272 6.195598 1.463308
v -5.428781 6.261555 1.354239
v -5.523462 5.939604 1.482018
v -5.189558 6.425582 1.888391
v -5.783495 6.568866 1.536064
v -5.782798 6.587945 1.888749
v -5.786062 6.567599 1.857494
v -5.558941 6.061962 1.475646
v -5.808342 6.470310 1.595937
v -5.798947 6.364074 1.618551
v -5.782893 6.306926 1.859929
v -5.200939 6.163573 1.584198
v -5.727038 6.134776 1.577842
v -5.620648 6.703009 2.023327
v -5.772702 6.422656 1.899563
v -5.289476 6.061986 1.524425
v -5.565472 5.932033 1.500242
v -5.666294 6.688228 1.993265
v -5.155531 6.397861 1.624862
v -5.381291 6.715914 2.027607
v -5.558032 6.737494 1.462763
v -5.255368 5.979119 1.573433
v -5.173606 6.262459 1.580295
v -5.796833 6.351720 1.721172
v -5.169744 6.233043 1.512096
v -5.787608 6.262093 1.547216
v -5.766823 6.759655 1.735844
v -5.351264 6.221902 1.335752
v -5.585526 6.212608 1.333870
v -5.227895 6.555745 1.384092
v -5.286218 6.824269 1.769438
v -5.429747 6.758069 2.071878
v -5.572676 6.365195 1.278812
v -5.214944 6.019061 1.592144
v -5.472352 6.870223 1.619882
v -5.436438 6.874655 1.816044
v -5.644932 6.720571 1.408767
v -5.574305 6.867231 1.815558
v -5.138999 6.417673 1.656679
v -5.131444 6.396165 1.607008
v -5.817863 6.381349 1.649550
v -5.821105 6.356379 1.612845
v -5.772040 6.220515 1.573011
v -5.578283 6.478174 1.278418
v -5.389141 6.466181 1.276692
v -5.351000 6.781474 2.003973
v -5.453293 6.234745 1.308510
v -5.367147 6.300085 1.297548
v -5.554104 5.980308 1.447866
v -5.749877 6.757856 1.594165
v -5.228558 6.785486 1.704518
v -5.561598 6.285567 1.294696
v -5.342645 6.070539 1.426674
v -5.164634 6.249525 1.871590
v -5.580290 6.038578 1.438254
v -5.787635 6.246155 1.869186
v -5.805713 6.301067 1.854794
v -5.260967 6.217735 1.382243
v -5.760972 6.619748 1.440215
v -5.571945 6.825920 1.513581
v -5.674773 6.197642 1.380558
v -5.644333 6.224582 1.349012
v -5.438392 6.607042 1.298662
v -5.833978 6.589379 1.610155
v -5.562814 6.849241 1.896831
v -5.452212 5.940703 1.436058
v -5.440656 6.788108 1.436979
v -5.256446 6.445537 1.340016
v -5.249857 6.328332 1.355353
v -5.816143 6.387539 1.554768
v -5.147105 6.664109 1.637771
v -5.572399 6.777135 1.435680
v -5.633220 6.440229 1.293545
v -5.685606 6.308647 1.344983
v -5.794231 6.380959 1.882005
v -5.802510 6.462710 1.902831
v -5.179831 6.704550 1.844379
v -5.201254 6.256336 1.431610
v -5.159161 6.472152 1.483355
v -5.733716 6.245244 1.418240
v -5.796850 6.434733 1.467474
v -5.794560 6.203893 1.824718
v -5.145384 6.263939 1.801944
v -5.443469 6.724128 1.363350
v -5.385201 5.947434 1.453490
v -5.311626 5.996468 1.472565
v -5.801730 6.714211 1.683367
v -5.223214 6.737600 1.896551
v -5.573729 5.935825 1.455030
v -5.347791 6.768692 1.446345
v -5.602227 5.982420 1.473880
v -5.156582 6.617580 1.554463
v -5.306803 6.328526 1.314529
v -5.771966 6.439453 1.415558
v -5.682001 6.749959 1.472923
v -5.145987 6.597241 1.783547
v -5.773660 6.708860 1.889299
v -5.833173 6.559900 1.773569
v -5.227912 6.713982 1.492785
v -5.742508 6.699382 1.480046
v -5.149665 6.377037 1.732485
v -5.401181 6.852831 1.879282
v -5.233841 6.039214 1.545835
v -5.680327 6.012861 1.542675
v -5.294032 6.757131 1.472738
v -5.824895 6.666101 1.783332
v -5.162214 6.698510 1.760359
v -5.768461 6.668785 1.960005
v -5.510147 6.055350 1.414503
v -5.504588 6.881499 1.712288
v -5.276745 6.555542 1.342300
v -5.690203 6.544364 1.340547
v -5.194826 6.743308 1.616832
v -5.327982 6.839520 1.615597
v -5.397706 6.649430 1.324619
v -5.154257 6.606001 1.875313
v -5.676673 6.819793 1.611851
v -5.572509 6.665257 1.335011
v -5.830105 6.571302 1.863657
v -5.288556 6.831716 1.680245
v -5.702034 6.818981 1.710863
v -5.611762 5.940841 1.472154
v -5.650996 6.021706 1.494457
v -5.825180 6.468034 1.606114
v -5.486166 5.988206 1.435206
v -5.197247 6.753591 1.759899
v -5.805018 6.708113 1.764578
v -5.252845 5.996025 1.526427
v -5.655351 5.979603 1.519679
v -5.539123 6.818275 1.981128
v -5.644362 6.577789 1.323840
v -5.455119 6.821240 1.983725
v -5.750708 6.140370 1.583775
v -5.441381 6.740978 2.083845
v -5.508461 6.876513 1.834449
v -5.499769 6.340212 1.272021
v -5.472431 6.414785 1.264531
v -5.453725 6.330132 1.273752
v -5.333218 6.555851 1.311196
v -5.208498 6.685046 1.951138
v -5.181166 6.161450 1.585381
v -5.164949 6.309381 1.583400
v -5.772537 6.256780 1.566013
v -5.262289 6.608632 1.443683
v -5.712573 6.592065 1.446123
v -5.340405 6.248245 1.382850
v -5.233592 6.499345 1.422784
v -5.693218 6.515812 1.394024
v -5.245940 6.724068 1.789534
v -5.649770 5.960778 1.568791
v -5.443563 6.825825 1.809763
v -5.652685 6.668406 1.441314
v -5.692982 6.754980 1.767770
v -5.561030 6.820079 1.806767
v -5.157650 6.414932 1.615988
v -5.797962 6.379496 1.609063
v -5.448562 6.812578 1.595962
v -5.182374 6.399945 1.482859
v -5.555563 6.453495 1.323422
v -5.407093 6.466402 1.324027
v -5.345096 6.795165 1.628515
v -5.701996 6.703957 1.539831
v -5.284652 6.766731 1.687037
v -5.234889 6.022099 1.612407
v -5.477992 6.255344 1.353314
v -5.173826 6.240767 1.848190
v -5.679967 5.998940 1.607667
v -5.171055 6.353331 1.862360
v -5.582129 5.997616 1.512874
v -5.220902 6.625286 1.512731
v -5.263372 6.238626 1.423143
v -5.680309 6.256288 1.405579
v -5.659184 6.219203 1.410776
v -5.451273 6.712077 2.065237
v -5.375884 6.616711 1.374066
v -5.548219 6.706850 2.063980
v -5.437556 6.595912 1.348362
v -5.526649 6.586288 1.344710
v -5.159610 6.556056 1.603313
v -5.165752 6.464930 1.523647
v -5.446113 6.745096 1.461943
v -5.451637 5.941563 1.484524
v -5.638927 6.448472 1.349306
v -5.587682 6.305297 1.345738
v -5.777149 6.371304 1.867259
v -5.602625 6.738913 1.984835
v -5.412182 6.760777 1.974108
v -5.194287 6.488804 1.904875
v -5.218947 6.233849 1.464747
v -5.751740 6.221069 1.503505
v -5.792216 6.451223 1.512214
v -5.771155 6.205225 1.815609
v -5.158470 6.260224 1.787170
v -5.379426 5.948481 1.484694
v -5.322720 6.002854 1.522167
v -5.765928 6.672262 1.644586
v -5.463793 6.339127 1.322816
v -5.189288 6.271291 1.491404
v -5.367608 6.738219 1.484203
v -5.182796 6.568135 1.537283
v -5.641031 6.721731 1.494824
v -5.257705 6.704575 1.881272
v -5.705482 6.699334 1.903777
v -5.643432 6.614216 1.401495
v -5.279753 6.712440 1.527007
v -5.719738 6.670362 1.518838
v -5.205722 6.484331 1.449466
v -5.375580 6.806752 1.825013
v -5.323815 6.668784 1.433871
v -5.592062 6.797091 1.862680
v -5.254781 6.055284 1.572182
v -5.663918 6.039699 1.564154
v -5.794715 6.394660 1.763154
v -5.746741 6.635829 1.931175
v -5.247548 6.664402 1.942870
v -5.497066 6.078233 1.458956
v -5.418108 6.083130 1.458860
v -5.502569 6.831668 1.714470
v -5.301404 6.547874 1.383187
v -5.237206 6.714372 1.613421
v -5.195961 6.599960 1.867706
v -5.747647 6.689957 1.605462
v -5.567139 6.620908 1.367596
v -5.274485 6.451201 1.378048
v -5.321425 6.793957 1.719889
v -5.293466 5.952292 1.528839
v -5.656175 6.775656 1.625773
v -5.692063 6.396924 1.382030
v -5.678293 6.774107 1.687294
v -5.610718 5.937051 1.524896
v -5.620728 6.037587 1.519856
v -5.442943 5.998039 1.484883
v -5.214164 6.684960 1.790217
v -5.777611 6.652524 1.762539
v -5.496831 6.793179 1.533039
v -5.793579 6.604199 1.611220
v -5.287694 6.000722 1.549632
v -5.612181 5.978834 1.536074
v -5.546969 6.773960 1.955766
v -5.611626 6.529582 1.352464
v -5.470283 6.777048 1.959939
v -5.470505 6.423438 1.314978
v -5.356082 6.532601 1.351408
v -5.220076 6.639585 1.913499
vn -0.1195 0.8103 0.5737
vn 0.0522 0.4996 -0.8647
vn 0.0519 0.4996 -0.8647
vn 0.0470 0.4997 -0.8649
vn -0.3053 0.3504 0.8855
vn -0.3311 0.4235 0.8432
vn -0.7279 0.6453 -0.2319
vn -0.7181 0.6517 -0.2441
vn -0.1901 0.7530 0.6300
vn -0.2644 0.9416 0.2086
vn -0.4550 0.7139 0.5323
vn -0.3412 0.9072 -0.2461
vn -0.4315 0.9007 0.0503
vn -0.4722 0.8756 0.1019
vn -0.2748 0.7565 -0.5934
vn -0.3261 0.9398 0.1021
vn -0.2970 0.9057 -0.3025
vn -0.1584 0.6841 -0.7120
vn -0.2205 0.7495 -0.6242
vn -0.3017 0.7415 -0.5992
vn -0.1105 0.9029 0.4154
vn -0.2766 0.8648 -0.4191
vn -0.5817 0.5118 -0.6322
vn -0.6278 0.4769 -0.6152
vn -0.2759 0.8066 0.5228
vn -0.2392 0.8216 0.5174
vn -0.0584 0.7820 0.6206
vn -0.1552 0.9100 0.3844
vn -0.2434 0.9674 0.0703
vn -0.3925 0.9065 0.1556
vn -0.1124 0.4808 0.8696
vn -0.1507 0.4441 0.8832
vn -0.1533 0.3097 0.9384
vn -0.1205 0.3610 0.9248
vn -0.0279 -0.3138 0.9491
vn -0.0873 -0.2119 0.9734
vn -0.1008 0.5618 0.8211
vn -0.1128 0.5741 0.8110
vn 0.0234 0.0969 -0.9950
vn -0.0306 -0.1019 -0.9943
vn 0.0163 -0.1181 -0.9929
vn -0.0743 -0.1333 -0.9883
vn -0.3376 0.3133 0.8876
vn -0.3690 -0.1329 0.9199
vn -0.4298 -0.3920 0.8134
vn -0.3420 0.6742 0.6546
vn -0.3473 0.6517 0.6743
vn -0.3250 0.6297 0.7056
vn -0.4306 0.3777 0.8197
vn -0.5088 0.1950 0.8385
vn -0.3911 0.3514 0.8506
vn -0.3841 0.4720 0.7935
vn -0.4743 0.6745 0.5657
vn -0.3104 -0.2035 -0.9286
vn -0.2779 -0.3298 -0.9022
vn -0.6331 -0.3495 -0.6907
vn -0.6779 -0.4355 -0.5922
vn -0.6756 0.7171 0.1715
vn 0.7428 0.0688 0.6660
vn 0.7437 0.0683 0.6650
vn 0.7443 0.0680 0.6644
vn -0.6060 -0.5241 -0.5984
vn -0.6069 -0.5235 -0.5979
vn -0.6092 -0.5221 -0.5969
vn 0.0749 0.7141 0.6960
vn 0.2496 0.4086 0.8779
vn -0.4809 0.7631 0.4318
vn -0.3159 0.8513 0.4188
vn -0.8994 0.3850 -0.2071
vn -0.3224 0.2536 -0.9120
vn -0.3212 0.2534 -0.9125
vn -0.3160 0.2525 -0.9145
vn -0.5483 -0.1787 -0.8170
vn -0.5525 -0.1777 -0.8143
vn -0.5480 -0.1788 -0.8171
vn -0.9060 0.0284 -0.4223
vn -0.2072 -0.1219 -0.9707
vn -0.2084 -0.1206 -0.9706
vn -0.2085 -0.1204 -0.9706
vn -0.2059 -0.1234 -0.9708
vn 0.2847 0.7915 0.5408
vn -0.7515 -0.2213 -0.6214
vn -0.9237 0.0413 -0.3808
vn -0.9021 0.4311 -0.0174
vn -0.2536 0.2498 0.9345
vn -0.9298 0.0493 0.3648
vn -0.9533 0.1363 0.2697
vn -0.7786 0.1478 0.6098
vn -0.7517 0.1110 0.6502
vn -0.9557 -0.0941 0.2788
vn -0.0139 -0.4341 0.9008
vn -0.2309 -0.2911 0.9284
vn -0.0332 -0.3963 0.9175
vn -0.3668 -0.4920 0.7895
vn -0.5725 -0.8193 -0.0318
vn -0.6607 -0.4766 0.5800
vn -0.6646 -0.3277 0.6715
vn -0.7920 -0.4936 0.3594
vn -0.9117 -0.0155 -0.4106
vn -0.9181 0.1054 -0.3820
vn -0.3492 -0.5701 -0.7437
vn -0.8939 0.0108 -0.4481
vn -0.5035 -0.0406 -0.8631
vn -0.5189 -0.0518 -0.8532
vn -0.6014 -0.7964 -0.0637
vn -0.1067 0.0256 -0.9940
vn -0.1123 0.0232 -0.9934
vn -0.1050 0.0264 -0.9941
vn -0.1139 0.0225 -0.9932
vn -0.1434 -0.5256 -0.8386
vn -0.0211 -0.6871 -0.7263
vn -0.1694 -0.7964 -0.5805
vn -0.6598 -0.6966 0.2820
vn -0.3661 -0.6342 -0.6810
vn -0.7050 -0.0616 -0.7065
vn -0.1544 -0.0128 0.9879
vn -0.1541 -0.0125 0.9880
vn -0.1542 -0.0126 0.9880
vn -0.3257 -0.0142 0.9454
vn -0.2618 0.0768 0.9621
vn -0.1640 -0.0217 0.9862
vn -0.1203 -0.0949 -0.9882
vn -0.1224 -0.0949 -0.9879
vn -0.1123 -0.0947 -0.9891
vn -0.0703 -0.0517 -0.9962
vn -0.0704 -0.0511 -0.9962
vn -0.0704 -0.0510 -0.9962
vn -0.1074 -0.2935 -0.9499
vn -0.4750 0.0127 0.8799
vn -0.5190 -0.0290 0.8543
vn -0.9937 0.0496 0.1003
vn -0.9710 -0.0487 0.2340
vn -0.6225 -0.1126 0.7745
vn -0.9675 -0.0388 0.2499
vn -0.9749 -0.1700 -0.1438
vn -0.8067 -0.1944 -0.5580
vn -0.3334 -0.2073 -0.9197
vn -0.2755 -0.1589 -0.9481
vn -0.9180 -0.1960 -0.3447
vn -0.9732 0.0402 -0.2265
vn -0.7166 -0.2071 0.6660
vn -0.7319 -0.1863 0.6554
vn 0.8610 0.1083 0.4970
vn -0.7844 0.5691 -0.2469
vn 0.3733 -0.9157 -0.1486
vn 0.9160 -0.3512 0.1937
vn -0.2836 -0.2506 0.9256
vn -0.3830 -0.3364 0.8603
vn -0.3814 -0.3367 0.8609
vn -0.3735 -0.3384 0.8637
vn -0.6698 -0.5552 -0.4931
vn -0.5070 -0.3724 0.7773
vn -0.5074 -0.3741 0.7763
vn -0.5073 -0.3739 0.7764
vn -0.1797 -0.4962 0.8494
vn -0.3671 0.8646 0.3430
vn -0.2741 0.9020 0.3335
vn -0.8332 0.0948 -0.5447
vn -0.0097 -0.9035 0.4284
vn -0.1649 -0.7495 0.6412
vn 0.8524 0.2794 0.4421
vn 0.8152 0.1126 0.5681
vn -0.8929 0.1727 0.4159
vn -0.8500 -0.0375 0.5254
vn -0.8509 0.1336 0.5080
vn -0.8691 -0.4920 0.0505
vn -0.8595 -0.5046 0.0812
vn -0.9223 -0.3748 -0.0940
vn -0.3477 -0.9367 0.0409
vn -0.3406 -0.9306 0.1340
vn -0.4129 -0.9105 -0.0244
vn 0.0481 -0.8447 0.5330
vn 0.0809 -0.8978 0.4329
vn -0.0278 -0.9246 0.3799
vn -0.0272 -0.9254 0.3781
vn -0.0279 -0.9244 0.3805
vn -0.0270 -0.9256 0.3775
vn 0.3297 -0.4694 0.8191
vn 0.4137 -0.5005 0.7605
vn 0.4022 -0.6734 0.6203
vn -0.3463 0.4302 0.8336
vn 0.2778 0.6921 0.6662
vn -0.3968 0.3785 0.8362
vn 0.2188 0.3115 0.9247
vn 0.4354 -0.0734 0.8973
vn 0.4391 0.3358 0.8334
vn -0.6219 0.2336 0.7474
vn -0.6214 0.2356 0.7473
vn -0.6215 0.2351 0.7473
vn -0.6220 0.2332 0.7475
vn -0.4397 0.3809 0.8134
vn -0.3689 -0.8433 -0.3909
vn 0.2515 0.8867 0.3879
vn 0.2512 0.8866 0.3884
vn 0.2500 0.8858 0.3909
vn 0.2725 0.7814 0.5614
vn -0.5257 0.2285 0.8194
vn -0.2942 0.5170 -0.8038
vn -0.7285 0.0154 -0.6849
vn -0.5791 0.2335 -0.7811
vn -0.4196 0.8855 -0.1995
vn -0.7047 0.2861 0.6492
vn -0.5074 0.2698 0.8184
vn -0.7216 0.2326 0.6520
vn -0.6398 0.0738 0.7650
vn -0.5275 -0.4378 -0.7281
vn -0.9005 0.0189 0.4344
vn 0.3937 -0.6278 0.6715
vn -0.9566 -0.1534 0.2477
vn -0.6862 -0.5195 -0.5091
vn -0.7488 -0.2725 -0.6042
vn -0.5569 -0.1767 -0.8116
vn -0.9789 -0.1449 -0.1444
vn -0.3665 -0.8285 0.4235
vn -0.3354 0.9313 0.1423
vn -0.8905 0.3424 -0.2995
vn -0.8637 0.2499 -0.4378
vn 0.2235 0.3385 0.9140
vn 0.8084 -0.4383 0.3930
vn 0.3413 -0.9380 -0.0613
vn 0.3381 -0.9380 -0.0764
vn -0.6124 -0.5200 -0.5954
vn 0.1477 0.8937 0.4237
vn 0.1478 0.8937 0.4237
vn 0.1486 0.8936 0.4234
vn 0.1489 0.8936 0.4234
vn 0.7444 0.0680 0.6642
vn 0.7997 -0.4352 0.4137
vn 0.3625 0.5620 0.7435
vn 0.4523 0.5425 0.7079
vn -0.3698 -0.8643 -0.3410
vn -0.6080 -0.5360 -0.5857
vn -0.6199 -0.5361 -0.5730
vn 0.6154 -0.5979 0.5137
vn -0.1924 -0.9300 0.3132
vn -0.6228 0.3187 0.7145
vn -0.6471 0.3649 0.6694
vn -0.9348 -0.0130 0.3549
vn -0.8678 -0.4687 0.1651
vn -0.9326 -0.1032 0.3460
vn -0.9750 -0.1360 0.1757
vn -0.7864 -0.3995 -0.4711
vn -0.3595 0.9159 0.1788
vn -0.3598 0.9160 0.1774
vn -0.3591 0.9157 0.1802
vn -0.8826 0.4028 -0.2423
vn 0.7838 0.0860 0.6151
vn 0.6996 -0.0056 0.7145
vn 0.2322 0.8771 0.4204
vn 0.0990 0.8807 0.4633
vn -0.9172 0.0522 -0.3950
vn -0.7624 -0.2355 -0.6028
vn 0.5707 0.5671 0.5939
vn 0.5829 0.5618 0.5871
vn 0.0409 0.8576 0.5126
vn -0.2945 0.8235 -0.4849
vn -0.4379 0.4761 -0.7626
vn -0.1101 0.9356 -0.3355
vn -0.2107 0.9390 -0.2719
vn -0.5840 0.3345 -0.7397
vn -0.8329 -0.0665 -0.5494
vn -0.6703 -0.2880 -0.6839
vn -0.7602 -0.2846 -0.5840
vn -0.9993 -0.0085 0.0365
vn -0.9933 -0.1118 0.0278
vn -0.9130 -0.1518 0.3788
vn -0.8883 -0.0260 0.4585
vn -0.8943 -0.1050 0.4349
vn -0.9790 0.0796 0.1876
vn 0.1331 0.8237 0.5512
vn -0.6586 0.7417 0.1270
vn -0.6852 0.7164 0.1316
vn 0.4681 0.5760 0.6702
vn 0.1433 0.7980 0.5853
vn -0.9398 0.2686 -0.2110
vn -0.6292 0.7772 -0.0034
vn -0.6265 0.7794 0.0060
vn -0.6295 0.7770 -0.0043
vn -0.8122 0.0260 -0.5828
vn -0.8215 0.3074 -0.4802
vn -0.3360 0.8773 -0.3426
vn -0.3367 0.8773 -0.3421
vn -0.3384 0.8772 -0.3407
vn -0.2941 0.7742 0.5605
vn -0.3176 0.9420 0.1080
vn -0.3406 0.9352 0.0970
vn -0.6163 0.2759 -0.7376
vn 0.0420 0.7061 0.7069
vn -0.6116 -0.5713 -0.5473
vn -0.7291 0.6636 0.1674
vn -0.4604 0.8107 0.3617
vn -0.7307 0.1750 -0.6598
vn -0.9913 -0.1270 -0.0335
vn -0.2467 -0.9356 0.2527
vn -0.7407 -0.6636 -0.1055
vn -0.4246 -0.7741 -0.4695
vn 0.2632 -0.9139 -0.3089
vn -0.8912 0.3842 -0.2413
vn 0.9294 -0.3505 0.1154
vn 0.9294 -0.3503 0.1159
vn 0.5490 -0.8085 0.2119
vn 0.5463 -0.8088 0.2177
vn 0.6479 -0.7128 0.2686
vn -0.1732 0.9307 -0.3222
vn 0.9164 -0.0960 -0.3885
vn -0.9393 -0.0049 -0.3430
vn 0.2467 -0.8488 -0.4677
vn 0.2763 -0.9316 -0.2360
vn -0.9271 0.0985 -0.3617
vn -0.7568 0.6535 0.0153
vn -0.9869 -0.1547 0.0457
vn -0.9997 0.0037 0.0238
vn -0.4350 -0.8388 0.3275
vn -0.5905 -0.7677 0.2487
vn 0.2697 -0.9614 0.0544
vn -0.8683 0.4912 -0.0697
vn -0.8356 0.5460 -0.0610
vn -0.3565 -0.8040 0.4760
vn -0.4054 -0.7609 0.5066
vn -0.9713 -0.1285 0.2000
vn -0.9747 -0.0857 0.2064
vn -0.1698 0.9706 -0.1707
vn -0.3649 0.9087 -0.2027
vn 0.9901 -0.0243 -0.1385
vn 0.4785 0.1525 0.8648
vn -0.9110 0.2081 -0.3561
vn -0.5869 0.7871 0.1897
vn -0.1151 -0.8910 -0.4392
vn -0.8111 0.2596 -0.5242
vn -0.0157 -0.9697 0.2439
vn -0.9983 -0.0377 0.0446
vn -0.5135 -0.6445 -0.5666
vn -0.4377 -0.4719 -0.7653
vn 0.5491 -0.8085 0.2117
vn 0.9294 -0.3507 0.1150
vn 0.8886 0.4534 -0.0691
vn -0.7959 0.6050 -0.0209
vn -0.8466 0.4689 -0.2517
vn 0.6395 -0.6654 0.3850
vn 0.5840 0.1432 0.7990
vn -0.6324 -0.5576 -0.5377
vn -0.1966 0.7244 0.6608
vn 0.5415 0.2658 0.7976
vn -0.7003 0.5675 -0.4331
vn -0.6166 0.6029 -0.5063
vn -0.7706 0.5556 -0.3122
vn 0.9325 -0.2518 0.2591
vn 0.6993 -0.4281 0.5724
vn -0.2068 0.9141 0.3488
vn -0.5129 0.8584 0.0062
vn 0.7051 0.4269 0.5662
vn 0.6865 0.3047 0.6602
vn 0.5076 -0.6954 0.5087
vn 0.6508 -0.6859 0.3257
vn 0.8069 -0.4880 0.3328
vn 0.4236 -0.8776 -0.2245
vn -0.0692 -0.9286 -0.3647
vn -0.3706 -0.8891 0.2686
vn 0.4075 -0.8536 0.3246
vn 0.4428 -0.8474 0.2930
vn -0.9451 -0.1742 0.2765
vn 0.9963 -0.0857 -0.0005
vn 0.3817 0.8699 -0.3124
vn 0.9923 -0.1222 -0.0189
vn 0.3126 0.8663 -0.3897
vn -0.3280 0.8817 -0.3392
vn -0.8078 0.5853 -0.0699
vn -0.9222 -0.2934 0.2518
vn -0.2694 -0.8399 0.4711
vn -0.8895 0.4514 -0.0702
vn -0.4606 -0.8084 0.3666
vn -0.9728 -0.2049 0.1077
vn 0.8023 0.5243 -0.2853
vn 0.4038 0.8541 -0.3279
vn -0.8304 0.5561 -0.0334
vn -0.3905 0.8809 -0.2675
vn -0.3903 0.8813 -0.2666
vn -0.3901 0.8816 -0.2655
vn -0.7898 0.6130 0.0226
vn -0.8507 0.5249 0.0290
vn -0.2489 -0.8034 0.5410
vn -0.3474 -0.7893 0.5063
vn -0.9261 -0.1219 0.3571
vn -0.9482 -0.0763 0.3083
vn 0.0128 0.9538 -0.3001
vn 0.0181 0.9542 -0.2986
vn 0.0107 0.9537 -0.3006
vn 0.4007 0.8817 -0.2491
vn 0.8126 0.5435 -0.2103
vn 0.9534 0.2822 -0.1071
vn 0.5166 -0.7750 0.3641
vn 0.4413 -0.7826 0.4391
vn 0.4861 0.8256 -0.2865
vn 0.2992 0.7922 -0.5319
vn 0.2107 0.9244 -0.3179
vn 0.2116 0.9616 -0.1748
vn -0.0009 0.9700 -0.2430
vn -0.3589 0.8887 -0.2855
vn -0.3199 0.9074 -0.2724
vn -0.3098 0.9221 -0.2318
vn 0.0200 0.9543 -0.2980
vn 0.0111 0.9897 -0.1426
vn 0.6498 0.7159 -0.2556
vn 0.8838 0.2649 -0.3856
vn 0.9666 -0.2101 0.1471
vn 0.7130 0.6647 -0.2232
vn 0.7105 0.6744 -0.2008
vn 0.9643 -0.1994 0.1740
vn 0.6013 0.6425 -0.4749
vn 0.4413 0.7567 -0.4824
vn 0.4102 0.9108 0.0465
vn 0.7744 0.1995 0.6004
vn 0.8202 0.3751 -0.4320
vn 0.8210 0.3736 -0.4317
vn 0.8214 0.3728 -0.4316
vn 0.9603 0.2790 -0.0026
vn 0.8197 0.3759 -0.4322
vn 0.8294 -0.5400 0.1431
vn 0.8313 -0.5445 0.1117
vn 0.7505 -0.3593 -0.5547
vn 0.7470 0.2354 -0.6218
vn 0.1613 0.6351 -0.7554
vn -0.0156 -0.6957 0.7181
vn -0.5231 -0.2438 0.8167
vn 0.4337 -0.8811 0.1884
vn 0.4395 -0.8784 0.1879
vn 0.4411 -0.8776 0.1877
vn -0.0268 -0.6945 0.7190
vn 0.0016 -0.8713 0.4908
vn -0.5361 -0.7836 0.3141
vn -0.6797 -0.7280 0.0889
vn 0.8805 0.3934 -0.2644
vn -0.1339 -0.9317 0.3377
vn 0.0400 -0.9568 0.2881
vn 0.9651 0.0934 -0.2446
vn 0.3516 0.9042 -0.2423
vn 0.3570 0.9049 -0.2318
vn 0.3564 0.9048 -0.2330
vn 0.1879 0.9495 -0.2511
vn 0.3391 0.9390 -0.0577
vn 0.4116 0.9085 0.0718
vn -0.8217 0.1462 0.5508
vn -0.9701 -0.2300 -0.0774
vn -0.3819 -0.9009 0.2062
vn -0.6908 -0.6951 -0.1992
vn 0.1727 -0.9814 0.0844
vn 0.1736 -0.9808 0.0888
vn 0.1737 -0.9807 0.0893
vn 0.7382 -0.0420 -0.6733
vn 0.6157 0.0749 -0.7844
vn 0.8133 0.1268 -0.5678
vn 0.8056 0.0600 -0.5894
vn -0.0140 -0.8679 0.4965
vn 0.3922 -0.8587 0.3298
vn 0.1185 0.9928 -0.0153
vn 0.0282 0.9995 -0.0126
vn -0.3018 0.9083 0.2898
vn -0.3841 0.9043 0.1864
vn -0.2733 0.9590 0.0753
vn -0.7305 0.5246 0.4372
vn -0.4797 0.8774 0.0109
vn 0.7901 0.5640 -0.2400
vn 0.7523 0.5376 -0.3809
vn -0.0544 -0.9735 0.2219
vn -0.0146 -0.8965 0.4428
vn -0.6387 -0.6360 0.4332
vn -0.7164 0.6697 0.1956
vn -0.8095 0.5649 0.1597
vn 0.5221 -0.8433 0.1275
vn -0.1913 0.9486 -0.2520
vn 0.1570 0.9370 -0.3121
vn -0.9862 -0.1618 -0.0348
vn -0.9422 0.2990 -0.1513
vn -0.9406 -0.3062 0.1469
vn 0.0879 0.9510 -0.2964
vn 0.0356 0.8891 -0.4562
vn 0.8634 0.4426 -0.2422
vn 0.8552 0.5144 -0.0635
vn 0.7090 0.5466 -0.4455
vn 0.6071 -0.7217 0.3324
vn 0.6197 -0.7389 0.2648
vn 0.3489 -0.8497 0.3953
vn 0.4433 -0.8335 0.3297
vn 0.5653 -0.7200 0.4026
vn 0.8106 -0.5237 0.2619
vn 0.3818 -0.8214 0.4238
vn 0.5459 -0.7447 0.3841
vn 0.5716 -0.6151 0.5431
vn 0.7775 0.0931 -0.6219
vn 0.7589 -0.0223 -0.6509
vn 0.3414 0.9362 -0.0841
vn -0.8177 -0.1566 0.5540
vn -0.6930 -0.1753 0.6993
vn -0.4985 -0.8430 0.2021
vn -0.4606 -0.8471 0.2649
vn 0.7314 0.6593 0.1743
vn -0.6883 -0.2696 0.6735
vn 0.5974 0.7525 0.2773
vn -0.7810 -0.3206 0.5360
vn 0.4243 0.7633 0.4872
vn -0.7110 -0.2900 0.6407
vn -0.8768 -0.3426 0.3375
vn -0.8645 0.1044 0.4917
vn 0.4721 -0.8807 0.0380
vn -0.2230 0.0724 0.9721
vn 0.0225 0.5573 0.8300
vn 0.0337 0.5564 0.8302
vn 0.0339 0.5564 0.8302
vn 0.0347 0.5564 0.8302
vn 0.8437 0.0517 -0.5343
vn -0.3800 -0.8824 0.2773
vn -0.1740 0.8503 -0.4968
vn -0.0598 0.9019 -0.4279
vn 0.2327 0.8589 0.4562
vn -0.2690 0.9603 -0.0740
vn -0.6799 0.6988 0.2222
vn -0.5937 0.7705 0.2320
vn -0.5649 0.7582 0.3256
vn -0.8746 0.4431 0.1966
vn -0.5402 0.7862 0.3000
vn -0.5461 0.7847 0.2933
vn -0.5404 0.7863 0.2995
vn -0.5007 0.8635 0.0612
vn -0.5147 0.8551 0.0622
vn -0.8900 0.4359 -0.1341
vn -0.8383 0.5417 -0.0619
vn -0.7219 0.6757 -0.1494
vn -0.8860 0.4610 0.0499
vn -0.4146 0.8372 -0.3567
vn -0.3057 0.9277 -0.2143
vn -0.6132 0.7334 -0.2935
vn -0.1618 0.9198 -0.3574
vn -0.4561 0.8846 0.0969
vn -0.4874 0.8384 0.2439
vn -0.2976 0.7961 0.5270
vn -0.2960 0.7966 0.5271
vn -0.2863 0.7998 0.5276
vn -0.2280 0.7532 0.6170
vn -0.4672 0.7585 0.4544
vn -0.4273 0.7651 0.4816
vn 0.4406 0.5613 0.7006
vn 0.7728 -0.5655 -0.2879
vn 0.6389 -0.4062 -0.6534
vn 0.7971 -0.4294 -0.4245
vn 0.8532 -0.2950 -0.4302
vn 0.8004 -0.5608 -0.2119
vn 0.8072 -0.5142 -0.2898
vn 0.7303 -0.6544 -0.1960
vn 0.7756 -0.6186 -0.1257
vn 0.0053 0.9264 -0.3765
vn -0.1471 0.9887 0.0299
vn 0.3212 0.8951 -0.3093
vn 0.3749 0.9055 -0.1991
vn 0.2383 0.9656 -0.1044
vn 0.6889 -0.2311 0.6871
vn -0.4737 0.5439 0.6926
vn 0.1681 0.8192 0.5483
vn 0.0331 -0.2294 0.9728
vn 0.1407 -0.1361 0.9807
vn -0.4234 -0.4202 0.8026
vn -0.5455 -0.5421 0.6393
vn -0.7063 -0.3874 0.5925
vn 0.2661 -0.6812 0.6820
vn 0.2662 -0.6812 0.6820
vn 0.0326 -0.6411 0.7668
vn 0.1725 -0.9815 0.0836
vn 0.4118 -0.9086 -0.0697
vn 0.4009 -0.9158 -0.0221
vn 0.4328 -0.8816 0.1885
vn 0.3716 -0.7964 0.4771
vn 0.4772 -0.5739 0.6655
vn 0.5729 -0.5781 0.5810
vn 0.1032 -0.8873 0.4495
vn 0.9228 -0.3788 0.0708
vn 0.5814 -0.7047 0.4066
vn 0.8884 -0.2571 0.3804
vn -0.2749 -0.2240 0.9350
vn 0.5828 -0.5371 0.6098
vn -0.1785 -0.5156 0.8380
vn 0.6177 -0.4322 0.6570
vn 0.5474 -0.8029 0.2360
vn 0.4394 -0.6350 0.6353
vn 0.3220 -0.5544 0.7675
vn -0.5957 -0.7799 0.1921
vn 0.5586 -0.6568 0.5065
vn -0.9876 -0.1330 -0.0837
vn -0.5214 -0.8032 0.2880
vn 0.3880 -0.6673 0.6357
vn 0.5720 -0.6745 0.4668
vn 0.9056 -0.2533 0.3402
vn 0.9066 -0.4217 0.0173
vn 0.4046 -0.6980 0.5908
vn 0.4976 -0.7614 0.4156
vn 0.4871 -0.6283 0.6066
vn -0.7983 0.6015 -0.0310
vn -0.1433 0.9426 -0.3016
vn -0.7288 0.6557 -0.1973
vn -0.3902 0.8816 -0.2656
vn -0.8360 0.5348 -0.1227
vn -0.9588 0.2299 -0.1669
vn -0.6047 0.7542 -0.2560
vn -0.9547 0.2953 -0.0370
vn -0.2851 0.8002 0.5277
vn 0.3550 0.9305 -0.0907
vn -0.3427 0.7164 0.6077
vn -0.7142 0.0719 0.6962
vn 0.7235 -0.0179 -0.6900
vn 0.4350 0.9004 0.0095
vn -0.4743 -0.8723 0.1189
vn 0.4588 -0.7437 -0.4861
vn -0.4448 -0.8746 0.1930
vn -0.7251 0.1423 0.6737
vn 0.3178 0.9157 -0.2458
vn 0.7922 0.4922 -0.3607
vn -0.5711 0.7878 0.2306
vn 0.3509 0.9042 -0.2437
vn -0.4746 0.8392 0.2656
vn -0.7961 -0.2938 0.5291
vn -0.7961 -0.2937 0.5291
vn -0.7961 -0.2937 0.5292
vn -0.0852 -0.9637 0.2530
vn 0.8072 0.3816 -0.4504
vn 0.9417 -0.0711 -0.3289
vn 0.6275 -0.6965 -0.3482
vn 0.4409 -0.6568 -0.6118
vn 0.2777 -0.7417 -0.6105
vn 0.4089 -0.8110 -0.4184
vn 0.8280 0.1349 -0.5443
vn 0.7045 -0.7095 0.0168
vn 0.9440 -0.3278 -0.0364
vn 0.8933 -0.4146 -0.1733
vn 0.6907 0.6503 -0.3162
vn -0.3278 -0.9338 0.1437
vn -0.1581 -0.9351 0.3170
vn 0.9207 -0.1135 -0.3734
vn 0.3001 0.9422 -0.1488
vn 0.3058 0.9420 -0.1382
vn 0.3051 0.9421 -0.1395
vn 0.4708 0.8740 -0.1201
vn 0.2613 0.9289 0.2625
vn 0.3007 0.8930 0.3347
vn -0.8698 0.0908 0.4849
vn 0.7665 0.2438 -0.5942
vn 0.8609 0.0867 -0.5014
vn 0.3720 0.9275 -0.0381
vn -0.6923 0.0509 0.7198
vn -0.7403 0.0729 0.6683
vn -0.4792 -0.8766 0.0449
vn -0.5297 -0.8472 0.0415
vn -0.9311 -0.1144 0.3464
vn -0.9180 0.0359 0.3949
vn 0.6192 -0.7816 -0.0754
vn -0.2530 -0.2175 0.9427
vn 0.1457 0.3347 0.9310
vn 0.1624 0.3328 0.9289
vn 0.7212 0.3532 -0.5959
vn -0.4381 -0.8970 -0.0589
vn -0.5864 0.7675 0.2591
vn -0.5659 0.7950 0.2182
vn -0.5652 0.7951 0.2198
vn -0.5660 0.7950 0.2182
vn -0.2924 0.7079 0.6430
vn -0.2776 0.6977 0.6604
vn -0.4947 0.7473 0.4436
vn -0.4591 0.7536 0.4704
vn -0.1332 -0.9089 0.3951
vn 0.6769 -0.5967 0.4309
vn 0.5543 -0.8320 0.0227
vn 0.0491 -0.9658 0.2545
vn 0.6258 -0.7774 0.0636
vn 0.3156 -0.7819 -0.5377
vn -0.2267 0.7319 0.6426
vn 0.2941 0.9334 0.2054
vn -0.3444 0.6715 0.6561
vn -0.7453 -0.0075 0.6667
vn 0.7979 0.2513 -0.5480
vn 0.4662 0.8822 0.0664
vn -0.4809 -0.8740 0.0700
vn 0.4052 -0.8268 -0.3902
vn -0.5471 -0.8362 -0.0369
vn -0.7942 -0.1369 0.5920
vn 0.3601 0.9206 -0.1509
vn 0.7450 0.6071 -0.2764
vn -0.5832 0.7832 0.2157
vn 0.2995 0.9423 -0.1498
vn -0.5667 0.7949 0.2166
vn -0.8993 -0.0960 0.4266
vn -0.8681 -0.4044 0.2878
vn -0.3592 -0.9007 0.2445
vn 0.7353 0.5647 -0.3747
vn 0.9425 -0.0316 -0.3327
vn 0.3375 -0.7148 -0.6125
vn 0.3089 -0.6940 -0.6503
vn 0.2795 -0.7044 -0.6525
vn 0.4268 -0.8011 -0.4197
vn 0.8802 0.1136 -0.4608
vn 0.5052 -0.8602 -0.0689
vn 0.8005 -0.5055 0.3219
vn 0.8261 -0.5634 0.0127
vn 0.5289 0.7822 0.3293
vn 0.5276 0.8450 -0.0870
vn -0.3379 -0.9349 0.1085
vn 0.2778 -0.8924 0.3555
vn 0.9487 0.0590 -0.3108
vn 0.9488 0.0596 -0.3102
vn 0.9481 0.0563 -0.3129
vn 0.3635 0.9311 0.0312
vn 0.2359 0.9714 0.0265
vn 0.2748 0.9320 0.2365
vn 0.3285 0.8794 0.3446
vn -0.9168 0.0259 0.3985
vn 0.8321 0.2690 -0.4851
vn 0.8273 0.2683 -0.4935
vn 0.8319 0.2689 -0.4855
vn 0.8830 0.0884 -0.4609
vn 0.3942 0.9190 0.0080
vn -0.8144 -0.0944 0.5726
vn -0.8045 -0.1054 0.5845
vn -0.8047 -0.1008 0.5851
vn -0.8048 -0.0989 0.5853
vn -0.4979 -0.8672 -0.0088
vn -0.5255 -0.8507 -0.0090
vn -0.9504 -0.1317 0.2818
vn -0.9460 -0.0134 0.3238
vn 0.6328 -0.7697 -0.0840
vn -0.3940 -0.2848 0.8739
vn 0.0476 0.3456 0.9372
vn 0.4296 0.5693 0.7010
vn 0.8089 0.3282 -0.4878
vn -0.4487 -0.8887 -0.0939
vn -0.5441 0.7867 0.2918
vn -0.5888 0.7853 0.1916
vn -0.5905 0.7841 0.1911
vn -0.5980 0.7790 0.1887
vn -0.3003 0.7356 0.6072
vn -0.3001 0.7357 0.6072
vn -0.2995 0.7359 0.6073
vn -0.2662 0.7038 0.6586
vn -0.5381 0.7407 0.4023
vn -0.4798 0.7538 0.4490
vn 0.2905 -0.8533 0.4329
vn 0.6166 -0.6516 0.4418
vn 0.5429 -0.8392 0.0299
vn -0.0168 -0.9752 0.2206
vn 0.9957 -0.0379 -0.0846
vn 0.3676 -0.7845 -0.4995
vn -0.2992 0.7360 0.6073
vn 0.2979 0.9328 0.2030
vn -0.3600 0.6699 0.6493
vn -0.8044 -0.1073 0.5843
vn 0.8270 0.2683 -0.4941
vn 0.4798 0.8697 0.1156
vn -0.5021 -0.8645 0.0229
vn 0.4402 -0.8227 -0.3597
vn -0.5396 -0.8378 -0.0834
vn -0.8500 -0.1898 0.4914
vn 0.3900 0.9171 -0.0829
vn 0.6961 0.7175 -0.0253
vn -0.5995 0.7779 0.1883
vn 0.3108 0.9465 -0.0871
vn -0.5456 0.7847 0.2944
vn -0.9202 -0.1160 0.3739
vn -0.8953 -0.3924 0.2107
vn -0.3494 -0.9271 0.1354
vn 0.7864 0.5463 -0.2882
vn 0.9480 0.0556 -0.3135
vn 0.4034 -0.7104 -0.5767
vn 0.3498 -0.6648 -0.6600
vn 0.3223 -0.6747 -0.6640
vn 0.4684 -0.7919 -0.3919
vn 0.9152 0.1385 -0.3785
vn 0.5018 -0.8596 -0.0964
vn 0.9645 -0.2524 0.0781
vn 0.9685 -0.2060 -0.1398
vn -0.1457 0.7011 0.6980
vn 0.6678 0.7379 -0.0982
vn -0.2930 -0.9557 0.0286
vn -0.3442 -0.8980 0.2742
vn 0.9759 -0.0716 -0.2059
vn 0.5159 0.8521 0.0875
vn 0.1989 0.9795 0.0322
vn 0.2403 0.9213 0.3058
vn 0.2737 0.8790 0.3904
vn -0.9277 -0.2390 0.2866
vn -0.9278 -0.2390 0.2865
vn 0.8469 0.3333 -0.4144
vn 0.9163 -0.2498 -0.3132
vn 0.4706 0.8816 -0.0371
vn -0.8427 -0.1221 0.5243
vn -0.8845 -0.1041 0.4547
vn -0.4137 -0.9089 0.0531
vn -0.5479 -0.8341 0.0645
vn -0.9296 -0.2615 0.2596
vn -0.9260 -0.2629 0.2709
vn -0.9262 -0.2628 0.2704
vn -0.9278 -0.2390 0.2864
vn 0.7479 -0.6604 0.0673
vn -0.4363 -0.0034 0.8998
vn -0.1830 0.3752 0.9087
vn 0.3739 0.5578 0.7410
vn 0.8620 0.3046 -0.4052
vn -0.6434 -0.7651 0.0257
vn -0.8177 0.5472 0.1788
vn -0.6703 0.7003 0.2454
vn -0.3762 0.6680 0.6421
vn -0.3796 0.6702 0.6378
vn -0.3814 0.6694 0.6375
vn -0.3759 0.6677 0.6425
vn -0.5316 0.7454 0.4022
vn -0.5421 0.7429 0.3926
vn -0.3120 -0.9409 0.1321
vn 0.7465 -0.6177 0.2473
vn 0.5458 -0.7363 0.3999
vn -0.1977 -0.8274 0.5256
vn 0.9850 0.0252 0.1705
vn 0.2695 -0.8567 -0.4399
vn -0.3830 0.6690 0.6370
vn 0.2806 0.9264 0.2512
vn -0.4424 0.6453 0.6228
vn -0.8099 -0.3577 0.4649
vn 0.8177 0.3239 -0.4759
vn 0.5128 0.8584 0.0159
vn -0.4190 -0.9078 -0.0169
vn 0.5732 -0.7795 -0.2525
vn -0.5546 -0.8317 0.0244
vn -0.8690 -0.2317 0.4372
vn 0.4651 0.8806 -0.0911
vn 0.6043 0.7833 -0.1458
vn -0.5753 0.7682 0.2808
vn 0.4781 0.8738 -0.0885
vn -0.6410 0.6985 0.3180
vn -0.9298 -0.2614 0.2590
vn -0.9085 -0.3674 0.1992
vn -0.3948 -0.8883 0.2347
vn 0.6467 0.7382 -0.1919
vn 0.9312 -0.1343 -0.3388
vn 0.2844 -0.8376 -0.4664
vn 0.2417 -0.7672 -0.5941
vn 0.4058 -0.7028 -0.5842
vn 0.5411 -0.8132 -0.2142
vn 0.9320 -0.2447 -0.2672
vn 0.6062 -0.7943 0.0402
vn 0.9611 -0.2752 -0.0216
vn 0.9629 -0.2642 -0.0542
vn -0.9161 -0.3820 0.1217
vn 0.8000 -0.5108 0.3146
vn -0.8135 0.3737 0.4457
vn -0.4399 0.8817 0.1706
vn -0.9934 -0.1046 -0.0478
vn -0.9712 0.2299 -0.0633
vn 0.7956 -0.2718 0.5415
vn 0.8390 0.5405 0.0632
vn 0.4605 0.3763 0.8039
vn -0.1663 -0.4265 0.8891
vn -0.1944 0.9752 -0.1056
vn -0.7536 0.6042 0.2587
vn 0.0651 0.9767 -0.2044
vn 0.7303 0.6138 -0.2997
vn 0.7451 -0.6005 -0.2903
vn 0.8594 0.3829 -0.3389
vn -0.9137 0.3586 0.1911
vn -0.6771 -0.6721 0.2996
vn -0.6450 -0.7237 0.2456
vn -0.1112 -0.9751 0.1917
vn 0.6884 -0.6970 0.2008
vn -0.0714 -0.9146 0.3981
vn 0.2401 0.9671 -0.0842
vn 0.2893 0.8889 -0.3552
vn 0.8196 -0.5082 -0.2646
vn 0.4258 -0.8034 0.4161
vn -0.5575 -0.5369 0.6332
vn 0.2351 -0.6411 0.7306
vn 0.8552 -0.4799 -0.1958
vn 0.1876 -0.9507 0.2469
vn 0.0278 0.3653 0.9305
vn 0.5878 -0.6870 0.4273
vn 0.0686 0.3441 0.9364
vn 0.6249 -0.7768 0.0773
vn 0.9903 -0.1364 -0.0278
vn 0.4619 0.4791 0.7463
vn 0.9255 0.3064 0.2226
vn 0.5283 0.6929 0.4907
vn -0.4688 0.8512 -0.2361
vn -0.9967 0.0810 -0.0108
vn 0.6072 -0.7217 0.3324
vn 0.0214 0.9335 -0.3580
vn -0.3766 0.9258 -0.0340
vn 0.3027 0.8988 -0.3171
vn 0.8843 0.1055 -0.4547
vn 0.8363 -0.4721 -0.2790
vn 0.8411 0.0372 -0.5396
vn -0.5164 0.8392 -0.1708
vn -0.8991 0.4202 0.1228
vn -0.8483 0.1522 -0.5071
vn -0.8045 0.5881 0.0833
vn -0.4456 -0.6387 -0.6273
vn -0.9190 0.1132 -0.3776
vn -0.5873 -0.5031 -0.6340
vn 0.4011 -0.7119 -0.5765
vn -0.9720 -0.0511 -0.2294
vn -0.5876 -0.7566 -0.2869
vn 0.5485 0.5622 -0.6189
vn 0.4994 0.8533 -0.1501
vn 0.4367 0.8962 -0.0785
vn -0.6237 0.5441 0.5612
vn -0.6389 0.4886 0.5941
vn 0.1873 0.9368 -0.2956
vn 0.2391 0.4181 -0.8764
vn 0.4972 0.8670 -0.0337
vn 0.3180 0.9344 0.1604
vn 0.4950 0.8646 -0.0860
vn 0.4977 0.8630 -0.0864
vn -0.7494 0.6020 0.2755
vn -0.6196 0.7178 0.3176
vn 0.0661 0.9372 0.3423
vn 0.0917 0.8700 0.4845
vn -0.2634 0.3873 -0.8835
vn -0.1860 0.1059 -0.9768
vn 0.3479 0.9216 0.1719
vn 0.4086 0.9126 -0.0157
vn 0.3292 0.8671 -0.3738
vn -0.4588 0.3726 0.8067
vn -0.4764 0.4790 0.7373
vn 0.7246 -0.6489 0.2324
vn -0.3376 0.9156 0.2185
vn 0.9128 0.1826 0.3653
vn -0.8132 -0.4113 -0.4118
vn -0.5638 -0.4714 -0.6781
vn -0.8322 0.4052 -0.3786
vn -0.8709 0.4135 -0.2658
vn 0.3022 -0.9431 -0.1386
vn -0.3548 -0.8605 -0.3657
vn -0.3626 -0.7759 -0.5162
vn -0.2926 -0.7812 -0.5515
vn 0.7633 -0.6436 0.0571
vn -0.7596 -0.2661 -0.5934
vn -0.7956 0.5794 -0.1772
vn 0.1455 -0.9693 -0.1980
vn -0.4038 -0.4319 0.8065
vn -0.4007 -0.4307 0.8087
vn -0.4035 -0.4318 0.8067
vn -0.2876 -0.6334 0.7184
vn -0.4806 -0.4891 0.7279
vn -0.7197 -0.4922 0.4897
vn -0.3396 -0.2321 0.9115
vn -0.4564 -0.6013 0.6558
vn -0.3974 -0.1342 0.9078
vn -0.5436 -0.6357 0.5480
vn -0.6523 -0.0444 -0.7567
vn -0.6520 -0.0420 -0.7571
vn -0.6508 -0.0328 -0.7586
vn -0.8008 -0.2489 -0.5448
vn -0.9621 -0.2109 -0.1729
vn -0.2677 0.1504 0.9517
vn -0.2617 0.1487 0.9536
vn -0.2682 0.1506 0.9515
vn -0.2611 0.1485 0.9538
vn -0.3538 0.0758 0.9322
vn -0.6541 0.2953 0.6964
vn -0.9843 0.1690 0.0500
vn -0.9438 0.0102 0.3305
vn -0.9185 -0.0731 -0.3886
vn -0.0704 -0.0504 -0.9962
vn -0.1578 -0.3108 -0.9373
vn -0.1565 -0.3086 -0.9382
vn -0.1561 -0.3080 -0.9385
vn -0.1581 -0.3113 -0.9371
vn -0.7044 -0.0291 -0.7092
vn -0.6247 0.0697 -0.7778
vn -0.1199 0.0953 0.9882
vn -0.0656 0.1420 0.9877
vn -0.3586 0.1783 0.9163
vn -0.5081 0.0285 0.8608
vn 0.8333 -0.5508 0.0468
vn 0.8242 -0.5300 0.1992
vn -0.5372 -0.4503 -0.7132
vn -0.5268 -0.6176 -0.5839
vn -0.7760 0.4730 -0.4172
vn -0.8773 0.3055 -0.3702
vn 0.3362 -0.9207 -0.1979
vn 0.3683 -0.9246 -0.0970
vn -0.3740 -0.5692 0.7322
vn -0.6169 -0.0951 0.7813
vn -0.6602 -0.4397 0.6090
vn -0.8077 -0.4615 0.3668
vn -0.4600 -0.5090 0.7276
vn -0.3722 -0.3387 0.8641
vn -0.3113 -0.1655 0.9358
vn -0.6175 -0.2649 0.7406
vn 0.4509 -0.6422 0.6199
vn -0.2111 -0.4309 0.8774
vn -0.2123 -0.4320 0.8765
vn -0.2128 -0.4325 0.8761
vn -0.2106 -0.4305 0.8777
vn -0.4002 -0.4305 0.8090
vn -0.5077 -0.3756 0.7753
vn -0.1794 -0.9120 0.3688
vn -0.4470 -0.6533 0.6110
vn -0.5496 0.8141 0.1876
vn -0.5132 0.8395 0.1784
vn 0.9130 0.1606 0.3750
vn 0.7762 0.2407 0.5827
vn 0.3823 0.8203 0.4255
vn 0.1335 0.8175 0.5602
vn -0.1272 -0.9408 -0.3143
vn -0.0702 -0.0420 -0.9966
vn -0.1754 -0.1429 -0.9741
vn -0.2583 -0.0680 -0.9637
vn -0.2444 -0.1470 -0.9585
vn -0.5073 -0.3251 -0.7981
vn -0.3239 -0.3364 -0.8843
vn -0.1852 0.0488 -0.9815
vn -0.2651 0.2119 -0.9407
vn -0.3143 0.2522 -0.9152
vn -0.3650 -0.3192 -0.8746
vn -0.1217 -0.0147 -0.9925
vn -0.3737 0.5783 -0.7252
vn -0.5387 -0.1395 -0.8309
vn -0.6505 -0.0308 -0.7589
vn -0.4284 -0.5953 -0.6798
vn -0.7272 -0.0495 -0.6846
vn -0.2720 -0.0340 -0.9617
vn -0.5251 -0.2528 -0.8126
vn -0.4496 -0.1042 -0.8871
vn -0.5059 -0.1738 -0.8449
vn -0.4292 -0.0887 -0.8989
vn -0.6292 -0.3308 -0.7033
vn -0.0040 0.6837 -0.7297
vn -0.1791 0.6076 -0.7738
vn 0.1337 0.0180 -0.9909
vn 0.1461 0.0194 -0.9891
vn 0.1459 0.0194 -0.9891
vn 0.2082 0.0991 -0.9731
vn 0.0801 0.2317 -0.9695
vn 0.2300 0.0052 -0.9732
vn 0.0784 -0.0879 -0.9930
vn -0.0276 -0.1740 -0.9844
vn 0.0784 -0.1867 -0.9793
vn 0.1653 -0.1067 -0.9805
vn -0.1729 0.0255 -0.9846
vn -0.1098 -0.0947 -0.9894
vn -0.1823 -0.2340 -0.9550
vn 0.0911 -0.2904 -0.9525
vn 0.0975 -0.2863 -0.9532
vn 0.0901 -0.2911 -0.9524
vn 0.0986 -0.2855 -0.9533
vn 0.0888 0.0127 -0.9960
vn -0.1298 -0.3099 -0.9419
vn -0.1033 -0.3355 -0.9364
vn 0.0772 -0.0365 -0.9964
vn 0.1734 0.0543 -0.9834
vn -0.3311 0.5289 -0.7814
vn -0.7091 -0.0067 0.7050
vn -0.7114 -0.0037 0.7028
vn -0.7089 -0.0069 0.7052
vn -0.7732 -0.1945 0.6035
vn -0.7086 -0.0637 0.7028
vn -0.7588 0.1087 0.6422
vn -0.1418 0.2157 0.9661
vn -0.1396 0.1484 0.9790
vn -0.1188 0.1269 0.9848
vn -0.3217 -0.1120 0.9402
vn -0.4667 0.0511 0.8829
vn -0.9866 -0.1563 0.0463
vn -0.7252 -0.0341 0.6877
vn -0.9656 0.0194 0.2592
vn -0.9604 -0.0068 0.2786
vn -0.5752 0.1806 0.7978
vn -0.6466 0.1367 0.7505
vn -0.5861 -0.3056 0.7504
vn -0.7146 -0.0157 0.6994
vn -0.7227 -0.1586 0.6727
vn -0.7585 -0.0832 0.6464
vn -0.7196 0.0595 0.6918
vn -0.7138 -0.0005 0.7003
vn -0.1141 0.1757 0.9778
vn -0.0738 0.2418 0.9675
vn -0.3755 0.0771 0.9236
vn -0.4171 0.1734 0.8922
vn -0.1623 0.2342 0.9585
vn -0.9971 -0.0163 0.0738
vn -0.2770 0.9071 0.3169
vn -0.3041 0.9206 0.2449
vn 0.2835 0.7572 0.5884
vn 0.2497 0.8856 0.3916
vn -0.9273 0.3134 -0.2045
vn -0.4758 0.8448 -0.2449
vn -0.4123 0.8621 -0.2946
vn -0.6395 0.7320 0.2350
vn -0.6292 0.7551 0.1840
vn -0.6288 0.7555 0.1840
vn -0.6356 0.7496 0.1847
vn -0.6286 0.7556 0.1840
vn -0.5888 0.8041 -0.0824
vn -0.5934 0.8008 -0.0815
vn -0.5983 0.7972 -0.0804
vn -0.5886 0.8042 -0.0825
vn -0.3647 0.9190 0.1500
vn -0.4537 0.8329 0.3169
vn -0.6263 0.7795 0.0067
vn -0.1396 0.9899 0.0255
vn 0.1084 0.9337 -0.3413
vn -0.1351 0.9886 0.0672
vn -0.4036 0.8626 0.3050
vn -0.3392 0.8771 -0.3401
vn -0.2910 0.8952 0.3377
vn -0.5166 0.8481 0.1182
vn -0.5316 0.8460 -0.0412
vn -0.1192 0.6173 0.7777
vn -0.2283 0.5629 0.7943
vn -0.2352 0.6181 0.7501
vn -0.3635 0.2731 0.8907
vn -0.4678 0.4186 0.7784
vn -0.5951 0.4521 0.6644
vn -0.7755 0.4657 0.4264
vn 0.0054 0.2085 -0.9780
vn 0.0620 0.2514 -0.9659
vn -0.0149 0.0609 -0.9980
vn 0.1001 0.2504 -0.9630
vn -0.2425 0.2083 0.9475
vn -0.2120 0.6129 0.7612
vn -0.3279 0.3957 0.8578
vn -0.9283 -0.1907 0.3193
vn -0.9567 0.2063 0.2055
vn -0.8704 0.4345 0.2317
vn -0.6281 0.4533 0.6325
vn -0.6123 0.4004 0.6818
vn -0.6267 0.1763 0.7591
vn -0.9230 -0.1978 -0.3300
vn -0.8860 0.1588 -0.4357
vn -0.8853 0.0877 -0.4567
vn -0.6341 -0.1007 -0.7666
vn -0.0437 -0.1028 0.9937
vn -0.2379 0.4115 0.8798
vn -0.1434 0.0223 0.9894
vn -0.7116 0.4860 0.5074
vn -0.7014 0.3942 0.5938
vn -0.7590 0.2103 0.6162
vn 0.0189 0.8177 0.5753
vn 0.0467 0.4997 -0.8649
vn 0.2455 0.3799 0.8919
vn 0.2643 0.4554 0.8502
vn 0.6399 0.7162 -0.2786
vn 0.6398 0.7162 -0.2787
vn 0.6400 0.7161 -0.2785
vn 0.0940 0.7682 0.6333
vn 0.1616 0.9283 0.3349
vn 0.2960 0.7969 0.5266
vn 0.2290 0.9480 -0.2209
vn 0.3169 0.9417 0.1127
vn 0.3582 0.9176 0.1721
vn 0.1883 0.8105 -0.5546
vn 0.2307 0.9550 0.1864
vn 0.1983 0.9446 -0.2614
vn 0.0802 0.7371 -0.6710
vn 0.1489 0.7907 -0.5939
vn 0.2692 0.7644 -0.5859
vn 0.0357 0.9002 0.4339
vn 0.0311 0.8988 0.4373
vn 0.0367 0.9005 0.4332
vn 0.1762 0.9062 -0.3845
vn 0.5061 0.5598 -0.6561
vn 0.5594 0.5232 -0.6429
vn 0.1759 0.8308 0.5280
vn 0.1380 0.8418 0.5218
vn -0.0399 0.7830 0.6208
vn 0.0302 0.8985 0.4379
vn 0.1377 0.9839 0.1138
vn 0.2747 0.9377 0.2126
vn 0.0400 0.4897 0.8710
vn 0.0848 0.4551 0.8864
vn 0.0998 0.3236 0.9409
vn 0.0665 0.3655 0.9284
vn 0.0339 -0.3059 0.9515
vn 0.0829 -0.2081 0.9746
vn 0.0211 0.5683 0.8226
vn 0.0320 0.5818 0.8127
vn 0.1334 0.1526 -0.9793
vn 0.0504 -0.0090 -0.9987
vn 0.0574 -0.0057 -0.9983
vn 0.0556 -0.0065 -0.9984
vn 0.0483 -0.0100 -0.9988
vn 0.1037 -0.0890 -0.9906
vn 0.2769 0.3432 0.8975
vn 0.3541 -0.1000 0.9299
vn 0.4531 -0.3611 0.8150
vn 0.2527 0.7060 0.6616
vn 0.2600 0.6842 0.6814
vn 0.2394 0.6600 0.7121
vn 0.2769 0.4359 0.8563
vn 0.4124 0.1877 0.8915
vn 0.3019 0.3691 0.8790
vn 0.3020 0.3652 0.8806
vn 0.3020 0.3658 0.8803
vn 0.3019 0.3698 0.8787
vn 0.3097 0.7744 0.5518
vn 0.2914 -0.0906 -0.9523
vn 0.2873 -0.1705 -0.9425
vn 0.6296 -0.2160 -0.7462
vn 0.6803 -0.2414 -0.6920
vn 0.6729 0.7100 -0.2077
vn 0.6183 -0.5749 0.5359
vn -0.7949 0.1416 -0.5900
vn 0.9374 0.0619 0.3427
vn 0.9274 -0.1789 0.3285
vn 0.8665 0.4966 -0.0505
vn 0.8664 0.4804 0.1364
vn 0.2366 0.8162 -0.5271
vn 0.2029 0.3245 -0.9239
vn 0.4323 0.1714 -0.8853
vn -0.2033 0.6669 -0.7169
vn 0.2619 0.1555 -0.9525
vn 0.1482 0.0047 -0.9889
vn 0.8699 0.1168 0.4793
vn -0.6628 0.4635 -0.5881
vn -0.2417 0.6700 -0.7020
vn -0.2387 0.6674 -0.7055
vn -0.2380 0.6668 -0.7062
vn 0.4165 0.7406 -0.5272
vn 0.2230 0.0496 0.9736
vn 0.2230 0.0497 0.9735
vn 0.2229 0.0493 0.9736
vn 0.8746 0.0676 0.4801
vn 0.9227 0.1875 0.3368
vn 0.7698 0.1201 0.6268
vn 0.7481 0.0901 0.6574
vn 0.9689 0.1539 0.1940
vn 0.2891 -0.4182 0.8611
vn 0.1878 -0.5103 0.8392
vn 0.2677 -0.4637 0.8446
vn 0.3236 -0.6968 0.6402
vn 0.7425 -0.5930 0.3114
vn 0.4366 -0.5915 0.6778
vn 0.4308 -0.6477 0.6284
vn 0.6468 -0.5906 0.4826
vn 0.9173 0.0871 -0.3885
vn 0.9075 -0.0902 -0.4103
vn 0.2720 -0.6136 -0.7413
vn 0.2718 -0.6127 -0.7421
vn 0.2721 -0.6137 -0.7412
vn 0.9445 0.0238 -0.3277
vn 0.5116 -0.0142 -0.8591
vn 0.4958 -0.0042 -0.8684
vn 0.8510 -0.5093 0.1279
vn 0.0705 0.0468 -0.9964
vn 0.1229 0.0254 -0.9921
vn 0.0287 -0.6069 -0.7942
vn -0.1364 -0.7425 -0.6558
vn -0.0797 -0.8059 -0.5866
vn 0.7267 -0.4577 0.5123
vn 0.2718 -0.6124 -0.7424
vn 0.7320 -0.0603 -0.6786
vn 0.1427 -0.0131 0.9897
vn 0.1425 -0.0130 0.9897
vn 0.1424 -0.0129 0.9897
vn 0.3102 -0.0125 0.9506
vn 0.2449 0.0763 0.9665
vn 0.1514 -0.0210 0.9883
vn 0.1392 -0.0921 -0.9860
vn 0.0595 -0.0279 -0.9978
vn 0.0596 -0.0270 -0.9979
vn 0.0615 -0.0165 -0.9980
vn 0.1327 -0.2884 -0.9483
vn 0.4535 0.0063 0.8912
vn 0.4961 -0.0307 0.8677
vn 0.9825 0.1175 0.1444
vn 0.9508 0.0107 0.3097
vn 0.6093 -0.1126 0.7849
vn 0.9638 -0.0186 0.2659
vn 0.9639 -0.0222 0.2653
vn 0.9639 -0.0223 0.2653
vn 0.9533 -0.1649 -0.2531
vn 0.8095 -0.1838 -0.5576
vn 0.3412 -0.2011 -0.9182
vn 0.2832 -0.1654 -0.9447
vn 0.9442 -0.0544 -0.3250
vn 0.9600 0.0339 -0.2779
vn 0.5928 -0.1562 -0.7901
vn 0.5980 -0.1316 -0.7906
vn 0.4316 -0.6840 0.5882
vn 0.2768 0.9031 -0.3282
vn -0.7541 -0.6548 -0.0505
vn -0.0984 -0.8560 0.5074
vn 0.6845 -0.5488 -0.4799
vn 0.6075 -0.5191 -0.6012
vn 0.6070 -0.5271 -0.5947
vn 0.6074 -0.5205 -0.6001
vn -0.7638 0.1294 -0.6323
vn 0.5482 -0.4346 -0.7146
vn 0.5466 -0.4348 -0.7156
vn 0.5465 -0.4349 -0.7157
vn 0.4681 -0.7190 -0.5138
vn 0.8230 0.5574 0.1094
vn 0.8145 0.5414 0.2084
vn -0.3307 0.7566 -0.5640
vn -0.1302 -0.8354 -0.5340
vn 0.1629 -0.7729 -0.6132
vn 0.5719 -0.2939 0.7659
vn 0.5841 -0.5456 0.6009
vn 0.6300 0.3204 -0.7074
vn 0.5977 0.0986 -0.7957
vn 0.6760 0.2236 -0.7022
vn -0.0282 0.0775 -0.9966
vn -0.0120 0.0470 -0.9988
vn -0.0717 0.2628 -0.9622
vn -0.3894 -0.4683 -0.7931
vn -0.3116 -0.5206 -0.7949
vn -0.4141 -0.3818 -0.8263
vn -0.0268 -0.8823 -0.4699
vn -0.1441 -0.8768 -0.4587
vn -0.1774 -0.8107 -0.5579
vn -0.1768 -0.8108 -0.5580
vn -0.1795 -0.8105 -0.5576
vn -0.1801 -0.8104 -0.5575
vn 0.3444 -0.9363 -0.0681
vn 0.2613 -0.9652 -0.0072
vn 0.0572 -0.9941 -0.0920
vn 0.9868 -0.0170 -0.1611
vn 0.8512 -0.0586 0.5216
vn 0.9725 -0.0275 -0.2312
vn 0.8721 -0.4265 0.2400
vn 0.5960 -0.7719 0.2211
vn 0.7615 -0.4679 0.4486
vn 0.8718 0.0397 -0.4883
vn 0.8744 0.0434 -0.4833
vn 0.8748 0.0441 -0.4824
vn 0.8712 0.0388 -0.4895
vn 0.9647 0.0083 -0.2632
vn -0.8550 -0.1019 -0.5086
vn 0.8368 0.1520 0.5260
vn 0.8326 0.1621 0.5296
vn 0.8332 0.1608 0.5291
vn 0.8371 0.1512 0.5257
vn 0.5636 0.2775 0.7781
vn 0.2678 0.6176 -0.7395
vn 0.2782 0.6165 -0.7366
vn 0.2663 0.6178 -0.7399
vn -0.0791 0.6497 -0.7561
vn 0.0037 0.8445 -0.5356
vn 0.0804 0.9955 -0.0510
vn 0.4287 0.6352 0.6424
vn 0.5099 -0.0855 0.8560
vn 0.3893 0.1135 0.9141
vn 0.6519 0.0423 0.7572
vn -0.4554 0.1207 -0.8821
vn 0.9188 0.0632 0.3897
vn 0.2383 -0.8957 0.3753
vn 0.9727 -0.0883 0.2144
vn 0.3927 -0.4399 -0.8077
vn -0.1709 -0.3051 -0.9368
vn -0.1977 -0.0398 -0.9795
vn 0.9605 -0.1098 -0.2557
vn 0.9624 -0.1068 -0.2499
vn 0.9603 -0.1101 -0.2565
vn 0.9630 -0.0151 -0.2690
vn 0.6323 0.7374 0.2377
vn 0.1230 0.8364 -0.5342
vn 0.0532 0.7851 -0.6170
vn 0.7974 -0.2142 0.5641
vn 0.2948 -0.9160 0.2719
vn -0.6319 -0.7677 -0.1065
vn -0.6985 -0.7087 -0.0990
vn -0.9087 0.0046 -0.4175
vn 0.6696 0.3384 0.6611
vn 0.7326 0.3769 0.5667
vn 0.7659 -0.4962 0.4089
vn 0.1220 -0.9391 0.3212
vn 0.7202 -0.0109 0.6937
vn 0.7630 0.0097 0.6463
vn -0.8517 -0.2236 -0.4739
vn -0.1147 -0.0538 -0.9919
vn -0.7246 -0.1180 -0.6790
vn 0.6343 -0.7187 0.2849
vn -0.2778 -0.9220 -0.2697
vn 0.6781 0.3098 0.6665
vn 0.5262 -0.0661 0.8478
vn 0.9713 -0.0661 0.2285
vn 0.9687 -0.1501 -0.1979
vn 0.9345 -0.2997 0.1922
vn 0.9542 -0.2148 -0.2083
vn 0.5253 -0.3176 -0.7894
vn 0.7238 0.6728 0.1529
vn 0.7248 0.6717 0.1530
vn 0.7229 0.6739 0.1529
vn 0.1989 0.8536 -0.4815
vn 0.6908 -0.3443 0.6357
vn 0.7165 -0.3271 0.6161
vn 0.7917 0.2354 0.5637
vn 0.8560 0.2844 0.4316
vn -0.2423 0.6705 -0.7012
vn -0.5812 0.4083 -0.7039
vn 0.7917 -0.0691 0.6069
vn 0.8023 -0.0617 0.5937
vn 0.0876 0.5384 0.8381
vn 0.0043 0.9867 0.1628
vn -0.0050 0.9874 0.1581
vn 0.0045 0.9866 0.1629
vn 0.3732 0.5466 -0.7497
vn -0.0110 0.9992 -0.0389
vn -0.0747 0.9957 -0.0540
vn 0.0315 0.5271 -0.8492
vn -0.3116 0.6549 -0.6885
vn -0.1018 0.3533 -0.9300
vn -0.5731 0.3442 -0.7437
vn 0.9411 -0.2001 -0.2724
vn 0.9601 -0.1103 -0.2569
vn 0.9979 -0.0273 0.0595
vn 0.9844 -0.1742 0.0249
vn 0.8516 -0.3610 0.3801
vn 0.8861 -0.3154 0.3396
vn 0.8906 0.1606 0.4256
vn 0.6526 0.7353 -0.1830
vn 0.6497 0.7310 -0.2087
vn 0.8668 -0.0618 0.4948
vn 0.9017 0.1175 0.4162
vn 0.1717 0.7763 -0.6066
vn 0.5658 0.8165 -0.1149
vn 0.5659 0.8164 -0.1148
vn -0.3169 0.6780 -0.6632
vn -0.0228 0.8718 -0.4894
vn -0.0056 0.9875 0.1578
vn 0.1202 0.8189 0.5612
vn 0.2145 0.9543 0.2081
vn 0.1738 0.9559 0.2367
vn -0.1035 0.8375 -0.5366
vn 0.9328 0.0658 0.3543
vn -0.6087 0.2389 -0.7566
vn 0.6485 0.7110 -0.2717
vn 0.8212 0.5704 0.0154
vn 0.4336 0.8145 -0.3855
vn 0.3104 0.5670 -0.7630
vn -0.4102 -0.3101 -0.8577
vn -0.3690 0.1931 -0.9091
vn -0.8330 -0.0760 -0.5481
vn -0.8570 -0.4733 -0.2037
vn 0.4590 0.7962 -0.3942
vn -0.5257 -0.7342 0.4296
vn -0.5354 -0.7259 0.4318
vn -0.5352 -0.7260 0.4318
vn -0.6875 -0.7262 0.0068
vn -0.7108 -0.7031 -0.0188
vn 0.7263 0.4815 0.4906
vn -0.5260 -0.3073 0.7931
vn -0.0403 0.6637 -0.7469
vn -0.9017 -0.3944 -0.1768
vn -0.7393 -0.6335 -0.2284
vn -0.0292 0.7348 -0.6776
vn 0.5310 0.8118 -0.2427
vn 0.1898 0.5602 -0.8063
vn 0.2430 0.5607 -0.7915
vn -0.4218 -0.1292 -0.8974
vn -0.3446 0.0699 -0.9361
vn -0.6150 -0.7167 -0.3288
vn 0.6453 0.6855 -0.3371
vn 0.6856 0.6676 -0.2902
vn -0.3613 -0.2716 -0.8920
vn -0.2974 -0.2566 -0.9196
vn 0.2722 0.4410 -0.8552
vn 0.3122 0.4457 -0.8390
vn 0.7955 0.4020 0.4535
vn 0.7877 0.5390 0.2982
vn -0.3797 -0.5254 0.7614
vn 0.6696 -0.6213 0.4069
vn 0.0231 0.7898 -0.6129
vn 0.6959 0.7117 -0.0962
vn -0.8058 -0.2796 -0.5220
vn -0.1031 0.8775 -0.4683
vn -0.6996 -0.3617 -0.6163
vn 0.2664 0.5825 -0.7679
vn -0.7117 0.2230 -0.6661
vn -0.7701 0.3613 -0.5257
vn -0.5988 -0.7967 -0.0817
vn -0.5255 -0.7344 0.4296
vn 0.0850 -0.4322 0.8978
vn 0.5668 0.7466 -0.3484
vn 0.5671 0.7462 -0.3486
vn 0.5589 0.7903 -0.2513
vn -0.1748 -0.9761 0.1292
vn 0.5904 -0.6397 0.4921
vn -0.5946 0.2488 -0.7645
vn 0.9609 0.2278 0.1572
vn 0.6565 -0.5245 0.5422
vn 0.5924 0.7850 -0.1812
vn 0.5597 0.8273 0.0479
vn 0.5603 0.8269 0.0482
vn 0.5510 0.8334 0.0433
vn 0.5793 0.8007 -0.1529
vn -0.1709 -0.7627 0.6238
vn 0.0380 -0.9563 0.2900
vn 0.8841 0.4051 0.2332
vn 0.5500 0.8341 0.0428
vn 0.2752 -0.6834 0.6762
vn 0.3819 -0.4333 0.8163
vn -0.5150 -0.8241 -0.2359
vn -0.6318 -0.7742 -0.0392
vn -0.1659 -0.9169 0.3630
vn -0.7351 -0.6710 -0.0969
vn -0.7733 -0.3736 -0.5123
vn -0.5207 -0.1204 -0.8452
vn -0.7000 -0.6487 -0.2987
vn -0.7194 -0.6461 -0.2551
vn 0.2596 0.3588 -0.8966
vn -0.3724 -0.6442 0.6681
vn 0.4818 0.1432 0.8645
vn -0.4102 -0.6340 0.6556
vn 0.4653 0.2447 0.8507
vn 0.6934 0.6142 0.3767
vn 0.7066 0.6635 -0.2461
vn 0.1411 0.3427 -0.9288
vn -0.4200 -0.3291 -0.8458
vn 0.6179 0.6925 -0.3722
vn -0.3821 -0.1238 -0.9158
vn 0.1673 0.4987 -0.8505
vn 0.0752 -0.2021 0.9765
vn 0.4549 0.1383 0.8797
vn 0.7049 0.6452 -0.2947
vn 0.7432 0.5994 0.2972
vn 0.7446 0.5978 0.2968
vn 0.7439 0.5987 0.2970
vn 0.7655 0.5869 -0.2639
vn 0.7122 0.6056 -0.3551
vn -0.3643 -0.3885 -0.8463
vn -0.3382 -0.2977 -0.8927
vn 0.3337 0.2949 -0.8954
vn 0.3573 0.3535 -0.8645
vn 0.6691 0.3815 0.6377
vn 0.6694 0.3832 0.6365
vn 0.6685 0.3771 0.6410
vn 0.5140 0.0854 0.8535
vn 0.1216 -0.2621 0.9574
vn -0.0958 -0.4737 0.8755
vn -0.6490 -0.7340 -0.2000
vn -0.5996 -0.7444 -0.2938
vn 0.4244 0.0501 0.9041
vn 0.3999 0.3319 0.8544
vn 0.5769 0.2648 0.7727
vn 0.6713 0.1624 0.7232
vn 0.7122 0.3498 0.6087
vn 0.7620 0.5660 0.3148
vn 0.7423 0.5630 0.3633
vn 0.7696 0.5285 0.3584
vn 0.6683 0.3755 0.6422
vn 0.7696 0.2697 0.5787
vn 0.2961 -0.0955 0.9504
vn -0.1988 -0.2432 0.9494
vn -0.4032 -0.7581 0.5125
vn 0.2482 -0.1687 0.9539
vn 0.2670 -0.1824 0.9463
vn -0.3816 -0.7753 0.5033
vn 0.1844 0.0480 0.9817
vn 0.3314 0.1692 0.9282
vn 0.5015 0.2060 0.8403
vn 0.1804 -0.7421 0.6456
vn -0.0847 -0.1438 0.9860
vn -0.0545 -0.5576 0.8283
vn -0.1029 -0.1551 0.9825
vn -0.6424 -0.7247 0.2492
vn -0.6607 -0.7029 0.2634
vn -0.7748 -0.1167 0.6213
vn -0.3011 0.0378 0.9529
vn 0.1536 0.5773 0.8019
vn -0.2652 -0.6516 -0.7107
vn 0.3129 -0.3280 -0.8913
vn -0.7914 -0.5671 -0.2282
vn -0.7910 -0.5705 -0.2209
vn -0.7911 -0.5698 -0.2224
vn -0.2604 -0.6450 -0.7185
vn -0.5193 -0.5206 -0.6777
vn -0.3617 -0.0322 -0.9318
vn -0.3711 0.2383 -0.8975
vn -0.0496 -0.2898 0.9558
vn -0.5973 -0.3296 -0.7312
vn -0.6928 -0.4063 -0.5958
vn -0.3197 -0.4094 0.8545
vn 0.5508 0.1152 0.8266
vn 0.5540 0.1051 0.8259
vn 0.5544 0.1039 0.8258
vn 0.6345 0.2330 0.7370
vn 0.6657 -0.0105 0.7461
vn 0.6755 -0.1594 0.7200
vn 0.6145 0.1282 -0.7784
vn 0.0633 0.6326 -0.7719
vn -0.5549 -0.0682 -0.8291
vn -0.4674 0.4686 -0.7496
vn -0.8436 -0.3405 -0.4152
vn -0.8412 -0.3448 -0.4165
vn -0.8415 -0.3443 -0.4164
vn -0.5555 0.0349 0.8308
vn -0.4691 0.2163 0.8562
vn -0.3889 -0.0635 0.9191
vn -0.4526 -0.0538 0.8901
vn -0.5093 -0.5145 -0.6898
vn -0.6975 -0.6438 -0.3148
vn 0.7963 0.1061 0.5955
vn 0.8303 0.1623 0.5331
vn 0.9863 0.1269 0.1053
vn 0.9620 0.2563 0.0944
vn 0.9257 0.2796 0.2549
vn 0.8564 0.2211 -0.4666
vn 0.8903 0.4448 0.0973
vn 0.1325 -0.2219 0.9660
vn 0.0592 -0.0961 0.9936
vn -0.7078 -0.2994 -0.6398
vn -0.5569 -0.4784 -0.6789
vn -0.1534 -0.0321 -0.9876
vn 0.8679 0.4194 -0.2662
vn 0.7915 0.4876 -0.3685
vn -0.8131 -0.5704 -0.1166
vn 0.7474 0.4733 0.4662
vn 0.6062 0.2966 0.7380
vn 0.1446 0.6222 -0.7694
vn 0.4691 0.7611 -0.4480
vn 0.0893 0.4314 -0.8977
vn 0.6457 0.3307 0.6882
vn 0.5385 0.4741 0.6966
vn 0.0069 -0.2873 0.9578
vn 0.1491 -0.4050 0.9021
vn 0.0512 -0.0183 0.9985
vn -0.6453 -0.7583 -0.0930
vn -0.6934 -0.7180 -0.0602
vn -0.6478 -0.6644 -0.3728
vn -0.6916 -0.6718 -0.2655
vn -0.6001 -0.7846 -0.1559
vn -0.5704 -0.7999 0.1867
vn -0.6212 -0.7019 -0.3486
vn -0.6233 -0.7625 -0.1734
vn -0.4512 -0.8768 -0.1661
vn -0.4305 -0.0057 0.9026
vn -0.5352 0.0082 0.8447
vn 0.6509 0.0075 0.7591
vn 0.3589 0.0716 -0.9306
vn 0.3699 -0.1203 -0.9213
vn -0.4727 0.0186 -0.8810
vn -0.4598 -0.0535 -0.8864
vn 0.4140 -0.4816 0.7724
vn 0.2774 -0.1198 -0.9533
vn 0.5786 -0.4588 0.6743
vn 0.2013 0.0341 -0.9789
vn 0.7327 -0.5062 0.4549
vn 0.2525 -0.0841 -0.9639
vn 0.1237 0.2408 -0.9626
vn 0.5659 0.1929 -0.8016
vn -0.8692 -0.4776 -0.1280
vn 0.5585 -0.5813 -0.5918
vn 0.8313 -0.5464 -0.1020
vn 0.8272 -0.5539 -0.0944
vn 0.8273 -0.5537 -0.0945
vn 0.8270 -0.5544 -0.0938
vn -0.4467 -0.1209 0.8865
vn -0.5084 -0.1199 -0.8527
vn 0.5508 0.6306 0.5469
vn 0.5905 0.5151 0.6213
vn 0.8575 -0.3453 0.3815
vn 0.8594 0.3899 0.3307
vn 0.8932 0.3813 -0.2382
vn 0.9322 0.3316 -0.1451
vn 0.9546 0.2405 -0.1759
vn 0.7245 0.4801 -0.4946
vn 0.9595 0.2491 -0.1317
vn 0.9594 0.2496 -0.1316
vn 0.9570 0.2576 -0.1334
vn 0.9071 0.4177 0.0509
vn 0.9047 0.4244 0.0362
vn 0.5767 0.7384 -0.3495
vn 0.6824 0.6693 -0.2939
vn 0.7219 0.6847 -0.1006
vn 0.6781 0.6011 -0.4229
vn 0.6741 0.6746 0.3008
vn 0.7808 0.5136 0.3557
vn 0.6742 0.7347 0.0759
vn 0.6676 0.5294 0.5236
vn 0.9274 0.3661 0.0762
vn 0.9629 0.2670 -0.0405
vn 0.9952 -0.0742 -0.0631
vn 0.9953 -0.0811 -0.0535
vn 0.9953 -0.0752 -0.0618
vn 0.9779 -0.1936 -0.0786
vn 0.9824 0.0814 -0.1682
vn 0.9881 0.0368 -0.1495
vn 0.6516 -0.7122 0.2610
vn -0.8377 -0.3676 0.4039
vn -0.8245 0.0205 0.5655
vn -0.7904 -0.2565 0.5562
vn -0.6963 -0.2647 0.6672
vn -0.8083 -0.4417 0.3893
vn -0.8055 -0.3791 0.4554
vn -0.8593 -0.4253 0.2841
vn -0.8116 -0.5010 0.3006
vn 0.6143 0.4393 0.6554
vn 0.8927 0.2392 0.3820
vn 0.5226 0.1834 0.8326
vn 0.5640 0.0680 0.8230
vn 0.6978 0.0931 0.7102
vn -0.0984 -0.9942 0.0429
vn 0.9085 -0.1311 -0.3967
vn 0.8841 -0.3807 0.2708
vn 0.2267 -0.7952 -0.5623
vn 0.2767 -0.8533 -0.4420
vn 0.1276 -0.4105 -0.9029
vn -0.0109 -0.2307 -0.9730
vn 0.1475 -0.0674 -0.9868
vn -0.3537 -0.8000 -0.4847
vn -0.2120 -0.7095 -0.6721
vn -0.8440 -0.3398 -0.4150
vn -0.9223 -0.3628 -0.1332
vn -0.9041 -0.3931 -0.1676
vn -0.7915 -0.5666 -0.2291
vn -0.5735 -0.7314 -0.3690
vn -0.3339 -0.9026 -0.2716
vn -0.4036 -0.9000 -0.1647
vn -0.5817 -0.5564 -0.5933
vn -0.5663 -0.7016 0.4325
vn -0.5903 -0.7952 -0.1387
vn -0.3162 -0.8930 0.3202
vn 0.3073 -0.5710 -0.7613
vn -0.3592 -0.9210 -0.1507
vn -0.0110 -0.6084 -0.7935
vn -0.2602 -0.9608 -0.0954
vn -0.7385 -0.6615 -0.1303
vn -0.3875 -0.8664 -0.3151
vn -0.2256 -0.8782 -0.4218
vn -0.3946 0.0984 -0.9136
vn -0.4988 -0.8481 -0.1789
vn 0.1478 0.6650 -0.7321
vn -0.3942 -0.0250 -0.9187
vn -0.3991 -0.8397 -0.3683
vn -0.5353 -0.8295 -0.1591
vn -0.3359 -0.8729 0.3539
vn -0.6214 -0.6583 0.4250
vn -0.4500 -0.8214 -0.3504
vn -0.6090 -0.7586 -0.2316
vn -0.4089 -0.8736 -0.2638
vn 0.7346 0.6308 -0.2499
vn 0.7059 0.4794 0.5214
vn 0.6858 0.7218 -0.0926
vn 0.7446 0.5979 0.2968
vn 0.6490 0.7126 -0.2664
vn 0.4088 0.7716 -0.4873
vn 0.7058 0.7045 0.0744
vn 0.5203 0.6820 -0.5139
vn 0.9953 -0.0819 -0.0524
vn 0.6390 0.0029 0.7692
vn 0.9773 -0.1202 -0.1747
vn 0.5837 -0.0623 -0.8096
vn -0.5382 0.0609 0.8406
vn 0.6339 -0.1285 0.7626
vn -0.5416 0.0612 -0.8384
vn -0.9815 -0.0497 0.1850
vn -0.5196 -0.0139 -0.8543
vn 0.6366 -0.0264 -0.7708
vn 0.5691 0.1411 0.8100
vn 0.0178 -0.1443 0.9894
vn 0.9394 0.3213 -0.1195
vn 0.5504 0.1166 0.8267
vn 0.9692 0.2426 -0.0415
vn 0.2255 0.0534 -0.9728
vn 0.2256 0.0533 -0.9728
vn -0.6765 -0.3018 -0.6718
vn -0.1199 -0.1048 0.9872
vn -0.4889 -0.3590 0.7950
vn -0.9312 -0.2525 0.2628
vn -0.9582 0.0714 0.2770
vn -0.9803 0.1592 0.1167
vn -0.9933 -0.0808 0.0826
vn -0.3761 -0.0892 0.9223
vn -0.8039 -0.5793 0.1351
vn -0.5771 -0.6253 0.5253
vn -0.6957 -0.5046 0.5112
vn 0.2016 -0.0867 0.9756
vn -0.6266 -0.0608 -0.7770
vn -0.6021 -0.2992 -0.7402
vn -0.5381 -0.3193 0.7800
vn 0.6398 0.0836 0.7639
vn 0.6423 0.0733 0.7629
vn 0.6426 0.0719 0.7628
vn 0.5436 -0.0577 0.8374
vn 0.8222 -0.2050 0.5310
vn 0.8121 -0.2906 0.5060
vn 0.5530 0.1990 -0.8091
vn -0.2877 0.0060 0.9577
vn -0.4077 -0.1506 0.9006
vn 0.6547 -0.0481 0.7544
vn 0.5699 -0.0976 -0.8159
vn 0.5801 -0.0245 -0.8142
vn -0.5764 0.1194 -0.8084
vn -0.5379 0.1590 -0.8279
vn 0.3368 0.3074 -0.8900
vn 0.4813 0.2882 -0.8278
vn -0.8800 -0.4679 0.0821
vn 0.3096 -0.5896 -0.7460
vn 0.6509 -0.7386 -0.1757
vn 0.6434 -0.7478 -0.1638
vn -0.1824 0.0546 0.9817
vn -0.6520 0.1684 -0.7393
vn 0.9394 0.3060 -0.1545
vn 0.9385 0.3286 -0.1061
vn 0.9385 0.3287 -0.1061
vn 0.9390 0.3270 -0.1063
vn 0.9705 -0.1803 -0.1601
vn 0.9652 -0.2044 -0.1631
vn 0.9765 0.1051 -0.1883
vn 0.9829 0.0634 -0.1727
vn -0.5529 -0.3695 -0.7468
vn -0.5171 -0.8555 -0.0274
vn -0.8596 -0.5097 -0.0372
vn -0.7180 -0.3883 -0.5776
vn -0.8168 -0.5765 0.0218
vn -0.9934 0.0733 0.0883
vn 0.9709 -0.2173 -0.1009
vn 0.7910 -0.1818 0.5842
vn 0.9612 -0.1635 -0.2221
vn 0.5130 -0.0339 -0.8577
vn -0.2703 -0.0475 0.9616
vn 0.6343 -0.1944 0.7482
vn -0.5627 0.1020 -0.8204
vn -0.9930 -0.1024 0.0583
vn -0.5581 0.2311 -0.7969
vn 0.3853 0.0314 -0.9223
vn 0.6026 0.0435 0.7969
vn 0.1664 -0.1586 0.9732
vn 0.9325 0.3394 -0.1233
vn 0.6396 0.0847 0.7640
vn 0.9379 0.3304 -0.1060
vn 0.3783 0.2299 -0.8967
vn 0.0469 0.2624 -0.9638
vn -0.5446 -0.1114 -0.8313
vn 0.0900 -0.0854 0.9923
vn -0.4575 -0.3499 0.8175
vn -0.9764 0.1274 0.1741
vn -0.9670 0.1776 0.1825
vn -0.9679 0.1961 0.1573
vn -0.9909 -0.0895 0.1010
vn -0.3728 -0.1889 0.9085
vn -0.9092 -0.4142 -0.0424
vn -0.5255 -0.8357 0.1597
vn -0.7188 -0.6281 0.2979
vn 0.6474 -0.4497 0.6154
vn 0.5166 -0.1236 0.8473
vn -0.6401 -0.0279 -0.7678
vn -0.6801 -0.5967 -0.4260
vn -0.3731 -0.3549 0.8572
vn -0.3762 -0.3534 0.8565
vn -0.3724 -0.3553 0.8574
vn 0.6910 -0.0945 0.7167
vn 0.7613 -0.0034 0.6483
vn 0.8093 -0.1934 0.5547
vn 0.7965 -0.3180 0.5142
vn 0.4741 0.2830 -0.8338
vn -0.2378 -0.1136 0.9646
vn -0.2380 -0.1132 0.9647
vn -0.2407 -0.1044 0.9650
vn -0.3950 -0.1949 0.8978
vn 0.6613 -0.0985 0.7437
vn 0.4187 0.0660 -0.9057
vn 0.4117 0.0489 -0.9100
vn 0.4176 0.0496 -0.9073
vn 0.4159 0.0494 -0.9081
vn -0.5866 0.1735 -0.7911
vn -0.5645 0.1938 -0.8024
vn 0.2994 0.3654 -0.8814
vn 0.4166 0.3511 -0.8385
vn -0.8778 -0.4681 0.1019
vn 0.2647 -0.4599 -0.8476
vn 0.6924 -0.6793 -0.2432
vn 0.6619 -0.7042 0.2570
vn -0.1820 -0.0868 0.9795
vn -0.6573 0.2029 -0.7258
vn 0.9574 0.2578 -0.1303
vn 0.9253 0.3615 -0.1146
vn 0.9215 0.3684 -0.1230
vn 0.9246 0.3628 -0.1161
vn 0.9805 -0.1434 -0.1345
vn 0.9805 -0.1440 -0.1337
vn 0.9805 -0.1436 -0.1342
vn 0.9661 -0.2092 -0.1511
vn 0.9657 0.1626 -0.2027
vn 0.9798 0.0927 -0.1770
vn -0.6167 -0.6565 -0.4344
vn -0.5404 -0.8350 -0.1036
vn -0.8591 -0.5091 -0.0524
vn -0.7211 -0.3225 -0.6132
vn -0.3690 -0.5721 0.7325
vn -0.9943 0.0112 0.1057
vn 0.9805 -0.1441 -0.1335
vn 0.7882 -0.1825 0.5878
vn 0.9616 -0.1487 -0.2307
vn 0.4100 0.0487 -0.9108
vn -0.2409 -0.1037 0.9650
vn 0.6415 -0.2422 0.7279
vn -0.5691 0.1526 -0.8080
vn -0.9866 -0.1469 0.0706
vn -0.5823 0.2612 -0.7699
vn 0.3129 0.1337 -0.9403
vn 0.6207 -0.0274 0.7836
vn 0.3854 -0.2986 0.8731
vn 0.9208 0.3696 -0.1244
vn 0.6675 0.0309 0.7440
vn 0.9573 0.2565 -0.1337
vn 0.3444 0.2794 -0.8963
vn 0.0312 0.3399 -0.9400
vn -0.6182 -0.0397 -0.7851
vn 0.0974 -0.1862 0.9777
vn -0.3770 -0.3530 0.8563
vn -0.9767 0.0595 0.2061
vn -0.9590 0.1641 0.2312
vn -0.9608 0.1828 0.2084
vn -0.9833 -0.1352 0.1220
vn -0.3258 -0.2690 0.9064
vn -0.9198 -0.3912 -0.0312
vn -0.4689 -0.7119 0.5228
vn -0.5273 -0.5419 0.6544
vn 0.9450 -0.3157 -0.0853
vn 0.3789 -0.2221 0.8984
vn -0.7065 0.0005 -0.7077
vn -0.5337 -0.1428 -0.8335
vn -0.4453 -0.4736 0.7599
vn 0.6033 -0.2469 0.7583
vn 0.7818 0.0171 0.6232
vn 0.8413 -0.2258 0.4912
vn 0.8330 -0.3180 0.4528
vn 0.2041 0.3292 -0.9220
vn 0.2040 0.3293 -0.9219
vn -0.1566 -0.1654 0.9737
vn -0.6253 -0.3853 0.6787
vn 0.5867 -0.1190 0.8010
vn 0.3825 0.1158 -0.9167
vn 0.3794 0.1979 -0.9038
vn -0.6198 0.0663 -0.7820
vn -0.5112 0.1553 -0.8453
vn 0.1737 0.3470 -0.9216
vn 0.1763 0.3364 -0.9251
vn 0.1764 0.3359 -0.9252
vn 0.2040 0.3294 -0.9219
vn -0.7531 -0.6364 0.1666
vn 0.5266 -0.4047 -0.7476
vn 0.7742 -0.5069 -0.3790
vn 0.6867 -0.7011 0.1921
vn -0.1814 -0.1868 0.9655
vn -0.4413 0.2568 -0.8598
vn 0.7874 0.4753 -0.3926
vn 0.9019 0.3579 -0.2418
vn 0.9616 -0.1333 -0.2398
vn 0.9624 -0.1264 -0.2405
vn 0.9626 -0.1275 -0.2390
vn 0.9615 -0.1339 -0.2399
vn 0.9677 0.1593 -0.1956
vn 0.9645 0.1729 -0.1998
vn -0.6424 -0.0631 -0.7637
vn -0.6370 -0.7643 0.1003
vn -0.6092 -0.7730 -0.1769
vn -0.4069 -0.4135 -0.8145
vn -0.1996 -0.7474 0.6337
vn -0.9994 0.0159 -0.0297
vn 0.9623 -0.1251 -0.2416
vn 0.8093 -0.2091 0.5489
vn 0.9538 -0.0808 -0.2892
vn 0.1473 0.0997 -0.9841
vn -0.1830 -0.1021 0.9778
vn 0.5779 -0.1897 0.7938
vn -0.6483 0.1227 -0.7515
vn -0.9427 -0.3047 0.1357
vn -0.5249 0.1902 -0.8296
vn 0.2591 0.1795 -0.9490
vn 0.5636 -0.0749 0.8227
vn 0.4155 -0.1382 0.8991
vn 0.9463 0.2827 -0.1567
vn 0.5552 -0.0862 0.8273
vn 0.9237 0.2842 -0.2569
vn 0.1735 0.3475 -0.9215
vn 0.0511 0.3612 -0.9311
vn -0.5277 -0.0793 -0.8457
vn 0.3442 -0.1377 0.9287
vn -0.5436 -0.3556 0.7603
vn -0.9996 0.0297 0.0033
vn -0.9838 0.1652 0.0702
vn -0.9744 0.0649 0.2153
vn -0.9446 -0.3191 0.0773
vn -0.6054 -0.4291 0.6703
vn -0.8356 -0.5493 0.0105
vn -0.5313 -0.6384 0.5570
vn -0.5369 -0.6130 0.5796
vn 0.0068 0.4220 -0.9066
vn -0.5330 -0.8308 0.1602
vn 0.7577 0.2414 -0.6064
vn 0.9527 0.2998 0.0508
vn 0.1893 0.6464 -0.7392
vn 0.4584 0.7011 -0.5462
vn -0.2293 -0.9586 0.1687
vn 0.2321 -0.4860 0.8426
vn 0.5351 -0.8345 0.1315
vn 0.0832 -0.6395 -0.7642
vn 0.8356 0.3692 0.4068
vn 0.8517 0.3841 -0.3565
vn 0.7151 0.2800 0.6405
vn 0.1661 -0.1305 0.9774
vn -0.8599 -0.3542 0.3675
vn -0.0851 -0.2219 0.9714
vn 0.6625 0.4945 -0.5627
vn -0.2315 0.0869 -0.9689
vn -0.3086 0.0987 -0.9461
vn -0.7055 -0.2410 -0.6664
vn -0.7070 -0.7060 0.0410
vn -0.5749 -0.4118 -0.7070
vn 0.7075 0.0769 0.7026
vn 0.5066 0.2373 0.8289
vn -0.7930 -0.4050 0.4552
vn -0.6227 -0.7209 -0.3044
vn -0.0056 -0.2177 -0.9760
vn -0.2890 -0.8102 -0.5100
vn -0.7494 -0.4747 0.4616
vn -0.7503 -0.4675 -0.4675
vn 0.7120 -0.6584 -0.2441
vn -0.5680 -0.8118 -0.1351
vn 0.6844 -0.6923 -0.2286
vn -0.8101 -0.5861 0.0148
vn -0.4255 -0.6284 0.6512
vn 0.5960 -0.7743 0.2125
vn 0.0789 -0.7011 0.7087
vn 0.6435 -0.5866 0.4918
vn 0.7556 0.6201 0.2110
vn 0.3636 0.6521 -0.6652
vn -0.6453 -0.7583 -0.0931
vn 0.6237 0.4164 0.6616
vn 0.8803 0.4219 0.2171
vn 0.5278 0.2016 0.8251
vn -0.3782 -0.1975 0.9044
vn -0.7739 -0.3985 0.4923
vn -0.4605 -0.1176 0.8798
vn 0.7887 0.5988 0.1394
vn 0.6798 0.5474 -0.4881
vn -0.1199 0.8451 -0.5210
vn 0.5664 0.7470 -0.3482
vn -0.7356 0.2262 -0.6385
vn 0.0104 0.8096 -0.5869
vn -0.6567 0.3368 -0.6748
vn -0.9414 -0.3374 -0.0030
vn 0.0386 0.6816 -0.7307
vn -0.5293 0.0351 -0.8477
vn -0.5909 0.5012 -0.6322
vn -0.5686 0.8079 -0.1546
vn -0.5275 0.8446 -0.0910
vn 0.5129 0.5757 0.6368
vn 0.5287 0.5225 0.6689
vn -0.2794 0.9118 -0.3010
vn -0.2619 0.3913 -0.8822
vn -0.5723 0.8150 0.0912
vn -0.4011 0.8785 0.2596
vn -0.5836 0.8120 -0.0062
vn -0.5857 0.8105 -0.0066
vn -0.5795 0.8149 -0.0054
vn -0.5775 0.8164 -0.0050
vn 0.6456 0.6618 0.3812
vn 0.5229 0.7328 0.4354
vn -0.3381 0.8901 0.3055
vn -0.4026 0.7815 0.4766
vn 0.3909 0.4717 -0.7904
vn 0.4083 0.1175 -0.9053
vn -0.4253 0.8635 0.2712
vn -0.4855 0.8676 0.1078
vn -0.4111 0.8275 -0.3824
vn 0.3975 0.4185 0.8166
vn 0.4053 0.5262 0.7476
vn -0.2603 -0.9441 0.2025
vn 0.7421 0.6468 0.1758
vn 0.2734 -0.6250 0.7312
vn -0.4718 0.3663 -0.8020
vn -0.6795 0.3524 -0.6435
vn 0.0925 0.8934 -0.4397
vn 0.1975 0.8541 -0.4811
vn -0.7518 -0.6497 -0.1124
vn -0.8045 -0.2533 -0.5373
vn -0.7547 -0.0396 -0.6549
vn -0.8693 -0.0874 -0.4865
vn -0.4380 -0.8583 0.2675
vn -0.4573 0.5366 -0.7092
vn 0.3416 0.8760 -0.3404
vn -0.7682 -0.5600 -0.3102
vn 0.5173 -0.5413 -0.6629
vn 0.5175 -0.5415 -0.6626
vn 0.5190 -0.5433 -0.6599
vn 0.3119 -0.6818 -0.6617
vn 0.4396 -0.4965 -0.7485
vn 0.2969 -0.2453 -0.9229
vn 0.6952 -0.5009 -0.5155
vn 0.3155 -0.5416 -0.7792
vn 0.7573 -0.4057 -0.5117
vn 0.2286 -0.4602 -0.8579
vn 0.6079 0.0107 -0.7939
vn 0.8097 -0.1500 -0.5673
vn 0.9578 -0.1526 -0.2435
vn 0.3481 0.0779 0.9342
vn 0.2456 0.0422 0.9684
vn 0.2995 0.0023 0.9541
vn 0.6245 0.1384 0.7687
vn 0.9940 0.0159 0.1081
vn 0.9476 -0.1008 0.3031
vn 0.9733 -0.0121 -0.2290
vn 0.0617 -0.0157 -0.9980
vn 0.0992 -0.3290 -0.9391
vn 0.0980 -0.3266 -0.9401
vn 0.0982 -0.3270 -0.9399
vn 0.0994 -0.3294 -0.9389
vn 0.7313 -0.0448 -0.6806
vn 0.6365 0.0305 -0.7706
vn 0.1023 0.0936 0.9903
vn 0.0403 0.1433 0.9889
vn 0.3154 0.1725 0.9331
vn 0.4803 0.0317 0.8766
vn -0.3984 -0.8390 0.3707
vn -0.2684 -0.8983 0.3479
vn -0.7028 0.3729 -0.6058
vn -0.6889 0.1844 -0.7010
vn 0.0846 0.9321 -0.3521
vn 0.0561 0.8453 -0.5314
vn -0.7649 -0.6369 -0.0957
vn -0.7024 -0.7044 -0.1017
vn 0.3767 -0.6045 -0.7019
vn 0.7238 -0.1996 -0.6605
vn 0.4090 -0.3077 -0.8591
vn 0.2325 -0.1120 -0.9661
vn 0.4242 -0.5196 -0.7417
vn 0.6070 -0.5282 -0.5938
vn 0.7443 -0.4847 -0.4593
vn 0.6034 -0.2919 -0.7421
vn 0.1640 -0.9772 -0.1349
vn 0.5327 -0.6762 -0.5089
vn 0.5313 -0.6757 -0.5111
vn 0.5317 -0.6758 -0.5105
vn 0.5331 -0.6763 -0.5083
vn 0.5193 -0.5436 -0.6594
vn 0.5449 -0.4352 -0.7167
vn -0.1461 -0.7211 -0.6773
vn 0.2492 -0.5552 -0.7935
vn 0.7098 0.7024 -0.0524
vn 0.7078 0.7064 -0.0073
vn 0.2895 -0.5619 0.7749
vn 0.4313 -0.5555 0.7109
vn 0.7000 0.1104 0.7056
vn 0.8637 0.1556 0.4793
vn -0.8113 -0.3187 -0.4900
vn 0.0912 -0.0378 -0.9951
vn 0.1939 -0.1114 -0.9747
vn 0.2132 0.0030 -0.9770
vn 0.2137 -0.1096 -0.9707
vn 0.4577 -0.1359 -0.8787
vn 0.3488 -0.2684 -0.8979
vn 0.2239 0.2110 -0.9515
vn 0.2396 0.2660 -0.9337
vn 0.3145 0.3266 -0.8913
vn 0.3857 0.1439 -0.9113
vn 0.3292 0.4927 -0.8055
vn 0.3325 0.6821 -0.6513
vn 0.4194 0.1818 -0.8894
vn 0.6108 -0.0044 -0.7917
vn 0.5127 -0.4709 -0.7179
vn 0.6724 -0.0478 -0.7386
vn 0.2677 -0.0048 -0.9635
vn 0.5036 -0.1638 -0.8483
vn 0.4482 -0.1512 -0.8810
vn 0.5034 -0.2229 -0.8348
vn 0.2700 0.0084 -0.9628
vn 0.4688 -0.0585 -0.8814
vn 0.2534 0.6287 -0.7352
vn 0.0007 0.7369 -0.6760
vn 0.1335 0.0179 -0.9909
vn -0.0240 0.1299 -0.9912
vn 0.1188 0.2345 -0.9648
vn -0.0106 -0.0195 -0.9998
vn -0.0352 -0.0120 -0.9993
vn 0.0798 -0.1134 -0.9903
vn -0.0079 -0.1891 -0.9819
vn -0.1407 -0.0962 -0.9854
vn 0.1569 0.0489 -0.9864
vn 0.1204 -0.0916 -0.9885
vn 0.2115 -0.2227 -0.9517
vn -0.0580 -0.2921 -0.9546
vn -0.0741 -0.2820 -0.9566
vn -0.0752 0.0125 -0.9971
vn -0.0047 -0.3343 -0.9425
vn -0.0034 -0.3333 -0.9428
vn -0.0035 -0.3334 -0.9428
vn -0.0061 -0.3354 -0.9421
vn -0.0583 -0.0364 -0.9976
vn -0.1575 0.0498 -0.9863
vn 0.2795 0.6163 -0.7362
vn 0.6951 0.0031 0.7190
vn 0.6949 0.0029 0.7191
vn 0.6984 0.0076 0.7157
vn 0.7177 -0.1191 0.6861
vn 0.6943 -0.0699 0.7163
vn 0.7136 0.0685 0.6972
vn 0.3122 0.0443 0.9490
vn 0.1238 0.1489 0.9811
vn 0.1001 0.1239 0.9872
vn 0.3094 -0.1102 0.9445
vn 0.4412 0.0538 0.8958
vn 0.9906 -0.0979 0.0956
vn 0.7291 -0.0574 0.6820
vn 0.9640 -0.0259 0.2647
vn 0.9719 0.0135 0.2352
vn 0.5664 0.1351 0.8130
vn 0.6209 0.1039 0.7769
vn 0.4005 -0.6471 0.6488
vn 0.7053 -0.0202 0.7086
vn 0.7304 -0.1379 0.6689
vn 0.7562 -0.0812 0.6493
vn 0.7163 0.0304 0.6972
vn 0.7018 0.0122 0.7123
vn 0.0765 0.1827 0.9802
vn 0.0361 0.2373 0.9708
vn 0.3427 0.1140 0.9325
vn 0.3708 0.2031 0.9062
vn 0.1443 0.2380 0.9605
vn 0.9940 -0.0014 0.1092
vn 0.8043 0.5556 0.2107
vn 0.7589 0.6186 0.2035
vn 0.8212 0.0256 0.5700
vn 0.7367 0.2383 0.6328
vn 0.2066 0.7815 -0.5888
vn 0.3894 0.8935 -0.2235
vn 0.2860 0.9173 -0.2772
vn 0.7246 0.6660 -0.1770
vn 0.6931 0.7050 -0.1501
vn 0.6922 0.7041 -0.1585
vn 0.6932 0.7051 -0.1495
vn 0.6932 0.7051 -0.1493
vn 0.4953 0.8657 -0.0726
vn 0.4914 0.8689 -0.0586
vn 0.6433 0.7357 0.2121
vn 0.8139 0.5808 0.0145
vn 0.5657 0.8165 -0.1149
vn 0.0007 0.9718 0.2357
vn 0.2043 0.9002 0.3846
vn -0.0361 0.9834 0.1777
vn 0.8110 0.5817 0.0620
vn 0.2044 0.9770 0.0602
vn 0.8180 0.5428 0.1901
vn 0.6640 0.7478 0.0015
vn 0.5362 0.8441 0.0066
vn 0.0354 0.6252 0.7796
vn 0.0351 0.6253 0.7796
vn 0.0345 0.6255 0.7794
vn 0.0449 0.6220 0.7817
vn 0.0402 0.6042 0.7958
vn 0.1023 0.2461 0.9638
vn 0.3595 0.5405 0.7606
vn 0.4072 0.5634 0.7189
vn 0.7431 0.4503 0.4950
vn 0.1143 0.2651 -0.9574
vn 0.1342 0.2536 -0.9579
vn 0.0384 0.2004 -0.9790
vn 0.0963 0.2487 -0.9638
vn 0.2229 0.0492 0.9736
vn 0.2058 0.4123 0.8875
vn 0.2937 0.1776 0.9393
vn 0.9283 -0.1043 0.3569
vn 0.9648 0.1954 0.1761
vn 0.9284 0.3230 0.1838
vn 0.6218 0.2919 0.7268
vn 0.6105 0.2572 0.7491
vn 0.5846 0.0140 0.8112
vn 0.9531 0.0565 -0.2974
vn 0.9229 0.1824 -0.3391
vn 0.9275 0.1173 -0.3550
vn 0.6458 -0.1716 -0.7440
vn 0.2801 -0.0994 0.9548
vn 0.3389 0.1726 0.9248
vn 0.3130 0.0271 0.9494
vn 0.7388 0.3757 0.5595
vn 0.7226 0.2823 0.6310
vn 0.7292 0.0697 0.6807
vn -0.3163 0.8502 0.4208
vn 0.0319 0.8952 0.4446
vn 0.4551 0.7361 0.5011
vn 0.4589 0.7377 0.4952
vn 0.4604 0.7383 0.4930
vn 0.9127 0.0343 0.4071
vn 0.9179 0.2394 0.3164
vn 0.8080 0.4577 0.3711
vn -0.9882 0.0346 0.1495
vn -0.9869 0.0694 0.1458
vn -0.8874 -0.4382 0.1433
vn -0.2464 0.8752 0.4163
vn -0.8817 0.4386 0.1741
vn -0.8389 0.4949 0.2264
vn 0.4470 0.6083 0.6559
vn 0.9927 -0.1106 -0.0486
vn -0.9877 -0.1476 0.0514
vn -0.9983 -0.0217 -0.0545
vn -0.6953 0.6310 0.3440
vn -0.0099 -0.9602 -0.2791
vn 0.9178 0.2967 0.2640
vn 0.8629 0.3651 0.3493
vn 0.4731 0.7243 0.5015
vn 0.4424 0.6655 0.6012
vn -0.6676 0.6232 0.4073
vn 0.6070 -0.7153 -0.3464
vn 0.7648 -0.6084 -0.2118
vn -0.0033 -0.8814 -0.4723
vn 0.0014 -0.8806 -0.4738
vn -0.0049 -0.8817 -0.4718
vn -0.7009 -0.6367 -0.3214
vn -0.8619 -0.3795 -0.3362
vn 0.7332 0.6361 0.2406
vn -0.2858 -0.9462 -0.1520
vn 0.4546 0.6292 0.6304
vn 0.4984 0.5447 0.6744
vn 0.2741 0.7790 0.5639
vn -0.9123 0.2645 0.3125
vn -0.9951 0.0802 0.0577
vn -0.8987 0.4115 0.1515
vn -0.9875 -0.1300 0.0889
vn -0.7071 0.6163 0.3466
vn -0.7020 0.5090 0.4981
vn -0.7092 0.5126 0.4840
vn -0.7130 -0.6375 -0.2919
vn 0.9801 0.0486 -0.1925
vn 0.9799 0.0472 -0.1937
vn 0.9799 0.0469 -0.1939
vn 0.7868 0.3903 0.4782
vn 0.8388 0.4924 0.2323
vn -0.8225 -0.5433 -0.1681
vn -0.7537 -0.4328 -0.4946
vn 0.8848 0.2705 0.3795
vn 0.8808 0.2725 0.3871
vn 0.8818 0.2721 0.3853
vn -0.6232 0.5583 0.5476
vn 0.5092 0.8348 0.2094
vn 0.4571 0.8521 0.2550
vn -0.6762 0.6920 0.2527
vn -0.6222 0.7218 0.3030
vn -0.9885 0.1509 -0.0094
vn 0.9222 -0.3569 0.1487
vn 0.9531 0.1370 0.2699
vn 0.9886 -0.0250 -0.1486
vn 0.9887 -0.0248 -0.1481
vn 0.9888 -0.0240 -0.1470
vn 0.0206 -0.6770 -0.7357
vn -0.7279 0.6275 0.2763
vn -0.9686 -0.2243 -0.1069
vn 0.4443 -0.8954 0.0305
vn 0.0029 -0.8804 -0.4743
vn 0.9149 -0.2647 0.3047
vn -0.0462 0.8942 0.4452
vn 0.4541 0.7357 0.5026
vn -0.1326 0.8770 0.4618
vn -0.0048 0.6301 0.7765
vn -0.2279 -0.9001 -0.3715
vn 0.6121 -0.7887 -0.0573
vn -0.0375 -0.9988 -0.0324
vn 0.0993 -0.9792 -0.1770
vn 0.4996 0.7195 0.4824
vn 0.8434 0.2528 0.4742
vn 0.8857 0.2700 0.3776
vn 0.8626 0.3374 0.3769
vn 0.1168 0.8816 0.4573
vn -0.3508 0.9198 0.1758
vn 0.1142 0.8208 0.5597
vn -0.6220 0.6619 0.4184
vn -0.9937 0.0548 0.0978
vn 0.1723 0.8886 0.4252
vn -0.3299 0.8685 0.3699
vn 0.9776 -0.1861 -0.0984
vn 0.9223 -0.3708 0.1091
vn 0.9530 -0.3030 0.0028
vn 0.7855 -0.4811 -0.3893
vn 0.9801 0.0487 -0.1924
vn 0.9423 -0.2544 0.2175
vn -0.6322 0.7364 0.2411
vn 0.4293 0.8022 0.4151
vn 0.7213 0.3224 0.6130
vn 0.4698 0.4897 0.7345
vn 0.9142 0.3637 0.1790
vn 0.8952 0.3914 0.2130
vn 0.7929 -0.3977 -0.4616
vn -0.0717 -0.6202 -0.7812
vn 0.7614 -0.3764 -0.5278
vn 0.9891 -0.0230 -0.1454
vn 0.9914 0.0098 -0.1302
vn 0.9937 0.0713 -0.0861
vn -0.9601 -0.2734 0.0592
vn -0.8702 0.1085 -0.4806
vn -0.6674 0.1091 0.7367
vn 0.7844 0.6202 -0.0083
vn -0.3062 0.1019 -0.9465
vn 0.0072 0.2521 0.9677
vn -0.7099 -0.5814 0.3975
vn -0.7105 -0.5833 0.3936
vn -0.7100 -0.5815 0.3972
vn -0.7784 -0.1617 0.6066
vn 0.8713 -0.2756 0.4060
vn 0.3943 -0.3800 0.8367
vn -0.9227 0.1744 0.3437
vn 0.3191 -0.2902 0.9022
vn -0.3097 -0.5449 -0.7792
vn -0.6210 0.2716 0.7353
vn 0.5271 0.0321 0.8492
vn 0.7333 -0.0510 0.6780
vn 0.8749 -0.3012 0.3792
vn -0.3295 0.3345 0.8829
vn -0.8799 -0.1419 -0.4534
vn -0.6888 0.1775 0.7029
vn -0.6898 0.1779 0.7018
vn -0.6884 0.1773 0.7033
vn -0.7110 -0.5852 0.3898
vn -0.8990 -0.1549 -0.4097
vn -0.8825 0.1112 -0.4569
vn 0.9607 0.2221 -0.1665
vn 0.2978 -0.1012 0.9492
vn -0.9898 -0.0017 0.1427
vn 0.9185 -0.0232 0.3947
vn 0.8522 -0.4378 -0.2865
vn 0.4086 -0.4632 -0.7864
vn 0.3857 -0.5618 -0.7319
vn 0.3828 -0.5708 -0.7264
vn 0.3860 -0.5611 -0.7322
vn 0.4218 -0.5815 -0.6956
vn -0.6621 0.3118 0.6815
vn -0.5886 -0.6036 0.5378
vn -0.8525 -0.1175 -0.5093
vn 0.2281 0.7866 -0.5737
vn 0.0234 0.1840 0.9826
vn 0.8635 0.1627 0.4774
vn -0.8760 -0.4727 0.0961
vn -0.9976 -0.0693 -0.0095
vn -0.9826 -0.0363 0.1823
vn -0.9825 -0.0374 0.1827
vn -0.9825 -0.0371 0.1826
vn 0.8232 -0.1479 0.5482
vn 0.8243 -0.1429 0.5478
vn 0.8226 -0.1504 0.5484
vn -0.2025 0.2130 0.9558
vn 0.3073 -0.3318 0.8919
vn 0.0027 -0.4890 -0.8723
vn 0.8249 -0.1404 0.5475
vn -0.7561 -0.1981 -0.6237
vn -0.9826 -0.0361 0.1822
vn -0.9936 0.0759 0.0843
vn 0.3693 -0.4382 0.8195
vn 0.0845 0.1896 0.9782
vn -0.3348 0.2221 0.9157
vn 0.6462 -0.0413 0.7621
vn 0.3093 0.0338 0.9504
vn -0.9777 0.0708 0.1976
vn 0.1298 -0.7099 -0.6923
vn -0.4113 0.2783 0.8680
vn -0.8768 0.1216 -0.4652
vn -0.7512 0.6216 0.2220
vn -0.6910 -0.3814 -0.6140
vn 0.8921 0.1513 0.4258
vn 0.9580 -0.2799 0.0627
vn 0.4664 0.2279 -0.8547
vn 0.3365 -0.2061 0.9189
vn 0.9043 -0.1882 0.3832
vn -0.1389 0.2161 0.9664
vn 0.0349 0.1038 0.9940
vn -0.3849 0.0298 -0.9225
vn -0.7303 -0.3561 0.5829
vn 0.4284 0.0858 0.8995
vn -0.9804 -0.1873 -0.0610
vn -0.2532 0.2260 0.9406
vn 0.2592 -0.0850 0.9621
vn -0.1004 0.1592 0.9821
vn -0.6785 -0.0154 0.7344
vn 0.5623 0.0947 0.8215
vn -0.3860 0.0876 0.9183
vn 0.9315 0.0747 0.3561
vn 0.1966 -0.5192 -0.8317
vn -0.6495 -0.6748 0.3504
vn 0.7874 -0.6163 0.0081
vn -0.7034 0.0135 -0.7106
vn 0.3400 -0.3339 0.8792
vn 0.2902 0.3048 -0.9071
vn -0.8901 -0.0974 -0.4452
vn -0.9702 -0.1042 0.2189
vn -0.8526 0.0790 -0.5166
vn -0.8517 0.0812 -0.5177
vn -0.8524 0.0795 -0.5169
vn -0.9052 -0.3550 0.2335
vn -0.9455 -0.3250 -0.0191
vn -0.4587 0.6193 0.6372
vn 0.6802 -0.2689 0.6819
vn -0.9367 -0.2082 -0.2813
vn -0.4932 -0.3320 -0.8041
vn -0.3446 -0.2093 0.9151
vn -0.6901 0.1781 0.7014
vn 0.5971 -0.1087 0.7948
vn 0.8874 -0.2672 0.3756
vn -0.8620 -0.0575 -0.5036
vn -0.4491 0.4007 -0.7986
vn -0.9351 -0.1260 -0.3313
vn 0.3456 -0.3401 0.8746
vn 0.3487 -0.3480 0.8702
vn 0.3458 -0.3405 0.8743
vn 0.4312 0.4105 -0.8035
vn -0.8952 -0.4036 0.1890
vn 0.3138 -0.3592 0.8790
vn -0.7847 -0.2513 -0.5667
vn 0.5361 -0.2080 0.8181
vn 0.3488 -0.3484 0.8700
vn -0.3626 0.2372 -0.9012
vn -0.2824 0.4172 -0.8638
vn -0.8135 -0.5776 0.0675
vn -0.8120 -0.5795 0.0702
vn -0.8141 -0.5769 0.0663
vn -0.8661 -0.4170 -0.2757
vn -0.9846 0.0930 0.1478
vn -0.8465 -0.3080 -0.4343
vn 0.8471 0.5243 -0.0870
vn -0.4266 0.1519 -0.8916
vn -0.4260 0.1526 -0.8918
vn -0.4270 0.1515 -0.8915
vn 0.1649 -0.4841 0.8593
vn -0.5027 0.4998 -0.7054
vn 0.9291 -0.1879 0.3187
vn 0.9290 -0.1873 0.3192
vn 0.9289 -0.1852 0.3208
vn -0.0443 0.2470 -0.9680
vn -0.8671 -0.2386 -0.4373
vn 0.9168 0.3065 -0.2559
vn 0.9150 0.3089 -0.2597
vn 0.9141 0.3107 -0.2606
vn -0.5554 0.0106 -0.8315
vn 0.7816 0.5985 -0.1759
vn 0.7849 0.5924 -0.1819
vn 0.7844 0.5933 -0.1810
vn 0.8643 -0.0354 0.5017
vn -0.7362 -0.5414 0.4061
vn -0.8996 -0.4247 0.1021
vn -0.8592 -0.4348 -0.2697
vn 0.5828 -0.2319 0.7788
vn -0.6684 -0.4182 0.6152
vn 0.7829 0.1876 0.5931
vn 0.9321 0.3129 -0.1823
vn -0.7567 -0.4416 -0.4821
vn -0.8114 -0.5801 0.0712
vn -0.4700 0.3889 -0.7924
vn 0.3506 0.6862 -0.6374
vn -0.8509 0.0834 -0.5187
vn -0.7887 -0.1329 -0.6002
vn 0.8219 0.5076 -0.2585
vn 0.6188 0.5323 -0.5777
vn -0.8016 -0.4800 -0.3564
vn -0.5332 0.2866 -0.7960
vn 0.7589 0.6511 -0.0102
vn 0.4123 0.2926 0.8628
vn 0.4126 0.2927 0.8626
vn 0.4054 0.2898 0.8670
vn 0.8835 0.0254 0.4677
vn 0.6571 0.2279 0.7186
vn -0.3655 0.2498 0.8967
vn -0.4090 0.3916 -0.8242
vn -0.4090 0.3912 -0.8244
vn -0.4091 0.3920 -0.8240
vn 0.8733 0.0620 0.4832
vn -0.7995 -0.2223 -0.5580
vn 0.5777 -0.2163 0.7870
vn -0.4798 -0.1052 -0.8711
vn 0.9530 0.0913 0.2888
vn 0.8504 0.0935 0.5177
vn 0.3826 -0.5713 -0.7261
vn -0.4256 0.1530 -0.8919
vn 0.9712 -0.2382 0.0069
vn -0.8599 -0.0835 -0.5036
vn -0.7719 -0.5427 0.3312
vn -0.4914 -0.5516 0.6740
vn -0.6741 -0.3864 0.6295
vn -0.5122 0.4557 -0.7280
vn 0.4044 0.2895 0.8675
vn 0.3500 0.6015 -0.7181
vn -0.4285 0.3226 -0.8440
vn -0.2546 0.0918 -0.9627
vn -0.3423 0.2158 -0.9145
vn 0.9148 0.3161 -0.2514
vn 0.3567 0.5898 -0.7245
vn -0.8612 -0.4989 0.0968
vn -0.0333 -0.3816 0.9237
vn -0.6379 -0.4982 0.5873
vn -0.6408 -0.4985 0.5838
vn -0.6426 -0.4984 0.5819
vn -0.7857 -0.1979 -0.5861
vn 0.2534 0.3684 -0.8945
vn 0.7588 -0.0199 0.6510
vn 0.7621 -0.0103 0.6474
vn 0.7623 -0.0096 0.6471
vn -0.4091 0.3924 -0.8238
vn -0.8415 -0.4910 0.2255
vn 0.9111 0.3661 -0.1895
vn -0.6435 -0.4966 0.5825
vn -0.6414 -0.4971 0.5844
vn -0.4214 -0.6069 0.6739
vn -0.4160 -0.6163 0.6687
vn -0.4158 -0.6165 0.6686
vn -0.9173 0.3705 0.1458
vn -0.8644 0.0699 -0.4980
vn 0.5484 -0.2393 0.8012
vn -0.2163 0.2193 -0.9514
vn -0.7754 0.0188 -0.6312
vn -0.5711 -0.6284 0.5281
vn -0.0046 0.1522 -0.9883
vn 0.2868 0.6239 -0.7270
vn 0.3041 0.8585 -0.4128
vn 0.4851 0.4300 -0.7614
vn 0.6948 0.3106 -0.6487
vn 0.9147 0.3166 -0.2512
vn 0.8242 0.2081 0.5267
vn 0.9334 -0.0966 0.3455
vn 0.9314 -0.1488 0.3322
vn 0.5154 -0.2734 0.8122
vn -0.9051 -0.4091 -0.1161
vn 0.7455 -0.5160 -0.4219
vn 0.7454 -0.5159 -0.4220
vn 0.7454 -0.5159 -0.4222
vn 0.9889 -0.1232 0.0834
vn 0.6967 -0.7078 -0.1166
vn 0.4903 -0.8560 -0.1638
vn 0.9826 -0.1114 0.1487
vn 0.8196 -0.5479 -0.1676
vn -0.8811 0.3868 0.2719
vn -0.8622 0.4236 0.2777
vn -0.9989 -0.0371 0.0274
vn -0.9989 0.0215 -0.0417
vn -0.6849 -0.3991 -0.6096
vn -0.0616 -0.9112 -0.4073
vn 0.6461 -0.7237 -0.2426
vn 0.2091 -0.9073 -0.3647
vn 0.9871 -0.0667 0.1458
vn 0.9884 0.0061 0.1518
vn 0.7260 0.5778 0.3730
vn 0.7363 0.5644 0.3733
vn 0.9995 -0.0048 0.0314
vn 0.2624 0.7533 0.6031
vn 0.0573 0.7971 0.6011
vn -0.7176 0.6096 0.3369
vn -0.6036 0.6755 0.4235
vn 0.7518 -0.6030 -0.2669
vn -0.8617 0.4439 0.2460
vn -0.9832 0.1190 -0.1385
vn -0.9867 0.0405 -0.1575
vn -0.7119 -0.6257 -0.3190
vn -0.6805 -0.6851 -0.2599
vn -0.6760 -0.6878 -0.2643
vn -0.6781 -0.6867 -0.2621
vn -0.0229 -0.7415 -0.6705
vn -0.6189 -0.5530 -0.5578
vn -0.6185 -0.5588 -0.5525
vn -0.6184 -0.5598 -0.5515
vn 0.7001 0.6206 0.3532
vn 0.8658 0.3516 0.3560
vn 0.9285 0.2860 0.2369
vn 0.2880 0.8342 0.4702
vn 0.2882 0.8350 0.4688
vn 0.2837 0.8358 0.4701
vn 0.2905 0.8335 0.4700
vn -0.4132 0.8229 0.3901
vn -0.6920 0.6102 0.3857
vn 0.7419 -0.6243 -0.2445
vn 0.7455 -0.5161 -0.4218
vn -0.2738 -0.8185 -0.5051
vn 0.0232 -0.8155 -0.5783
vn 0.5095 -0.8202 -0.2603
vn 0.8954 -0.4425 -0.0501
vn 0.8558 -0.5126 0.0692
vn -0.8598 0.4346 0.2682
vn -0.8819 0.4046 0.2418
vn -0.9769 -0.2123 -0.0230
vn -0.9997 -0.0222 -0.0035
vn -0.2924 -0.9143 -0.2804
vn -0.0687 -0.9328 -0.3538
vn 0.9650 0.0523 0.2571
vn 0.9748 -0.0942 0.2023
vn 0.6970 0.4764 0.5359
vn 0.6961 0.4770 0.5366
vn 0.6996 0.4748 0.5340
vn 0.7007 0.4741 0.5332
vn 0.5441 0.7265 0.4198
vn 0.0726 0.8588 0.5071
vn -0.4152 0.7421 0.5262
vn -0.7184 0.5847 0.3767
vn -0.7580 -0.6033 -0.2480
vn -0.6819 -0.6853 -0.2556
vn -0.6819 -0.6853 -0.2557
vn 0.2069 -0.9357 -0.2858
vn -0.9040 0.3638 0.2243
vn -0.9962 0.0028 0.0875
vn 0.8962 0.1002 0.4322
vn 0.9436 -0.1751 0.2811
vn 0.9849 -0.1592 -0.0677
vn 0.9361 -0.3368 0.1017
vn 0.9182 -0.0317 0.3948
vn 0.9290 0.0242 0.3694
vn 0.7901 -0.6071 -0.0849
vn 0.8070 -0.5609 -0.1846
vn -0.0141 -0.9180 -0.3963
vn 0.9969 -0.0072 -0.0785
vn 0.2908 0.8344 0.4681
vn 0.1165 0.8385 0.5323
vn 0.1055 0.7818 0.6146
vn -0.0095 0.8700 0.4930
vn 0.5053 0.6171 0.6032
vn -0.6475 0.6411 0.4121
vn -0.6496 0.6562 0.3840
vn -0.5196 0.6899 0.5040
vn -0.5178 0.7252 0.4539
vn 0.9994 -0.0233 0.0259
vn 0.9930 -0.1149 -0.0256
vn 0.9963 -0.0771 -0.0379
vn 0.9667 0.1174 0.2275
vn 0.7339 -0.5743 -0.3627
vn -0.0110 -0.8512 -0.5247
vn -0.0480 -0.7671 -0.6398
vn -0.6190 -0.5519 -0.5588
vn -0.6726 -0.5584 -0.4856
vn -0.9504 0.1958 -0.2415
vn 0.7386 -0.6541 -0.1628
vn 0.9261 0.0443 0.3746
vn 0.2191 -0.9492 0.2259
vn 0.3186 -0.9437 0.0894
vn 0.3235 -0.9419 0.0900
vn 0.3259 -0.9411 0.0903
vn 0.2156 -0.6099 0.7626
vn 0.5702 -0.6508 0.5013
vn -0.0393 -0.8210 0.5696
vn -0.0587 -0.2183 0.9741
vn 0.6258 -0.4942 0.6035
vn 0.4474 -0.7501 -0.4871
vn 0.7689 -0.4249 -0.4777
vn 0.0212 -0.8660 -0.4996
vn 0.1798 -0.9707 -0.1592
vn -0.8017 -0.5320 -0.2726
vn 0.9815 -0.0832 0.1722
vn 0.4495 -0.4554 -0.7685
vn 0.2471 -0.5794 -0.7767
vn -0.6583 0.7383 -0.1466
vn -0.6575 0.7399 -0.1422
vn -0.6587 0.7376 -0.1485
vn -0.6847 0.6902 -0.2342
vn -0.0299 0.7962 0.6043
vn -0.4643 0.8088 -0.3609
vn 0.4132 -0.9103 -0.0268
vn 0.4083 -0.9121 -0.0358
vn 0.4129 -0.9104 -0.0273
vn 0.3173 -0.9294 -0.1886
vn 0.2138 -0.9417 -0.2598
vn -0.1102 -0.9932 0.0377
vn -0.1123 -0.9903 0.0815
vn -0.1440 0.8896 0.4334
vn -0.4469 0.8884 0.1050
vn 0.9196 0.3461 0.1859
vn 0.8689 0.4092 0.2786
vn 0.3262 -0.0055 -0.9453
vn 0.3241 0.5838 -0.7444
vn -0.3337 0.8040 -0.4922
vn -0.5089 0.2169 -0.8331
vn -0.0305 0.8817 0.4708
vn -0.1807 0.8305 -0.5268
vn -0.5066 0.4796 -0.7165
vn 0.8478 0.4652 -0.2545
vn 0.9634 0.1159 0.2418
vn 0.6623 0.4503 -0.5989
vn 0.5329 0.5322 -0.6579
vn 0.5728 0.2059 -0.7934
vn 0.6153 0.3322 -0.7149
vn 0.3126 0.8009 -0.5107
vn 0.4835 -0.4315 -0.7616
vn 0.7553 -0.1524 -0.6374
vn 0.7768 -0.4977 -0.3857
vn 0.9254 -0.2781 -0.2574
vn 0.9335 -0.2100 -0.2906
vn 0.9939 -0.1080 -0.0239
vn 0.9476 -0.1925 -0.2549
vn 0.7866 -0.5055 -0.3546
vn 0.7970 -0.5181 -0.3105
vn -0.3505 0.7757 -0.5248
vn 0.9485 -0.3152 0.0331
vn 0.9570 -0.2827 -0.0653
vn 0.9550 -0.2903 -0.0608
vn 0.9551 -0.2901 -0.0609
vn 0.9570 -0.2825 -0.0654
vn -0.9978 -0.0141 -0.0654
vn -0.9973 -0.0116 -0.0732
vn -0.9977 -0.0139 -0.0661
vn -0.7373 0.5648 0.3707
vn 0.3955 -0.1065 0.9123
vn -0.1227 0.1436 0.9820
vn -0.1744 0.9530 -0.2479
vn 0.7734 0.6277 0.0880
vn 0.8671 0.4760 0.1471
vn 0.6382 0.7485 0.1802
vn 0.5316 0.8380 0.1227
vn 0.6645 0.7465 -0.0337
vn 0.6366 0.7617 0.1205
vn 0.9853 -0.1706 0.0017
vn 0.9897 -0.1384 -0.0353
vn -0.8587 -0.5115 -0.0313
vn -0.5752 -0.8041 -0.1503
vn -0.4591 -0.8875 0.0384
vn 0.6581 -0.7518 -0.0412
vn 0.8417 -0.5383 0.0423
vn 0.8406 -0.5403 0.0385
vn 0.8406 -0.5402 0.0388
vn 0.8419 -0.5380 0.0428
vn 0.7817 -0.6230 -0.0271
vn 0.6343 -0.7294 -0.2562
vn 0.8979 0.4366 0.0562
vn 0.8975 0.4352 0.0719
vn 0.9322 0.3615 -0.0174
vn 0.8446 -0.5351 0.0154
vn 0.8252 -0.5641 -0.0288
vn 0.8260 -0.5628 -0.0309
vn 0.8252 -0.5641 -0.0291
vn 0.9996 -0.0161 -0.0252
vn 0.2707 -0.9520 -0.1427
vn 0.4636 -0.8658 -0.1883
vn 0.8603 -0.5005 -0.0967
vn -0.4813 -0.8436 -0.2382
vn -0.3044 -0.8555 -0.4189
vn 0.9955 -0.0021 0.0944
vn 0.9957 -0.0015 0.0928
vn 0.9949 -0.0044 0.1004
vn 0.9948 -0.0051 0.1022
vn 0.5518 0.7581 0.3476
vn 0.4571 0.7761 0.4344
vn -0.5708 0.7953 0.2042
vn -0.5841 0.7644 0.2728
vn -0.5229 0.7440 0.4160
vn 0.7892 -0.6069 -0.0946
vn 0.7889 -0.6074 -0.0934
vn 0.7915 -0.6034 -0.0973
vn 0.2770 -0.9605 -0.0285
vn 0.4081 -0.9122 -0.0362
vn 0.8219 -0.5615 -0.0958
vn 0.8911 -0.4483 0.0702
vn 0.8908 -0.4406 0.1114
vn 0.1994 -0.9775 -0.0684
vn -0.1393 -0.9902 -0.0126
vn 0.9730 -0.2304 -0.0124
vn -0.2518 -0.9440 0.2131
vn -0.2360 -0.9483 0.2121
vn 0.7670 -0.6348 -0.0936
vn 0.8461 -0.5303 -0.0532
vn 0.8577 -0.5011 -0.1154
vn 0.8509 -0.5250 -0.0217
vn 0.3023 0.8529 0.4257
vn -0.4845 0.2746 -0.8306
vn 0.1274 -0.8680 0.4799
vn 0.3806 -0.2419 0.8925
vn -0.1914 0.8549 -0.4823
vn 0.9577 0.1311 0.2562
vn 0.9752 -0.2209 -0.0110
vn 0.2749 -0.4705 -0.8385
vn 0.5547 -0.2672 -0.7880
vn 0.0264 -0.2503 -0.9678
vn 0.2111 -0.0486 -0.9763
vn 0.8894 -0.1126 -0.4431
vn 0.7159 -0.4786 -0.5084
vn 0.6828 0.0287 -0.7301
vn 0.6872 0.0295 -0.7259
vn 0.6875 0.0295 -0.7256
vn 0.7080 -0.0662 -0.7030
vn 0.8526 -0.4358 -0.2885
vn 0.8162 -0.5318 -0.2260
vn 0.7373 -0.6592 -0.1474
vn 0.6714 -0.5181 -0.5299
vn 0.3723 -0.7800 0.5030
vn 0.4035 -0.5804 0.7073
vn 0.4808 -0.5682 0.6678
vn 0.2892 -0.0104 0.9572
vn 0.9732 0.1939 0.1237
vn 0.9352 0.3254 0.1398
vn -0.0426 0.5793 -0.8140
vn 0.6816 0.7315 0.0173
vn 0.6823 0.0286 -0.7305
vn 0.7508 0.3758 -0.5431
vn 0.2952 0.4132 -0.8615
vn 0.9115 -0.0992 -0.3991
vn 0.8350 -0.0203 -0.5499
vn 0.8080 0.0385 -0.5880
vn 0.6492 -0.5843 -0.4870
vn 0.4746 -0.4379 -0.7635
vn -0.9533 0.2385 -0.1852
vn -0.6822 0.7257 -0.0891
vn -0.0628 0.3542 0.9331
vn -0.7643 0.6396 0.0820
vn -0.7125 0.7010 0.0300
vn -0.2466 0.9637 0.1026
vn 0.3855 -0.2000 0.9008
vn -0.9572 0.2873 0.0360
vn -0.3882 0.8665 0.3138
vn -0.7716 0.6346 0.0435
vn -0.7269 0.6852 0.0450
vn -0.6065 0.7929 0.0595
vn -0.8595 -0.4812 -0.1722
vn -0.1449 0.9777 0.1523
vn 0.0922 0.9949 0.0400
vn 0.0945 0.9534 0.2866
vn -0.2700 0.9628 -0.0106
vn -0.6538 0.7476 0.1163
vn -0.2358 0.9620 0.1378
vn 0.9157 0.3401 0.2139
vn 0.9005 0.4187 0.1177
vn 0.9924 0.0148 0.1219
vn 0.5041 0.8163 0.2822
vn 0.3797 0.9247 -0.0285
vn -0.1846 0.9828 -0.0020
vn -0.1419 0.9885 0.0520
vn 0.0157 0.9943 0.1052
vn 0.9907 -0.1302 0.0395
vn 0.8360 0.4892 0.2485
vn 0.9461 -0.3232 0.0196
vn 0.9721 -0.2208 0.0792
vn -0.7721 0.6327 0.0589
vn -0.3336 0.8224 0.4608
vn -0.9936 -0.0791 -0.0806
vn 0.3692 0.9216 0.1197
vn -0.4922 0.8146 0.3069
vn -0.9944 -0.0419 -0.0967
vn -0.9946 -0.0837 -0.0617
vn -0.9935 -0.1001 -0.0536
vn -0.9730 0.1999 0.1151
vn -0.9972 -0.0114 -0.0739
vn -0.0809 0.7181 0.6913
vn -0.6136 0.7508 -0.2446
vn -0.5906 0.7828 -0.1958
vn -0.5906 0.7829 -0.1956
vn -0.5905 0.7831 -0.1953
vn -0.1048 0.9915 -0.0772
vn 0.0397 0.5963 0.8018
vn -0.6570 0.7408 -0.1398
vn -0.8949 0.4453 0.0301
vn -0.4720 0.8809 0.0351
vn 0.4925 -0.5892 -0.6406
vn 0.6820 -0.6612 -0.3125
vn 0.4057 -0.9138 0.0213
vn 0.2013 -0.9784 -0.0466
vn 0.3431 -0.9327 -0.1112
vn 0.6100 -0.7758 -0.1614
vn 0.3934 -0.9158 0.0813
vn 0.5414 -0.8401 0.0333
vn 0.6474 -0.7621 -0.0120
vn 0.6943 -0.7151 0.0812
vn -0.4399 -0.8676 0.2320
vn -0.0759 -0.9963 0.0409
vn 0.4468 -0.8945 0.0164
vn 0.4472 -0.8943 0.0169
vn 0.4417 -0.8971 0.0095
vn 0.4411 -0.8974 0.0086
vn -0.7761 -0.5929 0.2147
vn -0.8230 -0.5329 0.1969
vn 0.6701 -0.7377 0.0819
vn 0.7130 -0.6997 0.0451
vn 0.8264 -0.5624 -0.0292
vn 0.8265 -0.5622 -0.0288
vn 0.9764 -0.0897 0.1965
vn 0.9802 -0.1960 -0.0273
vn 0.2118 -0.9727 0.0948
vn -0.0863 -0.9939 0.0685
vn -0.4012 -0.9104 -0.1010
vn -0.1669 -0.9824 0.0833
vn 0.3841 -0.9220 0.0500
vn 0.6510 -0.7124 -0.2622
vn 0.9884 0.0022 0.1521
vn 0.8882 0.4254 0.1733
vn 0.8830 0.4630 0.0774
vn 0.3697 0.9279 0.0475
vn 0.5015 0.8433 0.1934
vn -0.8235 -0.5583 0.1005
vn -0.7489 -0.6560 0.0932
vn -0.3327 -0.9107 0.2448
vn -0.2303 -0.9398 -0.2525
vn 0.7862 -0.6129 -0.0789
vn 0.7862 -0.6127 -0.0803
vn 0.4730 -0.8751 -0.1022
vn 0.7216 -0.6590 -0.2123
vn 0.4846 -0.8636 0.1390
vn 0.5323 -0.7958 0.2887
vn -0.5097 0.7178 0.4742
vn 0.3885 0.0582 -0.9196
vn 0.7961 -0.1135 -0.5944
vn 0.3122 -0.0736 -0.9471
vn 0.8786 -0.2216 -0.4230
vn 0.7275 -0.2278 -0.6472
vn 0.7629 -0.5614 -0.3205
vn 0.6557 -0.5948 -0.4650
vn 0.9546 -0.2978 0.0089
vn 0.7954 -0.6020 -0.0707
vn 0.9821 -0.1802 0.0538
vn 0.9488 -0.3150 0.0230
vn -0.4966 0.2102 -0.8422
vn 0.1746 -0.2084 -0.9623
vn 0.1817 0.5468 0.8173
vn -0.6110 0.7345 0.2954
vn 0.9691 -0.0327 0.2445
vn 0.8101 0.4889 0.3234
vn 0.8224 0.4620 0.3320
vn -0.9799 -0.1857 -0.0727
vn -0.7007 0.6447 0.3057
vn -0.7056 0.6398 0.3046
vn -0.7078 0.6376 0.3041
vn -0.8971 -0.4342 -0.0820
vn -0.6985 0.6468 0.3062
vn -0.9268 0.3751 0.0193
vn -0.2394 0.8986 0.3678
vn 0.2503 0.9445 0.2126
vn 0.9116 -0.3739 0.1707
vn -0.8879 -0.4547 -0.0696
vn -0.8875 -0.4542 -0.0774
vn -0.8875 -0.4542 -0.0785
vn -0.4408 -0.8920 -0.0997
vn -0.4446 -0.8904 -0.0980
vn -0.4439 -0.8907 -0.0983
vn 0.1818 -0.9830 -0.0241
vn 0.9550 -0.2472 0.1637
vn 0.9716 0.0569 0.2295
vn -0.4766 0.8600 0.1822
vn 0.2032 0.9020 0.3809
vn -0.9976 0.0470 -0.0513
vn -0.9665 -0.2524 -0.0462
vn -0.9986 0.0527 0.0108
vn -0.9986 0.0522 0.0109
vn -0.9985 0.0543 0.0104
vn -0.4399 -0.8924 -0.1002
vn -0.3102 -0.9440 -0.1125
vn 0.2343 -0.9721 -0.0139
vn 0.6045 -0.7956 0.0397
vn -0.1229 0.9165 0.3806
vn 0.5308 0.7547 0.3857
vn 0.0908 0.9541 0.2853
vn -0.3269 0.9342 0.1429
vn -0.5770 0.8030 0.1494
vn -0.8840 0.4563 0.1018
vn -0.6708 0.7386 0.0663
vn -0.3149 -0.9483 0.0398
vn 0.6644 -0.7473 -0.0092
vn 0.8402 -0.5415 0.0293
vn -0.1710 -0.9817 0.0839
vn -0.2839 -0.9546 -0.0905
vn -0.2834 -0.9536 -0.1021
vn -0.2838 -0.9545 -0.0912
vn 0.2322 -0.9727 0.0030
vn 0.7110 -0.7018 0.0436
vn 0.1497 -0.9887 0.0092
vn -0.2834 -0.9535 -0.1029
vn 0.6574 0.6755 0.3339
vn 0.1455 0.9287 0.3410
vn -0.0868 0.9035 0.4198
vn -0.7528 0.6516 0.0933
vn -0.8908 0.4508 0.0580
vn -0.9961 0.0669 -0.0571
vn -0.8918 0.4322 0.1338
vn -0.9984 0.0548 0.0103
vn -0.9681 -0.2291 -0.1011
vn -0.8879 -0.4548 -0.0688
vn -0.9721 -0.2329 -0.0284
vn -0.4367 -0.8908 -0.1256
vn -0.9056 -0.4085 -0.1146
vn 0.5137 -0.8525 0.0968
vn 0.5525 -0.8307 0.0682
vn -0.9526 -0.1016 0.2868
vn -0.9819 0.0061 0.1895
vn -0.6200 -0.7038 0.3468
vn -0.8704 -0.4826 0.0976
vn 0.7284 0.0548 0.6829
vn 0.8438 0.3831 0.3759
vn 0.7278 0.4189 0.5430
vn 0.9555 -0.2747 0.1071
vn 0.9104 -0.4057 0.0817
vn -0.9301 0.2314 0.2851
vn 0.4310 0.7501 0.5016
vn 0.3980 0.8219 0.4076
vn -0.2728 -0.9621 -0.0056
vn -0.3419 -0.8878 -0.3080
vn 0.8874 -0.0703 0.4557
vn 0.8846 -0.1134 0.4523
vn 0.4576 -0.7304 -0.5071
vn 0.6022 -0.7842 0.1499
vn 0.7809 -0.6024 -0.1654
vn 0.6901 -0.7162 -0.1042
vn -0.9362 0.1518 0.3170
vn -0.7806 0.3304 0.5306
vn -0.6937 0.5300 0.4877
vn -0.7151 0.5246 0.4619
vn -0.3689 0.8470 0.3827
vn -0.2740 0.7987 0.5357
vn -0.6850 -0.7281 -0.0251
vn -0.5822 -0.7804 0.2279
vn 0.2035 -0.9517 -0.2298
vn -0.0491 -0.9976 0.0496
vn -0.0919 -0.3483 0.9329
vn -0.3202 -0.2102 0.9237
vn -0.5343 -0.1524 0.8315
vn -0.2280 -0.2291 0.9463
vn -0.3060 -0.2526 0.9179
vn -0.2070 -0.0504 0.9770
vn -0.3422 -0.1109 0.9331
vn -0.2027 -0.2069 0.9571
vn -0.2991 -0.1917 0.9348
vn -0.1540 -0.1177 0.9810
vn -0.1758 -0.1628 0.9709
vn -0.1712 -0.3342 0.9268
vn -0.1782 -0.3674 0.9128
vn -0.2442 -0.2873 0.9262
vn -0.2472 -0.2878 0.9252
vn -0.2390 -0.2864 0.9278
vn -0.2361 -0.2859 0.9287
vn -0.1626 -0.2885 0.9436
vn -0.1632 -0.2877 0.9437
vn -0.1629 -0.2881 0.9436
vn -0.1624 -0.2889 0.9435
vn -0.2209 -0.3748 0.9004
vn -0.1267 -0.4390 0.8895
vn -0.5297 -0.0937 0.8430
vn -0.5131 -0.0974 0.8528
vn -0.2968 0.0155 0.9548
vn -0.4149 0.1213 0.9018
vn -0.2064 -0.1565 0.9659
vn -0.2755 0.0269 0.9609
vn -0.2202 -0.3023 0.9274
vn -0.1911 -0.2725 0.9430
vn -0.1995 -0.3656 0.9092
vn -0.1898 -0.3867 0.9025
vn -0.3848 -0.2674 -0.8834
vn -0.3855 -0.2666 -0.8834
vn -0.3833 -0.2690 -0.8836
vn -0.3812 -0.2714 -0.8837
vn 0.3993 -0.8043 -0.4402
vn 0.4503 -0.7566 -0.4741
vn 0.9559 -0.1736 -0.2370
vn -0.9742 0.1931 -0.1172
vn 0.2169 -0.4947 -0.8416
vn -0.0384 -0.3761 -0.9258
vn -0.3659 0.9306 0.0067
vn -0.4479 0.8165 0.3642
vn -0.1352 0.6870 0.7140
vn -0.0689 0.4351 0.8977
vn -0.2995 -0.4537 -0.8393
vn -0.1558 -0.3608 -0.9195
vn -0.0344 -0.3345 -0.9418
vn 0.6659 -0.7119 -0.2231
vn 0.3169 -0.9443 0.0892
vn -0.3338 0.2452 0.9102
vn -0.1452 0.3455 0.9271
vn -0.9642 0.2236 0.1429
vn -0.9590 0.2046 0.1959
vn -0.0050 -0.0061 -1.0000
vn -0.0050 -0.0039 -1.0000
vn -0.0050 -0.0131 -0.9999
vn -0.4735 0.0135 -0.8807
vn -0.4734 0.0134 -0.8807
vn -0.4794 0.0187 -0.8774
vn -0.4732 0.0132 -0.8808
vn -0.6686 -0.0242 -0.7432
vn -0.6693 -0.0271 -0.7425
vn -0.6685 -0.0235 -0.7434
vn -0.8125 0.0239 -0.5824
vn -0.8174 0.2143 -0.5346
vn -0.9475 0.1000 -0.3038
vn -0.8834 0.1696 -0.4368
vn -0.6933 -0.1282 -0.7091
vn -0.6246 -0.0872 -0.7761
vn -0.3832 0.5856 0.7143
vn -0.8899 -0.1170 -0.4409
vn -0.8455 0.0683 -0.5296
vn -0.8492 0.1180 -0.5147
vn 0.9726 -0.0921 0.2133
vn -0.3744 0.2489 0.8932
vn 0.0949 -0.0800 0.9923
vn 0.1257 -0.1250 0.9842
vn -0.4422 0.4825 0.7561
vn -0.8667 0.4134 0.2790
vn -0.9109 0.3502 0.2182
vn -0.7790 0.4100 0.4743
vn -0.6727 0.4943 0.5506
vn -0.7927 0.4868 0.3669
vn -0.7846 0.3813 0.4888
vn -0.9411 0.1707 -0.2919
vn -0.9268 0.2410 -0.2881
vn 0.9458 -0.2915 -0.1429
vn 0.8676 -0.1976 -0.4562
vn 0.8759 -0.4520 -0.1687
vn -0.5834 -0.4634 -0.6671
vn -0.7414 -0.1921 -0.6430
vn -0.7507 -0.1967 -0.6307
vn -0.6730 -0.2041 -0.7109
vn -0.4459 -0.1213 -0.8868
vn -0.9073 0.3994 0.1312
vn -0.9284 0.3241 0.1817
vn -0.9332 0.3576 0.0354
vn -0.7408 -0.1658 -0.6509
vn -0.7188 -0.1581 -0.6770
vn -0.7188 -0.1580 -0.6771
vn -0.7191 -0.1555 -0.6773
vn -0.9277 0.1808 -0.3267
vn 0.1535 -0.8345 -0.5292
vn -0.1242 -0.6430 -0.7558
vn -0.7769 -0.1574 -0.6097
vn 0.6135 -0.3615 -0.7021
vn 0.5420 -0.2501 -0.8023
vn -0.9899 -0.0126 -0.1410
vn -0.9736 0.1361 -0.1833
vn -0.9737 0.1358 -0.1830
vn -0.9732 0.1373 -0.1845
vn -0.6996 0.3079 0.6448
vn -0.6395 0.2336 0.7325
vn -0.3791 0.6771 0.6308
vn -0.6793 0.7049 0.2042
vn -0.4072 0.4898 0.7709
vn -0.6616 -0.1365 -0.7373
vn 0.1111 -0.5745 -0.8109
vn -0.2483 -0.4213 -0.8723
vn -0.6946 -0.1059 -0.7115
vn -0.8230 -0.1499 -0.5479
vn -0.8035 -0.1147 -0.5841
vn -0.0784 -0.5058 -0.8591
vn 0.2246 -0.6239 -0.7486
vn -0.8299 -0.0148 -0.5578
vn 0.5167 -0.7574 -0.3992
vn 0.5166 -0.7572 -0.3997
vn 0.5168 -0.7575 -0.3989
vn 0.2337 -0.7055 -0.6691
vn -0.6949 -0.2086 -0.6882
vn -0.7249 -0.1917 -0.6616
vn -0.6829 -0.0676 -0.7274
vn -0.7497 -0.2131 -0.6266
vn -0.6294 -0.0354 -0.7763
vn -0.6285 -0.0246 -0.7774
vn -0.6285 -0.0238 -0.7775
vn -0.7010 -0.0230 -0.7128
vn -0.6900 -0.1965 -0.6966
vn -0.6892 -0.2222 -0.6897
vn -0.6500 -0.0113 -0.7599
vn 0.9009 -0.0257 0.4334
vn 0.4221 0.0882 0.9023
vn -0.3944 0.3636 0.8440
vn 0.5198 0.0286 0.8538
vn 0.4263 0.1497 0.8921
vn 0.4334 0.1458 0.8893
vn 0.4265 0.1497 0.8920
vn -0.3388 0.4804 0.8090
vn 0.3819 -0.2717 0.8834
vn 0.5745 0.0194 0.8183
vn -0.1721 0.2239 0.9593
vn 0.4262 0.1498 0.8921
vn -0.5917 0.4419 0.6742
vn 0.0999 0.3341 0.9372
vn 0.9609 -0.2227 -0.1645
vn -0.3196 0.4024 0.8578
vn -0.6205 0.5623 0.5467
vn -0.6358 0.3056 0.7088
vn -0.2327 0.3918 0.8902
vn -0.2336 0.3919 0.8899
vn -0.2310 0.3917 0.8906
vn 0.2200 0.1677 0.9610
vn -0.3704 0.4028 0.8370
vn -0.9550 0.2708 0.1209
vn -0.9335 0.3352 0.1277
vn -0.9819 0.0817 -0.1707
vn -0.6925 0.3041 0.6542
vn -0.4585 0.6582 0.5971
vn -0.2302 0.3916 0.8909
vn -0.4558 0.5010 0.7357
vn -0.4747 0.4959 0.7271
vn -0.9641 0.1588 -0.2130
vn -0.8858 0.3765 0.2713
vn -0.8367 -0.0750 -0.5426
vn -0.9481 -0.0368 -0.3159
vn 0.4112 0.1102 0.9048
vn -0.5274 0.4918 0.6928
vn 0.9731 -0.1335 0.1876
vn 0.9730 -0.1407 0.1832
vn 0.9730 -0.1402 0.1835
vn -0.5040 0.3912 0.7701
vn -0.1049 0.2055 0.9730
vn 0.9731 -0.1328 0.1880
vn 0.9779 -0.1213 0.1703
vn 0.9669 -0.0919 0.2382
vn 0.8455 -0.1825 0.5018
vn 0.9637 -0.1255 0.2356
vn -0.2069 0.7285 0.6530
vn -0.1902 0.5510 0.8125
vn -0.1908 0.5514 0.8122
vn -0.1905 0.5512 0.8123
vn -0.1666 0.5773 0.7993
vn -0.4242 0.5901 0.6869
vn -0.1761 0.6508 0.7385
vn -0.1910 0.5515 0.8120
vn -0.0606 0.8600 0.5067
vn -0.2564 0.2742 0.9269
vn -0.3237 0.4810 0.8147
vn 0.1020 -0.3427 -0.9339
vn -0.3949 -0.2949 -0.8701
vn -0.0527 -0.7777 -0.6264
vn 0.1976 -0.7493 -0.6321
vn -0.3775 -0.5519 -0.7436
vn -0.3560 -0.5736 -0.7377
vn -0.2667 -0.5391 -0.7989
vn -0.3589 -0.4301 -0.8284
vn -0.5542 -0.3891 -0.7359
vn -0.5915 -0.3981 -0.7012
vn 0.5082 -0.8239 0.2509
vn 0.3728 -0.8587 -0.3518
vn -0.3585 -0.6170 -0.7006
vn -0.2776 -0.5965 -0.7530
vn 0.8455 -0.5329 0.0333
vn 0.8487 -0.3647 0.3830
vn -0.5789 -0.3468 -0.7380
vn -0.5789 -0.3466 -0.7380
vn -0.5771 -0.3518 -0.7370
vn -0.5790 -0.3465 -0.7380
vn -0.7200 -0.1565 -0.6761
vn -0.7202 -0.1567 -0.6758
vn -0.9518 0.0819 -0.2957
vn -0.9118 0.1294 -0.3897
vn 0.0705 -0.6954 -0.7152
vn 0.5065 -0.6727 -0.5394
vn 0.5462 -0.3183 -0.7748
vn 0.5471 -0.6881 -0.4766
vn -0.0083 -0.6366 -0.7711
vn -0.3177 -0.2608 -0.9116
vn -0.9731 0.1376 -0.1848
vn -0.9452 0.1811 0.2715
vn -0.8770 0.4300 0.2144
vn -0.4763 0.5841 0.6572
vn -0.6107 0.4680 0.6388
vn 0.8734 -0.4870 0.0052
vn 0.9888 -0.1323 -0.0687
vn 0.5188 -0.7607 -0.3901
vn 0.6268 -0.4432 -0.6408
vn -0.6590 -0.1497 -0.7371
vn -0.6613 -0.1562 -0.7337
vn -0.6617 -0.1574 -0.7331
vn -0.6586 -0.1483 -0.7378
vn -0.3351 -0.3626 -0.8697
vn -0.5541 -0.0964 -0.8269
vn -0.4239 -0.5378 -0.7288
vn -0.7369 0.6018 0.3079
vn -0.0501 0.0673 -0.9965
vn -0.4047 -0.0277 -0.9140
vn -0.0049 -0.0153 -0.9999
vn -0.6758 0.0411 -0.7360
vn -0.4760 0.0460 -0.8782
vn -0.6694 -0.0278 -0.7424
vn -0.6295 -0.0366 -0.7761
vn -0.8713 0.0608 -0.4870
vn -0.8713 0.0707 -0.4856
vn -0.8713 0.0600 -0.4871
vn -0.7194 -0.0961 -0.6879
vn -0.9354 0.1868 -0.3003
vn -0.8713 0.0718 -0.4855
vn -0.0106 0.0056 -0.9999
vn 0.9010 -0.4023 -0.1623
vn 0.9034 -0.3951 -0.1669
vn 0.9031 -0.3960 -0.1663
vn -0.9234 0.1928 0.3320
vn -0.3840 0.0536 -0.9218
vn 0.9008 -0.4029 -0.1619
vn 0.6014 -0.2032 0.7727
vn -0.4491 -0.6322 0.6314
vn -0.8949 0.0207 -0.4458
vn 0.4136 -0.5533 -0.7231
vn -0.9951 0.0533 -0.0830
vn 0.2540 -0.3604 0.8975
vn -0.8615 0.0255 -0.5071
vn 0.0161 -0.5161 0.8564
vn 0.4923 -0.1858 0.8504
vn 0.5026 0.0223 0.8642
vn 0.4995 0.0240 0.8660
vn 0.5005 0.0234 0.8654
vn 0.3723 -0.6748 -0.6372
vn -0.7890 0.1001 -0.6062
vn -0.9311 -0.0857 -0.3545
vn 0.9529 -0.1306 0.2739
vn 0.7859 0.4817 0.3877
vn -0.3941 0.3008 0.8684
vn 0.4969 -0.2739 0.8234
vn -0.1292 -0.5372 -0.8335
vn -0.3667 0.3334 -0.8685
vn 0.9278 -0.3431 -0.1464
vn -0.3611 -0.5864 0.7251
vn -0.3202 0.1349 -0.9377
vn 0.5068 0.3724 -0.7775
vn -0.4215 -0.6067 0.6740
vn -0.6353 -0.1449 -0.7586
vn -0.8247 -0.0130 -0.5655
vn -0.7953 -0.4178 -0.4393
vn 0.5036 0.0217 0.8637
vn 0.9593 0.2757 0.0611
vn 0.1283 -0.4811 0.8672
vn 0.1297 -0.4843 0.8652
vn 0.1297 -0.4844 0.8652
vn 0.0340 0.6553 0.7546
vn 0.1312 -0.4876 0.8632
vn -0.0088 0.3623 0.9320
vn 0.2737 0.2902 -0.9170
vn -0.8508 -0.0777 -0.5197
vn -0.2736 0.3910 0.8788
vn -0.7130 -0.3271 -0.6202
vn -0.9312 -0.2896 -0.2215
vn -0.8023 -0.0244 -0.5965
vn 0.5837 -0.1267 0.8020
vn -0.0710 -0.5472 -0.8340
vn 0.4069 0.5387 -0.7377
vn 0.8100 -0.0195 0.5861
vn -0.9115 0.2134 0.3516
vn -0.8821 -0.2797 -0.3791
vn 0.7107 0.2876 0.6420
vn -0.5115 -0.3963 -0.7625
vn -0.1344 -0.3615 0.9226
vn -0.1381 -0.3414 0.9297
vn -0.7130 -0.6390 0.2886
vn -0.5569 -0.3173 -0.7676
vn 0.0420 -0.9806 -0.1915
vn -0.2718 -0.8490 -0.4531
vn 0.8556 -0.4133 0.3117
vn 0.7894 -0.5522 0.2680
vn 0.5381 -0.8198 -0.1959
vn 0.8725 -0.4827 -0.0750
vn -0.9549 -0.2406 0.1739
vn -0.9572 0.1084 0.2683
vn -0.9655 0.1568 0.2080
vn -0.9296 -0.2076 -0.3045
vn -0.8213 -0.4362 -0.3678
vn 0.6642 -0.4329 0.6095
vn -0.6339 0.1610 0.7565
vn -0.5793 0.2703 0.7690
vn 0.3458 -0.6387 -0.6874
vn 0.5006 -0.3757 -0.7799
vn -0.9762 -0.2169 -0.0089
vn -0.9623 -0.2715 -0.0185
vn 0.1144 -0.8010 -0.5876
vn -0.0814 -0.9791 -0.1865
vn -0.4497 -0.6087 -0.6536
vn -0.0744 -0.8960 -0.4379
vn 0.6636 -0.3528 0.6597
vn 0.5380 -0.3600 0.7622
vn 0.4518 -0.1877 0.8722
vn 0.4806 -0.1756 0.8592
vn 0.1501 0.1515 0.9770
vn 0.0162 0.0238 0.9996
vn 0.7200 -0.5630 -0.4057
vn 0.5471 -0.7682 -0.3325
vn 0.2099 -0.7861 -0.5814
vn 0.1274 -0.6579 -0.7423
vn 0.0823 -0.8837 0.4607
vn 0.0826 -0.8837 0.4606
vn 0.0781 -0.8838 0.4613
vn 0.0211 -0.9142 0.4047
vn 0.0211 -0.9143 0.4045
vn 0.2777 -0.8642 0.4196
vn -0.0625 -0.9083 0.4137
vn 0.0210 -0.9144 0.4043
vn -0.1200 -0.8271 0.5491
vn -0.0107 -0.8455 0.5339
vn 0.0230 -0.8255 0.5640
vn 0.0497 -0.8211 0.5686
vn -0.1564 -0.8537 0.4968
vn -0.1284 -0.8778 0.4614
vn -0.1033 -0.9481 0.3008
vn -0.0893 -0.9590 0.2688
vn 0.0429 -0.8854 0.4629
vn -0.0075 -0.8856 0.4645
vn 0.1197 -0.8253 0.5518
vn 0.1205 -0.8460 0.5194
vn 0.2069 -0.8329 0.5132
vn 0.0926 -0.9151 0.3925
vn 0.2053 -0.7861 0.5831
vn 0.1797 -0.7968 0.5769
vn -0.0252 -0.7806 0.6245
vn 0.0936 -0.6989 0.7090
vn -0.0986 -0.8763 0.4716
vn -0.0483 -0.7741 0.6312
vn -0.0601 -0.9388 0.3391
vn -0.0952 -0.9267 0.3636
vn 0.0756 -0.9497 0.3038
vn 0.0736 -0.8838 0.4620
vn 0.2554 0.2454 0.9352
vn 0.5535 0.3010 -0.7766
vn 0.2517 0.5917 -0.7659
vn -0.0005 0.6109 -0.7917
vn -0.0007 0.6143 -0.7890
vn -0.0006 0.6130 -0.7901
vn -0.2679 0.8516 0.4505
vn -0.0295 0.9995 -0.0099
vn -0.0350 0.9993 -0.0156
vn -0.0304 0.9995 -0.0108
vn -0.0808 0.8827 0.4630
vn -0.0548 0.9978 -0.0381
vn -0.1683 0.9850 0.0394
vn -0.4357 0.8837 -0.1713
vn -0.8954 0.4409 -0.0620
vn -0.4313 0.8315 -0.3501
vn -0.6918 0.6179 -0.3737
vn -0.4299 0.6302 -0.6465
vn -0.4332 0.5994 -0.6731
vn -0.0528 0.8870 -0.4587
vn -0.3149 0.8136 0.4889
vn -0.1163 0.9854 0.1245
vn -0.7652 0.2077 0.6094
vn -0.8624 0.0164 0.5060
vn -0.1374 0.9821 -0.1288
vn -0.9840 0.0463 0.1722
vn -0.9458 -0.1686 -0.2774
vn -0.4695 -0.0796 -0.8794
vn -0.4396 -0.1067 -0.8918
vn -0.0072 -0.0740 -0.9972
vn -0.0225 -0.0517 -0.9984
vn -0.8480 0.1321 -0.5133
vn -0.4956 0.5092 -0.7036
vn -0.4643 0.5575 -0.6882
vn -0.4191 0.0326 0.9074
vn -0.4418 -0.0216 0.8969
vn -0.0578 -0.0627 0.9964
vn -0.0286 0.0114 0.9995
vn -0.9846 0.1742 0.0140
vn -0.9446 0.3084 0.1126
vn -0.4406 0.8935 0.0866
vn -0.5364 0.8308 0.1485
vn -0.4422 0.5193 -0.7313
vn -0.4341 0.6000 -0.6720
vn -0.0004 0.6096 -0.7927
vn -0.4839 0.7428 -0.4627
vn -0.2433 0.8678 -0.4334
vn -0.5554 0.5670 -0.6083
vn -0.6664 -0.2408 -0.7057
vn -0.5334 -0.0788 -0.8422
vn -0.0360 0.9992 -0.0166
vn -0.0328 0.5636 0.8254
vn -0.0358 0.4707 0.8816
vn -0.3270 0.7782 -0.5362
vn -0.0143 0.6032 -0.7975
vn 0.8963 -0.2267 -0.3811
vn -0.9368 -0.2384 -0.2561
vn -0.9769 0.1038 0.1869
vn 0.9750 -0.1179 -0.1885
vn 0.9783 0.1315 -0.1602
vn 0.9935 0.0201 -0.1124
vn 0.0140 0.9650 0.2618
vn -0.0218 0.9604 0.2779
vn 0.7192 0.6904 0.0782
vn 0.7837 0.6152 0.0852
vn -0.5983 0.7918 0.1233
vn -0.7424 0.6508 0.1591
vn -0.8514 0.5154 0.0971
vn -0.9120 0.4020 0.0815
vn -0.9339 -0.0496 -0.3540
vn -0.8987 0.4173 0.1350
vn 0.6089 -0.6436 -0.4636
vn 0.6768 -0.5918 -0.4378
vn 0.0780 -0.8224 -0.5636
vn -0.8780 -0.3951 -0.2701
vn -0.6316 -0.6567 -0.4120
vn -0.7445 -0.4912 -0.4521
vn -0.0020 -0.8582 -0.5133
vn 0.6506 -0.6215 -0.4365
vn 0.6690 -0.5945 -0.4462
vn -0.6648 0.6808 -0.3075
vn -0.8622 0.4359 -0.2579
vn -0.6771 0.7324 0.0724
vn 0.9780 -0.0404 -0.2048
vn 0.9525 0.0031 -0.3044
vn -0.1169 -0.9170 0.3814
vn -0.0997 -0.9311 0.3508
vn -0.1259 -0.9152 0.3828
vn -0.1196 -0.9222 0.3677
vn -0.1296 -0.8999 0.4163
vn -0.1293 -0.9016 0.4127
vn -0.1293 -0.9015 0.4131
vn -0.1297 -0.8998 0.4166
vn -0.1053 -0.8666 0.4877
vn -0.1152 -0.8775 0.4655
vn -0.1178 -0.6476 0.7528
vn -0.0991 -0.7987 0.5935
vn -0.1180 -0.9040 0.4109
vn -0.1247 -0.8936 0.4312
vn 0.9753 -0.1548 -0.1578
vn 0.9669 -0.0660 -0.2467
vn 0.9248 0.3508 0.1474
vn 0.9125 0.3516 0.2090
vn 0.9708 0.2381 -0.0307
vn 0.9900 0.1359 -0.0372
vn 0.4454 0.7558 0.4799
vn 0.4035 0.7477 0.5274
vn -0.9631 0.2691 -0.0051
vn -0.9478 0.3072 -0.0858
vn -0.6513 0.7435 0.1514
vn -0.5859 0.7231 0.3659
vn -0.9883 0.0716 -0.1347
vn -0.9884 0.0713 -0.1344
vn -0.9884 0.0712 -0.1342
vn -0.9890 0.0688 -0.1312
vn -0.9688 0.2275 0.0987
vn -0.9850 0.1644 0.0518
vn -0.9263 -0.0229 -0.3760
vn -0.8638 0.0208 -0.5034
vn 0.0755 -0.0892 -0.9931
vn 0.0227 -0.1107 -0.9936
vn 0.7777 -0.1713 -0.6049
vn 0.7526 -0.2303 -0.6169
vn 0.7347 -0.2549 -0.6286
vn 0.6617 -0.3044 -0.6852
vn 0.9704 -0.2105 -0.1183
vn 0.9874 -0.1304 -0.0897
vn 0.9564 0.2420 -0.1638
vn 0.1413 0.9896 -0.0253
vn -0.1744 0.9809 -0.0867
vn -0.8448 0.5279 0.0873
vn 0.6288 0.7681 0.1209
vn -0.0721 0.9959 0.0553
vn -0.0402 0.9939 0.1024
vn 0.9321 0.2264 -0.2827
vn 0.8403 0.5420 0.0055
vn -0.4551 0.8860 -0.0885
vn -0.2532 0.9672 -0.0186
vn 0.6162 0.7650 -0.1873
vn -0.0999 -0.8079 0.5808
vn -0.1169 -0.8372 0.5342
vn -0.1026 -0.8307 0.5472
vn -0.0933 -0.8123 0.5758
vn -0.2577 0.8588 0.4427
vn -0.3191 0.8994 0.2986
vn -0.9398 0.2965 0.1698
vn -0.9333 0.3166 0.1693
vn -0.9189 0.0866 -0.3850
vn -0.8823 0.1623 -0.4418
vn -0.4551 0.0176 -0.8903
vn -0.5150 -0.0387 -0.8563
vn 0.7435 -0.2660 -0.6135
vn 0.7723 -0.1036 -0.6267
vn 0.9801 -0.0670 -0.1867
vn 0.9818 -0.0312 -0.1874
vn -0.9537 0.3007 0.0089
vn -0.9345 0.3514 -0.0571
vn 0.9626 -0.0664 -0.2626
vn 0.9560 -0.0642 -0.2864
vn -0.8111 0.5801 0.0753
vn -0.1165 -0.8869 0.4470
vn -0.1156 -0.8882 0.4447
vn -0.1154 -0.8886 0.4440
vn -0.1167 -0.8866 0.4476
vn -0.9924 0.0787 -0.0949
vn -0.9596 0.1657 -0.2276
vn -0.8306 0.5056 -0.2333
vn 0.9891 0.1457 0.0235
vn 0.9895 0.1421 0.0272
vn 0.9893 0.1432 0.0260
vn 0.9889 0.1467 0.0224
vn 0.4523 0.6502 0.6104
vn 0.4526 0.6498 0.6107
vn 0.4525 0.6500 0.6106
vn 0.4522 0.6504 0.6103
vn -0.9529 0.2322 -0.1953
vn -0.9587 0.2071 -0.1951
vn -0.9025 0.4015 0.1557
vn -0.9012 0.4116 0.1357
vn -0.2815 0.7577 0.5888
vn -0.2732 0.7702 0.5763
vn -0.9443 0.2082 -0.2550
vn -0.9528 0.1891 -0.2376
vn 0.9632 -0.0469 -0.2647
vn 0.9564 0.0522 -0.2875
vn 0.9339 0.2962 0.2003
vn 0.9347 0.3026 0.1864
vn -0.9611 0.0516 0.2712
vn -0.9607 0.0804 0.2655
vn -0.9304 -0.3066 -0.2010
vn -0.9049 -0.3895 -0.1716
vn -0.5010 -0.6793 -0.5363
vn -0.5085 -0.6997 -0.5018
vn 0.5825 -0.7207 -0.3759
vn 0.6906 -0.5398 -0.4813
vn 0.9451 -0.3144 -0.0889
vn 0.9533 -0.2862 -0.0964
vn -0.9834 -0.0118 0.1811
vn -0.9831 -0.0139 0.1826
vn -0.9840 -0.0077 0.1781
vn -0.9843 -0.0056 0.1765
vn 0.9339 -0.3389 -0.1140
vn 0.8602 -0.5075 -0.0502
vn 0.8769 -0.3703 0.3066
vn 0.8670 -0.3846 0.3167
vn 0.3278 -0.0178 0.9446
vn 0.3289 0.0176 0.9442
vn -0.9965 -0.0680 -0.0481
vn -0.9922 -0.1199 -0.0347
vn -0.8104 0.1295 0.5715
vn -0.8085 0.0386 0.5872
vn -0.2813 0.0903 0.9554
vn -0.2798 0.1118 0.9535
vn -0.9877 -0.1237 -0.0959
vn -0.9866 -0.1393 -0.0844
vn 0.9405 -0.3072 -0.1452
vn 0.9314 -0.3382 -0.1343
vn 0.8035 -0.2677 0.5318
vn 0.8142 -0.2405 0.5284
vn 0.2272 0.8529 0.4700
vn 0.1700 0.8348 0.5237
vn 0.5487 0.8135 -0.1929
vn 0.2187 0.7318 0.6454
vn 0.2078 0.7223 0.6597
vn 0.0755 0.0643 0.9951
vn 0.0754 0.0661 0.9950
vn 0.0756 0.0600 0.9953
vn 0.0757 0.0582 0.9954
vn 0.8338 0.4214 0.3567
vn 0.8344 0.4146 0.3631
vn 0.8339 0.4202 0.3578
vn 0.8722 0.4265 0.2397
vn 0.8310 0.4027 0.3837
vn 0.8346 0.4129 0.3646
vn 0.6736 -0.1632 0.7209
vn 0.6737 -0.1628 0.7208
vn 0.6733 -0.1640 0.7210
vn 0.6731 -0.1644 0.7210
vn 0.2523 0.9671 -0.0335
vn 0.4507 0.8854 -0.1134
vn -0.8438 0.4855 0.2286
vn -0.8485 0.5227 0.0821
vn -0.0296 0.9995 0.0068
vn -0.7738 0.5744 0.2671
vn -0.7734 0.5490 0.3170
vn -0.9312 0.0419 0.3620
vn -0.9295 0.0104 0.3687
vn -0.9866 0.1303 0.0980
vn -0.9471 0.2528 0.1978
vn -0.9729 0.2308 0.0102
vn -0.9671 0.2541 0.0120
vn -0.9895 -0.0519 0.1351
vn -0.9951 -0.0057 0.0983
vn -0.5310 -0.0983 -0.8417
vn -0.4065 -0.0527 -0.9121
vn 0.0109 -0.2208 -0.9753
vn 0.0984 -0.1372 -0.9856
vn -0.0027 -0.8559 -0.5171
vn 0.0485 -0.8135 -0.5796
vn 0.8102 0.5278 -0.2548
vn 0.5777 0.8143 0.0568
vn 0.9893 0.1065 -0.1001
vn -0.9781 0.1936 0.0765
vn -0.9782 0.1935 0.0758
vn -0.9782 0.1935 0.0757
vn -0.4878 -0.3447 -0.8020
vn 0.9831 0.1465 -0.1096
vn 0.9234 0.2470 -0.2937
vn 0.9702 -0.0609 -0.2346
vn -0.7365 0.6077 0.2971
vn -0.8511 0.5149 0.1027
vn -0.0999 0.9822 0.1591
vn 0.7807 0.6241 0.0318
vn -0.9780 0.1937 0.0775
vn -0.9474 0.3171 0.0443
vn -0.8932 0.0485 -0.4471
vn -0.8972 -0.0491 -0.4389
vn 0.0840 -0.4558 -0.8861
vn 0.1045 -0.4706 -0.8761
vn 0.6606 -0.3309 -0.6739
vn 0.7343 -0.3584 -0.5764
vn 0.7389 -0.3548 -0.5728
vn 0.7337 -0.3589 -0.5770
vn 0.6310 0.7604 0.1536
vn -0.0134 0.9762 0.2165
vn 0.7185 -0.3442 -0.6044
vn 0.7394 -0.3544 -0.5725
vn 0.7506 -0.3137 -0.5816
vn 0.7596 -0.3173 -0.5678
vn -0.5202 -0.3511 -0.7785
vn 0.7810 0.5995 -0.1749
vn 0.5312 0.1828 0.8273
vn 0.5280 -0.5574 -0.6407
vn 0.5304 -0.5583 -0.6380
vn 0.5309 -0.5585 -0.6374
vn 0.8346 0.5293 -0.1528
vn 0.2955 0.1402 0.9450
vn 0.5323 -0.5360 -0.6553
vn -0.9894 -0.0135 -0.1444
vn 0.0280 0.2203 0.9750
vn -0.8026 -0.4232 -0.4204
vn 0.9472 -0.3152 0.0592
vn 0.9474 -0.3150 0.0573
vn 0.9464 -0.3160 0.0672
vn -0.2623 0.3834 0.8855
vn 0.2642 0.2495 0.9316
vn 0.3907 0.6541 -0.6477
vn -0.8810 -0.1772 -0.4386
vn 0.5273 -0.5571 -0.6415
vn -0.0879 0.2432 0.9660
vn 0.9288 -0.1845 0.3214
vn 0.2612 -0.3883 0.8837
vn 0.9520 -0.1246 0.2797
vn 0.9463 -0.3161 0.0683
vn 0.9487 -0.1436 0.2817
vn -0.6916 0.2725 0.6690
vn 0.9674 -0.2390 0.0840
vn -0.7535 -0.1858 -0.6306
vn 0.7607 0.0245 0.6486
vn -0.7875 0.2890 0.5444
vn -0.7637 0.1316 -0.6321
vn -0.4357 0.1066 -0.8938
vn -0.8159 0.1111 -0.5674
vn -0.1328 -0.5520 -0.8232
vn 0.8189 0.1644 -0.5499
vn 0.9829 0.1557 0.0980
vn 0.7585 -0.0207 0.6513
vn 0.0113 -0.9928 0.1195
vn -0.0600 0.5549 0.8298
vn 0.4575 0.1871 0.8693
vn 0.2157 -0.7016 -0.6792
vn 0.4286 0.5591 0.7097
vn 0.8520 0.2581 0.4555
vn 0.9514 -0.1174 0.2847
vn -0.5835 0.2835 -0.7611
vn 0.6945 0.5910 0.4104
vn 0.0525 -0.9983 0.0253
vn 0.0521 -0.9982 0.0287
vn 0.0522 -0.9982 0.0279
vn -0.4016 0.0135 -0.9157
vn -0.4507 0.0312 -0.8921
vn 0.8209 0.2097 0.5312
vn -0.8080 0.0633 -0.5858
vn 0.9418 0.0779 0.3272
vn 0.9409 0.0679 0.3318
vn 0.9410 0.0686 0.3315
vn 0.9408 0.0671 0.3322
vn -0.0301 -0.9877 0.1538
vn -0.0078 -0.9919 0.1268
vn -0.8168 0.5552 -0.1567
vn 0.3254 0.8047 0.4965
vn 0.5394 0.6321 0.5563
vn -0.9286 0.1733 -0.3281
vn -0.9277 0.1766 -0.3289
vn -0.9273 0.1780 -0.3293
vn 0.9103 0.2396 0.3375
vn 0.9190 0.2168 0.3294
vn 0.7025 0.2372 0.6710
vn 0.7078 0.2553 0.6587
vn -0.3391 -0.2957 -0.8931
vn -0.7773 -0.1981 -0.5971
vn -0.7542 -0.1555 -0.6380
vn 0.7571 -0.4305 -0.4915
vn -0.2805 -0.4427 -0.8517
vn -0.7460 -0.1886 -0.6387
vn -0.0863 0.4153 0.9056
vn 0.9294 0.2453 0.2758
vn 0.7586 -0.1302 0.6385
vn 0.6577 0.4640 0.5935
vn -0.7613 0.1132 -0.6385
vn 0.9329 0.2200 0.2851
vn 0.9668 -0.2377 0.0932
vn 0.9436 -0.3235 0.0708
vn 0.7610 -0.3965 -0.5135
vn 0.7565 -0.1019 0.6460
vn -0.9644 0.2410 -0.1084
vn 0.6367 0.4992 0.5878
vn -0.0357 0.9308 0.3638
vn 0.9278 0.0555 0.3689
vn -0.8406 -0.0277 -0.5410
vn -0.8089 -0.0845 -0.5818
vn -0.0999 0.9096 0.4034
vn -0.7578 0.4124 -0.5055
vn -0.9467 0.3009 -0.1151
vn 0.6308 0.7070 0.3199
vn 0.7421 0.1555 0.6520
vn 0.7423 0.1551 0.6519
vn 0.7425 0.1548 0.6518
vn 0.0471 0.6519 0.7569
vn -0.8017 0.1115 -0.5873
vn -0.7452 0.1933 -0.6382
vn -0.3749 -0.0604 -0.9251
vn 0.8693 0.0642 -0.4901
vn 0.8693 0.0648 -0.4901
vn 0.8690 0.0632 -0.4908
vn -0.9026 -0.4300 -0.0205
vn -0.9148 -0.4035 -0.0161
vn 0.0827 -0.9959 -0.0374
vn 0.0526 -0.9983 0.0244
vn 0.0811 -0.9939 -0.0751
vn 0.0900 -0.9954 -0.0318
vn -0.0337 -0.9838 0.1762
vn 0.0781 -0.9969 0.0032
vn 0.0793 -0.9969 -0.0001
vn 0.0794 -0.9968 -0.0005
vn -0.9290 0.1718 -0.3277
vn -0.6217 -0.3206 -0.7146
vn -0.0553 -0.5819 -0.8114
vn 0.8153 0.4732 0.3336
vn 0.0912 -0.9946 -0.0496
vn -0.7622 0.2299 -0.6051
vn -0.7715 0.1067 -0.6272
vn -0.8041 -0.0228 -0.5941
vn 0.8497 0.0672 0.5229
vn 0.9872 0.0369 0.1549
vn -0.9025 0.2822 -0.3254
vn -0.9033 0.1950 -0.3823
vn -0.5917 0.8023 -0.0788
vn 0.0668 -0.9976 0.0158
vn -0.9600 0.2734 -0.0602
vn 0.8394 0.1872 0.5103
vn -0.6989 0.4868 0.5241
vn -0.6784 0.4560 0.5761
vn -0.1006 -0.9209 0.3765
vn 0.0424 -0.9980 0.0464
vn 0.0566 0.9047 0.4222
vn -0.4331 0.0481 -0.9001
vn -0.5103 0.5654 0.6480
vn -0.4770 0.5219 0.7071
vn -0.5348 0.8442 -0.0346
vn -0.5551 0.3785 0.7407
vn -0.5494 0.3630 0.7526
vn -0.4705 -0.3820 0.7954
vn -0.4702 -0.3858 0.7938
vn -0.4707 -0.3803 0.7962
vn -0.4700 -0.3875 0.7931
vn -0.9565 0.2653 0.1210
vn -0.9569 0.2638 0.1213
vn -0.9587 0.2565 0.1229
vn -0.9459 0.3243 0.0133
vn -0.9621 0.2365 0.1358
vn -0.9592 0.2543 0.1234
vn -0.8738 -0.4285 0.2299
vn -0.8735 -0.4292 0.2298
vn -0.8740 -0.4281 0.2300
vn -0.8733 -0.4296 0.2297
vn -0.3500 0.8933 0.2821
vn -0.4873 0.8674 0.1007
vn 0.6087 0.2832 0.7412
vn 0.6657 0.3815 0.6413
vn -0.1144 0.8881 0.4453
vn 0.5175 0.3494 0.7811
vn 0.5010 0.3045 0.8101
vn 0.6969 -0.1776 0.6948
vn 0.6970 -0.2086 0.6860
vn 0.8378 0.0253 0.5455
vn 0.7502 0.0951 0.6543
vn 0.8478 0.1439 0.5104
vn 0.8343 0.1754 0.5227
vn 0.8524 -0.1635 0.4966
vn 0.8657 -0.1062 0.4891
vn 0.8693 0.0629 -0.4903
vn 0.8688 0.0633 -0.4911
vn 0.2873 0.4490 0.8461
vn 0.7972 0.1125 0.5932
vn 0.0231 -0.9976 0.0647
vn 0.9906 0.1000 0.0928
vn 0.3812 0.1040 -0.9186
vn 0.4372 -0.0314 -0.8988
vn 0.3503 0.0601 -0.9347
vn 0.4296 0.0856 -0.8989
vn -0.3843 0.0016 -0.9232
vn -0.2555 0.9034 0.3444
vn -0.8235 0.3767 -0.4242
vn 0.3254 -0.5341 -0.7803
vn 0.2977 -0.4654 -0.8335
vn 0.0780 -0.9969 0.0036
vn 0.8225 0.2855 0.4919
vn -0.6620 0.7426 0.1014
vn 0.1032 0.8577 0.5037
vn -0.7461 0.1254 -0.6539
vn -0.0267 -0.9864 0.1625
vn 0.0703 -0.9975 -0.0077
vn -0.7084 0.6317 -0.3148
vn -0.6229 0.7768 0.0925
vn -0.7423 0.3342 0.5808
vn -0.7420 0.3347 0.5808
vn -0.7423 0.3342 0.5807
vn -0.7419 0.3349 0.5808
vn 0.9859 0.1298 0.1055
vn 0.7420 0.1558 0.6520
vn -0.8659 0.2363 -0.4409
vn -0.8633 0.2423 -0.4428
vn -0.8652 0.2378 -0.4414
vn 0.8196 0.1451 0.5542
vn -0.0820 0.3980 0.9137
vn -0.7890 -0.1578 -0.5938
vn 0.7904 0.4879 -0.3704
vn -0.8624 0.2597 -0.4345
vn -0.7746 0.3848 -0.5020
vn -0.7862 0.1229 -0.6056
vn 0.9383 0.1943 0.2860
vn -0.9683 0.2290 -0.0997
vn 0.4386 0.4251 0.7918
vn 0.6392 0.4869 0.5953
vn -0.0512 0.8928 0.4476
vn -0.7276 0.6852 -0.0349
vn 0.8081 0.1239 0.5758
vn 0.7834 0.1965 0.5897
vn 0.9457 0.2875 0.1514
vn 0.9406 0.2958 0.1666
vn 0.3215 0.4835 -0.8142
vn 0.3545 0.5034 -0.7880
vn -0.4767 0.1769 -0.8611
vn -0.4865 0.1631 -0.8583
vn -0.6766 0.7266 0.1196
vn -0.1980 0.8523 0.4841
vn -0.3719 0.2581 -0.8916
vn -0.4437 0.1639 -0.8811
vn -0.3630 0.3370 -0.8687
vn -0.4527 0.2400 -0.8588
vn 0.8634 0.4147 -0.2872
vn -0.2276 -0.0529 0.9723
vn -0.1987 -0.0706 0.9775
vn -0.0278 -0.0533 0.9982
vn -0.0482 -0.8746 -0.4825
vn -0.1405 -0.8809 -0.4520
vn -0.1618 0.9663 -0.2004
vn -0.0968 0.9799 -0.1747
vn 0.1683 0.9736 0.1545
vn 0.1489 0.9810 0.1240
vn -0.6530 0.7383 -0.1684
vn -0.8157 -0.5337 0.2230
vn -0.3102 -0.8213 -0.4788
vn -0.3503 0.9355 0.0454
vn -0.2606 0.9649 0.0339
vn 0.1973 -0.0388 0.9796
vn 0.1824 -0.0502 0.9819
vn 0.0233 -0.0578 0.9981
vn 0.1526 -0.8638 -0.4801
vn 0.2442 -0.8603 -0.4476
vn 0.0459 0.9791 -0.1984
vn -0.0219 0.9846 -0.1736
vn -0.2584 0.9548 0.1466
vn -0.2443 0.9617 0.1244
vn 0.5871 0.7949 -0.1532
vn 0.8627 -0.4438 0.2426
vn 0.4072 -0.7828 -0.4705
vn 0.2475 0.9675 0.0523
vn 0.1551 0.9871 0.0387
vn 0.7865 -0.1253 0.6047
vn -0.8626 0.2438 -0.4433
vn 0.9548 0.2717 -0.1208
vn 0.8617 0.4635 -0.2066
vn 0.9231 -0.3588 -0.1383
vn 0.9509 0.2772 0.1380
vn 0.9986 -0.0295 0.0447
vn -0.1089 0.7276 -0.6773
vn -0.4811 0.7861 -0.3881
vn -0.4811 0.7859 -0.3885
vn -0.4812 0.7888 -0.3824
vn 0.7488 -0.1470 0.6463
vn 0.6884 -0.5343 0.4905
vn -0.2590 -0.5288 0.8083
vn 0.6930 0.1570 -0.7036
vn -0.7983 -0.2354 0.5544
vn -0.4072 0.3552 0.8414
vn 0.4922 0.3847 0.7808
vn -0.9282 -0.2706 -0.2555
vn -0.6835 -0.7154 0.1450
vn -0.2692 -0.5113 -0.8161
vn -0.2754 -0.5037 -0.8188
vn -0.2694 -0.5111 -0.8162
vn 0.1512 -0.3870 0.9096
vn 0.5139 0.3029 0.8026
vn 0.5611 0.1387 0.8160
vn 0.0787 0.4643 -0.8822
vn 0.9637 -0.1017 0.2467
vn -0.8143 0.4505 -0.3660
vn -0.8101 0.4545 -0.3703
vn -0.8148 0.4500 -0.3654
vn -0.3109 -0.9323 0.1851
vn -0.1052 0.1658 -0.9805
vn 0.6850 -0.1120 0.7199
vn 0.9994 -0.0310 0.0178
vn 0.9993 -0.0354 0.0146
vn 0.9994 -0.0313 0.0176
vn 0.4316 0.8973 0.0922
vn 0.9965 0.0686 0.0475
vn 0.9862 0.0593 0.1545
vn 0.2592 -0.9406 -0.2192
vn 0.7673 -0.3126 0.5599
vn 0.5502 -0.1896 -0.8132
vn 0.9158 -0.1613 -0.3678
vn -0.4758 0.4117 0.7773
vn -0.9896 -0.1337 0.0525
vn -0.2266 -0.8420 0.4895
vn 0.5199 -0.6993 -0.4906
vn 0.8656 0.4681 -0.1779
vn -0.3771 -0.0324 -0.9256
vn -0.9031 -0.1571 0.3996
vn 0.9320 0.2660 0.2461
vn 0.4374 0.8938 0.0987
vn 0.4375 0.8938 0.0985
vn 0.4397 0.8932 0.0946
vn -0.9905 -0.1376 -0.0053
vn -0.9904 -0.1379 -0.0056
vn -0.9898 -0.1420 -0.0085
vn 0.1847 -0.3158 -0.9307
vn 0.4440 -0.4087 -0.7974
vn -0.5663 -0.1037 0.8177
vn -0.9990 -0.0383 0.0243
vn 0.8448 -0.4602 0.2732
vn -0.3411 -0.6672 0.6622
vn 0.9403 -0.2049 -0.2719
vn 0.0100 -0.8810 0.4731
vn 0.8385 -0.2232 -0.4970
vn 0.4636 -0.1262 0.8770
vn 0.8006 0.1306 0.5848
vn -0.9141 -0.0898 -0.3954
vn 0.0202 -0.7615 0.6478
vn 0.6444 -0.4930 -0.5845
vn 0.9578 -0.1681 -0.2331
vn -0.4484 0.1350 0.8836
vn -0.5599 -0.2724 0.7825
vn 0.6131 0.6091 0.5031
vn -0.1868 0.2523 0.9495
vn -0.2630 0.2129 -0.9410
vn 0.1533 -0.6566 0.7385
vn -0.2085 0.4148 -0.8857
vn -0.1175 -0.6843 0.7197
vn 0.4335 -0.8864 -0.1624
vn -0.3585 0.0353 0.9329
vn 0.8563 -0.2301 0.4623
vn 0.3223 0.3130 -0.8934
vn -0.8099 0.4547 -0.3705
vn -0.5686 0.3511 -0.7439
vn -0.5614 0.3524 -0.7488
vn -0.5702 0.3508 -0.7428
vn 0.1862 -0.1910 -0.9638
vn -0.6386 -0.6053 0.4751
vn -0.9053 0.2279 -0.3586
vn -0.8512 0.1372 0.5065
vn -0.1331 -0.4232 -0.8962
vn 0.4456 0.4147 0.7934
vn -0.0554 -0.1573 0.9860
vn 0.2755 -0.8059 0.5240
vn 0.2975 0.4607 0.8362
vn 0.0484 -0.4078 -0.9118
vn -0.9953 -0.0831 0.0493
vn -0.9684 -0.2473 0.0330
vn -0.3160 0.9464 0.0665
vn 0.1263 0.1254 0.9840
vn 0.9891 0.0241 0.1454
vn -0.2991 -0.0758 0.9512
vn 0.0843 -0.2895 -0.9535
vn 0.9583 0.1785 0.2233
vn -0.8374 -0.3206 0.4428
vn -0.7887 -0.3091 0.5314
vn -0.4313 -0.1152 0.8948
vn -0.8192 -0.4441 0.3629
vn -0.7788 0.2934 -0.5544
vn 0.8885 -0.2940 0.3522
vn 0.7192 -0.1270 0.6831
vn -0.2591 0.8366 -0.4826
vn -0.4894 -0.3076 0.8160
vn 0.8163 -0.2158 -0.5358
vn -0.6228 0.2282 0.7483
vn 0.5672 -0.1458 0.8106
vn -0.4481 0.6501 0.6137
vn 0.2347 -0.3470 0.9080
vn 0.0723 0.2674 0.9609
vn 0.9771 -0.1773 -0.1176
vn 0.8494 -0.3264 -0.4146
vn 0.3446 -0.5117 0.7870
vn -0.7516 0.6142 0.2404
vn -0.7633 0.4164 -0.4940
vn -0.7589 0.4189 -0.4986
vn -0.7650 0.4154 -0.4921
vn -0.5478 -0.0176 0.8365
vn 0.5634 0.7961 -0.2207
vn 0.9744 0.1042 0.1993
vn -0.0986 -0.1874 0.9773
vn 0.8642 -0.4415 -0.2414
vn 0.3390 -0.3314 0.8805
vn 0.9568 -0.2613 0.1275
vn 0.5648 0.5452 0.6194
vn 0.7459 -0.4628 -0.4790
vn 0.1671 0.5604 0.8112
vn -0.5110 0.8557 -0.0816
vn 0.2847 -0.3857 0.8776
vn 0.4564 -0.5271 0.7168
vn 0.5450 0.4108 -0.7309
vn 0.5466 0.4107 -0.7298
vn 0.5378 0.4113 -0.7359
vn -0.3331 0.2779 -0.9010
vn -0.9987 -0.0377 0.0356
vn -0.9981 -0.0386 0.0475
vn -0.9986 -0.0378 0.0377
vn -0.6989 -0.0268 0.7147
vn 0.8824 0.2093 0.4214
vn 0.4628 -0.4390 -0.7702
vn -0.3933 0.4661 0.7925
vn 0.8289 0.3446 0.4407
vn 0.3863 0.7623 0.5193
vn -0.9794 -0.1720 -0.1057
vn 0.3302 0.5140 -0.7917
vn 0.6080 0.7641 -0.2157
vn 0.1793 0.8601 -0.4775
vn 0.8206 0.4270 0.3799
vn -0.2366 -0.5935 -0.7693
vn -0.5819 -0.3348 0.7411
vn -0.6657 -0.2791 0.6921
vn 0.0361 0.3491 -0.9364
vn 0.7854 0.2898 0.5470
vn -0.4212 0.3168 -0.8498
vn -0.2866 0.3378 -0.8965
vn 0.2983 -0.8948 0.3323
vn -0.7929 -0.0778 -0.6043
vn 0.3660 0.7941 -0.4852
vn 0.7808 0.5916 0.2010
vn 0.7855 0.5840 0.2048
vn 0.7844 0.5858 0.2039
vn -0.6005 0.1874 0.7773
vn 0.6783 0.4341 0.5928
vn 0.9012 0.4318 0.0363
vn -0.3324 -0.3713 -0.8670
vn -0.3152 0.1403 0.9386
vn 0.1864 0.4781 0.8583
vn -0.2339 0.8377 0.4934
vn 0.6127 -0.7627 0.2071
vn -0.9093 0.1133 0.4005
vn -0.9897 -0.0079 -0.1428
vn -0.6199 0.5805 0.5279
vn 0.0196 0.1189 0.9927
vn -0.0917 -0.0658 0.9936
vn -0.1830 -0.2706 0.9451
vn -0.5777 0.1773 -0.7968
vn -0.1375 -0.9250 0.3541
vn -0.8019 0.5701 0.1791
vn -0.4700 0.8394 0.2730
vn -0.3833 0.8459 0.3708
vn 0.1704 0.5837 -0.7939
vn 0.8606 0.2050 0.4663
vn -0.2726 -0.5405 0.7960
vn 0.2017 0.9786 -0.0417
vn -0.4487 0.8902 -0.0791
vn 0.9186 -0.2362 0.3169
vn -0.1519 -0.1716 -0.9734
vn -0.4140 -0.5737 0.7067
vn 0.2439 0.5846 0.7738
vn -0.0664 -0.3229 -0.9441
vn -0.5915 0.0770 0.8026
vn 0.6185 0.5385 0.5722
vn -0.7834 -0.0578 0.6189
vn -0.2928 -0.1858 0.9379
vn -0.9891 -0.0818 0.1224
vn -0.6613 0.1772 0.7289
vn -0.5419 -0.2231 0.8103
vn -0.1846 0.7704 0.6103
vn -0.0345 0.4497 0.8925
vn -0.0399 0.4494 0.8925
vn -0.5375 0.1954 0.8203
vn -0.7936 0.5003 0.3463
vn -0.7565 -0.5626 0.3336
vn -0.6935 -0.4445 0.5670
vn -0.5921 -0.6147 -0.5211
vn -0.3217 -0.4387 0.8391
vn -0.8221 -0.4961 -0.2794
vn -0.8250 -0.4928 -0.2765
vn -0.8263 -0.4914 -0.2753
vn 0.7992 0.2494 0.5469
vn 0.6147 0.3461 -0.7088
vn -0.9476 -0.0444 0.3165
vn -0.8995 0.1076 0.4234
vn 0.2505 0.8864 0.3892
vn 0.5053 0.2816 0.8157
vn 0.4183 -0.5955 0.6859
vn -0.8125 -0.5330 -0.2359
vn -0.0430 0.3340 0.9416
vn -0.7231 -0.3385 -0.6021
vn -0.5963 -0.7980 0.0870
vn 0.6852 -0.1928 0.7024
vn 0.8966 0.0459 0.4404
vn -0.4413 -0.0826 0.8935
vn 0.4148 -0.3264 -0.8494
vn 0.4149 -0.3265 -0.8493
vn 0.4139 -0.3256 -0.8501
vn -0.4496 0.2326 0.8624
vn 0.9363 -0.0534 -0.3471
vn 0.5796 -0.5055 -0.6392
vn -0.2200 0.3426 -0.9134
vn -0.3213 0.8078 -0.4941
vn -0.2901 0.7026 -0.6497
vn 0.8129 -0.3563 0.4607
vn -0.0014 0.1720 0.9851
vn 0.2190 0.8342 -0.5060
vn 0.5776 0.5856 -0.5688
vn 0.9879 -0.1292 0.0856
vn 0.9378 -0.0695 0.3403
vn 0.9390 -0.0727 0.3361
vn 0.9376 -0.0703 0.3405
vn 0.9498 -0.2975 0.0970
vn 0.4106 0.1599 -0.8977
vn 0.7032 -0.6613 0.2609
vn 0.0333 0.5652 -0.8243
vn 0.7370 -0.3288 0.5905
vn 0.4587 -0.1779 0.8706
vn 0.7437 0.1408 0.6536
vn 0.6225 0.5762 -0.5296
vn -0.6700 0.4045 0.6226
vn 0.0935 -0.3867 0.9175
vn 0.5694 0.0755 0.8186
vn -0.9560 -0.0476 0.2896
vn -0.9539 -0.0495 0.2960
vn -0.9540 -0.0494 0.2957
vn -0.4491 -0.0763 0.8902
vn -0.0147 0.3356 0.9419
vn -0.3029 0.4990 0.8120
vn 0.1837 0.4455 0.8763
vn 0.3649 0.2589 0.8943
vn 0.5686 0.5230 0.6350
vn -0.3432 -0.4313 0.8344
vn 0.4164 -0.5217 -0.7446
vn 0.4155 -0.5257 -0.7423
vn 0.4164 -0.5215 -0.7447
vn -0.4704 0.5144 -0.7170
vn 0.2685 0.7486 -0.6062
vn -0.6836 0.0221 0.7295
vn -0.7207 -0.0553 -0.6910
vn -0.7918 0.5790 -0.1947
vn -0.9932 0.0074 0.1164
vn -0.9932 0.0110 0.1163
vn -0.9932 0.0067 0.1164
vn -0.6112 0.6013 -0.5147
vn -0.9653 -0.1397 0.2205
vn -0.9358 -0.1544 0.3169
vn 0.6807 0.0458 0.7311
vn 0.7621 0.4648 0.4508
vn 0.9923 -0.0767 0.0970
vn 0.9931 -0.0738 0.0915
vn 0.9925 -0.0759 0.0955
vn -0.5859 0.1944 0.7867
vn -0.5857 0.1942 0.7869
vn -0.5857 0.1943 0.7869
vn -0.5724 0.4388 0.6926
vn 0.3205 0.5729 -0.7544
vn -0.9950 0.0316 0.0951
vn -0.9864 0.0954 0.1336
vn 0.8610 -0.3511 -0.3680
vn 0.8570 -0.3619 -0.3668
vn 0.8606 -0.3521 -0.3679
vn -0.2515 -0.3128 0.9159
vn -0.8205 0.0642 -0.5681
vn -0.3946 -0.7909 0.4677
vn -0.8063 -0.5310 -0.2608
vn 0.4046 -0.3352 0.8509
vn 0.3411 -0.4788 -0.8090
vn 0.3413 -0.4785 -0.8091
vn 0.3465 -0.4704 -0.8115
vn -0.8584 0.2078 0.4690
vn -0.5074 -0.5637 -0.6517
vn -0.5735 -0.0363 0.8184
vn 0.3139 0.4100 -0.8564
vn 0.9171 0.2167 -0.3345
vn 0.1352 0.9084 -0.3958
vn -0.6128 -0.0425 0.7891
vn 0.6818 0.7156 0.1518
vn 0.4302 -0.0061 0.9027
vn 0.8483 0.5265 0.0559
vn 0.3274 0.3596 -0.8738
vn 0.0363 0.8182 -0.5738
vn -0.8696 0.1507 0.4703
vn 0.6076 0.3419 0.7169
vn 0.3038 -0.8136 0.4957
vn 0.8525 -0.3572 0.3817
vn 0.8105 0.3820 0.4441
vn 0.8104 0.3823 0.4440
vn 0.8099 0.3862 0.4415
vn -0.7054 -0.1953 -0.6814
vn -0.0122 0.0099 0.9999
vn -0.0114 0.0099 0.9999
vn 0.7481 0.4561 0.4821
vn 0.7474 0.4490 0.4896
vn 0.7475 0.4497 0.4889
vn 0.1011 -0.9891 0.1072
vn 0.2908 0.1129 0.9501
vn -0.3502 -0.1080 0.9304
vn 0.1126 0.2142 -0.9703
vn -0.6108 -0.5520 0.5677
vn 0.9644 -0.1793 0.1943
vn -0.7780 -0.6016 0.1808
vn 0.2275 -0.9055 0.3583
vn -0.0640 0.2426 -0.9680
vn 0.7481 0.4565 0.4816
vn -0.6090 0.2183 0.7626
vn -0.1204 -0.0804 0.9895
vn 0.0722 0.2355 0.9692
vn -0.3698 0.0239 0.9288
vn -0.3345 -0.5046 0.7959
vn 0.4165 0.2722 0.8674
vn 0.6558 -0.3868 0.6484
vn -0.9134 -0.2121 0.3473
vn -0.4206 -0.2817 0.8624
vn 0.7567 0.4894 0.4334
vn -0.1570 -0.2137 -0.9642
vn -0.8471 -0.1572 0.5077
vn 0.9052 0.1647 0.3919
vn -0.0305 -0.4098 0.9117
vn 0.5675 -0.2120 0.7956
vn -0.5129 0.3700 0.7746
vn 0.4168 -0.7638 0.4928
vn -0.3791 -0.4529 -0.8070
vn 0.5653 0.0026 -0.8249
vn -0.1543 0.2187 0.9635
vn 0.6379 -0.0265 0.7696
vn 0.3281 -0.5947 0.7340
vn 0.7705 0.5617 0.3015
vn -0.5812 -0.2913 0.7598
vn -0.5594 0.2147 0.8006
vn -0.2826 0.6985 0.6574
vn 0.8196 0.2017 -0.5363
vn -0.4934 0.8516 0.1769
vn 0.9539 0.2911 -0.0728
vn 0.2776 0.9314 -0.2356
vn 0.0993 -0.3297 -0.9388
vn 0.1301 -0.4541 -0.8814
vn -0.1442 0.5407 0.8287
vn 0.6328 -0.5190 -0.5747
vn -0.8748 0.2504 0.4148
vn 0.8092 -0.4791 0.3400
vn -0.0416 0.2889 -0.9564
vn 0.8427 0.3380 0.4191
vn -0.5698 0.5661 -0.5956
vn 0.8686 -0.2687 0.4164
vn 0.5179 0.5457 0.6588
vn 0.7698 0.5354 -0.3475
vn 0.7653 0.5389 -0.3519
vn 0.7651 0.5391 -0.3522
vn -0.7025 -0.0049 -0.7117
vn -0.6781 -0.1974 0.7080
vn -0.3073 -0.3660 0.8784
vn -0.6345 -0.7330 0.2454
vn 0.2808 -0.3475 -0.8947
vn 0.7527 -0.5865 0.2990
vn 0.7687 -0.1298 0.6263
vn 0.7700 -0.1225 0.6262
vn 0.7693 -0.1308 0.6254
vn -0.0385 -0.4432 0.8956
vn -0.3158 -0.5064 -0.8024
vn -0.3410 -0.5622 -0.7534
vn -0.3411 -0.5621 -0.7535
vn -0.3398 -0.5659 -0.7512
vn -0.2498 0.9080 -0.3364
vn 0.1919 -0.1532 -0.9694
vn -0.8958 -0.4007 -0.1922
vn -0.8975 -0.3972 -0.1918
vn -0.8977 -0.3967 -0.1917
vn -0.8213 -0.4970 -0.2802
vn -0.8047 -0.4513 -0.3857
vn -0.8048 -0.4512 -0.3857
vn -0.8096 -0.4414 -0.3869
vn -0.7280 0.6805 -0.0838
vn 0.6421 0.7262 0.2457
vn -0.3698 -0.4540 0.8106
vn -0.3518 -0.2262 0.9083
vn 0.4095 -0.3920 0.8238
vn -0.6358 0.4585 0.6209
vn -0.5845 -0.0530 0.8096
vn -0.8024 0.1822 0.5683
vn -0.9257 0.3537 -0.1342
vn 0.9936 0.0692 -0.0888
vn -0.3721 0.1365 -0.9181
vn -0.0920 0.7866 0.6106
vn -0.7738 -0.1386 0.6181
vn -0.3446 -0.3245 0.8809
vn 0.7302 -0.2649 -0.6298
vn 0.7304 -0.2653 -0.6294
vn 0.7302 -0.2647 -0.6299
vn 0.0736 0.9687 -0.2372
vn 0.6903 0.0738 0.7198
vn 0.2302 0.9706 0.0703
vn 0.2235 0.9720 0.0730
vn 0.2290 0.9708 0.0707
vn -0.1273 0.0187 0.9917
vn 0.2339 0.4153 -0.8791
vn 0.1072 0.3780 -0.9196
vn -0.0510 0.3435 -0.9378
vn -0.4061 0.3418 0.8475
vn 0.0750 0.7580 -0.6480
vn 0.9740 -0.1956 -0.1147
vn -0.4144 0.8856 -0.2097
vn 0.5006 0.3989 -0.7682
vn -0.6095 -0.0713 0.7896
vn -0.9512 -0.0828 0.2971
vn 0.8980 -0.4241 0.1175
vn -0.7080 -0.4748 0.5228
vn 0.6674 0.7397 -0.0860
vn 0.6674 0.7397 -0.0861
vn 0.6672 0.7397 -0.0879
vn -0.6777 -0.1225 0.7251
vn -0.6956 0.1149 0.7092
vn -0.0733 0.1411 0.9873
vn -0.8608 -0.3845 0.3334
vn -0.8131 -0.4293 0.3930
vn 0.5237 0.5895 -0.6150
vn 0.5157 0.5927 -0.6187
vn 0.5212 0.5905 -0.6162
vn 0.5010 0.0502 -0.8640
vn 0.6760 -0.7299 0.1019
vn 0.6784 -0.4620 0.5712
vn -0.9717 -0.2344 0.0286
vn 0.1274 -0.2184 0.9675
vn 0.8130 0.3815 0.4398
vn 0.0001 -0.5354 0.8446
vn 0.2670 0.3669 -0.8911
vn -0.6856 0.4687 0.5571
vn 0.4026 -0.8950 0.1920
vn 0.8341 0.0312 0.5507
vn 0.7189 -0.1328 0.6823
vn -0.0291 0.4499 0.8926
vn -0.2533 0.2120 0.9439
vn 0.0277 -0.9807 -0.1938
vn 0.8612 -0.4239 -0.2805
vn 0.2856 -0.0589 0.9565
vn 0.4546 -0.5756 0.6798
vn 0.4291 0.5626 -0.7066
vn -0.6784 0.7344 0.0213
vn 0.6786 -0.1247 0.7238
vn 0.5583 -0.7167 0.4180
vn 0.7934 0.3907 -0.4668
vn -0.6862 0.5395 0.4880
vn -0.8302 0.2516 0.4974
vn -0.8301 0.2509 0.4980
vn -0.8300 0.2504 0.4984
vn -0.9829 -0.1820 0.0265
vn 0.0663 0.9912 -0.1148
vn -0.4582 0.6817 -0.5704
vn 0.4332 0.8917 -0.1311
vn -0.7606 0.4577 -0.4605
vn -0.0422 0.9904 -0.1318
vn -0.7578 0.2566 -0.5999
vn -0.9585 -0.2648 -0.1059
vn -0.3726 0.2787 -0.8851
vn -0.4761 0.3520 -0.8059
vn 0.8224 -0.1159 0.5569
vn 0.0987 0.2494 0.9634
vn -0.7876 -0.5397 0.2971
vn 0.4109 0.4592 0.7876
vn -0.9814 -0.0626 0.1814
vn 0.1652 0.4184 0.8931
vn -0.4730 -0.4516 -0.7565
vn -0.4728 -0.4538 -0.7553
vn -0.4727 -0.4544 -0.7550
vn 0.2720 -0.3095 -0.9112
vn 0.4377 0.7302 0.5246
vn -0.9141 0.1809 0.3629
vn 0.6955 -0.6840 -0.2199
vn 0.6932 -0.6863 -0.2202
vn 0.6965 -0.6831 -0.2197
vn -0.9575 0.2875 -0.0234
vn 0.9236 -0.3780 -0.0634
vn 0.4433 0.2476 0.8615
vn -0.6931 0.4523 -0.5613
vn 0.1316 0.7350 0.6652
vn 0.9124 0.3498 0.2124
vn 0.5823 -0.4637 0.6678
vn 0.3118 0.4386 0.8429
vn -0.0812 0.4713 0.8782
vn -0.0815 0.4725 0.8776
vn -0.0847 0.4779 0.8743
vn -0.2217 -0.5916 0.7751
vn -0.2505 -0.5038 0.8267
vn 0.2685 -0.3909 0.8804
vn 0.9780 0.0424 0.2042
vn 0.9659 0.0086 0.2588
vn -0.9932 -0.0990 0.0617
vn 0.5419 0.6428 0.5415
vn 0.6639 -0.2625 -0.7003
vn -0.7464 -0.2444 0.6190
vn -0.8409 -0.5117 -0.1761
vn 0.5603 0.8257 -0.0657
vn -0.1595 0.6167 0.7709
vn -0.7565 0.3505 -0.5521
vn -0.3191 -0.0791 0.9444
vn 0.2482 0.3584 0.9000
vn -0.9570 -0.2389 0.1645
vn -0.8631 -0.2239 0.4526
vn -0.5740 -0.2198 0.7888
vn -0.0357 0.1281 0.9911
vn 0.9268 0.2287 0.2978
vn -0.8724 0.2989 0.3867
vn -0.4356 0.0234 0.8998
vn 0.0846 0.3185 0.9441
vn 0.9483 0.3172 -0.0098
vn 0.9882 -0.1424 0.0557
vn 0.3325 0.5049 0.7965
vn 0.5550 0.0241 0.8315
vn -0.0604 -0.4643 -0.8836
vn 0.7214 0.4210 0.5499
vn 0.7216 0.4209 0.5496
vn 0.7215 0.4210 0.5497
vn 0.9672 -0.2425 -0.0752
vn 0.0517 -0.9542 0.2948
vn 0.0476 -0.9545 0.2945
vn 0.7940 0.3312 0.5098
vn 0.2760 -0.9324 0.2335
vn 0.0953 -0.1770 0.9796
vn 0.5038 0.5265 0.6848
vn 0.9835 -0.1607 -0.0833
vn -0.2553 0.9312 -0.2600
vn 0.2239 0.9621 0.1555
vn 0.4684 0.2092 -0.8584
vn -0.9314 0.1971 0.3061
vn -0.6436 0.7612 -0.0797
vn -0.9769 0.1352 -0.1655
vn 0.7701 0.0227 0.6375
vn 0.7860 0.1036 0.6095
vn 0.9884 -0.0509 -0.1431
vn 0.9885 -0.0476 -0.1436
vn 0.9885 -0.0490 -0.1434
vn 0.5344 0.7110 -0.4572
vn -0.4870 0.1978 0.8507
vn 0.7575 0.4285 0.4925
vn 0.3998 0.0092 -0.9166
vn -0.1101 0.8103 -0.5755
vn 0.4022 0.2934 0.8673
vn -0.3948 0.4628 0.7937
vn -0.6571 0.2741 0.7022
vn 0.9689 0.1686 0.1810
vn 0.8046 -0.2241 0.5499
vn 0.9808 -0.0665 -0.1831
vn -0.8989 -0.2376 -0.3682
vn 0.7213 0.5658 -0.3994
vn 0.7178 0.5369 -0.4433
vn 0.9137 0.1630 0.3723
vn 0.7091 -0.2230 -0.6689
vn 0.0675 -0.9808 0.1828
vn 0.4104 0.0669 0.9094
vn -0.8667 -0.0907 0.4905
vn -0.9853 0.0639 0.1583
vn 0.9295 0.1961 -0.3123
vn -0.1166 -0.0788 -0.9901
vn -0.9159 0.3242 0.2366
vn -0.3460 -0.8031 0.4851
vn -0.4680 -0.3311 -0.8193
vn -0.4667 -0.3296 -0.8207
vn -0.4670 -0.3299 -0.8204
vn -0.4695 -0.3328 -0.8178
vn -0.0129 0.0098 0.9999
vn 0.4302 0.0506 0.9013
vn 0.1187 -0.8377 -0.5330
vn 0.1216 -0.8374 -0.5329
vn 0.1233 -0.8372 -0.5328
vn 0.4315 0.2686 0.8612
vn -0.9159 -0.3943 0.0752
vn 0.7050 0.0597 -0.7067
vn -0.0235 -0.1848 0.9825
vn 0.0663 0.6231 -0.7793
vn 0.9185 -0.3849 -0.0905
vn 0.7502 -0.6417 0.1595
vn 0.8689 0.1906 -0.4569
vn -0.8083 -0.1670 -0.5646
vn -0.8082 -0.1671 -0.5647
vn -0.8084 -0.1669 -0.5644
vn -0.7759 -0.3011 -0.5544
vn 0.7384 0.0228 -0.6740
vn 0.9585 -0.2532 -0.1310
vn 0.2766 0.1720 0.9455
vn 0.4815 0.4076 0.7759
vn 0.5444 -0.7680 0.3374
vn -0.9440 -0.2815 0.1721
vn -0.2085 -0.9220 0.3264
vn -0.0425 0.3146 0.9483
vn -0.2827 0.9069 0.3124
vn 0.9867 -0.0466 0.1559
vn 0.9372 -0.3315 -0.1086
vn 0.5145 0.2723 0.8131
vn -0.6855 0.1037 0.7207
vn 0.7952 -0.0254 -0.6058
vn 0.8542 -0.0416 0.5183
vn -0.8917 0.3278 -0.3123
vn 0.3679 -0.4669 0.8041
vn -0.0275 0.3075 0.9512
vn -0.0322 0.3072 0.9511
vn -0.4812 0.7889 -0.3821
vn -0.6893 0.0830 -0.7197
vn -0.0541 -0.5967 0.8007
vn 0.9740 -0.1667 -0.1537
vn 0.9696 0.2394 0.0501
vn -0.8024 0.3667 0.4708
vn -0.8035 0.3730 0.4640
vn -0.8036 0.3734 0.4636
vn 0.1948 -0.5135 -0.8357
vn -0.2434 -0.4427 0.8630
vn -0.3156 0.5862 -0.7462
vn 0.0454 -0.5231 -0.8511
vn 0.1872 0.2073 -0.9602
vn 0.1914 0.2055 -0.9598
vn 0.1868 0.2075 -0.9602
vn -0.4728 0.5429 0.6941
vn -0.4426 -0.5802 0.6837
vn -0.8206 0.3484 0.4529
vn -0.7575 -0.5948 0.2693
vn -0.0443 0.1586 -0.9863
vn -0.1953 0.1017 -0.9755
vn -0.1955 0.1022 -0.9754
vn -0.1956 0.1026 -0.9753
vn -0.6375 0.2952 -0.7117
vn -0.2744 0.9343 -0.2277
vn 0.0053 -0.9761 0.2171
vn 0.4372 0.8939 0.0990
vn 0.6344 -0.7536 -0.1722
vn 0.4856 0.0543 0.8725
vn 0.9571 -0.0196 0.2891
vn -0.4436 -0.1907 -0.8757
vn 0.0670 -0.3358 -0.9395
vn 0.9226 -0.1138 0.3687
vn 0.6354 0.1682 0.7536
vn 0.8249 0.2300 0.5163
vn -0.8428 0.1008 -0.5286
vn -0.9390 -0.1697 -0.2992
vn 0.4991 0.2122 -0.8402
vn 0.6067 0.6706 0.4269
vn 0.7100 -0.4857 -0.5099
vn -0.1813 0.3253 0.9281
vn -0.7004 -0.5687 0.4313
vn 0.5082 -0.7540 0.4162
vn -0.9671 -0.1333 -0.2168
vn -0.9905 -0.1360 0.0215
vn 0.9838 -0.0844 0.1579
vn -0.4662 -0.8686 0.1680
vn 0.4270 0.0103 -0.9042
vn -0.4730 0.8736 -0.1142
vn -0.6326 -0.2287 0.7399
vn -0.6332 -0.2286 0.7394
vn -0.6323 -0.2283 0.7403
vn 0.9004 0.4338 0.0330
vn 0.8265 0.5528 -0.1062
vn 0.9885 0.0233 0.1497
vn -0.8176 0.3802 0.4324
vn 0.8996 0.0012 -0.4368
vn 0.5845 -0.4395 0.6821
vn -0.5028 -0.8377 -0.2132
vn -0.8631 -0.0781 0.4989
vn -0.8442 -0.0780 0.5303
vn 0.3749 -0.1771 0.9100
vn 0.9098 0.3645 -0.1986
vn -0.9264 0.3440 0.1534
vn 0.7169 0.4637 0.5206
vn 0.6759 0.6907 0.2570
vn 0.5643 0.0021 -0.8256
vn -0.9762 -0.0757 0.2031
vn 0.5736 0.4012 0.7141
vn -0.9227 -0.3540 -0.1529
vn -0.1404 0.4165 0.8982
vn -0.4872 0.4748 0.7330
vn -0.3058 0.3287 0.8936
vn -0.9737 0.1967 0.1152
vn -0.9902 -0.0103 0.1392
vn 0.0939 -0.9714 0.2179
vn -0.1344 0.0007 0.9909
vn -0.1258 -0.9160 0.3808
vn 0.9377 0.3323 -0.1019
vn -0.0399 0.8704 0.4907
vn 0.2110 -0.7864 0.5805
vn 0.2562 0.4292 -0.8661
vn -0.7742 0.3838 0.5033
vn -0.7616 0.4654 0.4510
vn 0.0168 0.7245 -0.6891
vn 0.4724 -0.0395 -0.8805
vn 0.9153 0.3988 -0.0572
vn -0.6130 -0.1698 0.7716
vn -0.8842 0.3318 -0.3288
vn -0.2761 -0.5029 -0.8191
vn -0.1888 0.7185 -0.6694
vn -0.7373 -0.6359 0.2282
vn -0.6655 -0.2966 -0.6849
vn 0.8313 -0.4579 0.3150
vn -0.1794 -0.5179 0.8364
vn -0.1916 -0.6343 0.7489
vn 0.6756 -0.2090 0.7070
vn 0.8703 0.4198 0.2574
vn 0.7868 0.3375 0.5168
vn 0.7869 0.3395 0.5153
vn 0.7868 0.3382 0.5162
vn 0.2616 -0.7565 0.5993
vn -0.9163 -0.2976 0.2680
vn -0.5296 0.4028 0.7465
vn -0.6682 0.4733 -0.5740
vn 0.3599 0.4185 -0.8339
vn 0.2605 0.2410 -0.9349
vn -0.1162 0.2898 0.9500
vn 0.7995 -0.0750 0.5960
vn -0.9416 -0.3001 -0.1529
vn -0.6467 0.3155 -0.6944
vn -0.2505 0.4222 0.8712
vn 0.7975 -0.3783 -0.4701
vn -0.7908 0.3488 0.5029
vn -0.9532 0.1267 0.2745
vn 0.9365 -0.2335 -0.2615
vn 0.7194 0.4890 -0.4933
vn 0.7168 0.4910 -0.4951
vn 0.7224 0.4885 -0.4894
vn -0.1931 -0.7808 0.5941
vn -0.9528 -0.2040 0.2248
vn -0.6744 -0.7213 0.1579
vn 0.4154 -0.5260 -0.7421
vn -0.9175 0.2439 0.3141
vn -0.9038 -0.3644 -0.2247
vn 0.0089 -0.4336 -0.9010
vn -0.0323 0.5884 0.8079
vn -0.0308 0.5872 0.8089
vn -0.0319 0.5881 0.8082
vn 0.6842 0.2520 -0.6844
vn -0.7575 0.4197 -0.5001
vn -0.5602 0.3526 -0.7496
vn 0.9923 0.0382 -0.1176
vn 0.9181 -0.2067 -0.3382
vn 0.7721 -0.1271 0.6226
vn -0.6806 -0.1008 -0.7257
vn -0.4269 -0.8837 0.1918
vn 0.5196 -0.2782 -0.8078
vn 0.5185 -0.2772 -0.8089
vn 0.5181 -0.2768 -0.8093
vn 0.5212 -0.2797 -0.8063
vn -0.2233 -0.9388 -0.2625
vn 0.9376 -0.0733 0.3399
vn 0.9400 -0.0708 0.3339
vn -0.0040 0.1873 -0.9823
vn 0.5643 0.2811 0.7762
vn 0.3241 -0.3322 0.8858
vn -0.1892 0.5708 0.7990
vn -0.0818 -0.5147 -0.8535
vn 0.4918 0.5759 0.6530
vn 0.3157 -0.1247 -0.9406
vn -0.0383 -0.8763 0.4803
vn -0.4300 -0.7542 0.4963
vn -0.2869 -0.8989 0.3312
vn -0.2642 -0.5351 0.8024
vn -0.8065 0.0183 0.5910
vn 0.0031 -0.0049 -1.0000
vn -0.3726 -0.1577 0.9145
vn 0.9087 -0.0626 0.4126
vn -0.7589 -0.4909 0.4280
vn 0.1053 -0.0684 0.9921
vn -0.9768 0.0748 0.2008
vn 0.0166 -0.4095 -0.9121
vn 0.5278 -0.6696 -0.5225
vn 0.5725 -0.1846 0.7989
vn 0.6944 0.1997 0.6914
vn 0.3528 -0.1885 0.9165
vn 0.6489 0.0461 0.7595
vn 0.0688 0.9328 0.3539
vn -0.6929 0.6830 0.2313
vn -0.6913 0.6847 0.2310
vn 0.6994 0.7060 0.1112
vn 0.7795 0.3247 0.5356
vn 0.1579 0.9686 0.1918
vn -0.8532 0.3719 -0.3658
vn -0.3328 0.7164 -0.6132
vn -0.8114 -0.1913 -0.5523
vn -0.8178 -0.5635 0.1173
vn -0.8465 -0.3968 0.3549
vn -0.0504 0.8155 0.5765
vn -0.0536 0.8154 0.5765
vn 0.9429 -0.1747 -0.2837
vn 0.0150 0.9254 -0.3787
vn 0.7165 -0.1035 -0.6898
vn -0.4974 0.2568 0.8287
vn -0.0290 -0.3338 0.9422
vn 0.9846 0.1743 -0.0149
vn -0.9468 -0.2696 -0.1760
vn -0.7036 -0.6947 0.1494
vn -0.6475 0.4504 0.6147
vn 0.9180 0.0694 0.3906
vn 0.5129 -0.8346 0.2009
vn -0.3289 0.9325 0.1491
vn -0.5153 -0.6939 0.5030
vn -0.8923 0.4248 0.1529
vn -0.1267 0.5427 0.8303
vn 0.8373 0.2421 0.4902
vn 0.8308 0.4118 0.3743
vn 0.5942 -0.7790 -0.2005
vn -0.1677 -0.1763 -0.9699
vn 0.0299 0.4885 0.8721
vn 0.1961 0.2662 0.9437
vn 0.7963 -0.4102 0.4446
vn -0.0422 0.6169 0.7859
vn -0.0442 0.6168 0.7859
vn 0.9891 -0.1472 -0.0012
vn -0.9058 -0.1259 0.4045
vn 0.3372 0.8635 0.3752
vn -0.7219 0.4537 -0.5225
vn -0.6046 0.7854 -0.1331
vn 0.9486 0.0544 0.3118
vn 0.9488 0.0547 0.3110
vn 0.9467 0.0525 0.3178
vn 0.1224 -0.3128 -0.9419
vn -0.2865 -0.6471 0.7065
vn 0.2598 -0.6443 -0.7193
vn 0.7470 -0.4912 0.4481
vn 0.4029 0.8363 -0.3718
vn 0.4029 0.8362 -0.3721
vn 0.4032 0.8334 -0.3778
vn 0.9251 -0.2109 0.3157
vn -0.6986 0.2478 0.6712
vn -0.1730 0.9484 0.2657
vn -0.8999 -0.3319 -0.2829
vn 0.0525 -0.9116 0.4078
vn 0.0730 0.5757 0.8144
vn -0.9869 -0.0183 -0.1603
vn 0.0294 -0.4366 0.8992
vn -0.9626 -0.0917 0.2548
vn -0.7509 -0.1525 0.6426
vn -0.8698 -0.4807 -0.1113
vn -0.5347 -0.8223 0.1950
vn 0.9821 0.0954 0.1621
vn 0.3794 0.9193 -0.1043
vn 0.7696 0.1719 0.6149
vn -0.0501 0.5303 -0.8463
vn 0.0623 -0.5029 0.8621
vn 0.6074 0.3340 0.7208
vn -0.5884 0.4864 0.6460
vn -0.9668 -0.0671 0.2466
vn -0.7732 0.6271 0.0940
vn -0.0161 -0.8450 -0.5346
vn -0.0206 -0.8449 -0.5345
vn -0.0190 -0.8449 -0.5345
vn 0.2502 0.4833 0.8390
vn 0.3913 0.4017 -0.8280
vn 0.6366 -0.1651 0.7533
vn 0.6363 -0.1646 0.7537
vn 0.6323 -0.1672 0.7564
vn 0.9806 0.1040 0.1662
vn -0.8154 0.1885 0.5473
vn -0.2370 -0.8829 0.4054
vn -0.1463 -0.3203 0.9360
vn 0.2867 0.2843 0.9149
vn -0.7436 -0.2270 0.6290
vn 0.5816 -0.5884 0.5618
vn -0.8118 0.1169 0.5721
vn 0.0129 0.4831 0.8755
vn 0.0100 0.4762 0.8793
vn 0.0130 0.4842 0.8748
vn -0.6590 0.1015 0.7452
vn 0.9241 0.1358 -0.3572
vn -0.9674 -0.2520 -0.0239
vn -0.0402 0.6170 0.7859
vn -0.8073 -0.4919 0.3261
vn 0.2062 0.1222 -0.9709
vn 0.6666 0.0227 0.7451
vn 0.0969 -0.3713 -0.9234
vn -0.5615 0.5350 -0.6313
vn -0.5668 0.5322 -0.6289
vn -0.5590 0.5363 -0.6324
vn -0.1525 0.5636 0.8119
vn 0.7045 0.7018 -0.1055
vn 0.0889 -0.1990 -0.9760
vn 0.9466 0.0524 0.3182
vn 0.0027 -0.9944 0.1061
vn 0.8425 -0.3216 -0.4323
vn 0.7681 -0.6188 0.1643
vn -0.4775 0.7160 0.5093
vn 0.6672 0.7397 -0.0881
vn 0.0749 -0.1058 -0.9916
vn 0.5198 0.6245 -0.5829
vn 0.6255 -0.5556 0.5478
vn -0.6782 0.4285 -0.5970
vn -0.6809 -0.5392 -0.4956
vn -0.3397 -0.5663 -0.7509
vn 0.5757 -0.1583 0.8022
vn -0.2529 -0.0128 -0.9674
vn -0.2727 -0.1319 -0.9530
vn -0.8341 0.0158 0.5514
vn 0.1311 -0.5318 0.8366
vn 0.0487 0.5521 0.8324
vn 0.2443 0.2200 -0.9444
vn 0.2434 0.2178 -0.9452
vn 0.2445 0.2205 -0.9443
vn 0.1203 0.8349 0.5371
vn 0.3193 0.3135 0.8943
vn 0.6349 -0.1832 0.7506
vn 0.1442 0.3778 -0.9146
vn -0.6925 -0.6639 0.2822
vn 0.4035 0.8477 0.3445
vn 0.9107 -0.2122 0.3545
vn -0.1567 0.4365 0.8859
vn 0.6780 -0.6221 0.3915
vn 0.3856 0.2684 -0.8827
vn -0.9443 -0.3289 0.0027
vn 0.2531 -0.3655 -0.8958
vn -0.7919 -0.1217 0.5984
vn -0.4371 -0.3251 0.8386
vn 0.9964 0.0076 0.0848
vn -0.8346 -0.2327 -0.4993
vn -0.8925 0.4414 -0.0927
vn 0.1033 -0.2717 0.9568
vn -0.0806 -0.5993 0.7965
vn -0.3648 0.4768 -0.7997
vn -0.7402 0.6643 -0.1041
vn -0.7401 0.6643 -0.1044
vn -0.7404 0.6643 -0.1024
vn -0.8619 0.0996 -0.4972
vn 0.0064 -0.7443 0.6678
vn 0.9584 -0.0680 -0.2771
vn -0.6301 -0.2307 0.7414
vn -0.6294 -0.2311 0.7419
vn -0.8841 -0.0944 -0.4576
vn -0.6948 -0.1758 0.6974
vn -0.5499 -0.5003 0.6689
vn -0.0798 0.4757 0.8760
vn 0.9425 -0.0580 0.3291
vn -0.5919 -0.7374 0.3253
vn 0.0390 -0.1356 0.9900
vn 0.1315 0.8573 0.4977
vn 0.6928 -0.1425 0.7069
vn 0.9590 -0.0570 0.2776
vn -0.8148 -0.3131 0.4880
vn -0.9212 0.2243 0.3179
vn -0.2026 0.9664 -0.1580
vn -0.2031 0.9663 -0.1581
vn -0.2044 0.9660 -0.1582
vn -0.2114 0.9644 -0.1588
vn -0.3690 -0.7405 -0.5617
vn 0.9102 -0.2226 -0.3491
vn 0.3164 -0.5638 -0.7629
vn 0.7207 -0.2209 0.6571
vn -0.1954 0.6460 0.7379
vn 0.0528 0.3533 0.9340
vn -0.5957 0.3186 0.7374
vn -0.6605 0.0192 0.7505
vn -0.4997 0.0057 0.8662
vn 0.3568 -0.2870 0.8890
vn 0.3516 -0.3473 -0.8694
vn 0.0067 0.1879 -0.9822
vn 0.9200 0.3471 0.1822
vn -0.0981 0.9911 -0.0900
vn 0.3401 -0.8912 0.3001
vn -0.9970 0.0681 -0.0380
vn -0.9993 0.0203 -0.0327
vn -0.0111 0.9992 0.0381
vn -0.0103 0.9993 0.0367
vn -0.0109 0.9992 0.0378
vn 0.1860 0.9646 0.1869
vn 0.4770 -0.2797 0.8332
vn -0.2629 -0.8539 0.4491
vn 0.6685 0.6367 0.3843
vn 0.8636 0.3799 0.3315
vn -0.5324 0.8420 0.0877
vn -0.5325 0.8419 0.0874
vn -0.5326 0.8418 0.0872
vn 0.6059 0.7445 -0.2804
vn -0.8839 0.3838 0.2673
vn -0.8841 0.3817 0.2697
vn -0.8838 0.3844 0.2666
vn 0.7320 0.6522 0.1969
vn 0.8079 -0.5377 0.2412
vn 0.8079 -0.5382 0.2401
vn 0.8079 -0.5362 0.2444
vn -0.0642 0.8212 0.5670
vn 0.1018 0.9827 -0.1545
vn 0.1036 0.9825 -0.1546
vn 0.1022 0.9827 -0.1545
vn 0.7507 0.0749 0.6564
vn -0.9062 -0.1599 0.3916
vn 0.0774 -0.6694 0.7389
vn -0.0140 -0.9149 0.4034
vn -0.2457 -0.4184 0.8744
vn -0.0444 -0.2061 -0.9775
vn 0.8928 -0.3136 0.3233
vn -0.9357 0.0085 0.3526
vn 0.2656 -0.5655 0.7808
vn 0.8852 0.3766 0.2732
vn 0.0972 0.2974 0.9498
vn -0.8081 -0.1672 -0.5648
vn -0.8101 -0.1005 -0.5776
vn 0.7943 0.1276 -0.5939
vn 0.5125 0.7616 -0.3966
vn 0.8760 -0.4060 -0.2605
vn 0.8766 -0.4051 -0.2597
vn 0.8792 -0.4015 -0.2567
vn 0.2834 -0.0446 0.9580
vn 0.7188 0.0823 0.6904
vn 0.3709 0.9148 -0.1597
vn -0.2251 -0.9518 0.2083
vn 0.5564 0.2175 0.8019
vn 0.8632 0.1972 -0.4648
vn -0.6753 0.6758 -0.2953
vn -0.1711 0.9556 -0.2400
vn 0.0795 -0.2623 0.9617
vn -0.8599 -0.3625 0.3595
vn 0.3708 -0.8629 0.3434
vn -0.2296 0.3972 0.8885
vn 0.8153 0.2935 0.4992
vn 0.8152 0.2935 0.4993
vn 0.8151 0.2935 0.4994
vn 0.0556 0.2589 -0.9643
vn 0.9855 -0.0372 0.1654
vn -0.9897 -0.0016 0.1432
vn -0.9252 0.3151 0.2115
vn -0.1269 0.1989 -0.9718
vn 0.9201 0.3389 -0.1964
vn -0.3861 -0.3767 0.8420
vn -0.3078 0.4583 0.8338
vn 0.6932 -0.1014 0.7135
vn -0.9366 -0.0502 -0.3467
vn 0.9997 -0.0244 -0.0046
vn 0.9993 -0.0356 0.0145
vn 0.5140 0.2290 0.8266
vn -0.7919 0.0311 -0.6098
vn 0.0635 -0.8989 0.4336
vn 0.0575 -0.7417 0.6683
vn -0.4465 -0.0422 -0.8938
vn 0.0062 -0.9225 0.3860
vn -0.8567 -0.1312 0.4989
vn -0.6571 0.6332 0.4091
vn 0.3279 -0.9093 -0.2561
vn 0.4588 -0.6962 -0.5521
vn 0.9515 -0.2781 0.1317
vn 0.9803 0.0274 0.1957
vn 0.8756 0.0451 0.4808
vn -0.6898 -0.2166 0.6909
vn -0.8094 0.0545 0.5847
vn -0.9157 -0.0045 -0.4018
vn 0.9688 -0.0633 0.2396
vn -0.4374 0.7511 -0.4946
vn -0.9346 -0.3383 -0.1102
vn -0.6341 0.4810 0.6055
vn -0.1405 0.7464 -0.6505
vn -0.6127 -0.2316 -0.7556
vn 0.5410 0.3795 0.7506
vn -0.5471 -0.3531 -0.7589
vn -0.4731 -0.4509 -0.7569
vn -0.3198 0.4527 0.8323
vn 0.3974 0.4679 0.7894
vn -0.6823 -0.0495 0.7294
vn 0.9857 -0.0629 -0.1564
vn -0.7788 0.1541 -0.6081
vn -0.7930 -0.4092 -0.4513
vn 0.2288 0.5275 0.8182
vn -0.3060 0.5879 -0.7488
vn 0.1023 -0.9087 0.4047
vn 0.9481 0.3109 0.0670
vn 0.9315 0.0521 -0.3601
vn 0.8294 -0.0127 -0.5585
vn -0.5224 0.3441 -0.7801
vn -0.9885 -0.0827 0.1267
vn -0.6282 0.1199 -0.7687
vn -0.6561 0.2664 0.7061
vn 0.9794 0.1478 -0.1378
vn -0.9732 -0.2291 0.0211
vn -0.8451 0.2693 -0.4618
vn -0.9720 0.1296 0.1958
vn -0.4342 0.6755 -0.5960
vn 0.5857 -0.7893 0.1840
vn -0.1036 -0.0723 -0.9920
vn -0.5771 -0.2568 0.7752
vn -0.9546 0.0466 -0.2943
vn -0.5024 -0.8180 0.2802
vn -0.6893 -0.0135 0.7244
vn -0.6870 -0.0165 0.7265
vn -0.6885 -0.0144 0.7251
vn 0.0915 -0.1502 0.9844
vn -0.7142 0.3622 0.5989
vn -0.9047 -0.4055 0.1305
vn -0.8555 -0.1162 0.5046
vn 0.8445 -0.2178 0.4893
vn 0.2133 0.1342 -0.9677
vn -0.1020 0.4814 0.8705
vn 0.5960 0.5726 -0.5630
vn -0.3099 -0.3442 0.8863
vn -0.6701 -0.5686 0.4771
vn 0.0742 0.4280 0.9007
vn -0.3623 0.5363 -0.7623
vn -0.4572 -0.2269 0.8599
vn 0.8844 0.4269 0.1885
vn -0.8392 0.3420 0.4228
vn 0.0606 -0.5274 -0.8474
vn -0.9421 0.3351 0.0116
vn -0.7438 -0.2915 0.6015
vn 0.4157 -0.3273 -0.8486
vn -0.8832 0.3686 -0.2900
vn -0.4575 0.1144 -0.8818
vn -0.6675 -0.0245 0.7442
vn 0.3405 -0.1439 -0.9292
vn -0.3915 0.2268 -0.8918
vn -0.8197 -0.1984 0.5373
vn 0.1131 -0.0250 -0.9933
vn 0.4125 0.2426 0.8780
vn 0.9452 0.2840 -0.1613
vn -0.1803 -0.9568 0.2282
vn -0.5075 0.3470 -0.7887
vn -0.9917 -0.0929 -0.0893
vn -0.9930 -0.0373 -0.1119
vn -0.3220 -0.3668 0.8728
vn 0.1096 0.1773 -0.9780
vn -0.1192 -0.5302 -0.8394
vn -0.9605 -0.1969 -0.1968
vn 0.7862 -0.0372 0.6168
vn -0.9552 0.1080 -0.2755
vn -0.9447 -0.1721 0.2792
vn -0.7985 -0.5448 0.2560
vn -0.9898 -0.1422 -0.0087
vn -0.6671 0.0984 0.7385
vn -0.8426 -0.0457 0.5367
vn -0.7728 0.6227 -0.1227
vn 0.8200 0.3430 -0.4583
vn -0.1616 0.3619 -0.9181
vn -0.8978 -0.3965 -0.1917
vn 0.3901 -0.3326 -0.8586
vn -0.5704 -0.0920 0.8162
vn 0.8397 -0.0808 -0.5371
vn -0.0115 -0.3191 0.9476
vn -0.9341 -0.1638 0.3172
vn -0.9339 -0.1645 0.3174
vn -0.9332 -0.1670 0.3182
vn -0.9330 -0.1676 0.3184
vn -0.1519 -0.9627 -0.2240
vn 0.3678 -0.9071 -0.2044
vn -0.5118 0.1747 0.8412
vn -0.8592 0.2921 0.4201
vn -0.4409 -0.7215 -0.5338
vn 0.0376 -0.5334 0.8450
vn -0.6852 -0.1786 -0.7062
vn -0.5051 -0.8455 0.1731
vn 0.5550 -0.0436 0.8307
vn -0.8622 -0.2498 -0.4406
vn -0.9526 0.1280 0.2760
vn 0.5578 -0.0315 0.8293
vn -0.1509 -0.4440 -0.8832
vn -0.9776 0.1877 -0.0953
vn -0.5913 0.5427 -0.5965
vn 0.8344 -0.0790 -0.5454
vn 0.8343 -0.0791 -0.5456
vn 0.8342 -0.0792 -0.5457
vn -0.7005 -0.1584 -0.6958
vn 0.8411 -0.5380 -0.0559
vn 0.4492 -0.8608 -0.2392
vn -0.9703 -0.2337 0.0629
vn -0.0855 0.6205 0.7795
vn 0.0102 0.4774 0.8786
vn 0.0082 0.4804 0.8770
vn 0.1911 0.7239 0.6629
vn 0.4998 -0.2560 0.8275
vn -0.7911 -0.2858 0.5408
vn -0.9392 0.3317 -0.0891
vn -0.3680 0.9268 -0.0749
vn 0.9387 -0.3097 0.1513
vn -0.6535 0.2132 0.7263
vn 0.1887 -0.6428 0.7424
vn 0.5437 -0.1649 0.8229
vn -0.1920 -0.3883 -0.9013
vn -0.1392 -0.8052 0.5764
vn 0.3677 -0.3941 0.8423
vn -0.1636 -0.4918 -0.8552
vn -0.5270 0.8460 0.0811
vn 0.0816 -0.9778 -0.1932
vn 0.9320 0.1169 -0.3430
vn 0.3246 0.5013 0.8021
vn 0.2390 -0.1005 -0.9658
vn 0.6701 -0.0512 0.7405
vn -0.7352 0.1767 0.6544
vn -0.8042 -0.5131 -0.2999
vn 0.3861 -0.4693 -0.7941
vn -0.0867 -0.0357 -0.9956
vn -0.2922 -0.3818 -0.8768
vn -0.6590 -0.1495 0.7371
vn -0.0995 -0.6702 0.7355
vn -0.4046 -0.0342 -0.9139
vn -0.9686 -0.1429 -0.2033
vn -0.6711 0.2069 0.7119
vn -0.1691 0.9786 -0.1175
vn 0.5812 0.5162 0.6290
vn -0.7182 0.0302 0.6952
vn -0.2794 -0.1550 -0.9476
vn -0.9016 -0.0763 -0.4258
vn 0.6096 -0.1043 0.7858
vn 0.9771 -0.1483 0.1529
vn 0.3641 -0.2816 -0.8878
vn -0.6405 0.5064 -0.5773
vn -0.4812 -0.5496 -0.6829
vn -0.8565 0.2972 0.4219
vn -0.8567 0.2929 0.4246
vn -0.8566 0.2968 0.4221
vn -0.8567 0.2927 0.4247
vn 0.8826 0.4431 -0.1570
vn 0.6265 -0.1456 0.7657
vn -0.8097 -0.3337 0.4828
vn 0.6416 -0.5023 0.5797
vn 0.8300 0.0439 0.5561
vn -0.5485 0.3290 0.7687
vn 0.6422 0.4993 -0.5816
vn 0.2833 -0.3319 0.8998
vn 0.6176 0.7771 0.1210
vn 0.8105 0.0081 -0.5857
vn 0.7735 -0.1277 0.6208
vn 0.6441 0.3368 -0.6868
vn -0.7279 -0.6854 -0.0191
vn -0.8051 0.1384 0.5768
vn -0.9343 0.0640 0.3508
vn 0.9730 -0.1355 0.1870
vn -0.7548 0.5591 0.3431
vn -0.3679 -0.2211 -0.9032
vn -0.3112 -0.3178 -0.8956
vn 0.9624 0.0363 0.2691
vn -0.9240 0.2185 0.3138
vn 0.0322 -0.0005 -0.9995
vn -0.3085 0.7912 0.5280
vn -0.0371 0.8227 0.5673
vn -0.0100 0.9993 0.0363
vn -0.6833 -0.7146 -0.1497
vn -0.6931 0.6827 0.2313
vn 0.8692 -0.0617 0.4905
vn -0.4892 -0.7710 0.4078
vn 0.8945 0.4223 -0.1469
vn 0.8219 0.1522 -0.5489
vn 0.6194 0.6970 -0.3613
vn 0.4003 0.5751 0.7134
vn -0.5321 -0.1230 -0.8377
vn -0.9536 -0.1595 0.2554
vn 0.3221 0.9251 -0.2012
vn 0.1614 0.1798 0.9704
vn -0.7414 0.5612 0.3678
vn 0.1863 0.2077 -0.9603
vn 0.9200 0.0938 -0.3805
vn 0.5157 0.6828 -0.5175
vn -0.6190 -0.6886 0.3778
vn 0.8380 0.5176 0.1730
vn -0.7671 0.3090 -0.5622
vn -0.8660 0.2543 0.4305
vn -0.8927 0.1474 -0.4257
vn -0.8173 0.3080 -0.4870
vn 0.8994 0.0166 0.4367
vn 0.4524 0.4217 0.7858
vn 0.5450 0.3002 0.7828
vn 0.8962 -0.3911 0.2097
vn 0.6945 0.1059 0.7116
vn -0.3489 -0.9036 -0.2485
vn -0.6235 0.5212 -0.5828
vn -0.9683 0.0674 0.2406
vn -0.6383 -0.5325 0.5558
vn -0.5229 0.8405 -0.1422
vn -0.9560 -0.1221 0.2668
vn 0.2546 -0.6033 -0.7558
vn -0.3952 -0.4849 -0.7802
vn -0.3684 -0.6365 0.6777
vn 0.2044 -0.8338 0.5128
vn 0.8575 0.3319 -0.3932
vn 0.7237 0.4876 -0.4884
vn 0.4121 0.0701 0.9084
vn 0.4145 0.0656 0.9077
vn 0.4141 0.0665 0.9078
vn 0.8397 -0.1028 -0.5332
vn -0.0490 -0.2148 -0.9754
vn -0.8647 0.2663 0.4259
vn -0.6355 0.5117 -0.5782
vn -0.6656 0.5079 -0.5468
vn 0.9089 0.0700 0.4112
vn -0.9910 -0.1310 -0.0277
vn 0.3242 -0.3102 0.8937
vn -0.8605 -0.4975 -0.1093
vn 0.8163 0.2936 0.4974
vn 0.6479 0.1000 0.7552
vn 0.4786 0.8661 0.1442
vn 0.0725 -0.0150 -0.9973
vn 0.2873 0.9074 -0.3067
vn 0.7158 -0.4943 0.4932
vn 0.2141 -0.8979 0.3847
vn 0.7852 0.1399 0.6033
vn 0.3443 0.2390 0.9079
vn 0.9944 -0.0663 -0.0827
vn 0.4719 -0.5505 -0.6887
vn -0.5815 0.7030 -0.4093
vn -0.9553 -0.0146 -0.2954
vn -0.2877 -0.4243 0.8586
vn 0.5972 -0.2735 0.7540
vn 0.3073 -0.1008 -0.9463
vn 0.7427 0.3863 -0.5470
vn 0.3037 -0.0458 0.9517
vn -0.0243 0.5818 0.8130
vn -0.7356 0.4746 -0.4833
vn 0.7944 -0.3320 0.5087
vn -0.7139 0.3626 0.5991
vn 0.0946 0.0209 0.9953
vn 0.6512 -0.4875 0.5817
vn -0.5401 0.3528 0.7640
vn -0.9557 0.2466 0.1604
vn 0.7305 -0.2655 -0.6292
vn -0.2583 -0.8780 0.4029
vn -0.0226 -0.6747 0.7377
vn 0.0556 0.5517 0.8322
vn 0.9441 0.2995 0.1375
vn 0.8202 0.2977 0.4885
vn 0.7640 -0.6142 0.1977
vn 0.2081 -0.1562 -0.9656
vn 0.9897 -0.0587 0.1308
vn 0.6477 0.2618 0.7155
vn -0.6603 0.2669 -0.7020
vn 0.1591 0.9299 -0.3317
vn -0.7683 -0.2095 0.6048
vn -0.7669 -0.2047 0.6083
vn -0.7696 -0.2102 0.6030
vn -0.7647 -0.2116 0.6086
vn -0.7684 -0.1899 0.6111
vn -0.8275 -0.3073 0.4698
vn -0.9192 0.3939 -0.0035
vn 0.6880 -0.7195 0.0942
vn -0.0545 0.3678 0.9283
vn -0.4361 0.8220 0.3662
vn 0.7041 -0.0267 -0.7096
vn -0.1198 -0.9429 0.3108
vn -0.3713 0.2769 0.8863
vn -0.3810 -0.4441 0.8109
vn -0.7111 -0.4065 0.5736
vn -0.9847 -0.1738 0.0104
vn 0.5383 0.0270 0.8423
vn 0.8677 -0.4782 0.1357
vn -0.6834 -0.3423 -0.6448
vn -0.6835 -0.3428 -0.6445
vn -0.6827 -0.3396 -0.6470
vn 0.5552 0.6638 -0.5011
vn 0.9740 -0.1180 0.1933
vn 0.0355 -0.9125 0.4076
vn -0.9673 0.0437 0.2497
vn -0.7172 -0.2039 0.6664
vn 0.4202 -0.0695 0.9048
vn 0.9379 -0.3018 -0.1708
vn 0.9392 -0.2982 -0.1703
vn 0.9390 -0.2987 -0.1704
vn 0.3612 0.3180 -0.8766
vn -0.6289 0.0513 0.7758
vn 0.9110 -0.4026 -0.0887
vn 0.3089 -0.7324 0.6068
vn -0.3862 0.5190 0.7625
vn -0.7682 0.4860 -0.4168
vn -0.5567 0.8071 0.1968
vn -0.8329 0.4758 0.2828
vn -0.4949 0.4228 -0.7592
vn -0.1400 0.3064 0.9415
vn -0.6770 -0.0614 0.7334
vn -0.6491 -0.0955 0.7547
vn -0.5253 0.6787 0.5133
vn 0.8976 0.2951 0.3273
vn 0.5951 -0.0068 0.8036
vn 0.1968 0.3245 0.9252
vn 0.9694 -0.0360 0.2430
vn -0.9962 -0.0617 0.0620
vn -0.8471 0.4094 0.3387
vn 0.7426 -0.1920 0.6416
vn -0.0959 -0.2823 0.9545
vn 0.0649 -0.4377 0.8968
vn 0.9865 -0.0351 -0.1601
vn 0.9850 -0.0365 -0.1685
vn 0.9868 -0.0347 -0.1579
vn 0.0547 -0.4896 0.8702
vn 0.3108 0.5564 0.7706
vn -0.8407 0.2537 -0.4784
vn 0.8459 -0.0726 0.5284
vn 0.5432 0.2547 0.8001
vn 0.5432 0.2547 0.8000
vn 0.5430 0.2546 0.8002
vn 0.0428 -0.8969 0.4402
vn 0.0376 -0.8972 0.4401
vn 0.9845 -0.0370 -0.1713
vn 0.9393 0.0567 0.3384
vn 0.6574 0.4357 0.6148
vn -0.8233 0.0436 0.5660
vn -0.8183 -0.2032 0.5377
vn 0.5060 0.4966 0.7052
vn 0.6826 0.6361 0.3598
vn -0.6979 0.1430 0.7018
vn -0.8762 -0.4745 -0.0843
vn 0.9394 -0.0539 0.3387
vn -0.9906 0.1343 0.0272
vn 0.5589 0.2495 0.7908
vn 0.9033 -0.4225 -0.0746
vn -0.7641 -0.0869 -0.6392
vn 0.7430 -0.2107 0.6353
vn 0.9940 0.0651 0.0878
vn -0.8450 -0.3573 0.3979
vn 0.8409 0.0010 0.5411
vn -0.1301 -0.4021 0.9063
vn -0.2173 -0.3712 0.9028
vn 0.5366 0.4114 -0.7368
vn -0.0222 -0.4937 0.8693
vn 0.0812 0.1058 -0.9911
vn -0.0890 0.4796 -0.8730
vn -0.1009 0.4797 -0.8716
vn -0.0997 0.4797 -0.8718
vn 0.9045 -0.0289 0.4255
vn 0.0991 -0.2069 -0.9733
vn 0.0036 0.6053 -0.7960
vn 0.7209 0.4213 0.5503
vn -0.1471 0.2362 0.9605
vn 0.3676 0.2904 0.8835
vn -0.9067 0.2787 -0.3167
vn 0.4763 0.0574 0.8774
vn -0.4632 0.2251 0.8572
vn -0.0879 0.7426 0.6640
vn 0.2600 0.7241 0.6388
vn 0.2062 0.7416 0.6384
vn -0.7577 0.6385 0.1350
vn -0.9492 0.2501 0.1908
vn 0.4268 -0.0361 0.9036
vn 0.9954 0.0450 0.0851
vn -0.1393 -0.4480 -0.8831
vn 0.5132 0.5937 -0.6198
vn 0.8507 0.4495 -0.2724
vn 0.2033 0.3650 -0.9085
vn 0.1256 -0.5886 0.7986
vn 0.3102 0.1565 -0.9377
vn 0.8058 -0.1495 0.5730
vn 0.9418 -0.3290 -0.0689
vn -0.7556 0.4092 -0.5115
vn -0.5663 0.3146 0.7618
vn 0.6270 0.5427 -0.5589
vn 0.2284 0.7304 -0.6437
vn -0.7999 -0.4147 -0.4338
vn -0.5056 0.3637 0.7823
vn 0.8874 -0.1665 0.4300
vn 0.6270 0.1704 0.7602
vn 0.4557 -0.8442 -0.2820
vn 0.3660 -0.1181 0.9231
vn 0.5837 0.1771 -0.7925
vn 0.5523 -0.8140 0.1799
vn 0.0505 -0.3697 0.9278
vn -0.0099 0.0804 -0.9967
vn -0.1143 0.6135 -0.7814
vn -0.5670 -0.2066 0.7974
vn 0.8598 0.0018 0.5106
vn 0.9153 0.0682 0.3971
vn 0.3226 -0.7030 0.6338
vn 0.1858 0.5584 0.8085
vn 0.3012 -0.5049 0.8089
vn 0.2336 -0.2965 0.9260
vn -0.9923 -0.0652 0.1052
vn 0.9697 0.0248 -0.2431
vn -0.4382 0.0246 0.8986
vn -0.4397 0.0208 0.8979
vn -0.4401 0.0198 0.8977
vn 0.7557 0.3756 -0.5365
vn -0.9064 -0.0507 0.4194
vn -0.9670 -0.0949 0.2363
vn 0.5906 0.5769 -0.5643
vn -0.9861 0.0425 -0.1607
vn 0.9216 0.3881 -0.0015
vn 0.8393 0.1909 -0.5091
vn -0.7694 0.0597 0.6360
vn -0.8908 -0.3087 0.3335
vn -0.6156 -0.3311 -0.7152
vn -0.5431 -0.0567 -0.8377
vn 0.0126 0.8364 -0.5480
vn 0.2837 -0.4752 0.8329
vn -0.7533 -0.6179 0.2252
vn -0.7536 -0.6160 0.2294
vn -0.7535 -0.6165 0.2284
vn 0.9392 -0.2981 -0.1703
vn -0.7107 -0.0013 0.7035
vn 0.4980 -0.0456 -0.8660
vn -0.0357 0.0680 0.9970
vn -0.2500 0.3656 0.8966
vn -0.2532 0.3638 0.8964
vn -0.2541 0.3633 0.8964
vn 0.2280 0.4082 -0.8840
vn -0.6826 -0.3391 -0.6474
vn 0.5721 0.2362 -0.7855
vn 0.6917 0.5511 -0.4667
vn 0.7305 0.6596 -0.1766
vn -0.1289 -0.0568 0.9900
vn 0.0989 -0.5885 0.8025
vn 0.8716 -0.1337 0.4717
vn 0.1725 0.3919 0.9037
vn 0.5988 0.8009 -0.0017
vn 0.9919 0.1269 -0.0095
vn 0.8947 -0.4186 -0.1558
vn -0.1711 -0.6261 -0.7607
vn -0.2291 -0.6138 -0.7555
vn -0.8351 0.0836 -0.5437
vn 0.3280 0.3156 -0.8904
vn -0.2918 -0.0507 -0.9551
vn -0.8688 -0.1548 0.4703
vn 0.2072 0.2367 0.9492
vn -0.9671 -0.0303 0.2526
vn 0.7905 0.4971 0.3578
vn -0.2811 0.3782 -0.8820
vn 0.0565 0.1892 -0.9803
vn -0.6841 0.3675 -0.6300
vn -0.7974 0.0890 0.5968
vn 0.8286 -0.5597 -0.0160
vn -0.4676 -0.1761 0.8662
vn 0.8335 -0.5153 0.1996
vn 0.0721 0.9974 -0.0049
vn 0.3641 0.0996 -0.9260
vn 0.7703 0.5350 -0.3470
vn -0.5258 -0.5119 -0.6794
vn 0.1769 0.9315 0.3178
vn 0.1875 0.3835 -0.9043
vn 0.6697 0.0594 0.7402
vn 0.6691 0.0583 0.7409
vn 0.6677 0.0561 0.7423
vn -0.5093 0.0027 0.8606
vn -0.6894 -0.2875 0.6648
vn -0.5725 0.7718 -0.2767
vn 0.5989 -0.1722 0.7821
vn -0.5807 0.1147 -0.8060
vn 0.1596 -0.1198 0.9799
vn -0.1032 0.8281 -0.5511
vn 0.3034 0.1144 0.9460
vn 0.1605 0.9535 -0.2552
vn 0.6137 -0.3845 0.6896
vn -0.9310 0.0171 -0.3647
vn 0.9589 -0.0091 -0.2835
vn -0.8782 0.4614 -0.1260
vn 0.7699 -0.1075 0.6290
vn -0.9562 -0.0474 0.2889
vn 0.2349 -0.4708 -0.8504
vn -0.7007 -0.6898 0.1823
vn -0.8154 -0.1750 -0.5518
vn -0.6289 -0.2509 0.7359
vn -0.2514 0.0627 -0.9659
vn -0.9415 -0.2121 0.2619
vn -0.8559 -0.4828 0.1850
vn -0.7659 -0.6420 -0.0342
vn 0.1367 0.2696 0.9532
vn 0.1888 -0.2507 0.9495
vn 0.7680 0.4335 0.4715
vn 0.8044 -0.2003 0.5593
vn 0.6967 0.2534 0.6711
vn -0.8834 0.4283 -0.1901
vn -0.2631 0.5343 0.8033
vn 0.4569 0.2214 -0.8615
vn 0.9672 -0.1379 0.2133
vn 0.8142 0.1008 0.5718
vn -0.4141 0.2187 0.8836
vn -0.4920 -0.5069 -0.7078
vn -0.2444 0.1947 -0.9499
vn -0.2446 0.1950 -0.9498
vn -0.2434 0.1928 -0.9506
vn 0.5970 -0.2918 -0.7473
vn -0.8776 -0.3091 -0.3663
vn -0.1119 0.3445 0.9321
vn -0.6998 0.7065 0.1057
vn 0.9219 0.2890 0.2580
vn 0.4661 0.4561 0.7581
vn -0.2569 0.3903 -0.8841
vn 0.7659 -0.6260 -0.1470
vn -0.6782 -0.6653 0.3121
vn 0.9203 -0.2603 -0.2919
vn -0.7894 0.0427 -0.6124
vn -0.9763 0.2140 -0.0322
vn -0.9604 -0.1474 -0.2364
vn 0.7478 -0.0722 0.6600
vn -0.9648 0.2626 0.0135
vn 0.5954 0.0222 0.8032
vn 0.6825 0.1650 0.7120
vn -0.3748 -0.2172 0.9013
vn 0.5529 -0.4943 -0.6708
vn 0.7689 -0.2586 -0.5847
vn 0.4944 0.2507 0.8323
vn -0.3518 0.0632 -0.9340
vn -0.5951 -0.2362 0.7681
vn -0.6524 0.2714 0.7076
vn 0.6382 -0.1650 0.7520
vn -0.5965 0.6504 -0.4703
vn 0.4851 -0.5326 0.6935
vn 0.2630 -0.3098 0.9137
vn -0.5751 -0.6199 0.5338
vn -0.0052 0.9110 0.4123
vn 0.6316 -0.1677 0.7570
vn -0.3366 0.2509 0.9076
vn -0.1259 -0.8515 0.5090
vn 0.0118 -0.0459 0.9989
vn 0.5354 -0.3973 -0.7453
vn 0.5353 -0.4004 -0.7437
vn 0.5354 -0.3965 -0.7458
vn 0.3475 0.3822 0.8563
vn -0.6817 0.6273 -0.3764
vn 0.7590 -0.6373 -0.1329
vn -0.7801 -0.6211 -0.0755
vn -0.4044 0.1162 -0.9071
vn -0.2434 -0.7611 0.6012
vn 0.7170 -0.3969 -0.5730
vn 0.5976 0.4226 0.6813
vn -0.3034 0.1236 -0.9448
vn 0.9093 -0.0375 0.4144
vn -0.9428 0.3330 0.0149
vn 0.8847 -0.2723 0.3783
vn 0.7476 -0.1017 0.6563
vn 0.4166 0.5232 0.7434
vn 0.4534 0.8815 0.1318
vn 0.8000 0.5844 0.1358
vn 0.7716 0.2224 0.5959
vn 0.7757 0.2197 0.5917
vn 0.7748 0.2202 0.5926
vn 0.9507 0.1487 -0.2721
vn 0.9902 -0.1297 0.0521
vn -0.9589 -0.2520 0.1303
vn 0.2594 0.4072 -0.8757
vn -0.8630 -0.2266 0.4515
vn 0.8607 0.4190 -0.2891
vn 0.9607 0.0114 0.2772
vn -0.2845 -0.8980 0.3357
vn -0.9265 0.2795 0.2521
vn -0.1283 -0.3325 -0.9343
vn 0.9502 -0.0411 0.3090
vn 0.4340 -0.0290 0.9005
vn 0.9071 -0.4098 -0.0961
vn -0.1898 0.1940 -0.9625
vn -0.3392 0.2820 -0.8975
vn -0.3016 -0.1783 -0.9366
vn 0.5912 -0.2285 0.7735
vn 0.9276 0.2274 0.2964
vn 0.6123 0.5433 0.5744
vn 0.9672 0.2000 0.1563
vn -0.1617 0.1100 0.9807
vn -0.5729 0.4689 0.6723
vn 0.5298 -0.4632 0.7104
vn -0.8961 0.3436 0.2810
vn -0.0164 -0.8165 0.5771
vn -0.3403 -0.7595 0.5544
vn 0.4416 0.8574 0.2643
vn -0.9063 0.3731 -0.1984
vn 0.3198 -0.9231 0.2134
vn 0.8577 0.1917 -0.4772
vn 0.2656 0.0904 -0.9598
vn -0.5981 -0.5666 0.5668
vn 0.0592 -0.4309 -0.9004
vn -0.2067 0.3632 -0.9085
vn 0.9197 0.2410 0.3100
vn -0.2518 0.3004 0.9200
vn 0.5094 -0.2136 0.8336
vn 0.3306 -0.4341 -0.8380
vn -0.1423 -0.2086 -0.9676
vn 0.0576 0.6010 -0.7972
vn 0.2956 -0.7889 0.5388
vn -0.2806 -0.6260 0.7276
vn -0.3266 -0.7082 -0.6259
vn 0.4020 0.2782 0.8724
vn 0.0462 -0.4410 -0.8963
vn -0.4111 0.2173 0.8853
vn -0.9204 -0.0280 0.3899
vn -0.2805 -0.4581 0.8435
vn -0.3590 -0.3675 -0.8580
vn -0.3576 -0.3659 -0.8592
vn -0.3577 -0.3660 -0.8591
vn -0.8146 0.4052 0.4151
vn -0.0978 -0.1604 0.9822
vn -0.0322 -0.3741 0.9268
vn -0.9169 -0.1527 -0.3687
vn 0.5434 0.2549 0.7999
vn 0.6083 0.4729 0.6374
vn -0.8978 0.1730 0.4050
vn -0.4724 -0.0936 -0.8764
vn -0.1686 -0.1374 0.9761
vn -0.1999 -0.8314 0.5184
vn -0.1729 -0.6675 -0.7243
vn -0.8572 -0.5015 -0.1169
vn -0.7789 0.4520 0.4348
vn 0.8442 -0.4395 0.3068
vn -0.3528 0.8541 0.3821
vn 0.5523 0.3623 -0.7507
vn -0.6550 0.3555 0.6668
vn -0.6309 0.7011 0.3323
vn 0.1622 0.0121 0.9867
vn 0.2658 -0.9621 0.0604
vn 0.5839 0.7921 -0.1779
vn -0.9843 -0.0008 0.1765
vn 0.6099 0.2809 0.7410
vn 0.0834 -0.9183 0.3869
vn 0.7811 0.1062 -0.6153
vn 0.3472 -0.4695 -0.8118
vn -0.9291 0.3298 0.1674
vn -0.0744 0.7160 0.6941
vn 0.8368 0.5205 -0.1701
vn -0.2990 0.7145 0.6325
vn -0.3506 0.6914 0.6317
vn -0.9280 -0.3590 0.0993
vn 0.9867 0.0874 -0.1374
vn -0.0032 0.4129 -0.9108
vn 0.5954 0.8026 0.0361
vn -0.6624 0.7250 0.1888
vn -0.6628 0.7246 0.1888
vn -0.6664 0.7212 0.1890
vn -0.5480 0.8278 0.1202
vn 0.2726 0.0295 -0.9617
vn 0.6537 0.5244 -0.5456
vn 0.7366 -0.5924 0.3263
vn 0.6599 0.0917 0.7457
vn -0.1255 0.3652 -0.9224
vn 0.9913 -0.1238 0.0440
vn -0.9737 -0.1560 -0.1659
vn -0.9740 -0.1542 -0.1662
vn -0.9741 -0.1528 -0.1664
vn 0.8701 -0.4428 -0.2163
vn -0.2421 0.1905 -0.9514
vn -0.9308 0.3245 -0.1681
vn -0.9386 0.2655 -0.2201
vn 0.7795 0.5937 0.2000
vn 0.4857 0.4002 -0.7771
vn 0.9445 -0.1649 0.2842
vn 0.6920 -0.6875 -0.2203
vn 0.8940 -0.1557 -0.4202
vn -0.4003 -0.8903 0.2172
vn -0.0552 0.1149 0.9918
vn 0.0809 -0.1298 -0.9882
vn -0.8017 0.5673 -0.1885
vn 0.4240 0.3510 0.8349
vn -0.5655 0.5193 0.6407
vn -0.2212 0.8166 0.5331
vn -0.4556 0.1971 0.8681
vn -0.7475 -0.1818 0.6389
vn 0.2012 -0.1945 -0.9600
vn -0.7033 0.1816 -0.6873
vn -0.4996 0.7993 0.3340
vn -0.2882 -0.2369 0.9278
vn 0.0679 0.4885 -0.8699
vn 0.0670 0.4884 -0.8700
vn 0.0684 0.4885 -0.8699
vn -0.4505 0.5684 -0.6885
vn -0.2562 0.4544 0.8531
vn 0.7442 -0.0376 0.6669
vn 0.9885 -0.0471 -0.1437
vn -0.8023 0.3660 0.4715
vn -0.4512 0.2477 0.8574
vn -0.2022 0.1604 0.9661
vn -0.8203 0.2783 0.4997
vn 0.9214 0.0684 0.3825
vn -0.8275 -0.5379 0.1612
vn 0.5802 -0.7600 0.2927
vn -0.8841 0.3811 0.2704
vn 0.0297 0.3818 -0.9238
vn 0.6968 0.5435 0.4680
vn -0.0756 -0.1154 0.9904
vn 0.6371 0.0887 0.7657
vn 0.8196 0.3427 -0.4591
vn -0.5209 0.3575 -0.7752
vn 0.4282 -0.2362 0.8723
vn 0.2371 0.6196 0.7483
vn 0.5917 -0.4287 -0.6827
vn -0.8729 -0.3182 -0.3699
vn 0.8728 0.2026 0.4440
vn -0.5265 -0.4886 -0.6957
vn -0.9787 -0.1840 -0.0911
vn -0.8709 0.2536 0.4209
vn -0.3055 0.7445 0.5936
vn -0.7126 0.0903 0.6958
vn -0.7748 0.3409 0.5325
vn -0.7747 0.3409 0.5325
vn -0.7750 0.3407 0.5322
vn -0.9191 -0.3783 0.1100
vn -0.9636 -0.1707 -0.2057
vn -0.9819 -0.0777 0.1729
vn -0.4937 -0.5180 0.6985
vn 0.9665 -0.2537 -0.0377
vn 0.9666 -0.2536 -0.0374
vn 0.9675 -0.2509 -0.0305
vn 0.5353 -0.4010 -0.7434
vn -0.8220 0.2389 0.5169
vn 0.8043 -0.4790 0.3517
vn 0.7274 0.5818 0.3639
vn 0.2695 -0.5028 0.8213
vn 0.4659 -0.7448 0.4777
vn 0.5002 0.4087 -0.7634
vn -0.6133 -0.7541 -0.2351
vn -0.6107 -0.7561 -0.2353
vn -0.6092 -0.7572 -0.2355
vn 0.8511 -0.0248 0.5245
vn 0.0333 -0.9826 0.1825
vn 0.9052 -0.0602 0.4207
vn 0.0490 -0.1518 0.9872
vn 0.8471 0.5314 -0.0100
vn 0.1170 -0.8379 -0.5331
vn -0.0868 0.3439 0.9350
vn 0.8345 -0.0789 -0.5453
vn 0.8858 -0.3837 0.2611
vn 0.8168 0.4614 -0.3463
vn -0.8452 -0.0588 0.5312
vn 0.0600 0.2492 -0.9666
vn -0.5703 0.3022 -0.7638
vn -0.6800 0.4740 0.5594
vn 0.6570 0.4361 0.6150
vn 0.8385 0.4817 0.2546
vn 0.7537 -0.1641 0.6364
vn 0.9973 -0.0601 -0.0431
vn -0.3357 0.0802 0.9385
vn 0.0470 0.1501 0.9876
vn 0.1079 0.4756 0.8730
vn -0.0542 0.9964 0.0658
vn -0.0475 0.9967 0.0659
vn 0.8422 0.5343 -0.0725
vn -0.4829 -0.0810 -0.8719
vn -0.5575 -0.0317 0.8296
vn 0.3109 -0.5849 -0.7492
vn -0.2670 -0.3614 0.8934
vn -0.0995 0.4356 0.8946
vn -0.0473 -0.1402 0.9890
vn 0.8739 -0.3102 0.3743
vn 0.9971 0.0236 0.0725
vn 0.6630 0.1868 0.7249
vn 0.8838 0.3237 -0.3377
vn 0.9837 0.1133 0.1394
vn 0.9838 0.1127 0.1394
vn 0.9833 0.1169 0.1393
vn -0.1115 0.1322 -0.9849
vn -0.0690 0.0977 -0.9928
vn 0.7812 0.2022 0.5906
vn -0.4540 0.0032 0.8910
vn -0.3340 0.3772 -0.8638
vn -0.8985 0.4379 -0.0304
vn -0.7307 -0.2896 0.6182
vn 0.4683 0.4110 0.7822
vn 0.7424 -0.3971 0.5396
vn 0.9358 -0.2005 0.2900
vn -0.8374 0.2784 0.4704
vn -0.8429 -0.3702 0.3905
vn -0.1017 0.9059 0.4112
vn -0.7162 -0.2097 0.6656
vn 0.8445 -0.3436 0.4108
vn -0.5679 -0.2457 0.7856
vn -0.4759 0.5282 0.7032
vn -0.0608 0.9960 0.0657
vn -0.4680 0.1590 -0.8693
vn 0.7558 -0.2138 0.6189
vn 0.9946 -0.0783 -0.0682
vn 0.5202 0.8456 -0.1200
vn 0.5770 0.7910 0.2032
vn 0.5761 0.7917 0.2032
vn 0.5766 0.7914 0.2032
vn 0.7415 0.6483 -0.1727
vn -0.6846 -0.0197 0.7287
vn 0.0732 -0.8776 0.4738
vn 0.0645 0.9611 0.2685
vn 0.8744 -0.4504 0.1805
vn -0.2490 0.5802 -0.7755
vn 0.5747 -0.6355 0.5157
vn 0.3176 -0.0181 -0.9480
vn -0.9986 0.0507 0.0152
vn 0.3228 0.5045 0.8008
vn 0.4073 -0.4019 0.8201
vn 0.7679 0.3868 0.5106
vn -0.6864 -0.4724 -0.5528
vn 0.9070 0.3954 -0.1451
vn -0.7158 -0.2517 0.6513
vn 0.4663 0.4724 -0.7479
vn -0.4479 -0.0531 0.8925
vn 0.3418 -0.8224 0.4549
vn -0.7808 -0.1128 -0.6145
vn -0.7614 -0.2287 0.6066
vn 0.8474 -0.4033 0.3453
vn -0.1781 0.9840 -0.0078
vn -0.6856 -0.1840 0.7044
vn -0.0032 0.2360 0.9717
vn 0.0715 0.3586 0.9307
vn 0.0415 -0.9405 0.3373
vn 0.0464 -0.9402 0.3374
vn -0.6619 0.7254 0.1888
vn -0.8734 0.0973 -0.4772
vn 0.6536 0.1754 0.7363
vn 0.5673 0.2433 -0.7867
vn -0.8701 0.3364 0.3603
vn -0.4782 0.3027 0.8244
vn 0.0747 0.6292 0.7736
vn -0.0570 -0.0666 0.9961
vn 0.9274 0.0088 -0.3740
vn 0.1004 -0.8022 0.5885
vn -0.7691 0.5263 0.3626
vn 0.4673 0.0026 -0.8841
vn -0.9887 -0.0049 0.1499
vn 0.0922 0.3916 -0.9155
vn -0.5461 -0.8168 -0.1860
vn 0.8652 0.1795 -0.4682
vn 0.3732 0.7187 -0.5866
vn -0.7659 -0.4156 0.4905
vn -0.5850 -0.4487 0.6756
vn 0.0767 0.3011 0.9505
vn 0.9868 0.1570 0.0383
vn 0.1337 -0.0596 -0.9892
vn 0.1473 -0.0646 -0.9870
vn 0.3472 -0.4028 0.8469
vn -0.5855 0.1941 0.7871
vn 0.7772 -0.0031 -0.6292
vn 0.9910 0.0078 0.1335
vn 0.8475 0.4370 0.3013
vn 0.8448 0.4987 0.1939
vn -0.9931 0.0114 0.1163
vn -0.2221 -0.3205 0.9209
vn -0.0381 -0.2189 -0.9750
vn -0.5275 0.3577 0.7706
vn 0.2446 0.8381 -0.4875
vn 0.6715 0.1449 -0.7267
vn 0.4629 0.1637 -0.8711
vn -0.2804 0.4004 -0.8724
vn 0.6295 0.1873 -0.7541
vn 0.5089 -0.0279 -0.8604
vn 0.5930 -0.4519 -0.6664
vn -0.5949 0.1558 0.7886
vn 0.6625 0.0104 0.7490
vn -0.3342 0.9404 0.0637
vn -0.3330 0.9407 0.0642
vn -0.3277 0.9424 0.0666
vn -0.0134 0.3161 0.9486
vn -0.8337 0.1620 0.5279
vn -0.6250 -0.2127 0.7511
vn 0.8352 0.0119 0.5499
vn -0.7276 0.1235 0.6748
vn -0.7215 0.6532 0.2298
vn -0.1160 0.1618 -0.9800
vn -0.5300 -0.6450 0.5505
vn -0.7893 0.4368 0.4316
vn -0.0210 0.9755 0.2189
vn -0.7430 -0.3895 0.5443
vn -0.7084 -0.2941 0.6416
vn 0.0645 -0.1079 0.9921
vn -0.2247 0.7160 0.6610
vn -0.9794 -0.1519 0.1330
vn 0.7649 0.2662 0.5865
vn -0.3942 -0.5969 -0.6988
vn 0.3678 0.2605 0.8927
vn 0.5596 -0.4506 -0.6955
vn -0.2495 -0.3372 0.9078
vn 0.6582 -0.6728 0.3377
vn -0.6421 -0.5581 -0.5256
vn 0.6017 0.1172 0.7901
vn -0.9773 -0.1572 0.1420
vn 0.6529 0.7544 -0.0677
vn -0.3843 -0.4345 0.8146
vn -0.9516 -0.2407 0.1909
vn 0.8079 -0.5358 0.2454
vn 0.7937 -0.5573 0.2439
vn 0.8197 0.2268 0.5260
vn 0.5760 0.7032 0.4168
vn -0.3750 0.4806 -0.7927
vn -0.2042 -0.1225 -0.9712
vn -0.5512 0.2250 0.8034
vn 0.0041 -0.7411 0.6713
vn 0.3413 -0.8459 0.4099
vn -0.0145 -0.8450 -0.5346
vn -0.5603 -0.5829 -0.5885
vn -0.0073 0.7469 0.6649
vn 0.7236 -0.3686 0.5835
vn 0.8579 -0.4873 0.1630
vn -0.6571 -0.4705 -0.5890
vn 0.5445 0.7641 0.3460
vn -0.8875 -0.0461 0.4586
vn 0.4626 0.8617 0.2086
vn 0.2422 0.2151 -0.9461
vn 0.3082 -0.4266 0.8503
vn -0.1628 -0.9851 0.0555
vn -0.6808 0.7323 -0.0166
vn 0.7615 0.6482 0.0059
vn -0.8607 0.4956 0.1164
vn 0.5116 0.3723 0.7743
vn 0.3352 0.3143 0.8882
vn 0.8644 -0.1371 -0.4837
vn 0.7672 -0.1468 0.6244
vn -0.9902 0.1220 0.0674
vn -0.6846 0.6014 0.4119
vn -0.4546 -0.3569 0.8160
vn -0.3232 0.0800 0.9429
vn 0.1561 -0.5019 -0.8507
vn 0.9475 0.0190 0.3192
vn -0.6400 0.7317 -0.2347
vn -0.9473 -0.1427 0.2869
vn 0.7713 0.2226 0.5963
vn 0.7720 0.2228 0.5953
vn -0.3229 0.5542 0.7672
vn 0.1783 0.9585 -0.2225
vn -0.0495 0.5875 0.8077
vn -0.0498 0.5871 0.8080
vn -0.0508 0.5861 0.8086
vn 0.1920 0.3877 0.9016
vn 0.1879 0.3895 0.9017
vn 0.1887 0.3891 0.9017
vn 0.4702 0.2265 0.8530
vn 0.6814 0.5288 -0.5061
vn 0.8551 0.0124 0.5184
vn 0.3435 0.0621 0.9371
vn 0.9806 -0.0290 -0.1941
vn 0.8207 -0.5567 0.1290
vn -0.2923 0.9390 0.1813
vn 0.3114 -0.3923 0.8656
vn 0.9580 0.0879 -0.2731
vn -0.5736 0.6244 -0.5302
vn -0.4777 0.2203 0.8505
vn -0.7630 -0.5595 0.3237
vn -0.6609 0.7254 -0.1924
vn -0.1258 -0.2320 0.9645
vn -0.4904 0.0076 -0.8715
vn -0.8996 0.4352 0.0367
vn -0.2162 -0.3357 -0.9168
vn -0.5367 -0.5311 -0.6557
vn 0.4497 -0.2776 0.8489
vn 0.7000 0.6049 0.3796
vn -0.9094 -0.1350 0.3933
vn -0.5028 -0.2678 0.8219
vn -0.9553 0.2433 0.1682
vn 0.9909 0.0410 0.1283
vn 0.9209 0.1316 0.3668
vn 0.1983 -0.4054 -0.8924
vn 0.3935 -0.6299 0.6696
vn -0.9060 -0.0801 0.4157
vn 0.0898 -0.8110 0.5781
vn 0.4046 0.3606 -0.8404
vn -0.6596 -0.4791 0.5791
vn 0.0663 0.3757 0.9244
vn 0.8746 -0.4293 -0.2253
vn 0.8226 -0.1153 0.5567
vn -0.4627 0.8702 -0.1694
vn 0.8569 -0.3621 -0.3668
vn -0.7131 0.4241 0.5582
vn 0.4066 -0.7194 0.5631
vn 0.2104 0.7722 0.5996
vn 0.9142 0.0210 -0.4046
vn -0.8440 0.5045 0.1821
vn -0.8470 0.4984 0.1849
vn -0.8479 0.4965 0.1858
vn 0.8059 0.1144 -0.5809
vn -0.7975 -0.3128 -0.5158
vn 0.4422 0.3183 0.8385
vn 0.7379 -0.1180 -0.6646
vn 0.0269 0.8350 -0.5495
vn 0.1086 0.5867 0.8025
vn 0.9605 0.0286 -0.2769
vn -0.0849 0.4790 0.8737
vn 0.6582 0.4347 -0.6147
vn 0.0480 -0.8966 0.4403
vn -0.9496 -0.2806 -0.1400
vn -0.8102 0.3445 0.4743
vn -0.3754 0.8719 -0.3144
vn 0.7867 0.3370 0.5172
vn 0.0473 -0.9529 0.2996
vn 0.0475 -0.9529 0.2996
vn -0.4353 -0.8030 0.4071
vn -0.4633 0.4218 0.7794
vn -0.7593 -0.6413 0.1106
vn -0.4633 -0.2738 0.8428
vn 0.0123 -0.7286 0.6848
vn 0.7777 0.2739 0.5658
vn 0.7250 0.1061 0.6805
vn -0.1194 0.2252 0.9670
vn -0.8908 -0.0085 0.4543
vn 0.9777 0.0497 0.2038
vn -0.9727 -0.1888 0.1352
vn 0.9485 -0.1311 0.2884
vn 0.4185 0.9055 -0.0707
vn 0.4145 0.2801 -0.8659
vn 0.7947 -0.6070 -0.0016
vn -0.3874 0.2756 0.8798
vn -0.9742 -0.1523 -0.1665
vn -0.0856 0.1430 0.9860
vn 0.5679 0.0087 0.8231
vn 0.3309 0.0722 0.9409
vn -0.8894 0.1166 -0.4420
vn 0.9968 -0.0273 0.0756
vn -0.7533 -0.6184 0.2241
vn -0.7512 -0.1177 0.6495
vn -0.7694 -0.0066 0.6387
vn -0.2641 -0.9410 -0.2118
vn -0.8643 -0.4022 0.3020
vn -0.8952 -0.3333 0.2957
vn -0.0199 0.4124 -0.9108
vn -0.5318 0.2653 0.8042
vn 0.8802 -0.4000 -0.2554
vn -0.0067 0.3704 0.9288
vn -0.6579 0.2656 0.7047
vn 0.6292 0.2759 0.7266
vn -0.9270 0.1179 -0.3560
vn 0.3736 -0.8635 0.3389
vn 0.9587 0.0729 0.2750
vn 0.8320 -0.2248 0.5071
vn 0.0407 0.5389 0.8414
vn 0.0663 0.5520 0.8312
vn -0.3700 0.8967 -0.2432
vn -0.9890 -0.0983 0.1105
vn 0.4716 0.5806 -0.6637
vn -0.2950 0.8068 -0.5120
vn -0.1844 0.1880 -0.9647
vn -0.1847 0.1878 -0.9647
vn -0.1849 0.1877 -0.9647
vn 0.0426 -0.3301 0.9430
vn -0.8846 -0.2577 -0.3887
vn 0.8815 0.2425 -0.4051
vn -0.9289 -0.0295 0.3691
vn 0.0578 0.4877 -0.8711
vn -0.9805 -0.1643 0.1078
vn -0.2510 0.3841 -0.8885
vn -0.8683 0.0866 -0.4883
vn 0.6539 -0.0791 0.7524
vn 0.9509 -0.0705 0.3013
vn 0.8380 -0.1693 0.5188
vn 0.6488 -0.1642 -0.7431
vn -0.3561 -0.8878 -0.2915
vn 0.4965 -0.7046 0.5071
vn -0.8745 -0.2601 0.4094
vn -0.8164 0.3021 0.4921
vn 0.4103 -0.1794 -0.8941
vn -0.6296 0.3368 0.7002
vn -0.7993 -0.5276 0.2877
vn 0.4030 0.6141 -0.6786
vn -0.9601 -0.2216 0.1708
vn 0.7273 0.4300 -0.5348
vn -0.9828 -0.1021 0.1538
vn 0.0751 -0.0569 0.9956
vn 0.9478 0.2324 0.2181
vn -0.2426 -0.1862 -0.9521
vn -0.9795 -0.1425 0.1426
vn -0.4307 -0.7502 -0.5017
vn -0.0745 0.9652 -0.2507
vn -0.0748 0.9652 -0.2506
vn -0.0744 0.9652 -0.2507
vn -0.5502 -0.0494 -0.8336
vn 0.1105 0.0138 0.9938
vn 0.6664 -0.5473 -0.5064
vn -0.8101 -0.4404 -0.3870
vn -0.8238 0.1136 -0.5554
vn 0.9834 0.1376 0.1182
vn 0.4116 0.0709 0.9086
vn -0.8500 -0.5177 0.0971
vn 0.3814 0.9090 0.1681
vn 0.8683 -0.2786 0.4104
vn -0.0446 0.2338 0.9713
vn -0.9248 0.0368 -0.3787
vn -0.7343 0.3585 0.5764
vn -0.1176 0.5304 0.8396
vn -0.4486 -0.0852 -0.8896
vn 0.0494 -0.7267 0.6852
vn 0.3519 0.9334 -0.0698
vn -0.5154 0.5278 -0.6752
vn -0.1503 0.2842 0.9469
vn 0.1239 0.3417 0.9316
vn -0.4636 -0.3300 0.8223
vn -0.2493 0.3660 0.8966
vn 0.7398 0.3368 -0.5825
vn 0.8698 -0.1366 0.4740
vn -0.0229 0.8874 0.4604
vn 0.6621 0.2158 0.7176
vn 0.3204 -0.8531 0.4119
vn 0.4148 -0.6685 -0.6173
vn 0.4543 0.4018 -0.7951
vn -0.9446 -0.2983 -0.1370
vn 0.0278 0.3501 0.9363
vn 0.9737 0.0287 0.2258
vn -0.0186 0.7190 0.6948
vn -0.0011 0.1300 0.9915
vn 0.8879 0.3156 0.3348
vn -0.5718 0.8098 0.1319
vn 0.7650 0.5102 0.3930
vn -0.9426 -0.1277 -0.3084
vn 0.2114 0.9747 0.0727
vn -0.9980 -0.0387 0.0491
vn -0.2332 -0.5297 0.8155
vn 0.5760 0.6992 0.4235
vn -0.3473 -0.3001 0.8884
vn -0.1123 0.2021 -0.9729
vn -0.0228 0.3077 0.9512
vn -0.3041 0.9514 -0.0477
vn 0.2752 0.0155 -0.9613
vn 0.7236 0.4858 -0.4903
vn 0.9726 -0.1967 -0.1243
vn -0.0384 0.2822 -0.9586
vn -0.8304 0.2529 0.4964
vn 0.8716 0.4898 0.0173
vn -0.4434 0.7852 -0.4322
vn -0.9067 -0.3033 -0.2930
vn -0.0647 0.8691 0.4904
vn 0.8811 0.4118 0.2325
vn -0.0729 -0.3956 0.9155
vn -0.4061 -0.6217 0.6698
vn 0.3398 0.5189 -0.7844
vn -0.3832 0.3787 -0.8425
vn -0.8243 0.2036 0.5282
vn -0.8565 0.1399 0.4968
vn 0.6104 0.7528 0.2464
vn 0.6086 0.7543 0.2462
vn 0.5437 0.6036 -0.5832
vn -0.8005 -0.1607 0.5774
vn -0.7392 0.0042 0.6734
vn 0.6253 0.3837 -0.6796
vn -0.7414 -0.4607 -0.4880
vn -0.5078 -0.2463 -0.8255
vn 0.4931 0.8289 -0.2643
vn 0.0761 0.1646 -0.9834
vn 0.8085 -0.5145 0.2857
vn 0.5832 -0.1948 0.7886
vn -0.4378 0.0254 0.8987
vn 0.5269 0.0400 0.8490
vn -0.5920 0.2393 0.7696
vn 0.8805 0.4408 0.1744
vn -0.6143 -0.7532 -0.2350
vn -0.8486 -0.0878 0.5217
vn -0.4687 -0.8205 0.3271
vn -0.9819 -0.0553 0.1810
vn -0.8263 0.5631 -0.0125
vn 0.7696 -0.0559 0.6361
vn 0.9833 0.1173 0.1393
vn -0.9839 -0.1663 -0.0661
vn 0.3958 0.7275 -0.5604
vn -0.6799 0.0840 -0.7284
vn 0.8279 -0.2517 0.5012
vn -0.6884 0.1903 0.7000
vn -0.0648 0.4738 0.8782
vn -0.6574 0.6371 0.4024
vn 0.3380 -0.0717 0.9384
vn 0.4702 -0.2237 0.8537
vn 0.2587 0.6182 -0.7423
vn -0.7744 0.3411 0.5329
vn -0.7651 -0.2126 0.6077
vn -0.2621 -0.4150 0.8713
vn 0.2830 -0.1592 -0.9458
vn 0.1930 0.3872 0.9016
vn -0.9327 -0.3555 -0.0600
vn -0.9328 -0.3555 -0.0598
vn -0.9328 -0.3554 -0.0595
vn -0.9342 -0.3528 -0.0527
vn 0.1108 0.9817 -0.1550
vn -0.4993 0.1587 -0.8518
vn 0.2614 -0.2861 0.9219
vn -0.9044 -0.3076 0.2958
vn -0.8044 -0.5764 0.1437
vn -0.4930 0.2682 0.8276
vn -0.4239 0.2372 -0.8741
vn -0.8183 -0.5200 -0.2450
vn 0.0303 0.2858 -0.9578
vn -0.8802 -0.3568 -0.3129
vn -0.9462 0.2389 -0.2181
vn 0.7450 -0.3972 -0.5359
vn 0.9843 0.0033 0.1766
vn -0.5346 0.8410 0.0833
vn 0.3473 0.3955 0.8503
vn -0.9408 -0.1601 0.2986
vn 0.1113 -0.0439 0.9928
vn -0.9429 0.3320 -0.0263
vn -0.0398 0.1700 0.9846
vn 0.9201 0.1548 0.3597
vn -0.0473 -0.0214 -0.9987
vn -0.6810 0.6950 -0.2307
vn 0.0982 0.6768 0.7296
vn -0.8834 0.2455 0.3991
vn -0.5693 0.5309 -0.6278
vn -0.2212 -0.3734 -0.9009
vn 0.8099 0.3865 0.4413
vn 0.2902 -0.2060 0.9345
vn -0.0892 0.8310 -0.5491
vn -0.0307 -0.2957 -0.9548
vn 0.4480 0.3071 0.8397
vn 0.4364 0.2840 0.8537
vn -0.5726 -0.5568 -0.6017
vn -0.8456 -0.4764 0.2410
vn -0.5448 -0.5240 0.6547
vn -0.9514 -0.0738 -0.2991
vn -0.8909 0.3891 0.2345
vn 0.8572 0.4389 0.2693
vn 0.3972 -0.4130 0.8196
vn -0.8269 -0.2582 0.4995
vn 0.1869 0.2132 -0.9590
vn -0.6910 -0.7040 -0.1640
vn 0.5560 -0.0631 -0.8288
vn -0.3192 0.5898 0.7418
vn -0.7331 -0.2673 0.6254
vn 0.7006 -0.2131 0.6810
vn -0.5367 0.8050 0.2529
vn 0.0885 0.4497 0.8888
vn 0.2377 0.4875 0.8401
vn -0.3275 0.9425 0.0666
vn -0.1227 0.2569 0.9586
vn 0.0236 -0.3173 0.9480
vn -0.5364 0.0512 0.8424
vn 0.4881 -0.8426 0.2275
vn -0.2628 -0.4659 -0.8449
vn -0.2448 0.5383 0.8064
vn 0.1084 0.6622 0.7414
vn 0.6217 0.2455 0.7438
vn -0.4579 0.1724 -0.8721
vn -0.9609 -0.0786 -0.2655
vn -0.6092 -0.7891 0.0790
vn -0.8429 0.5067 0.1811
vn 0.2036 0.6045 -0.7702
vn 0.4108 0.1811 0.8936
vn -0.9120 -0.2741 -0.3053
vn 0.2068 -0.4294 -0.8791
vn 0.2098 0.8190 0.5340
vn -0.8994 -0.4276 -0.0904
vn -0.1116 0.3813 -0.9177
vn 0.2141 0.3397 0.9158
vn 0.9665 -0.2538 -0.0379
vn 0.1195 0.1446 -0.9822
vn 0.2234 0.9720 0.0730
vn -0.3604 -0.3692 -0.8566
vn -0.9278 -0.2652 0.2624
vn -0.9056 0.1581 0.3935
vn 0.1205 -0.8677 0.4822
vn 0.3669 0.8287 -0.4227
vn 0.2119 -0.9255 0.3141
vn 0.1265 0.7354 -0.6657
vn -0.0417 -0.3373 -0.9405
vn 0.0581 0.3286 -0.9427
vn 0.6657 0.0527 0.7444
vn -0.2222 0.8892 -0.3999
vn 0.6932 -0.4090 0.5934
vn 0.8350 0.3709 -0.4064
vn -0.7998 0.0284 -0.5996
vn 0.9977 0.0137 -0.0662
vn 0.2181 -0.4250 -0.8785
vn 0.0625 0.2994 0.9521
vn -0.4169 0.2484 0.8743
vn -0.3763 0.4017 0.8349
vn -0.4839 0.2347 0.8430
vn -0.6768 -0.2657 0.6866
vn 0.1274 0.2125 -0.9688
vn -0.1783 0.4603 0.8697
vn 0.0199 -0.4205 -0.9071
vn -0.9263 -0.0305 0.3756
vn -0.8240 0.4251 0.3745
vn -0.2648 0.9460 0.1869
vn 0.9738 -0.2262 0.0250
vn 0.6107 0.7526 0.2465
vn 0.9179 0.2308 0.3228
vn -0.7820 -0.4382 0.4432
vn -0.9606 0.1646 0.2240
vn 0.7233 -0.1746 0.6681
vn 0.2821 0.8816 0.3785
vn -0.2997 -0.0903 0.9498
vn -0.2499 -0.9228 0.2932
vn -0.8942 -0.4284 -0.1300
vn -0.8525 -0.5140 -0.0948
vn -0.5498 0.0170 0.8351
vn -0.9383 -0.1588 0.3072
vn -0.1310 0.3478 0.9284
vn 0.6052 -0.4701 -0.6425
vn -0.3888 0.1997 0.8994
vn -0.4114 0.3595 -0.8375
vn 0.0838 -0.2123 -0.9736
vn -0.7478 0.0272 0.6634
vn 0.0014 -0.0750 -0.9972
vn -0.0299 -0.4072 0.9129
vn -0.1050 0.9190 -0.3801
vn -0.0281 -0.8089 0.5873
vn -0.0232 0.9679 -0.2501
vn -0.0230 0.9680 -0.2500
vn 0.9933 -0.0730 0.0899
vn -0.3643 0.4253 0.8285
vn -0.1193 0.0094 0.9928
vn 0.9425 -0.2654 -0.2032
vn -0.0569 0.5800 0.8126
vn 0.0514 -0.9399 0.3375
vn 0.0244 0.0823 -0.9963
vn -0.0353 -0.3784 -0.9250
vn 0.5810 0.7880 0.2035
vn -0.0036 -0.4384 0.8988
vn -0.1762 0.9196 0.3510
vn -0.0827 0.8842 0.4597
vn -0.2453 0.2426 0.9386
vn -0.0710 0.3217 -0.9442
vn -0.0605 0.2527 -0.9656
vn 0.1208 0.1745 -0.9772
vn 0.0316 0.4426 0.8962
vn -0.1074 0.4543 -0.8843
vn -0.0489 0.3776 -0.9247
vn 0.0478 -0.9529 0.2996
vn 0.0436 -0.9546 0.2947
vn 0.0520 -0.4028 0.9138
vn 0.0006 0.6252 0.7805
vn -0.0233 0.9679 -0.2502
vn 0.0349 0.1469 0.9885
vn -0.0314 -0.1095 -0.9935
vn -0.0966 0.9946 0.0371
vn -0.0969 0.9946 0.0367
vn -0.0975 0.9946 0.0356
vn -0.0977 0.9946 0.0353
vn 0.0460 -0.7602 0.6480
vn -0.0782 0.7194 -0.6902
vn 0.7372 0.4307 0.5207
vn 0.0407 -0.0614 0.9973
vn -0.1876 0.1863 -0.9644
vn -0.0301 -0.0481 0.9984
vn 0.0306 -0.5239 -0.8513
vn 0.0507 -0.4188 -0.9067
vn 0.1731 -0.6687 0.7231
vn -0.0070 -0.3388 -0.9408
vn -0.1335 0.5416 0.8300
vn 0.2892 -0.1547 0.9447
vn 0.1583 -0.3042 0.9394
vn 0.1842 0.4355 -0.8812
vn -0.3325 -0.9274 -0.1713
vn 0.0463 0.7360 -0.6754
vn -0.0066 0.4769 0.8789
vn 0.3958 0.5894 0.7042
vn 0.2684 0.6175 -0.7394
vn 0.4816 -0.1411 -0.8649
vn 0.9634 0.2365 0.1266
vn 0.2686 0.9609 -0.0675
vn 0.0158 -0.5298 -0.8480
vn 0.0222 -0.4420 -0.8967
vn -0.0472 0.8157 0.5765
vn 0.7718 0.2372 -0.5900
vn -0.1880 0.6614 0.7261
vn 0.4033 0.8332 -0.3782
vn 0.3766 0.1766 -0.9094
vn 0.0297 -0.0735 -0.9969
vn -0.1276 0.3653 0.9221
vn -0.0169 -0.1351 -0.9907
vn -0.0743 0.5594 -0.8256
vn -0.1029 0.5924 -0.7991
vn -0.2343 0.3701 0.8989
vn 0.0592 -0.7383 0.6719
vn 0.7415 -0.6484 0.1722
vn -0.0884 0.9719 0.2181
vn 0.0203 -0.1824 0.9830
vn -0.0733 -0.2705 0.9599
vn -0.0347 0.5313 -0.8465
vn 0.0301 0.2932 -0.9556
vn -0.3061 -0.5467 0.7793
vn -0.0286 -0.5075 0.8612
vn -0.2603 -0.7343 0.6270
vn 0.3954 0.8992 0.1872
vn -0.0062 0.9960 -0.0890
vn -0.0608 0.9894 -0.1320
vn -0.3436 0.3257 -0.8808
vn 0.2692 -0.4152 0.8690
vn 0.0530 -0.4053 0.9127
vn -0.0929 -0.5438 0.8341
vn 0.0229 -0.9010 0.4331
vn 0.7357 -0.0236 -0.6769
vn 0.1076 0.2327 0.9666
vn 0.4711 -0.3074 0.8268
vn 0.5774 0.2926 0.7623
vn 0.0051 0.0702 0.9975
vn -0.1014 0.4797 -0.8716
vn -0.2148 0.5628 -0.7982
vn -0.0944 0.5987 -0.7954
vn -0.0277 0.1851 -0.9823
vn -0.1994 0.1118 -0.9735
vn -0.5116 0.0552 0.8575
vn -0.3301 0.1800 -0.9267
vn 0.3335 0.0723 0.9400
vn 0.8510 0.1225 -0.5107
vn 0.5283 0.1186 0.8407
vn 0.9708 -0.0800 0.2260
vn 0.3505 0.2734 -0.8958
vn 0.9072 0.1450 0.3949
vn 0.8640 0.1765 0.4716
vn -0.7237 -0.0450 -0.6886
vn -0.9326 0.0223 0.3603
vn -0.2958 0.0798 0.9519
vn 0.4790 0.1122 -0.8706
vn -0.4769 0.0985 -0.8735
vn 0.7138 -0.1455 -0.6851
vn 0.1480 0.0305 0.9885
vn -0.3482 0.2599 -0.9007
vn 0.9080 -0.2162 -0.3588
vn -0.5242 0.2320 -0.8194
vn 0.5743 0.0087 0.8186
vn 0.3349 0.1884 -0.9232
vn -0.0871 0.0080 0.9962
vn -0.2303 0.0529 -0.9717
vn -0.9714 -0.1196 0.2051
vn -0.6977 -0.0357 0.7155
vn 0.8939 0.1890 0.4064
vn 0.8531 0.5208 -0.0313
vn 0.9870 -0.0217 0.1595
vn -0.3099 -0.4959 -0.8112
vn 0.4367 0.6644 0.6065
vn -0.6666 0.3332 -0.6668
vn 0.6254 0.7748 0.0926
vn -0.2871 0.2332 -0.9291
vn -0.6546 -0.5746 0.4914
vn -0.8102 -0.4452 -0.3812
vn 0.3038 0.1712 -0.9372
vn -0.3635 0.7905 -0.4929
vn 0.2840 0.9148 -0.2872
vn 0.7921 -0.0764 -0.6056
vn 0.8779 -0.1885 -0.4402
vn -0.7911 -0.1721 -0.5869
vn -0.7869 -0.1812 -0.5899
vn -0.7916 -0.1710 -0.5866
vn -0.4478 -0.5278 -0.7218
vn 0.5381 -0.0483 -0.8415
vn 0.5639 -0.2482 -0.7877
vn 0.0238 -0.3137 -0.9492
vn -0.6168 0.7723 -0.1517
vn -0.1266 0.8410 -0.5260
vn 0.9763 0.0808 -0.2006
vn -0.5426 -0.3039 -0.7831
vn 0.0976 0.0766 -0.9923
vn -0.8118 -0.3023 -0.4996
vn -0.7445 0.0285 -0.6670
vn 0.2229 0.2259 -0.9483
vn -0.9937 -0.0298 0.1080
vn -0.4756 0.8722 -0.1147
vn -0.4594 0.8790 -0.1275
vn 0.0686 0.5405 0.8386
vn -0.9960 0.0729 0.0513
vn 0.6439 0.1344 -0.7532
vn 0.2182 0.7325 -0.6448
vn -0.6830 0.4472 -0.5775
vn 0.6224 0.5275 -0.5782
vn -0.1292 -0.5008 -0.8559
vn 0.3443 -0.1805 -0.9213
vn -0.1349 0.8055 0.5771
vn 0.0223 0.8422 -0.5387
vn -0.1633 -0.2148 -0.9629
vn -0.2024 0.9497 0.2388
vn -0.9527 -0.2703 0.1392
vn 0.8029 -0.0206 0.5958
vn -0.6951 -0.5018 -0.5149
vn -0.2551 -0.0160 -0.9668
vn 0.6363 0.7618 -0.1217
vn -0.7421 0.6652 -0.0823
vn 0.0933 0.9590 0.2674
vn 0.0930 0.9591 0.2673
vn 0.0984 0.9579 0.2698
vn 0.1000 0.9836 -0.1498
vn -0.8687 -0.1775 -0.4625
vn -0.6836 0.6307 -0.3673
vn -0.1499 0.7396 -0.6561
vn -0.9734 -0.0235 -0.2278
vn -0.3314 0.5693 -0.7524
vn -0.7521 -0.1662 -0.6378
vn -0.1347 -0.3356 -0.9323
vn 0.1891 -0.3998 -0.8969
vn 0.3902 -0.4577 -0.7989
vn -0.7990 0.4961 0.3399
vn -0.3511 -0.3105 -0.8834
vn -0.5576 0.5843 -0.5897
vn -0.5575 0.5847 -0.5893
vn -0.5548 0.5934 -0.5831
vn 0.6008 0.7757 -0.1933
vn 0.9471 0.2221 -0.2318
vn 0.1267 0.9538 -0.2724
vn 0.1316 0.9522 -0.2758
vn 0.1270 0.9537 -0.2726
vn 0.5371 0.8117 -0.2296
vn 0.1106 -0.9930 -0.0419
vn -0.1641 -0.4243 -0.8905
vn 0.9009 -0.3440 -0.2647
vn 0.9476 -0.2894 -0.1350
vn -0.7863 -0.1824 -0.5903
vn 0.5534 0.4295 -0.7136
vn 0.2963 0.7433 0.5998
vn 0.4229 0.0806 -0.9026
vn -0.8688 0.4792 -0.1247
vn 0.9816 -0.1886 -0.0312
vn 0.6538 0.2579 -0.7114
vn 0.8015 -0.0509 -0.5958
vn 0.2406 0.9654 0.1011
vn -0.3697 0.1712 -0.9132
vn 0.7423 0.6345 0.2153
vn 0.0058 -0.0138 -0.9999
vn -0.2584 0.8810 0.3963
vn -0.9637 0.0873 -0.2522
vn -0.5387 0.7748 0.3308
vn 0.4544 -0.4789 -0.7512
vn -0.9592 -0.2066 -0.1928
vn -0.3124 0.7110 0.6300
vn 0.7603 0.4266 -0.4898
vn -0.5440 -0.0999 -0.8331
vn -0.9058 0.4237 -0.0060
vn -0.9096 0.4154 -0.0109
vn -0.9095 0.4155 -0.0108
vn -0.0451 0.9020 0.4294
vn -0.4385 0.1593 -0.8845
vn 0.8277 0.4130 0.3799
vn 0.0182 0.8152 0.5789
vn 0.1606 0.8558 -0.4918
vn 0.3717 0.9211 -0.1155
vn 0.3673 0.9225 -0.1190
vn 0.3668 0.9226 -0.1194
vn -0.5577 0.5841 -0.5898
vn 0.8711 -0.0915 -0.4826
vn 0.8353 0.5324 0.1369
vn -0.1066 0.8508 -0.5146
vn -0.3693 0.8650 -0.3397
vn -0.9151 -0.2113 0.3433
vn -0.4037 0.0566 -0.9131
vn 0.6369 -0.4336 -0.6374
vn 0.9102 0.3806 0.1635
vn 0.9716 0.1272 0.1994
vn -0.8000 0.5999 0.0127
vn 0.1990 -0.4963 -0.8450
vn -0.9511 -0.2247 0.2118
vn -0.2514 -0.2665 -0.9305
vn -0.8482 0.4905 0.1999
vn 0.2583 0.8796 0.3994
vn 0.0144 -0.1051 -0.9944
vn 0.7594 -0.0423 -0.6492
vn 0.8579 0.1824 -0.4804
vn 0.4999 0.8397 0.2122
vn -0.1299 0.9306 -0.3422
vn 0.0004 -0.3424 -0.9396
vn 0.8092 0.4709 -0.3514
vn -0.0253 0.2820 -0.9591
vn -0.1377 0.4552 -0.8797
vn -0.1730 0.9843 0.0347
vn -0.0480 0.6978 -0.7147
vn 0.1403 -0.0765 -0.9871
vn -0.0074 -0.5069 -0.8620
vn -0.0489 0.6104 -0.7906
vn -0.0713 0.9868 -0.1453
vn 0.8450 -0.4313 0.3162
vn 0.8152 -0.4502 0.3645
vn -0.8854 -0.0627 0.4607
vn -0.7916 0.2176 0.5710
vn 0.6834 -0.7285 0.0474
vn 0.2213 -0.2012 0.9542
vn 0.5846 -0.3513 0.7313
vn 0.1261 0.4136 0.9017
vn 0.9990 -0.0048 -0.0455
vn -0.6374 -0.7665 -0.0783
vn -0.9916 -0.0684 -0.1094
vn -0.2748 -0.3099 0.9102
vn -0.4698 -0.6928 0.5470
vn 0.3429 -0.8593 -0.3796
vn 0.1082 0.2549 0.9609
vn -0.4474 -0.2080 0.8698
vn 0.3434 -0.7968 0.4971
vn 0.9927 -0.0645 -0.1018
vn -0.3365 -0.5453 0.7677
vn -0.6015 -0.7623 -0.2391
vn -0.9245 -0.3549 0.1391
vn 0.1517 -0.9722 -0.1784
vn 0.6913 -0.1641 0.7037
vn 0.6918 -0.1672 0.7025
vn 0.6914 -0.1648 0.7034
vn 0.0039 -0.6864 0.7272
vn -0.0729 -0.7290 0.6806
vn 0.3411 0.5360 0.7722
vn -0.7393 -0.3086 0.5985
vn 0.8130 0.4958 0.3054
vn 0.7700 0.4454 0.4569
vn -0.3145 -0.6791 0.6632
vn -0.6327 -0.3025 0.7129
vn -0.5177 0.2512 0.8179
vn 0.9954 0.0370 -0.0881
vn 0.7677 -0.3969 0.5030
vn -0.4425 -0.1848 0.8775
vn 0.6933 -0.0657 0.7177
vn 0.5134 0.1833 0.8383
vn 0.4413 0.2262 0.8684
vn 0.9229 0.1747 0.3430
vn 0.4657 -0.8805 0.0890
vn 0.9695 -0.2191 -0.1097
vn -0.2458 -0.7256 0.6427
vn 0.7109 0.2761 0.6469
vn 0.6578 -0.4794 0.5810
vn -0.0860 -0.4740 0.8763
vn -0.6256 -0.5496 0.5536
vn -0.6625 -0.5335 0.5258
vn 0.8372 0.3527 0.4180
vn -0.2434 -0.9298 0.2761
vn 0.6836 -0.6954 -0.2217
vn 0.3697 -0.6972 0.6142
vn -0.5651 0.2881 0.7731
vn -0.6842 -0.2834 0.6720
vn -0.6883 -0.7220 0.0699
vn -0.2059 0.3095 0.9283
vn 0.2099 -0.9345 -0.2876
vn -0.9990 -0.0116 -0.0426
vn -0.9989 -0.0148 -0.0453
vn -0.9990 -0.0129 -0.0437
vn -0.7382 -0.5601 0.3760
vn 0.7332 0.5067 0.4535
vn 0.2912 0.1388 0.9465
vn -0.0456 -0.9904 0.1306
vn -0.0454 -0.9905 0.1300
vn -0.0455 -0.9904 0.1304
vn 0.7138 -0.6922 0.1069
vn -0.1610 -0.9092 -0.3840
vn 0.9998 -0.0172 0.0022
vn -0.0967 -0.9655 -0.2417
vn -0.0511 -0.9884 0.1427
vn -0.0794 0.5007 0.8620
vn -0.0309 0.5145 0.8570
vn 0.7096 -0.6028 0.3650
vn 0.1985 -0.9505 0.2389
vn 0.9296 -0.3681 0.0194
vn -0.7692 0.3211 0.5525
vn 0.0947 0.5141 0.8525
vn 0.1591 -0.9831 0.0908
vn 0.4242 -0.2836 0.8600
vn 0.8942 0.0562 0.4442
vn 0.4870 0.5232 0.6994
vn -0.3627 0.4689 0.8054
vn -0.5173 -0.8469 0.1228
vn 0.0637 -0.8268 -0.5589
vn -0.3847 0.0559 0.9214
vn -0.7786 -0.5764 -0.2479
vn -0.7783 -0.5769 -0.2479
vn -0.7816 -0.5724 -0.2480
vn -0.5691 -0.7975 0.2004
vn 0.0591 -0.6359 0.7695
vn -0.0093 -0.2781 0.9605
vn -0.7055 -0.0538 0.7067
vn -0.7064 -0.0539 0.7058
vn -0.7057 -0.0538 0.7064
vn -0.8716 0.4023 0.2800
vn -0.5206 -0.4104 0.7487
vn -0.4864 -0.0746 0.8705
vn 0.8690 -0.4519 0.2017
vn -0.4252 0.3592 0.8308
vn 0.3013 -0.1381 0.9435
vn -0.1744 0.1858 0.9670
vn -0.7133 0.1595 0.6824
vn 0.8697 -0.4049 -0.2821
vn -0.0675 -0.9970 -0.0369
vn 0.9873 -0.0018 -0.1590
vn 0.2090 -0.7993 -0.5634
vn -0.4429 0.4943 0.7480
vn 0.0770 -0.0616 0.9951
vn 0.5919 -0.7841 -0.1868
vn -0.4055 -0.3256 0.8542
vn -0.4059 -0.8354 -0.3706
vn -0.4294 -0.8279 -0.3607
vn 0.0859 -0.8324 -0.5475
vn -0.1266 -0.8612 0.4922
vn 0.6122 0.5473 0.5707
vn -0.4015 -0.9112 0.0920
vn -0.0213 -0.3935 0.9191
vn -0.9399 -0.3170 -0.1270
vn 0.6233 -0.7311 0.2776
vn 0.6426 -0.7362 0.2125
vn 0.3380 -0.9215 -0.1913
vn 0.5678 -0.6416 0.5157
vn 0.4485 -0.2163 0.8672
vn -0.8216 0.0816 0.5642
vn -0.7294 -0.6836 -0.0249
vn 0.9816 0.0885 0.1689
vn 0.9427 -0.1320 0.3065
vn 0.3971 -0.8660 0.3039
vn -0.9764 0.0730 0.2031
vn -0.9569 0.0675 0.2824
vn 0.1250 -0.0256 0.9918
vn -0.9453 -0.1547 -0.2872
vn 0.2624 -0.1178 0.9578
vn -0.0618 0.3506 0.9345
vn -0.6000 -0.2081 0.7724
vn 0.1868 0.2611 0.9471
vn -0.6552 -0.7553 -0.0153
vn 0.3315 -0.9392 -0.0900
vn -0.2180 -0.9163 -0.3361
vn 0.0227 -0.9980 -0.0595
vn -0.8833 -0.2018 0.4232
vn 0.0600 -0.8961 -0.4398
vn 0.1440 -0.9504 0.2756
vn -0.0999 -0.9267 0.3623
vn 0.0353 0.0953 0.9948
vn 0.0076 -0.5874 0.8093
vn 0.1960 -0.6187 -0.7608
vn -0.4171 -0.2968 0.8590
vn -0.4144 -0.2916 0.8621
vn -0.4150 -0.2927 0.8615
vn -0.0293 0.3001 0.9535
vn -0.2180 -0.5871 0.7796
vn 0.3952 -0.7187 0.5721
vn -0.0137 0.3107 0.9504
vn 0.1640 -0.8526 0.4962
vn -0.1826 -0.8914 -0.4147
vn -0.0136 -0.8924 -0.4511
vn -0.8870 -0.1789 0.4256
vn -0.4982 0.1577 0.8526
vn 0.1059 -0.9469 -0.3036
vn -0.1754 -0.9823 0.0654
vn -0.0646 -0.9903 -0.1229
vn -0.0645 -0.9902 -0.1242
vn -0.0645 -0.9903 -0.1234
vn 0.0215 -0.9877 0.1547
vn 0.3737 -0.4352 0.8191
vn -0.0254 -0.8359 0.5482
vn -0.5510 -0.4105 0.7265
vn 0.7298 0.0766 0.6794
vn 0.9878 0.0098 0.1551
vn 0.6644 -0.3647 0.6523
vn 0.1008 -0.7853 0.6109
vn -0.9519 -0.2681 0.1487
vn 0.2808 -0.5857 0.7603
vn -0.4732 -0.2223 0.8524
vn -0.7353 -0.0653 0.6746
vn -0.2329 -0.5945 0.7697
vn 0.3125 -0.0855 0.9461
vn 0.9128 -0.0968 0.3969
vn 0.3158 -0.2515 0.9149
vn 0.1323 -0.9828 -0.1291
vn 0.1460 -0.9893 0.0061
vn 0.7805 0.1287 0.6117
vn -0.1943 -0.8830 0.4272
vn 0.9110 0.1902 0.3660
vn 0.7642 0.2789 0.5816
vn 0.4391 -0.8846 0.1571
vn 0.8900 -0.0000 0.4560
vn 0.3652 -0.0682 0.9284
vn 0.7467 -0.3274 -0.5791
vn -0.9326 -0.2031 0.2984
vn 0.7021 -0.1752 0.6902
vn -0.7651 -0.2306 0.6012
vn -0.6144 -0.3470 0.7086
vn 0.0555 -0.8169 0.5741
vn 0.9941 -0.1026 0.0360
vn 0.2826 -0.4994 0.8190
vn -0.2731 -0.3842 0.8819
vn -0.9452 -0.2332 -0.2287
vn -0.6912 -0.3382 -0.6386
vn 0.8424 -0.1798 -0.5079
vn 0.6067 -0.6510 0.4562
vn -0.4130 -0.7877 0.4571
vn -0.8570 -0.3879 -0.3393
vn -0.4286 -0.2767 0.8601
vn 0.4074 -0.5656 0.7171
vn -0.8027 -0.5207 0.2908
vn 0.4051 -0.9100 -0.0883
vn -0.9588 -0.1367 0.2492
vn -0.7632 -0.4064 0.5023
vn 0.4075 -0.4555 0.7915
vn -0.3001 -0.7555 0.5824
vn 0.6808 0.0968 0.7260
vn 0.4463 0.1970 0.8729
vn -0.2064 -0.4788 0.8533
vn 0.4386 0.6684 -0.6007
vn -0.3671 -0.5021 -0.7830
vn 0.8616 0.5046 -0.0551
vn 0.8929 -0.1433 -0.4267
vn -0.9937 -0.1120 -0.0065
vn 0.6487 -0.2738 -0.7101
vn -0.8608 0.1201 -0.4945
vn -0.8093 0.4499 -0.3777
vn 0.3138 0.6280 -0.7122
vn 0.1602 0.2066 -0.9652
vn 0.2600 0.3104 -0.9144
vn 0.4036 0.9142 0.0367
vn 0.4462 0.8927 0.0628
vn 0.1919 -0.1213 -0.9739
vn -0.7388 0.6489 0.1819
vn -0.3552 0.8637 0.3576
vn 0.8723 -0.4856 -0.0573
vn -0.9724 -0.2249 0.0616
vn -0.8837 -0.4238 -0.1986
vn 0.9252 0.1533 -0.3472
vn 0.6132 0.3284 -0.7184
vn 0.5640 0.1210 -0.8169
vn 0.4750 0.1832 -0.8607
vn -0.2930 0.6904 -0.6615
vn 0.0712 0.7516 -0.6558
vn 0.2981 0.5769 -0.7604
vn 0.6123 0.7608 0.2152
vn 0.8102 0.2681 -0.5212
vn 0.9902 -0.0364 0.1345
vn 0.7048 -0.2337 -0.6698
vn -0.2666 0.9146 -0.3040
vn -0.8543 -0.3467 -0.3873
vn 0.2250 0.8309 -0.5089
vn 0.5809 -0.0734 -0.8107
vn 0.5824 0.7020 -0.4098
vn -0.7995 0.4065 -0.4422
vn -0.5556 -0.2797 -0.7830
vn 0.9991 0.0412 0.0112
vn 0.9802 0.0435 -0.1930
vn 0.1365 0.9265 0.3507
vn 0.8740 -0.3098 -0.3745
vn -0.5513 0.7537 -0.3577
vn -0.4185 0.8178 -0.3950
vn -0.4736 -0.2727 -0.8375
vn 0.3985 -0.3360 -0.8534
vn -0.9969 -0.0572 0.0537
vn 0.5965 0.8010 0.0512
vn -0.9969 0.0755 0.0244
vn -0.9875 0.1005 0.1217
vn 0.1320 0.9520 -0.2761
vn 0.1062 0.4432 -0.8901
vn -0.5942 0.3250 -0.7357
vn 0.7142 -0.4468 -0.5388
vn 0.5665 0.6113 -0.5526
vn -0.6933 0.6928 0.1984
vn -0.3731 0.7429 -0.5559
vn 0.6026 -0.2225 -0.7664
vn 0.8380 -0.2102 0.5035
vn 0.8594 0.0400 -0.5097
vn -0.2832 -0.2254 -0.9322
vn 0.2138 -0.3212 -0.9225
vn 0.2149 -0.3204 -0.9226
vn 0.2124 -0.3223 -0.9225
vn -0.4587 0.7524 0.4727
vn 0.6515 0.4550 0.6071
vn 0.5891 0.7016 0.4008
vn 0.0538 0.9933 -0.1024
vn -0.4200 0.4460 -0.7904
vn -0.7134 0.6944 -0.0941
vn -0.2169 0.9649 -0.1478
vn 0.4525 0.3552 -0.8180
vn 0.3749 0.3797 -0.8457
vn -0.9974 -0.0720 -0.0081
vn 0.1037 0.9566 0.2723
vn -0.8824 -0.1706 -0.4385
vn 0.0363 -0.5168 -0.8553
vn 0.9530 -0.0455 0.2996
vn 0.3972 0.8291 -0.3934
vn 0.9141 0.2765 -0.2966
vn -0.9937 -0.1109 0.0134
vn -0.1358 0.2063 -0.9690
vn -0.5964 -0.3662 -0.7143
vn -0.5346 0.3482 -0.7701
vn -0.1361 -0.0102 -0.9906
vn -0.1124 -0.0584 -0.9919
vn -0.4114 0.4879 -0.7699
vn -0.9933 -0.0428 -0.1078
vn -0.9954 -0.0700 -0.0655
vn -0.1635 -0.5111 -0.8438
vn 0.0531 0.9981 0.0310
vn 0.4422 0.8184 -0.3669
vn -0.7646 -0.1592 -0.6245
vn -0.1605 0.9813 -0.1061
vn 0.8493 -0.2615 -0.4586
vn -0.5806 -0.4963 -0.6454
vn -0.3018 -0.3723 -0.8777
vn -0.0465 0.8286 0.5579
vn 0.7432 0.6681 -0.0354
vn -0.9019 0.0734 -0.4256
vn 0.4255 -0.0676 -0.9024
vn -0.6171 0.6834 -0.3900
vn 0.7511 0.0681 -0.6567
vn -0.9745 0.1737 0.1418
vn -0.4628 0.8050 0.3712
vn -0.8100 -0.2375 -0.5363
vn 0.7692 0.5773 0.2739
vn -0.9999 -0.0136 0.0025
vn -0.1758 0.7698 0.6136
vn -0.0171 0.1691 0.9855
vn -0.9395 0.0736 0.3344
vn 0.1596 -0.0732 -0.9845
vn 0.2113 0.8223 0.5284
vn -0.6817 -0.3255 -0.6552
vn -0.6691 -0.2852 -0.6863
vn 0.8715 -0.3483 -0.3453
vn 0.5546 0.3788 -0.7409
vn -0.3437 -0.0939 -0.9344
vn 0.4564 0.1529 -0.8765
vn -0.6438 0.0677 -0.7622
vn -0.5759 0.0530 -0.8158
vn -0.8628 0.4073 -0.2994
vn 0.3876 0.8795 0.2762
vn 0.3935 -0.3594 -0.8461
vn 0.1989 -0.1885 -0.9617
vn 0.7988 -0.0907 -0.5947
vn -0.8405 0.1655 0.5159
vn 0.1383 -0.3385 -0.9307
vn -0.9825 -0.1376 0.1258
vn -0.4585 -0.3414 -0.8205
vn -0.9396 -0.1676 -0.2983
vn -0.6436 0.7040 0.3001
vn 0.9713 -0.1036 -0.2139
vn 0.9648 -0.0633 -0.2552
vn 0.9999 0.0148 -0.0047
vn 0.7145 -0.2926 -0.6355
vn -0.6438 0.7551 0.1236
vn -0.9547 -0.2041 -0.2165
vn 0.2151 -0.3203 -0.9226
vn 0.4177 -0.3417 -0.8419
vn 0.9976 0.0267 -0.0643
vn -0.5520 -0.1131 -0.8261
vn -0.0917 0.0645 -0.9937
vn -0.9047 0.4260 -0.0046
vn 0.2494 0.9498 0.1888
vn 0.8194 0.4945 0.2899
vn 0.6752 0.6570 -0.3354
vn 0.5749 0.7189 0.3907
vn 0.5754 0.7186 0.3905
vn 0.5747 0.7190 0.3907
vn 0.5744 0.7192 0.3908
vn -0.3195 0.3737 -0.8708
vn 0.3609 0.8646 0.3496
vn 0.3664 0.9227 -0.1197
vn -0.1208 -0.0150 -0.9926
vn 0.9692 -0.2446 0.0293
vn 0.9535 -0.2745 0.1243
vn 0.9821 0.1739 0.0721
vn 0.9821 0.1739 0.0719
vn 0.9821 0.1739 0.0720
vn 0.9821 0.1739 0.0722
vn -0.6915 0.7165 -0.0918
vn -0.6618 0.4879 0.5692
vn -0.7006 0.5975 0.3902
vn -0.2907 0.9247 0.2458
vn -0.7469 -0.6647 0.0156
vn -0.9115 -0.3296 -0.2460
vn -0.8449 -0.1824 -0.5029
vn 0.9228 -0.0586 -0.3807
vn -0.9617 0.0212 -0.2733
vn 0.9992 -0.0122 0.0390
vn 0.2982 0.0125 -0.9544
vn -0.1662 -0.1363 -0.9766
vn -0.4373 0.0881 -0.8950
vn 0.9988 0.0180 0.0445
vn -0.6478 0.1793 -0.7404
vn -0.0500 -0.3232 -0.9450
vn 0.9657 0.2308 0.1189
vn -0.9404 -0.3198 -0.1156
vn -0.5294 0.8410 0.1119
vn -0.4612 0.8840 0.0760
vn 0.9823 0.0919 -0.1631
vn 0.3700 -0.5242 0.7671
vn -0.3521 0.9306 0.1001
vn -0.8381 0.5045 0.2077
vn 0.3134 0.3922 0.8648
vn 0.1672 -0.4883 -0.8565
vn 0.8923 0.1570 -0.4232
vn -0.0438 0.9614 -0.2718
vn 0.7952 0.5073 -0.3320
vn -0.1289 0.9186 0.3737
vn -0.1143 0.9430 0.3126
vn -0.0233 0.3588 -0.9331
vn -0.1415 0.9899 0.0069
vn -0.0003 -0.2948 -0.9556
vn 0.9958 0.0646 0.0647
vn 0.9891 0.1015 0.1065
vn 0.1589 -0.0240 -0.9870
vn -0.1356 0.5392 -0.8312
vn 0.1219 0.5147 -0.8487
vn -0.6797 0.4735 0.5602
vn -0.9940 -0.0962 0.0522
vn 0.2474 0.5001 0.8299
vn -0.8489 -0.5228 0.0774
vn 0.9889 0.1380 -0.0548
vn 0.9889 0.0265 0.1459
vn 0.8118 -0.5826 0.0402
vn -0.5782 0.2960 0.7603
vn 0.5836 -0.4138 0.6987
vn 0.7858 -0.2955 0.5434
vn 0.2004 -0.8453 0.4953
vn -0.5077 -0.8468 -0.1585
vn -0.1465 -0.2159 0.9654
vn 0.2745 -0.2859 0.9181
vn -0.1306 0.0138 0.9913
vn 0.8271 -0.5487 -0.1221
vn 0.7183 -0.6759 -0.1650
vn 0.9892 0.0512 -0.1376
vn 0.7422 0.2688 0.6138
vn -0.2900 -0.1663 0.9425
vn -0.4946 -0.1829 0.8497
vn 0.3376 -0.6683 0.6629
vn -0.0223 -0.8354 0.5491
vn 0.7305 0.0861 0.6775
vn 0.7263 -0.0243 0.6870
vn -0.7738 -0.3269 0.5426
vn -0.2308 -0.9460 0.2275
vn -0.6067 -0.2515 0.7541
vn -0.7818 0.2325 0.5785
vn -0.6559 0.2116 0.7246
vn -0.2047 -0.4604 0.8638
vn -0.2164 -0.8355 0.5051
vn -0.4863 0.0206 0.8735
vn -0.4570 0.0445 0.8883
vn 0.6726 -0.7381 -0.0526
vn 0.7110 -0.2646 0.6515
vn 0.4727 -0.3020 0.8279
vn 0.4067 -0.3387 0.8485
vn 0.4697 0.3091 0.8269
vn 0.9697 -0.2297 0.0837
vn -0.9739 -0.0028 0.2272
vn -0.4383 -0.1364 0.8884
vn 0.1279 -0.8285 0.5451
vn -0.9362 -0.1934 0.2934
vn 0.9865 0.0169 -0.1627
vn 0.0979 -0.0025 0.9952
vn 0.3788 0.3366 0.8621
vn -0.0849 -0.0837 0.9929
vn 0.6193 0.3691 0.6930
vn 0.4569 -0.8027 0.3834
vn 0.5052 -0.7759 0.3779
vn -0.8007 -0.3150 0.5096
vn -0.2132 -0.2286 0.9499
vn 0.8572 -0.0544 0.5121
vn 0.9593 0.1849 0.2135
vn -0.8691 -0.4944 -0.0179
vn -0.3325 0.3344 0.8818
vn 0.9935 0.1090 -0.0317
vn 0.4904 -0.8577 0.1547
vn 0.9813 -0.0670 -0.1806
vn 0.0666 0.5058 0.8601
vn 0.6696 -0.7070 -0.2277
vn -0.2969 0.1782 0.9381
vn 0.1971 -0.9404 -0.2773
vn -0.5570 -0.7623 -0.3296
vn -0.9668 -0.2260 -0.1196
vn 0.2950 0.0257 0.9551
vn 0.2947 0.0253 0.9552
vn 0.2884 0.0162 0.9574
vn 0.7858 -0.6119 0.0905
vn 0.1965 -0.9686 0.1522
vn 0.9986 -0.0510 -0.0098
vn -0.7739 0.2216 0.5933
vn -0.1961 -0.9351 -0.2952
vn -0.4771 -0.4135 0.7755
vn 0.8040 0.1580 0.5733
vn -0.9749 -0.1160 -0.1899
vn -0.8381 -0.3991 0.3718
vn 0.1594 -0.1900 0.9688
vn -0.9964 -0.0063 0.0840
vn 0.1542 -0.7353 0.6600
vn 0.4598 0.2978 0.8366
vn 0.1561 -0.9874 -0.0251
vn 0.9809 -0.0200 0.1935
vn -0.4287 -0.8156 0.3887
vn -0.3675 -0.8441 0.3904
vn 0.6158 0.1799 0.7671
vn -0.9738 -0.2271 -0.0145
vn 0.0111 0.3144 0.9492
vn -0.2261 0.4039 0.8864
vn -0.2572 -0.7815 0.5684
vn 0.7449 -0.6052 -0.2809
vn 0.8753 -0.1576 0.4572
vn 0.9513 -0.2670 -0.1541
vn -0.7566 0.1455 0.6375
vn -0.8179 0.2972 0.4926
vn 0.9216 -0.3874 0.0265
vn 0.4499 -0.8208 -0.3520
vn -0.9103 -0.3214 0.2609
vn 0.6933 0.2837 0.6624
vn 0.8214 -0.5152 -0.2447
vn 0.5243 -0.7312 -0.4365
vn 0.9958 0.0789 -0.0455
vn 0.6919 -0.1679 0.7022
vn 0.0421 -0.9565 -0.2886
vn 0.8939 -0.4126 0.1752
vn -0.1483 0.0350 0.9883
vn -0.7074 -0.0540 0.7047
vn -0.0909 -0.8186 -0.5671
vn -0.7952 0.4217 0.4356
vn 0.7279 0.3456 0.5922
vn -0.1325 -0.7958 -0.5909
vn 0.2879 0.0155 0.9575
vn 0.5756 -0.0765 0.8141
vn 0.0445 -0.9638 0.2630
vn 0.5565 0.4176 0.7183
vn -0.8847 0.2598 0.3869
vn -0.6704 -0.2238 0.7074
vn -0.6043 -0.7093 -0.3630
vn -0.2479 -0.9636 -0.1000
vn -0.1249 0.3235 0.9379
vn -0.9867 -0.0544 -0.1534
vn -0.9938 -0.0483 -0.0998
vn -0.0293 -0.9996 -0.0050
vn -0.8539 -0.5088 0.1090
vn 0.4474 0.3216 0.8345
vn 0.8804 0.1417 0.4526
vn 0.5786 -0.7204 -0.3824
vn -0.9937 0.0358 0.1066
vn 0.9784 0.1548 0.1367
vn 0.9338 -0.2589 0.2470
vn -0.1664 0.3325 0.9283
vn -0.4017 0.3419 0.8496
vn 0.9576 0.1041 0.2687
vn 0.2512 -0.7637 -0.5947
vn 0.4932 0.0432 0.8689
vn 0.8729 -0.4879 0.0048
vn 0.4710 -0.1920 0.8610
vn -0.7819 -0.5720 -0.2480
vn -0.5480 -0.7855 0.2874
vn 0.6925 -0.6136 -0.3794
vn 0.5798 -0.6295 0.5173
vn 0.8725 -0.4540 -0.1807
vn 0.8256 0.2267 0.5168
vn -0.7538 -0.6164 -0.2276
vn 0.9823 0.1315 0.1332
vn -0.3869 -0.8043 -0.4510
vn -0.2777 -0.0226 0.9604
vn 0.9869 0.0466 0.1543
vn -0.9511 0.0711 0.3005
vn -0.8160 0.0029 0.5780
vn -0.1518 0.0159 0.9883
vn -0.1210 0.0823 0.9892
vn -0.9968 0.0336 -0.0722
vn 0.6102 0.0024 0.7923
vn -0.5763 0.4689 0.6693
vn -0.9179 -0.3562 -0.1751
vn -0.9661 -0.1810 -0.1842
vn -0.5830 -0.7953 -0.1661
vn -0.2059 0.4875 0.8485
vn -0.2050 0.4872 0.8489
vn -0.2026 0.4866 0.8498
vn 0.5582 -0.7575 -0.3385
vn 0.9284 0.3564 0.1053
vn 0.5687 -0.8176 -0.0905
vn 0.4911 -0.8700 -0.0434
vn 0.0845 0.3282 0.9408
vn 0.4681 -0.8443 -0.2608
vn 0.2547 0.4393 0.8615
vn -0.6666 0.0054 0.7454
vn 0.0015 -0.3668 0.9303
vn -0.2020 0.4864 0.8501
vn -0.9583 0.2687 0.0973
vn -0.9778 0.1725 0.1187
vn -0.7654 -0.5384 0.3525
vn 0.2077 -0.9211 -0.3295
vn 0.1492 -0.4179 0.8961
vn 0.0856 -0.9261 0.3675
vn -0.0173 0.2970 0.9547
vn -0.9987 -0.0182 -0.0482
vn 0.1703 -0.4905 0.8546
vn -0.6685 -0.7416 -0.0562
vn -0.7726 -0.6292 -0.0848
vn -0.3653 -0.9278 -0.0753
vn 0.8000 -0.1324 0.5852
vn 0.2462 -0.9110 -0.3309
vn -0.2898 -0.4775 0.8295
vn -0.3041 -0.4914 0.8161
vn 0.2339 -0.7375 0.6336
vn 0.9207 -0.1321 0.3672
vn -0.3418 -0.4846 0.8052
vn -0.7711 -0.3972 0.4976
vn -0.0644 -0.9901 -0.1246
vn 0.0531 -0.6214 0.7817
vn 0.2006 -0.9781 0.0561
vn 0.9566 -0.0758 0.2812
vn -0.4386 -0.5725 0.6927
vn -0.7291 -0.0756 0.6802
vn 0.4754 -0.4169 0.7747
vn -0.3925 -0.7877 0.4749
vn 0.3873 -0.3602 0.8487
vn 0.2807 -0.8556 0.4349
vn 0.4375 -0.2816 0.8540
vn -0.4177 -0.2981 0.8583
vn -0.2025 -0.8732 0.4433
vn -0.7149 -0.3918 0.5792
vn 0.0020 -0.9541 0.2996
vn -0.4381 0.1828 0.8801
vn -0.4668 -0.5593 0.6851
vn 0.4824 -0.7563 0.4419
vn 0.8918 -0.1262 0.4344
vn 0.0939 -0.9836 0.1543
vn 0.4593 -0.2049 0.8643
vn -0.4142 -0.9063 -0.0842
vn -0.9745 -0.0406 0.2208
vn -0.3512 -0.9361 -0.0194
vn 0.0031 -0.8785 0.4777
vn 0.4833 -0.8714 -0.0842
vn 0.0615 -0.8278 0.5577
vn -0.7557 -0.2004 0.6235
vn 0.7649 -0.3195 -0.5593
vn -0.1897 0.2239 0.9560
vn -0.2479 -0.1865 0.9507
vn 0.8354 -0.3199 0.4470
vn -0.8445 -0.4298 -0.3196
vn 0.7268 -0.5967 -0.3403
vn 0.2970 -0.4985 0.8145
vn 0.6321 -0.7429 0.2202
vn -0.2835 -0.8845 -0.3705
vn 0.0166 -0.9734 0.2286
vn 0.1842 -0.8557 0.4836
vn 0.6841 -0.2655 0.6793
vn 0.0988 -0.6939 0.7133
vn 0.0456 -0.8049 0.5917
vn -0.2209 -0.7763 0.5904
vn 0.2572 -0.9081 -0.3304
vn -0.7392 0.2047 0.6416
vn -0.0442 -0.7831 0.6203
vn -0.5825 -0.7883 0.1982
vn -0.1078 -0.7682 0.6310
vt 0.622257 0.551498
vt 0.633923 0.568926
vt 0.621945 0.570809
vt 0.340068 0.243448
vt 0.313820 0.245350
vt 0.330984 0.234165
vt 0.162977 0.901473
vt 0.154296 0.915118
vt 0.155504 0.898674
vt 0.162248 0.913219
vt 0.989119 0.832219
vt 0.980790 0.838129
vt 0.982588 0.828356
vt 0.988173 0.840701
vt 0.629535 0.552827
vt 0.654223 0.617590
vt 0.651636 0.590009
vt 0.666813 0.596943
vt 0.632651 0.602533
vt 0.643722 0.610297
vt 0.647426 0.630220
vt 0.676525 0.595341
vt 0.680950 0.615951
vt 0.664680 0.629499
vt 0.666505 0.618167
vt 0.687537 0.585585
vt 0.698266 0.605529
vt 0.707892 0.585814
vt 0.691197 0.615557
vt 0.684950 0.625749
vt 0.979598 0.851611
vt 0.987628 0.850707
vt 0.640746 0.580199
vt 0.629944 0.586263
vt 0.185244 0.397786
vt 0.151848 0.401774
vt 0.191995 0.367598
vt 0.160692 0.368287
vt 0.194564 0.346644
vt 0.165839 0.346546
vt 0.169990 0.313234
vt 0.195598 0.325722
vt 0.169451 0.324837
vt 0.193455 0.310538
vt 0.177773 0.424408
vt 0.160099 0.423609
vt 0.371437 0.217473
vt 0.365939 0.239114
vt 0.356189 0.230853
vt 0.409470 0.197381
vt 0.398852 0.186351
vt 0.381495 0.225040
vt 0.421658 0.182490
vt 0.411708 0.170580
vt 0.147273 0.349977
vt 0.131269 0.331719
vt 0.132184 0.317747
vt 0.143060 0.426574
vt 0.139660 0.414990
vt 0.138170 0.405215
vt 0.126905 0.378149
vt 0.123812 0.365125
vt 0.617152 0.619379
vt 0.426856 0.208061
vt 0.415866 0.222288
vt 0.513954 0.821657
vt 0.529521 0.851884
vt 0.510644 0.835787
vt 0.544695 0.822197
vt 0.963085 0.748973
vt 0.968418 0.730304
vt 0.976316 0.748839
vt 0.051252 0.358886
vt 0.060548 0.341463
vt 0.067331 0.367996
vt 0.462784 0.263929
vt 0.442743 0.259762
vt 0.467458 0.245663
vt 0.031545 0.376551
vt 0.052906 0.383262
vt 0.042004 0.391503
vt 0.989075 0.726937
vt 0.990657 0.743165
vt 0.033270 0.395927
vt 0.022776 0.380298
vt 0.946924 0.727202
vt 0.945392 0.743741
vt 0.399397 0.265467
vt 0.357645 0.265189
vt 0.390399 0.244822
vt 0.787676 0.317331
vt 0.787676 0.332745
vt 0.772242 0.325246
vt 0.439480 0.281697
vt 0.458449 0.279290
vt 0.441199 0.272953
vt 0.936115 0.738205
vt 0.932145 0.716201
vt 0.148530 0.195317
vt 0.172760 0.204343
vt 0.147851 0.204028
vt 0.105721 0.253032
vt 0.095558 0.239927
vt 0.108079 0.217105
vt 0.589337 0.756819
vt 0.597405 0.771196
vt 0.576211 0.778315
vt 0.132460 0.248647
vt 0.128562 0.215746
vt 0.578610 0.711791
vt 0.604925 0.722407
vt 0.578895 0.719323
vt 0.163598 0.181602
vt 0.193442 0.180159
vt 0.197299 0.195098
vt 0.173303 0.195199
vt 0.132383 0.182175
vt 0.482868 0.708444
vt 0.471633 0.708014
vt 0.479173 0.672633
vt 0.110789 0.185230
vt 0.107979 0.196510
vt 0.129514 0.196837
vt 0.492767 0.735651
vt 0.499472 0.729836
vt 0.539503 0.769566
vt 0.576350 0.756679
vt 0.577804 0.734595
vt 0.499472 0.641489
vt 0.478058 0.656536
vt 0.491162 0.639777
vt 0.545799 0.736127
vt 0.523993 0.768041
vt 0.504915 0.738285
vt 0.524351 0.737636
vt 0.505769 0.767429
vt 0.469999 0.676443
vt 0.455598 0.113719
vt 0.467085 0.084217
vt 0.476533 0.092737
vt 0.446348 0.105641
vt 0.485070 0.082054
vt 0.504915 0.087980
vt 0.502865 0.099221
vt 0.162654 0.644715
vt 0.165799 0.683532
vt 0.155339 0.661477
vt 0.154192 0.646343
vt 0.194922 0.242011
vt 0.195487 0.261354
vt 0.179077 0.263415
vt 0.177706 0.242176
vt 0.152770 0.263856
vt 0.154674 0.242368
vt 0.452509 0.147442
vt 0.438289 0.135366
vt 0.472507 0.128487
vt 0.424358 0.156017
vt 0.134036 0.290644
vt 0.135340 0.269147
vt 0.160368 0.282386
vt 0.586760 0.795739
vt 0.573835 0.799458
vt 0.602790 0.792463
vt 0.572949 0.820094
vt 0.520488 0.794318
vt 0.545175 0.795916
vt 0.446817 0.181613
vt 0.434014 0.167750
vt 0.466246 0.162421
vt 0.913752 0.164910
vt 0.913461 0.176921
vt 0.910950 0.183106
vt 0.915491 0.165243
vt 0.029035 0.337328
vt 0.040530 0.316658
vt 0.962877 0.717884
vt 0.853891 0.947678
vt 0.871984 0.955359
vt 0.844048 0.969802
vt 0.849539 0.919848
vt 0.875866 0.930370
vt 0.389546 0.913946
vt 0.378241 0.916098
vt 0.376868 0.914630
vt 0.388937 0.915531
vt 0.491253 0.250418
vt 0.371976 0.917534
vt 0.368842 0.933053
vt 0.367221 0.932336
vt 0.373505 0.919213
vt 0.990657 0.712986
vt 0.978697 0.731245
vt 0.980975 0.717234
vt 0.019970 0.364562
vt 0.475635 0.272612
vt 0.423499 0.939158
vt 0.414456 0.927321
vt 0.415568 0.925928
vt 0.422406 0.941082
vt 0.036916 0.350403
vt 0.921474 0.166104
vt 0.918804 0.185451
vt 0.910866 0.188145
vt 0.930017 0.150909
vt 0.934915 0.155464
vt 0.923313 0.157192
vt 0.383241 0.968962
vt 0.390068 0.965761
vt 0.403315 0.971354
vt 0.393752 0.973558
vt 0.402534 0.976763
vt 0.368662 0.942177
vt 0.376327 0.934516
vt 0.380493 0.951381
vt 0.375803 0.955547
vt 0.383523 0.918108
vt 0.693507 0.942278
vt 0.686770 0.931116
vt 0.686719 0.924176
vt 0.685743 0.947123
vt 0.917496 0.206835
vt 0.924381 0.203232
vt 0.934915 0.212605
vt 0.693507 0.957240
vt 0.686293 0.959514
vt 0.686728 0.965034
vt 0.914057 0.202290
vt 0.468438 0.229208
vt 0.489375 0.229281
vt 0.115439 0.409881
vt 0.097934 0.377964
vt 0.117746 0.380356
vt 0.694509 0.628802
vt 0.681544 0.635338
vt 0.960004 0.866448
vt 0.960004 0.881781
vt 0.945840 0.868485
vt 0.336581 0.828477
vt 0.343687 0.809833
vt 0.354778 0.828477
vt 0.678793 0.646618
vt 0.664316 0.634055
vt 0.623106 0.644128
vt 0.645321 0.642055
vt 0.098348 0.358821
vt 0.089872 0.407389
vt 0.103059 0.351906
vt 0.114187 0.334097
vt 0.415918 0.237989
vt 0.426851 0.256443
vt 0.109779 0.319122
vt 0.091912 0.333728
vt 0.223621 0.554360
vt 0.225377 0.525187
vt 0.241579 0.534519
vt 0.575832 0.838294
vt 0.605008 0.813542
vt 0.950749 0.348735
vt 0.963726 0.345427
vt 0.963726 0.358922
vt 0.444957 0.229403
vt 0.428081 0.228978
vt 0.439009 0.218855
vt 0.566674 0.839588
vt 0.540098 0.854215
vt 0.543089 0.841442
vt 0.578527 0.851942
vt 0.641543 0.665216
vt 0.661769 0.658287
vt 0.659853 0.668716
vt 0.957699 0.775073
vt 0.941932 0.758773
vt 0.960606 0.762900
vt 0.938677 0.771703
vt 0.954102 0.784235
vt 0.077039 0.352613
vt 0.086239 0.378060
vt 0.838395 0.940806
vt 0.837637 0.911841
vt 0.241579 0.590962
vt 0.224923 0.597246
vt 0.075289 0.424557
vt 0.072750 0.400434
vt 0.064118 0.415551
vt 0.828760 0.986649
vt 0.817805 0.980043
vt 0.828760 0.959164
vt 0.222863 0.554346
vt 0.605598 0.837198
vt 0.591669 0.849206
vt 0.657599 0.680139
vt 0.639529 0.677845
vt 0.062490 0.391956
vt 0.051489 0.403708
vt 0.643477 0.653713
vt 0.675885 0.659517
vt 0.662960 0.645763
vt 0.351721 0.809461
vt 0.404209 0.280959
vt 0.381196 0.272212
vt 0.421704 0.282728
vt 0.414425 0.271396
vt 0.605738 0.874925
vt 0.974075 0.762786
vt 0.970885 0.775876
vt 0.590165 0.984683
vt 0.582460 0.971913
vt 0.590165 0.963011
vt 0.873873 0.208648
vt 0.882659 0.187857
vt 0.887694 0.211439
vt 0.119547 0.634313
vt 0.118382 0.606006
vt 0.130668 0.631509
vt 0.660680 0.345371
vt 0.633898 0.342838
vt 0.630627 0.325957
vt 0.639412 0.357245
vt 0.892621 0.383206
vt 0.879628 0.382654
vt 0.878956 0.373575
vt 0.903492 0.392013
vt 0.895816 0.374362
vt 0.136099 0.650153
vt 0.119003 0.672462
vt 0.119620 0.660184
vt 0.133856 0.663431
vt 0.145676 0.656858
vt 0.144363 0.643221
vt 0.154192 0.628373
vt 0.888617 0.412487
vt 0.852624 0.088599
vt 0.842151 0.088231
vt 0.846655 0.057661
vt 0.821333 0.081030
vt 0.828287 0.044563
vt 0.874018 0.114094
vt 0.883330 0.116687
vt 0.869945 0.141400
vt 0.863993 0.087874
vt 0.856559 0.087931
vt 0.867265 0.055567
vt 0.908157 0.366294
vt 0.895277 0.365871
vt 0.133974 0.639802
vt 0.802144 0.981310
vt 0.784384 0.975148
vt 0.802144 0.959164
vt 0.660680 0.312157
vt 0.658475 0.326042
vt 0.636390 0.308719
vt 0.891784 0.359012
vt 0.906036 0.418478
vt 0.907141 0.380758
vt 0.120787 0.703716
vt 0.145254 0.700578
vt 0.598065 0.982203
vt 0.590165 0.974397
vt 0.598065 0.963011
vt 0.872801 0.414290
vt 0.888207 0.438664
vt 0.875094 0.439637
vt 0.140720 0.726260
vt 0.122960 0.730516
vt 0.901811 0.443983
vt 0.886811 0.088463
vt 0.867265 0.112507
vt 0.877654 0.088620
vt 0.857110 0.118992
vt 0.905333 0.194740
vt 0.147363 0.605377
vt 0.109780 0.644945
vt 0.109487 0.635454
vt 0.119770 0.643283
vt 0.841737 0.030289
vt 0.844969 0.114572
vt 0.910684 0.118739
vt 0.906339 0.118552
vt 0.909343 0.086707
vt 0.136350 0.985410
vt 0.127729 0.968868
vt 0.136350 0.962917
vt 0.909035 0.209041
vt 0.133364 0.605352
vt 0.871139 0.176305
vt 0.901903 0.179053
vt 0.865016 0.394895
vt 0.739801 0.330593
vt 0.753395 0.334548
vt 0.754551 0.357881
vt 0.860924 0.031912
vt 0.863345 0.020943
vt 0.889476 0.147925
vt 0.754551 0.316090
vt 0.901072 0.145309
vt 0.660680 0.328718
vt 0.687442 0.330492
vt 0.687442 0.351647
vt 0.846747 0.009119
vt 0.831566 0.000000
vt 0.131431 0.775777
vt 0.141909 0.783829
vt 0.132386 0.786396
vt 0.140645 0.755923
vt 0.153458 0.780342
vt 0.844797 0.142671
vt 0.842623 0.169607
vt 0.831451 0.133771
vt 0.896225 0.474194
vt 0.893687 0.490601
vt 0.885025 0.467716
vt 0.856774 0.158262
vt 0.892605 0.059000
vt 0.892681 0.027251
vt 0.907907 0.042864
vt 0.856665 0.168171
vt 0.908669 0.032503
vt 0.883486 0.036136
vt 0.875697 0.487787
vt 0.871053 0.469735
vt 0.836803 0.991855
vt 0.828760 0.968439
vt 0.836803 0.959164
vt 0.129385 0.758968
vt 0.885481 0.498375
vt 0.875870 0.500175
vt 0.277851 0.979673
vt 0.270571 0.974020
vt 0.277851 0.968330
vt 0.909765 0.059350
vt 0.904726 0.059217
vt 0.885231 0.022610
vt 0.880498 0.057459
vt 0.899209 0.090196
vt 0.848780 0.115150
vt 0.662871 0.308719
vt 0.683568 0.308744
vt 0.896981 0.119445
vt 0.871192 0.084250
vt 0.902823 0.120157
vt 0.854819 0.059242
vt 0.854608 0.143306
vt 0.910684 0.087919
vt 0.909759 0.148710
vt 0.854869 0.188909
vt 0.864327 0.183773
vt 0.485675 0.801416
vt 0.499842 0.796737
vt 0.499842 0.812730
vt 0.837637 0.973655
vt 0.840482 0.974838
vt 0.839837 0.978996
vt 0.984062 0.209292
vt 0.986566 0.210834
vt 0.983162 0.213621
vt 0.840209 0.185467
vt 0.841824 0.178958
vt 0.843354 0.191123
vt 0.932299 0.569618
vt 0.932846 0.561732
vt 0.940887 0.567885
vt 0.139235 0.812844
vt 0.138608 0.826664
vt 0.132726 0.832752
vt 0.142366 0.801349
vt 0.131078 0.808420
vt 0.131414 0.797707
vt 0.140591 0.794941
vt 0.978568 0.124635
vt 0.982684 0.140430
vt 0.977626 0.135703
vt 0.945069 0.557162
vt 0.947876 0.547474
vt 0.951639 0.552667
vt 0.948137 0.541310
vt 0.953476 0.541259
vt 0.491769 0.567957
vt 0.488715 0.580959
vt 0.488616 0.571387
vt 0.988087 0.140510
vt 0.988083 0.132240
vt 0.982831 0.163004
vt 0.975611 0.171987
vt 0.978713 0.162363
vt 0.986892 0.154381
vt 0.160485 0.733670
vt 0.159810 0.729899
vt 0.163751 0.732200
vt 0.125159 0.786345
vt 0.147177 0.791748
vt 0.861085 0.206983
vt 0.867265 0.202871
vt 0.862834 0.218570
vt 0.862055 0.213410
vt 0.866240 0.215436
vt 0.866687 0.211245
vt 0.943678 0.676095
vt 0.943491 0.668355
vt 0.948146 0.676037
vt 0.748220 0.315885
vt 0.744727 0.315885
vt 0.747271 0.311949
vt 0.970401 0.125356
vt 0.966972 0.126142
vt 0.966713 0.115801
vt 0.972520 0.109420
vt 0.983429 0.188984
vt 0.986566 0.189330
vt 0.985476 0.198560
vt 0.985077 0.179090
vt 0.961460 0.120038
vt 0.964367 0.124705
vt 0.980574 0.196298
vt 0.980708 0.185217
vt 0.953097 0.141394
vt 0.954991 0.130435
vt 0.957393 0.139574
vt 0.953891 0.145897
vt 0.942797 0.681423
vt 0.948426 0.681960
vt 0.941413 0.685841
vt 0.937780 0.680247
vt 0.980860 0.210220
vt 0.979949 0.203394
vt 0.985632 0.204545
vt 0.848058 0.190084
vt 0.962074 0.103030
vt 0.896119 0.508091
vt 0.890745 0.512404
vt 0.893115 0.525960
vt 0.886569 0.518272
vt 0.126649 0.821422
vt 0.988087 0.123372
vt 0.974279 0.129191
vt 0.851535 0.196986
vt 0.853104 0.205988
vt 0.848124 0.198395
vt 0.072015 0.981476
vt 0.065888 0.974521
vt 0.072015 0.969582
vt 0.958205 0.587670
vt 0.951704 0.587670
vt 0.953759 0.577724
vt 0.918118 0.555438
vt 0.920948 0.544696
vt 0.926073 0.557147
vt 0.982285 0.474196
vt 0.987087 0.486296
vt 0.977126 0.473360
vt 0.921354 0.538210
vt 0.929958 0.545273
vt 0.921822 0.568398
vt 0.918279 0.567630
vt 0.495469 0.544076
vt 0.499129 0.546798
vt 0.492474 0.553384
vt 0.496537 0.554722
vt 0.488242 0.562542
vt 0.987938 0.150669
vt 0.982477 0.152371
vt 0.165242 0.742207
vt 0.166217 0.752009
vt 0.162287 0.742735
vt 0.950298 0.566618
vt 0.954509 0.566066
vt 0.959457 0.574397
vt 0.971294 0.401890
vt 0.965047 0.407942
vt 0.965549 0.404120
vt 0.161293 0.710253
vt 0.166217 0.715712
vt 0.159808 0.714942
vt 0.693507 0.916578
vt 0.687707 0.924176
vt 0.688191 0.919883
vt 0.885978 0.538911
vt 0.891460 0.545618
vt 0.884904 0.543854
vt 0.502786 0.959145
vt 0.497801 0.966036
vt 0.498674 0.961680
vt 0.965057 0.909501
vt 0.968081 0.916149
vt 0.963440 0.913250
vt 0.942552 0.544987
vt 0.159711 0.720446
vt 0.495564 0.580848
vt 0.492492 0.580226
vt 0.496597 0.568944
vt 0.089391 0.977053
vt 0.087622 0.978549
vt 0.085598 0.974216
vt 0.089391 0.969948
vt 0.085598 0.970125
vt 0.499634 0.543293
vt 0.952614 0.576124
vt 0.957717 0.577724
vt 0.984084 0.106859
vt 0.974108 0.087898
vt 0.685263 0.920595
vt 0.960507 0.414958
vt 0.961748 0.404887
vt 0.960157 0.904051
vt 0.956312 0.914811
vt 0.876069 0.545499
vt 0.879785 0.537393
vt 0.879245 0.545634
vt 0.156204 0.702454
vt 0.154751 0.711974
vt 0.880211 0.520616
vt 0.875703 0.521421
vt 0.969949 0.885929
vt 0.148189 0.964098
vt 0.153959 0.962917
vt 0.153959 0.977897
vt 0.610499 0.805160
vt 0.605738 0.785071
vt 0.610499 0.780318
vt 0.500546 0.671285
vt 0.503886 0.688857
vt 0.499472 0.689777
vt 0.154192 0.720640
vt 0.164026 0.752190
vt 0.157001 0.743580
vt 0.154728 0.734900
vt 0.154295 0.731088
vt 0.843552 0.977013
vt 0.840749 0.971381
vt 0.843552 0.971815
vt 0.857547 0.219392
vt 0.857543 0.211211
vt 0.856005 0.206575
vt 0.856894 0.225597
vt 0.860907 0.225069
vt 0.860372 0.229789
vt 0.955945 0.118715
vt 0.960474 0.127026
vt 0.963091 0.130888
vt 0.959789 0.130816
vt 0.954851 0.126465
vt 0.963276 0.137607
vt 0.964213 0.144553
vt 0.958939 0.145767
vt 0.963052 0.148355
vt 0.931364 0.579452
vt 0.917734 0.574524
vt 0.919497 0.577705
vt 0.928880 0.580995
vt 0.938282 0.674130
vt 0.937774 0.684533
vt 0.936228 0.573544
vt 0.942552 0.562415
vt 0.830191 0.170117
vt 0.830901 0.159889
vt 0.914935 0.537968
vt 0.909464 0.549260
vt 0.909141 0.561137
vt 0.959457 0.533590
vt 0.488562 0.587950
vt 0.495841 0.588960
vt 0.836193 0.356904
vt 0.839962 0.351416
vt 0.839962 0.358560
vt 0.496410 0.592268
vt 0.083458 0.975507
vt 0.082915 0.969582
vt 0.504069 0.544469
vt 0.503670 0.547810
vt 0.941473 0.549345
vt 0.933815 0.533590
vt 0.942552 0.536145
vt 0.898037 0.516146
vt 0.488617 0.592070
vt 0.504069 0.605856
vt 0.164902 0.683532
vt 0.974234 0.433683
vt 0.888693 0.000000
vt 0.890020 0.531148
vt 0.892296 0.002975
vt 0.503886 0.708212
vt 0.157934 0.753042
vt 0.978816 0.172042
vt 0.980835 0.144449
vt 0.164916 0.722340
vt 0.486299 0.574796
vt 0.501288 0.556201
vt 0.965485 0.396615
vt 0.757488 0.333334
vt 0.758274 0.321434
vt 0.764075 0.326916
vt 0.761482 0.312510
vt 0.766412 0.313231
vt 0.978685 0.532824
vt 0.981504 0.547448
vt 0.975628 0.539257
vt 0.961197 0.396348
vt 0.965513 0.369550
vt 0.974234 0.359178
vt 0.969357 0.370158
vt 0.961328 0.380720
vt 0.962472 0.938118
vt 0.961973 0.933939
vt 0.966024 0.936804
vt 0.977743 0.504064
vt 0.981264 0.513852
vt 0.975793 0.514956
vt 0.979436 0.522413
vt 0.973322 0.527410
vt 0.960503 0.384863
vt 0.966493 0.382781
vt 0.967415 0.949261
vt 0.969949 0.960123
vt 0.964345 0.949900
vt 0.762441 0.345360
vt 0.765900 0.337708
vt 0.770121 0.346226
vt 0.966286 0.924942
vt 0.962512 0.923508
vt 0.985079 0.547409
vt 0.983179 0.533546
vt 0.848446 0.978901
vt 0.844820 0.980747
vt 0.843552 0.976816
vt 0.848446 0.972445
vt 0.843815 0.972586
vt 0.981567 0.507159
vt 0.768212 0.355847
vt 0.772242 0.352927
vt 0.956730 0.923296
vt 0.966594 0.960577
vt 0.959677 0.950205
vt 0.956473 0.939061
vt 0.956245 0.934857
vt 0.772242 0.307094
vt 0.358788 0.809461
vt 0.358788 0.815490
vt 0.354778 0.809889
vt 0.985162 0.501520
vt 0.986798 0.507387
vt 0.771285 0.358619
vt 0.981514 0.501640
vt 0.985650 0.514102
vt 0.961034 0.961053
vt 0.970727 0.359012
vt 0.968385 0.394279
vt 0.755884 0.309668
vt 0.984133 0.522711
vt 0.986798 0.553475
vt 0.977115 0.547069
vt 0.499314 0.955265
vt 0.805455 0.332667
vt 0.806175 0.321217
vt 0.811395 0.326434
vt 0.810115 0.313168
vt 0.813495 0.313180
vt 0.497947 0.900102
vt 0.499905 0.913486
vt 0.494540 0.905899
vt 0.495266 0.955402
vt 0.496223 0.964760
vt 0.496512 0.929684
vt 0.502786 0.919447
vt 0.500206 0.929923
vt 0.493417 0.940545
vt 0.891197 0.566789
vt 0.889580 0.562725
vt 0.893861 0.564316
vt 0.496643 0.872937
vt 0.499895 0.882234
vt 0.495274 0.883224
vt 0.498353 0.890402
vt 0.493127 0.895077
vt 0.493127 0.944477
vt 0.498510 0.941968
vt 0.898359 0.575350
vt 0.903116 0.584525
vt 0.895744 0.576643
vt 0.810478 0.343874
vt 0.812909 0.336452
vt 0.817128 0.344312
vt 0.891171 0.553434
vt 0.887431 0.553070
vt 0.503437 0.913907
vt 0.502178 0.900885
vt 0.884971 0.978092
vt 0.881569 0.979614
vt 0.880422 0.976299
vt 0.884971 0.972172
vt 0.880720 0.971834
vt 0.882694 0.969802
vt 0.500297 0.875753
vt 0.815127 0.353469
vt 0.818882 0.350677
vt 0.882138 0.554510
vt 0.900393 0.585716
vt 0.891854 0.578335
vt 0.886164 0.568808
vt 0.884875 0.565090
vt 0.818882 0.307094
vt 0.226715 0.788838
vt 0.226715 0.794576
vt 0.222863 0.789422
vt 0.503339 0.870205
vt 0.504909 0.876070
vt 0.817900 0.356601
vt 0.499468 0.870308
vt 0.503988 0.882552
vt 0.895618 0.587700
vt 0.499564 0.919649
vt 0.500640 0.952607
vt 0.803057 0.310426
vt 0.502857 0.890782
vt 0.504909 0.919447
vt 0.494005 0.912508
vt 0.879456 0.548898
vt 0.690501 0.914133
vt 0.138662 0.850040
vt 0.133946 0.840714
vt 0.139738 0.842858
vt 0.138193 0.833458
vt 0.978084 0.458564
vt 0.979263 0.468316
vt 0.974230 0.460304
vt 0.685230 0.914846
vt 0.687475 0.893859
vt 0.693507 0.885669
vt 0.690730 0.894079
vt 0.685335 0.900953
vt 0.900167 0.557098
vt 0.898638 0.553772
vt 0.902822 0.554316
vt 0.979421 0.435562
vt 0.982048 0.442682
vt 0.976858 0.443762
vt 0.979355 0.452224
vt 0.974839 0.452604
vt 0.684999 0.905073
vt 0.691152 0.903174
vt 0.905562 0.563314
vt 0.909141 0.571650
vt 0.903050 0.564328
vt 0.144567 0.857319
vt 0.142474 0.849068
vt 0.149938 0.855357
vt 0.899796 0.544494
vt 0.896194 0.545162
vt 0.982620 0.468790
vt 0.981965 0.459892
vt 0.906844 0.571012
vt 0.908521 0.574438
vt 0.667784 0.358828
vt 0.664221 0.357557
vt 0.667784 0.353797
vt 0.664145 0.353859
vt 0.665634 0.351647
vt 0.983255 0.437484
vt 0.151472 0.863394
vt 0.154192 0.860361
vt 0.889545 0.541074
vt 0.894146 0.535586
vt 0.891260 0.546522
vt 0.899584 0.565926
vt 0.895523 0.559667
vt 0.894138 0.555777
vt 0.661430 0.358391
vt 0.660680 0.353421
vt 0.154101 0.864368
vt 0.982378 0.433683
vt 0.987087 0.437798
vt 0.985244 0.444116
vt 0.902997 0.573580
vt 0.690539 0.885785
vt 0.905198 0.972944
vt 0.908227 0.970760
vt 0.908227 0.980347
vt 0.691479 0.910880
vt 0.127249 0.832875
vt 0.983252 0.453334
vt 0.974063 0.465963
vt 0.889349 0.537444
vt 0.838064 0.969802
vt 0.956924 0.147884
vt 0.952763 0.134690
vt 0.856921 0.230473
vt 0.946866 0.686696
vt 0.905198 0.978776
vt 0.901340 0.975714
vt 0.905198 0.970760
vt 0.933981 0.666339
vt 0.930364 0.586885
vt 0.948426 0.668495
vt 0.846049 0.969802
vt 0.973527 0.174397
vt 0.976080 0.175822
vt 0.978594 0.193125
vt 0.120092 0.650432
vt 0.909141 0.372142
vt 0.864552 0.648731
vt 0.860802 0.635129
vt 0.864552 0.627068
vt 0.245166 0.704675
vt 0.243899 0.705566
vt 0.243998 0.694962
vt 0.653002 0.585597
vt 0.642565 0.573463
vt 0.653093 0.583187
vt 0.641720 0.575685
vt 0.156963 0.941823
vt 0.161985 0.924818
vt 0.164146 0.938645
vt 0.154192 0.928231
vt 0.841633 0.876292
vt 0.837131 0.865357
vt 0.839441 0.865248
vt 0.245166 0.715639
vt 0.677234 0.589514
vt 0.668962 0.591367
vt 0.668990 0.587994
vt 0.685523 0.582665
vt 0.676307 0.586128
vt 0.683132 0.580752
vt 0.165998 0.950653
vt 0.696338 0.559430
vt 0.698695 0.559772
vt 0.989119 0.870260
vt 0.329531 0.259367
vt 0.308505 0.250553
vt 0.636484 0.565339
vt 0.366809 0.792488
vt 0.366809 0.811445
vt 0.360284 0.802736
vt 0.027355 0.316506
vt 0.031845 0.309498
vt 0.490340 0.273057
vt 0.939971 0.699567
vt 0.939881 0.710675
vt 0.967295 0.708759
vt 0.705140 0.987692
vt 0.694205 0.970588
vt 0.705140 0.962798
vt 0.502079 0.237087
vt 0.503805 0.252570
vt 0.883947 0.947420
vt 0.882395 0.954107
vt 0.504633 0.267103
vt 0.504915 0.272889
vt 0.956326 0.694069
vt 0.967195 0.695541
vt 0.416985 0.916717
vt 0.410851 0.920995
vt 0.367316 0.942980
vt 0.376745 0.961522
vt 0.412235 0.970692
vt 0.402894 0.978966
vt 0.417081 0.969712
vt 0.383103 0.970401
vt 0.403477 0.918394
vt 0.403676 0.916825
vt 0.409488 0.922735
vt 0.171216 0.214189
vt 0.197142 0.213452
vt 0.144475 0.214943
vt 0.126822 0.203937
vt 0.084012 0.219087
vt 0.547235 0.713259
vt 0.547304 0.719222
vt 0.492326 0.106982
vt 0.527196 0.721924
vt 0.194644 0.280725
vt 0.886296 0.929092
vt 0.941094 0.687979
vt 0.875797 0.965760
vt 0.862714 0.969802
vt 0.712043 0.680139
vt 0.712043 0.695693
vt 0.710930 0.681471
vt 0.423499 0.963520
vt 0.910684 0.190009
vt 0.422902 0.951725
vt 0.986101 0.691723
vt 0.983472 0.706703
vt 0.016938 0.330653
vt 0.013402 0.353829
vt 0.000000 0.343821
vt 0.500487 0.229831
vt 0.439180 0.194351
vt 0.773292 0.307094
vt 0.349733 0.252223
vt 0.485675 0.796737
vt 0.478347 0.807893
vt 0.469999 0.802851
vt 0.777479 0.358976
vt 0.510320 0.725181
vt 0.522996 0.866822
vt 0.709540 0.571362
vt 0.342513 0.968538
vt 0.356056 0.951007
vt 0.356056 0.982692
vt 0.358050 0.207293
vt 0.345020 0.221507
vt 0.387570 0.174694
vt 0.400428 0.158542
vt 0.427284 0.125964
vt 0.412521 0.146199
vt 0.475400 0.072510
vt 0.485675 0.813235
vt 0.111043 0.295057
vt 0.197538 0.204663
vt 0.109200 0.274028
vt 0.105256 0.203851
vt 0.501987 0.969423
vt 0.493127 0.981266
vt 0.493560 0.966036
vt 0.502090 0.981266
vt 0.673378 0.669033
vt 0.989815 0.756911
vt 0.236651 0.667513
vt 0.244735 0.652642
vt 0.244735 0.673667
vt 0.568647 0.963011
vt 0.574252 0.981216
vt 0.564051 0.981216
vt 0.127530 0.429681
vt 0.605738 0.715514
vt 0.624782 0.532110
vt 0.636194 0.537965
vt 0.320321 0.225807
vt 0.159699 0.888096
vt 0.165998 0.894462
vt 0.673826 0.525035
vt 0.672629 0.517616
vt 0.682041 0.520113
vt 0.681761 0.527787
vt 0.663350 0.493108
vt 0.656668 0.521379
vt 0.639903 0.503630
vt 0.658588 0.478005
vt 0.651895 0.498835
vt 0.689589 0.498137
vt 0.675512 0.481777
vt 0.675548 0.494835
vt 0.691555 0.530792
vt 0.705381 0.508493
vt 0.712127 0.528046
vt 0.695088 0.487493
vt 0.699824 0.497910
vt 0.280976 0.226819
vt 0.280875 0.217726
vt 0.291986 0.225825
vt 0.288771 0.232952
vt 0.644551 0.528303
vt 0.634907 0.518580
vt 0.214004 0.401810
vt 0.218955 0.368320
vt 0.220476 0.346577
vt 0.215520 0.313260
vt 0.220461 0.324866
vt 0.194329 0.423629
vt 0.348093 0.196618
vt 0.334643 0.211605
vt 0.325194 0.202714
vt 0.363075 0.155933
vt 0.375429 0.165426
vt 0.339589 0.187603
vt 0.375114 0.140910
vt 0.388826 0.150138
vt 0.232543 0.350025
vt 0.634921 0.126453
vt 0.661045 0.139664
vt 0.658488 0.153690
vt 0.630627 0.138366
vt 0.627331 0.508761
vt 0.621055 0.502181
vt 0.612256 0.512525
vt 0.239874 0.378213
vt 0.645216 0.167656
vt 0.661673 0.187577
vt 0.245820 0.365194
vt 0.627394 0.479698
vt 0.345624 0.135491
vt 0.335499 0.150491
vt 0.367082 0.110381
vt 0.357828 0.121674
vt 0.326590 0.118425
vt 0.341720 0.090751
vt 0.689174 0.413139
vt 0.675724 0.411591
vt 0.685676 0.396767
vt 0.992345 0.330002
vt 0.996629 0.343672
vt 0.971539 0.335365
vt 0.282584 0.102945
vt 0.297372 0.093714
vt 0.287515 0.121087
vt 0.988803 0.276082
vt 0.974067 0.274614
vt 0.977032 0.260204
vt 0.986321 0.241239
vt 0.977415 0.289926
vt 0.661447 0.398846
vt 0.674761 0.397168
vt 0.262263 0.104025
vt 0.261637 0.122819
vt 0.246051 0.120096
vt 0.289810 0.167566
vt 0.315738 0.178122
vt 0.291153 0.205788
vt 0.321172 0.133469
vt 0.314519 0.147403
vt 0.996893 0.249276
vt 0.273712 0.123327
vt 0.246119 0.098597
vt 0.235536 0.195366
vt 0.235753 0.204078
vt 0.216762 0.204368
vt 0.697699 0.081196
vt 0.699127 0.046274
vt 0.709812 0.070171
vt 0.722845 0.093146
vt 0.671684 0.072076
vt 0.678112 0.041067
vt 0.732691 0.029443
vt 0.731420 0.036469
vt 0.699712 0.034109
vt 0.219166 0.181634
vt 0.216806 0.195224
vt 0.660191 0.017549
vt 0.655715 0.000000
vt 0.679995 0.007478
vt 0.727496 0.019875
vt 0.753843 0.022150
vt 0.701415 0.014457
vt 0.698562 0.026617
vt 0.676945 0.022912
vt 0.385072 0.056686
vt 0.359699 0.045604
vt 0.372988 0.032353
vt 0.388690 0.013120
vt 0.449939 0.038867
vt 0.426454 0.028949
vt 0.425035 0.009434
vt 0.403688 0.028607
vt 0.399666 0.066445
vt 0.419162 0.043150
vt 0.438001 0.058455
vt 0.417719 0.079542
vt 0.360284 0.762563
vt 0.366149 0.732140
vt 0.366149 0.765589
vt 0.436144 0.096340
vt 0.456755 0.075071
vt 0.464372 0.063566
vt 0.443787 0.046448
vt 0.165799 0.605352
vt 0.154412 0.631613
vt 0.209497 0.263432
vt 0.209574 0.242195
vt 0.228125 0.263898
vt 0.227223 0.242410
vt 0.417481 0.116777
vt 0.401769 0.102113
vt 0.402103 0.136136
vt 0.652230 0.082627
vt 0.664862 0.091683
vt 0.662803 0.112933
vt 0.642996 0.099113
vt 0.708254 0.108110
vt 0.721694 0.113406
vt 0.653206 0.061350
vt 0.689007 0.101184
vt 0.744932 0.137794
vt 0.722378 0.135417
vt 0.362591 0.072993
vt 0.380567 0.085879
vt 0.387322 0.126037
vt 0.749037 0.082533
vt 0.744308 0.110042
vt 0.502763 0.388353
vt 0.503142 0.374206
vt 0.504739 0.379541
vt 0.504739 0.388706
vt 0.953761 0.313407
vt 0.979982 0.303195
vt 0.703334 0.405613
vt 0.692936 0.386177
vt 0.729723 0.927764
vt 0.735030 0.898861
vt 0.753188 0.921973
vt 0.950749 0.345427
vt 0.470236 0.760223
vt 0.469999 0.746302
vt 0.471617 0.747460
vt 0.471639 0.759382
vt 0.290425 0.071006
vt 0.471554 0.741356
vt 0.483527 0.735651
vt 0.484065 0.737555
vt 0.473401 0.742637
vt 0.662376 0.384660
vt 0.674079 0.384688
vt 0.271143 0.089926
vt 0.763816 0.925105
vt 0.764948 0.909714
vt 0.766506 0.910489
vt 0.765203 0.926354
vt 0.988873 0.315973
vt 0.701978 0.691655
vt 0.710930 0.680139
vt 0.707477 0.693990
vt 0.704020 0.682481
vt 0.502968 0.796208
vt 0.493352 0.796737
vt 0.498769 0.790273
vt 0.704550 0.719038
vt 0.710930 0.717082
vt 0.703466 0.706233
vt 0.225348 0.739747
vt 0.238966 0.729308
vt 0.232720 0.739986
vt 0.230418 0.731144
vt 0.234359 0.724496
vt 0.222863 0.770181
vt 0.230363 0.757061
vt 0.232120 0.774141
vt 0.224477 0.755084
vt 0.229377 0.788838
vt 0.238966 0.785896
vt 0.224450 0.778331
vt 0.477973 0.762336
vt 0.477989 0.782551
vt 0.475100 0.775071
vt 0.484442 0.778244
vt 0.478603 0.748463
vt 0.481529 0.788391
vt 0.762647 0.887433
vt 0.755160 0.901825
vt 0.641994 0.408355
vt 0.645214 0.392656
vt 1.000000 0.278212
vt 0.349042 0.681008
vt 0.363004 0.707590
vt 0.353528 0.718301
vt 0.280700 0.182433
vt 0.271595 0.191808
vt 0.264404 0.184643
vt 0.278774 0.150210
vt 0.266746 0.158155
vt 0.258468 0.173772
vt 0.692127 0.464774
vt 0.693124 0.477416
vt 0.675820 0.477157
vt 0.636956 0.455238
vt 0.658296 0.465108
vt 0.366781 0.732140
vt 0.336581 0.694255
vt 0.674424 0.159332
vt 0.680844 0.179118
vt 0.293147 0.136997
vt 0.681577 0.145461
vt 0.700928 0.162485
vt 0.706884 0.934077
vt 0.714767 0.954588
vt 0.694205 0.962798
vt 0.719373 0.154163
vt 0.683884 0.121565
vt 0.312079 0.110694
vt 0.324866 0.103117
vt 0.727187 0.155839
vt 0.755884 0.175289
vt 0.717240 0.168496
vt 0.748934 0.159454
vt 0.658144 0.438811
vt 0.676732 0.438533
vt 0.676949 0.451261
vt 0.247478 0.151113
vt 0.245820 0.136065
vt 0.263161 0.141092
vt 0.250337 0.163357
vt 0.990087 0.215662
vt 1.000000 0.229987
vt 0.972415 0.222627
vt 0.710203 0.891322
vt 0.658203 0.452871
vt 0.642775 0.438014
vt 0.973322 0.566831
vt 0.983540 0.553475
vt 0.983540 0.581336
vt 0.731720 0.947555
vt 0.950749 0.244023
vt 0.974844 0.231995
vt 0.959343 0.253391
vt 0.737646 0.886169
vt 0.706127 0.934047
vt 0.660699 0.199071
vt 0.684590 0.186739
vt 0.667860 0.203202
vt 0.676380 0.424003
vt 0.658225 0.422861
vt 0.972538 0.586986
vt 0.960503 0.573318
vt 0.972538 0.561229
vt 0.645077 0.426561
vt 0.952089 0.271522
vt 0.967951 0.256850
vt 0.691176 0.450995
vt 0.676260 0.464374
vt 0.962730 0.273751
vt 0.689919 0.425874
vt 0.690223 0.439302
vt 0.687442 0.331527
vt 0.689116 0.316416
vt 0.705525 0.326805
vt 0.850077 0.598248
vt 0.860050 0.598969
vt 0.851745 0.627068
vt 0.907796 0.857756
vt 0.924378 0.885929
vt 0.908254 0.880030
vt 0.891180 0.878779
vt 0.929328 0.837852
vt 0.916828 0.843818
vt 0.918135 0.834576
vt 0.845301 0.559208
vt 0.836646 0.575978
vt 0.834685 0.565594
vt 0.864083 0.580037
vt 0.848915 0.573181
vt 0.859390 0.565746
vt 0.652585 0.981185
vt 0.651063 0.991107
vt 0.639554 0.978433
vt 0.930473 0.384458
vt 0.947208 0.395996
vt 0.947681 0.407900
vt 0.930285 0.802739
vt 0.917960 0.447357
vt 0.925028 0.414367
vt 0.927055 0.445895
vt 0.952616 0.447109
vt 0.359163 0.789798
vt 0.360284 0.809461
vt 0.347708 0.790632
vt 0.864998 0.763458
vt 0.855505 0.732112
vt 0.872046 0.761517
vt 0.850977 0.590515
vt 0.835956 0.585315
vt 0.932145 0.880215
vt 0.945338 0.874147
vt 0.945840 0.882399
vt 0.945888 0.359012
vt 0.834397 0.593015
vt 0.928316 0.859944
vt 0.931926 0.853741
vt 0.845624 0.528820
vt 0.826773 0.528780
vt 0.865016 0.525347
vt 0.752089 0.962798
vt 0.752089 0.985564
vt 0.743243 0.974882
vt 0.915215 0.798983
vt 0.917335 0.776523
vt 0.929384 0.779927
vt 0.842500 0.499145
vt 0.856244 0.498164
vt 0.827295 0.499554
vt 0.348971 0.768831
vt 0.905794 0.798925
vt 0.908222 0.779131
vt 0.873180 0.794810
vt 0.713307 0.308719
vt 0.833440 0.624763
vt 0.960503 0.386391
vt 0.652585 0.950336
vt 0.862659 0.590411
vt 0.923067 0.473854
vt 0.877401 0.760404
vt 0.877738 0.789973
vt 0.932145 0.846654
vt 0.925512 0.359869
vt 0.913552 0.378782
vt 0.909141 0.365060
vt 0.099780 0.962917
vt 0.101082 0.986022
vt 0.089724 0.986022
vt 0.865016 0.624998
vt 0.713307 0.343755
vt 0.868870 0.701017
vt 0.849425 0.692189
vt 0.870118 0.687979
vt 0.904544 0.820993
vt 0.886296 0.694441
vt 0.881971 0.725514
vt 0.917536 0.393947
vt 0.968577 0.213621
vt 0.949931 0.213621
vt 0.964451 0.185515
vt 0.870943 0.731023
vt 0.949684 0.475610
vt 0.960503 0.360001
vt 0.840055 0.446917
vt 0.840434 0.436495
vt 0.847603 0.436056
vt 0.943051 0.507085
vt 0.941425 0.533590
vt 0.922741 0.532769
vt 0.922742 0.505162
vt 0.841459 0.465695
vt 0.827947 0.467826
vt 0.869761 0.839428
vt 0.880647 0.819389
vt 0.882033 0.848562
vt 0.858297 0.819423
vt 0.858667 0.850150
vt 0.869888 0.850215
vt 0.900285 0.756671
vt 0.903771 0.728842
vt 0.914905 0.738273
vt 0.924537 0.756373
vt 0.910808 0.753380
vt 0.829796 0.434094
vt 0.849530 0.464827
vt 0.915200 0.726892
vt 0.923779 0.730798
vt 0.867426 0.822518
vt 0.873050 0.821907
vt 0.359366 0.749040
vt 0.358896 0.770887
vt 0.861716 0.792319
vt 0.882274 0.787870
vt 0.848482 0.763391
vt 0.859517 0.763657
vt 0.841969 0.731963
vt 0.346106 0.747451
vt 0.336581 0.766103
vt 0.360284 0.732140
vt 0.752584 0.221291
vt 0.754218 0.248673
vt 0.744727 0.223950
vt 0.754218 0.203202
vt 0.848196 0.692767
vt 0.745545 0.251605
vt 0.749550 0.278398
vt 0.879275 0.868697
vt 0.865855 0.867775
vt 0.886296 0.724594
vt 0.894176 0.739411
vt 0.953737 0.180630
vt 0.954605 0.185515
vt 0.951355 0.182946
vt 0.962331 0.964574
vt 0.964581 0.961053
vt 0.966685 0.965002
vt 0.454696 0.991329
vt 0.460285 0.993642
vt 0.450665 0.996379
vt 0.469925 0.988821
vt 0.463244 0.984688
vt 0.446912 0.962016
vt 0.460266 0.945237
vt 0.458310 0.953351
vt 0.850023 0.421519
vt 0.839830 0.416811
vt 0.846433 0.410706
vt 0.839766 0.426358
vt 0.848509 0.427825
vt 0.962040 0.451093
vt 0.966063 0.461305
vt 0.960503 0.467364
vt 0.607820 0.963011
vt 0.611382 0.966815
vt 0.605360 0.970337
vt 0.487947 0.965776
vt 0.492725 0.964251
vt 0.488840 0.971200
vt 0.965645 0.474661
vt 0.963197 0.470933
vt 0.799749 0.323433
vt 0.795578 0.321744
vt 0.803057 0.310828
vt 0.795192 0.314594
vt 0.797959 0.343809
vt 0.801430 0.344490
vt 0.803057 0.354225
vt 0.796237 0.334430
vt 0.356273 0.890344
vt 0.359524 0.891268
vt 0.356059 0.894185
vt 0.162655 0.960636
vt 0.154192 0.958546
vt 0.160896 0.951770
vt 0.880238 0.886823
vt 0.872204 0.885042
vt 0.881835 0.898390
vt 0.877041 0.896636
vt 0.881124 0.893239
vt 0.875595 0.892669
vt 0.488331 0.993049
vt 0.488853 0.997241
vt 0.480602 0.994662
vt 0.478803 1.000000
vt 0.477213 0.995227
vt 0.483028 0.999846
vt 0.639554 0.976743
vt 0.633070 0.982566
vt 0.637019 0.974140
vt 0.636019 0.991169
vt 0.633085 0.973822
vt 0.636629 0.965330
vt 0.628345 0.976022
vt 0.632222 0.967928
vt 0.884991 0.904333
vt 0.879977 0.905477
vt 0.886296 0.908963
vt 0.963726 0.349154
vt 0.969210 0.346853
vt 0.968646 0.351993
vt 0.957740 0.178136
vt 0.958648 0.183395
vt 0.967061 0.970111
vt 0.962097 0.969666
vt 0.636837 0.957212
vt 0.639554 0.957824
vt 0.633787 0.962442
vt 0.958577 0.969740
vt 0.461915 1.000000
vt 0.627286 0.990567
vt 0.832795 0.418693
vt 0.932145 0.705064
vt 0.928706 0.718995
vt 0.925912 0.711114
vt 0.832672 0.402699
vt 0.839740 0.392604
vt 0.794260 0.307094
vt 0.891656 0.713723
vt 0.888777 0.698699
vt 0.896219 0.693347
vt 0.968584 0.454217
vt 0.971341 0.449990
vt 0.968863 0.433683
vt 0.469139 0.999849
vt 0.468567 0.994417
vt 0.438900 0.982630
vt 0.447745 0.980696
vt 0.438824 0.971211
vt 0.476028 0.967277
vt 0.467612 0.975930
vt 0.467405 0.960304
vt 0.462957 0.955763
vt 0.456977 0.969145
vt 0.481966 0.978132
vt 0.478665 0.981500
vt 0.969500 0.498652
vt 0.966018 0.489183
vt 0.973740 0.496260
vt 0.970342 0.488216
vt 0.961121 0.479757
vt 0.795692 0.330735
vt 0.800027 0.333973
vt 0.362022 0.881013
vt 0.358345 0.881014
vt 0.362124 0.871145
vt 0.365266 0.880888
vt 0.367221 0.871726
vt 0.364121 0.821996
vt 0.358685 0.819250
vt 0.357164 0.815580
vt 0.360128 0.913351
vt 0.358353 0.908947
vt 0.367221 0.906994
vt 0.342513 0.960226
vt 0.339032 0.955588
vt 0.339487 0.951007
vt 0.158621 0.805196
vt 0.156071 0.800610
vt 0.165107 0.797430
vt 0.986091 0.371923
vt 0.982987 0.368699
vt 0.983395 0.363870
vt 0.499589 0.870205
vt 0.497915 0.866577
vt 0.504784 0.863084
vt 0.364600 0.900683
vt 0.357550 0.903524
vt 0.607721 0.975705
vt 0.611382 0.977761
vt 0.360046 0.871321
vt 0.362736 0.867364
vt 0.793602 0.354074
vt 0.800454 0.353272
vt 0.796813 0.358593
vt 0.800768 0.358085
vt 0.974063 0.499790
vt 0.365230 0.868665
vt 0.903936 0.709972
vt 0.336196 0.954566
vt 0.981840 0.892765
vt 0.978104 0.894768
vt 0.975654 0.885929
vt 0.971290 0.894613
vt 0.970419 0.891670
vt 0.980567 0.365529
vt 0.977877 0.359012
vt 0.155068 0.808013
vt 0.974765 0.366774
vt 0.788995 0.318216
vt 0.787676 0.314717
vt 0.924984 0.693029
vt 0.919842 0.708163
vt 0.914989 0.707781
vt 0.241579 0.529339
vt 0.245392 0.525187
vt 0.245392 0.551334
vt 0.909311 0.709315
vt 0.908856 0.690471
vt 0.913796 0.688729
vt 0.920014 0.691976
vt 0.789582 0.323033
vt 0.790101 0.331309
vt 0.792038 0.344422
vt 0.790265 0.334994
vt 0.638653 0.953429
vt 0.632861 0.953203
vt 0.633589 0.950336
vt 0.157711 0.977200
vt 0.165408 0.978575
vt 0.166275 0.990849
vt 0.885352 0.868327
vt 0.885189 0.857411
vt 0.884404 0.875677
vt 0.971316 0.358936
vt 0.972707 0.355389
vt 0.883833 0.890375
vt 0.883678 0.885671
vt 0.972643 0.349259
vt 0.972707 0.345427
vt 0.611237 0.857608
vt 0.611237 0.870985
vt 0.605738 0.859044
vt 0.628345 0.969633
vt 0.628839 0.966094
vt 0.874468 0.898174
vt 0.872579 0.894628
vt 0.630175 0.957474
vt 0.625742 0.963701
vt 0.950259 0.179439
vt 0.484130 0.985839
vt 0.484814 0.988956
vt 0.956245 0.983575
vt 0.965767 0.984783
vt 0.967061 0.987936
vt 0.966070 0.975385
vt 0.960706 0.975750
vt 0.166275 0.950653
vt 0.470165 0.949951
vt 0.481060 0.956234
vt 0.487737 0.981522
vt 0.492999 0.977025
vt 0.490870 0.974898
vt 0.707375 0.880411
vt 0.702166 0.866025
vt 0.707375 0.861486
vt 0.669612 0.355298
vt 0.674640 0.352376
vt 0.671447 0.357476
vt 0.667784 0.358944
vt 0.671556 0.351647
vt 0.674640 0.358501
vt 0.901523 0.687979
vt 0.930465 0.697797
vt 0.165662 0.824240
vt 0.364597 0.894617
vt 0.701865 0.801668
vt 0.706349 0.787929
vt 0.707033 0.802004
vt 0.707029 0.779133
vt 0.702501 0.778706
vt 0.707033 0.775915
vt 0.700655 0.788328
vt 0.863329 0.979529
vt 0.857981 0.979529
vt 0.861086 0.969802
vt 0.968721 0.462441
vt 0.974063 0.453985
vt 0.357575 0.826771
vt 0.857981 0.980555
vt 0.853106 0.976223
vt 0.857981 0.969802
vt 0.827662 0.357042
vt 0.832000 0.351416
vt 0.832000 0.358848
vt 0.362713 0.835811
vt 0.360441 0.829332
vt 0.367221 0.821556
vt 0.980378 0.903480
vt 0.976838 0.902398
vt 0.980803 0.896750
vt 0.976344 0.928675
vt 0.980111 0.929134
vt 0.981840 0.941053
vt 0.975960 0.916559
vt 0.493242 0.842026
vt 0.496915 0.843047
vt 0.493127 0.846227
vt 0.362370 0.864925
vt 0.358886 0.853499
vt 0.365871 0.855217
vt 0.363107 0.846280
vt 0.356312 0.840781
vt 0.975786 0.912485
vt 0.980389 0.916273
vt 0.499316 0.830332
vt 0.496307 0.829934
vt 0.503406 0.819076
vt 0.865008 0.683251
vt 0.860802 0.677708
vt 0.865008 0.670244
vt 0.502278 0.837194
vt 0.504784 0.828088
vt 0.499692 0.854704
vt 0.495450 0.856494
vt 0.988660 0.784873
vt 0.989171 0.796648
vt 0.984839 0.784235
vt 0.499393 0.818953
vt 0.503244 0.815580
vt 0.972465 0.940496
vt 0.978617 0.940224
vt 0.975372 0.944812
vt 0.979364 0.944345
vt 0.367221 0.862215
vt 0.989171 0.825339
vt 0.985727 0.823596
vt 0.986478 0.816613
vt 0.970926 0.903505
vt 0.970173 0.912624
vt 0.971510 0.929106
vt 0.969949 0.916674
vt 0.481315 0.960693
vt 0.484062 0.963684
vt 0.985343 0.828356
vt 0.979598 0.823083
vt 0.856647 0.351416
vt 0.856647 0.358499
vt 0.853870 0.355275
vt 0.089681 0.968435
vt 0.084432 0.963449
vt 0.089681 0.957492
vt 0.983233 0.806886
vt 0.983853 0.796710
vt 0.088982 0.928793
vt 0.088982 0.942953
vt 0.084432 0.934075
vt 0.981679 0.816138
vt 0.988531 0.807321
vt 0.493127 0.961281
vt 0.983612 0.374912
vt 0.356059 0.939847
vt 0.361105 0.943524
vt 0.357411 0.950011
vt 0.476598 0.944362
vt 0.471935 0.953724
vt 0.975877 0.964728
vt 0.971798 0.959537
vt 0.977407 0.951326
vt 0.980119 0.374196
vt 0.980820 0.399214
vt 0.984376 0.399350
vt 0.986091 0.410001
vt 0.979492 0.387743
vt 0.154569 0.776869
vt 0.158065 0.778698
vt 0.154192 0.781187
vt 0.979146 0.991807
vt 0.975116 0.981765
vt 0.981237 0.982141
vt 0.977394 0.974223
vt 0.970778 0.970350
vt 0.979191 0.383953
vt 0.983750 0.387174
vt 0.161595 0.766931
vt 0.158361 0.766245
vt 0.165561 0.756925
vt 0.357448 0.927621
vt 0.360483 0.933684
vt 0.361792 0.924834
vt 0.159851 0.789891
vt 0.155666 0.791069
vt 0.363423 0.954818
vt 0.366964 0.954729
vt 0.161859 0.756364
vt 0.165662 0.753042
vt 0.977579 0.409995
vt 0.983082 0.409446
vt 0.980624 0.414120
vt 0.984690 0.413351
vt 0.983362 0.988541
vt 0.358217 0.916895
vt 0.361636 0.918240
vt 0.974768 0.375548
vt 0.974311 0.384299
vt 0.976295 0.399594
vt 0.974234 0.388495
vt 0.474967 0.956192
vt 0.361266 0.913351
vt 0.366964 0.918119
vt 0.981844 0.993931
vt 0.880422 0.979850
vt 0.875707 0.975284
vt 0.880422 0.969802
vt 0.365432 0.933582
vt 0.365950 0.942952
vt 0.969949 0.957105
vt 0.971792 0.953206
vt 0.366167 0.924808
vt 0.983362 0.944812
vt 0.611511 0.955604
vt 0.616551 0.958847
vt 0.614336 0.961178
vt 0.109746 0.981360
vt 0.113924 0.985350
vt 0.110993 0.990909
vt 0.840371 0.384611
vt 0.843695 0.390190
vt 0.619072 0.965951
vt 0.615407 0.964401
vt 0.621650 0.956265
vt 0.340503 0.961670
vt 0.336338 0.959859
vt 0.337566 0.980317
vt 0.340815 0.980452
vt 0.342513 0.989206
vt 0.336761 0.972726
vt 0.841813 0.371101
vt 0.844818 0.375366
vt 0.839652 0.373969
vt 0.620647 0.988823
vt 0.616947 0.980700
vt 0.624074 0.981660
vt 0.619665 0.972170
vt 0.615636 0.972022
vt 0.336461 0.968809
vt 0.341405 0.971878
vt 0.850104 0.367616
vt 0.847597 0.365608
vt 0.856704 0.361181
vt 0.110014 0.972258
vt 0.112456 0.979203
vt 0.847720 0.375167
vt 0.854635 0.368275
vt 0.835909 0.382113
vt 0.085406 0.951819
vt 0.084432 0.944013
vt 0.088820 0.950844
vt 0.853748 0.360728
vt 0.858130 0.359012
vt 0.335138 0.988709
vt 0.339682 0.988716
vt 0.337705 0.992810
vt 0.341087 0.992184
vt 0.625742 0.986813
vt 0.859024 0.363426
vt 0.832811 0.391634
vt 0.831084 0.385528
vt 0.332024 0.961534
vt 0.331891 0.969665
vt 0.333902 0.980915
vt 0.331894 0.973210
vt 0.836193 0.351416
vt 0.836193 0.357928
vt 0.832000 0.354297
vt 0.087598 0.957492
vt 0.685755 0.353712
vt 0.680261 0.357378
vt 0.681661 0.352526
vt 0.685600 0.351647
vt 0.623009 0.990528
vt 0.118027 0.963102
vt 0.113489 0.969475
vt 0.113051 0.962917
vt 0.116765 0.978915
vt 0.118027 0.984923
vt 0.844751 0.380928
vt 0.117886 0.968491
vt 0.088820 0.942952
vt 0.625742 0.950336
vt 0.829763 0.388910
vt 0.335368 0.951571
vt 0.829114 0.410907
vt 0.952675 0.176505
vt 0.885166 0.911841
vt 0.881752 0.911711
vt 0.637283 0.950688
vt 0.949931 0.185515
vt 0.639132 0.961101
vt 0.956695 0.976699
vt 0.964485 0.353447
vt 0.885492 0.898515
vt 0.685266 0.357378
vt 0.853870 0.351416
vt 0.853870 0.358232
vt 0.850778 0.355001
vt 0.365229 0.867364
vt 0.971995 0.501520
vt 0.829464 0.395697
vt 0.610596 0.852395
vt 0.929313 0.692900
vt 0.851231 0.583806
vt 0.945840 0.866448
vt 0.754218 0.234513
vt 0.755723 0.225531
vt 0.755723 0.234877
vt 0.657250 0.527660
vt 0.657020 0.529639
vt 0.645256 0.536768
vt 0.644719 0.534785
vt 0.361126 0.765589
vt 0.366729 0.765643
vt 0.366567 0.780851
vt 0.360284 0.780539
vt 0.841633 0.854742
vt 0.712070 0.705023
vt 0.710930 0.703689
vt 0.712070 0.695693
vt 0.673400 0.527847
vt 0.688985 0.535445
vt 0.686364 0.536678
vt 0.680380 0.530574
vt 0.638060 0.543847
vt 0.366728 0.790957
vt 0.360637 0.792488
vt 0.757069 0.944406
vt 0.658706 0.373623
vt 0.662462 0.359229
vt 0.673253 0.359012
vt 0.950855 0.301500
vt 0.960132 0.297071
vt 0.270450 0.076616
vt 0.249667 0.086136
vt 0.246305 0.073655
vt 0.287588 0.059411
vt 0.298058 0.054823
vt 0.574252 0.970081
vt 0.582460 0.963011
vt 0.582460 0.985323
vt 0.764827 0.931490
vt 0.269650 0.062712
vt 0.275811 0.062682
vt 0.691244 0.374226
vt 0.693882 0.360694
vt 0.703079 0.364690
vt 0.766248 0.903186
vt 0.502968 0.744619
vt 0.491487 0.737179
vt 0.492022 0.735719
vt 0.245219 0.674132
vt 0.245219 0.694962
vt 0.243899 0.689226
vt 0.109229 0.835666
vt 0.105830 0.846010
vt 0.104203 0.845519
vt 0.504210 0.421486
vt 0.504210 0.441116
vt 0.502763 0.435444
vt 0.609994 0.827301
vt 0.607185 0.838991
vt 0.605738 0.838455
vt 0.245746 0.652642
vt 0.245746 0.671067
vt 0.244735 0.661602
vt 0.477173 0.783591
vt 0.473362 0.775767
vt 0.769018 0.897540
vt 0.767676 0.904147
vt 0.215993 0.214215
vt 0.663711 0.037087
vt 0.645045 0.030094
vt 0.679182 0.030250
vt 0.659792 0.026144
vt 0.728324 0.050676
vt 0.727788 0.074974
vt 0.755884 0.030162
vt 0.754857 0.035914
vt 0.411014 0.013161
vt 0.225341 0.282423
vt 0.240808 0.317809
vt 0.769018 0.946901
vt 0.712127 0.385280
vt 0.254176 0.060985
vt 0.609994 0.852395
vt 0.607345 0.848564
vt 0.245756 0.738705
vt 0.244421 0.732806
vt 0.245756 0.724496
vt 0.700655 0.690466
vt 0.109229 0.855563
vt 0.504561 0.368878
vt 0.766379 0.936064
vt 0.673703 0.373337
vt 0.978142 0.289926
vt 0.996629 0.305776
vt 0.716614 0.962798
vt 0.716614 0.985937
vt 0.705140 0.983005
vt 0.768970 0.896241
vt 0.310149 0.216860
vt 0.281533 0.198379
vt 0.414877 0.008616
vt 0.711653 0.542544
vt 0.634466 0.075941
vt 0.632282 0.160028
vt 0.959927 0.686902
vt 0.948426 0.686763
vt 0.959927 0.666339
vt 0.658881 0.410954
vt 0.365953 0.660808
vt 0.355419 0.650472
vt 0.366781 0.645286
vt 0.366511 0.672892
vt 0.611511 0.480431
vt 0.616846 0.473147
vt 0.234028 0.214994
vt 0.750242 0.050610
vt 0.396907 0.000000
vt 0.795225 0.454678
vt 0.790510 0.440078
vt 0.803210 0.444648
vt 0.788939 0.410229
vt 0.785966 0.441044
vt 0.786428 0.410721
vt 0.581480 0.442107
vt 0.598791 0.438518
vt 0.581032 0.449448
vt 0.560647 0.412640
vt 0.574493 0.410815
vt 0.555925 0.451597
vt 0.593999 0.408436
vt 0.432783 0.545246
vt 0.456761 0.543706
vt 0.452334 0.571718
vt 0.464205 0.576792
vt 0.409293 0.564100
vt 0.435452 0.576246
vt 0.413680 0.577001
vt 0.803299 0.410032
vt 0.813796 0.410955
vt 0.815321 0.457593
vt 0.589179 0.495692
vt 0.583409 0.520584
vt 0.574529 0.492381
vt 0.539238 0.437842
vt 0.547654 0.446442
vt 0.533096 0.497955
vt 0.414697 0.488962
vt 0.433893 0.509402
vt 0.421534 0.515721
vt 0.811279 0.495962
vt 0.813190 0.524009
vt 0.793718 0.520842
vt 0.760782 0.655846
vt 0.764364 0.644855
vt 0.769018 0.658744
vt 0.563899 0.462049
vt 0.552637 0.479279
vt 0.582156 0.470957
vt 0.584241 0.459263
vt 0.598693 0.473537
vt 0.595845 0.481842
vt 0.785373 0.473649
vt 0.813426 0.469759
vt 0.786558 0.482040
vt 0.742400 0.646077
vt 0.728833 0.641515
vt 0.742948 0.582708
vt 0.720586 0.577965
vt 0.758924 0.581836
vt 0.394390 0.503076
vt 0.560983 0.514995
vt 0.741745 0.659617
vt 0.745034 0.661872
vt 0.578595 0.478686
vt 0.570847 0.517453
vt 0.826773 0.491759
vt 0.454508 0.531903
vt 0.455888 0.538818
vt 0.439921 0.478556
vt 0.789135 0.496054
vt 0.541222 0.503137
vt 0.549351 0.485942
vt 0.545786 0.506048
vt 0.384680 0.479447
vt 0.568523 0.456571
vt 0.601882 0.441679
vt 0.600444 0.462016
vt 0.814280 0.462657
vt 0.784986 0.461926
vt 0.744727 0.305099
vt 0.755807 0.278398
vt 0.755807 0.311949
vt 0.529068 0.520476
vt 0.761232 0.557930
vt 0.822877 0.423199
vt 0.490941 0.316391
vt 0.504522 0.290241
vt 0.504850 0.311975
vt 0.779154 0.439259
vt 0.604333 0.409518
vt 0.779597 0.410447
vt 0.774035 0.452413
vt 0.753527 0.654897
vt 0.721926 0.662225
vt 0.772182 0.410749
vt 0.356059 0.988762
vt 0.365942 0.954818
vt 0.365942 0.994057
vt 0.700655 0.753344
vt 0.706523 0.719038
vt 0.704089 0.747187
vt 0.706523 0.775915
vt 0.486299 0.317864
vt 0.495134 0.282728
vt 0.745278 0.565479
vt 0.719985 0.556533
vt 0.525883 0.519042
vt 0.522224 0.518186
vt 0.794756 0.109841
vt 0.810478 0.102848
vt 0.816647 0.121170
vt 0.601864 0.302327
vt 0.573146 0.305740
vt 0.583865 0.290472
vt 0.801733 0.082038
vt 0.799983 0.088973
vt 0.783821 0.074537
vt 0.203107 0.628043
vt 0.199508 0.652287
vt 0.179445 0.640958
vt 0.619759 0.135199
vt 0.597358 0.140635
vt 0.603059 0.076774
vt 0.348734 0.384219
vt 0.356937 0.373421
vt 0.354764 0.393863
vt 0.795671 0.131198
vt 0.778618 0.130775
vt 0.795157 0.117380
vt 0.775779 0.108251
vt 0.795516 0.098234
vt 0.333136 0.346826
vt 0.330077 0.382626
vt 0.320653 0.351031
vt 0.328669 0.395053
vt 0.348832 0.413263
vt 0.321275 0.421837
vt 0.798307 0.047727
vt 0.813954 0.052413
vt 0.352266 0.405205
vt 0.614443 0.058120
vt 0.613479 0.071320
vt 0.776999 0.075651
vt 0.345402 0.336585
vt 0.357532 0.337579
vt 0.303669 0.378397
vt 0.777480 0.045227
vt 0.765503 0.002249
vt 0.786986 0.046405
vt 0.590509 0.086430
vt 0.578919 0.055081
vt 0.776374 0.116662
vt 0.583243 0.127270
vt 0.577765 0.092844
vt 0.585780 0.146686
vt 0.579277 0.150085
vt 0.173684 0.669325
vt 0.189938 0.716085
vt 0.329710 0.387856
vt 0.961576 0.666942
vt 0.970574 0.666339
vt 0.965173 0.678576
vt 0.313785 0.448861
vt 0.288228 0.436519
vt 0.304173 0.414982
vt 0.169440 0.699645
vt 0.168909 0.731420
vt 0.203211 0.725320
vt 0.193414 0.726893
vt 0.219225 0.752953
vt 0.215136 0.752987
vt 0.211874 0.731783
vt 0.216068 0.729258
vt 0.213529 0.715858
vt 0.776064 0.096538
vt 0.794664 0.156549
vt 0.777531 0.155393
vt 0.572637 0.054561
vt 0.216808 0.652096
vt 0.755884 0.042613
vt 0.767979 0.044075
vt 0.761693 0.077691
vt 0.556373 0.080742
vt 0.558922 0.052084
vt 0.817653 0.092946
vt 0.327326 0.644295
vt 0.345541 0.640982
vt 0.344908 0.644436
vt 0.770951 0.044847
vt 0.332118 0.450039
vt 0.327524 0.641174
vt 0.531730 0.356783
vt 0.552190 0.354691
vt 0.553795 0.357983
vt 0.970574 0.687005
vt 0.341499 0.426768
vt 0.770729 0.074118
vt 0.346847 0.372091
vt 0.296213 0.979287
vt 0.289541 0.969035
vt 0.296213 0.968330
vt 0.798922 0.301773
vt 0.798381 0.289771
vt 0.808724 0.291708
vt 0.531216 0.354422
vt 0.292059 0.407889
vt 0.306915 0.346995
vt 0.775712 0.004494
vt 0.769541 0.088518
vt 0.808118 0.157457
vt 0.579063 0.120928
vt 0.571213 0.102181
vt 0.352117 0.284253
vt 0.358690 0.315660
vt 0.347813 0.318310
vt 0.184573 0.730342
vt 0.127729 0.985600
vt 0.118027 0.974385
vt 0.127729 0.962917
vt 0.594755 0.165491
vt 0.821333 0.150062
vt 0.789682 0.289548
vt 0.597738 0.056640
vt 0.290777 0.582652
vt 0.306171 0.537324
vt 0.310905 0.538306
vt 0.209546 0.540201
vt 0.199099 0.491899
vt 0.206693 0.491666
vt 0.817899 0.199103
vt 0.802737 0.201892
vt 0.323978 0.495542
vt 0.576281 0.198741
vt 0.600000 0.247507
vt 0.584963 0.246698
vt 0.312757 0.493759
vt 0.292354 0.489698
vt 0.318550 0.495043
vt 0.606198 0.177146
vt 0.630627 0.184806
vt 0.608126 0.194936
vt 0.623863 0.294660
vt 0.619975 0.313617
vt 0.615096 0.294669
vt 0.813884 0.247444
vt 0.801865 0.246730
vt 0.512432 0.351238
vt 0.513060 0.353668
vt 0.959927 0.683029
vt 0.594468 0.216972
vt 0.591779 0.185395
vt 0.187837 0.491746
vt 0.193081 0.479699
vt 0.609097 0.247196
vt 0.303169 0.582063
vt 0.626143 0.152874
vt 0.603180 0.162945
vt 0.338142 0.317340
vt 0.322171 0.317257
vt 0.616470 0.247550
vt 0.626914 0.246428
vt 0.178507 0.577578
vt 0.195921 0.541168
vt 0.195347 0.590192
vt 0.606462 0.215288
vt 0.181549 0.605108
vt 0.203190 0.612142
vt 0.265866 0.533018
vt 0.266828 0.497190
vt 0.300679 0.535780
vt 0.286553 0.533738
vt 0.241794 0.702456
vt 0.239192 0.693283
vt 0.241951 0.693324
vt 0.610733 0.210059
vt 0.625243 0.308198
vt 0.221255 0.618473
vt 0.219600 0.634602
vt 0.599252 0.182776
vt 0.201289 0.479031
vt 0.209963 0.589656
vt 0.613653 0.317873
vt 0.606910 0.320306
vt 0.306363 0.593761
vt 0.293926 0.598857
vt 0.283928 0.582980
vt 0.272984 0.591322
vt 0.782801 0.301853
vt 0.629947 0.169100
vt 0.278361 0.582603
vt 0.264432 0.583790
vt 0.267812 0.481463
vt 0.222863 0.787994
vt 0.308443 0.319922
vt 0.324785 0.282728
vt 0.794997 0.246305
vt 0.781936 0.201377
vt 0.794834 0.201774
vt 0.239064 0.702981
vt 0.209455 0.478288
vt 0.629269 0.197036
vt 0.182598 0.542101
vt 0.222682 0.602831
vt 0.222863 0.590580
vt 0.178603 0.593467
vt 0.783845 0.245564
vt 0.808149 0.307094
vt 0.598949 0.163838
vt 0.269631 0.470448
vt 0.292867 0.641685
vt 0.308355 0.645286
vt 0.292697 0.645058
vt 0.308620 0.641872
vt 0.746503 0.549519
vt 0.720722 0.542579
vt 0.522925 0.537154
vt 0.514539 0.549347
vt 0.517422 0.531729
vt 0.744048 0.521783
vt 0.725713 0.509256
vt 0.736226 0.470492
vt 0.750103 0.470645
vt 0.512181 0.652710
vt 0.512376 0.605316
vt 0.518880 0.604916
vt 0.723709 0.470340
vt 0.725830 0.415115
vt 0.738301 0.422525
vt 0.823477 0.567504
vt 0.818043 0.610977
vt 0.805504 0.610714
vt 0.804641 0.568016
vt 0.396643 0.391873
vt 0.417141 0.392436
vt 0.424882 0.434774
vt 0.400874 0.441153
vt 0.400251 0.425633
vt 0.400044 0.453144
vt 0.755522 0.421774
vt 0.762247 0.470767
vt 0.748375 0.422007
vt 0.758624 0.520097
vt 0.745556 0.534007
vt 0.522885 0.603405
vt 0.536614 0.602708
vt 0.535927 0.646583
vt 0.517457 0.657614
vt 0.546762 0.646569
vt 0.549408 0.604088
vt 0.565273 0.561143
vt 0.555582 0.605120
vt 0.559585 0.559284
vt 0.783888 0.610100
vt 0.780217 0.565549
vt 0.793326 0.610407
vt 0.803269 0.657719
vt 0.798407 0.610529
vt 0.789299 0.653791
vt 0.722143 0.524724
vt 0.383334 0.440508
vt 0.383291 0.393048
vt 0.380821 0.463617
vt 0.544427 0.553852
vt 0.535993 0.525738
vt 0.796588 0.567229
vt 0.790559 0.566346
vt 0.769018 0.519700
vt 0.763290 0.542095
vt 0.715727 0.501673
vt 0.725353 0.503414
vt 0.712128 0.533678
vt 0.732354 0.470441
vt 0.809299 0.659224
vt 0.391881 0.343844
vt 0.408117 0.344777
vt 0.525312 0.571169
vt 0.528291 0.539240
vt 0.379727 0.345659
vt 0.814026 0.659695
vt 0.518335 0.571111
vt 0.513133 0.565170
vt 0.781165 0.653174
vt 0.473531 0.921302
vt 0.476596 0.905090
vt 0.475629 0.921389
vt 0.474797 0.935978
vt 0.477997 0.876602
vt 0.474489 0.876319
vt 0.477446 0.844967
vt 0.472282 0.904742
vt 0.484904 0.821394
vt 0.480744 0.845232
vt 0.106308 0.485341
vt 0.086315 0.467389
vt 0.103738 0.466755
vt 0.088529 0.498053
vt 0.061608 0.518326
vt 0.056166 0.495662
vt 0.076241 0.506677
vt 0.077314 0.520391
vt 0.839607 0.328756
vt 0.821333 0.328025
vt 0.845173 0.286732
vt 0.258375 0.798595
vt 0.286767 0.825365
vt 0.266245 0.831176
vt 0.054578 0.467487
vt 0.207264 0.122612
vt 0.193875 0.120317
vt 0.194500 0.109869
vt 0.207567 0.113796
vt 0.204668 0.132776
vt 0.223689 0.146810
vt 0.192866 0.157534
vt 0.220303 0.159626
vt 0.133074 0.582392
vt 0.113829 0.571360
vt 0.124964 0.561023
vt 0.104070 0.587746
vt 0.128552 0.605352
vt 0.099989 0.603518
vt 0.101679 0.566941
vt 0.119238 0.586584
vt 0.725988 0.990134
vt 0.716614 0.980132
vt 0.725988 0.962798
vt 0.453909 0.941200
vt 0.245820 0.000598
vt 0.245368 0.028598
vt 0.232269 0.026616
vt 0.220576 0.028579
vt 0.234481 0.000054
vt 0.283359 0.797562
vt 0.308895 0.793320
vt 0.305341 0.822039
vt 0.089350 0.449415
vt 0.056735 0.448751
vt 0.059205 0.429681
vt 0.922110 0.049075
vt 0.910684 0.082249
vt 0.920293 0.048639
vt 0.225163 0.493169
vt 0.222863 0.458164
vt 0.223860 0.458937
vt 0.227051 0.493498
vt 0.218688 0.160839
vt 0.192297 0.159798
vt 0.222863 0.644656
vt 0.223005 0.622310
vt 0.225486 0.621962
vt 0.225296 0.645012
vt 0.275318 0.667568
vt 0.257108 0.668955
vt 0.256834 0.666730
vt 0.273566 0.665334
vt 0.733862 0.878063
vt 0.734542 0.875378
vt 0.769018 0.885440
vt 0.767166 0.886169
vt 0.713155 0.842734
vt 0.720488 0.859670
vt 0.708871 0.839277
vt 0.710024 0.802368
vt 0.091814 0.430356
vt 0.116159 0.432429
vt 0.107170 0.450583
vt 0.146563 0.451524
vt 0.120166 0.466195
vt 0.120231 0.451036
vt 0.138332 0.434702
vt 0.151587 0.437526
vt 0.158295 0.451255
vt 0.246435 0.683673
vt 0.263757 0.688317
vt 0.165113 0.439386
vt 0.123275 0.476984
vt 0.305437 0.665596
vt 0.333810 0.668062
vt 0.333832 0.680024
vt 0.161393 0.480507
vt 0.149814 0.497807
vt 0.149400 0.481251
vt 0.147632 0.464696
vt 0.159092 0.463042
vt 0.882642 0.251783
vt 0.845271 0.269312
vt 0.845493 0.252368
vt 0.867759 0.981142
vt 0.863329 0.979500
vt 0.867759 0.969802
vt 0.480303 0.816915
vt 0.486913 0.815580
vt 0.479808 0.822774
vt 0.309325 0.679514
vt 0.265746 0.699575
vt 0.300864 0.755627
vt 0.272952 0.739932
vt 0.283548 0.682383
vt 0.325195 0.752813
vt 0.248418 0.694888
vt 0.249263 0.711584
vt 0.868947 0.307305
vt 0.856821 0.330746
vt 0.888344 0.307386
vt 0.890241 0.340589
vt 0.871422 0.335107
vt 0.106285 0.495217
vt 0.124490 0.507136
vt 0.107690 0.514271
vt 0.131863 0.521234
vt 0.155170 0.516178
vt 0.139070 0.541093
vt 0.145253 0.561927
vt 0.117520 0.548482
vt 0.161248 0.541123
vt 0.254445 0.784238
vt 0.251313 0.771325
vt 0.279451 0.767310
vt 0.091876 0.517087
vt 0.124346 0.486833
vt 0.823095 0.350240
vt 0.839153 0.349445
vt 0.281198 0.782383
vt 0.330114 0.792891
vt 0.325629 0.821102
vt 0.200799 0.100129
vt 0.194419 0.100098
vt 0.200733 0.093418
vt 0.149670 0.579967
vt 0.093660 0.552127
vt 0.107782 0.549713
vt 0.164714 0.555348
vt 0.166426 0.570787
vt 0.166628 0.604910
vt 0.802144 0.982401
vt 0.806522 0.959164
vt 0.817805 0.982401
vt 0.859170 0.346151
vt 0.872710 0.346562
vt 0.236651 0.674132
vt 0.235020 0.673128
vt 0.287015 0.645286
vt 0.308848 0.646534
vt 0.305410 0.664595
vt 0.236651 0.597246
vt 0.257607 0.648119
vt 0.259421 0.646655
vt 0.486299 0.627386
vt 0.501502 0.605856
vt 0.501502 0.639298
vt 0.721691 0.248803
vt 0.723083 0.225395
vt 0.743440 0.227210
vt 0.742117 0.251753
vt 0.722263 0.282922
vt 0.743137 0.284266
vt 0.320036 0.976431
vt 0.301109 0.976431
vt 0.306600 0.951007
vt 0.914395 0.106528
vt 0.916074 0.106638
vt 0.926477 0.127333
vt 0.924936 0.128006
vt 0.332952 0.667319
vt 0.333440 0.647559
vt 0.220785 0.180321
vt 0.193641 0.178815
vt 0.237313 0.429681
vt 0.912987 0.082291
vt 0.163645 0.436796
vt 0.952763 0.150909
vt 0.937747 0.140441
vt 0.725601 0.203202
vt 0.744727 0.205609
vt 0.894584 0.230473
vt 0.179994 0.028756
vt 0.196599 0.028658
vt 0.191968 0.078071
vt 0.194209 0.094627
vt 0.191605 0.083852
vt 0.184850 0.005623
vt 0.203547 0.002554
vt 0.232448 0.054186
vt 0.224455 0.132894
vt 0.219373 0.046386
vt 0.196598 0.083864
vt 0.209984 0.031578
vt 0.823165 0.289998
vt 0.336581 0.769372
vt 0.324294 0.768107
vt 0.221689 0.001441
vt 0.306806 0.769450
vt 0.244858 0.429681
vt 0.244858 0.523124
vt 0.237313 0.505919
vt 0.336581 0.693234
vt 0.245820 0.748681
vt 0.860802 0.655020
vt 0.863582 0.648731
vt 0.863582 0.670244
vt 0.822329 0.272413
vt 0.451120 0.913946
vt 0.451120 0.942365
vt 0.437816 0.920465
vt 0.884112 0.281109
vt 0.823577 0.256255
vt 0.194667 0.131369
vt 0.733732 0.993317
vt 0.725988 0.969354
vt 0.733732 0.962798
vt 0.090068 0.529694
vt 0.098654 0.528251
vt 0.112912 0.525842
vt 0.451450 0.931421
vt 0.708176 0.343755
vt 0.710872 0.357383
vt 0.700850 0.357383
vt 0.894584 0.351416
vt 0.152858 0.604765
vt 0.237313 0.525187
vt 0.796830 0.368556
vt 0.787877 0.368615
vt 0.556805 0.359012
vt 0.576680 0.359019
vt 0.596119 0.367244
vt 0.438163 0.602161
vt 0.456475 0.638425
vt 0.435835 0.637569
vt 0.817026 0.393302
vt 0.411658 0.637487
vt 0.806758 0.388383
vt 0.825335 0.393826
vt 0.820380 0.359314
vt 0.826773 0.359012
vt 0.796125 0.390066
vt 0.245664 0.652642
vt 0.236651 0.650659
vt 0.245664 0.597246
vt 0.412595 0.600960
vt 0.395831 0.639777
vt 0.400237 0.602036
vt 0.745786 0.683264
vt 0.504850 0.368878
vt 0.801459 0.367378
vt 0.769018 0.370189
vt 0.777940 0.369857
vt 0.469798 0.605516
vt 0.475123 0.639777
vt 0.454803 0.604255
vt 0.742828 0.683489
vt 0.764510 0.720776
vt 0.761505 0.682391
vt 0.611511 0.369405
vt 0.726375 0.718530
vt 0.713049 0.718389
vt 0.745669 0.718733
vt 0.971083 0.522354
vt 0.972080 0.529305
vt 0.966141 0.530456
vt 0.964888 0.521550
vt 0.331541 0.971546
vt 0.320353 0.976580
vt 0.320036 0.955796
vt 0.331891 0.951007
vt 0.598065 0.970270
vt 0.605360 0.963011
vt 0.605360 0.982803
vt 0.331891 0.989427
vt 0.488388 0.428386
vt 0.499599 0.417005
vt 0.500784 0.437333
vt 0.486299 0.391323
vt 0.499573 0.392686
vt 0.490515 0.459625
vt 0.488093 0.445386
vt 0.502763 0.455324
vt 0.961118 0.561229
vt 0.960503 0.555167
vt 0.973322 0.556235
vt 0.700655 0.809107
vt 0.707483 0.802004
vt 0.707483 0.819713
vt 0.488548 0.368878
vt 0.502763 0.375776
vt 0.970149 0.509870
vt 0.964625 0.511079
vt 0.963601 0.501520
vt 0.499472 0.661084
vt 0.504077 0.658703
vt 0.504738 0.671285
vt 0.973322 0.539621
vt 0.965668 0.535341
vt 0.148189 0.962917
vt 0.148189 0.979277
vt 0.136350 0.975535
vt 0.104203 0.809502
vt 0.103757 0.823442
vt 0.091410 0.812222
vt 0.089395 0.835459
vt 0.103086 0.843291
vt 0.089590 0.862637
vt 0.104203 0.861890
vt 0.500026 0.645933
vt 0.504738 0.639777
vt 0.666302 0.206085
vt 0.665743 0.203202
vt 0.673054 0.205423
vt 0.630627 0.262364
vt 0.633093 0.262020
vt 0.644445 0.282087
vt 0.642477 0.284199
vt 0.630778 0.243367
vt 0.633657 0.244096
vt 0.721691 0.281401
vt 0.719238 0.280792
vt 0.719115 0.243727
vt 0.721691 0.243421
vt 0.711212 0.226400
vt 0.699451 0.211721
vt 0.701784 0.210522
vt 0.713908 0.226132
vt 0.705536 0.302743
vt 0.706626 0.304319
vt 0.654047 0.211907
vt 0.643010 0.224806
vt 0.640747 0.223471
vt 0.652573 0.209422
vt 0.683420 0.204247
vt 0.683088 0.206424
vt 0.657678 0.297854
vt 0.655610 0.300339
vt 0.678973 0.306237
vt 0.678691 0.308720
vt 0.009770 0.485341
vt 0.012226 0.466755
vt 0.024797 0.467389
vt 0.022902 0.498053
vt 0.035280 0.506677
vt 0.040081 0.520391
vt 0.050214 0.583755
vt 0.081346 0.575947
vt 0.052230 0.602087
vt 0.063387 0.639462
vt 0.064541 0.605352
vt 0.087257 0.605472
vt 0.178020 0.122595
vt 0.179077 0.113780
vt 0.182821 0.132764
vt 0.156879 0.146772
vt 0.160282 0.159592
vt 0.000000 0.582392
vt 0.003880 0.561023
vt 0.012335 0.571360
vt 0.022207 0.587746
vt 0.025004 0.603518
vt 0.002572 0.605352
vt 0.009015 0.586584
vt 0.025678 0.566941
vt 0.066360 0.524854
vt 0.043275 0.532301
vt 0.493127 0.944362
vt 0.120106 0.000527
vt 0.142386 0.026565
vt 0.127498 0.028531
vt 0.138856 0.000000
vt 0.152751 0.028541
vt 0.109487 0.634684
vt 0.089304 0.633831
vt 0.103101 0.028652
vt 0.084067 0.000170
vt 0.098056 0.000594
vt 0.025680 0.449415
vt 0.006846 0.788096
vt 0.012496 0.765628
vt 0.024894 0.782616
vt 0.000000 0.769345
vt 0.051420 0.759806
vt 0.024418 0.763491
vt 0.021133 0.748362
vt 0.046368 0.777594
vt 0.068338 0.758981
vt 0.064245 0.774452
vt 0.088298 0.748309
vt 0.083195 0.771499
vt 0.005152 0.731087
vt 0.005297 0.749879
vt 0.022156 0.737218
vt 0.125164 0.161795
vt 0.068590 0.729272
vt 0.051599 0.729703
vt 0.049729 0.713524
vt 0.052128 0.746454
vt 0.068896 0.747032
vt 0.899219 0.614906
vt 0.900414 0.652297
vt 0.883595 0.653311
vt 0.185106 0.093409
vt 0.184844 0.083858
vt 0.493127 0.817949
vt 0.489247 0.823535
vt 0.126836 0.147212
vt 0.085126 0.131685
vt 0.083954 0.088647
vt 0.103804 0.068935
vt 0.101979 0.146572
vt 0.130560 0.070604
vt 0.097742 0.164580
vt 0.089219 0.736111
vt 0.066289 0.552680
vt 0.046938 0.566633
vt 0.071736 0.531803
vt 0.046067 0.551485
vt 0.004351 0.721319
vt 0.007494 0.702518
vt 0.021539 0.707273
vt 0.028687 0.692477
vt 0.054951 0.694778
vt 0.035220 0.672000
vt 0.019298 0.654006
vt 0.040038 0.650643
vt 0.015645 0.667527
vt 0.085986 0.143772
vt 0.098579 0.769817
vt 0.059332 0.669367
vt 0.061831 0.654875
vt 0.091796 0.664613
vt 0.023525 0.517087
vt 0.022700 0.727358
vt 0.090167 0.649405
vt 0.186782 0.100121
vt 0.042238 0.632195
vt 0.016318 0.549713
vt 0.030543 0.552127
vt 0.042682 0.607212
vt 0.921961 0.602760
vt 0.915757 0.654149
vt 0.919590 0.680987
vt 0.901742 0.676175
vt 0.143234 0.054136
vt 0.158105 0.046351
vt 0.157110 0.132856
vt 0.928673 0.596961
vt 0.163327 0.031552
vt 0.928563 0.652604
vt 0.079590 0.598453
vt 0.128347 0.055396
vt 0.151949 0.001401
vt 0.933981 0.684621
vt 0.084770 0.044526
vt 0.105620 0.053590
vt 0.091152 0.693043
vt 0.083365 0.060162
vt 0.933981 0.587700
vt 0.867015 0.654508
vt 0.882044 0.676702
vt 0.865016 0.676872
vt 0.871160 0.615252
vt 0.009655 0.495217
vt 0.028718 0.529694
vt 0.021533 0.528251
vt 0.012379 0.514271
vt 0.009614 0.548482
vt 0.010701 0.525842
vt 0.012072 0.690443
vt 0.491208 0.934626
vt 0.664467 0.958968
vt 0.685275 0.950336
vt 0.685275 0.975556
vt 0.083657 0.536272
vt 0.024983 0.631812
vt 0.011766 0.645459
vt 0.014806 0.629649
vt 0.019855 0.609738
vt 0.028125 0.430356
vt 0.166628 0.758427
vt 0.185840 0.754790
vt 0.821333 0.001058
vt 0.185938 0.792481
vt 0.577387 0.001768
vt 0.585329 0.171307
vt 0.356810 0.640945
vt 0.366244 0.643865
vt 0.356830 0.643941
vt 0.201977 0.752886
vt 0.586595 0.316218
vt 0.590031 0.001242
vt 0.344343 0.282897
vt 0.788110 0.005945
vt 0.367221 0.641280
vt 0.206478 0.791014
vt 0.268488 0.604882
vt 0.760563 0.001578
vt 0.759986 0.023110
vt 0.756796 0.000000
vt 0.803591 0.006721
vt 0.617893 0.034699
vt 0.241376 0.724496
vt 0.241473 0.712800
vt 0.243899 0.723612
vt 0.238793 0.713330
vt 0.605105 0.000935
vt 0.046541 0.817234
vt 0.045043 0.812481
vt 0.051827 0.812436
vt 0.894401 0.980530
vt 0.890605 0.976506
vt 0.894401 0.970760
vt 0.500241 0.522651
vt 0.501634 0.543293
vt 0.488748 0.543155
vt 0.486456 0.523036
vt 0.154192 0.882598
vt 0.160916 0.865916
vt 0.165882 0.875381
vt 0.166206 0.888096
vt 0.949931 0.158814
vt 0.937704 0.169394
vt 0.941143 0.150909
vt 0.424906 0.969632
vt 0.424665 0.950659
vt 0.437816 0.950619
vt 0.436170 0.979311
vt 0.934927 0.189369
vt 0.949059 0.176621
vt 0.947081 0.195680
vt 0.934915 0.197293
vt 0.500458 0.509948
vt 0.423499 0.929898
vt 0.437816 0.924630
vt 0.161144 0.850711
vt 0.160554 0.838017
vt 0.166206 0.836960
vt 0.165826 0.854428
vt 0.504878 0.539957
vt 0.501634 0.537172
vt 0.504878 0.529433
vt 0.035196 0.814533
vt 0.949931 0.211189
vt 0.943688 0.213621
vt 0.486308 0.501131
vt 0.500620 0.494520
vt 0.486299 0.478453
vt 0.501634 0.475148
vt 0.491191 0.459625
vt 0.424528 0.913946
vt 0.159051 0.827279
vt 0.165025 0.824240
vt 0.052063 0.809502
vt 0.080882 0.885818
vt 0.087098 0.863421
vt 0.089395 0.863443
vt 0.082503 0.887545
vt 0.086642 0.846310
vt 0.089395 0.845273
vt 0.002609 0.855192
vt 0.002869 0.890913
vt 0.000346 0.891725
vt 0.000000 0.855151
vt 0.017950 0.820871
vt 0.020357 0.821807
vt 0.009005 0.837241
vt 0.006374 0.837282
vt 0.017292 0.910823
vt 0.016237 0.912459
vt 0.078142 0.826763
vt 0.076094 0.828349
vt 0.063978 0.816733
vt 0.065081 0.814073
vt 0.034715 0.812427
vt 0.067163 0.903382
vt 0.065600 0.901378
vt 0.043916 0.913736
vt 0.043837 0.911450
vt 0.707743 0.802563
vt 0.933458 0.016423
vt 0.125884 0.163035
vt 0.611253 0.780318
vt 0.605738 0.746033
vt 0.607427 0.745599
vt 0.160603 0.160806
vt 0.232977 0.928844
vt 0.234480 0.952256
vt 0.232178 0.951723
vt 0.234917 0.928949
vt 0.504365 0.388706
vt 0.504365 0.408090
vt 0.502763 0.407583
vt 0.082112 0.773129
vt 0.097260 0.771224
vt 0.733862 0.728273
vt 0.769018 0.720776
vt 0.734542 0.730609
vt 0.086351 0.793468
vt 0.051162 0.797580
vt 0.084647 0.792278
vt 0.713155 0.762285
vt 0.720488 0.746036
vt 0.708871 0.766050
vt 0.162176 0.180287
vt 0.245153 0.900877
vt 0.110295 0.184202
vt 0.131585 0.180950
vt 0.097155 0.165975
vt 0.245153 0.977250
vt 0.109487 0.790208
vt 0.047394 0.779106
vt 0.015034 0.809502
vt 0.026514 0.783938
vt 0.032730 0.803927
vt 0.008956 0.789719
vt 0.744727 0.314916
vt 0.724472 0.316090
vt 0.935446 0.017376
vt 0.951250 0.000000
vt 0.952763 0.000592
vt 0.504649 0.529433
vt 0.501634 0.512078
vt 0.504649 0.494076
vt 0.611253 0.711791
vt 0.727162 0.397562
vt 0.399711 0.321886
vt 0.404599 0.335167
vt 0.421065 0.330999
vt 0.526174 0.669587
vt 0.510053 0.674658
vt 0.540960 0.660130
vt 0.772116 0.664840
vt 0.788702 0.666523
vt 0.693068 0.965034
vt 0.693068 0.982260
vt 0.685743 0.973721
vt 0.550657 0.656735
vt 0.800772 0.674467
vt 0.817055 0.669167
vt 0.733687 0.399829
vt 0.740710 0.403773
vt 0.747087 0.408844
vt 0.755090 0.409089
vt 0.383661 0.332649
vt 0.375755 0.333317
vt 0.472742 0.306811
vt 0.455955 0.321152
vt 0.456643 0.304990
vt 0.441759 0.315511
vt 0.443882 0.304600
vt 0.761898 0.962798
vt 0.761898 0.982547
vt 0.752089 0.981084
vt 0.549765 0.697365
vt 0.550464 0.685044
vt 0.561136 0.685023
vt 0.687442 0.358969
vt 0.696979 0.347287
vt 0.700850 0.358965
vt 0.906005 0.308945
vt 0.950749 0.324944
vt 0.910834 0.333153
vt 0.935141 0.351416
vt 0.927237 0.350552
vt 0.944129 0.345822
vt 0.949876 0.312530
vt 0.945524 0.295685
vt 0.948641 0.238461
vt 0.894584 0.260871
vt 0.897376 0.240503
vt 0.950749 0.256212
vt 0.917244 0.217368
vt 0.927725 0.215662
vt 0.941010 0.219853
vt 0.909108 0.221280
vt 0.899460 0.282170
vt 0.947022 0.278074
vt 0.527332 0.698883
vt 0.529929 0.677685
vt 0.588916 0.682904
vt 0.590370 0.694342
vt 0.579959 0.695490
vt 0.578309 0.683273
vt 0.561638 0.697518
vt 0.946352 0.860234
vt 0.943864 0.866448
vt 0.935776 0.861628
vt 0.937759 0.855068
vt 0.460662 0.294692
vt 0.476318 0.297409
vt 0.730307 0.325017
vt 0.730996 0.334314
vt 0.722761 0.332788
vt 0.721691 0.325699
vt 0.441090 0.294603
vt 0.424927 0.294417
vt 0.429674 0.317894
vt 0.411225 0.293561
vt 0.414676 0.318691
vt 0.399477 0.316983
vt 0.398110 0.293209
vt 0.377231 0.295094
vt 0.378477 0.314658
vt 0.756611 0.392101
vt 0.747643 0.392903
vt 0.749104 0.371425
vt 0.756922 0.371505
vt 0.725118 0.371022
vt 0.739659 0.392016
vt 0.731850 0.391149
vt 0.722218 0.390079
vt 0.506931 0.700029
vt 0.510390 0.680952
vt 0.558647 0.673144
vt 0.955496 0.827887
vt 0.955782 0.862715
vt 0.968414 0.858280
vt 0.444061 0.326155
vt 0.944345 0.808652
vt 0.957031 0.816547
vt 0.974567 0.813953
vt 0.971132 0.827918
vt 0.940556 0.821261
vt 0.933111 0.817048
vt 0.979598 0.843795
vt 0.974005 0.853463
vt 0.932145 0.835958
vt 0.935293 0.846135
vt 0.901005 0.231848
vt 0.945575 0.227503
vt 0.730439 0.349156
vt 0.722522 0.346712
vt 0.410839 0.286507
vt 0.424048 0.287477
vt 0.376297 0.287602
vt 0.398193 0.286033
vt 0.367221 0.288758
vt 0.368090 0.296134
vt 0.725502 0.362976
vt 0.749532 0.364021
vt 0.524731 0.706677
vt 0.504915 0.707872
vt 0.462196 0.288414
vt 0.477966 0.290617
vt 0.561473 0.702234
vt 0.546239 0.704065
vt 0.700850 0.343755
vt 0.580826 0.700120
vt 0.611511 0.699076
vt 0.603872 0.698191
vt 0.602552 0.693343
vt 0.610022 0.694294
vt 0.440929 0.287697
vt 0.484334 0.298385
vt 0.486299 0.292589
vt 0.735403 0.349744
vt 0.735816 0.334426
vt 0.590665 0.699129
vt 0.410172 0.283174
vt 0.423773 0.284230
vt 0.377587 0.284069
vt 0.399218 0.282728
vt 0.368907 0.285205
vt 0.503939 0.966036
vt 0.504904 0.976988
vt 0.502090 0.976988
vt 0.725414 0.359012
vt 0.748444 0.360315
vt 0.524800 0.710618
vt 0.505886 0.711790
vt 0.461816 0.285445
vt 0.477159 0.287297
vt 0.561588 0.704894
vt 0.545198 0.707595
vt 0.580789 0.702830
vt 0.610491 0.701867
vt 0.603227 0.701085
vt 0.440406 0.284472
vt 0.736104 0.324859
vt 0.739028 0.325282
vt 0.738363 0.334020
vt 0.738041 0.348880
vt 0.590109 0.701933
vt 0.082915 0.982145
vt 0.077507 0.978433
vt 0.082915 0.969582
vt 0.841870 0.890369
vt 0.837131 0.882335
vt 0.841870 0.876292
vt 0.737118 0.357946
vt 0.731983 0.357079
vt 0.739801 0.357031
vt 0.597971 0.684391
vt 0.951704 0.587120
vt 0.942552 0.587120
vt 0.944301 0.577724
vt 0.480221 0.307154
vt 0.736398 0.316175
vt 0.739801 0.316090
vt 0.370235 0.316489
vt 0.757473 0.364103
vt 0.756220 0.360396
vt 0.794436 0.687979
vt 0.425877 0.340025
vt 0.961353 0.791489
vt 0.954181 0.784235
vt 0.979598 0.792289
vt 0.367221 0.296371
vt 0.720472 0.353065
vt 0.713307 0.351379
vt 0.720472 0.308719
vt 0.556166 0.001384
vt 0.366889 0.319831
vt 0.306898 0.283804
vt 0.580233 0.346928
vt 0.581619 0.355167
vt 0.630561 0.345851
vt 0.607121 0.355043
vt 0.605937 0.346932
vt 0.202136 0.433851
vt 0.192169 0.441976
vt 0.191230 0.434618
vt 0.263326 0.632434
vt 0.245820 0.639116
vt 0.248095 0.632159
vt 0.294632 0.961024
vt 0.254801 0.956861
vt 0.250639 0.948846
vt 0.935845 0.658882
vt 0.951092 0.660245
vt 0.949042 0.666339
vt 0.355885 0.635406
vt 0.360921 0.629023
vt 0.365995 0.636691
vt 0.343115 0.625467
vt 0.327597 0.635454
vt 0.325983 0.625867
vt 0.316247 0.616815
vt 0.324092 0.608846
vt 0.294714 0.901429
vt 0.301109 0.922478
vt 0.245820 0.928988
vt 0.612473 0.326666
vt 0.620472 0.325579
vt 0.602607 0.328006
vt 0.345172 0.634561
vt 0.302080 0.612593
vt 0.313760 0.625794
vt 0.295247 0.635373
vt 0.310203 0.635512
vt 0.298799 0.952331
vt 0.301109 0.940634
vt 0.548563 0.320373
vt 0.537742 0.335148
vt 0.536266 0.326404
vt 0.950173 0.622981
vt 0.936252 0.645425
vt 0.933981 0.634438
vt 0.936361 0.616549
vt 0.952538 0.608953
vt 0.514598 0.346231
vt 0.630627 0.353147
vt 0.606127 0.358852
vt 0.581600 0.359012
vt 0.201432 0.430197
vt 0.628223 0.356669
vt 0.236503 0.723305
vt 0.275955 0.640014
vt 0.275381 0.643447
vt 0.263565 0.642823
vt 0.247252 0.642895
vt 0.262120 0.639153
vt 0.190844 0.430942
vt 0.506609 0.343685
vt 0.968732 0.617213
vt 0.579311 0.325360
vt 0.965371 0.628131
vt 0.551778 0.334354
vt 0.512137 0.330948
vt 0.277733 0.633501
vt 0.940022 0.651804
vt 0.549553 0.347610
vt 0.532342 0.349286
vt 0.202510 0.441250
vt 0.243161 0.681558
vt 0.241327 0.674132
vt 0.243899 0.674664
vt 0.240492 0.681453
vt 0.250535 0.878883
vt 0.251245 0.854015
vt 0.291449 0.854201
vt 0.247831 0.906803
vt 0.271794 0.831176
vt 0.264186 0.833611
vt 0.281415 0.834929
vt 0.271331 0.968330
vt 0.263201 0.965979
vt 0.292425 0.866687
vt 0.623685 0.000000
vt 0.267217 0.609376
vt 0.251078 0.613017
vt 0.520081 0.332831
vt 0.981651 0.642486
vt 0.975841 0.651212
vt 0.979771 0.626210
vt 0.290651 0.884262
vt 0.225313 0.701385
vt 0.234035 0.693164
vt 0.234002 0.702623
vt 0.224489 0.691300
vt 0.281312 0.968053
vt 0.628651 0.324468
vt 0.226072 0.710775
vt 0.233848 0.712539
vt 0.235356 0.682294
vt 0.222863 0.684476
vt 0.970542 0.658840
vt 0.960813 0.660957
vt 0.354113 0.627352
vt 0.285210 0.609939
vt 0.193365 0.461663
vt 0.202894 0.461872
vt 0.210699 0.440667
vt 0.211642 0.462145
vt 0.209848 0.433301
vt 0.208669 0.429681
vt 0.981651 0.613426
vt 0.504915 0.348912
vt 0.975888 0.592949
vt 0.569140 0.299754
vt 0.258125 0.595788
vt 0.958046 0.587700
vt 0.971210 0.873713
vt 0.971210 0.879941
vt 0.962412 0.882172
vt 0.960004 0.876091
vt 0.968677 0.883979
vt 0.685857 0.872568
vt 0.689320 0.866630
vt 0.702166 0.870948
vt 0.702166 0.876257
vt 0.882916 0.211616
vt 0.883822 0.217710
vt 0.867265 0.216855
vt 0.869400 0.211439
vt 0.261603 0.982431
vt 0.255691 0.975914
vt 0.255796 0.975134
vt 0.261603 0.968330
vt 0.871207 0.969802
vt 0.871207 0.983913
vt 0.867759 0.982538
vt 0.690963 0.861993
vt 0.699911 0.861486
vt 0.254051 0.979328
vt 0.254240 0.979764
vt 0.960721 0.870610
vt 0.969740 0.869099
vt 0.966113 0.866448
vt 0.698840 0.880206
vt 0.684999 0.878659
vt 0.881994 0.223841
vt 0.868560 0.222519
vt 0.872965 0.230445
vt 0.872211 0.230223
vt 0.881409 0.228086
vt 0.300443 0.968330
vt 0.300443 0.981272
vt 0.296213 0.973375
vt 0.691224 0.885669
vt 0.868448 0.230445
vt 0.868123 0.230081
vt 0.168338 0.794681
vt 0.180929 0.470146
vt 0.440406 0.780350
vt 0.461422 0.779334
vt 0.458290 0.789458
vt 0.041945 0.919680
vt 0.042460 0.917392
vt 0.042356 0.919826
vt 0.063570 0.939450
vt 0.056890 0.944186
vt 0.052043 0.934215
vt 0.458307 0.759751
vt 0.458552 0.767831
vt 0.456924 0.762012
vt 0.369156 0.759660
vt 0.371706 0.760724
vt 0.368580 0.761570
vt 0.544202 0.944985
vt 0.530593 0.946168
vt 0.534357 0.941902
vt 0.794132 0.832761
vt 0.789666 0.825476
vt 0.797610 0.822334
vt 0.517528 0.936198
vt 0.522391 0.946708
vt 0.517627 0.942360
vt 0.554328 0.889734
vt 0.547251 0.889878
vt 0.554236 0.884482
vt 0.385637 0.752303
vt 0.380042 0.750699
vt 0.376192 0.746505
vt 0.658016 0.779717
vt 0.651593 0.765536
vt 0.667770 0.770058
vt 0.854726 0.641757
vt 0.851730 0.654237
vt 0.843069 0.651433
vt 0.829465 0.776354
vt 0.838671 0.785749
vt 0.832845 0.791420
vt 0.224966 0.954446
vt 0.222262 0.943518
vt 0.225320 0.944551
vt 0.393482 0.783693
vt 0.397230 0.783208
vt 0.394075 0.785485
vt 0.382838 0.762386
vt 0.387827 0.757016
vt 0.390924 0.763396
vt 0.819391 0.843447
vt 0.824650 0.846652
vt 0.824603 0.846906
vt 0.817228 0.849087
vt 0.428099 0.737747
vt 0.426751 0.747738
vt 0.420821 0.741888
vt 0.660385 0.692437
vt 0.671192 0.703050
vt 0.662187 0.702288
vt 0.834820 0.667321
vt 0.849765 0.657682
vt 0.846991 0.664529
vt 0.107736 0.965905
vt 0.108909 0.972164
vt 0.107321 0.973854
vt 0.386194 0.726110
vt 0.378252 0.722431
vt 0.387033 0.722824
vt 0.454774 0.777704
vt 0.456441 0.775812
vt 0.608252 0.818805
vt 0.607448 0.817425
vt 0.610865 0.817335
vt 0.445004 0.713615
vt 0.439385 0.711486
vt 0.445584 0.706480
vt 0.705466 0.824297
vt 0.705966 0.829176
vt 0.705212 0.829709
vt 0.428815 0.710524
vt 0.425901 0.714287
vt 0.419854 0.700003
vt 0.803621 0.805478
vt 0.799324 0.812494
vt 0.796230 0.803702
vt 0.102176 0.981573
vt 0.101082 0.979937
vt 0.102164 0.976862
vt 0.553310 0.910414
vt 0.547521 0.908838
vt 0.554332 0.906134
vt 0.643250 0.751270
vt 0.634991 0.738891
vt 0.647966 0.734504
vt 0.499842 0.806180
vt 0.502098 0.798953
vt 0.502931 0.801127
vt 0.504267 0.731772
vt 0.504268 0.735196
vt 0.502958 0.733790
vt 0.469999 0.679639
vt 0.463443 0.688950
vt 0.466483 0.677875
vt 0.768034 0.962798
vt 0.766505 0.966502
vt 0.763897 0.966051
vt 0.511185 0.897526
vt 0.522043 0.900092
vt 0.510894 0.911505
vt 0.451183 0.771181
vt 0.453076 0.770010
vt 0.452428 0.771793
vt 0.014857 0.952922
vt 0.022257 0.949902
vt 0.021821 0.958050
vt 0.656999 0.731248
vt 0.663512 0.728752
vt 0.659007 0.732863
vt 0.969494 0.197190
vt 0.972924 0.198384
vt 0.971478 0.204899
vt 0.975389 0.208366
vt 0.973200 0.201836
vt 0.251769 0.977634
vt 0.247699 0.976779
vt 0.249498 0.973472
vt 0.642410 0.730410
vt 0.423612 0.725903
vt 0.423668 0.733011
vt 0.411806 0.723934
vt 0.218936 0.965485
vt 0.224183 0.967443
vt 0.219784 0.969443
vt 0.440617 0.733160
vt 0.442624 0.743549
vt 0.437670 0.740076
vt 0.962345 0.183967
vt 0.960765 0.184877
vt 0.960900 0.183509
vt 0.782408 0.775741
vt 0.782966 0.768654
vt 0.788046 0.770639
vt 0.457605 0.773015
vt 0.457563 0.769568
vt 0.399156 0.794990
vt 0.400279 0.791268
vt 0.404955 0.791929
vt 0.673096 0.721579
vt 0.677901 0.731039
vt 0.672508 0.729345
vt 0.830067 0.682805
vt 0.829952 0.679240
vt 0.831536 0.678842
vt 0.832877 0.681748
vt 0.795483 0.771567
vt 0.792573 0.776357
vt 0.443773 0.728084
vt 0.453529 0.735691
vt 0.547905 0.912262
vt 0.532841 0.908176
vt 0.533528 0.901778
vt 0.541346 0.909656
vt 0.385612 0.772109
vt 0.386563 0.775978
vt 0.380410 0.774511
vt 0.551598 0.942488
vt 0.552792 0.943896
vt 0.551402 0.943512
vt 0.832359 0.839220
vt 0.835001 0.827447
vt 0.839773 0.830188
vt 0.245643 0.489020
vt 0.245643 0.494978
vt 0.245168 0.492097
vt 0.828899 0.704764
vt 0.826203 0.734305
vt 0.823465 0.724553
vt 0.501913 0.813340
vt 0.500059 0.812321
vt 0.500064 0.812023
vt 0.501350 0.811926
vt 0.739290 0.973679
vt 0.737422 0.972471
vt 0.740943 0.967939
vt 0.974093 0.677189
vt 0.971416 0.677632
vt 0.971113 0.673148
vt 0.406039 0.732356
vt 0.418483 0.736273
vt 0.406836 0.744375
vt 0.810079 0.831945
vt 0.818366 0.840048
vt 0.811164 0.843477
vt 0.669293 0.691328
vt 0.684079 0.696535
vt 0.689674 0.709964
vt 0.682612 0.704059
vt 0.108159 0.977534
vt 0.959410 0.180744
vt 0.958648 0.179412
vt 0.961563 0.178810
vt 0.775074 0.983535
vt 0.774770 0.986301
vt 0.772568 0.984288
vt 0.197683 0.952487
vt 0.194193 0.958531
vt 0.187859 0.956809
vt 0.826762 0.797142
vt 0.836571 0.800034
vt 0.832186 0.805422
vt 0.373701 0.747262
vt 0.557098 0.894836
vt 0.557073 0.892972
vt 0.558777 0.895028
vt 0.245746 0.754895
vt 0.244421 0.754284
vt 0.245746 0.751821
vt 0.552807 0.940314
vt 0.553312 0.936695
vt 0.553437 0.936293
vt 0.554625 0.939261
vt 0.823295 0.797561
vt 0.824339 0.802404
vt 0.819682 0.797561
vt 0.654040 0.731232
vt 0.775945 0.965627
vt 0.780061 0.963098
vt 0.780230 0.966022
vt 0.230113 0.788838
vt 0.230875 0.791771
vt 0.226716 0.793404
vt 0.535494 0.932467
vt 0.539268 0.936865
vt 0.535446 0.935740
vt 0.440349 0.798848
vt 0.428407 0.802532
vt 0.421395 0.786437
vt 0.529360 0.931998
vt 0.529636 0.927659
vt 0.539692 0.931206
vt 0.824842 0.804938
vt 0.825184 0.807091
vt 0.823275 0.810686
vt 0.817391 0.806297
vt 0.419133 0.775514
vt 0.411979 0.786882
vt 0.525316 0.888820
vt 0.514095 0.892190
vt 0.532749 0.897249
vt 0.538004 0.913796
vt 0.546224 0.916360
vt 0.510913 0.889203
vt 0.522990 0.881084
vt 0.677171 0.713444
vt 0.394094 0.719965
vt 0.388133 0.781023
vt 0.382817 0.782524
vt 0.386452 0.778366
vt 0.044308 0.928601
vt 0.049553 0.923487
vt 0.220551 0.954833
vt 0.222415 0.964710
vt 0.785710 0.794719
vt 0.788794 0.801758
vt 0.784493 0.801536
vt 0.525000 0.928518
vt 0.521331 0.923772
vt 0.526483 0.922889
vt 0.373511 0.762569
vt 0.375104 0.760234
vt 0.885094 0.224285
vt 0.890269 0.221426
vt 0.892268 0.224286
vt 0.226969 0.954504
vt 0.241579 0.551923
vt 0.245277 0.551334
vt 0.245205 0.569201
vt 0.444398 0.746821
vt 0.455967 0.749084
vt 0.109746 0.972888
vt 0.109517 0.983097
vt 0.245746 0.429692
vt 0.245765 0.429681
vt 0.245765 0.430047
vt 0.777573 0.959836
vt 0.775834 0.962992
vt 0.772754 0.963490
vt 0.680721 0.806062
vt 0.673731 0.795446
vt 0.678705 0.797003
vt 0.008748 0.934613
vt 0.015931 0.931103
vt 0.018266 0.941882
vt 0.552079 0.918330
vt 0.550746 0.915269
vt 0.553425 0.915147
vt 0.450890 0.766118
vt 0.451258 0.768911
vt 0.449899 0.767549
vt 0.751861 0.313550
vt 0.754039 0.311949
vt 0.753920 0.315882
vt 0.435804 0.728517
vt 0.440246 0.724907
vt 0.406597 0.814933
vt 0.396416 0.803364
vt 0.402826 0.801899
vt 0.787856 0.776234
vt 0.791205 0.789295
vt 0.558275 0.928076
vt 0.558309 0.927986
vt 0.560914 0.924136
vt 0.560795 0.926914
vt 0.059332 0.949078
vt 0.058452 0.955494
vt 0.053777 0.955425
vt 0.386333 0.791078
vt 0.384195 0.785425
vt 0.393184 0.789544
vt 0.375499 0.735138
vt 0.377605 0.739546
vt 0.375185 0.738186
vt 0.800221 0.848236
vt 0.795222 0.841649
vt 0.800125 0.835010
vt 0.698071 0.711251
vt 0.694852 0.699450
vt 0.700655 0.701535
vt 0.667578 0.799645
vt 0.663350 0.800812
vt 0.662202 0.793745
vt 0.206297 0.961970
vt 0.211039 0.954798
vt 0.216538 0.956426
vt 0.445866 0.757414
vt 0.448093 0.759498
vt 0.444396 0.762813
vt 0.798105 0.788149
vt 0.800796 0.797900
vt 0.796197 0.797141
vt 0.543392 0.935631
vt 0.418967 0.809675
vt 0.412231 0.802872
vt 0.414023 0.794995
vt 0.014272 0.979959
vt 0.019656 0.983783
vt 0.015775 0.989281
vt 0.664838 0.740086
vt 0.661216 0.735274
vt 0.672521 0.746404
vt 0.804944 0.848121
vt 0.861964 0.353540
vt 0.861944 0.351592
vt 0.864471 0.351416
vt 0.030042 0.930360
vt 0.034648 0.920875
vt 0.039147 0.927697
vt 0.390164 0.777757
vt 0.391577 0.779067
vt 0.390181 0.779564
vt 0.703788 0.835952
vt 0.700655 0.838892
vt 0.700950 0.834589
vt 0.550710 0.877523
vt 0.551658 0.880676
vt 0.542710 0.880102
vt 0.807438 0.743499
vt 0.805203 0.735548
vt 0.814537 0.737097
vt 0.402627 0.768907
vt 0.413079 0.776027
vt 0.404393 0.774564
vt 0.108487 0.835666
vt 0.104203 0.829328
vt 0.108487 0.809502
vt 0.828958 0.743687
vt 0.826033 0.746002
vt 0.830808 0.721115
vt 0.703557 0.820311
vt 0.701545 0.824716
vt 0.702250 0.821276
vt 0.682180 0.721149
vt 0.684736 0.731359
vt 0.678432 0.723558
vt 0.975332 0.486449
vt 0.976473 0.489612
vt 0.974063 0.491832
vt 0.438381 0.811685
vt 0.439842 0.814605
vt 0.426258 0.814595
vt 0.239688 0.777164
vt 0.241033 0.769934
vt 0.242119 0.773597
vt 0.379840 0.765354
vt 0.377727 0.770701
vt 0.459924 0.771476
vt 0.460035 0.773762
vt 0.841334 0.795502
vt 0.841970 0.803209
vt 0.211805 0.948461
vt 0.208221 0.953525
vt 0.211598 0.945722
vt 0.242569 0.574432
vt 0.245277 0.576520
vt 0.035991 0.985503
vt 0.038647 0.981298
vt 0.042961 0.987866
vt 0.407355 0.705911
vt 0.411161 0.710233
vt 0.407286 0.709514
vt 0.975157 0.671490
vt 0.972347 0.666339
vt 0.976235 0.668927
vt 0.666518 0.790185
vt 0.670816 0.794707
vt 0.552112 0.934216
vt 0.548603 0.934296
vt 0.556171 0.926476
vt 0.556370 0.912027
vt 0.556710 0.909128
vt 0.556948 0.909003
vt 0.559404 0.913552
vt 0.552917 0.912938
vt 0.551360 0.944165
vt 0.551406 0.944814
vt 0.682214 0.790614
vt 0.681439 0.784924
vt 0.687779 0.797280
vt 0.702725 0.824034
vt 0.705689 0.820285
vt 0.631134 0.695030
vt 0.640488 0.690368
vt 0.642822 0.694144
vt 0.847299 0.357477
vt 0.843340 0.357477
vt 0.845045 0.354568
vt 0.048131 0.971218
vt 0.043003 0.973084
vt 0.812359 0.725210
vt 0.819545 0.720658
vt 0.819413 0.721639
vt 0.816932 0.730889
vt 0.440953 0.691059
vt 0.449036 0.694953
vt 0.447728 0.700781
vt 0.531404 0.942649
vt 0.977479 0.491061
vt 0.245505 0.442397
vt 0.245746 0.429681
vt 0.245746 0.445518
vt 0.418976 0.756086
vt 0.407318 0.763147
vt 0.405781 0.751581
vt 0.835190 0.814497
vt 0.828062 0.810403
vt 0.555515 0.894719
vt 0.554499 0.897302
vt 0.551169 0.898038
vt 0.898008 0.970760
vt 0.898008 0.980415
vt 0.894401 0.977438
vt 0.107908 0.984864
vt 0.105684 0.981835
vt 0.105297 0.978515
vt 0.543635 0.920212
vt 0.534570 0.919966
vt 0.199015 0.959427
vt 0.195789 0.968498
vt 0.546676 0.942622
vt 0.550156 0.943646
vt 0.641316 0.711503
vt 0.625423 0.725544
vt 0.629948 0.708909
vt 0.542314 0.888735
vt 0.549648 0.884110
vt 0.543021 0.895326
vt 0.547654 0.897913
vt 0.710872 0.346652
vt 0.713186 0.343755
vt 0.713186 0.349174
vt 0.548201 0.960744
vt 0.549654 0.955879
vt 0.553111 0.960191
vt 0.213045 0.935006
vt 0.209706 0.931019
vt 0.214716 0.922762
vt 0.546895 0.923739
vt 0.547827 0.920494
vt 0.550993 0.924397
vt 0.887331 0.979595
vt 0.888569 0.974964
vt 0.888802 0.980024
vt 0.243021 0.785354
vt 0.244479 0.787387
vt 0.241306 0.787666
vt 0.890605 0.970760
vt 0.890605 0.973985
vt 0.887297 0.972005
vt 0.823743 0.351613
vt 0.826801 0.356936
vt 0.824186 0.356296
vt 0.678634 0.751732
vt 0.669512 0.760823
vt 0.674826 0.750768
vt 0.402295 0.780253
vt 0.789732 0.756209
vt 0.788529 0.747499
vt 0.794540 0.752848
vt 0.611511 0.720742
vt 0.618170 0.717463
vt 0.617349 0.725672
vt 0.026485 0.970190
vt 0.027093 0.979273
vt 0.398732 0.784256
vt 0.381839 0.716436
vt 0.379835 0.719271
vt 0.377377 0.717386
vt 0.665141 0.757939
vt 0.656972 0.760591
vt 0.663885 0.755132
vt 0.556990 0.890033
vt 0.557524 0.887705
vt 0.559716 0.890245
vt 0.682698 0.744497
vt 0.684888 0.749763
vt 0.400869 0.754370
vt 0.401901 0.763623
vt 0.394609 0.759633
vt 0.446149 0.771086
vt 0.445524 0.775631
vt 0.800893 0.770343
vt 0.805359 0.765146
vt 0.806306 0.770441
vt 0.537310 0.925694
vt 0.781210 0.818284
vt 0.785006 0.816094
vt 0.796896 0.778239
vt 0.055962 0.926686
vt 0.048651 0.915937
vt 0.055752 0.920155
vt 0.414723 0.706276
vt 0.556127 0.913713
vt 0.976868 0.486296
vt 0.801342 0.853127
vt 0.793913 0.853281
vt 0.433186 0.736889
vt 0.434031 0.746630
vt 0.439585 0.703200
vt 0.435505 0.713044
vt 0.428707 0.731289
vt 0.804184 0.823751
vt 0.810012 0.823368
vt 0.453559 0.774600
vt 0.451276 0.772422
vt 0.823164 0.852590
vt 0.386111 0.744079
vt 0.385444 0.746164
vt 0.383200 0.744561
vt 0.379072 0.756401
vt 0.377069 0.756462
vt 0.379872 0.753872
vt 0.451280 0.759184
vt 0.448106 0.758543
vt 0.448287 0.756360
vt 0.777034 0.721068
vt 0.780600 0.735777
vt 0.777569 0.731584
vt 0.244077 0.766737
vt 0.243788 0.763309
vt 0.245783 0.764169
vt 0.223308 0.952202
vt 0.224010 0.954579
vt 0.223099 0.954541
vt 0.421270 0.669599
vt 0.416739 0.668184
vt 0.420403 0.642303
vt 0.425671 0.643588
vt 0.621642 0.745968
vt 0.614721 0.744071
vt 0.618650 0.736816
vt 0.556497 0.908960
vt 0.556975 0.908386
vt 0.420237 0.684738
vt 0.424351 0.679788
vt 0.396274 0.794973
vt 0.554469 0.876427
vt 0.555007 0.879946
vt 0.804390 0.777838
vt 0.501037 0.729144
vt 0.499472 0.725734
vt 0.500023 0.724130
vt 0.028214 0.915330
vt 0.027225 0.921650
vt 0.201069 0.968698
vt 0.690479 0.723006
vt 0.784384 0.962351
vt 0.780334 0.961038
vt 0.781761 0.968096
vt 0.780116 0.968007
vt 0.781256 0.959164
vt 0.615817 0.749723
vt 0.423521 0.696768
vt 0.413088 0.691663
vt 0.418297 0.689868
vt 0.369615 0.767394
vt 0.546304 0.901569
vt 0.549643 0.901827
vt 0.808556 0.854102
vt 0.649709 0.705018
vt 0.652295 0.712245
vt 0.225165 0.963741
vt 0.076360 0.982343
vt 0.073244 0.979208
vt 0.074998 0.975909
vt 0.502968 0.768741
vt 0.504682 0.766160
vt 0.504682 0.770915
vt 0.073137 0.974608
vt 0.074340 0.973433
vt 0.375873 0.721055
vt 0.809724 0.792788
vt 0.514369 0.952023
vt 0.518143 0.947115
vt 0.523359 0.950630
vt 0.871207 0.979198
vt 0.875707 0.969802
vt 0.875707 0.980410
vt 0.886658 0.220224
vt 0.887218 0.223129
vt 0.883822 0.221232
vt 0.787981 0.726623
vt 0.786096 0.739025
vt 0.776806 0.835328
vt 0.782236 0.826058
vt 0.780700 0.840028
vt 0.036988 0.933704
vt 0.527469 0.939581
vt 0.528825 0.935474
vt 0.532721 0.938109
vt 0.703652 0.860747
vt 0.700655 0.857934
vt 0.703652 0.855495
vt 0.706274 0.857815
vt 0.703652 0.858964
vt 0.703983 0.855853
vt 0.461535 0.692145
vt 0.455240 0.698148
vt 0.458444 0.691133
vt 0.816069 0.735261
vt 0.815807 0.737247
vt 0.555431 0.922703
vt 0.552042 0.920935
vt 0.377512 0.762641
vt 0.374955 0.765856
vt 0.755329 0.214650
vt 0.755562 0.221169
vt 0.754218 0.222564
vt 0.441930 0.752660
vt 0.444172 0.755289
vt 0.440524 0.756845
vt 0.690116 0.741449
vt 0.551118 0.949163
vt 0.555695 0.949132
vt 0.409885 0.796607
vt 0.962938 0.180892
vt 0.965543 0.178500
vt 0.559788 0.953034
vt 0.561946 0.951449
vt 0.564051 0.955391
vt 0.974057 0.189940
vt 0.975707 0.192165
vt 0.973591 0.194416
vt 0.209626 0.964889
vt 0.212970 0.970295
vt 0.449378 0.772309
vt 0.451984 0.775688
vt 0.450349 0.775210
vt 0.741812 0.969048
vt 0.743243 0.965829
vt 0.742910 0.970393
vt 0.740794 0.963655
vt 0.742471 0.964440
vt 0.826001 0.833764
vt 0.825975 0.829900
vt 0.826261 0.830116
vt 0.840412 0.892507
vt 0.837131 0.897192
vt 0.837561 0.892550
vt 0.546599 0.948270
vt 0.541773 0.951327
vt 0.545699 0.954363
vt 0.535191 0.952657
vt 0.528518 0.948688
vt 0.539173 0.949292
vt 0.389221 0.795089
vt 0.394281 0.792513
vt 0.394087 0.782191
vt 0.521740 0.907070
vt 0.249684 0.979413
vt 0.458325 0.774952
vt 0.193644 0.986960
vt 0.193716 0.978333
vt 0.198181 0.982289
vt 0.449269 0.676005
vt 0.442564 0.682819
vt 0.429458 0.670834
vt 0.220820 0.944054
vt 0.393436 0.751977
vt 0.394124 0.745284
vt 0.205935 0.948865
vt 0.204003 0.956219
vt 0.201229 0.955440
vt 0.404429 0.703552
vt 0.401737 0.706317
vt 0.245552 0.715639
vt 0.245552 0.723006
vt 0.243899 0.720430
vt 0.551974 0.940307
vt 0.397765 0.767446
vt 0.406923 0.700438
vt 0.405122 0.699242
vt 0.428594 0.810783
vt 0.543776 0.938260
vt 0.539594 0.938908
vt 0.535920 0.979026
vt 0.529352 0.975339
vt 0.538458 0.975495
vt 0.108579 0.858687
vt 0.107560 0.859154
vt 0.106603 0.856901
vt 0.051429 0.963238
vt 0.053601 0.968090
vt 0.451548 0.753670
vt 0.452440 0.755327
vt 0.447695 0.755283
vt 0.029879 0.937876
vt 0.025412 0.944020
vt 0.022383 0.938140
vt 0.501664 0.734300
vt 0.499472 0.735383
vt 0.499655 0.732570
vt 0.501664 0.731772
vt 0.225291 0.931179
vt 0.224684 0.937238
vt 0.222128 0.930875
vt 0.109746 0.988961
vt 0.192899 0.941344
vt 0.178665 0.948909
vt 0.175311 0.935077
vt 0.424457 0.716286
vt 0.818318 0.701776
vt 0.821350 0.702686
vt 0.819738 0.720447
vt 0.423350 0.805649
vt 0.778090 0.967675
vt 0.394846 0.725947
vt 0.447844 0.775388
vt 0.452308 0.776979
vt 0.783259 0.854495
vt 0.785876 0.843974
vt 0.790114 0.854742
vt 0.674566 0.783339
vt 0.680818 0.779694
vt 0.541801 0.903403
vt 0.544335 0.902101
vt 0.551142 0.904757
vt 0.561230 0.916262
vt 0.561194 0.919880
vt 0.560189 0.919099
vt 0.886296 0.972853
vt 0.812543 0.774326
vt 0.378829 0.760141
vt 0.376844 0.758358
vt 0.395675 0.740743
vt 0.387086 0.731276
vt 0.392764 0.731143
vt 0.220684 0.943641
vt 0.824800 0.769346
vt 0.828275 0.768723
vt 0.264577 0.975099
vt 0.268228 0.968330
vt 0.270571 0.979376
vt 0.045024 0.935112
vt 0.050478 0.941485
vt 0.815917 0.815638
vt 0.675075 0.768842
vt 0.245803 0.466101
vt 0.245803 0.469929
vt 0.244858 0.467106
vt 0.503053 0.757437
vt 0.504770 0.761181
vt 0.502968 0.760710
vt 0.524531 0.942864
vt 0.525842 0.940460
vt 0.455452 0.769689
vt 0.526327 0.950950
vt 0.528802 0.960914
vt 0.521661 0.958379
vt 0.241742 0.777722
vt 0.242003 0.782758
vt 0.522454 0.936002
vt 0.513792 0.935077
vt 0.671257 0.801633
vt 0.675498 0.810109
vt 0.465691 0.785152
vt 0.461993 0.795078
vt 0.664313 0.740932
vt 0.666619 0.745206
vt 0.711975 0.351357
vt 0.548356 0.914815
vt 0.793063 0.766740
vt 0.036449 0.942167
vt 0.027020 0.949389
vt 0.221150 0.919293
vt 0.212781 0.901518
vt 0.218205 0.901069
vt 0.782544 0.723095
vt 0.801945 0.747427
vt 0.822101 0.742631
vt 0.816748 0.736966
vt 0.036350 0.913782
vt 0.381249 0.761985
vt 0.381119 0.758125
vt 0.805302 0.836088
vt 0.541703 0.940669
vt 0.775143 0.979819
vt 0.777265 0.984674
vt 0.714202 0.353413
vt 0.716776 0.353643
vt 0.716207 0.355400
vt 0.549190 0.916428
vt 0.548971 0.918236
vt 0.546824 0.917901
vt 0.012727 0.943001
vt 0.005206 0.940899
vt 0.543070 0.883384
vt 0.532980 0.935084
vt 0.537669 0.877352
vt 0.773286 0.718844
vt 0.774279 0.727994
vt 0.795424 0.758386
vt 0.797791 0.760411
vt 0.795602 0.763720
vt 0.455824 0.765283
vt 0.646272 0.769975
vt 0.642620 0.773511
vt 0.641131 0.764252
vt 0.892308 0.221550
vt 0.891514 0.218513
vt 0.461993 0.677841
vt 0.243286 0.593699
vt 0.243286 0.597157
vt 0.241579 0.596903
vt 0.798707 0.745477
vt 0.803264 0.722745
vt 0.550029 0.930011
vt 0.542751 0.930947
vt 0.843277 0.683597
vt 0.853426 0.676914
vt 0.860473 0.678280
vt 0.382473 0.778423
vt 0.543912 0.959319
vt 0.528382 0.934713
vt 0.702513 0.830024
vt 0.455413 0.753716
vt 0.459876 0.759606
vt 0.560345 0.903000
vt 0.558876 0.901898
vt 0.562251 0.903022
vt 0.376094 0.744707
vt 0.108455 0.962942
vt 0.109024 0.967240
vt 0.065888 0.958053
vt 0.058702 0.960605
vt 0.390256 0.713145
vt 0.387176 0.717750
vt 0.792159 0.723017
vt 0.791181 0.739328
vt 0.547272 0.938503
vt 0.655067 0.782882
vt 0.036318 0.951577
vt 0.681985 0.691295
vt 0.676250 0.687014
vt 0.680262 0.684314
vt 0.864399 0.356351
vt 0.675947 0.699160
vt 0.039736 0.943765
vt 0.038926 0.949111
vt 0.684856 0.713196
vt 0.647969 0.760973
vt 0.652654 0.762204
vt 0.693423 0.707974
vt 0.688139 0.695851
vt 0.430416 0.717483
vt 0.433235 0.703207
vt 0.859385 0.640993
vt 0.857408 0.641005
vt 0.860802 0.635936
vt 0.375486 0.751202
vt 0.645700 0.753590
vt 0.648450 0.747350
vt 0.560505 0.959784
vt 0.685836 0.772331
vt 0.681580 0.772094
vt 0.690271 0.764585
vt 0.809782 0.801619
vt 0.812159 0.808801
vt 0.010222 0.984335
vt 0.182186 0.961301
vt 0.184405 0.966931
vt 0.180069 0.963289
vt 0.456230 0.749872
vt 0.448750 0.748659
vt 0.447430 0.747240
vt 0.655149 0.700863
vt 0.656718 0.707100
vt 0.453921 0.754844
vt 0.425600 0.667747
vt 0.072718 0.969889
vt 0.076288 0.970777
vt 0.074233 0.972133
vt 0.755821 0.249464
vt 0.754218 0.249269
vt 0.755821 0.246982
vt 0.441604 0.748969
vt 0.439936 0.752423
vt 0.440659 0.748861
vt 0.396262 0.778995
vt 0.392962 0.777905
vt 0.396445 0.778400
vt 0.536781 0.957536
vt 0.543252 0.901090
vt 0.541756 0.901455
vt 0.538223 0.899133
vt 0.556306 0.902269
vt 0.557906 0.904105
vt 0.245555 0.445612
vt 0.245644 0.445567
vt 0.245746 0.445756
vt 0.438002 0.759335
vt 0.448549 0.762130
vt 0.851001 0.978063
vt 0.853106 0.969802
vt 0.853106 0.981170
vt 0.791448 0.795877
vt 0.525374 0.909883
vt 0.780508 0.970504
vt 0.779225 0.970164
vt 0.017107 0.948250
vt 0.549440 0.938769
vt 0.553530 0.936081
vt 0.238966 0.781286
vt 0.240278 0.770645
vt 0.770002 0.969380
vt 0.769330 0.975929
vt 0.769018 0.969989
vt 0.190535 0.969100
vt 0.557891 0.906371
vt 0.558151 0.904265
vt 0.558434 0.904155
vt 0.561493 0.906812
vt 0.181349 0.931656
vt 0.201849 0.961735
vt 0.218940 0.931504
vt 0.446654 0.752298
vt 0.245746 0.499220
vt 0.245168 0.497350
vt 0.245746 0.494978
vt 0.706655 0.860566
vt 0.105118 0.858232
vt 0.429411 0.682742
vt 0.428926 0.687890
vt 0.835710 0.677110
vt 0.706525 0.819713
vt 0.558808 0.915657
vt 0.389322 0.768219
vt 0.975380 0.494616
vt 0.974693 0.495931
vt 0.030129 0.959834
vt 0.022084 0.966654
vt 0.782897 0.965529
vt 0.063255 0.951854
vt 0.429129 0.694448
vt 0.434155 0.693251
vt 0.411686 0.779969
vt 0.466038 0.760027
vt 0.468744 0.777151
vt 0.020871 0.922871
vt 0.012209 0.926405
vt 0.014826 0.922047
vt 0.200285 0.932583
vt 0.199047 0.943323
vt 0.194417 0.930480
vt 0.413594 0.811078
vt 0.970009 0.193456
vt 0.042785 0.919827
vt 0.438782 0.751766
vt 0.674143 0.831902
vt 0.679438 0.828799
vt 0.679234 0.858247
vt 0.673821 0.859919
vt 0.105674 0.861803
vt 0.104203 0.860420
vt 0.105761 0.860763
vt 0.791520 0.846984
vt 0.850420 0.670657
vt 0.844595 0.673304
vt 0.426970 0.696679
vt 0.428211 0.703554
vt 0.970574 0.678507
vt 0.623460 0.737144
vt 0.783236 0.750895
vt 0.783979 0.757449
vt 0.781094 0.756117
vt 0.833028 0.821529
vt 0.828577 0.820140
vt 0.668120 0.819198
vt 0.671534 0.816576
vt 0.671472 0.831686
vt 0.854582 0.665432
vt 0.851079 0.665767
vt 0.853166 0.660559
vt 0.693181 0.746241
vt 0.689449 0.747778
vt 0.696194 0.738447
vt 0.367221 0.764766
vt 0.369611 0.764110
vt 0.736324 0.980405
vt 0.736789 0.971638
vt 0.424103 0.691430
vt 0.426164 0.690767
vt 0.640482 0.778892
vt 0.637557 0.773251
vt 0.788696 0.761380
vt 0.972665 0.183156
vt 0.973653 0.184012
vt 0.971266 0.185762
vt 0.452468 0.759723
vt 0.450501 0.763002
vt 0.422105 0.717641
vt 0.407398 0.718064
vt 0.104296 0.858149
vt 0.677808 0.745325
vt 0.790975 0.814897
vt 0.229589 0.947549
vt 0.229714 0.944794
vt 0.232178 0.952298
vt 0.400147 0.708476
vt 0.504867 0.676115
vt 0.503886 0.673544
vt 0.504867 0.672540
vt 0.550138 0.954347
vt 0.550489 0.952739
vt 0.554461 0.955193
vt 0.977668 0.496239
vt 0.425060 0.759690
vt 0.431681 0.772756
vt 0.415793 0.766842
vt 0.785726 0.765599
vt 0.678381 0.808690
vt 0.685589 0.822928
vt 0.380241 0.782842
vt 0.558043 0.885254
vt 0.061079 0.929916
vt 0.556332 0.914401
vt 0.452563 0.751804
vt 0.449818 0.750759
vt 0.452411 0.797138
vt 0.456535 0.801416
vt 0.449410 0.804222
vt 0.812167 0.782696
vt 0.558133 0.904165
vt 0.686999 0.689016
vt 0.692468 0.687562
vt 0.695995 0.692579
vt 0.820914 0.789108
vt 0.815650 0.738700
vt 0.815126 0.748531
vt 0.808568 0.750753
vt 0.195436 0.946898
vt 0.184225 0.948143
vt 0.856400 0.653879
vt 0.814884 0.757927
vt 0.814902 0.757404
vt 0.815529 0.757858
vt 0.821320 0.758116
vt 0.820419 0.750052
vt 0.676543 0.788123
vt 0.610265 0.822395
vt 0.607096 0.821643
vt 0.839602 0.675506
vt 0.833649 0.670665
vt 0.504902 0.428378
vt 0.504210 0.426823
vt 0.504902 0.426377
vt 0.699493 0.728710
vt 0.692922 0.732385
vt 0.812591 0.765707
vt 0.816074 0.768612
vt 0.816873 0.773367
vt 0.376383 0.760355
vt 0.407190 0.768974
vt 0.003089 0.978985
vt 0.006643 0.971823
vt 0.220680 0.940291
vt 0.245783 0.788102
vt 0.245782 0.789954
vt 0.386848 0.712810
vt 0.658762 0.719276
vt 0.961160 0.182210
vt 0.808056 0.814664
vt 0.052807 0.948820
vt 0.200159 0.975488
vt 0.453872 0.807219
vt 0.000341 0.937383
vt 0.007079 0.933819
vt 0.245709 0.466101
vt 0.244858 0.464339
vt 0.245709 0.461526
vt 0.749175 0.311949
vt 0.750264 0.314043
vt 0.748220 0.312394
vt 0.537020 0.888190
vt 0.535648 0.882900
vt 0.251140 0.972977
vt 0.706655 0.855495
vt 0.460096 0.804749
vt 0.464459 0.799031
vt 0.839962 0.354154
vt 0.843340 0.351416
vt 0.843004 0.355227
vt 0.504770 0.755168
vt 0.800126 0.764423
vt 0.399837 0.781152
vt 0.773905 0.967462
vt 0.771707 0.967087
vt 0.545756 0.970549
vt 0.537905 0.962998
vt 0.545779 0.970468
vt 0.525278 0.937365
vt 0.245168 0.491998
vt 0.244858 0.488048
vt 0.245168 0.481800
vt 0.640260 0.697889
vt 0.839895 0.682686
vt 0.964015 0.181650
vt 0.450104 0.707298
vt 0.454078 0.704321
vt 0.452571 0.710996
vt 0.031808 0.984693
vt 0.032921 0.980188
vt 0.500872 0.810679
vt 0.502217 0.811780
vt 0.042600 0.913736
vt 0.801659 0.757625
vt 0.459681 0.695974
vt 0.214606 0.949657
vt 0.242030 0.524702
vt 0.240720 0.524702
vt 0.241832 0.523124
vt 0.837636 0.661719
vt 0.832421 0.659823
vt 0.454879 0.689000
vt 0.847508 0.354262
vt 0.848344 0.354078
vt 0.847299 0.357335
vt 0.635369 0.777764
vt 0.630655 0.769671
vt 0.674594 0.692302
vt 0.105246 0.965502
vt 0.103555 0.972077
vt 0.103918 0.966277
vt 0.816718 0.828529
vt 0.714587 0.358978
vt 0.713988 0.354548
vt 0.652600 0.775445
vt 0.765334 0.971023
vt 0.767160 0.976574
vt 0.763274 0.976705
vt 0.559931 0.911041
vt 0.103981 0.986978
vt 0.102551 0.990332
vt 0.513633 0.959067
vt 0.514020 0.968303
vt 0.508928 0.966417
vt 0.617700 0.732662
vt 0.460811 0.767922
vt 0.461503 0.763420
vt 0.785178 0.749566
vt 0.965954 0.179619
vt 0.634360 0.763791
vt 0.238966 0.757929
vt 0.244421 0.748822
vt 0.244421 0.763309
vt 0.668285 0.747906
vt 0.817895 0.777843
vt 0.821410 0.773801
vt 0.556654 0.901705
vt 0.557406 0.899836
vt 0.449061 0.716687
vt 0.779176 0.766581
vt 0.389601 0.742218
vt 0.733732 0.979816
vt 0.737764 0.966789
vt 0.435771 0.721742
vt 0.754695 0.315077
vt 0.554421 0.901476
vt 0.555109 0.899523
vt 0.825620 0.781900
vt 0.400320 0.815580
vt 0.807191 0.758952
vt 0.502084 0.804290
vt 0.502227 0.806879
vt 0.502486 0.809169
vt 0.552128 0.903314
vt 0.512619 0.930929
vt 0.816494 0.694579
vt 0.821931 0.694304
vt 0.406370 0.787101
vt 0.544224 0.875588
vt 0.973087 0.210441
vt 0.975923 0.213621
vt 0.385275 0.743348
vt 0.382224 0.743505
vt 0.380744 0.739908
vt 0.380403 0.778428
vt 0.034751 0.972293
vt 0.034398 0.973884
vt 0.057818 0.980790
vt 0.053580 0.975020
vt 0.064304 0.966162
vt 0.005807 0.955912
vt 0.002397 0.951777
vt 0.007308 0.947788
vt 0.033194 0.964783
vt 0.666507 0.707742
vt 0.076343 0.969582
vt 0.859117 0.632860
vt 0.202970 0.980493
vt 0.196922 0.987808
vt 0.030426 0.989916
vt 0.036113 0.992362
vt 0.029611 0.992970
vt 0.466585 0.755036
vt 0.469999 0.760000
vt 0.041581 0.929651
vt 0.041321 0.931945
vt 0.558317 0.880964
vt 0.558059 0.878593
vt 0.561613 0.880572
vt 0.773177 0.964953
vt 0.850082 0.635258
vt 0.849294 0.684157
vt 0.043634 0.962201
vt 0.850632 0.351416
vt 0.850778 0.353487
vt 0.771581 0.963501
vt 0.452275 0.696346
vt 0.244858 0.519176
vt 0.245804 0.518787
vt 0.245804 0.520581
vt 0.836998 0.807332
vt 0.559327 0.924835
vt 0.558374 0.923895
vt 0.559695 0.922893
vt 0.542973 0.977064
vt 0.545726 0.970641
vt 0.548442 0.976441
vt 0.460461 0.767647
vt 0.461681 0.759072
vt 0.253084 0.976741
vt 0.501906 0.728870
vt 0.977668 0.486648
vt 0.530703 0.940691
vt 0.109206 0.989872
vt 0.458097 0.776982
vt 0.035190 0.970188
vt 0.039117 0.965821
vt 0.773197 0.980398
vt 0.770092 0.977055
vt 0.772237 0.972597
vt 0.852507 0.669883
vt 0.222012 0.930928
vt 0.221907 0.931380
vt 0.072015 0.971778
vt 0.557781 0.877042
vt 0.560933 0.877039
vt 0.501070 0.725599
vt 0.504717 0.730384
vt 0.075200 0.982758
vt 0.819671 0.720737
vt 0.227411 0.963626
vt 0.230989 0.967094
vt 0.227586 0.966994
vt 0.226836 0.965038
vt 0.399677 0.772843
vt 0.841486 0.890369
vt 0.504491 0.671285
vt 0.647956 0.688762
vt 0.705579 0.837716
vt 0.551911 0.972555
vt 0.556208 0.964733
vt 0.563212 0.964174
vt 0.813003 0.705705
vt 0.504280 0.798359
vt 0.226248 0.963781
vt 0.224629 0.957412
vt 0.754218 0.239855
vt 0.755715 0.234877
vt 0.755715 0.242292
vt 0.245820 0.975188
vt 0.247961 0.982806
vt 0.409834 0.701272
vt 0.504656 0.443423
vt 0.502861 0.446341
vt 0.502763 0.443542
vt 0.254051 0.978361
vt 0.814204 0.757936
vt 0.681421 0.825884
vt 0.674450 0.819169
vt 0.675086 0.814912
vt 0.221901 0.930887
vt 0.825723 0.811621
vt 0.848396 0.357829
vt 0.850778 0.357374
vt 0.521746 0.979243
vt 0.528113 0.981074
vt 0.814974 0.758961
vt 0.815406 0.764666
vt 0.107274 0.861270
vt 0.108579 0.863183
vt 0.463531 0.773223
vt 0.683108 0.756059
vt 0.261603 0.979376
vt 0.382458 0.731773
vt 0.840232 0.821579
vt 0.840939 0.812719
vt 0.561178 0.919074
vt 0.562212 0.920847
vt 0.559438 0.919462
vt 0.559326 0.919013
vt 0.551276 0.940169
vt 0.027604 0.984033
vt 0.023994 0.990239
vt 0.420388 0.688708
vt 0.461656 0.771234
vt 0.462336 0.768392
vt 0.798131 0.724265
vt 0.241848 0.792408
vt 0.239226 0.793277
vt 0.238966 0.790666
vt 0.014430 0.968160
vt 0.454404 0.759486
vt 0.545742 0.970596
vt 0.537755 0.971214
vt 0.216309 0.945012
vt 0.673938 0.774301
vt 0.671130 0.779776
vt 0.667919 0.777215
vt 0.653335 0.692465
vt 0.654244 0.684542
vt 0.660265 0.690434
vt 0.828207 0.679651
vt 0.072069 0.976310
vt 0.840158 0.897471
vt 0.840670 0.901956
vt 0.829533 0.666575
vt 0.557604 0.899014
vt 0.557596 0.897571
vt 0.560549 0.897875
vt 0.455266 0.750453
vt 0.459508 0.756019
vt 0.453880 0.750686
vt 0.522504 0.918552
vt 0.665116 0.806720
vt 0.668016 0.810977
vt 0.049831 0.953386
vt 0.043315 0.943370
vt 0.782813 0.796083
vt 0.222038 0.930843
vt 0.376019 0.753613
vt 0.969618 0.186992
vt 0.968577 0.191730
vt 0.038229 0.953542
vt 0.738774 0.967233
vt 0.662480 0.712907
vt 0.037629 0.956976
vt 0.037095 0.960032
vt 0.398937 0.787084
vt 0.829913 0.676045
vt 0.828157 0.672269
vt 0.000000 0.974218
vt 0.671000 0.808422
vt 0.002808 0.965912
vt 0.513202 0.942110
vt 0.965011 0.185163
vt 0.962943 0.184139
vt 0.962879 0.182930
vt 0.558119 0.904075
vt 0.431109 0.723239
vt 0.176003 0.910434
vt 0.180317 0.908722
vt 0.220327 0.940542
vt 0.220348 0.940189
vt 0.856647 0.354328
vt 0.858361 0.357651
vt 0.856693 0.358860
vt 0.458317 0.735114
vt 0.468745 0.753139
vt 0.458300 0.745166
vt 0.894311 0.215786
vt 0.886824 0.214012
vt 0.893947 0.211439
vt 0.666369 0.685930
vt 0.825494 0.840442
vt 0.649876 0.734647
vt 0.826598 0.829863
vt 0.231494 0.934061
vt 0.231692 0.941218
vt 0.449122 0.770450
vt 0.449320 0.765859
vt 0.670013 0.788223
vt 0.458157 0.773090
vt 0.392564 0.781066
vt 0.958749 0.185202
vt 0.958692 0.182872
vt 0.959573 0.183136
vt 0.826773 0.676468
vt 0.682984 0.782505
vt 0.686156 0.784548
vt 0.825193 0.357972
vt 0.821866 0.355691
vt 0.706524 0.838012
vt 0.706311 0.824258
vt 0.978594 0.213215
vt 0.827490 0.353636
vt 0.827662 0.358823
vt 0.076234 0.978028
vt 0.608623 0.827182
vt 0.609292 0.823846
vt 0.522146 0.973577
vt 0.678581 0.777221
vt 0.684483 0.778170
vt 0.447511 0.727427
vt 0.500003 0.719145
vt 0.500962 0.714345
vt 0.501315 0.718648
vt 0.245745 0.502581
vt 0.245039 0.501337
vt 0.962547 0.185174
vt 0.786063 0.823562
vt 0.520249 0.929806
vt 0.451007 0.770187
vt 0.077507 0.970297
vt 0.840461 0.356891
vt 0.396371 0.714129
vt 0.667461 0.722255
vt 0.748391 0.315704
vt 0.559671 0.921238
vt 0.248324 0.968941
vt 0.252852 0.968330
vt 0.517388 0.923661
vt 0.814933 0.756741
vt 0.978594 0.183880
vt 0.977429 0.186138
vt 0.550686 0.918448
vt 0.554364 0.919442
vt 0.556828 0.920336
vt 0.175375 0.955832
vt 0.818704 0.781358
vt 0.104871 0.974510
vt 0.740245 0.962798
vt 0.564051 0.917836
vt 0.662663 0.779803
vt 0.645259 0.758546
vt 0.842748 0.644829
vt 0.846488 0.631405
vt 0.834898 0.722090
vt 0.889111 0.218930
vt 0.658338 0.803771
vt 0.653460 0.794340
vt 0.656693 0.795769
vt 0.652072 0.785942
vt 0.241579 0.592203
vt 0.241880 0.576520
vt 0.245239 0.580419
vt 0.974673 0.680736
vt 0.972662 0.680587
vt 0.453855 0.764193
vt 0.771151 0.981735
vt 0.626049 0.705763
vt 0.395536 0.775673
vt 0.395692 0.771329
vt 0.775041 0.967792
vt 0.778832 0.968667
vt 0.684741 0.856506
vt 0.557688 0.906747
vt 0.023354 0.994223
vt 0.409521 0.690068
vt 0.545286 0.919988
vt 0.503931 0.539957
vt 0.503931 0.542606
vt 0.501634 0.539987
vt 0.385186 0.737953
vt 0.818241 0.765373
vt 0.823687 0.764061
vt 0.504656 0.446920
vt 0.389197 0.799061
vt 0.379800 0.726091
vt 0.770150 0.973243
vt 0.975579 0.201481
vt 0.530606 0.915531
vt 0.695731 0.720480
vt 0.699902 0.719790
vt 0.040667 0.952339
vt 0.825209 0.756232
vt 0.415041 0.684702
vt 0.768034 0.979747
vt 0.684780 0.765549
vt 0.688817 0.755989
vt 0.974740 0.674025
vt 0.454748 0.709270
vt 0.202327 0.978834
vt 0.171820 0.943790
vt 0.166628 0.944650
vt 0.511188 0.950366
vt 0.460829 0.756397
vt 0.463158 0.762509
vt 0.505058 0.972401
vt 0.511330 0.975016
vt 0.773784 0.972663
vt 0.824755 0.701395
vt 0.827025 0.693816
vt 0.975976 0.500646
vt 0.502968 0.742978
vt 0.503433 0.735651
vt 0.504873 0.740824
vt 0.062755 0.976416
vt 0.859235 0.351416
vt 0.864471 0.358034
vt 0.862776 0.355931
vt 0.609983 0.827301
vt 0.859235 0.355670
vt 0.021185 0.917212
vt 0.857141 0.661164
vt 0.687214 0.818285
vt 0.685184 0.804916
vt 0.693903 0.821386
vt 0.412305 0.671287
vt 0.414328 0.667557
vt 0.416000 0.678079
vt 0.253947 0.981127
vt 0.821094 0.323575
vt 0.818882 0.321170
vt 0.821094 0.318825
vt 0.626895 0.755896
vt 0.631238 0.752130
vt 0.106329 0.987817
vt 0.549891 0.874925
vt 0.245476 0.593699
vt 0.245476 0.596195
vt 0.243286 0.595152
vt 0.781463 0.743993
vt 0.783002 0.736897
vt 0.417135 0.683613
vt 0.238252 0.792154
vt 0.235515 0.793894
vt 0.235197 0.792692
vt 0.815658 0.766732
vt 0.189911 0.929341
vt 0.237313 0.523535
vt 0.239190 0.523124
vt 0.237345 0.524947
vt 0.245772 0.469929
vt 0.245772 0.477319
vt 0.245300 0.474542
vt 0.826280 0.821349
vt 0.826150 0.818216
vt 0.455847 0.768430
vt 0.557577 0.899404
vt 0.559727 0.899961
vt 0.631385 0.699672
vt 0.503811 0.796737
vt 0.518003 0.917926
vt 0.048921 0.986030
vt 0.239190 0.524986
vt 0.239956 0.523124
vt 0.240720 0.524986
vt 0.659765 0.816292
vt 0.379964 0.714491
vt 0.776932 0.969201
vt 0.231016 0.793404
vt 0.623595 0.701230
vt 0.688553 0.805173
vt 0.231447 0.921905
vt 0.889589 0.215668
vt 0.444304 0.748805
vt 0.686118 0.356048
vt 0.685755 0.352201
vt 0.687294 0.351647
vt 0.219179 0.943676
vt 0.557391 0.896222
vt 0.020082 0.996173
vt 0.007315 0.995449
vt 0.379252 0.743291
vt 0.853443 0.669548
vt 0.855144 0.673588
vt 0.407689 0.780766
vt 0.819220 0.822346
vt 0.824018 0.820410
vt 0.451913 0.763996
vt 0.375991 0.725718
vt 0.034482 0.996173
vt 0.029209 0.994346
vt 0.850261 0.969981
vt 0.850291 0.969837
vt 0.848446 0.978864
vt 0.457035 0.750765
vt 0.504717 0.709743
vt 0.391420 0.774801
vt 0.370513 0.758393
vt 0.826284 0.829488
vt 0.107103 0.963813
vt 0.716776 0.358880
vt 0.716766 0.359012
vt 0.217026 0.937631
vt 0.373597 0.742696
vt 0.464690 0.766397
vt 0.465601 0.767024
vt 0.464929 0.771995
vt 0.787215 0.833535
vt 0.244858 0.456991
vt 0.245681 0.448459
vt 0.245681 0.461526
vt 0.783507 0.973628
vt 0.784384 0.981866
vt 0.779960 0.973704
vt 0.251534 0.972054
vt 0.254051 0.970278
vt 0.042205 0.921731
vt 0.371796 0.744370
vt 0.562013 0.885219
vt 0.558235 0.883203
vt 0.794864 0.738444
vt 0.245722 0.488953
vt 0.245575 0.486013
vt 0.245722 0.481800
vt 0.556331 0.914429
vt 0.222118 0.930594
vt 0.223383 0.918751
vt 0.225160 0.919088
vt 0.446831 0.756691
vt 0.448765 0.758670
vt 0.737004 0.985075
vt 0.738126 0.979329
vt 0.740146 0.984478
vt 0.700655 0.851245
vt 0.695566 0.852968
vt 0.894472 0.218581
vt 0.648840 0.739074
vt 0.457282 0.778146
vt 0.836949 0.841952
vt 0.830659 0.842781
vt 0.779882 0.845419
vt 0.503951 0.708212
vt 0.562656 0.899127
vt 0.442777 0.748758
vt 0.451732 0.728690
vt 0.648018 0.784694
vt 0.649672 0.779942
vt 0.851353 0.628981
vt 0.646459 0.681805
vt 0.388371 0.772767
vt 0.977373 0.414120
vt 0.977373 0.432251
vt 0.974234 0.420075
vt 0.776572 0.987083
vt 0.408485 0.659699
vt 0.839912 0.905654
vt 0.535040 0.938207
vt 0.033314 0.978559
vt 0.247065 0.969035
vt 0.242054 0.794672
vt 0.860364 0.627068
vt 0.017489 0.961763
vt 0.461830 0.776201
vt 0.469834 0.784646
vt 0.908227 0.977912
vt 0.911289 0.970760
vt 0.911289 0.979574
vt 0.376846 0.730415
vt 0.245766 0.478083
vt 0.245725 0.479635
vt 0.244858 0.479672
vt 0.975570 0.196738
vt 0.884490 0.219683
vt 0.854084 0.668051
vt 0.833980 0.736130
vt 0.816865 0.853991
vt 0.823043 0.853022
vt 0.283896 0.981385
vt 0.277851 0.972873
vt 0.283896 0.968330
vt 0.245772 0.757472
vt 0.244421 0.756699
vt 0.245772 0.754895
vt 0.827662 0.351416
vt 0.501664 0.735494
vt 0.502746 0.731772
vt 0.502958 0.735494
vt 0.740048 0.978829
vt 0.740955 0.979601
vt 0.741077 0.983641
vt 0.449151 0.760445
vt 0.228008 0.900946
vt 0.232178 0.901275
vt 0.964193 0.176505
vt 0.244858 0.473972
vt 0.245245 0.474020
vt 0.245300 0.478083
vt 0.455572 0.813523
vt 0.558199 0.928207
vt 0.810831 0.694635
vt 0.238252 0.794240
vt 0.965954 0.178359
vt 0.968569 0.176138
vt 0.968569 0.185202
vt 0.102494 0.971510
vt 0.503083 0.451356
vt 0.456265 0.677391
vt 0.448013 0.648252
vt 0.453320 0.649174
vt 0.825462 0.840733
vt 0.219951 0.940328
vt 0.043375 0.994117
vt 0.741407 0.977650
vt 0.449402 0.814630
vt 0.761898 0.973828
vt 0.376755 0.774137
vt 0.036012 0.966086
vt 0.445923 0.750422
vt 0.220425 0.939444
vt 0.220798 0.936806
vt 0.452056 0.778155
vt 0.503052 0.441116
vt 0.841486 0.904498
vt 0.610885 0.827000
vt 0.861944 0.358217
vt 0.859235 0.355379
vt 0.861944 0.351416
vt 0.244858 0.522780
vt 0.245712 0.520581
vt 0.245712 0.523124
vt 0.751570 0.315882
vt 0.680236 0.768032
vt 0.834625 0.684714
vt 0.537148 0.937205
vt 0.503369 0.811462
vt 0.504280 0.813755
vt 0.778441 0.971254
vt 0.777411 0.971440
vt 0.805063 0.694469
vt 0.538400 0.938340
vt 0.556095 0.934593
vt 0.220334 0.940559
vt 0.858040 0.672085
vt 0.855347 0.670481
vt 0.855405 0.669101
vt 0.856288 0.668849
vt 0.239198 0.726374
vt 0.243437 0.724496
vt 0.976235 0.680443
vt 0.504210 0.424408
vt 0.504636 0.421486
vt 0.504636 0.426377
vt 0.830667 0.848292
vt 0.710872 0.357508
vt 0.712119 0.355539
vt 0.712119 0.358528
vt 0.736715 0.986688
vt 0.606285 0.820325
vt 0.821333 0.353791
vt 0.766766 0.969283
vt 0.854444 0.669317
vt 0.755562 0.224413
vt 0.754682 0.225531
vt 0.743243 0.983922
vt 0.720653 0.359012
vt 0.716776 0.356538
vt 0.718119 0.355258
vt 0.651376 0.680139
vt 0.504526 0.731772
vt 0.374765 0.740191
vt 0.555051 0.919026
vt 0.657460 0.680276
vt 0.210754 0.942291
vt 0.109376 0.963235
vt 0.414185 0.679767
vt 0.710930 0.705623
vt 0.712036 0.705023
vt 0.712036 0.709098
vt 0.781795 0.785490
vt 0.107744 0.855563
vt 0.242054 0.789954
vt 0.185127 0.907104
vt 0.618143 0.760289
vt 0.892035 0.226194
vt 0.820897 0.307094
vt 0.820897 0.311103
vt 0.818882 0.310410
vt 0.666909 0.749694
vt 0.508231 0.930552
vt 0.830208 0.750738
vt 0.504890 0.679921
vt 0.503886 0.677670
vt 0.504890 0.676115
vt 0.245239 0.593699
vt 0.751570 0.313906
vt 0.751570 0.316008
vt 0.040902 0.935072
vt 0.236988 0.788838
vt 0.778528 0.972507
vt 0.239190 0.525129
vt 0.846059 0.351416
vt 0.688335 0.776506
vt 0.610885 0.805160
vt 0.843340 0.358895
vt 0.245300 0.469929
vt 0.245575 0.489020
vt 0.245168 0.484459
vt 0.245575 0.481800
vt 0.720653 0.353294
vt 0.894472 0.229778
vt 0.105478 0.969880
vt 0.659975 0.734873
vt 0.556398 0.917065
vt 0.106036 0.962917
vt 0.104637 0.963693
vt 0.630451 0.774886
vt 0.077507 0.972235
vt 0.245691 0.446039
vt 0.245573 0.445969
vt 0.245627 0.445756
vt 0.504915 0.961941
vt 0.645899 0.757943
vt 0.971678 0.680841
vt 0.504873 0.745483
vt 0.205544 0.931210
vt 0.195815 0.904284
vt 0.201466 0.903143
vt 0.245555 0.446039
vt 0.609597 0.813020
vt 0.769910 0.964326
vt 0.840717 0.720144
vt 0.536769 0.940086
vt 0.826820 0.762828
vt 0.819793 0.313585
vt 0.860802 0.675252
vt 0.605738 0.822145
vt 0.687294 0.356701
vt 0.552306 0.902238
vt 0.190330 0.905614
vt 0.661544 0.981025
vt 0.661446 0.994924
vt 0.652585 0.962109
vt 0.245039 0.504516
vt 0.245483 0.502581
vt 0.245483 0.507542
vt 0.499847 0.811778
vt 0.820943 0.318825
vt 0.818882 0.315809
vt 0.820943 0.313585
vt 0.828328 0.853312
vt 0.819838 0.720641
vt 0.965934 0.182055
vt 0.965104 0.185202
vt 0.245766 0.481800
vt 0.557105 0.918688
vt 0.778877 0.690612
vt 0.783374 0.691739
vt 0.712128 0.356396
vt 0.207162 0.902214
vt 0.839222 0.691192
vt 0.841969 0.689994
vt 0.415494 0.641023
vt 0.788351 0.692707
vt 0.793702 0.693495
vt 0.411046 0.639777
vt 0.458283 0.649955
vt 0.799313 0.694087
vt 0.431185 0.644852
vt 0.436826 0.646068
vt 0.442476 0.647209
vt 0.690224 0.854734
vt 0.169218 0.913991
vt 0.172277 0.912203
vt 0.774956 0.689349
vt 0.223317 0.900877
vt 0.664467 0.982439
vt 0.659948 0.950550
vt 0.664467 0.950336
vt 0.769018 0.716236
vt 0.771693 0.687979
vt 0.656001 0.950785
vt 0.831670 0.693123
vt 0.668618 0.861486
vt 0.305861 0.876563
vt 0.301109 0.868979
vt 0.312894 0.857997
vt 0.314880 0.864284
vt 0.324281 0.900457
vt 0.322870 0.905184
vt 0.321078 0.906231
vt 0.779876 0.926477
vt 0.787756 0.947926
vt 0.773992 0.925630
vt 0.662258 0.870338
vt 0.659707 0.863940
vt 0.667461 0.868098
vt 0.431261 0.840150
vt 0.420862 0.833961
vt 0.426568 0.826840
vt 0.682835 0.899795
vt 0.678966 0.906964
vt 0.671117 0.899328
vt 0.775023 0.893489
vt 0.769018 0.881821
vt 0.778210 0.876928
vt 0.976962 0.866448
vt 0.977424 0.871103
vt 0.974444 0.877598
vt 0.429316 0.884136
vt 0.437535 0.886512
vt 0.433233 0.907906
vt 0.804957 0.892694
vt 0.796151 0.892884
vt 0.803281 0.881108
vt 0.624704 0.938056
vt 0.637295 0.932682
vt 0.638151 0.942206
vt 0.659631 0.915958
vt 0.666668 0.918745
vt 0.658661 0.929407
vt 0.829361 0.949504
vt 0.823662 0.944628
vt 0.832058 0.943918
vt 0.836813 0.946170
vt 0.434678 0.913946
vt 0.437977 0.910741
vt 0.446433 0.913171
vt 0.448292 0.899889
vt 0.439561 0.904901
vt 0.445312 0.881090
vt 0.814500 0.893922
vt 0.808748 0.909021
vt 0.817252 0.908380
vt 0.818571 0.922204
vt 0.798613 0.953136
vt 0.804261 0.942367
vt 0.805695 0.951950
vt 0.620238 0.908800
vt 0.623903 0.920988
vt 0.615589 0.923358
vt 0.647556 0.943688
vt 0.302424 0.886852
vt 0.312930 0.897281
vt 0.306580 0.906485
vt 0.445088 0.867011
vt 0.449230 0.876369
vt 0.785434 0.888391
vt 0.786751 0.900195
vt 0.436992 0.877628
vt 0.440007 0.854565
vt 0.429151 0.855063
vt 0.790362 0.875931
vt 0.404729 0.858089
vt 0.407887 0.871564
vt 0.403114 0.869549
vt 0.629644 0.909598
vt 0.629907 0.918319
vt 0.982382 0.082988
vt 0.988507 0.085820
vt 0.987624 0.087898
vt 0.395848 0.838286
vt 0.382709 0.851989
vt 0.378433 0.839389
vt 0.811222 0.880494
vt 0.818870 0.879892
vt 0.654275 0.941385
vt 0.665862 0.939659
vt 0.654967 0.950336
vt 0.414573 0.825190
vt 0.818948 0.869816
vt 0.810946 0.863192
vt 0.822962 0.860164
vt 0.794155 0.945088
vt 0.787082 0.922609
vt 0.799812 0.903655
vt 0.801417 0.913234
vt 0.638832 0.874307
vt 0.631887 0.871135
vt 0.643672 0.861486
vt 0.649184 0.931487
vt 0.784866 0.909745
vt 0.779728 0.917192
vt 0.776834 0.907447
vt 0.634927 0.895267
vt 0.636072 0.885030
vt 0.642847 0.892600
vt 0.419774 0.880329
vt 0.418969 0.885727
vt 0.414366 0.877086
vt 0.330009 0.859103
vt 0.334837 0.851510
vt 0.330855 0.865901
vt 0.770084 0.898794
vt 0.671248 0.910465
vt 0.684025 0.917547
vt 0.398794 0.826658
vt 0.388932 0.830342
vt 0.383089 0.825695
vt 0.651845 0.894503
vt 0.645063 0.882312
vt 0.648546 0.919085
vt 0.658613 0.908340
vt 0.399622 0.821566
vt 0.641756 0.950336
vt 0.422467 0.857591
vt 0.413513 0.866092
vt 0.399846 0.843853
vt 0.434582 0.815580
vt 0.439161 0.821799
vt 0.425994 0.818701
vt 0.791784 0.954858
vt 0.806008 0.922727
vt 0.793060 0.922287
vt 0.813321 0.941337
vt 0.952763 0.053854
vt 0.954854 0.044667
vt 0.959756 0.052585
vt 0.772262 0.911045
vt 0.676867 0.924969
vt 0.302747 0.876844
vt 0.069050 0.923548
vt 0.068632 0.929037
vt 0.065888 0.936790
vt 0.346085 0.938235
vt 0.346307 0.944603
vt 0.326355 0.928570
vt 0.338318 0.930541
vt 0.806632 0.867674
vt 0.652408 0.862223
vt 0.816385 0.955906
vt 0.812560 0.950145
vt 0.822558 0.954767
vt 0.326479 0.918705
vt 0.819963 0.950146
vt 0.831159 0.951576
vt 0.662441 0.895466
vt 0.448667 0.848766
vt 0.440224 0.833378
vt 0.451450 0.842706
vt 0.679037 0.882873
vt 0.684999 0.889018
vt 0.802935 0.958654
vt 0.409426 0.837618
vt 0.626468 0.892025
vt 0.621709 0.893297
vt 0.621450 0.873760
vt 0.978145 0.077108
vt 0.967885 0.077701
vt 0.969129 0.070188
vt 0.829467 0.869100
vt 0.451450 0.860739
vt 0.649143 0.873549
vt 0.437508 0.838761
vt 0.333227 0.850098
vt 0.416284 0.817734
vt 0.833020 0.915948
vt 0.827434 0.916711
vt 0.826685 0.891701
vt 0.322682 0.857500
vt 0.984921 0.006165
vt 0.978576 0.009941
vt 0.985222 0.000000
vt 0.451141 0.910840
vt 0.450144 0.912533
vt 0.828023 0.925104
vt 0.345993 0.884793
vt 0.351161 0.896955
vt 0.334652 0.890331
vt 0.379971 0.833435
vt 0.421371 0.895202
vt 0.367221 0.845411
vt 0.656057 0.886370
vt 0.790197 0.910484
vt 0.667155 0.882924
vt 0.639040 0.921390
vt 0.837130 0.863543
vt 0.776718 0.870161
vt 0.785572 0.868700
vt 0.643950 0.907798
vt 0.780305 0.862931
vt 0.791996 0.861403
vt 0.204944 0.887424
vt 0.201216 0.876378
vt 0.209841 0.871208
vt 0.215932 0.884263
vt 0.151770 0.927618
vt 0.143159 0.930806
vt 0.146993 0.919944
vt 0.147981 0.876410
vt 0.141718 0.876807
vt 0.146009 0.872272
vt 0.192192 0.849920
vt 0.196084 0.848622
vt 0.199946 0.848563
vt 0.093899 0.939268
vt 0.097581 0.929749
vt 0.103069 0.945935
vt 0.230276 0.863957
vt 0.232843 0.876772
vt 0.223882 0.873787
vt 0.098858 0.899866
vt 0.106123 0.904500
vt 0.094240 0.911330
vt 0.183305 0.852368
vt 0.187551 0.846526
vt 0.913711 0.935138
vt 0.909766 0.940369
vt 0.900762 0.929449
vt 0.586530 0.921575
vt 0.606726 0.919755
vt 0.593860 0.924414
vt 0.121352 0.948711
vt 0.112982 0.946643
vt 0.121439 0.938334
vt 0.925249 0.962056
vt 0.919909 0.969727
vt 0.912937 0.959888
vt 0.931701 0.899402
vt 0.936271 0.894160
vt 0.940608 0.909030
vt 0.098038 0.920069
vt 0.106510 0.915071
vt 0.129374 0.939705
vt 0.122903 0.928927
vt 0.948522 0.946400
vt 0.956245 0.951779
vt 0.948068 0.958334
vt 0.174411 0.874975
vt 0.192284 0.865717
vt 0.193963 0.873976
vt 0.117006 0.956863
vt 0.130991 0.954452
vt 0.898609 0.918093
vt 0.911771 0.920054
vt 0.568515 0.944219
vt 0.571273 0.935638
vt 0.576587 0.945660
vt 0.926492 0.886537
vt 0.936134 0.889033
vt 0.925281 0.888851
vt 0.217377 0.795080
vt 0.216300 0.800358
vt 0.210467 0.798097
vt 0.941383 0.962074
vt 0.946296 0.967020
vt 0.934177 0.970760
vt 0.935289 0.962115
vt 0.226430 0.810492
vt 0.228718 0.827944
vt 0.217922 0.807312
vt 0.137727 0.946586
vt 0.138672 0.933021
vt 0.206045 0.818792
vt 0.210611 0.807618
vt 0.213279 0.828244
vt 0.204147 0.808410
vt 0.129858 0.962917
vt 0.131183 0.915760
vt 0.124135 0.913347
vt 0.133342 0.900779
vt 0.172867 0.842865
vt 0.124942 0.866750
vt 0.122135 0.864854
vt 0.134095 0.864545
vt 0.220940 0.861100
vt 0.230994 0.849148
vt 0.238167 0.847422
vt 0.228292 0.832214
vt 0.240411 0.838599
vt 0.216012 0.833080
vt 0.211827 0.849569
vt 0.947875 0.927540
vt 0.955727 0.927299
vt 0.950299 0.933423
vt 0.185789 0.884388
vt 0.224263 0.839873
vt 0.219967 0.825097
vt 0.228249 0.883844
vt 0.107346 0.952373
vt 0.141699 0.958931
vt 0.146477 0.947910
vt 0.202802 0.822133
vt 0.205433 0.833180
vt 0.919475 0.945325
vt 0.933040 0.945767
vt 0.930685 0.952320
vt 0.180311 0.888895
vt 0.190609 0.898079
vt 0.174659 0.892738
vt 0.231674 0.893732
vt 0.223338 0.891220
vt 0.126149 0.882277
vt 0.130952 0.871029
vt 0.135160 0.878187
vt 0.141105 0.867338
vt 0.136364 0.870372
vt 0.905225 0.950913
vt 0.901554 0.940337
vt 0.117513 0.881982
vt 0.123733 0.872092
vt 0.939448 0.916712
vt 0.932066 0.916308
vt 0.928321 0.909276
vt 0.577835 0.938540
vt 0.904188 0.963772
vt 0.090373 0.920885
vt 0.923883 0.934898
vt 0.935975 0.929700
vt 0.939433 0.937435
vt 0.200385 0.899620
vt 0.192387 0.891514
vt 0.915072 0.901691
vt 0.922732 0.901430
vt 0.201646 0.868359
vt 0.201303 0.859491
vt 0.925849 0.920223
vt 0.111540 0.905011
vt 0.108958 0.881779
vt 0.214826 0.888874
vt 0.149138 0.889892
vt 0.103149 0.879948
vt 0.234607 0.788838
vt 0.235197 0.793422
vt 0.231016 0.793422
vt 0.219063 0.850359
vt 0.211304 0.856293
vt 0.122687 0.902682
vt 0.116016 0.919985
vt 0.609324 0.960135
vt 0.601756 0.963011
vt 0.590311 0.957477
vt 0.114275 0.864368
vt 0.105825 0.935374
vt 0.138678 0.918943
vt 0.588217 0.874925
vt 0.583565 0.888059
vt 0.572233 0.896012
vt 0.199510 0.885509
vt 0.237901 0.855724
vt 0.245519 0.856990
vt 0.239563 0.866090
vt 0.116376 0.911336
vt 0.140596 0.899636
vt 0.168946 0.884759
vt 0.171281 0.877909
vt 0.172622 0.883169
vt 0.169745 0.857756
vt 0.106007 0.925641
vt 0.954291 0.917198
vt 0.946736 0.915577
vt 0.946374 0.906826
vt 0.916929 0.920689
vt 0.903813 0.901585
vt 0.919643 0.889459
vt 0.940176 0.951777
vt 0.106760 0.868267
vt 0.106357 0.864514
vt 0.600669 0.949690
vt 0.208406 0.899311
vt 0.222632 0.794681
vt 0.145705 0.903930
vt 0.245505 0.429681
vt 0.244963 0.444135
vt 0.244858 0.437807
vt 0.955203 0.935415
vt 0.577156 0.905375
vt 0.565691 0.922129
vt 0.564051 0.913077
vt 0.115698 0.871337
vt 0.600817 0.906059
vt 0.608868 0.905781
vt 0.680261 0.351647
vt 0.680261 0.357710
vt 0.674640 0.357517
vt 0.131177 0.927595
vt 0.245505 0.448459
vt 0.908516 0.896403
vt 0.915321 0.889579
vt 0.151596 0.940424
vt 0.105890 0.957617
vt 0.504128 0.605856
vt 0.504588 0.613925
vt 0.503729 0.608832
vt 0.966972 0.061146
vt 0.973860 0.070498
vt 0.150099 0.887665
vt 0.957893 0.042391
vt 0.960079 0.037634
vt 0.961118 0.048807
vt 0.170938 0.875269
vt 0.166628 0.884814
vt 0.152291 0.892765
vt 0.154192 0.905863
vt 0.152665 0.902067
vt 0.951972 0.896101
vt 0.944728 0.888979
vt 0.954236 0.894191
vt 0.916867 0.978849
vt 0.914098 0.976398
vt 0.914184 0.970760
vt 0.916867 0.975178
vt 0.502752 0.472354
vt 0.503970 0.464043
vt 0.504697 0.474426
vt 0.502826 0.459625
vt 0.074522 0.922376
vt 0.072524 0.928707
vt 0.070874 0.945903
vt 0.066414 0.949953
vt 0.068832 0.936890
vt 0.071859 0.937275
vt 0.336560 0.853319
vt 0.343660 0.842704
vt 0.900534 0.900835
vt 0.894327 0.911135
vt 0.891289 0.911387
vt 0.503774 0.478152
vt 0.205006 0.816346
vt 0.198763 0.846765
vt 0.202656 0.838303
vt 0.338251 0.926401
vt 0.340455 0.931509
vt 0.503424 0.451356
vt 0.504641 0.454228
vt 0.502763 0.455326
vt 0.404783 0.869526
vt 0.400535 0.869758
vt 0.400261 0.867494
vt 0.355067 0.831845
vt 0.356015 0.835862
vt 0.350351 0.836543
vt 0.976800 0.019009
vt 0.974995 0.019579
vt 0.980939 0.074605
vt 0.347889 0.887128
vt 0.352362 0.942805
vt 0.350693 0.943840
vt 0.350653 0.938177
vt 0.353317 0.941719
vt 0.504724 0.755168
vt 0.502968 0.751044
vt 0.504724 0.745483
vt 0.167352 0.858797
vt 0.078762 0.918872
vt 0.080332 0.913736
vt 0.084432 0.915455
vt 0.171241 0.835422
vt 0.174360 0.828417
vt 0.356015 0.902156
vt 0.501502 0.628475
vt 0.503760 0.628818
vt 0.424572 0.908313
vt 0.426172 0.905973
vt 0.427155 0.912195
vt 0.330407 0.920788
vt 0.326925 0.915986
vt 0.974219 0.026521
vt 0.969271 0.027865
vt 0.967061 0.964679
vt 0.968998 0.965105
vt 0.967122 0.968683
vt 0.501502 0.635350
vt 0.504373 0.633360
vt 0.504373 0.639109
vt 0.324106 0.906589
vt 0.755584 0.203202
vt 0.755584 0.214650
vt 0.754218 0.204972
vt 0.395133 0.891578
vt 0.390586 0.895285
vt 0.395008 0.871762
vt 0.397054 0.874705
vt 0.952523 0.150909
vt 0.952523 0.171057
vt 0.949931 0.167386
vt 0.352751 0.905276
vt 0.354231 0.907208
vt 0.755688 0.246982
vt 0.754218 0.244379
vt 0.755688 0.242292
vt 0.607187 0.903487
vt 0.325043 0.901052
vt 0.710872 0.352578
vt 0.712046 0.351358
vt 0.712046 0.355539
vt 0.072134 0.918401
vt 0.610730 0.934858
vt 0.608202 0.937532
vt 0.608171 0.929376
vt 0.502763 0.416868
vt 0.504905 0.412334
vt 0.504905 0.421486
vt 0.333419 0.864870
vt 0.891415 0.915634
vt 0.886296 0.920215
vt 0.346832 0.876552
vt 0.345616 0.878094
vt 0.988871 0.081655
vt 0.985492 0.079008
vt 0.806580 0.854742
vt 0.814086 0.855559
vt 0.837130 0.938910
vt 0.383517 0.884725
vt 0.795830 0.870198
vt 0.367441 0.836252
vt 0.911289 0.976730
vt 0.914098 0.970760
vt 0.914098 0.978855
vt 0.372451 0.853113
vt 0.372917 0.866672
vt 0.835162 0.871284
vt 0.832628 0.889419
vt 0.629918 0.945739
vt 0.323081 0.873304
vt 0.680922 0.933053
vt 0.672456 0.936050
vt 0.445263 0.908054
vt 0.835429 0.919184
vt 0.378320 0.875704
vt 0.612700 0.905825
vt 0.611511 0.886588
vt 0.625909 0.867016
vt 0.342362 0.838948
vt 0.680258 0.876850
vt 0.327242 0.849640
vt 0.635840 0.861569
vt 0.956877 0.035517
vt 0.450300 0.906616
vt 0.321973 0.927968
vt 0.347938 0.905902
vt 0.334258 0.899126
vt 0.326198 0.896456
vt 0.445723 0.827151
vt 0.791706 0.959164
vt 0.386677 0.816602
vt 0.962539 0.066888
vt 0.969663 0.980639
vt 0.240947 0.878065
vt 0.239738 0.886460
vt 0.348313 0.834492
vt 0.352204 0.831176
vt 0.832885 0.856052
vt 0.578466 0.917308
vt 0.580861 0.919903
vt 0.577049 0.919082
vt 0.089724 0.900501
vt 0.571024 0.955380
vt 0.580519 0.958527
vt 0.177831 0.829902
vt 0.113746 0.930583
vt 0.245572 0.873978
vt 0.220664 0.802739
vt 0.564722 0.935059
vt 0.172749 0.850968
vt 0.220677 0.900877
vt 0.182344 0.900877
vt 0.090098 0.929355
vt 0.154192 0.947866
vt 0.147408 0.901046
vt 0.901340 0.970760
vt 0.901340 0.980085
vt 0.898008 0.976880
vt 0.204693 0.802936
vt 0.225475 0.799769
vt 0.700655 0.849067
vt 0.707303 0.838892
vt 0.707303 0.855495
vt 0.605585 0.956061
vt 0.289541 0.982265
vt 0.283896 0.975693
vt 0.289541 0.968330
vt 0.895982 0.930518
vt 0.569396 0.897929
vt 0.084432 0.924838
vt 0.089573 0.913736
vt 0.089573 0.928793
vt 0.578711 0.899679
vt 0.898439 0.955908
vt 0.100358 0.950268
vt 0.935014 0.885929
vt 0.942020 0.891171
vt 0.070382 0.952765
vt 0.067093 0.951600
vt 0.244421 0.743763
vt 0.245700 0.738705
vt 0.245700 0.751821
vt 0.956245 0.900126
vt 0.988871 0.000658
vt 0.072770 0.950994
vt 0.170464 0.850727
vt 0.977424 0.880982
vt 0.889026 0.922032
vt 0.908572 0.893189
vt 0.504046 0.408090
vt 0.078716 0.963502
vt 0.077398 0.965301
vt 0.068802 0.956532
vt 0.610730 0.907548
vt 0.608115 0.924552
vt 0.075337 0.956883
vt 0.080202 0.962730
vt 0.504641 0.458684
vt 0.504909 0.487067
vt 0.503192 0.489891
vt 0.501634 0.488322
vt 0.502859 0.475792
vt 0.502340 0.494076
vt 0.504909 0.493939
vt 0.504588 0.631925
vt 0.502038 0.633360
vt 0.354065 0.948355
vt 0.350558 0.951007
vt 0.504777 0.766160
vt 0.502968 0.765635
vt 0.504777 0.761180
vt 0.969663 0.961053
vt 0.084432 0.967831
vt 0.972605 0.870010
vt 0.974444 0.866448
vt 0.974444 0.884216
vt 0.971210 0.884127
vt 0.083013 0.969582
s 1
usemtl Material.141
f 827/638/265 412/639/265 411/640/265
f 776/641/266 828/642/267 829/643/268
f 720/644/269 412/645/269 841/646/269
f 412/645/270 720/644/270 716/647/270
f 721/648/271 414/649/271 722/650/271
f 414/649/272 721/648/272 727/651/272
f 841/652/273 412/639/273 827/638/273
f 415/653/274 717/654/274 722/655/274
f 416/656/275 418/657/275 417/658/275
f 722/655/276 414/659/276 419/660/276
f 415/653/277 810/661/277 417/658/277
f 810/661/278 415/653/278 811/662/278
f 723/663/279 767/664/279 419/660/279
f 722/655/280 811/662/280 415/653/280
f 811/662/281 722/655/281 419/660/281
f 767/664/282 723/663/282 413/665/282
f 419/660/283 785/666/283 420/667/283
f 767/664/284 785/666/284 419/660/284
f 717/654/285 418/657/285 416/656/285
f 414/659/286 723/663/286 419/660/286
f 727/651/287 723/668/287 414/649/287
f 723/668/288 727/651/288 725/669/288
f 719/670/289 411/640/289 412/639/289
f 719/670/290 821/671/290 411/640/290
f 821/671/291 719/670/291 416/656/291
f 717/654/292 416/656/292 719/670/292
f 418/657/293 717/654/293 415/653/293
f 417/658/294 418/657/294 415/653/294
f 832/672/295 422/673/295 833/674/295
f 833/674/296 422/673/296 423/675/296
f 423/675/297 848/676/297 833/674/297
f 848/676/298 423/675/298 801/677/298
f 749/678/299 834/679/299 424/680/299
f 834/679/300 749/678/300 845/681/300
f 422/673/301 832/672/301 827/682/301
f 422/673/302 827/682/302 411/683/302
f 777/684/303 850/685/303 849/686/303
f 426/687/304 777/684/304 778/688/304
f 777/684/305 426/687/305 425/689/305
f 763/690/306 778/688/306 779/691/306
f 423/675/307 802/692/307 801/677/307
f 749/678/308 787/693/308 799/694/308
f 787/693/309 749/678/309 424/680/309
f 411/683/310 821/695/310 822/696/310
f 823/697/311 422/673/311 411/683/311
f 411/683/312 822/696/312 823/697/312
f 423/675/313 422/673/313 825/698/313
f 802/692/314 788/699/314 787/693/314
f 423/675/315 788/699/315 802/692/315
f 423/675/316 825/698/316 788/699/316
f 427/700/317 416/656/317 417/658/317
f 426/687/318 763/690/318 769/701/318
f 769/701/319 768/702/319 426/687/319
f 770/703/320 766/704/320 771/705/320
f 766/704/321 770/703/321 474/706/321
f 429/707/322 430/708/322 812/709/322
f 438/710/323 435/711/324 428/712/325
f 436/713/326 440/714/327 437/715/328
f 434/716/329 483/717/329 431/718/329
f 483/717/330 434/716/330 428/712/330
f 812/709/331 434/719/331 431/720/331
f 434/716/332 812/721/332 813/722/332
f 432/723/333 429/707/333 439/724/333
f 464/725/334 767/726/335 772/727/336
f 764/728/337 468/729/338 768/730/339
f 439/731/340 436/713/340 432/732/340
f 425/689/341 768/702/342 772/727/343
f 768/702/342 425/689/341 426/687/344
f 434/716/345 438/710/345 428/712/345
f 436/713/346 715/733/346 440/714/346
f 715/734/347 436/735/347 439/724/347
f 430/708/348 429/707/348 432/723/348
f 442/736/349 852/737/349 853/738/349
f 444/739/350 804/740/350 746/741/350
f 804/742/351 444/743/351 443/744/351
f 795/745/352 746/741/352 796/746/352
f 746/741/353 795/745/353 444/739/353
f 445/747/354 854/748/354 2036/749/354
f 408/750/355 410/751/355 837/752/355
f 408/750/356 790/753/356 442/736/356
f 790/753/357 408/750/357 837/752/357
f 442/736/358 2187/754/358 408/750/358
f 2188/755/359 445/756/359 2185/757/359
f 409/758/360 2187/754/360 446/759/360
f 446/759/361 2187/754/361 797/760/361
f 446/761/362 445/756/362 409/762/362
f 448/763/363 805/764/363 443/744/363
f 805/764/364 448/763/364 2031/765/364
f 2186/766/365 857/767/365 449/768/365
f 448/763/366 747/769/366 2031/765/366
f 773/770/367 748/771/367 774/772/367
f 748/771/368 773/770/368 447/773/368
f 450/774/369 2185/757/369 445/756/369
f 780/775/370 844/776/371 781/777/372
f 844/776/371 780/775/370 839/778/373
f 782/779/374 2186/780/374 449/781/374
f 2142/782/375 2186/783/375 782/784/375
f 840/785/376 2142/782/376 782/784/376
f 409/762/377 445/756/377 2188/755/377
f 2186/766/378 2185/757/378 857/767/378
f 448/763/379 774/772/379 747/769/379
f 838/786/380 847/787/381 791/788/382
f 803/789/383 791/788/383 792/790/383
f 803/789/384 792/790/384 441/791/384
f 838/786/380 791/788/382 803/789/385
f 780/775/386 743/792/387 783/793/388
f 743/792/389 780/775/390 447/794/391
f 743/792/392 784/795/392 783/793/392
f 792/790/393 798/796/393 800/797/393
f 798/796/394 792/790/394 421/798/394
f 793/799/395 2030/800/395 443/744/395
f 443/744/396 444/743/396 793/799/396
f 441/791/397 800/797/397 795/745/397
f 444/743/398 794/801/398 793/799/398
f 2030/800/399 2035/802/399 474/706/399
f 474/706/400 775/803/400 744/804/400
f 743/792/401 770/805/401 765/806/401
f 770/805/402 743/792/402 775/807/402
f 443/744/403 744/804/403 448/763/403
f 744/804/404 443/744/404 2030/800/404
f 753/808/405 732/809/405 757/810/405
f 732/809/406 753/808/406 454/811/406
f 435/711/407 729/812/407 728/813/407
f 432/723/408 807/814/408 430/708/408
f 1952/815/409 2032/816/409 433/817/409
f 1952/815/410 435/818/410 728/819/410
f 751/820/411 736/821/411 758/822/411
f 736/821/412 751/820/413 460/823/414
f 436/713/415 437/715/415 731/824/415
f 755/825/416 737/826/417 759/827/418
f 737/826/419 755/825/419 458/828/419
f 806/829/420 813/830/420 815/831/420
f 813/722/421 806/832/421 434/716/421
f 436/713/422 809/833/422 432/732/422
f 2033/834/423 738/835/423 760/836/423
f 738/835/424 2033/834/424 2034/837/424
f 435/711/425 808/838/425 729/812/425
f 808/838/426 435/711/426 438/710/426
f 454/811/427 451/839/427 452/840/427
f 452/840/428 732/809/428 454/811/428
f 732/809/429 452/840/429 2034/841/429
f 455/842/430 1963/843/430 451/839/430
f 451/839/431 734/844/431 455/842/431
f 734/844/432 451/839/432 454/811/432
f 456/845/433 1970/846/433 1963/847/433
f 1963/847/434 735/848/434 456/845/434
f 735/848/435 1963/847/435 455/849/435
f 457/850/436 1964/851/436 1965/852/436
f 1965/852/437 733/853/437 457/850/437
f 1970/846/438 733/853/439 1965/852/440
f 1970/846/438 456/845/441 733/853/439
f 458/828/442 1969/854/442 1964/851/442
f 1964/851/443 737/826/443 458/828/443
f 737/826/444 1964/851/444 457/850/444
f 1968/855/445 739/856/445 459/857/445
f 739/856/446 1968/855/446 460/858/446
f 459/859/447 453/860/447 1968/861/447
f 1969/862/448 736/863/448 460/858/448
f 736/863/449 1969/862/449 458/864/449
f 460/858/450 1968/855/450 1969/862/450
f 2034/841/451 452/840/452 453/860/453
f 453/860/453 738/865/454 2034/841/451
f 738/865/455 453/860/455 459/859/455
f 433/866/456 742/867/456 731/824/456
f 438/710/457 806/832/458 808/838/459
f 806/832/460 438/710/460 434/716/460
f 427/868/461 461/869/461 824/870/461
f 462/871/462 463/872/462 420/667/462
f 1961/873/463 1962/874/463 464/875/463
f 1962/876/464 465/877/464 462/878/464
f 465/879/465 816/880/465 463/872/465
f 466/881/466 427/700/466 467/882/466
f 824/870/467 461/869/467 1953/883/467
f 466/884/468 461/869/468 427/868/468
f 788/699/469 826/885/469 786/886/469
f 468/887/470 1955/888/470 464/725/470
f 469/889/471 786/886/471 470/890/471
f 1956/891/472 1953/892/472 471/893/472
f 1960/894/473 2035/802/473 472/895/473
f 766/896/474 473/897/474 1954/898/474
f 1954/899/475 764/900/475 766/901/475
f 764/900/337 1955/888/476 468/887/338
f 2035/802/477 475/902/477 474/706/477
f 1954/903/478 473/904/478 1957/905/478
f 476/906/479 1959/907/479 817/908/479
f 477/909/480 479/910/480 480/911/480
f 1962/912/481 477/909/481 1958/913/481
f 471/914/482 461/869/482 481/915/482
f 1952/815/483 1956/916/483 471/917/483
f 433/918/484 1954/919/484 1956/891/484
f 1952/815/485 433/817/485 1956/916/485
f 1954/899/486 437/715/328 440/714/327
f 466/884/487 478/920/488 482/921/489
f 476/922/490 482/921/489 478/920/488
f 471/914/491 428/712/325 435/711/324
f 471/923/492 435/924/492 1952/925/492
f 461/869/493 466/884/493 481/915/493
f 482/921/494 481/915/494 466/884/494
f 1954/899/495 433/866/495 437/715/495
f 1955/888/496 764/900/496 1954/899/496
f 1954/899/497 440/714/497 1955/888/497
f 1953/892/498 1956/891/498 1957/926/498
f 1956/891/499 1954/919/499 1957/926/499
f 825/698/500 1953/883/500 826/885/500
f 1953/883/501 825/698/501 824/870/501
f 472/895/502 469/927/502 1960/894/502
f 475/902/503 473/904/503 474/706/503
f 470/928/504 1960/894/504 469/927/504
f 473/904/505 475/902/505 1957/905/505
f 766/704/506 474/706/506 473/904/506
f 818/929/507 476/906/507 817/908/508
f 476/906/507 818/929/507 484/930/509
f 479/910/510 439/724/510 429/707/510
f 471/914/511 481/915/511 428/712/511
f 461/869/512 471/914/512 1953/883/512
f 485/931/513 476/922/513 484/932/513
f 476/922/514 485/931/514 482/921/514
f 715/734/515 439/724/515 479/910/515
f 715/733/516 1955/888/516 440/714/516
f 428/712/517 482/921/517 485/931/517
f 482/921/518 428/712/518 481/915/518
f 478/933/519 466/881/519 467/882/519
f 1958/934/520 1959/907/520 819/935/520
f 465/877/521 463/936/521 462/878/521
f 810/661/522 463/872/522 816/880/522
f 463/872/523 810/661/523 420/667/523
f 1962/937/524 462/938/524 464/725/524
f 715/733/525 479/939/525 1961/940/525
f 1955/888/526 1961/940/526 464/725/526
f 1961/940/527 1955/888/527 715/733/527
f 475/902/528 1960/894/528 1957/905/528
f 1960/894/529 475/902/529 2035/802/529
f 1957/905/530 1960/894/530 470/928/530
f 470/928/531 1953/941/531 1957/905/531
f 826/885/532 470/890/532 786/886/532
f 470/890/533 826/885/533 1953/883/533
f 485/931/534 484/932/534 431/718/534
f 812/709/535 480/911/535 429/707/535
f 480/911/536 812/709/536 818/942/536
f 428/712/537 485/931/537 483/717/537
f 431/718/538 483/717/538 485/931/538
f 479/910/539 429/707/539 480/911/539
f 480/911/540 817/943/541 477/909/542
f 1961/940/543 479/939/543 1962/937/543
f 477/909/544 1962/912/544 479/910/544
f 1958/934/545 819/935/546 465/879/547
f 467/882/548 427/700/548 417/658/548
f 816/880/549 467/882/549 417/658/549
f 467/882/550 816/880/550 819/935/550
f 1962/944/551 1958/945/551 465/946/551
f 1970/947/552 486/948/552 1963/949/552
f 487/950/553 1969/951/553 488/952/553
f 489/953/554 1965/954/554 1964/955/554
f 1965/954/555 489/953/555 1970/956/555
f 490/957/556 491/958/556 492/959/556
f 493/960/557 490/957/557 494/961/557
f 495/962/558 493/963/558 496/964/558
f 495/962/559 497/965/559 493/963/559
f 498/966/560 497/965/560 499/967/560
f 1971/968/561 498/966/561 499/967/561
f 500/969/562 491/958/562 490/957/562
f 501/970/563 1966/971/563 1967/972/564
f 1967/972/565 502/973/566 498/974/565
f 1967/972/567 1966/971/567 502/973/567
f 503/975/568 504/976/568 505/977/568
f 506/978/569 507/979/569 508/980/569
f 509/981/570 494/961/570 510/982/570
f 499/967/571 495/962/571 511/983/571
f 1971/984/572 499/985/572 453/986/572
f 487/987/573 512/988/573 1969/989/573
f 512/990/574 510/982/574 492/959/574
f 513/991/575 500/969/575 490/957/575
f 494/961/576 496/992/576 493/960/576
f 513/993/577 497/965/577 502/994/577
f 513/993/578 493/963/578 497/965/578
f 497/995/579 495/996/579 499/997/579
f 514/998/580 515/999/580 516/1000/580
f 515/999/581 514/998/581 500/969/581
f 513/993/582 517/1001/582 518/1002/582
f 517/1001/583 513/993/583 502/994/583
f 500/969/584 518/1003/584 515/999/584
f 518/1003/585 500/969/585 513/991/585
f 503/975/586 519/1004/586 504/976/586
f 503/975/587 514/1005/587 520/1006/587
f 521/1007/588 507/979/588 506/978/588
f 1963/949/589 486/948/589 522/1008/589
f 1964/955/590 1969/989/590 512/988/590
f 512/988/591 489/953/591 1964/955/591
f 488/952/592 453/1009/592 499/967/592
f 487/950/593 510/1010/593 512/1011/593
f 502/994/594 497/965/594 498/966/594
f 513/991/595 490/957/595 493/960/595
f 495/962/596 509/1012/596 511/983/596
f 511/983/597 509/1012/597 487/950/597
f 1967/972/565 498/974/565 1971/1013/598
f 501/970/563 1972/1014/599 1966/971/563
f 501/1015/600 507/1016/600 523/1017/600
f 494/961/601 490/957/601 492/959/601
f 514/998/602 491/958/602 500/969/602
f 452/1018/603 451/1019/603 522/1020/603
f 1963/949/604 522/1008/604 451/1021/604
f 1968/1022/605 488/952/605 1969/951/605
f 489/1023/606 486/948/606 1970/947/606
f 524/1024/607 522/1008/607 486/948/607
f 505/1025/608 492/959/608 491/958/608
f 489/1026/609 492/1027/609 505/1028/609
f 514/998/610 505/1025/610 491/958/610
f 524/1029/611 1967/972/611 1971/1013/611
f 522/1030/612 524/1029/612 1971/1013/612
f 489/1023/613 508/1031/613 486/948/613
f 489/1026/614 512/1032/614 492/1027/614
f 508/1031/615 525/1033/615 524/1024/615
f 524/1024/616 486/948/616 508/1031/616
f 1972/1034/617 517/1035/617 502/1036/617
f 502/973/618 1966/971/618 1972/1014/618
f 1971/1013/619 452/1037/619 522/1030/619
f 1971/1013/620 453/1038/620 452/1037/620
f 488/952/621 1968/1022/621 453/1009/621
f 526/1039/622 527/1040/622 528/1041/622
f 529/1042/623 1974/1043/623 527/1040/623
f 1973/1044/624 1974/1045/624 529/1046/624
f 530/1047/625 526/1048/625 531/1049/625
f 532/1050/626 1974/1045/626 1973/1044/626
f 533/1051/627 534/1052/627 532/1053/627
f 535/1054/628 1974/1045/628 532/1050/628
f 532/1053/629 534/1052/629 535/1055/629
f 533/1051/630 536/1056/630 534/1052/630
f 531/1049/631 536/1057/631 537/1058/631
f 531/1059/632 526/1060/632 538/1061/632
f 529/1042/633 526/1039/633 530/1062/633
f 536/1057/634 538/1063/634 539/1064/634
f 529/1042/635 527/1040/635 526/1039/635
f 526/1065/636 528/1066/636 538/1067/636
f 532/1053/637 540/1068/637 541/1069/637
f 533/1051/638 532/1053/638 541/1069/638
f 531/1049/639 538/1063/639 536/1057/639
f 536/1056/640 539/1070/641 534/1052/642
f 516/1000/643 531/1049/643 537/1058/643
f 531/1049/644 516/1000/644 515/999/644
f 530/1062/645 517/1001/645 529/1042/645
f 517/1001/646 530/1062/646 518/1002/646
f 531/1049/647 518/1003/647 530/1047/647
f 518/1003/648 531/1049/648 515/999/648
f 537/1071/649 519/1004/650 520/1006/651
f 542/1072/652 533/1051/652 541/1069/652
f 540/1068/653 542/1072/653 541/1069/653
f 523/1073/654 1973/1044/654 1972/1014/654
f 517/1035/655 1972/1034/655 1973/1074/655
f 1973/1074/656 529/1075/656 517/1035/656
f 542/1072/657 543/1076/657 504/976/657
f 505/977/658 504/976/658 508/1031/658
f 533/1051/659 542/1072/659 519/1004/659
f 504/976/660 519/1004/660 542/1072/660
f 520/1006/661 519/1004/661 503/975/661
f 514/1005/662 503/975/662 505/977/662
f 537/1071/663 520/1006/663 516/1077/663
f 520/1006/664 514/1005/664 516/1077/664
f 519/1004/650 537/1071/649 533/1051/665
f 537/1071/666 536/1056/666 533/1051/666
f 542/1072/667 506/1078/667 543/1076/667
f 508/980/668 507/979/668 525/1079/668
f 540/1080/669 1973/1044/669 521/1007/669
f 521/1081/670 506/1078/670 542/1072/670
f 521/1081/671 542/1072/671 540/1068/671
f 532/1050/672 1973/1044/672 540/1080/672
f 543/1076/673 506/1078/673 508/1031/673
f 543/1076/674 508/1031/674 504/976/674
f 508/1031/675 489/1023/675 505/977/675
f 525/1033/676 1967/1082/676 524/1024/676
f 525/1033/677 501/1015/678 1967/1082/679
f 523/1073/680 1972/1014/680 501/970/680
f 507/1016/681 501/1015/678 525/1033/677
f 521/1007/682 1973/1044/682 523/1073/682
f 523/1073/683 507/979/683 521/1007/683
f 1980/1083/684 1974/1045/684 535/1054/684
f 535/1054/685 544/1084/685 1980/1083/685
f 544/1085/686 535/1086/686 534/1087/686
f 1983/1088/687 545/1089/687 546/1090/687
f 1987/1091/688 546/1092/688 1979/1093/688
f 547/1094/689 548/1095/690 549/1096/691
f 550/1097/692 551/1098/692 549/1099/692
f 552/1100/693 553/1101/693 554/1102/693
f 555/1103/694 552/1100/694 556/1104/694
f 557/1105/695 558/1106/695 556/1104/695
f 559/1107/696 560/1108/696 1990/1109/696
f 1977/1110/697 1994/1111/697 561/1112/697
f 562/1113/698 563/1114/698 1994/1111/698
f 564/1115/699 1990/1116/699 1995/1117/699
f 560/1108/700 559/1107/701 565/1118/702
f 566/1119/703 565/1118/703 559/1107/703
f 567/1120/704 1978/1121/704 1975/1122/704
f 1975/1122/705 568/1123/705 567/1120/705
f 569/1124/706 570/1125/706 1977/1126/706
f 528/1041/707 557/1105/707 538/1127/707
f 527/1040/708 557/1105/708 528/1041/708
f 557/1105/709 527/1040/709 558/1106/709
f 571/1128/710 558/1106/711 527/1040/712
f 2022/1129/713 1980/1083/713 572/1130/713
f 544/1084/714 572/1130/714 1980/1083/714
f 573/1131/715 2023/1132/715 574/1133/715
f 572/1130/716 575/1134/716 2022/1129/716
f 576/1135/717 577/1136/717 578/1137/717
f 579/1138/718 580/1139/718 581/1140/718
f 1984/1141/719 1985/1142/719 582/1143/719
f 582/1143/720 583/1144/720 1984/1141/720
f 584/1145/721 1985/1146/721 1986/1147/721
f 584/1145/722 582/1148/722 1985/1146/722
f 585/1149/723 582/1143/723 584/1150/723
f 584/1145/724 1986/1147/724 586/1151/724
f 586/1151/725 585/1152/725 584/1145/725
f 1981/1153/726 574/1154/726 587/1155/726
f 587/1155/727 1982/1156/727 1981/1153/727
f 588/1157/728 578/1137/728 589/1158/728
f 589/1158/729 546/1159/729 588/1157/729
f 546/1159/730 1988/1160/730 588/1157/730
f 590/1161/731 591/1162/731 1987/1091/731
f 1988/1163/732 1987/1091/732 591/1162/732
f 592/1164/733 549/1096/733 548/1095/733
f 585/1149/734 544/1165/734 582/1143/734
f 583/1144/735 582/1143/735 544/1165/735
f 557/1166/736 593/1167/736 538/1063/736
f 594/1168/737 595/1169/737 593/1167/737
f 594/1170/738 556/1104/738 554/1102/738
f 566/1119/739 559/1107/739 596/1171/739
f 583/1144/740 596/1171/740 559/1107/740
f 1990/1109/741 1991/1172/741 559/1107/741
f 1991/1172/742 1984/1141/742 559/1107/742
f 1984/1141/743 583/1144/743 559/1107/743
f 597/1173/744 581/1174/744 598/1175/744
f 549/1096/745 592/1164/745 597/1173/745
f 547/1176/746 599/1177/746 571/1178/746
f 555/1179/747 571/1180/747 599/1181/747
f 600/1182/748 601/1183/748 602/1184/748
f 553/1185/749 552/1186/749 603/1187/749
f 603/1188/750 604/1189/750 601/1183/750
f 601/1183/751 604/1189/751 602/1184/751
f 600/1182/752 605/1190/752 606/1191/752
f 1978/1192/753 607/1193/753 1975/1194/753
f 608/1195/754 1993/1196/754 1975/1194/754
f 609/1197/755 568/1123/755 1993/1198/755
f 1976/1199/756 610/1200/756 611/1201/756
f 611/1201/757 1977/1126/757 1976/1199/757
f 1976/1202/758 1977/1110/758 612/1203/758
f 612/1203/759 613/1204/759 1976/1202/759
f 562/1205/760 614/1206/760 615/1207/760
f 614/1208/761 562/1209/761 616/1210/761
f 2018/1211/762 617/1212/762 618/1213/762
f 617/1214/763 2018/1215/763 619/1216/763
f 1989/1217/764 620/1218/764 621/1219/764
f 620/1220/765 1989/1221/765 622/1222/765
f 1994/1111/766 1977/1110/766 623/1223/766
f 570/1125/767 623/1224/767 1977/1126/767
f 563/1225/768 624/1226/768 561/1227/768
f 625/1228/769 610/1229/769 626/1230/769
f 625/1228/770 626/1230/771 627/1231/772
f 626/1230/771 628/1232/773 627/1231/772
f 1978/1192/774 2021/1233/774 607/1193/774
f 610/1234/775 613/1204/775 1992/1235/775
f 583/1144/776 629/1236/776 596/1171/776
f 534/1237/777 583/1144/777 544/1165/777
f 617/1212/778 630/1238/778 618/1213/778
f 614/1206/779 631/1239/779 632/1240/779
f 631/1241/780 620/1220/780 622/1222/780
f 631/1241/781 622/1222/781 632/1242/781
f 620/1243/782 633/1244/782 634/1245/782
f 633/1244/783 617/1214/783 619/1216/783
f 633/1244/784 619/1216/785 634/1245/786
f 596/1246/787 616/1210/787 566/1247/787
f 616/1210/788 596/1246/788 614/1208/788
f 538/1063/789 595/1169/789 539/1064/789
f 617/1214/790 635/1248/790 595/1169/790
f 635/1248/791 636/1249/791 539/1064/791
f 631/1241/792 636/1250/792 620/1220/792
f 637/1251/793 636/1252/793 631/1253/793
f 636/1254/794 633/1255/794 620/1256/794
f 631/1257/795 629/1258/795 637/1259/795
f 583/1144/796 534/1237/796 629/1236/796
f 565/1260/797 566/1247/797 616/1210/797
f 623/1224/798 570/1125/798 565/1260/798
f 611/1201/799 625/1261/800 567/1262/801
f 567/1262/802 568/1263/802 611/1201/802
f 570/1125/803 569/1124/803 609/1264/803
f 568/1263/804 609/1264/804 569/1124/804
f 1979/1265/805 638/1266/805 639/1267/805
f 1974/1045/806 1980/1083/806 548/1095/806
f 592/1164/807 548/1095/807 1980/1083/807
f 1980/1083/808 2022/1129/808 597/1173/808
f 597/1173/809 592/1164/809 1980/1083/809
f 2023/1132/810 573/1131/810 578/1268/810
f 580/1269/811 579/1270/811 2022/1129/811
f 589/1271/812 578/1268/812 1981/1272/812
f 1981/1272/813 1982/1273/813 589/1271/813
f 585/1149/814 572/1274/814 544/1165/814
f 640/1275/815 586/1276/815 641/1277/815
f 641/1277/816 575/1278/816 640/1275/816
f 587/1155/817 574/1154/817 641/1277/817
f 591/1279/818 590/1280/818 587/1155/818
f 638/1266/819 545/1089/819 1983/1088/819
f 1979/1093/820 590/1161/820 1987/1091/820
f 639/1281/821 590/1280/821 1979/1282/821
f 550/1097/822 581/1283/822 1984/1284/822
f 1985/1285/823 1984/1284/823 581/1283/823
f 1985/1285/824 581/1283/824 577/1286/824
f 576/1135/825 1986/1287/825 577/1136/825
f 546/1159/826 1987/1288/826 1988/1160/826
f 581/1283/827 550/1097/828 598/1289/828
f 547/1290/829 549/1099/829 551/1098/829
f 571/1128/710 555/1103/830 558/1106/711
f 571/1291/831 527/1292/831 548/1095/831
f 1974/1045/832 548/1095/832 527/1292/832
f 547/1094/689 571/1291/833 548/1095/690
f 603/1188/834 601/1183/834 2018/1293/834
f 601/1183/835 600/1182/835 1989/1294/835
f 600/1182/836 606/1191/836 562/1295/836
f 606/1296/837 563/1114/837 562/1113/837
f 1991/1297/838 1990/1116/838 606/1298/838
f 563/1299/839 606/1300/839 624/1301/839
f 606/1298/840 605/1302/840 1991/1297/840
f 1984/1284/841 551/1098/841 550/1097/841
f 626/1230/842 1992/1303/842 2021/1304/842
f 610/1229/843 1992/1303/843 626/1230/843
f 2021/1304/844 628/1232/844 626/1230/844
f 2021/1233/845 1992/1305/845 613/1306/845
f 604/1189/846 599/1307/846 602/1184/846
f 547/1290/847 551/1098/847 599/1307/847
f 555/1103/848 556/1104/848 558/1106/848
f 552/1308/849 555/1309/849 604/1189/849
f 556/1310/850 593/1167/850 557/1166/850
f 556/1104/851 552/1100/851 554/1102/851
f 555/1309/852 599/1307/852 604/1189/852
f 603/1188/853 552/1308/853 604/1189/853
f 605/1302/854 1984/1311/854 1991/1297/854
f 1984/1311/855 605/1302/855 551/1312/855
f 605/1190/856 602/1184/856 551/1098/856
f 600/1182/857 602/1184/857 605/1190/857
f 602/1184/858 599/1307/858 551/1098/858
f 596/1246/859 629/1313/859 614/1208/859
f 631/1239/860 614/1206/860 629/1314/860
f 635/1248/861 633/1244/861 636/1249/861
f 534/1052/642 539/1070/641 636/1315/862
f 595/1169/863 635/1248/863 539/1064/863
f 594/1168/864 642/1316/864 595/1169/864
f 534/1052/642 636/1315/862 637/1317/862
f 629/1258/865 534/1318/865 637/1259/865
f 617/1214/866 633/1244/866 635/1248/866
f 627/1319/867 567/1262/801 625/1261/800
f 627/1320/868 1978/1121/868 567/1120/868
f 569/1124/869 611/1201/869 568/1263/869
f 569/1124/870 1977/1126/870 611/1201/870
f 1975/1194/871 607/1193/871 608/1195/871
f 1993/1198/872 568/1123/872 1975/1122/872
f 561/1112/873 612/1203/873 1977/1110/873
f 561/1227/874 564/1115/874 608/1195/874
f 610/1234/875 1976/1202/875 613/1204/875
f 610/1200/876 625/1261/876 611/1201/876
f 1993/1198/877 560/1108/877 609/1197/877
f 560/1108/878 1995/1321/878 1990/1109/878
f 609/1264/879 565/1260/879 570/1125/879
f 565/1118/702 609/1197/880 560/1108/700
f 616/1210/881 623/1224/881 565/1260/881
f 623/1224/882 616/1210/883 1994/1322/884
f 562/1209/884 1994/1322/884 616/1210/883
f 561/1112/885 1994/1111/885 563/1114/885
f 560/1323/886 1993/1196/886 1995/1117/886
f 1995/1117/887 1993/1196/887 564/1115/887
f 607/1193/888 2021/1233/888 613/1306/888
f 607/1193/889 613/1306/889 608/1195/889
f 608/1195/890 613/1306/890 612/1324/890
f 612/1324/891 561/1227/891 608/1195/891
f 564/1115/892 1993/1196/892 608/1195/892
f 561/1227/893 624/1226/893 564/1115/893
f 624/1226/894 606/1298/894 1990/1116/894
f 624/1226/895 1990/1116/895 564/1115/895
f 615/1207/896 643/1325/896 562/1205/896
f 1996/1326/897 644/1327/897 645/1328/897
f 1989/1329/898 646/1330/898 644/1327/898
f 647/1331/899 648/1332/899 2002/1333/899
f 643/1325/900 615/1207/901 649/1334/902
f 632/1240/903 649/1334/903 615/1207/903
f 650/1335/904 1997/1336/904 1998/1337/904
f 1998/1337/905 651/1338/905 650/1335/905
f 652/1339/906 653/1340/906 1996/1341/906
f 1997/1342/907 654/1343/907 1998/1344/907
f 655/1345/908 656/1346/908 1998/1344/908
f 657/1347/909 651/1338/909 656/1348/909
f 1999/1349/910 2001/1350/910 658/1351/910
f 658/1351/911 1996/1341/911 1999/1349/911
f 1999/1352/912 1996/1326/912 659/1353/912
f 659/1353/913 660/1354/913 1999/1352/913
f 644/1355/914 1996/1341/914 661/1356/914
f 653/1340/915 661/1356/915 1996/1341/915
f 646/1357/916 648/1332/916 645/1358/916
f 662/1359/917 2001/1360/917 663/1361/917
f 662/1359/918 663/1361/918 664/1362/918
f 663/1361/919 665/1363/919 664/1362/919
f 1997/1342/920 2000/1364/920 654/1343/920
f 2001/1365/921 660/1354/921 666/1366/921
f 649/1367/922 632/1242/922 622/1222/922
f 661/1356/923 653/1340/924 649/1367/925
f 658/1351/926 662/1368/926 650/1369/926
f 650/1369/927 651/1370/927 658/1351/927
f 653/1340/928 652/1339/928 657/1371/928
f 651/1370/929 657/1371/929 652/1339/929
f 600/1372/930 646/1330/930 1989/1329/930
f 646/1373/931 600/1374/931 648/1375/931
f 663/1376/932 666/1377/932 2000/1364/932
f 2001/1365/933 666/1366/933 663/1378/933
f 2000/1364/934 665/1379/934 663/1376/934
f 2000/1364/935 666/1377/935 660/1380/935
f 664/1381/936 650/1369/936 662/1368/936
f 664/1382/937 1997/1336/937 650/1335/937
f 652/1339/938 658/1351/938 651/1370/938
f 652/1339/939 1996/1341/939 658/1351/939
f 1998/1344/940 654/1343/940 655/1345/940
f 656/1348/941 651/1338/941 1998/1337/941
f 645/1328/942 659/1353/942 1996/1326/942
f 645/1358/943 647/1331/943 655/1345/943
f 2001/1365/944 1999/1352/944 660/1354/944
f 2001/1350/945 662/1368/945 658/1351/945
f 656/1348/946 643/1325/946 657/1347/946
f 643/1325/947 2002/1383/947 562/1205/947
f 657/1371/948 649/1367/948 653/1340/948
f 649/1334/902 657/1347/949 643/1325/900
f 622/1222/950 661/1356/923 649/1367/925
f 661/1356/951 622/1222/951 644/1355/951
f 1989/1329/952 644/1327/952 622/1384/952
f 645/1328/953 644/1327/953 646/1330/953
f 643/1325/954 656/1348/954 2002/1383/954
f 2002/1333/955 656/1346/955 647/1331/955
f 654/1343/956 2000/1364/956 660/1380/956
f 654/1343/957 660/1380/957 655/1345/957
f 655/1345/958 660/1380/958 659/1385/958
f 659/1385/959 645/1358/959 655/1345/959
f 647/1331/960 656/1346/960 655/1345/960
f 645/1358/961 648/1332/961 647/1331/961
f 648/1332/962 600/1386/962 562/1387/962
f 648/1332/963 562/1387/963 2002/1333/963
f 632/1240/964 615/1207/964 614/1206/964
f 621/1219/965 667/1388/965 1989/1217/965
f 2003/1389/966 668/1390/966 669/1391/966
f 2018/1392/967 670/1393/967 668/1390/967
f 671/1394/968 672/1395/969 2009/1396/970
f 667/1388/971 621/1219/971 673/1397/971
f 634/1398/972 673/1397/972 621/1219/972
f 674/1399/973 2004/1400/973 2005/1401/973
f 2005/1401/974 675/1402/974 674/1399/974
f 676/1403/975 677/1404/975 2003/1405/975
f 2004/1406/976 678/1407/977 2005/1408/978
f 679/1409/979 680/1410/979 2005/1408/979
f 681/1411/980 675/1402/980 680/1412/980
f 2008/1413/981 2006/1414/981 682/1415/981
f 682/1415/982 2003/1405/983 2008/1413/984
f 2008/1416/985 2003/1389/985 683/1417/985
f 683/1417/986 684/1418/986 2008/1416/986
f 668/1419/987 2003/1405/987 685/1420/987
f 677/1404/988 685/1420/988 2003/1405/988
f 670/1421/989 672/1395/989 669/1422/989
f 686/1423/990 2006/1424/990 687/1425/990
f 686/1423/991 687/1425/991 688/1426/991
f 689/1427/992 2004/1428/992 688/1426/992
f 2004/1406/993 2020/1429/993 678/1407/993
f 2006/1430/994 684/1418/994 2007/1431/994
f 673/1432/995 634/1245/786 619/1216/785
f 685/1420/996 677/1404/997 673/1432/998
f 682/1415/999 686/1433/1000 674/1434/1001
f 674/1434/1002 675/1435/1002 682/1415/1002
f 677/1404/1003 676/1403/1003 681/1436/1003
f 675/1435/1004 681/1436/1004 676/1403/1004
f 601/1437/1005 670/1393/1005 2018/1392/1005
f 670/1438/1006 601/1439/1006 672/1440/1006
f 687/1441/1007 2007/1442/1007 2020/1429/1007
f 2006/1430/1008 2007/1431/1008 687/1443/1008
f 2020/1429/1009 2004/1406/1009 689/1444/1009
f 2020/1429/1010 2007/1442/1010 684/1445/1010
f 688/1446/1011 674/1434/1001 686/1433/1000
f 688/1447/1012 2004/1400/1012 674/1399/1012
f 676/1403/1013 682/1415/1013 675/1435/1013
f 676/1403/1014 2003/1405/983 682/1415/982
f 2005/1408/978 678/1407/977 679/1409/1015
f 680/1412/1016 675/1402/1016 2005/1401/1016
f 669/1391/1017 683/1417/1017 2003/1389/1017
f 669/1422/1018 671/1394/1018 679/1409/1018
f 2006/1430/1019 2008/1416/1019 684/1418/1019
f 2006/1414/1020 686/1433/1020 682/1415/1020
f 680/1412/1021 667/1388/1021 681/1411/1021
f 667/1388/1022 2009/1448/1022 1989/1217/1022
f 681/1436/1023 673/1432/998 677/1404/997
f 673/1397/1024 681/1411/1024 667/1388/1024
f 619/1216/785 685/1420/1025 673/1432/995
f 685/1420/1026 619/1216/1026 668/1419/1026
f 2018/1392/1027 668/1390/1027 619/1449/1027
f 669/1391/1028 668/1390/1028 670/1393/1028
f 667/1388/1029 680/1412/1029 2009/1448/1029
f 2009/1396/970 680/1410/1030 671/1394/968
f 678/1407/1031 2020/1429/1031 684/1445/1031
f 678/1407/1032 684/1445/1032 679/1409/1032
f 679/1409/1033 684/1445/1033 683/1450/1033
f 683/1450/1034 669/1422/1034 679/1409/1034
f 671/1394/1035 680/1410/1035 679/1409/1035
f 669/1422/1036 672/1395/1036 671/1394/1036
f 672/1395/1037 601/1451/1037 1989/1452/1037
f 672/1395/1038 1989/1452/1038 2009/1396/1038
f 634/1245/1039 621/1453/1039 620/1243/1039
f 618/1213/1040 690/1454/1040 2018/1211/1040
f 2012/1455/1041 2016/1456/1041 691/1457/1041
f 554/1102/1042 692/1458/1042 2016/1456/1042
f 693/1459/1043 694/1460/1043 2017/1461/1043
f 690/1454/1044 618/1213/1044 695/1462/1044
f 630/1238/1045 695/1462/1045 618/1213/1045
f 696/1463/1046 2010/1464/1046 2013/1465/1046
f 2013/1465/1047 697/1466/1047 696/1463/1047
f 698/1467/1048 699/1468/1049 2012/1469/1049
f 2010/1470/1050 700/1471/1050 2013/1472/1050
f 701/1473/1051 2014/1474/1051 2013/1472/1051
f 702/1475/1052 697/1466/1052 2014/1476/1052
f 703/1477/1053 2015/1478/1053 704/1479/1053
f 704/1479/1054 2012/1469/1054 703/1477/1054
f 703/1480/1055 2012/1455/1055 705/1481/1055
f 705/1481/1056 706/1482/1056 703/1480/1056
f 2016/1483/1057 2012/1469/1058 707/1484/1059
f 699/1468/1049 707/1484/1060 2012/1469/1049
f 692/1485/1061 694/1460/1061 691/1486/1061
f 708/1487/1062 2015/1478/1062 709/1488/1062
f 708/1489/1063 709/1490/1063 710/1491/1063
f 711/1492/1064 2010/1493/1064 710/1491/1064
f 2010/1470/1065 2019/1494/1065 700/1471/1065
f 2015/1495/1066 706/1482/1066 2011/1496/1066
f 707/1484/1067 630/1497/1067 712/1498/1067
f 707/1484/1068 699/1468/1068 695/1499/1068
f 704/1479/1069 708/1487/1070 696/1500/1071
f 696/1500/1071 697/1501/1072 704/1479/1069
f 699/1468/1073 698/1467/1073 702/1502/1073
f 697/1501/1074 702/1502/1074 698/1467/1074
f 553/1101/1075 692/1458/1075 554/1102/1075
f 692/1485/1076 553/1185/1076 694/1460/1076
f 709/1490/1077 2011/1503/1077 2019/1504/1077
f 2015/1495/1078 2011/1496/1078 709/1505/1078
f 2019/1494/1079 2010/1470/1079 711/1506/1079
f 2019/1494/1080 2011/1507/1080 706/1508/1080
f 710/1509/1081 696/1500/1071 708/1487/1070
f 710/1510/1082 2010/1464/1082 696/1463/1082
f 698/1467/1083 704/1479/1083 697/1501/1083
f 698/1511/1084 2012/1512/1084 704/1513/1084
f 2013/1472/1085 700/1471/1085 701/1473/1085
f 2014/1476/1086 697/1466/1086 2013/1465/1086
f 691/1457/1087 705/1481/1087 2012/1455/1087
f 691/1486/1088 693/1459/1088 701/1473/1088
f 2015/1495/1089 703/1480/1089 706/1482/1089
f 2015/1478/1090 708/1487/1090 704/1479/1090
f 2014/1476/1091 690/1454/1091 702/1475/1091
f 690/1454/1092 2017/1514/1092 2018/1211/1092
f 702/1502/1093 695/1499/1093 699/1468/1093
f 695/1462/1094 702/1475/1094 690/1454/1094
f 630/1497/1095 707/1484/1095 695/1499/1095
f 707/1484/1059 712/1498/1096 2016/1483/1057
f 554/1102/1097 2016/1456/1097 712/1515/1097
f 691/1457/1098 2016/1456/1098 692/1458/1098
f 690/1454/1099 2014/1476/1099 2017/1514/1099
f 2017/1461/1100 2014/1474/1100 693/1459/1100
f 700/1471/1101 2019/1494/1101 706/1508/1101
f 700/1471/1102 706/1508/1102 701/1473/1102
f 701/1473/1103 706/1508/1103 705/1516/1103
f 705/1516/1104 691/1486/1104 701/1473/1104
f 693/1459/1105 2014/1474/1105 701/1473/1105
f 691/1486/1106 694/1460/1106 693/1459/1106
f 694/1460/1107 553/1185/1107 2018/1517/1107
f 694/1460/1108 2018/1517/1108 2017/1461/1108
f 712/1515/1109 594/1170/1109 554/1102/1109
f 2018/1517/1110 553/1185/1110 603/1187/1110
f 630/1497/1111 713/1518/1111 712/1498/1111
f 630/1497/1112 617/1214/1112 713/1518/1112
f 556/1310/1113 594/1168/1113 593/1167/1113
f 593/1167/1114 595/1169/1114 538/1063/1114
f 1982/1519/1115 638/1266/1115 1983/1088/1115
f 638/1520/1116 1982/1156/1116 639/1281/1116
f 638/1266/1117 1979/1265/1117 545/1089/1117
f 545/1089/1118 1979/1265/1118 546/1090/1118
f 586/1276/1119 591/1279/1119 641/1277/1119
f 591/1162/1120 586/1151/1120 1988/1163/1120
f 639/1281/1121 587/1155/1121 590/1280/1121
f 639/1281/1122 1982/1156/1122 587/1155/1122
f 573/1131/1123 1981/1272/1123 578/1268/1123
f 573/1521/1124 574/1154/1124 1981/1153/1124
f 1986/1147/1125 1988/1163/1125 586/1151/1125
f 588/1157/1126 1988/1160/1126 1986/1287/1126
f 588/1157/1127 1986/1287/1127 576/1135/1127
f 576/1135/1128 578/1137/1128 588/1157/1128
f 1983/1522/1129 589/1271/1129 1982/1273/1129
f 1983/1523/1130 546/1159/1130 589/1158/1130
f 641/1277/1131 591/1279/1131 587/1155/1131
f 575/1278/1132 572/1274/1132 640/1275/1132
f 579/1270/1133 597/1173/1133 2022/1129/1133
f 579/1524/1134 581/1525/1134 597/1526/1134
f 577/1136/1135 1986/1287/1135 1985/1527/1135
f 577/1286/1136 581/1283/1136 580/1528/1136
f 578/1268/1137 580/1269/1137 2023/1132/1137
f 580/1529/1138 578/1137/1138 577/1136/1138
f 709/1490/1139 711/1492/1139 710/1491/1139
f 2019/1504/1140 711/1492/1140 709/1490/1140
f 687/1425/1141 689/1427/1141 688/1426/1141
f 2020/1429/1142 689/1444/1142 687/1441/1142
f 2000/1364/1143 1997/1342/1143 665/1379/1143
f 665/1363/1144 1997/1530/1144 664/1362/1144
f 2021/1531/1145 1978/1121/1145 628/1532/1145
f 628/1532/1146 1978/1121/1146 627/1320/1146
f 642/1316/1147 617/1214/1147 595/1169/1147
f 642/1316/1148 594/1168/1148 712/1498/1148
f 598/1289/828 550/1097/828 549/1099/828
f 597/1173/744 598/1175/744 549/1096/1149
f 640/1275/1150 572/1274/1150 585/1149/1150
f 585/1152/1151 586/1151/1151 640/1533/1151
f 574/1154/1152 575/1278/1152 641/1277/1152
f 575/1134/1153 574/1133/1153 2023/1132/1153
f 2022/1129/1154 2023/1132/1154 580/1269/1154
f 2023/1132/1155 2022/1129/1155 575/1134/1155
f 713/1518/1156 617/1214/1156 642/1316/1156
f 713/1518/1157 642/1316/1157 712/1498/1157
f 487/950/1158 509/1012/1158 510/1010/1158
f 510/982/1159 494/961/1159 492/959/1159
f 495/962/1160 714/1534/1160 509/1012/1160
f 714/1535/1161 494/961/1161 509/981/1161
f 511/983/1162 487/950/1162 488/952/1162
f 499/1536/1163 511/1537/1163 488/1538/1163
f 494/961/1164 714/1535/1164 496/992/1164
f 495/962/1165 496/964/1165 714/1534/1165
f 716/1539/1166 2024/1540/1166 2029/1541/1166
f 724/1542/1167 2029/1543/1167 2026/1544/1167
f 2029/1543/1168 724/1542/1168 718/1545/1168
f 717/1546/1169 718/1547/1169 724/1548/1169
f 718/1547/1170 717/1546/1170 719/1549/1170
f 716/1550/1171 720/1551/1171 2114/1552/1171
f 716/1539/1172 2114/1553/1172 2024/1540/1172
f 727/1554/1173 721/1555/1173 2027/1556/1173
f 725/1557/1174 2028/1558/1174 2025/1559/1174
f 2027/1556/1175 724/1542/1175 2026/1544/1175
f 724/1542/1176 2027/1556/1176 721/1555/1176
f 721/1560/1177 717/1546/1177 724/1548/1177
f 717/654/1178 721/1555/1178 722/655/1178
f 2116/1561/1179 725/1557/1179 2025/1559/1179
f 725/1557/1180 2116/1561/1180 726/1562/1180
f 726/1563/1181 723/668/1181 725/669/1181
f 723/1564/1182 726/1565/1182 828/642/1182
f 725/1557/1183 727/1554/1183 2028/1558/1183
f 727/1554/1184 2027/1556/1184 2028/1558/1184
f 718/1545/1185 716/1566/1185 2029/1543/1185
f 719/1549/1186 716/647/1186 718/1547/1186
f 716/647/1187 719/1549/1187 412/645/1187
f 728/819/1188 2032/816/1188 1952/815/1188
f 730/1567/1189 820/1568/1189 752/1569/1189
f 728/813/1190 761/1570/1190 753/1571/1190
f 731/824/1191 809/833/1191 436/713/1191
f 809/833/1192 731/824/1192 740/1572/1192
f 740/1573/1193 807/814/1193 809/1574/1193
f 807/814/1194 740/1573/1194 741/1575/1194
f 2032/1576/1195 742/1577/1195 433/1578/1195
f 731/824/1196 437/715/1196 433/866/1196
f 731/824/1197 762/1579/1197 751/1580/1197
f 762/1579/1198 731/824/1198 742/867/1198
f 2032/816/1199 757/1581/1199 2033/1582/1199
f 740/1572/1200 758/1583/1200 755/1584/1200
f 741/1575/1201 759/1585/1201 750/1586/1201
f 742/1587/1202 760/836/1202 756/1588/1202
f 733/853/1203 750/1589/1204 457/850/1205
f 750/1589/1206 733/853/1206 820/1590/1206
f 734/1591/1207 754/1592/1207 455/849/1207
f 754/1592/1208 734/1591/1208 761/1593/1208
f 735/848/1209 752/1594/1209 456/845/1209
f 752/1594/1210 735/848/1210 754/1592/1210
f 756/1588/1211 739/1595/1211 762/1596/1211
f 739/1595/1212 756/1588/1212 459/1597/1212
f 744/804/1213 773/770/1214 448/763/1215
f 744/804/1216 775/803/1216 773/770/1216
f 744/804/1217 2030/800/1217 474/706/1217
f 803/789/1218 789/1598/1219 843/1599/1220
f 441/791/1221 789/1598/1219 803/789/1218
f 745/1600/1222 789/1598/1222 441/791/1222
f 797/760/1223 853/738/1223 855/1601/1223
f 2031/765/1224 804/742/1224 805/764/1224
f 804/740/1225 2031/1602/1225 746/741/1225
f 450/1603/1226 2036/749/1226 856/1604/1226
f 748/1605/1227 447/794/391 780/775/390
f 782/779/1228 748/1605/1229 781/777/1230
f 748/1605/1229 782/779/1228 449/781/1231
f 857/1606/1232 747/769/1232 774/772/1232
f 747/769/1233 857/1606/1233 856/1604/1233
f 749/678/1234 421/798/1234 830/1607/1234
f 845/681/1235 749/678/1235 830/1607/1235
f 749/678/1236 799/694/1236 421/798/1236
f 421/798/1237 799/694/1237 798/796/1237
f 728/819/1238 757/1581/1238 2032/816/1238
f 757/1581/1239 728/819/1239 753/1608/1239
f 731/824/1240 758/1583/1240 740/1572/1240
f 758/1583/1241 731/824/1241 751/1580/1241
f 740/1573/1242 759/1585/1242 741/1575/1242
f 759/1585/1243 740/1573/1243 755/1609/1243
f 2032/816/1244 760/1610/1244 742/1611/1244
f 760/1610/1245 2032/816/1245 2033/1582/1245
f 733/853/1246 752/1594/1246 820/1590/1246
f 752/1612/1247 733/1613/1247 456/1614/1247
f 734/1591/1248 753/1615/1248 761/1593/1248
f 753/808/1249 734/844/1249 454/811/1249
f 754/1592/1250 735/848/1250 455/849/1250
f 751/820/413 739/1595/1251 460/823/414
f 739/1595/1252 751/820/1252 762/1596/1252
f 732/809/1253 2033/1616/1253 757/810/1253
f 2033/834/1254 732/1617/1254 2034/837/1254
f 736/821/1255 755/825/1256 758/822/1257
f 755/825/1256 736/821/1255 458/828/1258
f 750/1589/1204 737/826/1259 457/850/1205
f 737/826/417 750/1589/1260 759/827/418
f 738/835/1261 756/1588/1261 760/836/1261
f 756/1588/1262 738/835/1262 459/1597/1262
f 741/1575/1263 820/1618/1263 814/1619/1263
f 750/1586/1264 820/1618/1264 741/1575/1264
f 729/812/1265 761/1570/1265 728/813/1265
f 761/1570/1266 729/812/1266 754/1620/1266
f 730/1621/1267 754/1620/1267 729/812/1267
f 754/1620/1268 730/1621/1268 752/1622/1268
f 756/1623/1269 762/1579/1269 742/867/1269
f 784/795/1270 763/690/1270 779/691/1270
f 763/690/1271 784/795/1271 765/806/1271
f 763/690/1272 771/1624/1272 769/701/1272
f 765/806/1273 771/1624/1273 763/690/1273
f 768/730/1274 769/1625/1274 764/728/1274
f 770/805/1275 771/1624/1275 765/806/1275
f 772/727/1276 850/685/1276 425/689/1276
f 850/685/1277 772/727/1277 413/1626/1277
f 413/1626/1278 772/727/336 767/726/335
f 772/727/1279 468/887/1279 464/725/1279
f 767/726/1280 464/725/1280 462/938/1280
f 462/1627/1281 785/1628/1281 767/1629/1281
f 772/1630/1282 768/730/1282 468/729/1282
f 773/770/1214 774/772/1283 448/763/1215
f 2185/757/1284 450/774/1284 857/767/1284
f 770/703/1285 775/803/1285 474/706/1285
f 447/794/1286 775/807/1286 743/792/1286
f 775/803/1287 447/773/1287 773/770/1287
f 774/772/1288 449/1631/1288 857/1606/1288
f 449/1631/1289 774/772/1289 748/771/1289
f 771/1624/1290 764/900/1290 769/701/1290
f 764/1632/1291 771/705/1291 766/704/1291
f 776/1633/1292 413/665/1292 723/663/1292
f 828/1634/1293 776/1635/1293 723/1636/1293
f 835/1637/1294 849/686/1295 851/1638/1296
f 849/686/1297 835/1637/1297 777/684/1297
f 776/641/1298 829/643/1298 851/1638/1298
f 777/684/1299 835/1637/1299 836/1639/1299
f 778/688/1300 777/684/1300 836/1639/1300
f 778/688/1301 763/690/1301 426/687/1301
f 846/1640/1302 778/688/1302 836/1639/1302
f 778/688/1303 846/1640/1303 779/691/1303
f 780/775/1304 781/777/1304 748/1605/1304
f 780/775/386 783/793/388 839/778/1305
f 784/795/1306 743/792/1306 765/806/1306
f 842/1641/1307 784/795/1308 831/1642/1309
f 784/795/1308 842/1641/1307 783/793/1310
f 783/793/1311 842/1641/1311 839/778/1311
f 844/776/1312 782/779/1312 781/777/1312
f 782/779/1313 844/776/1313 840/1643/1313
f 779/691/1314 831/1642/1314 784/795/1314
f 831/1642/1315 779/691/1315 846/1640/1315
f 785/1628/1316 462/1627/1316 420/1644/1316
f 472/1645/1317 799/694/1318 469/889/1319
f 786/886/1320 799/694/1320 787/693/1320
f 799/694/1321 786/886/1321 469/889/1321
f 786/886/1322 787/693/1322 788/699/1322
f 790/753/1323 858/1646/1323 852/737/1323
f 830/1607/1324 791/788/1324 847/787/1324
f 791/788/1325 830/1607/1325 421/798/1325
f 792/790/1326 791/788/1326 421/798/1326
f 792/790/1327 800/797/1327 441/791/1327
f 2030/800/1328 793/799/1328 2035/802/1328
f 794/1647/1329 800/797/1329 472/1645/1329
f 472/895/1330 793/799/1330 794/801/1330
f 793/799/1331 472/895/1331 2035/802/1331
f 795/745/1332 745/1600/1332 441/791/1332
f 795/745/1333 796/746/1333 745/1600/1333
f 797/760/1334 2187/754/1334 442/736/1334
f 800/797/1335 798/796/1335 472/1645/1335
f 444/739/1336 800/797/1336 794/1647/1336
f 800/797/1337 444/739/1337 795/745/1337
f 446/759/1338 855/1601/1338 854/1648/1338
f 798/796/1339 799/694/1318 472/1645/1317
f 848/676/1340 801/677/1340 834/679/1340
f 801/677/1341 424/680/1341 834/679/1341
f 787/693/1342 801/677/1342 802/692/1342
f 801/677/1343 787/693/1343 424/680/1343
f 803/789/1344 843/1599/1344 838/786/1344
f 805/764/1345 804/742/1345 443/744/1345
f 806/1649/1346 814/1650/1346 730/1651/1346
f 814/1650/1347 806/1649/1347 815/1652/1347
f 808/838/1348 730/1621/1348 729/812/1348
f 808/838/459 806/832/458 730/1621/1349
f 809/1574/1350 807/814/1350 432/723/1350
f 810/661/1351 811/662/1351 420/667/1351
f 811/662/1352 419/660/1352 420/667/1352
f 813/830/1353 812/709/1353 430/708/1353
f 815/831/1354 430/708/1355 807/814/1356
f 430/708/1355 815/831/1354 813/830/1357
f 1958/934/1358 817/908/1359 1959/907/1360
f 817/908/1359 1958/934/1358 477/1653/1361
f 1959/907/1362 476/906/1362 478/933/1362
f 818/942/1363 431/720/1363 484/1654/1363
f 818/942/1364 817/943/541 480/911/540
f 1959/907/1365 467/882/1365 819/935/1365
f 467/882/1366 1959/907/1366 478/933/1366
f 810/661/1367 816/880/1367 417/658/1367
f 818/942/1368 812/709/1368 431/720/1368
f 819/935/546 816/880/1369 465/879/547
f 814/1655/1370 820/1656/1370 730/1657/1370
f 814/1619/1371 815/831/1371 741/1575/1371
f 815/1658/1372 807/1659/1372 741/1660/1372
f 822/696/1373 821/695/1373 416/1661/1373
f 427/868/1374 822/696/1374 416/1661/1374
f 822/696/1375 427/868/1375 823/697/1375
f 824/870/1376 823/697/1376 427/868/1376
f 823/697/1377 825/698/1377 422/673/1377
f 825/698/1378 823/697/1378 824/870/1378
f 825/698/1379 826/885/1379 788/699/1379
f 413/1626/1380 849/686/1380 850/685/1380
f 849/686/1381 413/1626/1381 776/641/1381
f 850/685/1382 777/684/1382 425/689/1382
f 851/1638/1383 849/686/1383 776/641/1383
f 852/737/1384 442/736/1384 790/753/1384
f 852/737/1385 745/1600/1385 853/738/1385
f 745/1600/1386 852/737/1386 789/1598/1386
f 854/748/1387 445/747/1387 446/1662/1387
f 854/748/1388 2031/765/1388 2036/749/1388
f 2031/1602/1389 854/1648/1389 746/741/1389
f 745/1600/1390 855/1601/1390 853/738/1390
f 855/1601/1391 745/1600/1391 796/746/1391
f 853/738/1392 797/760/1392 442/736/1392
f 2036/749/1393 450/1603/1393 445/747/1393
f 2036/749/1394 747/769/1394 856/1604/1394
f 747/769/1395 2036/749/1395 2031/765/1395
f 856/1604/1396 857/1606/1396 450/1603/1396
f 858/1646/1397 790/753/1397 837/752/1397
f 852/737/1398 843/1599/1398 789/1598/1398
f 843/1599/1399 852/737/1399 858/1646/1399
f 854/1648/1400 796/746/1400 746/741/1400
f 796/746/1401 854/1648/1401 855/1601/1401
f 855/1601/1402 446/759/1402 797/760/1402
f 827/638/1403 859/1663/1403 860/1664/1403
f 1221/1665/1404 829/643/268 828/642/267
f 720/644/1405 841/646/1405 860/1666/1405
f 860/1666/1406 1161/1667/1406 720/644/1406
f 1165/1668/1407 1166/1669/1408 862/1670/1407
f 862/1670/1407 1170/1671/1409 1165/1668/1407
f 841/652/1410 827/638/1410 860/1664/1410
f 863/1672/1411 1166/1669/1411 1162/1673/1411
f 864/1674/1412 865/1675/1412 866/1676/1412
f 1166/1669/1413 867/1677/1413 862/1670/1413
f 863/1672/1414 865/1675/1414 1254/1678/1414
f 1254/1678/1415 1255/1679/1415 863/1672/1415
f 1167/1680/1416 867/1677/1416 1212/1681/1416
f 1166/1669/1417 863/1672/1417 1255/1679/1417
f 1255/1679/1418 867/1677/1418 1166/1669/1418
f 1212/1681/1419 861/1682/1419 1167/1680/1419
f 867/1677/1420 868/1683/1420 1230/1684/1420
f 1212/1681/1421 867/1677/1421 1230/1684/1421
f 1162/1673/1422 864/1674/1423 866/1676/1424
f 862/1670/1425 867/1677/1425 1167/1680/1425
f 1170/1685/1426 862/1686/1426 1167/1687/1426
f 1167/1687/1427 1169/1688/1427 1170/1685/1427
f 1164/1689/1428 860/1664/1428 859/1663/1428
f 1164/1689/1429 859/1663/1429 1265/1690/1429
f 1265/1690/1430 864/1674/1430 1164/1689/1430
f 1162/1673/1422 1164/1689/1431 864/1674/1423
f 866/1676/1432 863/1672/1432 1162/1673/1432
f 865/1675/1433 863/1672/1433 866/1676/1433
f 832/672/1434 833/674/1434 870/1691/1434
f 833/674/1435 871/1692/1435 870/1691/1435
f 871/1692/1436 833/674/1436 848/676/1436
f 848/676/1437 1246/1693/1437 871/1692/1437
f 1193/1694/1438 872/1695/1438 834/679/1438
f 834/679/1439 845/681/1439 1193/1694/1439
f 870/1691/1440 827/682/1440 832/672/1440
f 870/1691/1441 859/1696/1441 827/682/1441
f 1222/1697/1442 1271/1698/1442 1272/1699/1442
f 874/1700/1443 1223/1701/1444 1222/1697/1445
f 1222/1697/1445 873/1702/1446 874/1700/1443
f 1208/1703/1447 1224/1704/1447 1223/1701/1447
f 871/1692/1448 1246/1693/1448 1247/1705/1448
f 1193/1706/1449 1244/1707/1449 1232/1708/1449
f 1232/1708/1450 872/1709/1450 1193/1706/1450
f 859/1663/1451 1266/1710/1451 1265/1690/1451
f 1267/1711/1452 859/1663/1452 870/1712/1452
f 859/1663/1453 1267/1711/1453 1266/1710/1453
f 871/1692/1454 1269/1713/1454 870/1691/1454
f 1247/1714/1455 1232/1708/1455 1233/1715/1455
f 871/1692/1456 1247/1705/1457 1233/1716/1458
f 871/1692/1456 1233/1716/1458 1269/1713/1459
f 875/1717/1460 865/1675/1460 864/1674/1460
f 874/1700/1461 1214/1718/1461 1208/1703/1461
f 1214/1718/1462 874/1700/1462 1213/1719/1462
f 1215/1720/1463 1216/1721/1463 1211/1722/1463
f 1211/1722/1464 919/1723/1464 1215/1720/1464
f 877/1724/1465 1256/1725/1465 878/1726/1465
f 886/1727/1466 876/1728/1466 883/1729/1466
f 884/1730/1467 885/1731/1467 888/1732/1467
f 882/1733/1468 879/1734/1468 928/1735/1468
f 928/1735/1469 876/1736/1469 882/1733/1469
f 1256/1737/1470 879/1734/1470 882/1733/1470
f 882/1738/1471 1257/1739/1471 1256/1725/1471
f 880/1740/1472 887/1741/1472 877/1742/1472
f 909/1743/1473 1217/1744/1473 1212/1745/1473
f 1209/1746/1474 1213/1719/1474 913/1747/1474
f 887/1741/1475 880/1740/1475 884/1730/1475
f 873/1702/1476 1217/1744/1476 1213/1719/1476
f 1213/1719/1477 874/1700/1477 873/1702/1477
f 882/1733/1478 876/1736/1478 886/1748/1478
f 884/1730/1479 888/1732/1479 1160/1749/1479
f 1160/1749/1480 887/1741/1481 884/1730/1482
f 878/1750/1483 880/1740/1483 877/1742/1483
f 890/1751/1484 1274/1752/1485 1273/1753/1486
f 892/1754/1487 1189/1755/1487 1249/1756/1487
f 1249/1756/1488 891/1757/1488 892/1754/1488
f 1240/1758/1489 1241/1759/1489 1189/1755/1489
f 1189/1755/1490 892/1754/1490 1240/1758/1490
f 2037/1760/1491 1276/1761/1491 1275/1762/1491
f 2145/1763/1492 837/752/1492 410/751/1492
f 2145/1763/1493 890/1751/1493 1235/1764/1493
f 1235/1764/1494 837/752/1494 2145/1763/1494
f 890/1765/1495 2145/1766/1495 2144/1767/1495
f 2038/1768/1496 2141/1769/1496 2037/1760/1496
f 2140/1770/1497 893/1771/1497 2144/1767/1497
f 893/1771/1498 1242/1772/1498 2144/1767/1498
f 893/1771/1499 2140/1770/1499 2037/1760/1499
f 895/1773/1500 891/1774/1500 2122/1775/1500
f 2122/1775/1501 1190/1776/1501 895/1773/1501
f 2143/1777/1502 1279/1778/1503 2141/1779/1504
f 895/1773/1505 1190/1776/1505 1191/1780/1505
f 1218/1781/1506 1219/1782/1506 1192/1783/1506
f 1192/1783/1507 894/1784/1507 1218/1781/1507
f 897/1785/1508 2037/1786/1508 2141/1787/1508
f 1225/1788/1509 1226/1789/1509 844/776/1509
f 844/776/1510 839/778/1510 1225/1788/1510
f 1227/1790/1511 896/1791/1511 2143/1777/1511
f 2143/1792/1512 2142/782/1512 1227/1793/1512
f 2142/782/1513 840/785/1513 1227/1793/1513
f 2140/1770/1514 2038/1768/1514 2037/1760/1514
f 896/1791/1515 1279/1778/1503 2143/1777/1502
f 895/1773/1516 1191/1780/1516 1219/1782/1516
f 838/786/1517 1236/1794/1518 847/787/1519
f 1248/1795/1520 1237/1796/1520 1236/1794/1520
f 1248/1795/1521 889/1797/1521 1237/1796/1521
f 838/786/1517 1248/1795/1522 1236/1794/1518
f 1225/1788/1523 1228/1798/1523 1186/1799/1523
f 1186/1799/1524 894/1784/1525 1225/1788/1526
f 1186/1799/1527 1228/1798/1527 1229/1800/1527
f 1237/1801/1528 1245/1802/1528 1243/1803/1528
f 1243/1803/1529 869/1804/1529 1237/1801/1529
f 1238/1805/1530 891/1757/1530 2121/1806/1530
f 891/1757/1531 1238/1805/1531 892/1754/1531
f 889/1807/1532 1240/1758/1532 1245/1802/1532
f 892/1754/1533 1238/1805/1534 1239/1808/1535
f 2121/1806/1536 919/1809/1536 2124/1810/1536
f 919/1723/1537 1187/1811/1537 1220/1812/1537
f 1186/1799/1538 1210/1813/1538 1215/1720/1538
f 1215/1720/1539 1220/1812/1539 1186/1799/1539
f 891/1757/1540 895/1814/1540 1187/1815/1540
f 1187/1815/1541 2121/1806/1541 891/1757/1541
f 1197/1816/1542 1201/1817/1542 1175/1818/1542
f 1175/1818/1543 899/1819/1543 1197/1816/1543
f 883/1729/1544 1171/1820/1544 1172/1821/1544
f 880/1822/1545 878/1726/1545 1251/1823/1545
f 2119/1824/1546 881/1825/1546 2120/1826/1546
f 2119/1827/1547 1171/1820/1547 883/1729/1547
f 1195/1828/1548 1202/1829/1548 1179/1830/1548
f 1179/1830/1549 905/1831/1550 1195/1828/1551
f 884/1730/1552 1174/1832/1552 885/1731/1552
f 1199/1833/1553 1203/1834/1554 1180/1835/1555
f 1180/1835/1556 903/1836/1556 1199/1833/1556
f 1250/1837/1557 1259/1838/1557 1257/1739/1557
f 1257/1739/1558 882/1738/1558 1250/1837/1558
f 884/1730/1559 880/1740/1559 1253/1839/1559
f 2123/1840/1560 1204/1841/1560 1181/1842/1560
f 1181/1842/1561 898/1843/1561 2123/1840/1561
f 883/1729/1562 1172/1821/1562 1252/1844/1562
f 1252/1844/1563 886/1727/1563 883/1729/1563
f 899/1845/1564 2057/1846/1564 2053/1847/1564
f 2057/1846/1565 899/1845/1565 1175/1848/1565
f 1175/1849/1566 898/1850/1566 2057/1851/1566
f 900/1852/1567 2053/1847/1567 2051/1853/1567
f 2053/1847/1568 900/1852/1568 1177/1854/1568
f 1177/1854/1569 899/1845/1569 2053/1847/1569
f 901/1855/1570 2051/1856/1570 2048/1857/1570
f 2051/1856/1571 901/1855/1571 1178/1858/1571
f 1178/1858/1572 900/1859/1572 2051/1856/1572
f 902/1860/1573 1207/1861/1573 2052/1862/1573
f 1207/1861/1574 902/1860/1574 1176/1863/1574
f 2048/1857/1575 1207/1861/1576 1176/1863/1577
f 2048/1857/1575 1176/1863/1577 901/1855/1578
f 903/1864/1579 2052/1862/1579 2055/1865/1579
f 2052/1862/1580 903/1864/1580 1180/1866/1580
f 1180/1866/1581 902/1860/1581 2052/1862/1581
f 2054/1867/1582 904/1868/1582 1182/1869/1582
f 1182/1869/1583 905/1831/1583 2054/1867/1583
f 904/1868/1584 2054/1867/1584 2058/1870/1584
f 2055/1871/1585 905/1831/1585 1179/1830/1585
f 1179/1830/1586 903/1836/1586 2055/1871/1586
f 905/1831/1587 2055/1871/1587 2054/1867/1587
f 898/1850/1588 2058/1870/1589 2057/1851/1590
f 2058/1870/1589 898/1850/1588 1181/1872/1591
f 1181/1872/1592 904/1868/1592 2058/1870/1592
f 881/1825/1593 1174/1873/1593 1185/1874/1593
f 886/1875/1594 1252/1876/1595 1250/1837/1596
f 1250/1877/1596 882/1733/1597 886/1748/1594
f 875/1878/1598 1268/1879/1598 906/1880/1598
f 907/1881/1599 868/1882/1600 908/1883/1601
f 2045/1884/1602 909/1743/1602 2047/1885/1602
f 2047/1885/1603 907/1881/1603 910/1886/1603
f 910/1887/1604 908/1888/1604 1260/1889/1604
f 911/1890/1605 912/1891/1605 875/1717/1605
f 1268/1879/1606 2039/1892/1606 906/1880/1606
f 911/1893/1607 875/1878/1607 906/1880/1607
f 1233/1715/1608 1231/1894/1608 1270/1895/1608
f 913/1747/1609 909/1743/1609 2043/1896/1609
f 914/1897/1610 915/1898/1610 1231/1894/1610
f 2040/1899/1611 916/1900/1611 2039/1901/1611
f 2046/1902/1612 917/1903/1612 2124/1810/1612
f 1211/1722/1613 2042/1904/1613 918/1905/1613
f 2042/1904/1614 1211/1722/1614 1209/1746/1614
f 1209/1746/1615 913/1747/1615 2043/1896/1615
f 2124/1810/1616 919/1809/1617 920/1906/1618
f 2042/1907/1619 2041/1908/1619 918/1909/1619
f 921/1910/1620 1261/1911/1620 2125/1912/1620
f 922/1913/1621 925/1914/1621 924/1915/1621
f 2047/1885/1622 2044/1916/1622 922/1913/1622
f 2039/1917/1623 916/1918/1623 906/1919/1623
f 2119/1824/1624 916/1900/1624 2040/1899/1624
f 881/1825/1625 2040/1899/1625 2042/1920/1625
f 2119/1824/1626 2040/1899/1626 881/1825/1626
f 2042/1904/1627 888/1732/1627 885/1731/1627
f 923/1921/1628 927/1922/1628 921/1910/1628
f 927/1922/1629 923/1921/1629 911/1890/1629
f 916/1923/1630 883/1924/1630 876/1925/1630
f 916/1900/1631 2119/1824/1631 883/1926/1631
f 911/1927/1632 926/1928/1632 927/1929/1632
f 926/1928/1633 911/1927/1633 906/1919/1633
f 2042/1920/1634 885/1930/1634 881/1825/1634
f 2043/1896/1635 2042/1904/1635 1209/1746/1635
f 2042/1904/1636 2043/1896/1636 888/1732/1636
f 2039/1901/1637 2041/1931/1637 2040/1899/1637
f 2040/1899/1638 2041/1931/1638 2042/1920/1638
f 1269/1932/1639 1270/1895/1639 2039/1933/1639
f 2039/1933/1640 1268/1934/1640 1269/1932/1640
f 917/1903/1641 2046/1902/1641 914/1897/1641
f 920/1906/1642 919/1809/1642 918/1909/1642
f 915/1898/1643 914/1897/1643 2046/1902/1643
f 918/1909/1644 2041/1908/1644 920/1906/1644
f 1211/1722/1645 918/1905/1645 919/1723/1645
f 1262/1935/1646 1261/1911/1647 921/1910/1646
f 921/1910/1646 929/1936/1648 1262/1935/1646
f 924/1915/1649 877/1742/1649 887/1741/1649
f 916/1937/1650 876/1938/1650 926/1939/1650
f 926/1928/1651 906/1919/1651 916/1918/1651
f 930/1940/1652 929/1936/1652 921/1910/1652
f 921/1941/1653 927/1929/1653 930/1942/1653
f 1160/1749/1480 924/1915/1654 887/1741/1481
f 1160/1749/1655 888/1732/1655 2043/1896/1655
f 926/1928/1656 876/1736/1656 927/1929/1656
f 930/1942/1657 927/1929/1657 876/1736/1657
f 923/1921/1658 912/1891/1658 911/1890/1658
f 2044/1943/1659 1263/1944/1660 2125/1912/1661
f 910/1886/1662 907/1881/1662 908/1883/1662
f 1254/1678/1663 1260/1889/1663 908/1888/1663
f 908/1888/1664 868/1683/1664 1254/1678/1664
f 2047/1885/1665 909/1743/1665 907/1881/1665
f 1160/1749/1666 2045/1884/1666 924/1915/1666
f 2043/1896/1667 909/1743/1667 2045/1884/1667
f 2045/1884/1668 1160/1749/1668 2043/1896/1668
f 920/1906/1669 2041/1908/1669 2046/1902/1669
f 2046/1902/1670 2124/1810/1616 920/1906/1618
f 2041/1908/1671 915/1898/1671 2046/1902/1671
f 915/1898/1672 2041/1908/1672 2039/1933/1672
f 1270/1895/1673 1231/1894/1673 915/1898/1673
f 915/1898/1674 2039/1933/1674 1270/1895/1674
f 930/1942/1675 879/1734/1675 929/1945/1675
f 1256/1725/1676 877/1724/1676 925/1946/1676
f 925/1946/1677 1262/1935/1677 1256/1725/1677
f 876/1736/1678 928/1735/1678 930/1942/1678
f 879/1734/1679 930/1942/1679 928/1735/1679
f 924/1915/1680 925/1914/1680 877/1742/1680
f 925/1946/1681 922/1947/1682 1261/1911/1681
f 2045/1884/1683 2047/1885/1683 924/1915/1683
f 922/1913/1684 924/1915/1684 2047/1885/1684
f 2044/1943/1659 910/1887/1685 1263/1944/1660
f 912/1891/1686 865/1675/1686 875/1717/1686
f 1260/1889/1687 865/1675/1687 912/1891/1687
f 912/1891/1688 1263/1944/1688 1260/1889/1688
f 2047/1885/1689 910/1886/1689 2044/1916/1689
f 2048/1948/1690 2051/1949/1690 931/1950/1690
f 932/1951/1691 933/1952/1691 2055/1953/1691
f 934/1954/1692 2052/1955/1692 1207/1956/1692
f 1207/1956/1693 2048/1957/1693 934/1954/1693
f 935/1958/1694 937/1959/1694 936/1960/1694
f 938/1961/1695 939/1962/1695 935/1963/1695
f 940/1964/1696 941/1965/1696 938/1961/1696
f 940/1964/1697 938/1961/1697 942/1966/1697
f 943/1967/1698 944/1968/1698 942/1969/1698
f 2056/1970/1699 944/1971/1699 943/1972/1699
f 945/1973/1700 935/1958/1700 936/1960/1700
f 946/1974/1701 2049/1975/1702 2050/1976/1703
f 2049/1975/1704 943/1972/1704 947/1977/1704
f 2049/1975/1705 947/1977/1705 2050/1976/1705
f 948/1978/1706 950/1979/1706 949/1980/1706
f 951/1981/1707 953/1982/1707 952/1983/1707
f 954/1984/1708 955/1985/1708 939/1962/1708
f 944/1986/1709 956/1987/1709 940/1988/1709
f 2056/1970/1710 2058/1989/1710 944/1971/1710
f 932/1951/1711 2055/1953/1711 957/1990/1711
f 957/1991/1712 937/1959/1712 955/1992/1712
f 958/1993/1713 935/1963/1713 945/1994/1713
f 939/1962/1714 938/1961/1714 941/1965/1714
f 958/1993/1715 947/1995/1715 942/1966/1715
f 958/1993/1716 942/1966/1716 938/1961/1716
f 942/1996/1717 944/1997/1717 940/1998/1717
f 959/1999/1718 961/2000/1718 960/2001/1718
f 960/2001/1719 945/1973/1719 959/1999/1719
f 958/1993/1720 963/2002/1720 962/2003/1720
f 962/2003/1721 947/1995/1721 958/1993/1721
f 945/1994/1722 960/2004/1722 963/2002/1722
f 963/2002/1723 958/1993/1723 945/1994/1723
f 948/1978/1724 949/1980/1724 964/2005/1724
f 948/2006/1725 965/2007/1725 959/1999/1725
f 966/2008/1726 951/1981/1726 952/1983/1726
f 2051/1949/1727 967/2009/1727 931/1950/1727
f 2052/2010/1728 957/1990/1728 2055/1953/1728
f 957/1991/1729 2052/1955/1729 934/1954/1729
f 933/2011/1730 944/1971/1730 2058/1989/1730
f 932/1951/1731 957/1990/1731 955/1985/1731
f 947/2012/1732 943/1967/1732 942/1969/1732
f 958/1993/1733 938/1961/1733 935/1963/1733
f 940/1964/1734 956/2013/1734 954/1984/1734
f 956/2013/1735 932/1951/1735 954/1984/1735
f 2049/1975/1736 2056/1970/1736 943/1972/1736
f 946/1974/1701 2050/1976/1703 2060/2014/1737
f 946/2015/1738 968/2016/1738 952/1983/1738
f 939/2017/1739 937/1959/1739 935/1958/1740
f 959/1999/1741 945/1973/1741 936/1960/1741
f 2057/2018/1742 967/2019/1742 2053/2020/1742
f 2051/2021/1743 2053/2022/1743 967/2023/1743
f 2054/2024/1744 2055/1953/1744 933/1952/1744
f 934/2025/1745 2048/1948/1745 931/1950/1745
f 969/2026/1746 931/2027/1746 967/2028/1746
f 950/2029/1747 936/1960/1747 937/1959/1747
f 934/1954/1748 950/2029/1749 937/1959/1750
f 959/1999/1751 936/1960/1751 950/2029/1751
f 969/2026/1752 2056/2030/1752 2049/2031/1752
f 967/2019/1753 2056/1970/1753 969/2032/1753
f 934/2033/1754 931/2034/1754 953/2035/1754
f 934/1954/1748 937/1959/1750 957/1991/1755
f 953/1982/1756 969/2026/1756 970/2036/1756
f 969/2026/1757 953/1982/1757 931/2027/1757
f 2060/2014/1758 947/1977/1758 962/2037/1758
f 947/1977/1759 2060/2014/1759 2050/1976/1759
f 2056/1970/1760 967/2019/1760 2057/2018/1760
f 2056/1970/1761 2057/2018/1761 2058/1989/1761
f 933/2011/1762 2058/1989/1762 2054/2038/1762
f 971/2039/1763 973/2040/1763 972/2041/1763
f 974/2042/1764 972/2043/1764 2059/2044/1764
f 2061/2045/1765 974/2042/1765 2059/2044/1765
f 975/2046/1766 976/2047/1766 971/2039/1766
f 977/2048/1767 2061/2049/1767 2059/2050/1767
f 978/2051/1768 977/2048/1768 979/2052/1768
f 980/2053/1769 977/2048/1769 2059/2050/1769
f 977/2048/1770 980/2053/1770 979/2052/1770
f 978/2054/1771 979/2055/1771 981/2056/1771
f 976/2057/1772 982/2058/1772 981/2056/1772
f 976/2047/1773 983/2059/1773 971/2039/1773
f 974/2060/1774 975/2046/1774 971/2039/1774
f 981/2056/1775 984/2061/1775 983/2062/1775
f 974/2060/1776 971/2039/1776 972/2041/1776
f 971/2039/1777 983/2059/1777 973/2040/1777
f 977/2048/1778 986/2063/1778 985/2064/1778
f 978/2051/1779 986/2063/1779 977/2048/1779
f 976/2057/1780 981/2056/1780 983/2062/1780
f 981/2056/1781 979/2055/1782 984/2061/1783
f 961/2000/1784 982/2058/1784 976/2057/1784
f 976/2057/1785 960/2001/1785 961/2000/1785
f 975/2046/1786 974/2060/1786 962/2003/1786
f 962/2003/1787 963/2002/1787 975/2046/1787
f 976/2047/1788 975/2046/1788 963/2002/1788
f 963/2002/1789 960/2004/1789 976/2047/1789
f 982/2065/1790 965/2066/1791 964/2005/1792
f 987/2067/1793 986/2063/1793 978/2051/1793
f 985/2064/1794 986/2063/1794 987/2067/1794
f 968/2016/1795 2060/2068/1795 2061/2049/1795
f 962/2037/1796 2061/2045/1796 2060/2014/1796
f 2061/2045/1797 962/2037/1797 974/2042/1797
f 987/2067/1798 949/2069/1798 988/2070/1798
f 950/2071/1799 953/1982/1799 949/2069/1799
f 978/2072/1800 964/2005/1800 987/2073/1800
f 949/1980/1801 987/2073/1801 964/2005/1801
f 965/2066/1802 948/1978/1802 964/2005/1802
f 959/1999/1803 950/2029/1803 948/2006/1803
f 982/2058/1804 961/2000/1804 965/2007/1804
f 965/2007/1805 961/2000/1805 959/1999/1805
f 964/2005/1792 978/2072/1806 982/2065/1790
f 982/2065/1807 978/2072/1807 981/2074/1807
f 987/2067/1808 988/2070/1808 951/1981/1808
f 953/1982/1809 970/2036/1809 952/1983/1809
f 985/2075/1810 966/2076/1810 2061/2077/1810
f 966/2008/1811 987/2067/1811 951/1981/1811
f 966/2008/1812 985/2064/1812 987/2067/1812
f 977/2078/1813 985/2075/1813 2061/2077/1813
f 988/2070/1814 953/1982/1814 951/1981/1814
f 988/2070/1815 949/2069/1815 953/1982/1815
f 953/1982/1816 950/2071/1816 934/2079/1816
f 970/2036/1817 969/2026/1817 2049/2031/1817
f 970/2036/1818 2049/2031/1818 946/2015/1818
f 968/2016/1819 946/2015/1819 2060/2068/1819
f 952/1983/1820 970/2036/1820 946/2015/1820
f 966/2076/1821 968/2080/1821 2061/2077/1821
f 968/2080/1822 966/2076/1822 952/2081/1822
f 989/2082/1823 980/2053/1823 2059/2050/1823
f 980/2053/1824 989/2082/1824 990/2083/1824
f 990/2084/1825 979/2055/1825 980/2085/1825
f 991/2086/1826 2071/2087/1826 2069/2088/1826
f 2070/2089/1827 2103/2090/1827 2071/2091/1827
f 992/2092/1828 994/2093/1829 993/2094/1830
f 995/2095/1831 994/2093/1831 996/2096/1831
f 997/2097/1832 999/2098/1832 998/2099/1832
f 1000/2100/1833 1001/2101/1833 997/2102/1833
f 1002/2103/1834 1001/2101/1834 1003/2104/1834
f 1004/2105/1835 2078/2106/1835 1005/2107/1835
f 2067/2108/1836 1006/2109/1836 2066/2110/1836
f 2065/2111/1837 2066/2112/1837 1007/2113/1837
f 1008/2114/1838 2077/2115/1838 2078/2106/1838
f 1005/2116/1839 1009/2117/1840 1004/2118/1841
f 1010/2119/1842 1004/2118/1842 1009/2117/1842
f 1011/2120/1843 2062/2121/1843 1012/2122/1843
f 2062/2121/1844 1011/2120/1844 1013/2123/1844
f 1014/2124/1845 2067/2125/1845 1015/2126/1845
f 973/2040/1846 983/2059/1846 1002/2103/1846
f 972/2041/1847 973/2040/1847 1002/2103/1847
f 1002/2103/1848 1003/2104/1848 972/2041/1848
f 1016/2127/1849 972/2128/1850 1003/2129/1851
f 2107/2130/1852 1017/2131/1852 989/2082/1852
f 990/2083/1853 989/2082/1853 1017/2131/1853
f 2104/2132/1854 1018/2133/1854 2110/2134/1854
f 1017/2131/1855 2107/2130/1855 1019/2135/1855
f 1020/2136/1856 1022/2137/1856 1021/2138/1856
f 1023/2139/1857 1025/2140/1857 1024/2141/1857
f 1026/2142/1858 1027/2143/1858 2108/2144/1858
f 1027/2143/1859 1026/2142/1859 1028/2145/1859
f 1029/2146/1860 2105/2147/1860 2108/2144/1860
f 1029/2146/1861 2108/2144/1861 1027/2143/1861
f 1030/2148/1862 1029/2146/1862 1027/2143/1862
f 1029/2146/1863 1031/2149/1863 2105/2147/1863
f 1031/2149/1864 1029/2146/1864 1030/2148/1864
f 2068/2150/1865 1032/2151/1865 1018/2133/1865
f 1032/2151/1866 2068/2150/1866 2106/2152/1866
f 1033/2153/1867 1034/2154/1867 1022/2155/1867
f 1034/2156/1868 1033/2157/1868 2071/2087/1868
f 2071/2091/1869 1033/2158/1869 2072/2159/1869
f 1035/2160/1870 2070/2161/1870 1036/2162/1870
f 2072/2159/1871 1036/2163/1871 2070/2089/1871
f 1037/2164/1872 993/2094/1872 994/2093/1872
f 1030/2148/1873 1027/2143/1873 990/2165/1873
f 1028/2145/1874 990/2165/1874 1027/2143/1874
f 1002/2103/1875 983/2059/1875 1038/2166/1875
f 1039/2167/1876 1038/2168/1876 1040/2169/1876
f 1039/2170/1877 999/2171/1877 1001/2101/1877
f 1010/2119/1878 1041/2172/1878 1004/2118/1878
f 1028/2173/1879 1004/2174/1879 1041/2175/1879
f 2078/2106/1880 1004/2105/1880 2074/2176/1880
f 2074/2176/1881 1004/2105/1881 1026/2177/1881
f 1026/2177/1882 1004/2105/1882 1028/2178/1882
f 1042/2179/1883 1043/2180/1883 1025/2140/1883
f 994/2093/1884 1042/2179/1884 1037/2164/1884
f 992/2092/1885 1016/2181/1885 1044/2182/1885
f 1000/2183/1886 1044/2182/1886 1016/2181/1886
f 1045/2184/1887 1047/2185/1887 1046/2186/1887
f 998/2099/1888 1048/2187/1888 997/2097/1888
f 1048/2187/1889 1046/2186/1889 1049/2188/1889
f 1046/2186/1890 1047/2185/1890 1049/2188/1890
f 1045/2184/1891 1051/2189/1891 1050/2190/1891
f 1012/2191/1892 2062/2192/1892 1052/2193/1892
f 1053/2194/1893 2062/2192/1893 2063/2195/1893
f 1054/2196/1894 2063/2197/1894 1013/2123/1894
f 2064/2198/1895 1055/2199/1895 2076/2200/1895
f 1055/2199/1896 2064/2198/1896 2067/2125/1896
f 2064/2198/1897 1056/2201/1897 2067/2125/1897
f 1056/2201/1898 2064/2198/1898 1057/2202/1898
f 2065/2203/1899 1059/2204/1899 1058/2205/1899
f 1058/2206/1900 1060/2207/1900 2065/2208/1900
f 2073/2209/1901 1062/2210/1901 1061/2211/1901
f 1061/2212/1902 1063/2213/1902 2073/2214/1902
f 2084/2215/1903 1065/2216/1903 1064/2217/1903
f 1064/2218/1904 1066/2219/1904 2084/2220/1904
f 2066/2221/1905 1067/2222/1905 2067/2125/1905
f 1015/2126/1906 2067/2125/1906 1067/2222/1906
f 1007/2223/1907 1006/2109/1907 1068/2224/1907
f 1069/2225/1908 1070/2226/1908 2076/2200/1908
f 1069/2227/1909 1071/2228/1910 1070/2229/1911
f 1070/2229/1911 1071/2228/1910 1072/2230/1912
f 1012/2191/1913 1052/2193/1913 1073/2231/1913
f 2076/2200/1914 2075/2232/1914 1057/2202/1914
f 1028/2173/1915 1041/2175/1915 1074/2233/1915
f 979/2055/1916 990/2084/1916 1028/2173/1916
f 1061/2211/1917 1062/2210/1917 1075/2234/1917
f 1058/2235/1918 1077/2236/1918 1076/2237/1918
f 1076/2237/1919 1066/2238/1919 1064/2239/1919
f 1076/2237/1920 1077/2236/1920 1066/2238/1920
f 1064/2217/1921 1079/2240/1921 1078/2241/1921
f 1078/2242/1922 1063/2213/1922 1061/2212/1922
f 1078/2241/1923 1079/2240/1924 1063/2243/1925
f 1041/2172/1926 1010/2119/1926 1060/2244/1926
f 1060/2244/1927 1058/2245/1927 1041/2172/1927
f 983/2062/1928 984/2061/1928 1040/2169/1928
f 1061/2246/1929 1040/2169/1929 1080/2247/1929
f 1080/2247/1930 984/2061/1930 1081/2248/1930
f 1076/2249/1931 1064/2250/1931 1081/2251/1931
f 1082/2252/1932 1076/2253/1932 1081/2248/1932
f 1081/2248/1933 1064/2254/1933 1078/2255/1933
f 1076/2253/1934 1082/2252/1934 1074/2233/1934
f 1028/2173/1935 1074/2233/1935 979/2055/1935
f 1009/2117/1936 1060/2244/1936 1010/2119/1936
f 1067/2256/1937 1009/2117/1937 1015/2257/1937
f 1055/2258/1938 1011/2120/1939 1069/2227/1940
f 1011/2120/1941 1055/2258/1941 1013/2123/1941
f 1015/2257/1942 1054/2196/1942 1014/2259/1942
f 1013/2123/1943 1014/2259/1943 1054/2196/1943
f 2103/2260/1944 1084/2261/1944 1083/2262/1944
f 2059/2263/1945 993/2264/1945 989/2265/1945
f 1037/2266/1946 989/2082/1946 993/2267/1946
f 989/2082/1947 1042/2268/1947 2107/2130/1947
f 1042/2268/1948 989/2082/1948 1037/2266/1948
f 2110/2269/1949 1022/2155/1949 2104/2270/1949
f 1024/2271/1950 2107/2130/1950 1023/2272/1950
f 1034/2154/1951 2068/2273/1951 1022/2155/1951
f 2068/2273/1952 1034/2154/1952 2106/2274/1952
f 1030/2275/1953 990/2276/1953 1017/2277/1953
f 1085/2278/1954 1086/2279/1954 1031/2149/1954
f 1086/2280/1955 1085/2281/1955 1019/2135/1955
f 1032/2282/1956 1086/2279/1956 1018/2283/1956
f 1036/2162/1957 1032/2282/1957 1035/2160/1957
f 1083/2284/1958 991/2086/1958 2069/2088/1958
f 2103/2260/1959 2070/2161/1959 1035/2160/1959
f 1084/2261/1960 2103/2260/1960 1035/2160/1960
f 995/2095/1961 1026/2285/1961 1025/2140/1961
f 2108/2286/1962 1025/2140/1962 1026/2285/1962
f 2108/2287/1963 1021/2288/1963 1025/2289/1963
f 1020/2290/1964 1021/2288/1964 2105/2291/1964
f 2071/2091/1965 2072/2159/1965 2070/2089/1965
f 1025/2140/1966 1043/2180/1966 995/2095/1966
f 992/2092/1967 996/2096/1967 994/2093/1967
f 1016/2127/1849 1003/2129/1851 1000/2292/1968
f 1016/2127/1969 993/2264/1969 972/2128/1969
f 2059/2263/1970 972/2128/1970 993/2264/1970
f 992/2092/1828 993/2094/1830 1016/2181/1971
f 1048/2187/1972 2073/2293/1972 1046/2186/1972
f 1046/2186/1973 2084/2294/1973 1045/2184/1973
f 1045/2184/1974 2065/2111/1974 1051/2189/1974
f 1051/2189/1975 2065/2111/1975 1007/2113/1975
f 2074/2295/1976 1051/2189/1976 2078/2296/1976
f 1007/2113/1977 1068/2297/1977 1051/2189/1977
f 1051/2189/1978 2074/2295/1978 1050/2190/1978
f 1026/2298/1979 995/2299/1979 996/2300/1979
f 1070/2301/1980 1073/2302/1980 2075/2303/1980
f 2076/2304/1981 1070/2301/1981 2075/2303/1981
f 1073/2302/1982 1070/2301/1982 1072/2305/1982
f 1073/2302/1983 1057/2306/1983 2075/2303/1983
f 1049/2188/1984 1047/2185/1984 1044/2182/1984
f 992/2092/1985 1044/2182/1985 996/2096/1985
f 1000/2100/1986 1003/2104/1986 1001/2101/1986
f 997/2097/1987 1049/2188/1987 1000/2183/1987
f 1001/2101/1988 1002/2103/1988 1038/2166/1988
f 1001/2101/1989 999/2171/1989 997/2102/1989
f 1000/2183/1990 1049/2188/1990 1044/2182/1990
f 1048/2187/1991 1049/2188/1991 997/2097/1991
f 1050/2190/1992 2074/2295/1992 1026/2285/1992
f 1026/2285/1993 996/2096/1993 1050/2190/1993
f 1050/2190/1994 996/2096/1994 1047/2185/1994
f 1045/2184/1995 1050/2190/1995 1047/2185/1995
f 1047/2185/1996 996/2096/1996 1044/2182/1996
f 1041/2175/1997 1058/2307/1997 1074/2233/1997
f 1076/2253/1998 1074/2233/1998 1058/2307/1998
f 1080/2247/1999 1081/2248/1999 1078/2255/1999
f 979/2055/1782 1081/2248/2000 984/2061/1783
f 1040/2169/2001 984/2061/2001 1080/2247/2001
f 1039/2167/2002 1040/2169/2002 1087/2308/2002
f 979/2055/1782 1082/2252/2000 1081/2248/2000
f 1074/2233/2003 1082/2252/2003 979/2055/2003
f 1061/2212/2004 1080/2309/2004 1078/2242/2004
f 1071/2228/2005 1069/2227/1940 1011/2120/1939
f 1071/2228/2006 1011/2120/2006 1012/2122/2006
f 1014/2259/2007 1013/2123/2007 1055/2258/2007
f 1014/2124/2008 1055/2199/2008 2067/2125/2008
f 2062/2192/2009 1053/2194/2009 1052/2193/2009
f 2063/2197/2010 2062/2121/2010 1013/2123/2010
f 1006/2310/2011 2067/2125/2011 1056/2201/2011
f 1006/2311/2012 1053/2312/2012 1008/2313/2012
f 2076/2200/2013 1057/2202/2013 2064/2198/2013
f 2076/2200/2014 1055/2199/2014 1069/2225/2014
f 2063/2197/2015 1054/2196/2015 1005/2116/2015
f 1005/2107/2016 2078/2106/2016 2077/2115/2016
f 1054/2196/2017 1015/2257/2017 1009/2117/2017
f 1009/2117/1840 1005/2116/1839 1054/2196/2018
f 1060/2244/2019 1009/2117/2019 1067/2256/2019
f 1067/2222/2020 2066/2221/2021 1060/2207/2021
f 2065/2208/2021 1060/2207/2021 2066/2221/2021
f 1006/2109/2022 1007/2223/2022 2066/2110/2022
f 1005/2107/2023 2077/2115/2023 2063/2195/2023
f 2077/2115/2024 1008/2114/2024 2063/2195/2024
f 1052/2314/2025 1057/2315/2025 1073/2316/2025
f 1052/2314/2026 1053/2312/2026 1057/2315/2026
f 1053/2312/2027 1056/2317/2027 1057/2315/2027
f 1056/2317/2028 1053/2312/2028 1006/2311/2028
f 1008/2114/2029 1053/2194/2029 2063/2195/2029
f 1006/2318/2030 1008/2319/2030 1068/2320/2030
f 1068/2321/2031 2078/2106/2031 1051/2322/2031
f 1068/2321/2032 1008/2114/2032 2078/2106/2032
f 1059/2204/2033 2065/2203/2033 1088/2323/2033
f 2083/2324/2034 1089/2325/2034 2082/2326/2034
f 2084/2327/2035 2082/2328/2035 1090/2329/2035
f 1091/2330/2036 2088/2331/2036 1092/2332/2036
f 1088/2333/2037 1093/2334/2038 1059/2335/2039
f 1077/2236/2040 1059/2335/2040 1093/2334/2040
f 1094/2336/2041 2080/2337/2041 2079/2338/2041
f 2080/2337/2042 1094/2336/2042 1095/2339/2042
f 1096/2340/2043 2083/2341/2043 1097/2342/2043
f 2079/2343/2044 2080/2344/2044 1098/2345/2044
f 1099/2346/2045 2080/2344/2045 2086/2347/2045
f 1100/2348/2046 2086/2349/2046 1095/2339/2046
f 2081/2350/2047 1101/2351/2047 2087/2352/2047
f 1101/2351/2048 2081/2350/2048 2083/2341/2048
f 2081/2353/2049 1102/2354/2049 2083/2355/2049
f 1102/2356/2050 2081/2350/2050 1103/2357/2050
f 2082/2358/2051 1104/2359/2051 2083/2341/2051
f 1097/2342/2052 2083/2341/2052 1104/2359/2052
f 1090/2360/2053 1089/2361/2053 1092/2362/2053
f 1105/2363/2054 1106/2364/2054 2087/2352/2054
f 1105/2365/2055 1107/2366/2055 1106/2367/2055
f 1106/2367/2056 1107/2366/2056 1108/2368/2056
f 2079/2343/2057 1098/2345/2057 1109/2369/2057
f 2087/2370/2058 2085/2371/2058 1103/2372/2058
f 1093/2334/2059 1066/2238/2059 1077/2236/2059
f 1104/2373/2060 1093/2334/2061 1097/2374/2062
f 1101/2375/2063 1094/2336/2063 1105/2365/2063
f 1094/2336/2064 1101/2375/2064 1095/2339/2064
f 1097/2374/2065 1100/2348/2065 1096/2376/2065
f 1095/2339/2066 1096/2376/2066 1100/2348/2066
f 1045/2184/2067 2084/2294/2067 1090/2377/2067
f 1090/2377/2068 1092/2378/2068 1045/2184/2068
f 1106/2379/2069 1109/2380/2069 2085/2371/2069
f 2087/2370/2070 1106/2379/2070 2085/2371/2070
f 1109/2381/2071 1106/2382/2071 1108/2383/2071
f 1109/2380/2072 1103/2372/2072 2085/2371/2072
f 1107/2366/2073 1105/2365/2073 1094/2336/2073
f 1107/2366/2074 1094/2336/2074 2079/2338/2074
f 1096/2376/2075 1095/2339/2075 1101/2375/2075
f 1096/2340/2076 1101/2351/2076 2083/2341/2076
f 2080/2344/2077 1099/2346/2077 1098/2345/2077
f 2086/2349/2078 2080/2337/2078 1095/2339/2078
f 1089/2384/2079 2083/2385/2079 1102/2386/2079
f 1089/2361/2080 1099/2387/2080 1091/2388/2080
f 2087/2352/2081 1103/2357/2081 2081/2350/2081
f 2087/2352/2082 1101/2351/2082 1105/2363/2082
f 2086/2349/2083 1100/2348/2083 1088/2333/2083
f 1088/2323/2084 2065/2203/2084 2088/2331/2084
f 1100/2348/2085 1097/2374/2085 1093/2334/2085
f 1093/2334/2038 1088/2333/2037 1100/2348/2086
f 1066/2238/2087 1093/2334/2061 1104/2373/2060
f 1104/2359/2088 2082/2358/2088 1066/2219/2088
f 2084/2220/2089 1066/2219/2089 2082/2358/2089
f 1089/2389/2090 1090/2390/2090 2082/2391/2090
f 1088/2323/2091 2088/2331/2091 2086/2347/2091
f 2088/2331/2092 1091/2330/2092 2086/2347/2092
f 1098/2392/2093 1103/2372/2093 1109/2380/2093
f 1098/2392/2094 1099/2387/2094 1103/2372/2094
f 1099/2387/2095 1102/2393/2095 1103/2372/2095
f 1102/2393/2096 1099/2387/2096 1089/2361/2096
f 1091/2330/2097 1099/2346/2097 2086/2347/2097
f 1089/2361/2098 1091/2388/2098 1092/2362/2098
f 1092/2378/2099 2065/2111/2099 1045/2184/2099
f 1092/2378/2100 2088/2394/2100 2065/2111/2100
f 1077/2236/2101 1058/2235/2101 1059/2335/2101
f 1065/2216/2102 2084/2215/2102 1110/2395/2102
f 2089/2396/2103 1111/2397/2103 2091/2398/2103
f 2073/2293/2104 2091/2399/2104 1112/2400/2104
f 1113/2401/2105 1115/2402/2106 1114/2403/2107
f 1110/2395/2108 1116/2404/2108 1065/2216/2108
f 1079/2240/2109 1065/2216/2109 1116/2404/2109
f 1117/2405/2110 2090/2406/2110 1118/2407/2110
f 2090/2406/2111 1117/2405/2111 1119/2408/2111
f 1120/2409/2112 2089/2410/2112 1121/2411/2112
f 1118/2412/2113 2090/2413/2114 1122/2414/2115
f 1123/2415/2116 2090/2413/2116 2095/2416/2116
f 1124/2417/2117 2095/2418/2117 1119/2408/2117
f 1125/2419/2118 1126/2420/2118 2092/2421/2118
f 1126/2420/2119 1125/2419/2120 2089/2410/2121
f 1125/2422/2122 1127/2423/2122 2089/2396/2122
f 1127/2423/2123 1125/2422/2123 1128/2424/2123
f 2091/2425/2124 1129/2426/2124 2089/2410/2124
f 1121/2411/2125 2089/2410/2125 1129/2426/2125
f 1112/2427/2126 1111/2397/2126 1114/2428/2126
f 1130/2429/2127 1131/2430/2127 2092/2421/2127
f 1130/2431/2128 1132/2432/2128 1131/2433/2128
f 1133/2434/2129 1132/2432/2129 1118/2407/2129
f 1118/2412/2130 1122/2414/2130 2093/2435/2130
f 2092/2436/2131 2094/2437/2131 1128/2424/2131
f 1116/2404/2132 1063/2243/1925 1079/2240/1924
f 1129/2438/2133 1116/2404/2134 1121/2439/2135
f 1126/2440/2136 1117/2405/2137 1130/2431/2138
f 1117/2405/2139 1126/2440/2139 1119/2408/2139
f 1121/2439/2140 1124/2417/2140 1120/2441/2140
f 1119/2408/2141 1120/2441/2141 1124/2417/2141
f 1046/2186/2142 2073/2293/2142 1112/2400/2142
f 1112/2400/2143 1114/2442/2143 1046/2186/2143
f 1131/2443/2144 2093/2444/2144 2094/2437/2144
f 2092/2436/2145 1131/2443/2145 2094/2437/2145
f 2093/2435/2146 1133/2445/2146 1118/2412/2146
f 2093/2444/2147 1128/2424/2147 2094/2437/2147
f 1132/2432/2148 1130/2431/2138 1117/2405/2137
f 1132/2432/2149 1117/2405/2149 1118/2407/2149
f 1120/2441/2150 1119/2408/2150 1126/2440/2150
f 1120/2409/2151 1126/2420/2119 2089/2410/2121
f 2090/2413/2114 1123/2415/2152 1122/2414/2115
f 2095/2418/2153 2090/2406/2153 1119/2408/2153
f 1111/2446/2154 2089/2447/2154 1127/2448/2154
f 1111/2397/2155 1123/2449/2155 1113/2450/2155
f 2092/2436/2156 1128/2424/2156 1125/2422/2156
f 2092/2421/2157 1126/2420/2157 1130/2429/2157
f 2095/2418/2158 1124/2417/2158 1110/2395/2158
f 1110/2451/2159 2084/2452/2159 1115/2402/2159
f 1124/2417/2160 1121/2439/2135 1116/2404/2134
f 1116/2404/2161 1110/2395/2161 1124/2417/2161
f 1063/2243/1925 1116/2404/2132 1129/2438/2162
f 1129/2426/2163 2091/2425/2163 1063/2213/2163
f 2073/2214/2164 1063/2213/2164 2091/2425/2164
f 1111/2397/2165 1112/2427/2165 2091/2398/2165
f 1110/2451/2166 1115/2402/2166 2095/2416/2166
f 1115/2402/2106 1113/2401/2105 2095/2416/2167
f 1122/2453/2168 1128/2424/2168 2093/2444/2168
f 1122/2453/2169 1123/2449/2169 1128/2424/2169
f 1123/2449/2170 1127/2423/2170 1128/2424/2170
f 1127/2423/2171 1123/2449/2171 1111/2397/2171
f 1113/2401/2172 1123/2415/2172 2095/2416/2172
f 1111/2397/2173 1113/2450/2173 1114/2428/2173
f 1114/2403/2174 2084/2452/2174 1046/2454/2174
f 1114/2403/2175 1115/2402/2175 2084/2452/2175
f 1079/2240/2176 1064/2217/2176 1065/2216/2176
f 1062/2455/2177 2073/2456/2177 1134/2457/2177
f 2096/2458/2178 1135/2459/2178 2101/2460/2178
f 999/2171/2179 2101/2461/2179 1136/2462/2179
f 1137/2463/2180 2100/2464/2180 1138/2465/2180
f 1134/2466/2181 1139/2467/2181 1062/2210/2181
f 1075/2234/2182 1062/2210/2182 1139/2467/2182
f 1140/2468/2183 1142/2469/2183 1141/2470/2183
f 1142/2469/2184 1140/2468/2184 1143/2471/2184
f 1144/2472/2185 2096/2473/2186 1145/2474/2186
f 1141/2475/2187 1142/2476/2187 1146/2477/2187
f 1147/2478/2188 1142/2476/2188 2102/2479/2188
f 1148/2480/2189 2102/2481/2189 1143/2471/2189
f 2099/2482/2190 1149/2483/2190 2098/2484/2190
f 1149/2483/2191 2099/2482/2191 2096/2473/2191
f 2099/2485/2192 1150/2486/2192 2096/2458/2192
f 1150/2487/2193 2099/2482/2193 1151/2488/2193
f 2101/2461/2194 1152/2489/2195 2096/2473/2196
f 1145/2474/2186 2096/2473/2186 1152/2489/2197
f 1136/2490/2198 1135/2491/2198 1138/2492/2198
f 1153/2493/2199 1154/2494/2199 2098/2484/2199
f 1153/2495/2200 1155/2496/2200 1154/2497/2200
f 1156/2498/2201 1155/2496/2201 1141/2470/2201
f 1141/2475/2202 1146/2477/2202 2109/2499/2202
f 2098/2484/2203 2097/2500/2203 1151/2488/2203
f 1152/2489/2204 1157/2501/2204 1075/2502/2204
f 1152/2503/2205 1139/2467/2205 1145/2504/2205
f 1149/2505/2206 1140/2468/2207 1153/2495/2208
f 1140/2468/2207 1149/2505/2206 1143/2471/2209
f 1145/2504/2210 1148/2480/2210 1144/2506/2210
f 1143/2471/2211 1144/2506/2211 1148/2480/2211
f 998/2507/2212 999/2508/2212 1136/2509/2212
f 1136/2490/2213 1138/2492/2213 998/2510/2213
f 1154/2511/2214 2109/2512/2214 2097/2513/2214
f 2098/2514/2215 1154/2511/2215 2097/2513/2215
f 2109/2499/2216 1156/2515/2216 1141/2475/2216
f 2109/2516/2217 1151/2517/2217 2097/2518/2217
f 1155/2496/2218 1153/2495/2208 1140/2468/2207
f 1155/2496/2219 1140/2468/2219 1141/2470/2219
f 1144/2506/2220 1143/2471/2220 1149/2505/2220
f 1144/2472/2221 1149/2483/2221 2096/2473/2221
f 1142/2476/2222 1147/2478/2222 1146/2477/2222
f 2102/2481/2223 1142/2469/2223 1143/2471/2223
f 1135/2459/2224 2096/2458/2224 1150/2486/2224
f 1135/2459/2225 1147/2519/2225 1137/2520/2225
f 2098/2484/2226 1151/2488/2226 2099/2482/2226
f 2098/2484/2227 1149/2483/2227 1153/2493/2227
f 2102/2481/2228 1148/2480/2228 1134/2466/2228
f 1134/2457/2229 2073/2456/2229 2100/2464/2229
f 1148/2480/2230 1145/2504/2230 1139/2467/2230
f 1139/2467/2231 1134/2466/2231 1148/2480/2231
f 1075/2234/2232 1139/2467/2232 1152/2503/2232
f 1152/2489/2195 2101/2461/2194 1157/2501/2233
f 999/2171/2234 1157/2501/2234 2101/2461/2234
f 1135/2521/2235 1136/2462/2235 2101/2461/2235
f 1134/2457/2236 2100/2464/2236 2102/2479/2236
f 2100/2464/2237 1137/2463/2237 2102/2479/2237
f 1146/2522/2238 1151/2517/2238 2109/2516/2238
f 1146/2522/2239 1147/2519/2239 1151/2517/2239
f 1147/2519/2240 1150/2486/2240 1151/2517/2240
f 1150/2486/2241 1147/2519/2241 1135/2459/2241
f 1137/2463/2242 1147/2478/2242 2102/2479/2242
f 1135/2491/2243 1137/2523/2243 1138/2492/2243
f 1138/2465/2244 2073/2456/2244 998/2524/2244
f 1138/2465/2245 2100/2464/2245 2073/2456/2245
f 1157/2501/2246 999/2171/2246 1039/2170/2246
f 2073/2293/2247 1048/2187/2247 998/2099/2247
f 1075/2502/2248 1157/2501/2248 1158/2525/2248
f 1075/2234/2249 1158/2526/2249 1061/2211/2249
f 1001/2101/2250 1038/2166/2250 1039/2170/2250
f 1038/2166/2251 983/2059/2251 1040/2527/2251
f 2106/2528/2252 991/2086/2252 1083/2284/2252
f 1083/2529/2253 1084/2530/2253 2106/2152/2253
f 1083/2262/2254 2069/2531/2254 2103/2260/2254
f 2069/2088/2255 2071/2087/2255 2103/2532/2255
f 1031/2149/2256 1086/2279/2256 1036/2162/2256
f 1036/2162/2257 2072/2533/2257 1031/2149/2257
f 1084/2261/2258 1035/2160/2258 1032/2282/2258
f 1084/2530/2259 1032/2151/2259 2106/2152/2259
f 2104/2270/2260 1022/2155/2260 2068/2273/2260
f 2104/2132/2261 2068/2150/2261 1018/2133/2261
f 2105/2291/2262 1031/2534/2262 2072/2159/2262
f 1033/2158/2263 2105/2291/2263 2072/2159/2263
f 1033/2158/2264 1020/2290/2264 2105/2291/2264
f 1020/2535/2265 1033/2153/2265 1022/2155/2265
f 991/2086/2266 2106/2528/2266 1034/2156/2266
f 991/2086/2267 1034/2156/2267 2071/2087/2267
f 1086/2279/2268 1032/2282/2268 1036/2162/2268
f 1019/2135/2269 1085/2281/2269 1017/2131/2269
f 1023/2272/2270 2107/2130/2270 1042/2268/2270
f 1023/2139/2271 1042/2179/2271 1025/2140/2271
f 1021/2288/2272 2108/2287/2272 2105/2291/2272
f 1021/2138/2273 1024/2141/2273 1025/2140/2273
f 1022/2536/2274 2110/2134/2274 1024/2271/2274
f 1024/2141/2275 1021/2138/2275 1022/2137/2275
f 1154/2497/2276 1155/2496/2276 1156/2498/2276
f 2109/2512/2277 1154/2511/2277 1156/2537/2277
f 1131/2433/2278 1132/2432/2278 1133/2434/2278
f 2093/2538/2279 1131/2539/2279 1133/2540/2279
f 1109/2369/2280 1108/2541/2280 2079/2343/2280
f 1108/2368/2281 1107/2366/2281 2079/2338/2281
f 1073/2231/2282 1072/2542/2282 1012/2191/2282
f 1072/2230/2283 1071/2228/2283 1012/2122/2283
f 1087/2308/2284 1040/2169/2284 1061/2246/2284
f 1087/2543/2285 1157/2501/2285 1039/2170/2285
f 1043/2180/1966 994/2093/1966 995/2095/1966
f 1042/2179/1883 994/2093/2286 1043/2180/1883
f 1085/2544/2287 1030/2275/2287 1017/2277/2287
f 1030/2148/2288 1085/2278/2288 1031/2149/2288
f 1018/2133/2289 1086/2280/2289 1019/2135/2289
f 1019/2135/2290 2110/2134/2290 1018/2133/2290
f 2107/2130/2291 1024/2271/2291 2110/2134/2291
f 2110/2134/2292 1019/2135/2292 2107/2130/2292
f 1158/2545/2293 1087/2308/2293 1061/2246/2293
f 1158/2525/2294 1157/2501/2294 1087/2543/2294
f 932/1951/2295 955/1985/2295 954/1984/2295
f 955/1992/2296 937/1959/1739 939/2017/1739
f 940/1964/2297 954/1984/2297 1159/2546/2297
f 1159/2546/2298 954/1984/2298 939/1962/2298
f 956/2013/2299 933/1952/2299 932/1951/2299
f 944/1986/2300 933/2547/2300 956/1987/2300
f 939/1962/2301 941/1965/2301 1159/2546/2301
f 940/1964/2302 1159/2546/2302 941/1965/2302
f 1161/2548/2303 2111/2549/2303 2113/2550/2303
f 1168/2551/2304 2112/2552/2304 2111/2553/2304
f 2111/2553/2305 1163/2554/2305 1168/2551/2305
f 1162/2555/2306 1168/2556/2306 1163/2557/2306
f 1163/2557/2307 1164/2558/2307 1162/2555/2307
f 1161/2559/2308 2114/1552/2308 720/1551/2308
f 1161/2560/2309 2113/2561/2309 2114/2562/2309
f 1170/1671/2310 2115/2563/2310 1165/1668/2310
f 1169/2564/2311 2117/2565/2311 2118/2566/2311
f 2115/2563/2312 2112/2552/2313 1168/2551/2314
f 1168/2551/2314 1165/1668/2315 2115/2563/2312
f 1165/1668/2316 1168/2551/2316 1162/1673/2316
f 1162/1673/2317 1166/1669/2317 1165/1668/2317
f 2116/1561/2318 2117/2565/2318 1169/2564/2318
f 1169/2564/2319 726/1562/2319 2116/1561/2319
f 726/1565/2320 1169/1688/2320 1167/1687/2320
f 1167/1687/2321 828/642/2321 726/1565/2321
f 1169/2564/2322 2118/2566/2322 1170/1671/2322
f 1170/1671/2323 2118/2566/2323 2115/2563/2323
f 1163/2554/2324 2111/2553/2324 1161/2567/2324
f 1164/2558/2325 1163/2557/2325 1161/2568/2325
f 1161/2568/2326 860/2569/2326 1164/2558/2326
f 1171/2570/2327 2119/1824/2327 2120/1826/2327
f 1173/2571/2328 1196/2572/2328 1264/2573/2328
f 1171/1820/2329 1197/2574/2329 1205/2575/2329
f 1174/1832/2330 884/1730/2330 1253/1839/2330
f 1253/1839/2331 1183/2576/2331 1174/1832/2331
f 1183/2576/2332 1253/1839/2332 1251/2577/2332
f 1251/2577/2333 1184/2578/2333 1183/2576/2333
f 2120/1826/2334 881/1825/2334 1185/1874/2334
f 1174/1873/2335 881/1825/2335 885/1930/2335
f 1174/1832/2336 1195/2579/2336 1206/2580/2336
f 1206/2581/2337 1185/2582/2337 1174/2583/2337
f 2120/1826/2338 2123/1840/2338 1201/2584/2338
f 1183/2576/2339 1199/2585/2339 1202/2586/2339
f 1184/2587/2340 1194/2588/2340 1203/2589/2340
f 1185/1874/2341 1200/2590/2341 1204/1841/2341
f 1176/2591/2342 902/2592/2343 1194/2593/2344
f 1194/2594/2345 1264/2595/2345 1176/2596/2345
f 1177/2597/2346 900/2598/2346 1198/2599/2346
f 1198/2600/2347 1205/2601/2347 1177/2602/2347
f 1178/2603/2348 901/2604/2348 1196/2605/2348
f 1196/2606/2349 1198/2607/2349 1178/2608/2349
f 1200/2609/2350 1206/2610/2350 1182/1869/2350
f 1182/2611/2351 904/2612/2351 1200/2590/2351
f 1187/1811/2352 895/1773/2352 1218/1781/2352
f 1187/1811/2353 1218/1781/2353 1220/1812/2353
f 1187/1815/2354 919/1809/2354 2121/1806/2354
f 1248/1795/2355 843/1599/2355 1234/2613/2355
f 889/1797/2356 1248/1795/2356 1234/2613/2356
f 1188/2614/2357 889/1807/2357 1234/2615/2357
f 1242/1772/2358 1277/2616/2358 1274/2617/2358
f 1190/2618/2359 2122/2619/2359 1249/1756/2359
f 1249/1756/2360 1189/1755/2360 1190/2618/2360
f 897/2620/2361 1278/2621/2361 1276/1761/2361
f 1192/1783/2362 1225/1788/1526 894/1784/1525
f 1227/1790/2363 1226/1789/2364 1192/1783/2365
f 1192/1783/2365 896/1791/2366 1227/1790/2363
f 1279/1778/2367 1219/1782/2367 1191/1780/2367
f 1191/1780/2368 1278/2622/2368 1279/1778/2368
f 1193/1694/2369 830/1607/2369 869/2623/2369
f 845/681/2370 830/1607/2370 1193/1694/2370
f 1193/1694/2371 869/2623/2371 1244/2624/2371
f 869/1804/2372 1243/1803/2372 1244/1707/2372
f 1171/2570/2373 2120/1826/2373 1201/2584/2373
f 1201/2584/2374 1197/2625/2374 1171/2570/2374
f 1174/1832/2375 1183/2576/2375 1202/2586/2375
f 1202/2586/2376 1195/2579/2376 1174/1832/2376
f 1183/2626/2377 1184/2587/2377 1203/2589/2377
f 1203/2627/2378 1199/2585/2378 1183/2576/2378
f 2120/1826/2379 1185/1874/2379 1204/1841/2379
f 1204/1841/2380 2123/1840/2380 2120/1826/2380
f 1176/2628/2381 1264/2629/2381 1196/2605/2381
f 1196/2605/2382 901/2604/2382 1176/2628/2382
f 1177/2630/2383 1205/2631/2383 1197/2632/2383
f 1197/2633/2384 899/1845/2384 1177/1854/2384
f 1198/2599/2385 900/2598/2385 1178/2634/2385
f 1195/1828/1551 905/1831/1550 1182/1869/2386
f 1182/1869/2387 1206/2610/2387 1195/1828/2387
f 1175/1818/2388 1201/1817/2388 2123/2635/2388
f 2123/1840/2389 898/1843/2389 1175/2636/2389
f 1179/1830/2390 1202/1829/2391 1199/1833/2392
f 1199/1833/2392 903/1836/2393 1179/1830/2390
f 1194/2593/2344 902/2592/2343 1180/1835/2394
f 1180/1835/1555 1203/1834/1554 1194/2593/2395
f 1181/1842/2396 1204/1841/2396 1200/2590/2396
f 1200/2590/2397 904/2612/2397 1181/1842/2397
f 1184/2587/2398 1258/2637/2398 1264/2573/2398
f 1194/2588/2399 1184/2587/2399 1264/2573/2399
f 1172/1821/2400 1171/1820/2400 1205/2575/2400
f 1205/2575/2401 1198/2638/2401 1172/1821/2401
f 1173/2639/2402 1172/1821/2402 1198/2638/2402
f 1198/2640/2403 1196/2641/2403 1173/2642/2403
f 1200/2590/2404 1185/1874/2404 1206/2643/2404
f 1229/1800/2405 1224/1704/2405 1208/1703/2405
f 1208/1703/2406 1210/1813/2406 1229/1800/2406
f 1208/1703/2407 1214/1718/2407 1216/1721/2407
f 1210/1813/2408 1208/1703/2408 1216/1721/2408
f 1213/1719/2409 1209/1746/2409 1214/1718/2409
f 1215/1720/2410 1210/1813/2410 1216/1721/2410
f 1217/1744/2411 873/1702/2411 1272/1699/2411
f 1272/1699/2412 861/2644/2412 1217/1744/2412
f 861/2644/2413 1212/1745/2413 1217/1744/2413
f 1217/1744/2414 909/1743/2414 913/1747/2414
f 1212/1745/2415 907/1881/2415 909/1743/2415
f 907/1881/2416 1212/1745/2416 1230/2645/2416
f 1217/1744/2417 913/1747/2417 1213/1719/2417
f 1218/1781/2418 895/1773/2418 1219/1782/2418
f 2141/1779/2419 1279/1778/2419 897/2646/2419
f 1215/1720/2420 919/1723/2420 1220/1812/2420
f 894/1784/2421 1186/1799/2421 1220/1812/2421
f 1220/1812/2422 1218/1781/2422 894/1784/2422
f 1219/1782/2423 1279/1778/2423 896/1791/2423
f 896/1791/2424 1192/1783/2424 1219/1782/2424
f 1216/1721/2425 1214/1718/2425 1209/1746/2425
f 1209/1746/2426 1211/1722/2426 1216/1721/2426
f 828/642/2427 1167/1687/2427 1221/1665/2427
f 1167/1680/2428 861/1682/2428 1221/2647/2428
f 835/1637/1294 851/1638/1296 1271/1698/2429
f 1271/1698/2430 1222/1697/2430 835/1637/2430
f 1221/1665/2431 851/1638/2431 829/643/2431
f 1222/1697/2432 836/1639/2432 835/1637/2432
f 1223/1701/2433 836/1639/2433 1222/1697/2433
f 1223/1701/2434 874/1700/2434 1208/1703/2434
f 846/1640/2435 836/1639/2435 1223/1701/2435
f 1223/1701/2436 1224/1704/2436 846/1640/2436
f 1225/1788/2437 1192/1783/2437 1226/1789/2437
f 1225/1788/2438 839/778/2438 1228/1798/2438
f 1229/1800/2439 1210/1813/2439 1186/1799/2439
f 842/1641/2440 831/1642/2440 1229/1800/2440
f 1229/1800/2441 1228/1798/2441 842/1641/2441
f 1228/1798/2442 839/778/2442 842/1641/2442
f 844/776/2443 1226/1789/2444 1227/1790/2445
f 1227/1790/2445 840/1643/2446 844/776/2443
f 1224/1704/2447 1229/1800/2447 831/1642/2447
f 831/1642/2448 846/1640/2448 1224/1704/2448
f 1230/2645/2449 868/1882/1600 907/1881/1599
f 917/1903/2450 914/1897/2451 1244/1707/2452
f 1231/1894/2453 1232/1708/2453 1244/1707/2453
f 1244/1707/2454 914/1897/2454 1231/1894/2454
f 1231/1894/2455 1233/1715/2455 1232/1708/2455
f 1235/1764/2456 1273/1753/2456 858/1646/2456
f 830/1607/2457 847/787/2457 1236/1794/2457
f 1236/1794/2458 869/2623/2458 830/1607/2458
f 1237/1801/2459 869/1804/2459 1236/2648/2459
f 1237/1801/2460 889/1807/2460 1245/1802/2460
f 2121/1806/2461 2124/1810/2461 1238/1805/2461
f 1239/1808/2462 917/1903/2462 1245/1802/2462
f 917/1903/2463 1239/1808/1535 1238/1805/1534
f 1238/1805/2464 2124/1810/2464 917/1903/2464
f 1240/1758/2465 889/1807/2465 1188/2614/2465
f 1240/1758/2466 1188/2614/2466 1241/1759/2466
f 1242/1772/2467 890/1765/2467 2144/1767/2467
f 1245/1802/2468 917/1903/2468 1243/1803/2468
f 892/1754/2469 1239/1808/2469 1245/1802/2469
f 1245/1802/2470 1240/1758/2470 892/1754/2470
f 893/1771/2471 1275/1762/2471 1277/2616/2471
f 1243/1803/2472 917/1903/2450 1244/1707/2452
f 848/676/2473 834/679/2473 1246/1693/2473
f 1246/1693/2474 834/679/2474 872/1695/2474
f 1232/1708/2475 1247/1714/2475 1246/2649/2475
f 1246/2649/2476 872/1709/2476 1232/1708/2476
f 1248/1795/2477 838/786/2477 843/1599/2477
f 2122/2619/2478 891/1757/2478 1249/1756/2478
f 1250/1837/2479 1173/2571/2479 1258/2637/2479
f 1258/2637/2480 1259/1838/2480 1250/1837/2480
f 1252/2650/2481 1172/2651/2481 1173/2652/2481
f 1252/1876/2482 1173/2571/2482 1250/1837/2482
f 1253/1839/2483 880/1740/2483 1251/2577/2483
f 1254/1678/2484 868/1683/2484 1255/1679/2484
f 1255/1679/2485 868/1683/2485 867/1677/2485
f 1257/1739/2486 878/1726/2486 1256/1725/2486
f 1259/1838/2487 1251/1823/2488 878/1726/2489
f 878/1726/2489 1257/1739/2490 1259/1838/2487
f 2044/1943/2491 2125/1912/2491 1261/1911/2491
f 1261/1911/2492 922/1947/2492 2044/1943/2492
f 2125/1912/2493 923/1921/2493 921/1910/2493
f 1262/1935/2494 929/1936/2494 879/2653/2494
f 1262/1935/2495 925/1946/1681 1261/1911/1681
f 2125/1912/2496 1263/1944/2496 912/1891/2496
f 912/1891/2497 923/1921/2497 2125/1912/2497
f 1254/1678/2498 865/1675/2498 1260/1889/2498
f 1262/1935/2499 879/2653/2499 1256/1725/2499
f 1263/1944/2500 910/1887/2500 1260/1889/2500
f 1258/2637/2501 1173/2571/2501 1264/2573/2501
f 1258/2637/2502 1184/2587/2502 1259/1838/2502
f 1259/1838/2503 1184/2587/2503 1251/1823/2503
f 1266/2654/2504 864/2655/2505 1265/2656/2506
f 875/1878/2507 864/2655/2505 1266/2654/2504
f 1266/2654/2508 1267/2657/2508 875/1878/2508
f 1268/1879/2509 875/1878/2509 1267/2657/2509
f 1267/1711/2510 870/1712/2510 1269/2658/2510
f 1269/2658/2511 1268/2659/2511 1267/1711/2511
f 1269/1932/2512 1233/1715/2512 1270/1895/2512
f 861/2644/2513 1272/1699/2513 1271/1698/2513
f 1271/1698/2514 1221/1665/2514 861/2644/2514
f 1272/1699/2515 873/1702/2515 1222/1697/2515
f 851/1638/2516 1221/1665/2516 1271/1698/2516
f 1273/1753/1486 1235/1764/2517 890/1751/1484
f 1273/1753/2518 1274/1752/2518 1188/2660/2518
f 1188/2660/2519 1234/2613/2519 1273/1753/2519
f 1275/1762/2520 893/1771/2520 2037/1760/2520
f 1275/1762/2521 1276/1761/2521 1190/2618/2521
f 1190/2618/2522 1189/1755/2522 1275/1762/2522
f 1188/2614/2523 1274/2617/2523 1277/2616/2523
f 1277/2616/2524 1241/1759/2524 1188/2614/2524
f 1274/2617/2525 890/1765/2525 1242/1772/2525
f 1276/1761/2526 2037/1760/2526 897/2620/2526
f 1276/1761/2527 1278/2621/2527 1191/2661/2527
f 1191/1780/2528 1190/1776/2528 1276/2662/2528
f 1278/2622/2529 897/2646/2529 1279/1778/2529
f 858/1646/2530 837/752/2530 1235/1764/2530
f 1273/1753/2531 1234/2613/2531 843/1599/2531
f 843/1599/2532 858/1646/2532 1273/1753/2532
f 1275/1762/2533 1189/1755/2533 1241/1759/2533
f 1241/1759/2534 1277/2616/2534 1275/1762/2534
f 1277/2616/2535 1242/1772/2535 893/1771/2535
f 1329/2663/2536 1331/2664/2536 1286/2665/2536
f 1280/2666/2537 1287/2667/2537 1321/2668/2537
f 1326/2669/2538 1323/2670/2539 1288/2671/2540
f 1326/2669/2541 1289/2672/2541 1282/2673/2541
f 1290/2674/2542 1289/2672/2542 1326/2669/2542
f 1281/2675/2543 1326/2669/2543 1282/2673/2543
f 2126/2676/2544 1291/2677/2544 1316/2678/2544
f 1284/2679/2545 1316/2678/2545 1291/2677/2545
f 1303/2680/2546 1283/2681/2546 1292/2682/2546
f 1285/2683/2547 1286/2665/2547 1280/2666/2547
f 1285/2683/2548 1315/2684/2548 1291/2685/2548
f 1286/2665/2549 1285/2683/2549 1291/2685/2549
f 1296/2686/2550 1313/2687/2550 1295/2688/2550
f 1298/2689/2551 1320/2690/2551 1297/2691/2551
f 2127/2692/2552 1299/2693/2552 1300/2694/2552
f 1300/2694/2553 1299/2693/2553 2126/2676/2553
f 1302/2695/2554 1301/2696/2554 1313/2697/2554
f 1324/2698/2555 1303/2699/2555 1292/2700/2555
f 1290/2674/2556 1338/2701/2556 1305/2702/2556
f 1337/2703/2557 1305/2702/2557 1338/2701/2557
f 1337/2703/2558 1306/2704/2558 1336/2705/2558
f 1336/2705/2559 1308/2706/2559 1337/2703/2559
f 1336/2707/2560 1309/2708/2560 1308/2709/2560
f 1319/2710/2561 1298/2711/2561 1310/2712/2561
f 1310/2712/2562 1298/2711/2562 1297/2713/2562
f 1303/2699/2563 1310/2712/2564 1311/2714/2565
f 1311/2715/2566 2127/2692/2566 1300/2694/2566
f 2126/2676/2567 1303/2680/2567 1300/2694/2567
f 1294/2716/2568 1305/2702/2568 1295/2688/2568
f 1325/2717/2569 1319/2710/2569 1293/2718/2569
f 1295/2688/2570 1304/2719/2570 1296/2686/2570
f 1308/2706/2571 1296/2686/2571 1304/2719/2571
f 1335/2720/2572 1295/2688/2572 1313/2687/2572
f 1302/2695/2573 1309/2708/2573 1299/2721/2573
f 2126/2676/2574 1309/2722/2574 1330/2723/2574
f 1299/2721/2575 1301/2696/2575 1302/2695/2575
f 1301/2724/2576 1299/2693/2576 2127/2692/2576
f 1313/2697/2577 1296/2725/2577 1302/2695/2577
f 1296/2725/2578 1308/2709/2578 1302/2695/2578
f 1309/2708/2579 1302/2695/2579 1308/2709/2579
f 1300/2694/2580 1303/2680/2580 1311/2715/2580
f 1333/2726/2581 1332/2727/2582 1312/2728/2583
f 1295/2688/2584 1305/2702/2584 1304/2719/2584
f 1305/2702/2585 1294/2716/2585 1312/2728/2585
f 2126/2676/2586 1283/2681/2586 1303/2680/2586
f 1314/2729/2587 2127/2692/2587 1311/2715/2587
f 1327/2730/2588 1290/2674/2589 1288/2671/2590
f 1286/2665/2591 1291/2685/2591 1329/2663/2591
f 1287/2731/2592 1306/2704/2592 1288/2671/2592
f 1306/2704/2593 1287/2731/2593 1307/2732/2593
f 1291/2685/2594 1330/2733/2594 1329/2663/2594
f 1307/2734/2595 1330/2733/2595 1309/2708/2595
f 1309/2722/2596 2126/2676/2596 1299/2693/2596
f 1298/2735/2597 1334/2736/2597 1320/2737/2597
f 1297/2691/2598 1290/2674/2598 1332/2727/2598
f 1312/2728/2599 1341/2738/2600 1333/2726/2601
f 1314/2739/2602 1311/2714/2602 1310/2712/2602
f 1291/2685/2603 1315/2684/2603 1284/2740/2603
f 2126/2676/2604 1316/2678/2604 1283/2681/2604
f 1325/2717/2605 1298/2711/2605 1319/2710/2605
f 1303/2699/2563 1319/2710/2606 1310/2712/2564
f 1334/2741/2607 1298/2742/2607 1317/2743/2607
f 1321/2668/2608 1287/2667/2608 1323/2744/2608
f 1328/2745/2609 1323/2670/2539 1326/2669/2538
f 1322/2746/2610 1321/2668/2610 1323/2744/2610
f 1323/2744/2611 1287/2667/2611 1288/2747/2611
f 1318/2748/2612 1303/2699/2612 1324/2698/2612
f 1317/2749/2613 1298/2711/2613 1325/2717/2613
f 1319/2710/2614 1303/2699/2614 1318/2748/2614
f 1293/2718/2615 1319/2710/2615 1318/2748/2615
f 1281/2675/2616 1328/2745/2616 1326/2669/2616
f 1288/2671/2617 1290/2674/2617 1326/2669/2617
f 1306/2704/2618 1327/2730/2588 1288/2671/2590
f 1337/2703/2619 1338/2701/2619 1306/2704/2619
f 1322/2746/2620 1323/2744/2620 1328/2750/2620
f 1329/2663/2621 1307/2734/2621 1287/2667/2621
f 1287/2667/2622 1331/2664/2622 1329/2663/2622
f 1307/2734/2623 1329/2663/2623 1330/2733/2623
f 2126/2676/2624 1330/2723/2624 1291/2677/2624
f 1287/2667/2625 1280/2666/2625 1331/2664/2625
f 1331/2664/2626 1280/2666/2626 1286/2665/2626
f 1320/2690/2627 1290/2674/2627 1297/2691/2627
f 1320/2751/2628 1289/2752/2628 1290/2753/2628
f 1332/2754/2629 1290/2755/2629 1305/2756/2629
f 1332/2754/2630 1305/2756/2630 1312/2757/2630
f 1297/2691/2631 1332/2727/2582 1333/2726/2581
f 1289/2758/2632 1320/2759/2632 1334/2741/2632
f 1294/2716/2572 1295/2688/2572 1335/2720/2572
f 1307/2734/2633 1309/2708/2633 1336/2707/2633
f 1336/2705/2634 1306/2704/2634 1307/2732/2634
f 1304/2719/2635 1305/2702/2635 1337/2703/2635
f 1337/2703/2636 1308/2706/2636 1304/2719/2636
f 1306/2704/2637 1338/2701/2637 1327/2730/2637
f 1290/2674/2638 1327/2730/2638 1338/2701/2638
f 1310/2712/2639 1297/2713/2639 1339/2760/2639
f 1339/2760/2640 1314/2739/2640 1310/2712/2640
f 1339/2760/2641 1297/2713/2641 1340/2761/2641
f 1333/2726/2601 1341/2738/2600 1297/2691/2642
f 1297/2691/2643 1341/2738/2643 1342/2762/2643
f 1297/2691/2644 1342/2762/2644 1340/2763/2644
f 1399/2764/2645 1400/2765/2645 1367/2766/2645
f 1406/2767/2646 2236/2768/2646 1409/2769/2646
f 1388/2770/2647 1351/2771/2647 1385/2772/2647
f 1376/2773/2648 1373/2774/2648 2129/2775/2648
f 1372/2776/2649 1360/2777/2649 1361/2778/2649
f 1391/2779/2650 1350/2780/2650 1369/2781/2650
f 1358/2782/2651 1359/2783/2652 1366/2784/2653
f 1399/2764/2654 1398/2785/2654 1368/2786/2654
f 1347/2787/2655 1354/2788/2655 1378/2789/2655
f 1371/2790/2656 1370/2791/2656 1364/2792/2656
f 1344/2793/2657 1345/2794/2657 1388/2770/2657
f 1398/2795/2658 1370/2791/2658 1371/2790/2658
f 1387/2796/2659 1381/2797/2659 1361/2778/2659
f 1350/2798/2660 1351/2771/2660 1368/2786/2660
f 1354/2788/2661 1347/2787/2661 1377/2799/2661
f 1348/2800/2662 1354/2788/2662 1377/2799/2662
f 2130/2801/2663 1378/2789/2663 1354/2788/2663
f 1384/2802/2664 1739/2803/2664 1390/2804/2664
f 1361/2778/2665 1382/2805/2665 1396/2806/2665
f 1390/2804/2666 1388/2770/2667 1385/2772/2668
f 1370/2807/2669 1366/2784/2653 1359/2783/2652
f 1360/2777/2670 1394/2808/2670 1353/2809/2670
f 1395/2810/2671 1374/2811/2671 1394/2808/2671
f 2128/2812/2672 1373/2774/2672 1365/2813/2672
f 1369/2781/2673 1392/2814/2673 1391/2779/2673
f 1368/2815/2674 1351/2816/2674 1389/2817/2674
f 1363/2818/2675 2129/2819/2675 1362/2820/2675
f 2130/2821/2676 1365/2813/2676 1346/2822/2676
f 1380/2823/2677 1386/2824/2677 1365/2813/2677
f 1743/2825/2678 1744/2826/2679 1356/2827/2680
f 1387/2828/2681 1356/2827/2681 1381/2829/2681
f 1368/2786/2682 1369/2830/2682 1350/2798/2682
f 1397/2831/2683 1375/2832/2683 1358/2782/2683
f 1382/2805/2684 1353/2809/2684 1352/2833/2684
f 1376/2773/2685 1372/2834/2685 1373/2774/2685
f 1348/2835/2686 1343/2836/2686 1349/2837/2686
f 1371/2790/2687 1362/2820/2687 2130/2801/2687
f 1358/2782/2688 1366/2784/2688 1367/2766/2688
f 1388/2838/2689 1345/2839/2689 1352/2833/2689
f 1351/2771/2690 1388/2770/2691 1353/2840/2692
f 1880/2841/2693 1902/2842/2694 2226/2843/2695
f 1383/2844/2696 1385/2772/2696 1350/2798/2696
f 1364/2792/2697 1375/2845/2697 1363/2818/2697
f 1356/2827/2698 1380/2823/2698 1381/2829/2698
f 1902/2842/2694 1880/2841/2693 1903/2846/2699
f 2227/2847/2700 1905/2848/2700 2232/2849/2700
f 1389/2817/2701 1351/2816/2690 1353/2850/2692
f 1353/2809/2702 1388/2838/2702 1352/2833/2702
f 1359/2851/2703 1364/2792/2703 1370/2791/2703
f 1393/2852/2704 1349/2837/2704 1343/2836/2704
f 1384/2802/2705 1390/2804/2705 1385/2772/2705
f 1349/2853/2706 1354/2788/2706 1348/2800/2706
f 1369/2781/2707 1371/2790/2707 1392/2814/2707
f 1353/2854/2708 1400/2855/2708 1389/2856/2708
f 1381/2829/2709 1380/2823/2709 1365/2813/2709
f 1350/2798/2710 1393/2852/2710 1343/2836/2710
f 1360/2777/2711 1395/2810/2711 1394/2808/2711
f 1868/2857/2712 1411/2858/2712 1409/2859/2712
f 1905/2848/2713 2227/2847/2713 1906/2860/2713
f 2128/2861/2714 2130/2801/2714 1362/2820/2714
f 2130/2801/2715 1346/2862/2715 1378/2789/2715
f 1365/2813/2716 1373/2774/2716 1372/2834/2716
f 1349/2853/2717 1391/2779/2717 1354/2788/2717
f 2130/2801/2718 1392/2814/2718 1371/2790/2718
f 2183/2863/2719 1390/2804/2719 1739/2803/2719
f 1391/2864/2720 1349/2837/2720 1393/2852/2720
f 1357/2865/2683 1397/2831/2683 1358/2782/2683
f 1381/2797/2721 1372/2776/2721 1361/2778/2721
f 1398/2785/2722 1399/2764/2722 1370/2807/2722
f 1354/2788/2723 1391/2779/2723 1392/2814/2723
f 1353/2809/2724 1367/2866/2724 1400/2867/2724
f 1343/2836/2725 1383/2844/2725 1350/2798/2725
f 1369/2781/2726 1398/2795/2726 1371/2790/2726
f 1384/2802/2727 1385/2772/2727 1383/2844/2727
f 1398/2785/2728 1369/2830/2728 1368/2786/2728
f 1738/2868/2729 1741/2869/2729 1746/2870/2729
f 1350/2798/2730 1391/2864/2730 1393/2852/2730
f 2129/2819/2731 2128/2861/2731 1362/2820/2731
f 1386/2824/2732 1355/2871/2732 1365/2813/2732
f 1359/2783/2733 1358/2782/2733 1375/2832/2733
f 1365/2872/2734 1355/2873/2734 1346/2874/2734
f 1394/2808/2735 1367/2866/2735 1353/2809/2735
f 1375/2845/2736 1364/2792/2736 1359/2851/2736
f 1365/2813/2737 1372/2834/2737 1381/2829/2737
f 1361/2778/2738 1360/2777/2738 1382/2805/2738
f 1399/2764/2739 1368/2786/2739 1400/2765/2739
f 1374/2811/2740 1395/2810/2741 1403/2875/2742
f 1357/2865/2743 1358/2782/2743 1367/2766/2743
f 1367/2766/2744 1374/2876/2744 1357/2865/2744
f 1410/2877/2745 1411/2858/2745 1868/2857/2745
f 1364/2792/2746 1362/2820/2746 1371/2790/2746
f 1396/2806/2747 1379/2878/2747 1361/2778/2747
f 1379/2878/2748 1387/2796/2748 1361/2778/2748
f 1385/2772/2749 1351/2771/2749 1350/2798/2749
f 1344/2793/2750 1388/2770/2667 1390/2804/2666
f 1362/2820/2751 1364/2792/2751 1363/2818/2751
f 2130/2801/2752 1354/2788/2752 1392/2814/2752
f 1382/2805/2753 1360/2777/2753 1353/2809/2753
f 1394/2808/2754 1374/2811/2754 1367/2866/2754
f 1352/2833/2755 1396/2806/2755 1382/2805/2755
f 1412/2879/2756 1443/2880/2757 1434/2881/2758
f 1427/2882/2759 1408/2883/2759 1425/2884/2759
f 1422/2885/2760 1420/2886/2760 1374/2876/2760
f 1375/2845/2761 1421/2887/2761 1363/2818/2761
f 1422/2888/2762 1430/2889/2762 1433/2890/2762
f 1416/2891/2763 1417/2892/2763 1363/2818/2763
f 1442/2893/2764 1434/2881/2758 1443/2880/2757
f 1423/2894/2765 1445/2895/2765 1447/2896/2765
f 1425/2897/2766 1871/2898/2766 1405/2899/2766
f 1420/2886/2767 1433/2900/2768 1431/2901/2769
f 1908/2902/2770 2227/2847/2770 2228/2903/2770
f 1368/2815/2771 1389/2817/2771 1400/2904/2771
f 1436/2905/2772 1422/2888/2772 1415/2906/2772
f 2219/2907/2773 2242/2908/2773 1408/2883/2773
f 1405/2899/2774 1430/2889/2775 1439/2909/2776
f 1434/2881/2777 1410/2910/2777 1412/2879/2777
f 1401/2911/2778 1402/2912/2778 1360/2777/2778
f 1747/2913/2779 1347/2787/2780 1748/2914/2781
f 1426/2915/2782 1427/2916/2782 1405/2899/2782
f 1409/2769/2783 1430/2889/2783 1406/2767/2783
f 2135/2917/2784 1432/2918/2785 1418/2919/2786
f 1436/2905/2787 1415/2906/2787 1438/2920/2787
f 2133/2921/2788 1418/2919/2789 1446/2922/2790
f 1417/2892/2791 2134/2923/2791 2135/2924/2791
f 1399/2764/2792 1366/2784/2792 1370/2807/2792
f 1366/2784/2793 1399/2764/2793 1367/2766/2793
f 2227/2847/2794 1908/2902/2794 1906/2860/2794
f 1417/2892/2795 1428/2925/2795 1429/2926/2795
f 2229/2927/2796 1910/2928/2796 1881/2929/2796
f 2129/2819/2797 1363/2818/2797 1417/2892/2797
f 1432/2918/2798 2219/2907/2798 1408/2883/2798
f 1414/2930/2799 1426/2915/2799 1438/2920/2799
f 1433/2900/2768 1420/2886/2767 1422/2885/2800
f 1425/2897/2801 2241/2931/2801 1871/2898/2801
f 1424/2932/2802 1401/2933/2802 1376/2773/2802
f 1395/2810/2741 1360/2777/2803 1403/2875/2742
f 1437/2934/2804 1423/2894/2804 1447/2896/2804
f 2242/2908/2805 2239/2935/2805 1408/2883/2805
f 1419/2936/2806 1446/2922/2806 1418/2919/2806
f 1430/2889/2807 1422/2888/2807 1436/2905/2807
f 2240/2937/2808 1750/2938/2808 1405/2899/2808
f 2133/2921/2809 1376/2773/2809 2129/2775/2809
f 1412/2879/2810 1869/2939/2811 2237/2940/2812
f 2134/2923/2813 1417/2892/2813 1429/2926/2813
f 1407/2941/2814 2237/2940/2814 1870/2942/2814
f 1868/2857/2815 1869/2943/2815 1410/2877/2815
f 1424/2944/2816 1423/2894/2817 1402/2912/2818
f 1435/2945/2819 2134/2923/2819 1429/2926/2819
f 1430/2889/2820 1409/2769/2820 1433/2890/2820
f 1407/2941/2821 1429/2926/2821 1428/2925/2821
f 1438/2920/2822 1439/2909/2822 1436/2905/2822
f 2134/2923/2823 1435/2945/2823 2219/2946/2823
f 1417/2892/2824 2135/2924/2824 2131/2947/2824
f 2181/2948/2825 1744/2826/2679 1743/2825/2678
f 1430/2889/2775 1405/2899/2774 1406/2767/2826
f 2170/2949/2827 2177/2950/2827 1748/2914/2827
f 1402/2912/2828 1423/2894/2828 1437/2934/2828
f 1441/2951/2829 1431/2901/2829 1411/2858/2829
f 1421/2952/2830 1375/2832/2830 1440/2953/2830
f 1910/2928/2831 2229/2927/2831 1917/2954/2831
f 1372/2776/2832 1401/2911/2832 1360/2777/2832
f 2237/2940/2812 1407/2941/2833 1412/2879/2810
f 2241/2955/2834 1425/2884/2834 1408/2883/2834
f 2240/2937/2835 1405/2899/2835 1871/2898/2835
f 1413/2956/2836 1426/2915/2836 1414/2930/2836
f 1445/2895/2837 1413/2956/2837 1447/2896/2837
f 1432/2918/2785 2135/2917/2784 2134/2957/2838
f 1446/2922/2839 1419/2936/2839 1445/2958/2839
f 1433/2900/2840 1411/2858/2840 1431/2901/2840
f 1416/2891/2841 1363/2818/2841 1442/2893/2841
f 1397/2831/2842 1440/2953/2843 1375/2832/2844
f 1405/2899/2845 1439/2909/2845 1426/2915/2845
f 1419/2936/2846 1413/2959/2846 1445/2958/2846
f 1746/2870/2847 1747/2913/2848 1738/2868/2849
f 1401/2911/2850 1424/2944/2816 1402/2912/2818
f 1411/2858/2851 1433/2900/2851 1409/2859/2851
f 1418/2919/2852 2131/2960/2852 2135/2917/2852
f 1357/2865/2853 1420/2886/2854 1397/2831/2842
f 1441/2951/2855 1434/2961/2856 1440/2953/2857
f 1409/2859/2858 2236/2962/2858 1868/2857/2858
f 1360/2777/2859 1404/2963/2859 1403/2875/2859
f 1428/2925/2860 1417/2892/2860 1416/2891/2860
f 1427/2916/2861 1425/2897/2861 1405/2899/2861
f 1403/2875/2862 1437/2934/2862 1415/2906/2862
f 1440/2953/2863 1420/2886/2863 1441/2951/2863
f 1426/2915/2864 1413/2956/2864 1427/2916/2864
f 2241/2955/2865 1408/2883/2865 2239/2935/2865
f 1401/2933/2866 1372/2834/2866 1376/2773/2866
f 1408/2883/2867 1427/2882/2867 1432/2918/2867
f 1418/2919/2868 1427/2882/2868 1419/2936/2868
f 2219/2907/2869 1432/2918/2785 2134/2957/2838
f 2129/2819/2870 1417/2892/2870 2133/2964/2870
f 1891/2965/2871 2231/2966/2871 2221/2967/2871
f 2231/2966/2872 1891/2965/2872 1913/2968/2872
f 1428/2925/2873 1412/2879/2873 1407/2941/2873
f 1357/2865/2874 1374/2876/2874 1420/2886/2874
f 1467/2969/2875 1340/2761/2876 1466/2970/2877
f 1481/2971/2878 1491/2972/2878 1466/2973/2878
f 1456/2974/2879 1457/2975/2879 1469/2976/2879
f 1469/2976/2880 1470/2977/2880 1456/2974/2880
f 1448/2978/2881 1469/2979/2881 1483/2980/2881
f 1473/2981/2882 1449/2982/2882 1448/2983/2882
f 1460/2984/2883 1472/2985/2883 1471/2986/2883
f 1471/2986/2884 1459/2987/2884 1460/2984/2884
f 2137/2988/2885 1472/2989/2885 1460/2990/2885
f 1460/2990/2886 2136/2991/2886 1479/2992/2886
f 2138/2993/2887 2127/2692/2887 1314/2729/2887
f 1451/2994/2888 1475/2995/2888 1470/2977/2888
f 1470/2977/2889 1448/2983/2889 1468/2996/2889
f 1462/2997/2890 1489/2998/2890 1456/2974/2890
f 1473/2999/2891 1476/3000/2891 1452/3001/2891
f 1452/3001/2892 1449/3002/2892 1473/2999/2892
f 1454/3003/2893 1452/3001/2893 1476/3000/2893
f 1476/3000/2894 1474/3004/2894 1454/3003/2894
f 1340/2763/2895 1481/2971/2895 1466/2973/2895
f 1484/3005/2896 1485/3006/2896 1463/3007/2896
f 1485/3008/2897 1484/3009/2897 1477/3010/2897
f 1455/3011/2898 1477/3010/2898 1487/3012/2898
f 1477/3010/2899 1455/3011/2899 1453/3013/2899
f 1466/2970/2900 1491/3014/2900 1489/2998/2900
f 1459/2987/2901 1301/2696/2901 1460/2984/2901
f 2127/2692/2902 1460/2990/2902 1301/2724/2902
f 2127/2692/2903 2138/2993/2903 1460/2990/2903
f 1461/3015/2904 1479/2992/2904 2136/2991/2904
f 1479/2992/2905 1461/3015/2906 1475/3016/2907
f 1467/2969/2908 1314/2739/2908 1339/2760/2908
f 2138/2993/2909 1490/3017/2910 1461/3015/2911
f 1465/3018/2912 1312/2728/2912 1463/3007/2912
f 1294/2716/2913 1463/3007/2913 1312/2728/2913
f 1312/2728/2914 1465/3018/2914 1488/3019/2914
f 1484/3005/2915 1463/3007/2916 1335/2720/2917
f 1335/2720/2917 1313/2687/2918 1484/3005/2915
f 1459/2987/2919 1486/3020/2919 1301/2696/2919
f 1313/2697/2920 1301/2696/2920 1464/3021/2920
f 1489/2998/2921 1491/3014/2921 1456/2974/2921
f 1339/2760/2922 1340/2761/2876 1467/2969/2875
f 1462/2997/2923 1461/3022/2923 1490/3023/2923
f 1490/3023/2924 1489/2998/2924 1462/2997/2924
f 1469/2976/2925 1448/2983/2925 1470/2977/2925
f 1480/3024/2926 1482/3025/2926 1458/3026/2926
f 1482/3025/2927 1480/3024/2927 1483/3027/2927
f 1471/2986/2928 1450/3028/2928 1455/3011/2928
f 1450/3028/2929 1471/2986/2929 1472/2985/2929
f 2137/2988/2930 2191/3029/2930 1478/3030/2930
f 1478/3030/2931 1472/2989/2931 2137/2988/2931
f 1461/3022/2932 1462/2997/2932 1470/2977/2932
f 1470/2977/2933 1475/2995/2933 1461/3022/2933
f 1480/3031/2934 1458/3032/2934 1465/3018/2934
f 1465/3018/2935 1476/3000/2935 1473/2999/2935
f 1476/3000/2936 1465/3018/2937 1463/3007/2938
f 1463/3007/2938 1474/3004/2939 1476/3000/2936
f 1485/3006/2940 1454/3003/2940 1474/3004/2940
f 1485/3008/2941 1477/3010/2941 1453/3013/2941
f 1487/3012/2942 1486/3020/2942 1459/2987/2942
f 1486/3020/2943 1487/3012/2943 1477/3010/2943
f 1475/3016/2944 1451/3033/2944 2191/3029/2944
f 2191/3029/2945 2137/2988/2946 1475/3016/2907
f 1462/2997/2947 1456/2974/2947 1470/2977/2947
f 1472/2985/2948 1478/3034/2948 1450/3028/2948
f 1475/3016/2907 2137/2988/2946 1479/2992/2905
f 1460/2990/2949 1479/2992/2949 2137/2988/2949
f 1473/2999/2950 1480/3031/2950 1465/3018/2950
f 1482/3035/2951 1483/2980/2951 1469/2979/2951
f 1341/2738/2952 1458/3032/2952 1481/2971/2952
f 1458/3032/2953 1482/3035/2953 1481/2971/2953
f 1457/3036/2954 1482/3035/2954 1469/2979/2954
f 1482/3035/2955 1491/2972/2955 1481/2971/2955
f 1480/3024/2956 1473/2981/2956 1483/3027/2956
f 1448/2983/2957 1483/3027/2957 1473/2981/2957
f 1470/2977/2958 1468/2996/2958 1451/2994/2958
f 1312/2728/2959 1488/3019/2959 1341/2738/2959
f 1294/2716/2960 1335/2720/2917 1463/3007/2916
f 1464/3021/2961 1484/3009/2961 1313/2697/2961
f 1484/3009/2962 1464/3021/2962 1477/3010/2962
f 1454/3037/2963 1485/3008/2963 1453/3013/2963
f 1485/3006/2964 1474/3004/2964 1463/3007/2964
f 1477/3010/2965 1464/3021/2965 1486/3020/2965
f 1486/3020/2966 1464/3021/2966 1301/2696/2966
f 1459/2987/2967 1471/2986/2967 1487/3012/2967
f 1455/3011/2968 1487/3012/2968 1471/2986/2968
f 1342/2762/2969 1481/2971/2969 1340/2763/2969
f 1342/2762/2970 1341/2738/2970 1481/2971/2970
f 1488/3019/2971 1458/3032/2971 1341/2738/2971
f 1488/3019/2972 1465/3018/2972 1458/3032/2972
f 1467/2969/2973 1466/2970/2973 1489/2998/2973
f 1490/3023/2974 1467/2969/2974 1489/2998/2974
f 1314/2739/2975 1467/2969/2975 1490/3023/2975
f 1490/3017/2910 2138/2993/2909 1314/2729/2976
f 1461/3015/2977 2136/2991/2977 2138/2993/2977
f 1460/2990/2978 2138/2993/2978 2136/2991/2978
f 1491/3014/2979 1457/2975/2979 1456/2974/2979
f 1482/3035/2980 1457/3036/2980 1491/2972/2980
f 1495/3038/2981 1496/3039/2981 1501/3040/2981
f 1501/3040/2982 2162/3041/2983 1495/3038/2984
f 2139/3042/2985 2147/3043/2985 1494/3044/2985
f 2147/3043/2986 2139/3042/2986 1496/3039/2986
f 1496/3039/2987 1502/3045/2987 2147/3043/2987
f 2167/3046/2988 2165/3047/2988 1494/3044/2988
f 2165/3047/2989 2139/3042/2989 1494/3044/2989
f 1506/3048/2990 1509/3049/2990 1516/3050/2990
f 1506/3048/2991 1579/3051/2991 1509/3049/2991
f 2162/3052/2992 1492/3053/2992 1538/3054/2992
f 1538/3054/2993 1525/3055/2993 2162/3052/2993
f 1503/3056/2994 1620/3057/2994 2146/3058/2994
f 1588/3059/2995 1621/3060/2995 1622/3061/2995
f 1538/3054/2996 1492/3053/2996 1497/3062/2996
f 1497/3062/2997 1509/3049/2997 1538/3054/2997
f 1576/3063/2998 2168/3064/2999 2163/3065/3000
f 2163/3065/3001 1578/3066/3001 1576/3063/3001
f 1574/3067/3002 1504/3068/3002 2164/3069/3002
f 1605/3070/3003 2164/3069/3003 1504/3068/3003
f 1596/3071/3004 1536/3072/3005 1507/3073/3006
f 1592/3074/3007 1623/3075/3007 1593/3076/3007
f 1592/3074/3008 1535/3077/3008 1598/3078/3008
f 1525/3079/3009 1537/3080/3009 1495/3081/3009
f 1495/3038/3010 2162/3041/3010 1525/3082/3010
f 1626/3083/3011 1565/3084/3011 1564/3085/3011
f 1564/3085/3012 1566/3086/3012 1632/3087/3012
f 1621/3060/3013 1568/3088/3013 1567/3089/3013
f 1567/3089/3014 1631/3090/3014 1621/3060/3014
f 1600/3091/3015 1599/3092/3015 2169/3093/3015
f 2184/3094/3016 1513/3095/3016 2169/3096/3016
f 1605/3097/3017 1508/3098/3017 1553/3099/3017
f 1553/3099/3018 1552/3100/3018 1605/3097/3018
f 2164/3069/3019 1552/3101/3019 1493/3102/3019
f 1542/3103/3020 1543/3104/3020 2140/3105/3020
f 2140/3105/3021 2144/3106/3021 1542/3103/3021
f 1524/3107/3022 1515/3108/3022 1555/3109/3022
f 1555/3109/3023 1554/3110/3023 1524/3107/3023
f 1544/3111/3024 2141/3112/3024 2038/3113/3024
f 2038/3113/3025 1545/3114/3025 1544/3111/3025
f 2143/3115/3026 2141/3112/3026 1548/3116/3026
f 2143/3115/3027 1548/3116/3027 1546/3117/3027
f 2142/3118/3028 2143/3115/3028 1546/3117/3028
f 1513/3119/3029 1547/3120/3029 1601/3121/3029
f 1601/3121/3030 1600/3091/3030 1513/3119/3030
f 1603/3122/3031 1551/3123/3031 1602/3124/3031
f 1514/3125/3032 1530/3126/3032 1604/3127/3032
f 1604/3127/3033 1603/3122/3033 1514/3125/3033
f 1604/3128/3034 1515/3108/3034 1527/3129/3034
f 1515/3130/3035 1604/3127/3035 1530/3126/3035
f 1506/3048/3036 1516/3050/3036 1551/3123/3036
f 1551/3123/3037 1549/3131/3037 1506/3048/3037
f 1508/3132/3038 1605/3133/3038 1504/3134/3038
f 1531/3135/3039 1517/3136/3039 1539/3137/3039
f 1531/3135/3040 1539/3137/3041 1519/3138/3042
f 1531/3135/3040 1519/3138/3042 1529/3139/3043
f 1494/3140/3044 1573/3141/3045 1512/3142/3046
f 1498/3143/3047 1560/3144/3047 1569/3145/3047
f 1560/3146/3048 1498/3147/3048 2167/3046/3048
f 2167/3046/3049 1563/3148/3049 1560/3146/3049
f 1504/3134/3050 1575/3149/3050 1508/3132/3050
f 1518/3150/3051 1511/3151/3051 1570/3152/3051
f 1511/3151/3052 1518/3150/3052 1523/3153/3052
f 1533/3154/3053 1523/3153/3053 1575/3149/3053
f 1523/3153/3054 1533/3154/3054 1511/3151/3054
f 1523/3153/3055 1524/3107/3055 1508/3132/3055
f 1508/3132/3056 1575/3149/3056 1523/3153/3056
f 1529/3155/3057 1527/3129/3057 1518/3150/3057
f 1518/3150/3058 1531/3156/3058 1529/3155/3058
f 1503/3056/3059 2146/3058/3059 1595/3157/3059
f 1595/3157/3060 1594/3158/3060 1503/3056/3060
f 1502/3159/3061 1537/3160/3061 1586/3161/3061
f 1505/3162/3062 1522/3163/3062 1526/3164/3062
f 1521/3165/3063 1522/3163/3064 1517/3136/3065
f 1517/3136/3065 1571/3166/3066 1521/3165/3063
f 1583/3167/3067 1597/3168/3067 1507/3073/3067
f 1507/3073/3068 1582/3169/3068 1583/3167/3068
f 1527/3129/3069 1523/3153/3069 1518/3150/3069
f 1524/3107/3070 1523/3153/3070 1527/3129/3070
f 1527/3129/3071 1515/3108/3071 1524/3107/3071
f 1583/3167/3072 1521/3165/3072 1571/3166/3072
f 1571/3166/3073 1584/3170/3074 1583/3167/3075
f 1528/3171/3076 1584/3172/3076 1532/3173/3076
f 1580/3174/3077 1525/3055/3077 1538/3054/3077
f 1538/3054/3078 1579/3051/3078 1580/3174/3078
f 1519/3138/3079 1550/3175/3079 1549/3131/3079
f 1593/3176/3080 1620/3057/3080 1503/3056/3080
f 1592/3177/3081 1593/3176/3081 1503/3056/3081
f 1528/3171/3082 1532/3173/3083 1589/3178/3084
f 1589/3178/3084 1588/3059/3085 1528/3171/3082
f 1631/3090/3086 1565/3179/3086 1626/3180/3086
f 1565/3179/3087 1631/3090/3087 1567/3089/3087
f 1572/3181/3088 1578/3066/3088 2163/3065/3088
f 2163/3065/3089 1499/3182/3089 1572/3181/3089
f 1569/3183/3090 1572/3181/3090 1499/3182/3090
f 1534/3184/3091 1507/3073/3092 1597/3168/3093
f 1536/3072/3094 1585/3185/3094 1587/3186/3094
f 1587/3186/3095 1507/3073/3006 1536/3072/3005
f 1534/3184/3096 1597/3168/3096 1528/3187/3096
f 1534/3184/3097 1528/3187/3097 1588/3188/3097
f 1534/3184/3098 1588/3188/3098 1622/3189/3098
f 1592/3074/3099 1598/3078/3099 1623/3075/3099
f 1598/3078/3100 1535/3077/3100 1536/3072/3100
f 1630/3190/3101 1534/3191/3101 1622/3192/3101
f 1535/3193/3102 1586/3161/3102 1585/3194/3102
f 1585/3185/3103 1536/3072/3103 1535/3077/3103
f 1522/3163/3104 1505/3162/3104 1550/3175/3104
f 1539/3137/3105 1522/3163/3105 1550/3175/3105
f 1550/3175/3106 1519/3138/3106 1539/3137/3106
f 1522/3163/3107 1539/3137/3107 1517/3136/3107
f 2144/3106/3108 2145/3195/3108 1541/3196/3108
f 1541/3196/3109 1542/3103/3109 2144/3106/3109
f 1543/3197/3110 1542/3198/3110 1553/3199/3110
f 1553/3199/3111 1554/3110/3111 1543/3197/3111
f 2038/3200/3112 2140/3105/3112 1543/3104/3112
f 1543/3197/3113 1545/3201/3113 2038/3202/3113
f 1544/3203/3114 1545/3204/3114 1556/3205/3114
f 1546/3206/3115 1548/3207/3115 1558/3208/3115
f 1558/3208/3116 1557/3209/3116 1546/3206/3116
f 2190/3210/3117 1546/3206/3117 1557/3209/3117
f 1557/3209/3118 2184/3211/3118 2190/3210/3118
f 1545/3212/3119 1555/3213/3119 1556/3214/3119
f 1601/3121/3120 1547/3120/3120 1602/3124/3120
f 1547/3215/3121 1558/3216/3122 1556/3217/3123
f 1556/3217/3124 1514/3218/3124 1547/3215/3124
f 1549/3131/3125 1551/3123/3125 1519/3138/3125
f 1550/3175/3126 1505/3162/3126 1506/3048/3126
f 1506/3048/3127 1549/3131/3127 1550/3175/3127
f 1602/3124/3128 1547/3120/3128 1514/3125/3128
f 1552/3219/3129 1553/3199/3129 1542/3198/3129
f 1542/3198/3130 1541/3220/3130 1552/3219/3130
f 1493/3102/3131 1552/3101/3131 1541/3221/3131
f 1541/3221/3132 2189/3222/3132 1493/3102/3132
f 1554/3110/3133 1555/3109/3133 1545/3201/3133
f 1545/3201/3134 1543/3197/3134 1554/3110/3134
f 1554/3223/3135 1553/3099/3135 1508/3098/3135
f 1508/3132/3136 1524/3107/3136 1554/3110/3136
f 1557/3224/3137 1558/3216/3122 1547/3215/3121
f 1547/3215/3138 1513/3095/3138 1557/3224/3138
f 2184/3094/3139 1557/3224/3139 1513/3095/3139
f 1530/3126/3140 1555/3225/3140 1515/3130/3140
f 1556/3217/3141 1555/3226/3141 1530/3227/3141
f 1556/3217/3142 1530/3227/3142 1514/3218/3142
f 1544/3228/3143 1556/3229/3143 1558/3208/3143
f 1558/3208/3144 1548/3207/3144 1544/3228/3144
f 1563/3230/3145 1494/3140/3145 1512/3142/3145
f 1512/3231/3146 1561/3232/3146 1563/3233/3146
f 1569/3183/3147 2166/3234/3147 1498/3235/3147
f 1512/3231/3148 1624/3236/3148 1627/3237/3148
f 1627/3237/3149 1561/3232/3149 1512/3231/3149
f 1510/3238/3150 1577/3239/3150 1559/3240/3150
f 1563/3148/3151 2167/3046/3151 1494/3044/3151
f 1563/3233/3152 1561/3232/3152 1560/3241/3152
f 1566/3086/3153 1559/3240/3153 1562/3242/3153
f 1627/3237/3154 1562/3242/3154 1561/3232/3154
f 1569/3183/3155 1562/3242/3155 1578/3066/3155
f 1578/3066/3156 1562/3242/3156 1559/3240/3156
f 2146/3058/3157 1620/3057/3157 1629/3243/3157
f 1565/3084/3158 1510/3238/3158 1564/3085/3158
f 1510/3244/3159 1565/3179/3159 1590/3245/3159
f 1590/3245/3160 1533/3154/3160 1510/3244/3160
f 1625/3246/3161 1566/3086/3161 1562/3242/3161
f 1562/3242/3162 1627/3237/3162 1625/3246/3162
f 1564/3085/3163 1510/3238/3163 1559/3240/3163
f 1567/3089/3164 1568/3088/3164 1589/3178/3164
f 1589/3178/3165 1591/3247/3165 1567/3089/3165
f 1588/3059/3166 1568/3088/3166 1621/3060/3166
f 1511/3151/3167 1533/3154/3167 1590/3245/3167
f 1590/3245/3168 1591/3247/3168 1511/3151/3168
f 1566/3086/3169 1625/3246/3169 1632/3087/3169
f 1575/3248/3170 1510/3249/3170 1533/3250/3170
f 1577/3251/3171 1510/3244/3171 1575/3149/3171
f 1570/3152/3172 1531/3156/3172 1518/3150/3172
f 1511/3151/3173 1532/3173/3173 1570/3152/3173
f 1571/3166/3174 1517/3136/3174 1531/3135/3174
f 1531/3156/3175 1570/3152/3175 1571/3252/3175
f 1561/3232/3176 1562/3242/3176 1569/3183/3176
f 1572/3253/3177 1569/3254/3177 1578/3255/3177
f 2146/3058/3178 1628/3256/3178 1573/3141/3178
f 1626/3257/3179 1564/3258/3179 1632/3259/3179
f 1564/3085/3180 1559/3240/3180 1566/3086/3180
f 1628/3256/3181 2146/3058/3181 1629/3243/3181
f 2147/3260/3182 2146/3058/3182 1573/3141/3182
f 1573/3141/3183 1494/3140/3183 2147/3260/3183
f 1628/3256/3184 1624/3261/3184 1512/3142/3184
f 1512/3142/3046 1573/3141/3045 1628/3256/3185
f 1500/3262/3186 1574/3067/3186 2164/3069/3186
f 1504/3263/3187 1574/3264/3187 1576/3265/3187
f 1576/3063/3188 1577/3239/3189 1504/3068/3190
f 1575/3149/3191 1504/3134/3191 1577/3251/3191
f 1574/3067/3192 1500/3262/3192 2168/3064/3192
f 2168/3064/2999 1576/3063/2998 1574/3067/3193
f 1577/3239/3189 1576/3063/3188 1578/3066/3188
f 1560/3241/3194 1561/3232/3194 1569/3183/3194
f 1577/3239/3195 1578/3066/3195 1559/3240/3195
f 1509/3049/3196 1579/3051/3196 1538/3054/3196
f 1579/3051/3197 1506/3048/3197 1505/3162/3197
f 1540/3266/3198 1580/3174/3198 1581/3267/3198
f 1580/3174/3199 1540/3266/3199 1525/3055/3199
f 1579/3051/3200 1505/3162/3200 1526/3164/3200
f 1526/3164/3201 1580/3174/3201 1579/3051/3201
f 1581/3267/3202 1520/3268/3202 1582/3169/3202
f 1582/3169/3203 1587/3186/3203 1581/3267/3203
f 1520/3268/3204 1526/3164/3204 1522/3163/3204
f 1522/3163/3205 1521/3165/3205 1520/3268/3205
f 1495/3038/3206 1537/3269/3206 1502/3045/3206
f 1540/3270/3207 1537/3271/3207 1525/3272/3207
f 1581/3267/3208 1580/3174/3209 1526/3164/3210
f 1526/3164/3210 1520/3268/3211 1581/3267/3208
f 1502/3159/3212 1586/3161/3212 1595/3157/3212
f 1595/3157/3213 2147/3260/3213 1502/3159/3213
f 1583/3167/3214 1582/3169/3214 1520/3268/3214
f 1520/3268/3215 1521/3165/3215 1583/3167/3215
f 1597/3168/3216 1583/3167/3075 1584/3170/3074
f 1584/3170/3074 1528/3187/3217 1597/3168/3216
f 1570/3152/3218 1532/3173/3218 1584/3172/3218
f 1584/3172/3219 1571/3252/3219 1570/3152/3219
f 1540/3266/3220 1587/3186/3220 1585/3185/3220
f 1585/3194/3221 1537/3160/3221 1540/3273/3221
f 1503/3056/3222 1594/3158/3222 1592/3177/3222
f 1585/3194/3223 1586/3161/3223 1537/3160/3223
f 1587/3186/3224 1540/3266/3224 1581/3267/3224
f 1587/3186/3225 1582/3169/3225 1507/3073/3225
f 1588/3059/3226 1589/3178/3226 1568/3088/3226
f 1591/3247/3227 1589/3178/3227 1532/3173/3227
f 1532/3173/3228 1511/3151/3228 1591/3247/3228
f 1591/3247/3229 1590/3245/3229 1565/3179/3229
f 1565/3179/3230 1567/3089/3230 1591/3247/3230
f 1594/3158/3231 1595/3157/3231 1586/3161/3231
f 2147/3260/3232 1595/3157/3232 2146/3058/3232
f 1594/3158/3233 1586/3161/3233 1535/3193/3233
f 1535/3193/3234 1592/3177/3234 1594/3158/3234
f 1534/3184/3091 1630/3274/3235 1596/3071/3236
f 1596/3071/3236 1507/3073/3092 1534/3184/3091
f 1596/3071/3237 1598/3078/3237 1536/3072/3237
f 1630/3274/3238 1623/3075/3238 1598/3078/3238
f 1598/3078/3239 1596/3071/3239 1630/3274/3239
f 1496/3039/3240 1495/3038/3240 1502/3045/3240
f 1569/3183/3241 1499/3182/3241 2166/3234/3241
f 1509/3049/3242 1497/3062/3242 1599/3092/3242
f 1516/3050/3243 1509/3049/3243 1600/3091/3243
f 1599/3092/3244 1600/3091/3244 1509/3049/3244
f 1516/3050/3245 1601/3121/3245 1551/3123/3245
f 1600/3091/3246 1601/3121/3246 1516/3050/3246
f 1603/3122/3247 1602/3124/3247 1514/3125/3247
f 1601/3121/3248 1602/3124/3248 1551/3123/3248
f 1529/3139/3249 1519/3138/3249 1603/3122/3249
f 1519/3138/3250 1551/3123/3250 1603/3122/3250
f 1527/3129/3251 1529/3155/3251 1604/3128/3251
f 1603/3122/3252 1604/3127/3252 1529/3139/3252
f 1605/3097/3253 1552/3100/3253 2164/3275/3253
f 1513/3119/3254 1600/3091/3254 2169/3093/3254
f 410/751/3255 2189/3222/3255 2145/1763/3255
f 2149/3276/3256 1321/2668/3256 2150/3277/3256
f 1282/2673/3257 2151/3278/3257 2152/3279/3257
f 2160/3280/3258 1281/2675/3258 2152/3279/3258
f 1282/2673/3259 2152/3279/3259 1281/2675/3259
f 2148/3281/3260 2156/3282/3260 2153/3283/3260
f 1315/2684/3261 1616/3284/3262 1284/2740/3263
f 2153/3283/3264 1606/3285/3264 2148/3281/3264
f 1616/3284/3262 1315/2684/3261 1610/3286/3265
f 1617/3287/3266 2154/3288/3266 1608/3289/3266
f 1285/2683/3267 1280/2666/3267 1609/3290/3267
f 1321/2668/3268 2149/3276/3268 1609/3290/3268
f 1607/3291/3269 2151/3292/3269 1289/3293/3269
f 2148/3281/3270 1619/3294/3271 1283/2681/3272
f 1606/3285/3273 2155/3295/3274 1612/3296/3275
f 1614/3297/3276 1293/2718/3276 1318/2748/3276
f 1289/2758/3277 1334/2741/3277 1607/3298/3277
f 1282/2673/3278 1289/2672/3278 2151/3278/3278
f 1285/2683/3279 2157/3299/3279 1610/3286/3279
f 2159/3300/3280 1615/3301/3280 1328/2750/3280
f 2156/3282/3281 1617/3302/3281 1608/3303/3281
f 1283/2681/3282 1316/2678/3282 1618/3304/3282
f 1618/3304/3283 1316/2678/3284 1284/2679/3285
f 1612/3296/3275 1619/3294/3286 1606/3285/3273
f 1293/2718/3287 1613/3305/3287 1325/2717/3287
f 2155/3306/3288 1614/3297/3288 1612/3307/3288
f 1317/2749/3289 1325/2717/3289 1613/3305/3289
f 1607/3298/3277 1334/2741/3277 1317/2743/3277
f 1321/2668/3290 1322/2746/3290 2150/3277/3290
f 1328/2745/3291 1281/2675/3291 2159/3308/3291
f 1321/2668/3292 1609/3290/3292 1280/2666/3292
f 2149/3276/3293 2157/3299/3293 1609/3290/3293
f 1285/2683/3294 1609/3290/3294 2157/3299/3294
f 1285/2683/3295 1610/3286/3295 1315/2684/3295
f 2154/3288/3296 1610/3286/3296 2157/3299/3296
f 1318/2748/3297 1324/2698/3297 1612/3307/3297
f 1317/2749/3298 1613/3305/3298 1611/3309/3298
f 1317/2749/3299 1611/3309/3299 1607/3310/3299
f 1612/3307/3300 1324/2698/3300 1292/2700/3300
f 2158/3311/3301 1613/3305/3302 1614/3297/3303
f 1612/3307/3304 1614/3297/3304 1318/2748/3304
f 1613/3305/3305 2158/3311/3305 1611/3309/3305
f 2155/3306/3306 2158/3311/3306 1614/3297/3306
f 1613/3305/3302 1293/2718/3307 1614/3297/3303
f 2159/3308/3308 1281/2675/3308 2160/3280/3308
f 1322/2746/3309 1328/2750/3309 2150/3277/3309
f 1615/3301/3310 2150/3277/3310 1328/2750/3310
f 2154/3288/3311 1616/3284/3311 1610/3286/3311
f 1616/3284/3312 2154/3288/3312 1617/3287/3312
f 2156/3282/3313 1618/3304/3313 1617/3302/3313
f 1284/2740/3314 1616/3284/3314 1617/3287/3314
f 1617/3302/3315 1618/3304/3283 1284/2679/3285
f 2148/3281/3316 1618/3304/3316 2156/3282/3316
f 2148/3281/3270 1606/3285/3317 1619/3294/3271
f 1283/2681/3318 1618/3304/3318 2148/3281/3318
f 1612/3296/3319 1292/2682/3319 1619/3294/3319
f 1619/3294/3320 1292/2682/3320 1283/2681/3320
f 1638/3312/3321 1643/3313/3321 2149/3314/3321
f 2149/3314/3322 2150/3315/3322 1638/3312/3322
f 1634/3316/3323 2152/3317/3323 2151/3318/3323
f 2151/3318/3324 1635/3319/3324 1634/3316/3324
f 1645/3320/3325 2160/3321/3325 2152/3322/3325
f 2152/3317/3326 1634/3316/3326 1645/3323/3326
f 2161/3324/3327 2153/3325/3327 2156/3326/3327
f 1633/3327/3328 1606/3328/3328 2153/3325/3328
f 2153/3325/3329 2161/3324/3329 1633/3327/3329
f 1637/3329/3330 1641/3330/3330 1608/3331/3330
f 1608/3332/3331 2154/3333/3331 1637/3334/3331
f 2151/3335/3332 1607/3336/3332 1635/3337/3332
f 1633/3327/3333 1642/3338/3333 2155/3339/3333
f 2155/3339/3334 1606/3328/3334 1633/3327/3334
f 1646/3340/3335 1615/3341/3335 2159/3342/3335
f 2159/3343/3336 1639/3344/3336 1646/3345/3336
f 1641/3330/3337 2161/3324/3337 2156/3326/3337
f 2156/3326/3338 1608/3331/3338 1641/3330/3338
f 1640/3346/3339 2157/3347/3339 2149/3314/3339
f 2149/3314/3340 1643/3313/3340 1640/3346/3340
f 1640/3346/3341 1637/3334/3341 2154/3333/3341
f 2154/3333/3342 2157/3347/3342 1640/3346/3342
f 1644/3348/3343 1635/3349/3343 1607/3350/3343
f 1607/3351/3344 1611/3352/3344 1644/3353/3344
f 1636/3354/3345 1644/3353/3345 1611/3352/3345
f 1611/3352/3346 2158/3355/3346 1636/3354/3346
f 1642/3356/3347 1636/3354/3347 2158/3355/3347
f 2158/3355/3348 2155/3357/3348 1642/3356/3348
f 1639/3344/3349 2159/3343/3349 2160/3358/3349
f 2160/3358/3350 1645/3359/3350 1639/3344/3350
f 1646/3340/3351 1638/3312/3351 2150/3315/3351
f 2150/3315/3352 1615/3341/3352 1646/3340/3352
f 1638/3360/3353 1625/3361/3353 1643/3362/3353
f 1621/3363/3354 1634/3364/3354 1635/3365/3354
f 1635/3365/3355 1622/3366/3355 1621/3363/3355
f 1631/3367/3356 1645/3368/3356 1634/3364/3356
f 1634/3364/3357 1621/3363/3357 1631/3367/3357
f 1620/3369/3358 1633/3370/3358 2161/3371/3358
f 2161/3371/3359 1629/3372/3359 1620/3369/3359
f 1641/3373/3360 1637/3374/3360 1624/3375/3360
f 1624/3375/3361 1628/3376/3361 1641/3373/3361
f 1642/3377/3362 1633/3370/3362 1620/3369/3362
f 1620/3369/3363 1593/3378/3363 1642/3377/3363
f 1646/3379/3364 1639/3380/3364 1626/3381/3364
f 1626/3381/3365 1632/3382/3365 1646/3379/3365
f 2161/3371/3366 1641/3373/3367 1628/3376/3368
f 1628/3376/3368 1629/3372/3369 2161/3371/3366
f 1627/3383/3370 1640/3384/3371 1643/3362/3372
f 1643/3362/3372 1625/3361/3373 1627/3383/3370
f 1637/3374/3374 1640/3384/3374 1627/3383/3374
f 1627/3383/3375 1624/3375/3375 1637/3374/3375
f 1635/3365/3376 1644/3385/3376 1630/3386/3376
f 1630/3386/3377 1622/3366/3377 1635/3365/3377
f 1644/3385/3378 1636/3387/3378 1623/3388/3378
f 1623/3388/3379 1630/3386/3379 1644/3385/3379
f 1636/3387/3380 1642/3377/3380 1593/3378/3380
f 1593/3378/3381 1623/3388/3381 1636/3387/3381
f 1626/3381/3382 1639/3380/3382 1645/3368/3382
f 1645/3368/3383 1631/3367/3383 1626/3381/3383
f 1638/3360/3384 1646/3379/3384 1632/3382/3384
f 1632/3382/3385 1625/3361/3385 1638/3360/3385
f 1650/3389/3386 1660/3390/3387 1653/3391/3388
f 1650/3389/3386 1653/3391/3388 1710/3392/3389
f 2162/3052/3390 1682/3393/3390 1492/3053/3390
f 1682/3393/3391 2162/3052/3391 1669/3394/3391
f 1647/3395/3392 1694/3396/3392 1751/3397/3392
f 1719/3398/3393 1753/3399/3393 1752/3400/3393
f 1682/3393/3394 1497/3062/3394 1492/3053/3394
f 1497/3062/3395 1682/3393/3395 1653/3391/3395
f 1707/3401/3396 2163/3065/3396 2168/3064/3396
f 2163/3065/3397 1707/3401/3397 1709/3402/3397
f 1705/3403/3398 2164/3069/3398 1648/3404/3398
f 1735/3405/3399 1648/3404/3399 2164/3069/3399
f 1727/3406/3400 1651/3407/3400 1680/3408/3400
f 1723/3409/3401 1724/3410/3401 1754/3411/3401
f 1723/3409/3402 1729/3412/3402 1679/3413/3402
f 1669/3394/3403 1501/3414/3403 1681/3415/3403
f 1501/3040/2982 1669/3416/3404 2162/3041/2983
f 1757/3417/3405 1695/3418/3405 1696/3419/3405
f 1695/3418/3406 1763/3420/3406 1697/3421/3406
f 1752/3400/3407 1698/3422/3407 1699/3423/3407
f 1698/3424/3408 1752/3425/3408 1762/3426/3408
f 1730/3427/3409 2169/3093/3410 1599/3092/3411
f 1657/3428/3412 1731/3429/3413 1685/3430/3414
f 1731/3429/3413 1657/3428/3412 1730/3431/3415
f 1733/3432/3416 1732/3433/3417 1688/3434/3418
f 1658/3435/3419 1734/3436/3419 1674/3437/3419
f 1734/3436/3420 1658/3435/3420 1733/3432/3420
f 1734/3436/3421 1671/3438/3421 1659/3439/3421
f 1659/3439/3422 1674/3437/3422 1734/3436/3422
f 1650/3440/3423 1688/3434/3423 1660/3441/3423
f 1688/3434/3424 1650/3440/3424 1686/3442/3424
f 1652/3443/3425 1648/3404/3425 1735/3405/3425
f 1675/3444/3426 1683/3445/3426 1661/3446/3426
f 1675/3444/3427 1663/3447/3427 1683/3445/3427
f 1675/3444/3428 1673/3448/3428 1663/3447/3428
f 2165/3449/3429 1656/3450/3429 1704/3451/3429
f 1498/3235/3430 1700/3452/3430 1690/3453/3430
f 1690/3454/3431 2167/3046/3431 1498/3147/3431
f 2167/3046/3432 1690/3454/3432 1693/3455/3432
f 1648/3404/3433 1652/3443/3433 1706/3456/3433
f 1662/3457/3434 1701/3458/3434 1655/3459/3434
f 1655/3459/3435 1667/3460/3435 1662/3457/3435
f 1677/3461/3436 1706/3456/3436 1667/3460/3436
f 1667/3460/3437 1655/3459/3437 1677/3461/3437
f 1667/3460/3438 1652/3443/3438 1668/3462/3438
f 1652/3443/3439 1667/3460/3439 1706/3456/3439
f 1673/3448/3440 1662/3463/3440 1671/3438/3440
f 1662/3463/3441 1673/3448/3441 1675/3444/3441
f 1647/3395/3442 1726/3464/3442 1694/3396/3442
f 1726/3464/3443 1647/3395/3443 1725/3465/3443
f 1496/3466/3444 1717/3467/3444 1681/3415/3444
f 1649/3468/3445 1670/3469/3445 1666/3470/3445
f 1665/3471/3446 1661/3446/3446 1666/3470/3446
f 1661/3446/3447 1665/3471/3447 1702/3472/3447
f 1714/3473/3448 1651/3474/3448 1728/3475/3448
f 1651/3474/3449 1714/3473/3449 1713/3476/3449
f 1671/3477/3450 1662/3457/3450 1667/3460/3450
f 1668/3462/3451 1671/3477/3451 1667/3460/3451
f 1671/3438/3452 1668/3478/3452 1659/3439/3452
f 1714/3473/3453 1702/3472/3453 1665/3471/3453
f 1702/3472/3454 1714/3473/3455 1715/3479/3456
f 1672/3480/3457 1676/3481/3457 1715/3479/3457
f 1711/3482/3458 1682/3393/3458 1669/3394/3458
f 1682/3393/3459 1711/3482/3459 1710/3392/3459
f 1663/3447/3460 1686/3442/3460 1687/3483/3460
f 1724/3410/3461 1647/3395/3461 1751/3397/3461
f 1723/3409/3462 1647/3395/3462 1724/3410/3462
f 1672/3480/3463 1720/3484/3463 1676/3481/3463
f 1720/3484/3464 1672/3480/3465 1719/3398/3466
f 1762/3426/3467 1757/3417/3467 1696/3419/3467
f 1696/3419/3468 1698/3424/3468 1762/3426/3468
f 1703/3485/3469 2163/3065/3469 1709/3402/3469
f 2163/3065/3470 1703/3485/3470 1499/3182/3470
f 1700/3452/3471 1499/3182/3471 1703/3485/3471
f 1678/3486/3472 1728/3475/3472 1651/3474/3472
f 1680/3408/3473 1718/3487/3473 1716/3488/3473
f 1718/3487/3474 1680/3408/3474 1651/3407/3474
f 1678/3486/3475 1672/3480/3475 1728/3475/3475
f 1678/3486/3476 1719/3398/3476 1672/3480/3476
f 1678/3486/3477 1753/3399/3477 1719/3398/3477
f 1723/3409/3478 1754/3411/3478 1729/3412/3478
f 1729/3412/3479 1680/3408/3479 1679/3413/3479
f 1761/3489/3480 1753/3399/3480 1678/3486/3480
f 1679/3413/3481 1716/3488/3482 1717/3467/3483
f 1716/3488/3484 1679/3413/3484 1680/3408/3484
f 1666/3470/3485 1687/3483/3485 1649/3468/3485
f 1683/3445/3486 1687/3483/3486 1666/3470/3486
f 1687/3483/3487 1683/3445/3487 1663/3447/3487
f 1666/3470/3488 1661/3446/3488 1683/3445/3488
f 1731/3429/3489 1732/3433/3490 1685/3430/3491
f 1686/3442/3492 1663/3447/3492 1688/3434/3492
f 1687/3483/3493 1650/3440/3493 1649/3468/3493
f 1650/3440/3494 1687/3483/3494 1686/3442/3494
f 1732/3433/3495 1658/3435/3495 1685/3430/3495
f 1693/3490/3496 1656/3450/3496 2165/3449/3496
f 1656/3450/3497 1693/3490/3497 1691/3491/3497
f 1700/3452/3498 1498/3235/3498 2166/3234/3498
f 1656/3450/3499 1758/3492/3499 1755/3493/3499
f 1758/3492/3500 1656/3450/3501 1691/3491/3502
f 1654/3494/3503 1689/3495/3503 1708/3496/3503
f 1693/3455/3504 2165/3047/3504 2167/3046/3504
f 1693/3490/3505 1690/3497/3505 1691/3491/3505
f 1697/3421/3506 1692/3498/3506 1689/3495/3506
f 1758/3492/3500 1691/3491/3502 1692/3499/3507
f 1700/3452/3508 1709/3402/3508 1692/3498/3508
f 1709/3402/3509 1689/3495/3509 1692/3498/3509
f 1694/3396/3510 1760/3500/3510 1751/3397/3510
f 1696/3419/3511 1695/3418/3511 1654/3494/3511
f 1654/3494/3512 1721/3501/3512 1696/3419/3512
f 1721/3501/3513 1654/3494/3513 1677/3461/3513
f 1756/3502/3514 1692/3498/3515 1697/3421/3516
f 1692/3499/3517 1756/3503/3517 1758/3492/3517
f 1695/3418/3518 1689/3495/3518 1654/3494/3518
f 1698/3422/3519 1720/3484/3519 1699/3423/3519
f 1720/3504/3520 1698/3424/3520 1722/3505/3520
f 1719/3398/3521 1752/3400/3521 1699/3423/3521
f 1655/3459/3522 1721/3501/3522 1677/3461/3522
f 1721/3501/3523 1655/3459/3523 1722/3505/3523
f 1697/3421/3516 1763/3420/3524 1756/3502/3514
f 1706/3456/3525 1677/3461/3525 1654/3494/3525
f 1708/3496/3526 1706/3456/3526 1654/3494/3526
f 1701/3506/3527 1662/3463/3527 1675/3444/3527
f 1655/3459/3528 1701/3458/3528 1676/3507/3528
f 1702/3472/3529 1675/3444/3529 1661/3446/3529
f 1675/3444/3530 1702/3472/3530 1701/3506/3530
f 1691/3491/3531 1700/3508/3531 1692/3499/3531
f 1703/3485/3532 1709/3402/3532 1700/3452/3532
f 1694/3509/3533 1704/3451/3534 1759/3510/3535
f 1757/3417/3536 1763/3420/3536 1695/3418/3536
f 1695/3418/3537 1697/3421/3537 1689/3495/3537
f 1759/3510/3535 1760/3511/3538 1694/3509/3533
f 2139/3512/3539 1704/3451/3539 1694/3509/3539
f 1704/3451/3540 2139/3512/3540 2165/3449/3540
f 1759/3510/3541 1656/3450/3541 1755/3493/3541
f 1656/3450/3542 1759/3510/3542 1704/3451/3542
f 1500/3262/3543 2164/3069/3543 1705/3403/3543
f 1648/3404/3544 1707/3401/3545 1705/3403/3546
f 1707/3401/3547 1648/3404/3547 1708/3496/3547
f 1706/3456/3548 1708/3496/3548 1648/3404/3548
f 1705/3403/3549 2168/3064/3549 1500/3262/3549
f 2168/3064/3550 1705/3403/3546 1707/3401/3545
f 1708/3496/3551 1709/3402/3551 1707/3401/3551
f 1690/3497/3552 1700/3508/3552 1691/3491/3552
f 1708/3496/3553 1689/3495/3553 1709/3402/3553
f 1653/3391/3554 1682/3393/3554 1710/3392/3554
f 1710/3392/3555 1649/3513/3555 1650/3389/3555
f 1684/3514/3556 1712/3515/3556 1711/3482/3556
f 1711/3482/3557 1669/3394/3557 1684/3514/3557
f 1710/3392/3558 1670/3516/3558 1649/3513/3558
f 1670/3516/3559 1710/3392/3559 1711/3482/3559
f 1712/3515/3560 1713/3517/3560 1664/3518/3560
f 1713/3517/3561 1712/3515/3561 1718/3487/3561
f 1664/3519/3562 1666/3470/3562 1670/3469/3562
f 1666/3470/3563 1664/3519/3563 1665/3471/3563
f 1501/3040/3564 1496/3039/3564 1681/3520/3564
f 1684/3514/3565 1669/3394/3565 1681/3415/3565
f 1712/3515/3566 1670/3516/3566 1711/3482/3566
f 1670/3516/3567 1712/3515/3567 1664/3518/3567
f 1496/3466/3568 1726/3464/3568 1717/3467/3568
f 1726/3521/3569 1496/3522/3569 2139/3523/3569
f 1714/3473/3570 1664/3519/3571 1713/3476/3572
f 1664/3519/3571 1714/3473/3570 1665/3471/3573
f 1728/3475/3574 1715/3479/3456 1714/3473/3455
f 1715/3479/3456 1728/3475/3574 1672/3480/3575
f 1701/3506/3576 1715/3479/3576 1676/3481/3576
f 1715/3479/3577 1701/3506/3577 1702/3472/3577
f 1684/3514/3578 1716/3488/3578 1718/3487/3578
f 1716/3488/3579 1684/3514/3579 1681/3415/3579
f 1647/3395/3580 1723/3409/3580 1725/3465/3580
f 1716/3488/3581 1681/3415/3581 1717/3467/3581
f 1718/3487/3582 1712/3515/3582 1684/3514/3582
f 1718/3487/3583 1651/3407/3583 1713/3517/3583
f 1719/3398/3466 1699/3423/3584 1720/3484/3464
f 1722/3505/3585 1676/3507/3585 1720/3504/3585
f 1676/3507/3586 1722/3505/3586 1655/3459/3586
f 1722/3505/3587 1696/3419/3587 1721/3501/3587
f 1696/3419/3588 1722/3505/3588 1698/3424/3588
f 1725/3465/3589 1717/3467/3589 1726/3464/3589
f 2139/3524/3590 1694/3396/3590 1726/3464/3590
f 1725/3465/3591 1679/3413/3481 1717/3467/3483
f 1679/3413/3592 1725/3465/3592 1723/3409/3592
f 1678/3486/3593 1727/3525/3594 1761/3489/3595
f 1727/3525/3594 1678/3486/3593 1651/3474/3596
f 1727/3525/3597 1680/3526/3597 1729/3527/3597
f 1761/3489/3598 1729/3527/3598 1754/3528/3598
f 1729/3527/3599 1761/3489/3599 1727/3525/3599
f 1700/3452/3600 2166/3234/3600 1499/3182/3600
f 1653/3391/3601 1599/3092/3601 1497/3062/3601
f 1660/3390/3602 1730/3427/3602 1653/3391/3602
f 1599/3092/3411 1653/3391/3603 1730/3427/3409
f 1660/3441/3604 1688/3434/3604 1731/3429/3604
f 1730/3431/3605 1660/3441/3605 1731/3429/3605
f 1733/3432/3416 1658/3435/3606 1732/3433/3417
f 1731/3429/3489 1688/3434/3607 1732/3433/3490
f 1673/3448/3608 1733/3432/3609 1663/3447/3610
f 1663/3447/3611 1733/3432/3611 1688/3434/3611
f 1671/3438/3612 1734/3436/3612 1673/3448/3612
f 1733/3432/3609 1673/3448/3608 1734/3436/3613
f 1657/3529/3614 2169/3093/3614 1730/3427/3614
f 2170/3530/3615 1346/2822/3616 1749/3531/3617
f 1345/2794/3618 1344/2793/3618 1736/3532/3618
f 1436/2905/3619 1439/2909/3619 1430/2889/3619
f 2170/3530/3615 1749/3531/3617 2176/3533/3620
f 1429/2926/3621 1407/2941/3621 1435/2945/3621
f 1440/2953/3622 1434/2961/3622 1421/2952/3622
f 1360/2777/3623 1402/2912/3623 1404/2963/3623
f 1356/2827/3624 1387/2828/3624 1743/2825/3624
f 1345/2839/3625 2171/3534/3625 1352/2833/3625
f 1442/2893/3626 1363/2818/3626 1421/2887/3626
f 1374/2811/3627 1403/2875/3627 1444/3535/3627
f 1443/2880/3628 1416/2891/3628 1442/2893/3628
f 1924/3536/3629 2230/3537/3629 2234/3538/3629
f 1377/2799/3630 1347/2787/3631 1746/2870/3632
f 1380/2823/3633 1742/3539/3633 1386/2824/3633
f 1406/2767/3634 1750/2938/3634 1867/3540/3634
f 1737/3541/3635 1379/2878/3635 1396/2806/3635
f 2177/2950/3636 2174/3542/3636 1747/2913/3636
f 1870/2942/3637 2219/2946/3637 1435/2945/3637
f 2182/3543/3638 1390/2804/3638 2183/2863/3638
f 2230/3537/3639 1924/3536/3639 1914/3544/3639
f 2175/3545/3640 1742/3539/3640 1744/2826/3640
f 1424/2944/3641 1445/2895/3641 1423/2894/3641
f 1749/3531/3642 1346/2822/3642 1355/2871/3642
f 1411/2858/3643 1410/2877/3643 1441/2951/3643
f 1447/2896/3644 1413/2956/3644 1414/2930/3644
f 1427/2882/3645 1418/2919/3645 1432/2918/3645
f 1441/2951/2855 1410/2877/3646 1434/2961/2856
f 1415/2906/3647 1437/2934/3647 1438/2920/3647
f 1444/3535/3648 1403/2875/3648 1415/2906/3648
f 1438/2920/3649 1437/2934/3649 1447/2896/3649
f 1746/2870/3632 1741/2869/3650 1377/2799/3630
f 2238/3546/3651 2219/2946/3651 1870/2942/3651
f 1412/2879/3652 1428/2925/3653 1443/2880/3654
f 1410/2910/3655 1869/2939/3655 1412/2879/3655
f 1416/2891/3656 1443/2880/3654 1428/2925/3653
f 1440/2953/2843 1397/2831/2842 1420/2886/2854
f 2179/3547/3657 1740/3548/3657 2178/3549/3657
f 1419/2936/3658 1427/2882/3658 1413/2959/3658
f 1404/2963/3659 1402/2912/3659 1437/2934/3659
f 1383/2844/3660 1740/3548/3660 2179/3547/3660
f 1438/2920/3661 1426/2915/3661 1439/2909/3661
f 1374/2811/3662 1444/3535/3662 1422/2888/3662
f 1404/2963/3663 1437/2934/3663 1403/2875/3663
f 1870/2942/3664 1435/2945/3664 1407/2941/3664
f 1744/2826/3665 1380/2823/3665 1356/2827/3665
f 1446/2922/3666 1445/2958/3666 1424/2932/3666
f 1747/2913/3667 2174/3542/3667 1738/2868/3667
f 1745/3550/3668 1736/3532/3668 1344/2793/3668
f 1444/3535/3669 1415/2906/3669 1422/2888/3669
f 1417/2892/3670 2131/2947/3670 2133/2964/3670
f 1379/2878/3671 1743/3551/3671 1387/2796/3671
f 1914/3552/3672 2233/3553/3672 2230/3554/3672
f 2233/3553/3673 1914/3552/3673 1911/3555/3673
f 1441/2951/3674 1420/2886/3674 1431/2901/3674
f 1379/2878/3675 2180/3556/3675 1743/3551/3675
f 2179/3557/3676 1774/3558/3676 1769/3559/3676
f 1769/3560/3677 1739/3561/3677 2179/3562/3677
f 2171/3563/3678 1736/3564/3678 1765/3565/3678
f 1765/3565/3679 1766/3566/3679 2171/3563/3679
f 1736/3567/3680 1745/3568/3680 1776/3569/3680
f 1776/3569/3681 1765/3570/3681 1736/3567/3681
f 2173/3571/3682 2177/3572/3682 2172/3573/3682
f 2172/3574/3683 2176/3575/3683 1764/3576/3683
f 1764/3576/3684 2173/3577/3684 2172/3574/3684
f 2174/3578/3685 1772/3579/3685 1768/3580/3685
f 1768/3580/3686 1738/3581/3686 2174/3578/3686
f 2171/3563/3687 1766/3566/3687 1737/3582/3687
f 2175/3583/3688 1773/3584/3688 1764/3576/3688
f 1764/3576/3689 2176/3575/3689 2175/3583/3689
f 2182/3585/3690 2183/3586/3690 1777/3587/3690
f 1777/3587/3691 1770/3588/3691 2182/3585/3691
f 2177/3572/3692 2173/3571/3692 1772/3579/3692
f 1772/3579/3693 2174/3578/3693 2177/3572/3693
f 2179/3589/3694 2178/3590/3694 1771/3591/3694
f 1771/3592/3695 1774/3558/3695 2179/3557/3695
f 1738/3581/3696 1768/3580/3696 1771/3593/3696
f 1771/3593/3697 2178/3594/3697 1738/3581/3697
f 1737/3582/3698 1766/3566/3698 1775/3595/3698
f 1775/3595/3699 2180/3596/3699 1737/3582/3699
f 2180/3596/3700 1775/3595/3700 1767/3597/3700
f 1767/3597/3701 2181/3598/3701 2180/3596/3701
f 2181/3598/3702 1767/3597/3702 1773/3599/3702
f 1773/3584/3703 2175/3583/3703 2181/3600/3703
f 1745/3568/3704 2182/3585/3704 1770/3588/3704
f 1770/3588/3705 1776/3569/3705 1745/3568/3705
f 1739/3601/3706 1769/3602/3706 1777/3587/3706
f 1777/3587/3707 2183/3586/3707 1739/3601/3707
f 1769/3559/3708 1774/3558/3709 1756/3603/3710
f 1766/3604/3711 1765/3605/3712 1752/3606/3712
f 1752/3606/3713 1753/3607/3713 1766/3604/3713
f 1765/3605/3714 1776/3608/3714 1762/3609/3714
f 1762/3609/3715 1752/3606/3712 1765/3605/3712
f 2173/3610/3716 1764/3611/3716 1751/3612/3716
f 1751/3612/3717 1760/3613/3717 2173/3610/3717
f 1755/3614/3718 1768/3615/3718 1772/3616/3718
f 1772/3616/3719 1759/3617/3719 1755/3614/3719
f 1751/3612/3720 1764/3611/3720 1773/3618/3720
f 1773/3618/3721 1724/3619/3721 1751/3612/3721
f 1757/3620/3722 1770/3621/3722 1777/3622/3722
f 1777/3622/3723 1763/3623/3723 1757/3620/3723
f 1759/3617/3724 1772/3616/3724 2173/3610/3724
f 2173/3610/3725 1760/3613/3725 1759/3617/3725
f 1774/3558/3726 1771/3592/3726 1758/3624/3726
f 1758/3624/3727 1756/3603/3727 1774/3558/3727
f 1758/3624/3728 1771/3592/3728 1768/3615/3728
f 1768/3615/3729 1755/3614/3729 1758/3624/3729
f 1761/3625/3730 1775/3626/3730 1766/3604/3730
f 1766/3604/3731 1753/3607/3731 1761/3625/3731
f 1754/3627/3732 1767/3628/3732 1775/3626/3732
f 1775/3626/3733 1761/3625/3733 1754/3627/3733
f 1724/3619/3734 1773/3618/3734 1767/3628/3734
f 1767/3628/3735 1754/3627/3735 1724/3619/3735
f 1776/3608/3736 1770/3621/3736 1757/3620/3736
f 1757/3620/3737 1762/3609/3737 1776/3608/3737
f 1763/3623/3738 1777/3622/3738 1769/3559/3738
f 1769/3559/3708 1756/3603/3710 1763/3623/3739
f 2145/1763/3740 2189/3222/3740 1541/3221/3740
f 1548/3116/3741 2141/3112/3741 1544/3111/3741
f 2190/3629/3742 2142/3118/3742 1546/3117/3742
f 2184/3094/3743 2169/3096/3744 1657/3630/3745
f 1735/3405/3746 1786/3631/3746 1652/3443/3746
f 1786/3632/3747 1735/3633/3748 1785/3634/3749
f 2164/3069/3750 1493/3102/3750 1785/3635/3750
f 1779/3636/3751 409/3637/3751 1780/3638/3751
f 409/3637/3752 1779/3636/3752 2187/3639/3752
f 1668/3640/3753 1788/3641/3753 1659/3642/3753
f 1788/3643/3754 1668/3478/3754 1787/3644/3754
f 1781/3645/3755 2188/3646/3755 2185/3647/3755
f 2188/3648/3756 1781/3649/3756 1782/3650/3756
f 2186/3651/3757 1784/3652/3757 2185/3647/3757
f 2186/3651/3758 1783/3653/3758 1784/3652/3758
f 2142/3118/3759 1783/3653/3759 2186/3651/3759
f 2187/754/3760 1778/3654/3760 408/750/3760
f 1778/3655/3761 2187/3639/3761 1779/3636/3761
f 1780/3656/3762 1786/3631/3762 1779/3657/3762
f 1786/3631/3763 1780/3656/3763 1787/3658/3763
f 2188/3659/3764 1780/3638/3764 409/3637/3764
f 1780/3660/3765 2188/3648/3765 1782/3650/3765
f 1781/3649/3766 1789/3661/3766 1782/3650/3766
f 1783/3662/3767 1791/3663/3767 1784/3664/3767
f 1791/3663/3768 1783/3662/3768 1790/3665/3768
f 2190/3210/3769 1790/3666/3769 1783/3667/3769
f 1790/3666/3770 2190/3210/3770 2184/3211/3770
f 1782/3650/3771 1789/3661/3771 1788/3643/3771
f 1685/3430/3772 1789/3661/3772 1791/3663/3772
f 1789/3661/3773 1685/3430/3773 1658/3435/3773
f 1785/3635/3774 1779/3657/3774 1786/3631/3774
f 1779/3657/3775 1785/3635/3775 1778/3654/3775
f 1493/3102/3776 1778/3654/3776 1785/3635/3776
f 1778/3654/3777 1493/3102/3777 2189/3222/3777
f 1787/3644/3778 1782/3650/3778 1788/3643/3778
f 1782/3650/3779 1787/3644/3779 1780/3660/3779
f 1787/3658/3780 1652/3443/3780 1786/3631/3780
f 1652/3443/3781 1787/3658/3781 1668/3462/3781
f 1790/3668/3782 1685/3669/3782 1791/3670/3782
f 1685/3669/3783 1790/3668/3783 1657/3630/3783
f 2184/3094/3743 1657/3630/3745 1790/3668/3784
f 1674/3437/3785 1659/3439/3785 1788/3643/3785
f 1789/3671/3786 1674/3672/3786 1788/3673/3786
f 1789/3661/3787 1658/3435/3787 1674/3437/3787
f 1781/3649/3788 1791/3663/3788 1789/3661/3788
f 1791/3663/3789 1781/3649/3789 1784/3664/3789
f 1735/3633/3748 2164/3674/3790 1785/3634/3749
f 410/751/3791 408/750/3791 2189/3222/3791
f 408/750/3792 1778/3654/3792 2189/3222/3792
f 1784/3652/3793 1781/3645/3793 2185/3647/3793
f 2190/3629/3794 1783/3653/3794 2142/3118/3794
f 2209/3675/3795 1448/2983/3795 1449/2982/3795
f 2213/3676/3796 1794/3677/3796 2191/3029/3796
f 1794/3677/3797 2213/3676/3797 2210/3678/3797
f 1449/3002/3798 1792/3679/3798 2209/3680/3798
f 2212/3681/3799 1792/3679/3799 1449/3002/3799
f 1449/3002/3800 1452/3001/3800 2212/3681/3800
f 1453/3013/3801 1793/3682/3801 1454/3037/3801
f 1793/3682/3802 1453/3013/3802 2211/3683/3802
f 1793/3684/3803 1452/3685/3803 1454/3686/3803
f 1452/3001/3804 1793/3687/3804 2212/3681/3804
f 1453/3013/3805 1455/3011/3805 2211/3683/3805
f 1455/3011/3806 2210/3688/3806 2211/3683/3806
f 2210/3688/3807 1455/3011/3807 1450/3028/3807
f 1450/3028/3808 1794/3689/3808 2210/3688/3808
f 1794/3677/3809 1478/3030/3809 2191/3029/3809
f 1794/3689/3810 1450/3028/3810 1478/3034/3810
f 2217/3690/3811 1795/3691/3811 1448/2983/3811
f 1468/2996/3812 1795/3691/3812 2216/3692/3812
f 2216/3692/3813 2215/3693/3813 1451/2994/3813
f 2214/3694/3814 2213/3676/3814 2191/3029/3814
f 2214/3694/3815 1451/3033/3815 2215/3695/3815
f 2191/3029/3816 1451/3033/3816 2214/3694/3816
f 2216/3692/3817 1451/2994/3817 1468/2996/3817
f 1468/2996/3818 1448/2983/3818 1795/3691/3818
f 2217/3690/3819 1448/2983/3819 2209/3675/3819
f 1796/3696/3820 1797/3697/3820 1798/3698/3820
f 1799/3699/3821 1800/3700/3821 1798/3698/3821
f 1798/3701/3822 1797/3702/3822 1861/3703/3822
f 1801/3704/3823 1802/3705/3823 1852/3706/3823
f 1852/3707/3824 1829/3708/3824 1801/3709/3824
f 2196/3710/3825 2205/3711/3825 2195/3712/3825
f 2194/3713/3826 2208/3714/3826 2195/3712/3826
f 2195/3712/3827 1803/3715/3827 2194/3713/3827
f 2195/3712/3828 2205/3711/3828 1803/3715/3828
f 2206/3716/3829 2205/3711/3830 2196/3710/3831
f 2196/3710/3831 2193/3717/3832 2206/3716/3829
f 1804/3718/3833 2198/3719/3833 1805/3720/3833
f 1804/3718/3834 2197/3721/3834 2198/3719/3834
f 1837/3722/3835 2202/3723/3835 2201/3724/3835
f 2201/3724/3836 2204/3725/3836 1837/3722/3836
f 2193/3717/3837 2203/3726/3837 2199/3727/3837
f 2203/3726/3838 2193/3717/3838 2196/3710/3838
f 1823/3728/3839 1855/3729/3839 1802/3705/3839
f 1802/3705/3840 1801/3704/3840 1823/3728/3840
f 1842/3730/3841 1841/3731/3841 1831/3732/3841
f 1831/3732/3842 1807/3733/3842 1842/3730/3842
f 1831/3732/3843 1829/3734/3843 1852/3706/3843
f 1852/3706/3844 1807/3733/3844 1831/3732/3844
f 1839/3735/3845 1838/3736/3845 1809/3737/3845
f 1809/3737/3846 1806/3738/3846 1839/3735/3846
f 1826/3739/3847 1810/3740/3847 1796/3696/3847
f 1796/3696/3848 1798/3698/3848 1826/3739/3848
f 1846/3741/3849 1812/3742/3849 1811/3743/3849
f 1811/3743/3850 1845/3744/3850 1846/3741/3850
f 1813/3745/3851 1800/3700/3852 1814/3746/3853
f 1856/3747/3854 1814/3746/3853 1800/3700/3852
f 1848/3748/3855 1857/3749/3855 1858/3750/3855
f 1858/3750/3856 1817/3751/3856 1848/3748/3856
f 1819/3752/3857 1817/3751/3857 1858/3750/3857
f 1858/3750/3858 1859/3753/3858 1819/3752/3858
f 1866/3754/3859 2218/3755/3859 2192/3756/3859
f 2192/3756/3860 1850/3757/3860 1866/3754/3860
f 1821/3758/3861 2192/3756/3861 2218/3755/3861
f 1821/3758/3862 2218/3755/3862 1865/3759/3862
f 1821/3758/3863 1865/3759/3863 1864/3760/3863
f 1821/3758/3864 1864/3760/3864 1860/3761/3864
f 1823/3728/3865 1821/3762/3865 1860/3763/3865
f 1860/3763/3866 1855/3729/3866 1823/3728/3866
f 1855/3729/3867 1862/3764/3867 1802/3705/3867
f 1853/3765/3868 1808/3766/3868 1839/3735/3868
f 1808/3766/3869 1853/3765/3869 1811/3767/3869
f 1856/3747/3870 1799/3699/3870 1861/3768/3870
f 1862/3769/3871 1863/3770/3871 1853/3765/3871
f 1863/3770/3872 1861/3771/3872 1797/3772/3872
f 1797/3772/3873 1853/3765/3873 1863/3770/3873
f 1852/3706/3874 1802/3705/3874 1862/3764/3874
f 1862/3769/3875 1854/3773/3875 1852/3774/3875
f 1797/3772/3876 1796/3775/3876 1845/3776/3876
f 1845/3776/3877 1811/3767/3877 1797/3772/3877
f 1807/3777/3878 1854/3773/3878 1842/3778/3878
f 1843/3779/3879 2204/3725/3879 2201/3724/3879
f 2201/3724/3880 1805/3720/3880 1843/3779/3880
f 2200/3780/3881 1804/3718/3881 1805/3720/3881
f 1805/3720/3882 2201/3724/3882 2200/3780/3882
f 1812/3742/3883 1834/3781/3883 1808/3782/3883
f 1808/3782/3884 1811/3743/3884 1812/3742/3884
f 1848/3748/3885 1849/3783/3885 1815/3784/3885
f 1815/3784/3886 1814/3746/3886 1848/3748/3886
f 1818/3785/3887 1816/3786/3887 1817/3751/3887
f 1817/3751/3888 1819/3752/3888 1818/3785/3888
f 1851/3787/3889 1818/3785/3889 1819/3752/3889
f 1819/3752/3890 1850/3788/3890 1851/3787/3890
f 1820/3789/3891 2207/3790/3891 2192/3756/3891
f 2192/3756/3892 1821/3758/3892 1820/3789/3892
f 1822/3791/3893 1820/3792/3893 1821/3762/3893
f 1821/3762/3894 1823/3728/3894 1822/3791/3894
f 1825/3793/3895 1824/3794/3895 1810/3740/3895
f 1810/3740/3896 1826/3739/3896 1825/3793/3896
f 1828/3795/3897 1827/3796/3897 1823/3728/3897
f 1801/3709/3898 1829/3708/3898 1828/3797/3898
f 1799/3699/3899 1856/3747/3899 1800/3700/3899
f 2198/3719/3900 2199/3727/3901 2203/3726/3902
f 2199/3727/3901 2198/3719/3900 2197/3721/3903
f 1798/3698/3904 1800/3700/3904 1813/3745/3904
f 1813/3745/3905 1826/3739/3905 1798/3698/3905
f 1799/3699/3906 1798/3698/3906 1861/3768/3906
f 1828/3795/3907 1829/3734/3908 1831/3732/3909
f 1831/3732/3909 1830/3798/3910 1828/3795/3907
f 1840/3799/3911 1832/3800/3912 1809/3801/3913
f 1809/3801/3913 1838/3802/3914 1840/3799/3911
f 1814/3746/3915 1815/3784/3915 1835/3803/3915
f 1835/3803/3916 1813/3745/3916 1814/3746/3916
f 1846/3804/3917 1810/3740/3917 1824/3794/3917
f 1824/3794/3918 1847/3805/3918 1846/3804/3918
f 1833/3806/3919 1834/3781/3919 1812/3742/3919
f 1812/3742/3920 1836/3807/3920 1833/3806/3920
f 1835/3803/3921 1825/3793/3921 1826/3739/3921
f 1826/3739/3922 1813/3745/3922 1835/3803/3922
f 1827/3796/3923 1822/3791/3923 1823/3728/3923
f 1823/3728/3924 1801/3704/3924 1828/3795/3924
f 1841/3731/3925 1844/3808/3925 1830/3798/3925
f 1830/3798/3926 1831/3732/3926 1841/3731/3926
f 1849/3783/3927 2206/3809/3927 2193/3810/3927
f 2193/3810/3928 1815/3784/3928 1849/3783/3928
f 1818/3785/3929 1803/3811/3929 2205/3812/3929
f 2205/3812/3930 1816/3786/3930 1818/3785/3930
f 2194/3813/3931 1803/3811/3931 1818/3785/3931
f 1818/3814/3932 1851/3815/3932 2194/3816/3932
f 2195/3817/3933 2208/3818/3933 2207/3790/3933
f 2207/3790/3934 1820/3789/3934 2195/3817/3934
f 2196/3819/3935 2195/3820/3935 1820/3792/3935
f 1820/3792/3936 1822/3791/3936 2196/3819/3936
f 2197/3821/3937 1804/3822/3938 1824/3794/3939
f 1824/3794/3939 1825/3793/3940 2197/3821/3937
f 2198/3823/3941 2203/3824/3941 1827/3796/3941
f 1827/3796/3942 1828/3795/3942 2198/3823/3942
f 1830/3798/3943 1805/3825/3943 2198/3823/3943
f 2198/3823/3944 1828/3795/3944 1830/3798/3944
f 1837/3826/3945 2204/3827/3945 1832/3800/3945
f 1832/3800/3946 1840/3799/3946 1837/3826/3946
f 1815/3784/3947 2193/3810/3947 2199/3828/3947
f 2199/3828/3948 1835/3803/3948 1815/3784/3948
f 1847/3829/3949 2200/3830/3949 2201/3831/3949
f 2201/3831/3950 1836/3807/3950 1847/3829/3950
f 1836/3807/3951 2201/3831/3951 2202/3832/3951
f 2202/3832/3952 1833/3806/3952 1836/3807/3952
f 2199/3828/3953 2197/3821/3953 1825/3793/3953
f 1825/3793/3954 1835/3803/3954 2199/3828/3954
f 2203/3824/3955 2196/3819/3955 1822/3791/3955
f 1822/3791/3956 1827/3796/3956 2203/3824/3956
f 1843/3833/3957 1805/3825/3957 1830/3798/3957
f 1830/3798/3958 1844/3808/3958 1843/3833/3958
f 1808/3834/3959 1834/3835/3959 1838/3836/3959
f 1838/3837/3960 1839/3838/3960 1808/3839/3960
f 1853/3765/3961 1842/3778/3961 1854/3773/3961
f 1834/3781/3962 1833/3806/3962 1840/3840/3962
f 1840/3840/3963 1838/3841/3963 1834/3781/3963
f 1840/3840/3964 1833/3806/3965 2202/3832/3966
f 2202/3832/3966 1837/3842/3967 1840/3840/3964
f 1806/3843/3968 1809/3801/3969 1841/3731/3970
f 1841/3731/3971 1842/3730/3971 1806/3843/3971
f 1809/3801/3972 1832/3800/3972 1844/3808/3972
f 1844/3808/3973 1841/3731/3970 1809/3801/3969
f 1844/3808/3974 1832/3800/3975 2204/3827/3976
f 2204/3827/3976 1843/3833/3977 1844/3808/3974
f 1853/3765/3978 1839/3735/3978 1806/3738/3978
f 1806/3738/3979 1842/3778/3979 1853/3765/3979
f 1845/3844/3980 1796/3845/3980 1810/3846/3980
f 1810/3740/3981 1846/3804/3981 1845/3847/3981
f 1811/3767/3982 1853/3765/3982 1797/3772/3982
f 1847/3829/3983 1836/3807/3983 1812/3742/3983
f 1812/3742/3984 1846/3741/3984 1847/3829/3984
f 1824/3848/3985 1804/3849/3985 2200/3830/3985
f 2200/3830/3986 1847/3829/3986 1824/3848/3986
f 1814/3746/3987 1856/3747/3987 1857/3749/3987
f 1857/3749/3988 1848/3748/3988 1814/3746/3988
f 1817/3751/3989 1816/3786/3989 1849/3783/3989
f 1849/3783/3990 1848/3748/3990 1817/3751/3990
f 1849/3783/3991 1816/3786/3991 2205/3812/3991
f 2205/3812/3992 2206/3809/3992 1849/3783/3992
f 1850/3788/3993 1819/3752/3993 1859/3753/3993
f 1859/3753/3994 1866/3850/3994 1850/3788/3994
f 1850/3757/3995 2192/3756/3995 2207/3790/3995
f 2207/3790/3996 1851/3851/3996 1850/3757/3996
f 1851/3851/3997 2207/3790/3997 2208/3818/3997
f 2208/3818/3998 2194/3852/3998 1851/3851/3998
f 1852/3774/3999 1854/3773/3999 1807/3777/3999
f 1853/3765/4000 1854/3773/4000 1862/3769/4000
f 1862/3764/4001 1792/3679/4001 2212/3681/4001
f 2210/3678/4002 1857/3749/4003 1856/3747/4004
f 2214/3694/4005 1866/3850/4005 1859/3753/4005
f 1855/3729/4006 1792/3679/4006 1862/3764/4006
f 1855/3729/4007 1860/3763/4007 2209/3680/4007
f 2209/3680/4008 1792/3679/4008 1855/3729/4008
f 2211/3683/4009 2210/3688/4009 1856/3853/4009
f 1856/3747/4010 1861/3768/4010 2211/3854/4010
f 1793/3855/4011 1861/3771/4011 1863/3770/4011
f 1862/3769/4012 2212/3856/4012 1793/3855/4012
f 1857/3749/4003 2210/3678/4002 2213/3676/4013
f 2213/3676/4014 1858/3750/4014 1857/3749/4014
f 1858/3750/4015 2213/3676/4015 2214/3694/4015
f 2214/3694/4016 1859/3753/4016 1858/3750/4016
f 2216/3692/4017 2218/3755/4017 1866/3754/4017
f 1866/3754/4018 2215/3693/4018 2216/3692/4018
f 2209/3675/4019 1860/3761/4019 1864/3760/4019
f 1864/3760/4020 2217/3690/4021 2209/3675/4022
f 1862/3769/4023 1793/3855/4023 1863/3770/4023
f 1793/3855/4024 2211/3857/4024 1861/3771/4024
f 1865/3759/4025 1795/3691/4025 2217/3690/4025
f 2217/3690/4021 1864/3760/4020 1865/3759/4026
f 2218/3755/4027 2216/3692/4027 1795/3691/4027
f 1795/3691/4028 1865/3759/4028 2218/3755/4028
f 1866/3850/4029 2214/3694/4029 2215/3695/4029
f 1446/2922/2790 1376/2773/4030 2133/2921/2788
f 1348/2800/4031 1741/2869/4031 2178/3858/4031
f 2176/3533/4032 1742/3539/4033 2175/3545/4034
f 1418/2919/4035 2133/2921/4035 2131/2960/4035
f 2179/3859/4036 1739/3860/4036 1383/3861/4036
f 1742/3539/4037 1749/3531/4037 1355/2871/4037
f 1345/2839/4038 1736/3862/4038 2171/3534/4038
f 1348/2835/4039 1740/3548/4039 1343/2836/4039
f 1438/2920/4040 1447/2896/4040 1414/2930/4040
f 1346/2862/4041 2170/2949/4042 1748/2914/4043
f 1383/2844/4044 1343/2836/4044 1740/3548/4044
f 1348/2800/4045 2178/3858/4045 1740/3863/4045
f 1376/2773/4046 1446/2922/4046 1424/2932/4046
f 1737/3541/4047 1352/2833/4047 2171/3534/4047
f 1742/3539/4033 2176/3533/4032 1749/3531/4048
f 1352/2833/3635 1737/3541/3635 1396/2806/3635
f 1383/2844/4049 1739/2803/4049 1384/2802/4049
f 1748/2914/2781 1347/2787/2780 1378/2789/4050
f 1434/2881/4051 1442/2893/4051 1421/2887/4051
f 2231/2966/4052 1903/2846/4052 1880/2841/4052
f 1346/2862/4041 1748/2914/4043 1378/2789/4053
f 1903/2846/4054 2231/2966/4054 1913/2968/4054
f 1390/2804/4055 2182/3543/4055 1344/2793/4055
f 2170/2949/4056 2172/3864/4056 2177/2950/4056
f 1379/2878/4057 1737/3541/4057 2180/3556/4057
f 1348/2800/4058 1377/2799/4058 1741/2869/4058
f 2182/3543/4059 1745/3550/4059 1344/2793/4059
f 1905/2848/4060 1901/3865/4060 1900/3866/4060
f 1897/3867/4061 1898/3868/4061 1899/3869/4061
f 1899/3869/4062 1900/3866/4062 1901/3865/4062
f 1742/3539/4063 1380/2823/4063 1744/2826/4063
f 1929/3870/4064 1895/3871/4064 1894/3872/4064
f 1893/3873/4065 1894/3874/4065 1895/3875/4065
f 1347/2787/4066 1747/2913/2848 1746/2870/2847
f 2230/3876/4067 1920/3877/4067 2228/3878/4067
f 1888/3879/4068 1884/3880/4068 1912/3881/4068
f 1738/2868/4069 2178/3858/4069 1741/2869/4069
f 1742/3539/4070 1355/2871/4070 1386/2824/4070
f 1923/3882/4071 1887/3883/4071 1888/3884/4071
f 1872/3885/4072 1904/3886/4072 1874/3887/4072
f 2177/2950/4073 1747/2913/4073 1748/2914/4073
f 1750/2938/4074 1406/2767/4074 1405/2899/4074
f 1875/3888/4075 1939/3889/4075 1874/3887/4075
f 2231/3890/4076 1880/3891/4077 2227/3892/4078
f 1899/3869/4079 1942/3893/4079 1943/3894/4079
f 1899/3869/4080 1938/3895/4080 1942/3893/4080
f 1903/2846/4081 1886/3896/4081 1902/2842/4081
f 1900/3866/4082 1899/3869/4082 1898/3868/4082
f 1934/3897/4083 1876/3898/4084 1890/3899/4085
f 1889/3900/4086 1890/3899/4085 1876/3898/4084
f 2228/3878/4087 2234/3901/4087 2230/3876/4087
f 2234/3901/4088 2228/3878/4088 2226/3902/4088
f 1940/3903/4089 1930/3904/4089 1932/3905/4089
f 1873/3906/4090 1922/3907/4090 1872/3908/4090
f 1874/3909/4091 1939/3910/4091 1873/3906/4091
f 1909/3911/4092 1906/2860/4093 1908/2902/4094
f 1890/3899/4095 1913/2968/4095 1891/2965/4095
f 1913/2968/4096 1890/3899/4096 1889/3900/4096
f 1923/3882/4097 1902/2842/4097 1886/3896/4097
f 1902/2842/4098 1923/3882/4098 1924/3536/4098
f 1896/3912/4099 2224/3913/4099 1898/3868/4099
f 2225/3914/4100 1898/3868/4100 2224/3913/4100
f 2232/2849/4101 1900/3866/4101 2225/3914/4101
f 1894/3872/4102 2223/3915/4102 1929/3870/4102
f 2224/3913/4103 1896/3912/4103 2235/3916/4103
f 1900/3866/4104 2232/2849/4104 1905/2848/4104
f 1888/3917/4105 1911/3555/4105 1914/3552/4105
f 1913/2968/4106 1904/3886/4106 1903/2846/4106
f 1927/3918/4107 2221/2967/4107 1925/3919/4107
f 1875/3888/4108 1876/3898/4108 1934/3897/4108
f 1906/2860/4109 1901/3865/4109 1905/2848/4109
f 1904/3886/4110 1913/2968/4110 1889/3900/4110
f 1894/3874/4111 1879/3920/4111 2222/3921/4111
f 1879/3920/4112 1894/3874/4112 1892/3922/4112
f 2223/3915/4113 1894/3872/4113 2222/3923/4113
f 2221/2967/4114 1927/3918/4114 1891/2965/4114
f 1908/2902/4115 1918/3924/4115 1909/3911/4115
f 1934/3897/4116 1939/3889/4116 1875/3888/4116
f 1941/3925/4117 1873/3906/4117 1939/3910/4117
f 1874/3887/4118 1889/3900/4118 1876/3898/4118
f 1938/3895/4119 1901/3865/4119 1933/3926/4119
f 1901/3865/4120 1938/3895/4120 1899/3869/4120
f 1873/3906/4121 1941/3925/4121 1931/3927/4121
f 1930/3904/4122 1940/3903/4122 1878/3928/4122
f 1919/3929/4123 1909/3911/4123 1918/3924/4123
f 1872/3908/4124 1874/3909/4124 1873/3906/4124
f 1926/3930/4125 1891/2965/4126 1927/3918/4127
f 1884/3880/4128 1888/3879/4128 1887/3931/4128
f 1877/3932/4129 1930/3904/4129 1878/3928/4129
f 1930/3904/4130 1877/3932/4130 1907/3933/4130
f 1898/3868/4131 1897/3867/4131 1896/3912/4131
f 1895/3871/4132 1929/3870/4133 1928/3934/4134
f 1920/3935/4135 1908/3936/4135 2228/3937/4135
f 1908/3936/4136 1920/3935/4136 1921/3938/4136
f 2225/3939/4137 2224/3940/4137 1879/3941/4137
f 2227/3892/4078 2232/3942/4138 2231/3890/4076
f 2223/3943/4139 2224/3940/4139 2235/3944/4139
f 2224/3940/4140 2223/3943/4140 2222/3945/4140
f 2230/3876/4141 2229/3946/4141 1881/3947/4141
f 1925/3948/4142 2225/3939/4143 1879/3941/4144
f 1906/2860/4093 1909/3911/4092 1907/3933/4145
f 1743/3551/4146 2180/3556/4146 2181/3949/4146
f 2175/3545/4147 1744/2826/4147 2181/2948/4147
f 1875/3888/4148 1874/3887/4148 1876/3898/4148
f 2224/3940/4149 2222/3945/4149 1879/3941/4149
f 1901/3865/4150 1906/2860/4150 1877/3932/4150
f 1878/3928/4151 1901/3865/4151 1877/3932/4151
f 1901/3865/4152 1878/3928/4152 1933/3926/4152
f 1936/3950/4153 1926/3930/4153 1893/3873/4153
f 1936/3950/4154 1895/3875/4154 1937/3951/4154
f 1909/3911/4155 1930/3904/4155 1907/3933/4155
f 1930/3904/4156 1909/3911/4156 1883/3952/4156
f 1883/3953/4157 1919/3954/4157 1932/3955/4157
f 2232/3942/4158 2225/3939/4158 2221/3956/4158
f 1909/3911/4159 1919/3929/4159 1883/3952/4159
f 1904/3886/4160 1872/3885/4160 1886/3896/4160
f 1916/3957/4161 1885/3958/4161 1915/3959/4161
f 1885/3958/4162 1916/3957/4162 1882/3960/4162
f 2229/3946/4163 2230/3876/4163 2233/3961/4163
f 2226/3902/4164 2227/3892/4164 1880/3891/4164
f 1884/3880/4165 1887/3931/4165 1931/3927/4165
f 1899/3869/4166 2220/3962/4166 1897/3867/4166
f 1884/3963/4167 1915/3959/4167 1912/3964/4167
f 1915/3959/4168 1884/3963/4168 1916/3957/4168
f 1931/3927/4169 1932/3955/4169 1919/3954/4169
f 1912/3964/4170 1917/2954/4170 1911/3555/4170
f 1917/2954/4171 1912/3964/4171 1915/3959/4171
f 1917/2954/4172 2233/3553/4173 1911/3555/4174
f 2233/3553/4173 1917/2954/4172 2229/2927/4175
f 1882/3960/4176 1918/3965/4177 1885/3958/4178
f 1918/3965/4179 1882/3960/4179 1919/3966/4179
f 1885/3958/4180 1921/3938/4180 1910/2928/4180
f 1921/3938/4181 1885/3958/4178 1918/3965/4177
f 1921/3938/4182 1881/2929/4183 1910/2928/4184
f 1881/2929/4183 1921/3938/4182 1920/3935/4185
f 1931/3927/4186 1882/3967/4186 1916/3968/4186
f 1882/3967/4187 1931/3927/4187 1919/3954/4187
f 1922/3969/4188 1886/3896/4188 1872/3885/4188
f 1886/3896/4189 1922/3969/4189 1923/3882/4189
f 1887/3931/4190 1873/3906/4190 1931/3927/4190
f 1924/3536/4191 1888/3884/4191 1914/3544/4191
f 1888/3884/4192 1924/3536/4192 1923/3882/4192
f 1902/2842/4193 2234/3538/4193 2226/2843/4193
f 2234/3538/4194 1902/2842/4194 1924/3536/4194
f 1890/3899/4195 1935/3970/4195 1934/3897/4195
f 1935/3970/4196 1890/3899/4196 1926/3930/4196
f 1893/3873/4197 1927/3918/4197 1892/3922/4197
f 1927/3918/4198 1893/3873/4198 1926/3930/4198
f 1927/3918/4199 1879/3920/4199 1892/3922/4199
f 1879/3920/4200 1927/3918/4200 1925/3919/4200
f 1928/3934/4134 1937/3971/4201 1895/3871/4132
f 1937/3971/4201 1928/3934/4134 1944/3972/4202
f 1887/3883/4203 1923/3882/4203 1922/3969/4203
f 1926/3930/4204 1936/3950/4204 1935/3970/4204
f 2226/3902/4205 2228/3878/4205 2227/3892/4205
f 1895/3875/4206 1936/3950/4206 1893/3873/4206
f 1944/3972/4207 1897/3973/4207 2220/3974/4207
f 1928/3934/4208 1896/3975/4208 1897/3973/4208
f 1896/3975/4209 1928/3934/4209 1929/3870/4209
f 1897/3973/4210 1944/3972/4210 1928/3934/4210
f 1899/3869/4211 1943/3894/4211 2220/3962/4211
f 1931/3927/4212 1916/3968/4212 1884/3880/4212
f 1933/3926/4213 1878/3928/4213 1940/3903/4213
f 1929/3870/4214 2235/3976/4214 1896/3975/4214
f 2235/3976/4215 1929/3870/4215 2223/3915/4215
f 2225/3939/4143 1925/3948/4142 2221/3956/4216
f 1886/3896/4217 1903/2846/4217 1904/3886/4217
f 1940/3977/4218 1931/3927/4218 1941/3925/4218
f 1922/3907/4219 1873/3906/4219 1887/3931/4219
f 1877/3932/4220 1906/2860/4220 1907/3933/4220
f 1920/3877/4221 2230/3876/4221 1881/3947/4221
f 2221/3956/4222 2231/3890/4222 2232/3942/4222
f 1930/3904/4223 1883/3952/4223 1932/3905/4223
f 1931/3927/4224 1940/3977/4224 1932/3955/4224
f 1917/2954/4225 1885/3958/4226 1910/2928/4227
f 1885/3958/4226 1917/2954/4225 1915/3959/4228
f 1894/3874/4229 1893/3873/4229 1892/3922/4229
f 1891/2965/4126 1926/3930/4125 1890/3899/4230
f 1940/3903/4231 2236/2768/4232 1867/3540/4233
f 2237/2940/4234 1934/3897/4234 1935/3970/4234
f 1911/3555/4235 1888/3917/4235 1912/3964/4235
f 1898/3868/4236 2225/3914/4236 1900/3866/4236
f 2242/2908/4237 1937/3971/4237 1944/3972/4237
f 1933/3926/4238 1940/3903/4238 1867/3540/4238
f 1933/3926/4239 1750/2938/4239 1938/3895/4239
f 1750/2938/4240 1933/3926/4240 1867/3540/4240
f 1889/3900/4241 1874/3887/4241 1904/3886/4241
f 1918/3924/4242 1908/2902/4242 1921/3978/4242
f 1869/2939/4243 1934/3897/4243 2237/2940/4243
f 1934/3897/4244 1869/2939/4244 1939/3889/4244
f 1868/3979/4245 1941/3925/4245 1939/3910/4245
f 1940/3903/4246 1868/3980/4246 2236/2768/4246
f 1935/3970/4247 2238/3546/4247 2237/2940/4247
f 2238/3546/4248 1935/3970/4248 1936/3950/4248
f 1936/3950/4249 2242/3981/4249 2238/3546/4249
f 2242/3981/4250 1936/3950/4250 1937/3951/4250
f 2241/2955/4251 1944/3972/4251 2220/3974/4251
f 1944/3972/4252 2241/2955/4252 2239/2935/4252
f 1750/2938/4253 1942/3893/4253 1938/3895/4253
f 1942/3893/4254 1750/2938/4254 2240/2937/4254
f 1940/3977/4255 1941/3925/4255 1868/3979/4255
f 1868/3979/4256 1939/3910/4256 1869/3982/4256
f 1943/3894/4257 2240/2937/4257 1871/2898/4257
f 2240/2937/4258 1943/3894/4258 1942/3893/4258
f 2220/3962/4259 1871/2898/4259 2241/2931/4259
f 1871/2898/4260 2220/3962/4260 1943/3894/4260
f 1944/3972/4261 2239/2935/4261 2242/2908/4261
f 2250/3983/4262 1948/3984/4262 1946/3985/4262
f 1946/3985/4263 1947/3986/4263 2250/3983/4263
f 1946/3985/4264 1948/3984/4264 1945/3987/4264
f 1947/3988/4265 1946/3989/4265 2243/3990/4265
f 2243/3990/4266 2252/3991/4266 1947/3988/4266
f 1948/3992/4267 2250/3993/4267 2244/3994/4267
f 2244/3994/4268 2245/3995/4268 1948/3992/4268
f 2245/3996/4269 2246/3997/4269 2247/3998/4269
f 2245/3996/4270 2247/3998/4270 1945/3999/4270
f 2245/4000/4271 1945/4001/4271 1948/4002/4271
f 1946/3989/4272 1945/4003/4272 2247/4004/4272
f 2247/4004/4273 2243/3990/4273 1946/3989/4273
f 2249/4005/4274 2247/3998/4274 2246/3997/4274
f 2246/3997/4275 2248/4006/4275 2249/4005/4275
f 2250/3983/4276 1950/4007/4276 1951/4008/4276
f 1950/4007/4277 2250/3983/4277 1947/3986/4277
f 1950/4007/4278 1949/4009/4278 1951/4008/4278
f 1947/3988/4279 2251/4010/4279 1950/4011/4279
f 2251/4010/4280 1947/3988/4280 2252/3991/4280
f 1951/4012/4281 2244/3994/4281 2250/3993/4281
f 2244/3994/4282 1951/4012/4282 2253/4013/4282
f 2253/4013/4283 2254/4014/4283 2255/4015/4283
f 2253/4013/4284 1949/4016/4284 2254/4014/4284
f 2253/4013/4285 1951/4012/4285 1949/4016/4285
f 1950/4017/4286 2254/4018/4286 1949/4019/4286
f 2254/4020/4287 1950/4011/4287 2251/4010/4287
f 2256/4021/4288 2255/4015/4288 2254/4014/4288
f 2255/4015/4289 2256/4021/4289 2257/4022/4289
f 1870/2942/4290 2237/2940/4290 2238/3546/4290
f 2236/2768/4232 1406/2767/4291 1867/3540/4233
f 2130/2821/4292 2128/2812/4292 1365/2813/4292
f 2128/2812/4293 2129/2775/4293 1373/2774/4293
f 2170/3530/4294 2176/3533/4294 2172/4023/4294
f 2219/2907/4295 2238/4024/4295 2242/2908/4295
f 3024/4025/4296 2358/4026/4296 3167/4027/4296
f 2370/4028/4297 3409/4029/4297 3380/4030/4297
f 2448/4031/4298 3157/4032/4299 2510/4033/4300
f 2440/4034/4301 2916/4035/4301 2367/4036/4301
f 2438/4037/4302 3172/4038/4302 3271/4039/4302
f 2326/4040/4303 3077/4041/4303 3045/4042/4303
f 2296/4043/4304 2802/4044/4304 3126/4045/4304
f 2978/4046/4305 2294/4047/4305 3085/4048/4305
f 2560/4049/4306 3081/4050/4306 2828/4051/4306
f 3114/4052/4307 2996/4053/4307 2278/4054/4307
f 2657/4055/4308 3099/4056/4308 2476/4057/4308
f 2307/4058/4309 3170/4059/4309 3297/4060/4309
f 2486/4061/4310 2261/4062/4311 2286/4063/4312
f 2771/4064/4313 3098/4065/4313 2980/4066/4313
f 2676/4067/4314 3233/4068/4314 2639/4069/4314
f 2667/4070/4315 2668/4071/4315 3267/4072/4315
f 2781/4073/4316 3420/4074/4316 3441/4075/4316 3110/4076/4316
f 2480/4077/4317 2300/4078/4317 2873/4079/4317
f 3149/4080/4318 2865/4081/4319 3247/4082/4320
f 3318/4083/4321 2318/4084/4321 2693/4085/4321
f 2791/4086/4322 2750/4087/4322 2416/4088/4322
f 3014/4089/4323 2901/4090/4323 3094/4091/4323
f 2357/4092/4324 3073/4093/4325 2358/4026/4326
f 3139/4094/4327 2971/4095/4327 2369/4096/4327
f 3024/4025/4328 2357/4092/4328 2358/4026/4328
f 3036/4097/4329 2355/4098/4329 2864/4099/4329
f 3137/4100/4330 3186/4101/4330 2419/4102/4330
f 2800/4103/4331 2380/4104/4331 3234/4105/4331
f 2835/4106/4332 2599/4107/4332 3183/4108/4332
f 3025/4109/4333 2363/4110/4333 2992/4111/4333
f 2418/4112/4334 3034/4113/4334 2872/4114/4334
f 2761/4115/4335 2496/4116/4335 2940/4117/4335
f 3334/4118/4336 2352/4119/4336 2353/4120/4336
f 3172/4121/4337 2944/4122/4337 2527/4123/4337
f 2433/4124/4338 2520/4125/4338 2322/4126/4338
f 2566/4127/4339 2579/4128/4339 2416/4129/4339
f 2899/4130/4340 2506/4131/4340 3201/4132/4340
f 2960/4133/4341 3198/4134/4341 3188/4135/4341
f 2312/4136/4342 2962/4137/4343 2569/4138/4344
f 2372/4139/4345 2373/4140/4346 3121/4141/4347
f 3316/4142/4348 2587/4143/4348 2377/4144/4348
f 2613/4145/4349 2377/4144/4349 2378/4146/4349
f 2382/4147/4350 2383/4148/4350 3162/4149/4350
f 3062/4150/4351 2373/4140/4351 2372/4139/4351
f 2849/4151/4352 2481/4152/4352 3300/4153/4352
f 3299/4154/4353 2887/4155/4353 2391/4156/4353
f 2953/4157/4354 3063/4158/4354 2424/4159/4354
f 3461/4160/4355 2944/4161/4355 3410/4162/4355
f 2449/4163/4356 2450/4164/4356 2955/4165/4356
f 3006/4166/4357 2689/4167/4357 2916/4035/4357
f 2868/4168/4358 2291/4169/4358 3096/4170/4358
f 2756/4171/4359 2404/4172/4359 3168/4173/4359
f 3173/4174/4360 3475/4175/4360 3403/4176/4360 3210/4177/4360
f 2455/4178/4361 3154/4179/4361 2955/4165/4361
f 2632/4180/4362 2449/4181/4362 3063/4158/4362
f 3031/4182/4363 3034/4113/4363 2418/4112/4363
f 3156/4183/4364 3155/4184/4364 3164/4185/4364
f 3206/4186/4365 3059/4187/4365 2334/4188/4365
f 3348/4189/4366 2911/4190/4366 3413/4191/4366
f 2568/4192/4367 2426/4193/4367 3306/4194/4367
f 2733/4195/4368 3233/4196/4368 3066/4197/4368
f 2428/4198/4369 2767/4199/4369 2430/4200/4369
f 3236/4201/4370 3090/4202/4370 3389/4203/4370 3476/4204/4370
f 3070/4205/4371 2434/4206/4371 2435/4207/4371
f 2847/4208/4372 2437/4209/4372 2730/4210/4372
f 3253/4211/4373 3013/4212/4373 2479/4213/4373
f 3250/4214/4374 2552/4215/4374 2551/4216/4374
f 3149/4080/4318 2922/4217/4375 2865/4081/4319
f 2985/4218/4376 2273/4219/4377 2274/4220/4378
f 2750/4087/4379 3261/4221/4379 2416/4088/4379
f 2460/4222/4380 3323/4223/4380 3214/4224/4380
f 2461/4225/4381 2716/4226/4381 2715/4227/4381
f 3321/4228/4382 2565/4229/4382 2463/4230/4382
f 2467/4231/4383 2636/4232/4383 2468/4233/4383
f 2829/4234/4384 2278/4054/4384 2996/4053/4384
f 3432/4235/4385 3385/4236/4385 2406/4237/4385
f 3132/4238/4386 3163/4239/4386 3005/4240/4386
f 2932/4241/4387 3478/4242/4387 3457/4243/4387 2671/4244/4387
f 3443/4245/4388 3444/4246/4388 2444/4247/4388
f 2940/4117/4389 3062/4150/4389 3008/4248/4389
f 3340/4249/4390 2848/4250/4390 2487/4251/4390
f 2487/4252/4391 2490/4253/4391 3091/4254/4391
f 2906/4255/4392 3333/4256/4392 3055/4257/4392
f 2845/4258/4393 3115/4259/4393 2673/4260/4393
f 3079/4261/4394 3324/4262/4394 2501/4263/4394
f 3464/4264/4395 3398/4265/4395 2786/4266/4395 2445/4267/4395
f 2628/4268/4396 2673/4260/4396 2629/4269/4396
f 3311/4270/4397 2506/4131/4397 3052/4271/4397
f 3311/4270/4398 2505/4272/4398 2506/4131/4398
f 2697/4273/4399 3164/4185/4399 2541/4274/4399
f 2508/4275/4400 3337/4276/4400 3052/4271/4400
f 2865/4081/4401 2274/4220/4401 2958/4277/4401
f 3300/4153/4402 3253/4211/4402 3182/4278/4402
f 2555/4279/4403 2670/4280/4403 2939/4281/4403
f 2510/4033/4404 3239/4282/4404 2630/4283/4404
f 3299/4154/4405 2267/4284/4405 2515/4285/4405
f 2723/4286/4406 2724/4287/4406 2801/4288/4406
f 2524/4289/4407 3219/4290/4407 3058/4291/4407
f 2743/4292/4408 3172/4038/4408 2682/4293/4408
f 3004/4294/4409 2638/4295/4409 2676/4296/4409
f 2263/4297/4410 2771/4064/4410 2980/4066/4410
f 2584/4298/4411 2941/4299/4411 2399/4300/4411
f 3135/4301/4412 3063/4158/4412 2717/4302/4412
f 3261/4221/4413 2751/4303/4413 2695/4304/4413
f 3400/4305/4414 3401/4306/4414 2533/4307/4414
f 2859/4308/4415 2576/4309/4415 2534/4310/4415
f 2537/4311/4416 2492/4312/4417 2870/4313/4418
f 2541/4274/4419 3164/4185/4419 3031/4182/4419
f 2853/4314/4420 2432/4315/4420 3125/4316/4420
f 2673/4260/4421 3024/4025/4421 2845/4258/4421
f 3304/4317/4422 2647/4318/4422 2544/4319/4422
f 2856/4320/4423 2857/4321/4423 2954/4322/4423
f 2881/4323/4424 2647/4324/4424 2711/4325/4424
f 2633/4326/4425 3060/4327/4425 2953/4157/4425
f 2292/4328/4426 2410/4329/4426 2843/4330/4426
f 2970/4331/4427 2356/4332/4427 2723/4286/4427
f 3347/4333/4428 3366/4334/4428 3264/4335/4428 3238/4336/4428
f 3177/4337/4429 3200/4338/4429 2999/4339/4429
f 3039/4340/4430 2320/4341/4430 3038/4342/4430
f 2406/4343/4431 3101/4344/4431 2651/4345/4431
f 2951/4346/4432 2271/4347/4433 2269/4348/4434
f 3306/4349/4435 2567/4350/4435 2568/4351/4435
f 2812/4352/4436 2895/4353/4437 3075/4354/4438
f 2260/4355/4439 2402/4356/4439 3020/4357/4439
f 2810/4358/4440 2603/4359/4440 3102/4360/4440
f 2259/4361/4441 2503/4362/4441 2502/4363/4441
f 3092/4364/4442 3333/4256/4442 2501/4263/4442
f 3069/4365/4443 2336/4366/4443 3116/4367/4443
f 2436/4368/4444 2634/4369/4444 2943/4370/4444
f 3029/4371/4445 3009/4372/4445 2270/4373/4445
f 3110/4076/4446 2867/4374/4446 2551/4216/4446
f 3198/4375/4447 2960/4376/4447 2874/4377/4447
f 2493/4378/4448 2596/4379/4448 3192/4380/4448
f 3290/4381/4449 3163/4382/4449 3132/4383/4449
f 2585/4384/4450 2364/4385/4450 2362/4386/4450
f 3020/4357/4451 2267/4284/4451 3299/4154/4451
f 2601/4387/4452 2918/4388/4452 3141/4389/4452
f 3000/4390/4453 2746/4391/4453 3295/4392/4453
f 3181/4393/4454 2405/4394/4454 3180/4395/4454
f 2430/4396/4455 2609/4397/4455 2821/4398/4455
f 2305/4399/4456 2787/4400/4456 3151/4401/4456
f 3197/4402/4457 3174/4403/4457 2814/4404/4457
f 2844/4405/4458 2310/4406/4458 2622/4407/4458
f 2772/4408/4459 2666/4409/4459 3120/4410/4459
f 3003/4411/4460 3171/4412/4461 2793/4413/4462
f 3018/4414/4463 2536/4415/4463 2535/4416/4463
f 3229/4417/4464 3206/4186/4464 2523/4418/4464
f 3006/4166/4465 2439/4419/4465 2686/4420/4465
f 2636/4232/4466 2530/4421/4466 2877/4422/4466
f 2963/4423/4467 2964/4424/4467 3273/4425/4467
f 2938/4426/4468 2399/4300/4468 3220/4427/4468
f 3289/4428/4469 3086/4429/4469 2659/4430/4469
f 2379/4431/4470 3119/4432/4470 2314/4433/4470
f 2851/4434/4471 3153/4435/4471 2643/4436/4471
f 3075/4354/4472 3191/4437/4472 2644/4438/4472
f 2956/4439/4473 2342/4440/4473 3294/4441/4473
f 3454/4442/4474 3361/4443/4474 2776/4444/4474 2611/4445/4474
f 2544/4319/4475 2647/4318/4475 2646/4446/4475
f 3384/4447/4476 2911/4190/4476 3469/4448/4476
f 2649/4449/4477 3202/4450/4477 2305/4451/4477
f 2422/4452/4478 3197/4402/4478 2588/4453/4478
f 2832/4454/4479 2349/4455/4479 3213/4456/4479
f 3004/4457/4480 3132/4458/4480 3005/4459/4480
f 2959/4460/4481 2659/4430/4481 2595/4461/4481
f 2417/4462/4482 2582/4463/4482 3344/4464/4482 3345/4465/4482
f 2443/4466/4483 2354/4467/4483 2777/4468/4483
f 3045/4042/4484 3077/4041/4484 2664/4469/4484
f 2665/4470/4485 3120/4410/4485 2666/4409/4485
f 3008/4471/4486 3062/4472/4486 2372/4473/4486
f 3143/4474/4487 3237/4475/4487 2915/4476/4487
f 2468/4233/4488 2329/4477/4488 2827/4478/4488
f 2412/4479/4489 2679/4480/4489 3152/4481/4489
f 2410/4482/4490 2497/4483/4490 2757/4484/4490
f 2364/4485/4491 2365/4486/4491 2566/4487/4491
f 2696/4488/4492 3320/4489/4492 2697/4273/4492
f 2523/4418/4493 3206/4186/4493 2334/4188/4493
f 2837/4490/4494 3269/4491/4494 2565/4229/4494
f 2326/4040/4495 2701/4492/4495 2927/4493/4495
f 2883/4494/4496 2705/4495/4496 3165/4496/4496
f 3205/4497/4497 2331/4498/4497 3081/4050/4497
f 3159/4499/4498 3081/4050/4498 2707/4500/4498
f 2708/4501/4499 3286/4502/4499 2709/4503/4499
f 3455/4504/4500 3422/4505/4500 3037/4506/4501
f 3317/4507/4502 2610/4508/4502 2710/4509/4502
f 3281/4510/4503 2762/4511/4503 2542/4512/4503
f 2713/4513/4504 3332/4514/4504 2714/4515/4504
f 2715/4516/4505 2716/4517/4505 2624/4518/4505
f 2719/4519/4506 3241/4520/4506 2720/4521/4506
f 3332/4522/4507 2721/4523/4507 2722/4524/4507
f 2740/4525/4508 3341/4526/4509 2288/4527/4510
f 2405/4394/4511 2733/4528/4511 3180/4395/4511
f 2825/4529/4512 2826/4530/4512 2618/4531/4512
f 3146/4532/4513 3166/4533/4513 2656/4534/4513
f 2730/4210/4514 3153/4435/4514 2851/4434/4514
f 2570/4535/4515 3049/4536/4515 2634/4369/4515
f 2639/4069/4516 3233/4068/4516 2473/4537/4516
f 2920/4538/4517 2574/4539/4517 3173/4540/4517
f 2736/4541/4518 3226/4542/4518 2737/4543/4518
f 3363/4544/4519 3362/4545/4519 2546/4546/4519
f 2740/4525/4520 2741/4547/4520 2816/4548/4520
f 2720/4521/4521 3241/4520/4521 3332/4514/4521
f 3252/4549/4522 2818/4550/4522 2500/4551/4522
f 2453/4552/4523 2919/4553/4523 3102/4360/4523
f 2541/4274/4524 2696/4488/4524 2697/4273/4524
f 2454/4554/4525 2431/4555/4526 2337/4556/4527
f 3324/4262/4528 3058/4291/4528 2931/4557/4528
f 3117/4558/4529 2801/4288/4529 2400/4559/4529
f 3154/4179/4530 2871/4560/4530 2356/4332/4530
f 3151/4401/4531 2787/4400/4531 2767/4199/4531
f 2630/4283/4532 2846/4561/4532 2510/4033/4532
f 2768/4562/4533 2344/4563/4533 2630/4283/4533
f 3234/4105/4534 2380/4104/4534 2635/4564/4534
f 3462/4565/4535 3454/4442/4535 2611/4445/4535
f 2666/4409/4536 2772/4408/4536 2773/4566/4536
f 2951/4346/4537 2950/4567/4537 2905/4568/4537
f 2480/4077/4538 2301/4569/4538 2425/4570/4538
f 3123/4571/4539 2355/4098/4540 2283/4572/4541
f 3283/4573/4542 2301/4569/4542 2480/4077/4542
f 2597/4574/4543 2735/4575/4543 3250/4214/4543
f 3188/4135/4544 3287/4576/4544 2688/4577/4544
f 3110/4076/4545 3441/4075/4545 3369/4578/4545
f 3089/4579/4546 2279/4580/4546 2346/4581/4546
f 2528/4582/4547 2612/4583/4547 2993/4584/4547
f 2620/4585/4548 2621/4586/4548 3258/4587/4548
f 2548/4588/4549 2590/4589/4549 2518/4590/4549
f 2796/4591/4550 2534/4592/4550 2797/4593/4550
f 3350/4594/4551 3423/4595/4551 2799/4596/4551
f 2466/4597/4552 2941/4598/4552 3506/4599/4552 2457/4600/4552
f 2903/4601/4553 2861/4602/4554 2409/4603/4555
f 2412/4479/4556 3081/4050/4556 2560/4049/4556
f 3363/4544/4557 2560/4049/4557 3362/4545/4557
f 3361/4443/4558 2808/4604/4558 3412/4605/4558
f 2808/4604/4559 2418/4112/4559 2872/4114/4559
f 2399/4606/4560 2466/4597/4560 2745/4607/4560
f 2974/4608/4561 2843/4330/4561 2410/4329/4561
f 2601/4387/4562 3215/4609/4562 3327/4610/4562
f 2871/4560/4563 2456/4611/4564 2259/4361/4565
f 2773/4612/4566 2830/4613/4566 2831/4614/4566
f 2335/4615/4567 2596/4379/4567 2805/4616/4567
f 3269/4491/4568 2837/4490/4568 2319/4617/4568
f 2310/4406/4569 2844/4405/4569 3178/4618/4569
f 2859/4308/4570 2847/4619/4570 2575/4620/4570
f 2847/4619/4571 2848/4250/4572 2575/4620/4573
f 2851/4621/4574 3315/4622/4574 2487/4251/4574
f 2860/4623/4575 2847/4619/4575 2859/4308/4575
f 2903/4601/4576 3293/4624/4576 2861/4602/4576
f 2258/4625/4577 2977/4626/4577 2398/4627/4577
f 2334/4188/4578 3238/4628/4578 2523/4418/4578
f 2355/4098/4579 3036/4097/4580 3060/4327/4581
f 2353/4629/4582 2707/4500/4583 2577/4630/4584
f 2796/4591/4585 2536/4415/4585 2534/4592/4585
f 2867/4374/4586 3110/4076/4586 2335/4631/4586
f 3165/4496/4587 2654/4632/4587 2883/4494/4587
f 2883/4494/4588 2654/4632/4588 3129/4633/4588
f 2955/4165/4589 2970/4331/4590 2449/4163/4591
f 3336/4634/4592 2515/4285/4592 2267/4284/4592
f 3161/4635/4593 2890/4636/4593 2892/4637/4593
f 2382/4638/4594 2892/4639/4594 2891/4640/4594
f 2892/4637/4595 2988/4641/4595 2893/4642/4595
f 2901/4090/4596 3277/4643/4596 2574/4539/4596
f 2456/4611/4597 2282/4644/4598 2259/4361/4599
f 2753/4645/4600 3146/4646/4600 2897/4647/4600
f 3207/4648/4601 2368/4649/4601 2898/4650/4601
f 2889/4651/4602 3005/4652/4602 3163/4653/4602
f 2700/4654/4603 2826/4530/4603 2516/4655/4603
f 2561/4656/4604 2734/4657/4604 2822/4658/4604
f 3192/4380/4605 2913/4659/4605 2493/4378/4605
f 3286/4660/4606 2907/4661/4606 2709/4662/4606
f 2520/4663/4607 2518/4664/4607 2390/4665/4607
f 2908/4666/4608 3046/4667/4608 2663/4668/4608
f 2518/4669/4609 2738/4670/4609 2390/4671/4609
f 3295/4392/4610 3406/4672/4610 3353/4673/4610
f 2596/4379/4611 2370/4028/4611 3192/4380/4611
f 2764/4674/4612 2542/4512/4612 2763/4675/4612
f 2742/4676/4613 2522/4677/4613 2743/4292/4613
f 3292/4678/4614 2348/4679/4614 2346/4680/4614
f 2481/4152/4615 3013/4212/4615 3300/4153/4615
f 2806/4681/4616 2809/4682/4617 2703/4683/4618
f 2741/4547/4619 2310/4406/4619 3223/4684/4619
f 3419/4685/4620 3469/4448/4620 2911/4190/4621 2912/4686/4621
f 2732/4687/4622 2336/4366/4623 2843/4330/4624
f 2545/4688/4625 3214/4224/4625 2711/4689/4625
f 3087/4690/4626 3039/4691/4626 2759/4692/4626
f 2918/4388/4627 3327/4610/4627 2828/4051/4627
f 2605/4693/4628 2606/4694/4628 2604/4695/4628
f 3288/4696/4629 3299/4154/4629 2660/4697/4629
f 2687/4698/4630 3196/4699/4630 3195/4700/4630
f 3216/4701/4631 2860/4702/4631 2859/4703/4631
f 2435/4207/4632 2619/4704/4632 3242/4705/4632
f 3452/4706/4633 2909/4707/4633 3428/4708/4633
f 2843/4330/4624 2868/4168/4634 2732/4687/4622
f 3240/4709/4635 2483/4710/4635 3194/4711/4635
f 2928/4712/4636 3133/4713/4636 2927/4493/4636
f 2928/4712/4637 3326/4714/4637 3133/4713/4637
f 2790/4715/4638 2421/4716/4638 3078/4717/4638
f 3078/4717/4639 2326/4040/4639 2927/4493/4639
f 2759/4718/4640 2411/4719/4640 2974/4608/4640
f 3004/4720/4641 2320/4341/4641 2555/4279/4641
f 2506/4131/4642 2935/4721/4642 3201/4132/4642
f 2891/4722/4643 2383/4148/4643 2382/4147/4643
f 2683/4723/4644 3287/4576/4644 3006/4166/4644
f 2416/4088/4645 3261/4221/4645 2566/4487/4645
f 3176/4724/4646 2287/4725/4646 2571/4726/4646
f 2994/4727/4647 2264/4728/4647 2306/4729/4647
f 3098/4065/4648 2771/4064/4648 3350/4594/4648 3463/4730/4648
f 3104/4731/4649 3114/4052/4649 3103/4732/4649
f 2403/4733/4650 3266/4734/4650 3095/4735/4650
f 2852/4736/4651 2379/4431/4651 2949/4737/4651
f 2585/4738/4652 2365/4739/4652 2364/4740/4652
f 2599/4107/4653 2597/4574/4653 3126/4045/4653
f 2911/4190/4654 3348/4189/4654 3481/4741/4654 2932/4241/4654
f 3021/4742/4655 2500/4551/4655 2818/4550/4655
f 2494/4743/4656 2852/4736/4656 3296/4744/4656
f 3069/4365/4657 2674/4745/4657 2793/4413/4657
f 2402/4356/4658 2267/4284/4658 3020/4357/4658
f 2965/4746/4659 3185/4747/4659 3092/4364/4659
f 2327/4748/4660 2968/4749/4660 2553/4750/4660
f 2603/4751/4661 2602/4752/4661 2464/4753/4661
f 2594/4754/4662 3265/4755/4662 2959/4460/4662
f 3303/4756/4663 3057/4757/4663 2458/4758/4663
f 2371/4759/4664 2532/4760/4664 3106/4761/4664
f 3280/4762/4665 2986/4763/4665 2642/4764/4665
f 2489/4765/4666 3280/4762/4666 2642/4764/4666
f 3128/4766/4667 2669/4767/4667 2973/4768/4667
f 2694/4769/4668 2364/4485/4668 2695/4304/4668
f 2311/4770/4669 3032/4771/4669 2616/4772/4669
f 2380/4104/4670 2381/4773/4670 2635/4564/4670
f 2783/4774/4671 3431/4775/4671 3359/4776/4671 2582/4463/4671
f 3116/4367/4672 3254/4777/4672 3069/4365/4672
f 2490/4778/4673 2487/4251/4673 3315/4622/4673
f 3182/4278/4674 2672/4779/4674 3094/4091/4674
f 3140/4780/4675 3195/4700/4675 2369/4781/4675
f 3097/4782/4676 2820/4783/4677 2904/4784/4678
f 3202/4450/4679 2340/4785/4679 2824/4786/4679
f 2281/4787/4680 2352/4788/4680 2280/4789/4680
f 2612/4790/4681 2681/4791/4681 3248/4792/4681
f 3231/4793/4682 2720/4521/4682 3332/4514/4682
f 3251/4794/4683 2337/4556/4683 2431/4555/4683
f 2528/4582/4684 3012/4795/4684 2842/4796/4684
f 2478/4797/4685 3148/4798/4686 2324/4799/4687
f 3456/4800/4688 3098/4065/4688 3463/4730/4688
f 2347/4801/4689 2484/4802/4689 2486/4061/4689
f 2898/4803/4690 2261/4804/4691 2486/4805/4692
f 2929/4806/4693 2510/4033/4693 2388/4807/4693
f 2445/4267/4694 2786/4266/4694 2323/4808/4694
f 2476/4057/4695 3099/4056/4696 3341/4526/4697
f 3007/4809/4698 3341/4526/4509 2740/4525/4508
f 3341/4526/4699 3007/4809/4700 2476/4057/4701
f 3120/4810/4702 3008/4811/4702 2372/4812/4702
f 2558/4813/4703 2512/4814/4703 2770/4815/4703
f 3130/4816/4704 2498/4817/4704 3077/4041/4704
f 2421/4716/4705 3077/4041/4705 3078/4717/4705
f 3287/4576/4706 3188/4135/4706 2690/4818/4706
f 3015/4819/4707 2420/4820/4707 2882/4821/4707
f 3018/4414/4708 3019/4822/4708 3325/4823/4708
f 2755/4824/4709 2978/4046/4709 2979/4825/4709
f 3043/4826/4710 2492/4312/4710 2623/4827/4710
f 3167/4027/4711 2586/4828/4711 2561/4829/4711
f 2606/4830/4712 3029/4371/4712 3030/4831/4712
f 2708/4501/4713 2709/4503/4713 2663/4832/4713
f 2541/4274/4714 3031/4182/4714 2547/4833/4714
f 2647/4318/4715 3031/4182/4715 2646/4446/4715
f 2955/4165/4716 3230/4834/4717 2455/4178/4718
f 2341/4835/4719 2371/4759/4719 2913/4659/4719
f 3114/4052/4720 2278/4054/4720 2279/4580/4720
f 2962/4137/4721 2961/4836/4722 2569/4138/4723
f 2266/4837/4724 2710/4509/4724 3498/4838/4724 2313/4839/4724
f 2517/4840/4725 2700/4654/4725 2516/4655/4725
f 2754/4841/4726 2746/4391/4726 3000/4390/4726
f 3042/4842/4727 3335/4843/4727 2767/4199/4727
f 2501/4263/4728 3324/4262/4728 2931/4557/4728
f 2596/4379/4729 2747/4844/4729 2370/4028/4729
f 3084/4845/4730 3012/4795/4730 2521/4846/4730
f 2665/4470/4731 2666/4409/4731 2773/4566/4731
f 2269/4348/4732 3067/4847/4732 2867/4374/4732
f 2572/4848/4733 3185/4747/4733 2965/4746/4733
f 2461/4225/4734 2936/4849/4734 3048/4850/4734
f 2527/4851/4735 2944/4852/4735 3147/4853/4735
f 2881/4854/4736 2880/4855/4736 3051/4856/4736
f 2853/4314/4737 2446/4857/4738 2766/4858/4739
f 3053/4859/4740 2918/4388/4740 2331/4498/4740
f 3205/4497/4741 3053/4859/4741 2331/4498/4741
f 3055/4257/4742 3056/4860/4742 2906/4255/4742
f 3337/4276/4743 3222/4861/4743 3311/4270/4743
f 3337/4276/4744 3311/4270/4744 3052/4271/4744
f 2433/4862/4745 2548/4588/4746 2520/4863/4747
f 3144/4864/4748 2615/4865/4748 2785/4866/4748
f 2688/4577/4749 3287/4576/4749 3196/4699/4749
f 2856/4320/4750 2855/4867/4750 2857/4321/4750
f 2441/4868/4751 2309/4869/4751 2442/4870/4751
f 2677/4871/4752 2638/4295/4752 3017/4872/4752
f 2731/4873/4753 2520/4125/4753 2390/4671/4753
f 2423/4874/4754 2588/4875/4754 3197/4876/4754
f 2298/4877/4755 3100/4878/4755 2754/4841/4755
f 2543/4879/4756 2342/4440/4756 3255/4880/4756
f 3263/4881/4757 2662/4882/4757 2314/4883/4757
f 2939/4281/4758 2670/4280/4758 2475/4884/4758
f 2916/4035/4759 2855/4867/4759 2367/4036/4759
f 3455/4504/4500 3076/4885/4760 3422/4505/4500
f 2906/4255/4761 3328/4886/4761 3079/4261/4761
f 2422/4452/4762 3035/4887/4762 3174/4403/4762
f 2769/4888/4763 2513/4889/4763 2440/4034/4763
f 3256/4890/4764 3310/4891/4764 2559/4892/4764
f 2278/4054/4765 3292/4893/4765 2346/4581/4765
f 2749/4894/4766 2792/4895/4766 2791/4086/4766
f 2276/4896/4767 2315/4897/4767 3200/4338/4767
f 2279/4580/4768 2278/4054/4768 2346/4581/4768
f 2920/4538/4769 3263/4898/4769 2573/4899/4769
f 2700/4654/4770 2819/4900/4770 3227/4901/4770
f 3255/4880/4771 2342/4440/4771 3092/4364/4771
f 3092/4364/4772 2504/4902/4773 2965/4746/4774
f 3093/4903/4775 2657/4055/4775 3075/4354/4775
f 2961/4836/4776 2341/4835/4776 3054/4904/4776
f 2984/4905/4777 3027/4906/4777 2846/4907/4777
f 2874/4377/4778 2698/4908/4778 3198/4375/4778
f 2509/4909/4779 2865/4081/4779 2922/4217/4779
f 3054/4904/4780 2341/4835/4780 3411/4910/4780 3354/4911/4780
f 2274/4220/4781 2303/4912/4781 2958/4277/4781
f 3099/4056/4782 3224/4913/4782 3189/4914/4782
f 3108/4915/4783 2567/4350/4783 3306/4349/4783
f 3108/4915/4784 2896/4916/4784 2567/4350/4784
f 2283/4572/4785 2554/4917/4785 3221/4918/4785
f 2808/4604/4786 2646/4446/4786 2418/4112/4786
f 2392/4919/4787 2393/4920/4787 2571/4921/4787
f 2408/4922/4788 2829/4234/4788 2996/4053/4788
f 2730/4923/4789 2761/4115/4789 3153/4924/4789
f 2757/4925/4790 3087/4690/4790 2759/4692/4790
f 2484/4926/4791 2485/4927/4792 2486/4928/4793
f 2598/4929/4794 2445/4267/4794 2834/4930/4794
f 2436/4368/4795 2943/4370/4795 2292/4931/4795
f 2360/4932/4796 2811/4933/4796 3127/4934/4796
f 2362/4935/4797 2813/4936/4798 3174/4937/4799
f 2654/4632/4800 2304/4938/4800 3023/4939/4800
f 2459/4940/4801 2769/4888/4801 2440/4034/4801
f 2466/4597/4802 3279/4941/4802 2745/4607/4802
f 2719/4942/4803 2997/4943/4803 2902/4944/4803
f 3333/4945/4804 3208/4946/4804 2908/4947/4804
f 3115/4259/4805 2674/4745/4805 3254/4777/4805
f 2588/4948/4806 2423/4949/4806 3184/4950/4806
f 2886/4951/4807 3017/4952/4807 3278/4953/4807
f 2789/4954/4808 3326/4714/4809 3076/4885/4810
f 3322/4955/4811 3134/4956/4811 3284/4957/4811
f 2280/4789/4812 3291/4958/4812 3136/4959/4812
f 3389/4960/4813 3352/4961/4813 3136/4962/4813
f 2703/4683/4814 3102/4360/4814 2739/4963/4814
f 3102/4360/4815 2359/4964/4815 2453/4552/4815
f 2496/4116/4816 3062/4150/4816 2940/4117/4816
f 2930/4965/4817 3238/4966/4817 2334/4967/4817
f 2502/4363/4818 3183/4108/4818 2782/4968/4818
f 2505/4272/4819 3156/4183/4819 3309/4969/4819
f 3315/4622/4820 2643/4970/4820 2642/4971/4820
f 2446/4857/4821 3125/4316/4821 3142/4972/4821
f 3457/4243/4822 2702/4973/4822 2956/4439/4822 3450/4974/4822
f 2509/4909/4823 2274/4220/4823 2865/4081/4823
f 2624/4518/4824 3018/4414/4824 3325/4823/4824
f 2780/4975/4825 2727/4976/4825 3018/4414/4825
f 2536/4977/4826 3018/4978/4826 2727/4979/4826
f 3175/4980/4827 3269/4491/4827 2287/4725/4827
f 2707/4500/4828 3081/4050/4828 3152/4481/4828
f 3459/4981/4829 3351/4982/4829 3090/4983/4829 2829/4984/4829
f 3115/4259/4830 3254/4777/4830 3116/4367/4830
f 2311/4770/4831 2616/4772/4831 2982/4985/4831
f 2564/4986/4832 2260/4355/4832 2319/4617/4832
f 3179/4987/4833 3317/4507/4833 2710/4509/4833
f 2686/4420/4834 2683/4723/4834 3006/4166/4834
f 3303/4756/4835 2458/4758/4835 2807/4988/4835
f 3045/4989/4836 3046/4990/4836 3185/4991/4836
f 2908/4666/4837 3208/4992/4837 3046/4667/4837
f 2464/4753/4838 2602/4752/4838 3228/4993/4838
f 2745/4607/4839 2285/4994/4840 3268/4995/4841
f 2632/4180/4842 2953/4157/4842 3060/4327/4842
f 3210/4177/4843 3403/4176/4844 3417/4996/4844
f 2264/4728/4845 2354/4467/4845 2443/4466/4845
f 3184/4997/4846 3137/4100/4846 2588/4453/4846
f 3248/4792/4847 2526/4998/4847 2612/4790/4847
f 3229/4417/4848 2914/4999/4848 3206/4186/4848
f 3063/4158/4849 3135/4301/4849 3184/4950/4849
f 3120/4410/4850 3193/5000/4850 3008/5001/4850
f 2569/4138/4851 2343/5002/4851 2934/5003/4851
f 3067/4847/4852 2597/4574/4852 3250/4214/4852
f 2850/5004/4853 2851/4621/4853 2487/4251/4853
f 2472/5005/4854 3200/4338/4854 3177/4337/4854
f 2812/4352/4855 3075/4354/4855 2644/4438/4855
f 2798/5006/4856 2550/5007/4856 3221/4918/4856
f 2947/5008/4857 2733/4528/4857 2405/4394/4857
f 2265/5009/4858 3117/5010/4859 2358/4026/4860
f 2990/5011/4861 2904/5012/4861 2905/5013/4861
f 2491/5014/4862 2765/5015/4862 3329/5016/4862
f 3026/5017/4863 2843/4330/4863 2336/4366/4863
f 2587/4143/4864 2429/5018/4864 2604/4695/4864
f 2630/4283/4865 3239/4282/4865 2387/5019/4865
f 2914/4999/4866 3267/4072/4866 3021/4742/4866
f 2789/4954/4867 2420/4820/4867 2790/4715/4867
f 2762/4511/4868 2763/4675/4868 2542/4512/4868
f 3024/4025/4869 2673/4260/4869 2628/4268/4869
f 3253/4211/4870 2479/4213/4870 2478/4797/4870
f 2424/4159/4871 3063/4158/4871 3071/5020/4871
f 2328/5021/4872 2451/5022/4872 3187/5023/4872 2395/5024/4872
f 2465/5025/4873 3258/5026/4873 2952/5027/4873
f 2482/5028/4874 2904/4784/4874 2820/4783/4874
f 3116/4367/4875 2732/4687/4875 3096/4170/4875
f 2782/4968/4876 3183/4108/4876 2724/4287/4876
f 3407/5029/4877 2662/4882/4877 3376/5030/4877
f 2549/5031/4878 2317/5032/4878 2258/4625/4878
f 2730/4210/4879 2437/4209/4879 3118/5033/4879
f 3062/4150/4880 2655/5034/4880 2705/4495/4880
f 2607/5035/4881 2608/5036/4881 3138/5037/4881
f 2427/5038/4882 3260/5039/4882 2827/4478/4882
f 2396/5040/4883 2397/5041/4883 2752/5042/4883
f 2887/5043/4884 2981/5044/4884 2391/5045/4884
f 2530/5046/4885 2529/5047/4886 3223/4684/4887
f 2530/5046/4885 3223/4684/4887 2877/5048/4888
f 3419/4685/4620 2928/4712/4889 2927/4493/4889 3469/4448/4620
f 3264/5049/4890 3271/4039/4890 2744/5050/4890
f 2434/4206/4891 2737/5051/4892 3226/5052/4893
f 2549/5031/4894 3220/5053/4894 3061/5054/4894
f 3330/5055/4895 2507/5056/4895 2309/4869/4895
f 3144/4864/4896 2785/4866/4896 2333/5057/4896
f 2546/4546/4897 2406/4237/4897 3385/4236/4897 3363/4544/4897
f 2773/5058/4898 2772/5059/4898 2830/5060/4898
f 3111/5061/4899 2854/5062/4899 2620/4585/4899
f 2299/5063/4900 3243/5064/4900 3119/4432/4900
f 2952/5027/4901 2621/5065/4901 3228/4993/4901
f 2840/5066/4902 2310/4406/4903 2741/4547/4904
f 2740/4525/4905 2840/5066/4905 2741/4547/4905
f 2302/5067/4906 3126/4045/4906 2802/4044/4906
f 2459/4940/4907 3303/4756/4907 2769/4888/4907
f 2937/5068/4908 3225/5069/4908 2938/5070/4908
f 3264/5049/4909 2744/5050/4909 3238/4628/4909
f 2662/5071/4910 2379/4431/4910 2314/4433/4910
f 2719/5072/4911 3240/5073/4911 3241/5074/4911
f 3242/4705/4912 2860/4702/4912 3216/4701/4912
f 3379/5075/4913 3418/5076/4913 3276/5077/4913
f 2386/5078/4914 3193/5000/4914 2665/4470/4914
f 2470/5079/4915 2471/5080/4915 2875/5081/4915
f 2953/4157/4916 2424/4159/4916 2301/4569/4916
f 2939/4281/4917 3059/4187/4917 3132/4383/4917
f 2755/4824/4918 2524/4289/4918 3079/4261/4918
f 2333/5057/4919 2332/5082/4919 2608/5036/4919
f 3014/4089/4920 3094/4091/4920 2672/4779/4920
f 2623/4827/4921 2833/5083/4921 2538/5084/4921
f 3039/4340/4922 2911/5085/4922 2320/4341/4922
f 3362/4545/4923 2560/4049/4924 2828/4051/4924 3346/5086/4923
f 3027/5087/4925 2448/4031/4298 2510/4033/4300
f 2303/4912/4926 3178/4618/4926 2844/4405/4926
f 3442/5088/4927 3462/4565/4927 2611/4445/4927
f 2770/5089/4928 2807/4988/4928 2558/5090/4928
f 3082/5091/4929 2983/5092/4929 2627/5093/4929
f 2882/4821/4930 2753/4645/4931 2897/4647/4932
f 2282/4644/4933 2456/4611/4933 3028/5094/4933
f 3090/4983/4934 3351/4982/4934 3352/5095/4934
f 2344/5096/4935 2768/5097/4935 3160/5098/4935
f 2444/4247/4936 3393/5099/4936 3443/4245/4936
f 3295/4392/4937 3397/5100/4938 3414/5101/4938 2593/5102/4939
f 3092/4364/4940 2501/4263/4940 3255/4880/4940
f 2515/4285/4941 2887/4155/4941 3299/4154/4941
f 2289/5103/4942 3321/4228/4942 2268/5104/4942
f 2660/5105/4943 3170/4059/4943 2393/4920/4943
f 3370/5106/4944 3437/5107/4944 2625/5108/4944
f 2804/5109/4945 2625/5108/4946 2626/5110/4947
f 2869/5111/4948 2649/4449/4948 2870/4313/4948
f 2640/5112/4949 3072/5113/4949 3139/4094/4949
f 3416/5114/4950 2407/5115/4950 2693/4085/4950 3376/5030/4950
f 3142/4972/4951 2962/4137/4343 2312/4136/4342
f 2967/5116/4952 2362/5117/4952 2694/5118/4952
f 2317/5032/4953 2549/5031/4953 2798/5006/4953
f 2300/4078/4954 2470/5079/4954 3143/4474/4954
f 2878/5119/4955 2877/5048/4955 2637/5120/4955
f 3251/4794/4956 3169/5121/4956 3390/5122/4956 3388/5123/4956
f 2479/4213/4957 3143/4474/4957 2915/4476/4957
f 2742/4676/4958 2743/4292/4958 2841/5124/4958
f 3181/4393/4959 2817/5125/4959 2405/4394/4959
f 2622/4407/4960 2958/4277/4960 2844/4405/4960
f 2270/4373/4961 3168/4173/4961 2840/5066/4961
f 2269/4348/4962 2597/4574/4962 3067/4847/4962
f 3026/5126/4963 2839/5127/4963 2292/4931/4963
f 2970/4331/4964 3154/4179/4964 2356/4332/4964
f 2669/4767/4965 3225/5069/4965 2511/5128/4965
f 2716/4517/4966 2713/5129/4966 2714/5130/4966
f 2401/5131/4967 3263/4898/4967 2920/4538/4967
f 2575/4620/4968 2848/4250/4968 2576/4309/4968
f 3062/4150/4969 3209/5132/4969 2373/4140/4969
f 2480/4077/4970 2425/4570/4970 2300/4078/4970
f 2460/4222/4971 3214/4224/4971 2969/5133/4971
f 2597/4574/4972 2836/5134/4972 2735/4575/4972
f 3177/4337/4973 2999/4339/4973 2556/5135/4973
f 2838/5136/4974 2319/4617/4975 2260/4355/4976
f 2627/5093/4977 2297/5137/4977 3003/4411/4977
f 2297/5138/4978 3097/5139/4978 2766/4858/4978
f 2300/4078/4979 2425/4570/4979 2739/4963/4979
f 2342/4440/4980 2543/4879/4980 3294/4441/4980
f 2563/5140/4981 2954/5141/4981 2858/5142/4981
f 2670/4280/4982 2555/4279/4982 2320/4341/4982
f 3280/5143/4983 2489/5144/4983 2653/5145/4983
f 2330/5146/4984 2704/5147/4984 3053/4859/4984
f 2382/4147/4985 3162/4149/4985 3161/5148/4985
f 2908/4666/4986 2663/4668/4986 3055/5149/4986
f 3199/5150/4987 2983/5092/4987 2822/5151/4987
f 2762/5152/4988 3281/5153/4988 3131/5154/4988
f 2522/4677/4989 3238/4628/4989 2744/5050/4989
f 2813/5155/4990 2512/4814/4990 2558/4813/4990
f 2615/4865/4991 2784/5156/4991 2785/4866/4991
f 2656/4534/4992 3166/4533/4992 2705/4495/4992
f 3278/4953/4993 2733/4528/4993 3066/5157/4993
f 2488/5158/4994 2796/5159/4994 3340/4249/4994
f 3396/5160/4995 2519/5161/4995 3076/4885/4995 3426/5162/4995
f 2907/4661/4996 3105/5163/4996 3328/4886/4996
f 2751/5164/4997 2975/5165/4997 2695/5166/4997
f 3165/4496/4998 3044/5167/4998 2654/4632/4998
f 2655/5034/4999 3062/4150/4999 2496/4116/4999
f 3416/5114/5000 3376/5030/5000 2662/4882/5000 2401/5168/5000
f 3384/4447/5001 3413/4191/5001 2911/4190/5001
f 2545/4688/5002 2711/4689/5002 2917/5169/5002
f 2778/5170/5003 3001/5171/5003 2607/5172/5003
f 3472/5173/5004 3474/5174/5004 3289/4428/5004
f 3476/4204/5005 3291/5175/5005 3477/5176/5005
f 2551/4216/5006 2781/4073/5006 3110/4076/5006
f 2542/4512/5007 2764/4674/5007 3294/4441/5007
f 3294/4441/5008 2543/4879/5008 2542/4512/5008
f 2370/4028/5009 2747/4844/5009 3402/5177/5009 3409/4029/5009
f 2784/5156/5010 2774/5178/5010 2431/4555/5010
f 2590/5179/5011 3001/5171/5011 2738/4670/5011
f 2402/4356/5012 3331/5180/5012 2267/4284/5012
f 2644/4438/5013 2869/5111/5013 2492/4312/5013
f 2261/4062/4311 2530/4421/5014 2286/4063/4312
f 3120/5181/5015 2372/5182/5015 3121/5183/5015
f 3305/5184/5016 3222/5185/5016 3297/4060/5016
f 2816/4548/5017 2741/4547/5017 3223/4684/5017
f 2380/4104/5018 2554/4917/5018 2381/4773/5018
f 3045/4042/5019 3185/4747/5019 2572/4848/5019
f 3045/4042/5020 2572/4848/5020 2326/4040/5020
f 2574/4539/5021 3094/4091/5021 2901/4090/5021
f 2389/5186/5022 2731/4873/5022 2390/4671/5022
f 2475/4884/5023 2334/4188/5024 3059/4187/5025
f 3248/5187/5026 2681/5188/5026 2900/5189/5026
f 2508/5190/5027 2899/5191/5027 2507/5056/5027
f 3255/4880/5028 2501/4263/5028 2931/4557/5028
f 2923/5192/5029 2985/4218/5029 2509/4909/5029
f 3301/5193/5030 2581/5194/5030 2972/5195/5030
f 2552/4215/5031 3250/4214/5031 2413/5196/5031
f 2584/4298/5032 2399/4300/5032 2938/4426/5032
f 2526/5197/5033 2900/5198/5033 3147/4853/5033
f 2987/5199/5034 3099/4056/5034 2657/4055/5034
f 2580/5200/5035 3301/5201/5035 2748/5202/5035
f 2776/4444/5036 2829/4984/5036 2408/5203/5036
f 2718/5204/5037 2717/5205/5037 2363/4110/5037
f 2345/5206/5038 3065/5207/5038 3112/5208/5038
f 2409/4603/5039 2979/5209/5039 2655/5034/5039
f 2691/5210/5040 2440/4034/5040 2976/5211/5040
f 2516/4655/5041 2826/4530/5042 2469/5212/5043
f 3304/5213/5044 2917/5169/5044 2711/4689/5044
f 2507/5056/5045 2899/5191/5045 2308/5214/5045
f 3170/4059/5046 3305/5184/5046 3297/4060/5046
f 2455/4178/5047 2456/4611/4564 2871/4560/4563
f 3033/5215/5048 2616/5216/5048 3032/5217/5048
f 3341/4526/5049 2736/4541/5049 2376/5218/5049
f 3458/5219/5050 3388/5123/5050 3307/5220/5050
f 3446/5221/5051 3447/5222/5052 3310/4891/5053
f 2825/4529/5054 2618/4531/5054 3144/4864/5054
f 2537/4311/4416 2833/5083/5055 2492/4312/4417
f 2273/4219/4377 2985/4218/4376 2896/4916/5056
f 3036/4097/5057 2607/5172/5057 3138/5223/5057
f 2449/4163/5058 3302/5224/5058 2450/4164/5058
f 2478/4797/4685 3232/5225/5059 3148/4798/4686
f 2310/4406/5060 3178/4618/5060 2637/5120/5060
f 3318/4083/5061 3305/5184/5061 2318/4084/5061
f 2503/4362/5062 3183/4108/5063 2502/4363/5064
f 2503/4362/5062 2835/4106/5065 3183/4108/5063
f 2736/5226/5066 3189/5227/5066 3226/5052/5066
f 3124/5228/5067 2355/4098/4540 3060/4327/5068
f 2792/4895/5069 2750/4087/5069 2791/4086/5069
f 3195/4700/5070 3140/4780/5070 2453/4552/5070
f 2647/4324/5071 3304/5229/5071 2711/4325/5071
f 3342/5230/5072 2577/4630/5072 2678/5231/5072
f 3068/5232/5073 2286/4063/5073 2467/4231/5073
f 2943/5233/5074 2410/4329/5074 2292/4328/5074
f 2774/5178/5075 2775/5234/5075 2431/4555/5075
f 3334/4118/5076 2577/5235/5076 3313/5236/5076
f 3291/5175/5077 3313/5236/5077 3342/5237/5077
f 3291/5175/5078 3334/4118/5078 3313/5236/5078
f 2280/4789/5079 3334/5238/5079 3291/4958/5079
f 2979/4825/5080 2409/5239/5080 2755/4824/5080
f 3431/4775/5081 2783/4774/5081 3502/5240/5081 3519/5241/5081
f 3056/4860/5082 3328/4886/5082 2906/4255/5082
f 3047/5242/5083 2629/4269/5083 3096/4170/5083
f 3222/4861/5084 2600/5243/5084 3141/4389/5084
f 2912/4686/5085 2911/4190/5085 3087/4690/5085
f 2655/5034/5086 2656/4534/5086 2705/4495/5086
f 3443/4245/5087 2467/4231/5087 3444/4246/5087
f 2375/5244/5088 2613/4145/5088 3070/5245/5088
f 3104/4731/5089 2668/4071/5089 3114/4052/5089
f 3270/5246/5090 2348/5247/5090 2675/5248/5090
f 2411/4719/5091 3039/4340/5091 3038/4342/5091
f 2475/4884/5092 2670/4280/5092 2671/5249/5092
f 2570/4535/5093 3448/5250/5093 3439/5251/5093 3049/4536/5093
f 2879/5252/5094 2293/5253/5095 2349/5254/5094
f 2338/5255/5096 3171/5256/5096 2272/5257/5096
f 2443/4466/5097 3268/4995/5097 2264/4728/5097
f 2343/5002/5098 2910/5258/5098 2570/4535/5098
f 3247/4082/5099 2865/4081/5099 2866/5259/5099
f 2344/4563/5100 2846/4561/5100 2630/4283/5100
f 2719/4942/5101 2720/5260/5101 2997/4943/5101
f 2393/4920/5102 2307/4058/5102 2948/5261/5102
f 2571/4726/5103 2393/5262/5103 2948/5263/5103
f 3391/5264/5104 3289/4428/5105 2327/5265/5105 3381/5266/5104
f 2265/5009/5106 2284/5267/5106 2801/5268/5106
f 2913/4659/5107 3192/4380/5107 3479/5269/5107 3483/5270/5107
f 3183/4108/5108 2599/4107/5108 2302/5067/5108
f 2828/4051/5109 3081/4050/5109 2331/4498/5109
f 3395/5271/5110 3486/5272/5110 3277/5273/5110
f 3082/5091/5111 2561/4829/5111 2983/5092/5111
f 2797/5274/5112 2576/4309/5112 2848/4250/5112
f 2307/4058/5113 3297/4060/5113 2885/5275/5113
f 2897/4647/5114 3015/4819/5114 2882/4821/5114
f 2947/5008/5115 2628/4268/5115 2629/4269/5115
f 3263/4881/5116 2314/4883/5116 3249/5276/5116
f 2594/4754/5117 2959/4460/5117 2351/5277/5117
f 2842/5278/5118 2682/5279/5118 2681/5188/5118
f 2859/4308/5119 2534/4310/5119 3002/5280/5119
f 3478/4242/5120 2932/4241/5120 3481/4741/5120
f 2744/5050/5121 2743/4292/5121 2522/4677/5121
f 2354/4467/5122 2389/5186/5122 3080/5281/5122
f 3228/5282/5123 2621/5283/5123 2464/5284/5123
f 2468/4233/5124 2876/5285/5124 2329/4477/5124
f 3365/5286/5125 3366/4334/5125 3319/5287/5125
f 3415/5288/5126 3365/5286/5126 3319/5287/5126
f 3182/4278/5127 3094/4091/5127 2573/4899/5127
f 3377/5289/5128 3386/5290/5128 2531/5291/5129
f 2265/5009/5130 2991/5292/5130 2363/5293/5130
f 2382/4147/5131 3161/5148/5131 2945/5294/5131
f 2934/5003/5132 2634/4369/5132 2436/4368/5132
f 3122/5295/5133 2773/4612/5133 2831/4614/5133
f 3122/5296/5134 2665/4470/5134 2773/4566/5134
f 2875/5081/5135 2628/4268/5136 2405/4394/5137
f 2377/4144/5138 2587/4143/5138 2378/4146/5138
f 2664/4469/5139 2708/5297/5139 3045/4042/5139
f 2362/5298/5140 2364/4485/5140 2694/4769/5140
f 2686/4420/5141 2684/5299/5141 2683/4723/5141
f 2990/5011/5142 2493/4378/5143 2432/4315/5144
f 3013/4212/5145 2481/4152/5145 2873/4079/5145
f 2311/4770/5146 3329/5016/5146 2765/5015/5146
f 3364/5300/5147 2926/5301/5147 2595/4461/5147 3448/5250/5147
f 2725/5302/5148 3019/5303/5148 2462/5304/5148
f 3436/5305/5149 2662/4882/5149 3407/5029/5149
f 3358/5306/5150 2973/4768/5150 3394/5307/5150
f 2894/5308/5151 2902/4944/5151 2893/4642/5151
f 3277/5273/5152 3486/5272/5152 3440/5309/5152 3173/5310/5152
f 2624/5311/5153 2714/5312/5153 3122/5295/5153
f 2624/4518/5154 2780/4975/5154 3018/4414/5154
f 3161/4635/5155 2652/5313/5155 2890/4636/5155
f 2391/5045/5156 2318/4084/5156 3170/4059/5156
f 2628/4268/5157 2471/5080/5157 3024/4025/5157
f 3125/4316/5158 2532/4760/5158 2962/4137/5158
f 2324/4799/5159 3148/4798/5159 3014/4089/5159
f 2582/4463/5160 3359/4776/5160 3360/5314/5160
f 3296/5315/5161 2852/5316/5161 3468/5317/5161 3356/5318/5161
f 3180/4395/5162 2499/5319/5162 3181/4393/5162
f 3194/4711/5163 2386/5320/5163 3240/4709/5163
f 3241/5074/5164 3240/5073/5164 2386/5321/5164
f 2349/4455/5165 2276/5322/5165 3213/4456/5165
f 2419/4102/5166 3186/4101/5167 2718/5323/5168
f 2275/5324/5169 2497/5325/5169 2410/5326/5169
f 3100/4878/5170 2415/5327/5170 2746/4391/5170
f 2800/4103/5171 2317/5032/5172 3221/4918/5173
f 3024/4025/5174 3082/5091/5174 2845/4258/5174
f 2837/4490/5175 2565/4229/5175 3321/4228/5175
f 2353/4120/5176 2352/4119/5176 3322/5328/5176
f 2771/4064/5177 3296/5315/5177 3383/5329/5177 3424/5330/5177
f 3113/5331/5178 2459/5332/5178 2367/5333/5178
f 2462/5334/5179 2383/4148/5179 2936/5335/5179
f 2379/4431/5180 3246/5336/5180 3119/4432/5180
f 2755/4824/5181 2498/4817/5181 2978/4046/5181
f 3037/4506/5182 2757/4925/5183 2497/5325/5184
f 3018/4414/5185 2535/4416/5185 3019/4822/5185
f 2439/5337/5186 3274/5338/5186 2685/5339/5186
f 2270/4373/5187 2376/5218/5187 3029/4371/5187
f 3377/5289/5128 2553/4750/5188 3386/5290/5128
f 2945/5294/5189 2892/5340/5189 2382/4147/5189
f 2775/5234/5190 2593/5102/5190 2592/5341/5190
f 2733/4528/5191 2473/4537/5191 3233/4068/5191
f 2445/4267/5192 2444/4247/5192 3444/4246/5192 3464/4264/5192
f 2562/5342/5193 2540/5343/5194 2539/5344/5195
f 3358/5306/5196 3394/5307/5196 3010/5345/5196
f 3097/5139/5197 2853/4314/5197 2766/4858/5197
f 3398/4265/5198 2827/4478/5198 3433/5346/5198
f 2875/5081/5135 2405/4394/5137 2817/5125/5199
f 2527/5347/5200 2681/5188/5200 3172/5348/5200
f 2750/4087/5201 2751/4303/5201 3261/4221/5201
f 2299/5063/5202 2849/4151/5202 3243/5064/5202
f 2452/5349/5203 2968/4749/5203 2659/5350/5203
f 2766/4858/4739 2446/4857/4738 2272/5257/5204
f 3169/5121/5205 2592/5341/5205 3408/5351/5205 3427/5352/5205
f 2465/5025/5206 3259/5353/5206 2458/5354/5206
f 2591/5355/5207 2684/5299/5207 2686/4420/5207
f 2274/4220/5208 2509/4909/5208 2985/4218/5208
f 3007/4809/5209 2740/4525/5209 2368/5356/5209
f 2485/5357/5210 2898/4803/4690 2486/4805/4692
f 2675/5248/5211 3101/4344/5211 3041/5358/5211
f 2758/5359/5212 2427/5038/5212 2329/4477/5212
f 2329/4477/5213 2876/5285/5213 2878/5360/5213
f 2463/4230/5214 2565/4229/5214 3175/4980/5214
f 2438/5361/5215 3271/5362/5215 3429/5363/5215 3349/5364/5215
f 3478/4242/5216 3481/4741/5216 2957/5365/5216
f 2593/5102/5217 2754/4841/5218 3000/4390/5219
f 3235/5366/5220 2321/5367/5220 2634/4369/5220
f 2938/5368/5221 3220/5053/5221 2549/5031/5221
f 2591/5355/5222 2685/5369/5222 3274/5370/5222
f 2298/4877/5223 3244/5371/5223 3100/4878/5223
f 2547/5372/5224 2881/5373/5224 3051/5374/5224
f 2290/5375/5225 2934/5003/5225 2436/4368/5225
f 3113/5376/5226 2620/4585/5226 3258/4587/5226
f 3387/5377/5227 2277/5378/5227 2519/5161/5227 3396/5160/5227
f 2635/4564/5228 3119/4432/5228 3246/5336/5228
f 2429/5018/5229 2605/4693/5229 2604/4695/5229
f 2894/5308/5230 2893/4642/5230 2988/4641/5230
f 3251/4794/5231 2431/4555/5231 3169/5121/5231
f 3286/4660/5232 3105/5163/5232 2907/4661/5232
f 2267/4284/5233 3331/5180/5233 3022/5379/5233
f 2471/5080/5234 2919/4553/5234 3024/4025/5234
f 2989/5380/5235 2339/5381/5235 2477/5382/5235
f 2859/4308/5236 2575/4620/5236 2576/4309/5236
f 2980/4066/5237 3098/4065/5237 3225/5069/5237
f 3356/5318/5238 3383/5329/5238 3296/5315/5238
f 3160/5098/5239 2567/4350/5239 2896/4916/5239
f 2795/5383/5240 2276/5322/5241 2472/5384/5242
f 2756/4171/5243 2958/4277/5243 2622/4407/5243
f 2888/5385/5242 2795/5383/5240 2472/5384/5242
f 3475/4175/5244 3173/4174/5244 3440/5386/5244
f 2265/5009/5245 2801/5268/5245 3117/5010/5245
f 3269/4491/5246 2838/5136/4974 2571/4726/5247
f 2583/5387/5248 2894/5308/5248 2988/4641/5248
f 2894/5388/5249 2583/5389/5249 2483/4710/5249
f 2701/4492/5250 2326/4040/5250 2572/4848/5250
f 2789/4954/4808 3133/4713/5251 3326/4714/4809
f 2809/4682/5252 2807/4988/5252 2458/4758/5252
f 3318/4083/5253 2600/5390/5253 3305/5184/5253
f 3453/5391/5254 3484/5392/5254 2651/5393/5254
f 3235/5366/5255 2634/4369/5255 3049/4536/5255
f 3006/4166/5256 3287/4576/5256 2689/4167/5256
f 2967/5394/5257 2514/5395/5257 2512/5396/5257
f 2935/4721/5258 3309/4969/5258 2862/5397/5258
f 2811/5398/5259 2812/4352/5259 3127/5399/5259
f 2556/5135/5260 2998/5400/5261 2388/4807/5262
f 2998/5400/5261 2350/5401/5263 2388/4807/5262
f 3035/4887/5264 2419/4102/5264 2585/4384/5264
f 2801/4288/5265 2284/5402/5265 2723/4286/5265
f 2613/4145/5266 2375/5244/5266 2377/4144/5266
f 2800/4103/5267 3234/4105/5267 2258/4625/5267
f 3358/5306/5268 3010/5345/5268 3374/5403/5268
f 2266/4837/5269 3010/5345/5269 3179/4987/5269
f 3322/4955/5270 3284/4957/5270 2707/4500/5270
f 3284/4957/5271 3159/4499/5271 2707/4500/5271
f 2331/4498/5272 2918/4388/5272 2828/4051/5272
f 2612/4583/5273 2611/5404/5273 2993/4584/5273
f 2365/4486/5274 3025/4109/5274 2566/4487/5274
f 2831/5405/5275 2830/5060/5275 2779/5406/5275
f 3115/4259/5276 3003/4411/5276 2674/4745/5276
f 3054/4904/5277 3354/4911/5277 3405/5407/5277
f 3190/5408/5278 2619/4704/5278 2435/4207/5278
f 3129/4633/5279 3023/4939/5279 2578/5409/5279
f 3209/5132/5280 3129/4633/5280 2578/5409/5280
f 2910/5258/5281 2343/5002/5282 3404/5410/5283 3470/5411/5281
f 2343/5002/5284 2570/4535/5284 2934/5003/5284
f 2411/4719/5285 3038/4342/5285 3083/5412/5285
f 3257/5413/5286 2942/5414/5286 2407/5115/5286
f 3026/5126/5287 3069/5415/5287 2839/5127/5287
f 2306/4729/5288 2745/4607/5288 3279/4941/5288
f 3200/4338/5289 2315/4897/5290 2999/4339/5291
f 2904/5012/5292 2432/4315/5292 3097/5139/5292
f 2397/5041/5293 3127/5399/5294 2760/5416/5295
f 2793/5417/5296 3171/5256/5296 2338/5255/5296
f 3243/5064/5297 2849/4151/5298 3300/4153/5299
f 3472/5173/5300 3391/5264/5300 3235/5366/5300
f 2532/4760/5301 2371/4759/5302 2961/4836/5303
f 3103/4732/5304 3114/4052/5304 2279/4580/5304
f 3085/4048/5305 3146/4646/5305 2656/5418/5305
f 3357/5419/5306 3460/5420/5306 3204/5421/5306
f 3461/4160/5307 2969/5133/5307 3204/5421/5307 3460/5420/5307
f 3389/5422/5308 3090/4983/5308 3352/5095/5308
f 3398/4265/5309 3433/5346/5309 2786/4266/5309
f 3124/5228/5310 2924/5423/5310 2554/4917/5310
f 2982/4985/5311 2616/4772/5311 3495/5424/5311 3508/5425/5311
f 3270/5246/5312 3232/5225/5312 3089/4579/5312
f 2732/4687/5313 3116/4367/5313 2336/4366/5313
f 3400/5426/5314 3371/5427/5314 2511/5128/5314
f 2840/5066/4902 2404/4172/5315 2310/4406/4903
f 2404/4172/5316 2622/4407/5316 2310/4406/5316
f 2854/5428/5317 2856/5429/5317 2954/5430/5317
f 2904/5012/5318 2990/5011/5318 2432/4315/5318
f 2970/5431/5319 2723/5432/5320 3308/5433/5321
f 3040/5434/5322 2474/5435/5322 3272/5436/5322
f 3188/4135/5323 3198/4134/5323 2690/4818/5323
f 3106/4761/5324 2532/4760/5324 3125/4316/5324
f 2407/5115/5325 3318/4083/5325 2693/4085/5325
f 3114/4052/5326 2993/4584/5326 2996/4053/5326
f 2333/5057/5327 2608/5036/5327 2607/5035/5327
f 2922/4217/5328 3149/4080/5328 2448/5437/5328
f 2350/5401/5329 2929/4806/5329 2388/4807/5329
f 3424/5330/5330 2799/4596/5330 3423/4595/5330
f 3311/4270/5331 3222/4861/5331 2704/5147/5331
f 3197/4402/5332 2422/4452/5332 3174/4403/5332
f 2789/4954/5333 2790/4715/5333 3133/4713/5333
f 2306/4729/5334 2285/4994/5335 2745/4607/5336
f 2552/4215/5337 2909/4707/5337 3452/4706/5337 3434/5438/5337
f 2916/4035/5338 2691/5210/5338 2439/4419/5338
f 3062/4150/5339 2883/4494/5339 3129/4633/5339
f 3194/5439/5340 2940/4117/5340 3008/4248/5340
f 2426/4193/5341 2568/4192/5341 2925/5440/5341
f 2561/4829/5342 2822/5151/5342 2983/5092/5342
f 2918/4388/5343 2601/4387/5343 3327/4610/5343
f 2669/4767/5344 3262/5441/5344 3011/5442/5344
f 2858/5443/5345 2453/4552/5345 2563/5444/5345
f 2339/5381/5346 2645/5445/5346 3191/4437/5346
f 3071/5020/5347 2739/4963/5347 2425/4570/5347
f 3073/4093/4325 2972/5446/5348 2358/4026/4326
f 2676/4067/5349 2677/5447/5349 3233/4068/5349
f 2340/4785/5350 2869/5111/5350 2644/4438/5350
f 2944/4161/5351 2438/5448/5351 3349/5449/5351 3373/5450/5351
f 3475/4175/5352 3440/5386/5352 3215/5451/5352
f 3202/4450/5353 2648/5452/5353 2803/5453/5353
f 3373/5450/5354 3410/4162/5354 2944/4161/5354
f 3053/4859/5355 2704/5147/5355 3141/4389/5355
f 2728/5454/5356 3245/5455/5356 2722/4524/5356
f 2717/5456/5357 3186/4101/5357 3135/5457/5357
f 3070/5245/5358 2613/4145/5358 2434/5458/5358
f 3063/4158/5359 3184/4950/5359 3071/5020/5359
f 3102/4360/5360 2919/4553/5360 2739/4963/5360
f 3221/4918/5361 2550/5007/5361 3123/4571/5361
f 3048/5459/5362 2721/4523/5362 3332/4522/5362
f 2721/4523/5363 2936/5460/5363 2728/5454/5363
f 2838/5136/4974 3269/4491/5246 2319/4617/4975
f 2892/4637/5364 2945/5461/5364 3161/4635/5364
f 3123/4571/5365 2864/4099/5365 2355/4098/5365
f 2748/5462/5366 3072/5113/5366 2641/5463/5366
f 2657/4055/5367 3093/4903/5367 2987/5199/5367
f 2295/5464/5368 2882/4821/5368 2420/4820/5368
f 2630/4283/5369 2387/5019/5369 2768/4562/5369
f 2340/4785/5370 3282/5465/5370 2824/4786/5370
f 3270/5246/5371 2675/5248/5371 3232/5225/5371
f 3282/5465/5372 2484/4926/5372 2823/5466/5372
f 2484/4926/4791 3282/5465/5373 2485/4927/4792
f 2277/5378/5374 2420/4820/5374 2519/5161/5374
f 2410/4329/5375 2759/4718/5375 2974/4608/5375
f 2755/4824/5376 3286/4660/5376 2498/4817/5376
f 2632/4180/5377 3302/5467/5377 2449/4181/5377
f 2958/4277/5378 2303/4912/5378 2844/4405/5378
f 2779/5468/5379 3316/5469/5379 2780/5470/5379
f 3361/4443/5380 3412/4605/5380 2776/4444/5380
f 3120/5471/5381 3121/5472/5381 3338/4989/5381
f 3461/4160/5382 3460/5420/5382 3147/5473/5382 2944/4161/5382
f 2778/5170/5383 3080/5281/5383 2738/4670/5383
f 2332/5082/5384 3138/5037/5384 2608/5036/5384
f 2400/4559/5385 2302/5067/5385 2589/5474/5385
f 2273/4219/5386 2896/4916/5386 3108/4915/5386
f 2308/5214/5387 2761/4115/5387 2442/4870/5387
f 2303/4912/5388 2273/4219/5388 3178/4618/5388
f 3218/5475/5389 3219/4290/5389 2524/4289/5389
f 2687/4698/5390 2858/5443/5390 2874/5476/5390
f 2997/4943/5391 2720/5260/5391 3231/5477/5391
f 2492/4312/5392 2869/5111/5392 2870/4313/5392
f 3051/5478/5393 2762/5152/5393 3131/5154/5393
f 2984/4905/5394 2846/4907/5394 2344/5096/5394
f 2314/4433/5395 3119/4432/5395 3249/5479/5395
f 2427/5038/5396 2827/4478/5396 2329/4477/5396
f 3159/4499/5397 3205/4497/5397 3081/4050/5397
f 2578/5409/5398 2756/4171/5398 2617/5480/5398
f 2652/5481/5399 2653/5145/5399 2489/5144/5399
f 2897/4647/5400 2294/4047/5401 3015/4819/5402
f 3415/5288/5403 3430/5482/5403 3271/5362/5403 3264/4335/5403
f 3162/4149/5404 3091/5483/5404 3314/5484/5404
f 3330/5055/5405 2508/5190/5405 2507/5056/5405
f 2861/5485/5406 2862/5397/5406 3219/4290/5406
f 2915/4476/5407 3237/4475/5407 2818/4550/5407
f 2593/5102/5408 3414/5101/5408 3343/5486/5408 2592/5341/5408
f 3365/5286/5409 3264/4335/5409 3366/4334/5409
f 3120/5487/5410 3338/5488/5410 2772/5059/5410
f 2763/4675/5411 2880/4855/5411 2712/5489/5411
f 3214/5490/5412 3323/5491/5412 2763/4675/5412
f 3396/5160/5413 3426/5162/5413 3037/4506/5413 2497/5325/5413
f 2896/4916/5414 2344/5096/5414 3160/5098/5414
f 2547/4833/5415 3031/4182/5415 2647/4318/5415
f 2603/4359/5416 2359/4964/5416 3102/4360/5416
f 2355/4098/4540 3124/5228/5067 2283/4572/4541
f 2360/4932/5417 3127/4934/5417 2396/5492/5417
f 2444/4247/5418 3028/5094/5418 3375/5493/5418 3393/5099/5418
f 2654/4632/5419 3044/5167/5419 2304/4938/5419
f 3020/4357/5420 3299/4154/5420 3288/4696/5420
f 2784/5156/5421 2431/4555/4526 2454/4554/4525
f 2492/4312/5422 2833/5083/5422 2623/4827/5422
f 3030/4831/5423 3029/4371/5423 2376/5218/5423
f 2504/4902/5424 2702/4973/5424 2701/4492/5424
f 3025/4109/5425 2992/4111/5425 2579/5494/5425
f 2416/4129/5426 2579/4128/5426 2580/5200/5426
f 2287/4725/5427 3269/4491/5427 2571/4726/5427
f 2566/4487/5428 3025/4109/5428 2579/5494/5428
f 2258/4625/5429 2938/5368/5429 2549/5031/5429
f 2778/5170/5430 2607/5172/5430 3036/4097/5430
f 3224/5495/5431 2619/4704/5431 3190/5408/5431
f 2606/4830/5432 3009/4372/5432 3029/4371/5432
f 3209/5132/5433 2617/5480/5433 2373/4140/5433
f 3209/5132/5434 2578/5409/5434 2617/5480/5434
f 2842/5496/5435 2681/4791/5435 2612/4790/5435
f 2830/5060/5436 2429/5018/5436 2779/5406/5436
f 2286/4063/5437 3068/5232/5437 2486/4061/5437
f 2657/4055/5438 2476/4057/5438 3339/5497/5438
f 3233/4068/5439 2886/4951/5439 3066/5157/5439
f 2644/4438/5440 3191/4437/5440 2645/5445/5440
f 2730/4923/5441 3118/5498/5441 2761/4115/5441
f 2885/5275/5442 3337/5499/5442 2508/5500/5442
f 3121/4141/4347 2373/4140/4346 3009/4372/5443
f 2762/4511/5444 2880/4855/5444 2763/4675/5444
f 2880/4855/5445 2762/4511/5445 3051/4856/5445
f 3149/4080/5446 2795/5383/5446 2888/5385/5446
f 2469/5212/5447 2826/4530/5447 2825/4529/5447
f 2305/4399/5448 3151/4401/5448 3298/5501/5448
f 3099/4056/4696 2736/4541/5449 3341/4526/4697
f 2598/4929/5450 2835/4106/5450 2503/4362/5450
f 2524/4289/5451 3324/4262/5451 3079/4261/5451
f 3138/5037/5452 2332/5082/5452 2450/4164/5452
f 3017/4872/5453 2638/4295/5453 3016/5502/5453
f 3175/5503/5454 2287/5504/5455 2361/5505/5456
f 2361/5505/5456 2287/5504/5455 3176/5506/5457
f 3190/5408/5458 2434/4206/5458 3226/5052/5458
f 2434/4206/5459 3190/5408/5459 2435/4207/5459
f 2260/4355/5460 2964/4424/5460 2402/4356/5460
f 2752/5507/5461 2397/5508/5461 2540/5509/5461
f 2362/4386/5462 3035/4887/5462 2585/4384/5462
f 2437/4209/5463 3242/5510/5463 2619/5511/5463
f 3223/4684/5464 2310/4406/5464 2637/5120/5464
f 2318/4084/5465 3305/5184/5465 3170/4059/5465
f 2366/5512/5466 3113/5376/5466 2367/4036/5466
f 3019/5303/5467 2725/5302/5467 3325/5513/5467
f 3165/4496/5468 3166/4533/5468 3312/5514/5468
f 2499/5319/5469 3040/5515/5469 3272/5516/5469
f 3307/5220/5470 2347/4801/5470 2486/4061/5470
f 3340/4249/5471 2487/4251/5471 3091/5517/5471
f 2490/4778/5472 3315/4622/5472 2986/5518/5472
f 2801/4288/5473 2302/5067/5474 2400/4559/5475
f 2451/5022/5476 2562/5342/5476 3491/5519/5476 3187/5023/5476
f 2924/5423/5477 2633/4326/5477 3283/4573/5477
f 3137/4100/5478 3135/5457/5478 3186/4101/5478
f 2507/5056/5479 2442/4870/5479 2309/4869/5479
f 2776/4444/5480 3412/4605/5480 3425/5520/5480 2829/4984/5480
f 2757/4925/5183 3276/5077/5481 3087/4690/5482
f 2321/5367/5483 2531/5521/5483 2943/4370/5483
f 3246/5336/5484 2494/4743/5484 2263/5522/5484
f 2506/4131/5485 2505/4272/5485 3309/4969/5485
f 2623/4827/5486 2760/5416/5486 3043/4826/5486
f 2999/4339/5487 2998/5400/5487 2556/5135/5487
f 3283/4573/5488 2480/4077/5488 2481/4152/5488
f 2931/4557/5489 2696/4488/5489 3131/5523/5489
f 2708/5524/5490 2664/5525/5490 3286/5526/5490
f 3109/5527/5491 2675/5248/5491 3041/5358/5491
f 3307/5220/5492 3211/5528/5492 2447/5529/5492
f 3476/4204/5493 3477/5176/5493 3236/4201/5493
f 2574/4539/5494 3277/4643/5494 3173/4540/5494
f 3307/5220/5495 2486/4061/5495 3068/5232/5495
f 3193/5000/5496 2386/5078/5496 3008/5001/5496
f 2435/4207/5497 3216/4701/5497 3070/4205/5497
f 2439/5337/5498 2691/5530/5498 3274/5338/5498
f 2757/5531/5499 2759/4718/5499 2410/4329/5499
f 2431/4555/5500 2775/5234/5500 2592/5341/5500
f 3014/4089/5501 2325/5532/5501 2901/4090/5501
f 2535/4416/5502 2536/4415/5502 2796/4591/5502
f 2796/5159/5503 2462/5304/5503 2535/5533/5503
f 2337/4556/5504 2456/4611/5504 2454/4554/5504
f 2587/4143/5505 2604/4695/5505 3064/5534/5505
f 2378/4146/5506 2587/4143/5506 3064/5534/5506
f 2525/5535/5507 3156/4183/5507 2697/4273/5507
f 2755/4824/5508 3105/5163/5508 3286/4660/5508
f 2631/5536/5509 2758/5537/5509 2878/5119/5509
f 3075/4354/5510 2657/4055/5510 3339/5497/5510
f 2837/4490/5511 3095/4735/5511 2564/4986/5511
f 2998/5400/5512 3088/5538/5512 2350/5401/5512
f 2868/4168/5513 2843/4330/5513 2974/4608/5513
f 2755/4824/5514 3079/4261/5514 3328/4886/5514
f 2803/5539/5515 2447/5529/5515 2804/5109/5515
f 2756/4171/5516 2622/4407/5516 2404/4172/5516
f 2398/4627/5517 2263/5522/5517 3285/5540/5517
f 2916/4035/5518 2440/4034/5518 2691/5210/5518
f 2598/4929/5519 2834/4930/5519 2835/4106/5519
f 3072/5541/5520 2748/5202/5520 3301/5201/5520
f 2898/5542/5521 2368/5356/5521 2261/5543/5521
f 2851/4434/5522 2850/5544/5523 2730/4210/5524
f 2847/4208/5525 2730/4210/5524 2850/5544/5523
f 3001/5171/5526 2590/5179/5526 2469/5545/5526
f 2291/4169/5527 2411/4719/5527 3083/5412/5527
f 2838/5136/5528 2392/5546/5528 2571/4726/5528
f 2920/4538/5529 2573/4899/5529 2574/4539/5529
f 2841/5124/5530 3012/4795/5530 2742/4676/5530
f 3164/4185/5531 2280/4789/5531 3034/4113/5531
f 2271/4347/5532 2951/4346/5532 2482/5028/5532
f 2406/4343/5533 3041/5358/5533 3101/4344/5533
f 2272/5257/5534 2312/4136/5534 2338/5255/5534
f 2802/4044/5535 2589/5474/5535 2302/5067/5535
f 3232/5225/5059 3109/5527/5536 3148/4798/4686
f 2296/4043/5537 2269/4348/5537 2271/4347/5537
f 2948/5261/5538 2307/4058/5538 2885/5275/5538
f 3033/5547/5539 2396/5492/5539 2752/5548/5539
f 3166/5549/5540 3146/4646/5540 2753/4645/5540
f 2514/5395/5541 2695/5550/5541 2975/5551/5541
f 2832/5552/5542 3112/5208/5542 2879/5553/5542
f 2878/5360/5543 2876/5285/5543 2877/4422/5543
f 2636/4232/5544 2877/4422/5544 2876/5285/5544
f 3196/4699/5545 2369/4781/5545 3195/4700/5545
f 2488/5158/5546 3091/5517/5546 3162/5554/5546
f 2821/5555/5547 3431/4775/5547 3519/5241/5547 3504/5556/5547
f 3008/5001/5548 2386/5078/5548 3194/5557/5548
f 3472/5173/5549 3289/4428/5549 3391/5264/5549
f 3054/4904/5550 3405/5407/5550 3404/5410/5283 2343/5002/5282
f 2797/5558/5551 2848/5559/5551 3340/5560/5551
f 2832/5561/5552 2879/5252/5094 2349/5254/5094
f 3237/4475/5553 2817/5125/5553 2818/4550/5553
f 2942/5414/5554 2600/5390/5554 3318/4083/5554
f 2983/5092/5555 3199/5150/5555 2297/5137/5555
f 3111/5562/5556 2856/5429/5556 2854/5428/5556
f 3097/5139/5557 2432/4315/5557 2853/4314/5557
f 2698/4908/5558 2689/5563/5558 2690/5564/5558
f 3282/5465/5559 2823/5466/5559 2824/4786/5559
f 3002/5280/5560 2534/4310/5560 2536/4977/5560
f 2640/5112/5561 2749/5565/5561 2641/5463/5561
f 2911/4190/5562 2932/4241/5562 2671/4244/5562
f 3065/5207/5563 2879/5553/5563 3112/5208/5563
f 3000/4390/5564 3295/4392/4937 2593/5102/4939
f 2856/5429/5565 3111/5562/5565 2921/5566/5565
f 2950/5567/5566 2990/5011/5566 2905/5013/5566
f 2660/5105/5567 3299/5568/5567 3170/4059/5567
f 2813/4936/5568 2967/5394/5568 2512/5396/5568
f 2729/5569/5569 2870/4313/5569 3275/5570/5569
f 2268/5104/5570 2463/4230/5570 2360/4932/5570
f 2756/4171/5571 2866/5259/5571 2958/4277/5571
f 2729/5569/5572 3275/5570/5572 2863/5571/5572
f 2367/4036/5573 2459/4940/5573 2440/4034/5573
f 2399/4606/5574 3061/5054/5574 3220/5053/5574
f 3262/5572/5575 2584/5573/5575 3011/5574/5575
f 3060/4327/5576 2633/4326/5576 2924/5423/5576
f 2733/4528/5577 3278/4953/5577 3040/5515/5577
f 3190/5408/5578 3226/5052/5578 3189/5227/5578
f 2985/4218/5579 2923/5192/5579 2984/4905/5579
f 2811/5398/5580 3175/5503/5580 2895/4353/5580
f 2892/5340/5581 2893/5575/5581 2891/4722/5581
f 2902/5576/5582 3245/5577/5582 2728/5578/5582
f 2308/5214/5583 3201/5579/5583 2495/5580/5583
f 3025/4109/5584 2365/4486/5584 2585/5581/5584
f 2261/5543/5585 2529/5047/5585 2530/5046/5585
f 2942/5582/5586 3215/4609/5586 2601/4387/5586
f 2842/5583/5587 2612/5584/5587 2528/5585/5587
f 2469/5212/5588 2607/5035/5588 3001/5586/5588
f 2516/4655/5041 2469/5212/5043 2794/5587/5589
f 3285/5540/5590 2937/5588/5591 2938/5368/5592
f 2687/5589/5593 2960/5590/5593 2688/5591/5593
f 3392/5592/5594 3427/5352/5594 3211/5528/5594
f 2982/4985/5595 2614/5593/5595 2311/4770/5595
f 2538/5084/5596 2562/5342/5596 2623/4827/5596
f 2562/5342/5597 2539/5344/5597 2623/4827/5597
f 2629/4269/5598 3047/5242/5598 2947/5008/5598
f 3118/5498/5599 2442/4870/5599 2761/4115/5599
f 2743/4292/5600 2682/4293/5600 2841/5124/5600
f 2917/5594/5601 3204/5595/5601 2545/5596/5601
f 2306/4729/5334 2264/4728/5602 2285/4994/5335
f 3004/4720/5603 2555/4279/5603 3132/4383/5603
f 2857/5597/5604 2916/5598/5604 2698/5599/5604
f 3445/5600/5605 3372/5601/5605 3260/5039/5605
f 2493/4378/5606 2371/4759/5606 3106/4761/5606
f 3172/4038/5607 2743/4292/5607 3271/4039/5607
f 2527/5347/5608 2900/5189/5608 2681/5188/5608
f 2689/4167/5609 2698/5602/5609 2916/4035/5609
f 2670/4280/5610 2911/5085/5610 2671/5249/5610
f 2991/5292/5611 2265/5009/5611 2972/5446/5611
f 2718/5204/5612 2363/4110/5612 3025/4109/5612
f 2922/4217/5613 2448/5437/5613 3027/4906/5613
f 2583/5387/5614 2988/4641/5614 2890/4636/5614
f 3242/5510/5615 2437/4209/5615 2847/4208/5615
f 2977/4626/5616 3246/5336/5616 2263/5522/5616
f 2323/4808/5617 2836/5134/5617 2834/4930/5617
f 2700/4654/5618 3227/4901/5618 2826/4530/5618
f 2591/5355/5619 3274/5370/5619 2975/5551/5619
f 3310/4891/5053 3447/5222/5052 3480/5603/5620 2650/5604/5620
f 2922/4217/5621 2923/5192/5621 2509/4909/5621
f 2857/4321/5622 2855/4867/5622 2916/4035/5622
f 2956/4439/5623 2702/4973/5623 2342/4440/5623
f 2650/5604/5624 3480/5603/5624 3453/5391/5624 2651/5393/5624
f 3234/4105/5625 2635/4564/5625 3246/5336/5625
f 3319/5287/5626 3294/4441/5626 2764/4674/5626
f 3165/4496/5627 2706/5605/5627 3044/5167/5627
f 3230/4834/4717 2955/4165/4716 2332/5082/5628
f 2352/4119/5629 3134/5606/5629 3322/5328/5629
f 3357/5419/5630 3147/5473/5630 3460/5420/5630
f 2531/5291/5631 3386/5290/5631 3387/5377/5631 2275/5324/5631
f 3115/4259/5632 2627/5093/5632 3003/4411/5632
f 2732/4687/5633 2868/4168/5633 3096/4170/5633
f 2381/4773/5634 2299/5063/5634 3119/4432/5634
f 2445/4267/5635 2323/4808/5635 2834/4930/5635
f 2739/4963/5636 2471/5080/5636 2470/5079/5636
f 3268/4995/5637 2798/5006/5637 3061/5054/5637
f 2303/4912/5638 2274/4220/5638 2273/4219/5638
f 2913/4659/5639 2371/4759/5639 2493/4378/5639
f 3284/4957/5640 3205/4497/5641 3159/4499/5642
f 2505/4272/5643 3205/4497/5641 3284/4957/5640
f 3155/4184/5644 2505/4272/5644 3284/4957/5644
f 2935/4721/5645 2862/5397/5645 3293/5607/5645
f 2304/4938/5646 3044/5167/5646 3213/4456/5646
f 3287/4576/5647 2684/5299/5647 3196/4699/5647
f 3426/5162/5648 3455/4504/5648 3037/4506/5648
f 2959/4460/5649 2452/5608/5649 2659/4430/5649
f 2302/5067/5650 2599/4107/5650 3126/4045/5650
f 2981/5044/5651 2693/4085/5651 2391/5045/5651
f 2964/4424/5652 2564/4986/5652 3266/4734/5652
f 2281/4787/5653 3284/4957/5653 3134/4956/5653
f 3134/4956/5654 2352/4788/5654 2281/4787/5654
f 2361/5505/5655 3093/4903/5655 3075/4354/5655
f 3021/4742/5656 3267/4072/5656 2500/4551/5656
f 2381/4773/5657 2924/5423/5657 2299/5063/5657
f 2989/5380/5658 2485/4927/5659 3282/5465/5660
f 2810/5609/5661 2458/5610/5661 3259/5611/5661
f 2514/5395/5662 2967/5394/5662 2695/5550/5662
f 3436/5305/5663 3407/5029/5663 2693/4085/5663
f 2463/5612/5664 3175/5503/5664 2811/5398/5664
f 2572/4848/5665 2965/4746/5665 2701/4492/5665
f 2668/4071/5666 2521/4846/5666 3114/4052/5666
f 2449/4181/5667 3308/5433/5668 3063/4158/5669
f 3067/4847/5670 3250/4214/5670 2551/4216/5670
f 3320/4489/5671 2525/5535/5671 2697/4273/5671
f 2900/5198/5672 2527/4851/5672 3147/4853/5672
f 2920/4538/5673 3173/4540/5673 3210/5613/5673
f 2968/4749/5674 2420/4820/5674 2277/5378/5674
f 2490/4778/5675 2986/5518/5675 3314/5614/5675
f 3091/4254/5676 2490/4253/5676 3314/5615/5676
f 3112/5616/5677 2832/4454/5677 2706/5605/5677
f 2863/5571/5678 3275/5570/5678 3158/5617/5678
f 3128/4766/5679 2680/5618/5679 3262/5441/5679
f 3219/4290/5680 2862/5397/5680 3058/4291/5680
f 3058/4291/5681 2862/5397/5681 2525/5535/5681
f 2452/5349/5682 2295/5464/5682 2968/4749/5682
f 2809/4682/5683 2458/4758/5683 2810/4358/5683
f 2555/4279/5684 2939/4281/5684 3132/4383/5684
f 2884/5619/5685 2474/5435/5685 3040/5434/5685
f 2814/5620/5686 2813/4936/5686 2806/4681/5686
f 3129/4633/5687 3209/5132/5687 3062/4150/5687
f 2386/5621/5688 2665/5622/5688 2714/5623/5688
f 3234/4105/5689 2977/4626/5689 2258/4625/5689
f 3022/5379/5690 3273/4425/5690 3150/5624/5690
f 3456/4800/5691 3463/4730/5691 3150/5624/5691
f 3036/4097/5692 3302/5467/5693 2632/4180/5694
f 3432/4235/5695 3485/5625/5695 2412/4479/5695
f 2943/4370/5696 2275/5626/5696 2410/5627/5696
f 2865/4081/5697 2958/4277/5697 2866/5259/5697
f 3124/5228/5698 2554/4917/5698 2283/4572/5698
f 2675/5248/5699 2559/5628/5700 3101/4344/5701
f 3436/5305/5702 3435/5629/5702 2949/5630/5703 2662/4882/5703
f 3036/4097/5692 3138/5223/5704 3302/5467/5693
f 3096/4170/5705 2629/4269/5705 3116/4367/5705
f 3113/5376/5706 3258/4587/5706 3057/4757/5706
f 2897/4647/5707 3146/4646/5707 2294/4047/5707
f 3085/4048/5708 2294/4047/5708 3146/4646/5708
f 2769/4888/5709 2512/5396/5709 2514/5395/5709
f 2793/5417/5710 2839/5127/5710 3069/5415/5710
f 3131/5523/5711 3281/4510/5711 2931/4557/5711
f 2488/5158/5712 2462/5304/5712 2796/5159/5712
f 2875/5081/5713 2817/5125/5713 3237/4475/5713
f 3129/4633/5714 2654/4632/5714 3023/4939/5714
f 2975/5551/5715 2513/4889/5715 2514/5395/5715
f 2633/4326/5716 2953/4157/5716 2301/4569/5716
f 2339/5381/5717 3282/5465/5717 2340/4785/5717
f 2946/5631/5718 2291/4169/5718 3083/5412/5718
f 2778/5170/5719 3036/4097/5719 2864/4099/5719
f 3222/4861/5720 3141/4389/5720 2704/5147/5720
f 2672/4779/5721 3253/4211/5721 2324/4799/5721
f 2799/4596/5722 3022/5379/5722 3150/5624/5722
f 2267/4284/5723 3022/5379/5723 2799/4596/5723
f 2269/4348/4434 2867/4374/5724 2951/4346/4432
f 3432/4235/5725 2406/4237/5725 3485/5625/5725
f 2414/5632/5726 3212/5633/5726 2909/4707/5726
f 2767/4199/5727 3335/4843/5728 2430/4200/5729
f 2366/5512/5730 2921/5634/5730 3111/5061/5730
f 3392/5592/5731 3169/5121/5731 3427/5352/5731
f 2582/4463/5732 3360/5314/5732 3344/4464/5732
f 3061/5054/5733 2745/4607/4839 3268/4995/4841
f 2776/4444/5734 2408/5203/5734 2611/4445/5734
f 3011/5574/5735 2584/5573/5735 2938/5368/5735
f 2492/4312/5736 3043/4826/5736 2644/4438/5736
f 2325/5532/5737 2788/5635/5737 2901/4090/5737
f 2790/4715/5738 3015/4819/5738 2421/4716/5738
f 3381/5266/5739 2327/5265/5739 2553/5636/5739 3377/5637/5739
f 3451/5638/5740 3347/5639/5740 3238/4966/5740 2930/4965/5740
f 3450/5640/5741 3451/5638/5741 2930/4965/5741
f 2540/5343/5742 2397/5041/5742 2539/5344/5742
f 3165/4496/5743 3312/5514/5743 2706/5605/5743
f 2521/4846/5744 2668/4071/5744 2667/4070/5744
f 3082/5091/5745 3024/4025/5745 3167/4027/5745
f 2286/4063/5746 2636/4232/5746 2467/4231/5746
f 2548/4588/4746 2518/4590/5747 2520/4863/4747
f 2469/5212/5748 2590/4589/5748 2794/5587/5748
f 3100/4878/5749 2746/4391/5749 2754/4841/5749
f 3356/5318/5750 3336/4634/5750 3383/5329/5750
f 2735/4575/5751 2413/5196/5751 3250/4214/5751
f 2946/5631/5752 3047/5242/5752 2291/4169/5752
f 2694/5641/5753 2695/5550/5753 2967/5394/5753
f 2537/4311/5754 2538/5084/5754 2833/5083/5754
f 2931/4557/5755 3320/4489/5755 2696/4488/5755
f 2905/4568/5756 2482/5028/5756 2951/4346/5756
f 2747/4844/5757 2596/4379/5757 2335/4615/5757
f 3316/5469/5758 2727/5642/5758 2780/5470/5758
f 2872/4114/5759 3034/4113/5759 2280/4789/5759
f 3013/4212/5760 2873/4079/5760 2479/4213/5760
f 2975/5551/5761 2976/5211/5761 2513/4889/5761
f 3174/4403/5762 3035/4887/5762 2362/4386/5762
f 3017/4952/5763 2884/5643/5763 3278/4953/5763
f 3126/4045/5764 2597/4574/5764 2269/4348/5764
f 2438/4037/5765 2944/5644/5765 3172/4038/5765
f 3430/5482/5766 3429/5363/5766 3271/5362/5766
f 2909/4707/5767 3212/5633/5767 3445/5600/5767 3473/5645/5767
f 2749/4894/5768 2791/4086/5768 2748/5646/5768
f 2763/4675/5769 2712/5489/5769 3214/5490/5769
f 2703/4683/5770 3071/5020/5770 2423/4949/5770
f 3196/4699/5771 2684/5299/5771 2369/4781/5771
f 2526/5197/5772 3147/4853/5772 3357/5647/5772 3355/5648/5772
f 2699/5649/5773 3317/4507/5773 3179/4987/5773
f 2278/4054/5774 3236/5650/5774 3292/4893/5774
f 3296/5315/5775 2771/4064/5775 2263/4297/5775
f 2780/5470/5776 2624/5311/5776 2831/4614/5776
f 2751/5651/5777 2750/5652/5777 2792/5653/5777
f 3331/5180/5778 2964/4424/5779 2963/4423/5780
f 2820/4783/5781 2933/5654/5781 2271/4347/5781
f 2483/5655/5782 3153/5656/5782 2940/5657/5782
f 3153/5658/5783 2483/5659/5783 2374/5660/5783
f 2517/4840/5784 2590/4589/5784 2548/4588/5784
f 2719/4942/5785 2902/4944/5785 2894/5308/5785
f 2627/5093/5786 2983/5092/5786 2297/5137/5786
f 2589/5474/5787 2802/4044/5787 2933/5654/5787
f 2652/5661/5788 3314/5484/5788 2653/5662/5788
f 3162/4149/5789 3314/5484/5789 2652/5661/5789
f 2529/5047/5790 2816/4548/5790 3223/4684/5790
f 2637/5120/5791 3178/4618/5791 2631/5536/5791
f 3380/4030/5792 2387/5019/5792 3482/5663/5792
f 2278/4054/5793 3090/5664/5793 3236/5650/5793
f 3297/4060/5794 3222/5185/5795 3337/5499/5796
f 3063/4158/5669 3308/5433/5668 2717/4302/5797
f 3164/4185/5798 2281/4787/5798 2280/4789/5798
f 2774/5178/5799 2784/5156/5799 2615/4865/5799
f 2788/5665/5800 3346/5086/5800 3399/5666/5800
f 3225/5069/5801 3011/5442/5802 2938/5070/5803
f 2618/4531/5804 3107/5667/5804 2298/4877/5804
f 3282/5465/5660 2339/5381/5805 2989/5380/5658
f 2618/4531/5806 2298/4877/5806 3144/4864/5806
f 2904/4784/5807 2482/5028/5807 2905/4568/5807
f 2813/5668/5808 2557/5669/5808 2806/5670/5808
f 3355/5671/5809 2544/4319/5809 2646/4446/5809 3442/5088/5809
f 3442/5088/5810 2646/4446/5810 3462/4565/5810
f 2915/4476/5811 3252/4549/5811 2479/4213/5811
f 2973/4768/5812 3382/5672/5812 3368/5673/5812 2262/5674/5812
f 2272/5257/5813 2446/4857/5813 3142/4972/5813
f 3167/4027/5814 2561/4829/5814 3082/5091/5814
f 3259/5675/5815 2602/5676/5815 2603/4359/5815
f 3064/5677/5816 2613/5678/5816 2378/5679/5816
f 2737/5051/5817 2613/5678/5817 3064/5677/5817
f 2729/5569/5818 2863/5571/5818 3505/5680/5818 3499/5681/5818
f 3397/5100/5819 3295/4392/5819 3353/4673/5819
f 2878/5360/5820 2758/5359/5820 2329/4477/5820
f 3293/5607/5821 2862/5397/5821 2861/5485/5821
f 2884/5619/5822 3040/5434/5822 3278/5682/5822
f 3194/5439/5823 2483/5683/5823 2940/4117/5823
f 2369/4781/5824 2684/5299/5824 2640/5684/5824
f 2568/4192/5825 2567/5685/5825 2815/5686/5825
f 2592/5341/5826 3343/5486/5826 3437/5107/5826
f 2870/4313/5827 2649/4449/5827 3275/5570/5827
f 2330/5146/5828 3053/4859/5828 3205/4497/5828
f 2849/4151/5829 2924/5423/5829 3283/4573/5829
f 3048/5459/5830 2936/5460/5830 2721/4523/5830
f 3174/4937/5831 2813/4936/5831 2814/5620/5831
f 2343/5002/5832 2961/4836/5832 3054/4904/5832
f 2774/5178/5833 2593/5102/5833 2775/5234/5833
f 3097/4782/4676 3199/5687/5834 2820/4783/4677
f 2377/5688/5835 2727/5642/5835 3316/5469/5835
f 2369/4096/5836 2640/5112/5836 3139/4094/5836
f 3107/5667/5837 3244/5371/5837 2298/4877/5837
f 2868/4168/5838 2974/4608/5839 2291/4169/5840
f 2319/4617/5841 2837/4490/5841 2564/4986/5841
f 2696/4488/5842 2541/4274/5842 3131/5523/5842
f 2448/4031/5843 3177/4337/5843 3157/4032/5843
f 2563/5444/5844 2453/4552/5844 2359/4964/5844
f 3178/4618/5845 2273/4219/5845 2631/5536/5845
f 3039/4691/5846 3087/4690/5846 2911/4190/5846
f 3482/5663/5847 3479/5269/5847 3192/4380/5847 2370/4028/5847
f 2650/5604/5848 2651/5393/5848 3101/5689/5848
f 3072/5113/5849 2971/4095/5849 3139/4094/5849
f 3197/5690/5850 2814/5620/5850 2806/4681/5850
f 2461/4225/5851 3325/5513/5851 2725/5302/5851
f 3302/5467/5852 3138/5223/5852 2450/5691/5852
f 2304/4938/5853 2795/5383/5853 3149/4080/5853
f 3103/4732/5854 3232/5225/5854 2478/4797/5854
f 2903/4601/4553 2409/4603/4555 2655/5034/5855
f 3251/4794/5856 3028/5094/5856 2456/4611/5856
f 2393/4920/5857 3170/4059/5857 2307/4058/5857
f 3191/4437/5858 2477/5382/5858 2339/5381/5858
f 2624/4518/5859 3325/4823/5859 2715/4516/5859
f 2758/5359/5860 2426/4193/5860 2427/5038/5860
f 3176/5506/5861 2948/5692/5861 3093/4903/5861
f 3093/4903/5862 2948/5692/5862 2658/5693/5862
f 2885/5275/5863 3330/5694/5863 2948/5261/5863
f 3348/4189/5864 3413/4191/5864 2927/4493/5864
f 3384/4447/5865 3469/4448/5865 2927/4493/5865
f 2285/4994/5866 2264/4728/5866 3268/4995/5866
f 2479/4213/5867 3252/4549/5867 2478/4797/5867
f 2513/4889/5868 2769/4888/5868 2514/5395/5868
f 3247/4082/5869 2304/4938/5869 3149/4080/5869
f 2669/4767/5870 3128/4766/5870 3262/5441/5870
f 2429/5018/5871 2830/5060/5871 2605/4693/5871
f 3143/4474/5872 2470/5079/5872 2875/5081/5872
f 2443/4466/5873 3123/4571/5873 2550/5007/5873
f 3031/4182/5874 2418/4112/5874 2646/4446/5874
f 2261/5543/5875 2368/5356/5875 2529/5047/5875
f 2626/5110/5876 3042/4842/5877 2787/4400/5878
f 3230/4834/5879 2784/5156/5879 2454/4554/5879
f 2476/4057/5880 2477/5382/5880 3339/5497/5880
f 2262/5674/5881 3128/4766/5881 2973/4768/5881
f 2276/5322/5882 2349/4455/5882 2315/5695/5882
f 2777/4468/5883 3080/5281/5883 2778/5170/5883
f 3206/4186/5884 2914/4999/5884 2474/5696/5884
f 2538/5697/5885 2537/5698/5885 2729/5699/5885
f 2770/5089/5886 2769/4888/5886 3303/4756/5886
f 3305/5184/5887 2600/5390/5887 3222/5185/5887
f 2976/5211/5888 2440/4034/5888 2513/4889/5888
f 2890/4636/5889 2988/4641/5889 2892/4637/5889
f 2716/4226/5890 3048/4850/5890 2713/5700/5890
f 3075/4354/5891 3339/5497/5891 3191/4437/5891
f 2591/5355/5892 2975/5551/5892 2751/5651/5892
f 2812/4352/5893 2644/4438/5893 3043/4826/5893
f 3233/4068/5894 2677/5447/5894 2886/4951/5894
f 2733/4528/5895 2499/5319/5895 3180/4395/5895
f 2889/4651/5896 3016/5502/5896 2638/4295/5896
f 2871/4560/5897 2259/4361/5897 2356/4332/5897
f 2723/4286/5898 2782/4968/5898 2724/4287/5898
f 3262/5572/5899 2680/5701/5899 2584/5573/5899
f 2803/5539/5900 2804/5109/5900 2626/5110/5900
f 2583/5389/5901 2374/5702/5901 2483/4710/5901
f 3045/4042/5902 2708/5297/5902 2663/5703/5902
f 2800/4103/5171 2258/4625/5903 2317/5032/5172
f 3027/4906/5904 2923/5192/5904 2922/4217/5904
f 2494/4743/5905 3246/5336/5905 2852/4736/5905
f 2278/4054/5906 2829/4234/5906 3090/5664/5906
f 2624/4518/5907 2716/4517/5907 2714/5130/5907
f 3438/5704/5908 3049/4536/5908 3439/5251/5908
f 3221/4918/5173 2554/4917/5909 2800/4103/5171
f 3162/4149/5910 2383/4148/5910 2488/5705/5910
f 2881/5373/5911 2547/5372/5911 2647/5706/5911
f 3277/5273/5912 2788/5665/5912 3399/5666/5912 3395/5271/5912
f 2454/4554/5913 2455/4178/5914 3230/4834/5915
f 2474/5696/5916 2914/4999/5916 3272/5516/5916
f 3149/4080/5917 2888/5385/5917 2448/5437/5917
f 2770/5089/5918 3303/4756/5918 2807/4988/5918
f 2948/5261/5919 3330/5694/5919 2658/5707/5919
f 2631/5536/5920 3306/4349/5920 2758/5537/5920
f 2942/5414/5921 3257/5413/5921 3215/5451/5921
f 2356/4332/5922 2782/4968/5922 2723/4286/5922
f 2334/4188/5923 2475/4884/5923 2671/5249/5923
f 2758/5359/5924 3306/4194/5924 2426/4193/5924
f 2857/4321/5925 2698/5602/5925 2874/5476/5925
f 3048/4850/5926 2716/4226/5926 2461/4225/5926
f 3253/4211/5927 2672/4779/5927 3182/4278/5927
f 3252/4549/5928 2500/4551/5928 3104/4731/5928
f 2886/4951/5929 3278/4953/5929 3066/5157/5929
f 2312/4136/5930 2569/4138/5930 3217/5708/5930
f 2684/5299/5931 3074/5709/5931 2640/5684/5931
f 2389/5186/5932 2354/4467/5933 2994/4727/5934
f 2561/4829/5935 2586/4828/5935 2734/5710/5935
f 2424/4159/5936 2425/4570/5936 2301/4569/5936
f 2936/4849/5937 2725/5302/5937 2462/5304/5937
f 2552/4215/5938 2781/4073/5938 2551/4216/5938
f 2935/4721/5939 2506/4131/5939 3309/4969/5939
f 2590/4589/5940 2517/4840/5940 2794/5587/5940
f 2591/5355/5941 3074/5709/5941 2684/5299/5941
f 3242/4705/5942 3216/4701/5942 2435/4207/5942
f 2753/5711/5943 2345/5712/5943 3166/5713/5943
f 3261/4221/5944 2364/4485/5944 2566/4487/5944
f 3143/4474/5945 2873/4079/5945 2300/4078/5945
f 2406/4343/5946 2546/5714/5946 3041/5358/5946
f 2633/4326/5947 2301/4569/5947 3283/4573/5947
f 2305/4399/5948 2803/5539/5948 2787/4400/5948
f 3397/5715/5949 3353/5716/5949 3335/5717/5949
f 3064/5534/5950 2604/4695/5950 3030/5718/5950
f 2398/4627/5951 2977/4626/5951 2263/5522/5951
f 2405/4394/5952 2628/4268/5952 2947/5008/5952
f 2843/4330/5953 3026/5017/5953 2292/4328/5953
f 2845/4258/5954 3082/5091/5954 2627/5093/5954
f 2884/5619/5955 3016/5502/5955 3290/5719/5955
f 3281/4510/5956 3255/4880/5956 2931/4557/5956
f 2473/4537/5957 2946/5631/5957 3083/5412/5957
f 3112/5616/5958 2706/5605/5958 3312/5514/5958
f 2692/5720/5959 2981/5044/5959 2887/5043/5959
f 3334/4118/5960 2353/4120/5960 2577/5235/5960
f 2290/5375/5961 3217/5708/5961 2934/5003/5961
f 2451/5022/5962 2328/5021/5962 2540/5343/5962
f 2401/5168/5963 2662/4882/5963 3263/4881/5963
f 2734/4657/5964 2589/5474/5964 2933/5654/5964
f 2735/4575/5965 2414/5632/5965 2413/5196/5965
f 2942/5582/5966 2601/4387/5966 2600/5243/5966
f 3458/5219/5967 3251/4794/5967 3388/5123/5967
f 3158/5721/5968 2305/4399/5968 3298/5501/5968
f 2354/4467/5969 3080/5281/5969 2777/4468/5969
f 2906/4255/5970 3079/4261/5970 2501/4263/5970
f 3104/4731/5971 3103/4732/5971 2478/4797/5971
f 2282/4644/5972 2598/4929/5972 2503/4362/5972
f 2779/5406/5973 2429/5018/5973 3316/4142/5973
f 2747/5722/5974 3110/4076/5974 3369/4578/5974 3402/5723/5974
f 2320/5724/5975 3004/5725/5975 3038/5726/5975
f 2515/4285/5976 3336/4634/5976 2887/4155/5976
f 2986/5727/5977 3315/5728/5977 2642/5729/5977
f 3272/5516/5978 2914/4999/5978 3021/4742/5978
f 3251/4794/5979 3458/5219/5979 3375/5493/5979 3028/5094/5979
f 2403/4733/5980 2765/5015/5980 2491/5014/5980
f 2656/5418/5981 2979/4825/5981 3085/4048/5981
f 2880/4855/5982 2881/4854/5982 2712/5489/5982
f 2484/4802/5983 2347/4801/5984 2447/5529/5985
f 2713/5730/5986 3048/5459/5986 3332/4522/5986
f 3415/5288/5987 3319/5287/5987 3323/5491/5987 3430/5482/5987
f 3430/5482/5988 3323/5491/5988 3429/5363/5988
f 3168/4173/5989 2404/4172/5989 2840/5066/5989
f 2348/5247/5990 2559/5628/5700 2675/5248/5699
f 2769/4888/5991 2770/5089/5991 2512/5396/5991
f 2463/4230/5992 2811/4933/5992 2360/4932/5992
f 2803/5453/5993 2648/5452/5993 2823/5466/5993
f 3078/4717/5994 2927/4493/5994 3133/4713/5994
f 3185/5731/5995 3046/5732/5995 3208/5733/5995
f 2375/5734/5996 2726/5735/5996 2377/5736/5996
f 2658/5693/5997 3330/5055/5997 2309/4869/5997
f 3032/4771/5998 2311/4770/5998 2268/5104/5998
f 2464/5737/5999 2854/5062/5999 2359/4964/5999
f 2595/4461/6000 2659/4430/6000 3086/4429/6000
f 2830/5060/6001 2772/5059/6001 2605/4693/6001
f 2342/4440/6002 2702/4973/6002 2504/4902/6002
f 2879/5252/6003 2452/5608/6003 2293/5253/6003
f 2680/5618/6004 2262/5674/6004 2316/5738/6004 3496/5739/6004
f 3214/4224/6005 2712/5740/6005 2711/4689/6005
f 2446/4857/6006 2853/4314/6006 3125/4316/6006
f 2705/4495/6007 2883/4494/6007 3062/4150/6007
f 2914/4999/6008 3084/4845/6008 2667/4070/6008
f 3373/5450/6009 2969/5133/6009 3410/4162/6009
f 2333/5057/6010 2607/5035/6010 2825/4529/6010
f 2259/4361/4599 2282/4644/4598 2503/4362/6011
f 2643/4970/6012 3153/5658/6012 2374/5660/6012
f 3425/5741/6013 3459/5742/6013 2829/5743/6013
f 3199/5150/6014 3097/5744/6014 2297/5137/6014
f 3450/4974/6015 2956/4439/6015 3451/5745/6015
f 3451/5745/6016 2956/4439/6016 3294/4441/6016 3347/4333/6016
f 2658/5693/6017 2987/5199/6017 3093/4903/6017
f 2858/5443/6018 2857/4321/6018 2874/5476/6018
f 2417/4462/6019 2415/5327/6019 2783/4774/6019
f 2272/5257/6020 3142/4972/6020 2312/4136/6020
f 2293/5253/6021 2315/4897/6022 2349/5254/6023
f 2315/4897/6024 3265/4755/6024 2594/4754/6024
f 2783/4774/6025 2415/5327/6025 2394/5746/6025 3502/5240/6025
f 2687/5589/6026 2874/5747/6026 2960/5590/6026
f 3249/5479/6027 3182/4278/6027 2573/4899/6027
f 3221/4918/6028 2317/5032/6028 2798/5006/6028
f 2787/4400/6029 3042/4842/6029 2767/4199/6029
f 2960/4133/6030 3188/4135/6030 2688/4577/6030
f 2270/4373/6031 2373/4140/6032 3168/4173/6033
f 2717/5748/6034 2718/5749/6034 3186/5750/6034
f 2787/4400/5878 2803/5539/6035 2626/5110/5876
f 3023/4939/6036 2304/4938/6036 3247/4082/6036
f 3247/4082/6037 2866/5259/6037 3023/4939/6037
f 2674/4745/6038 3003/4411/4460 2793/4413/4462
f 2581/5194/6039 2991/5751/6039 2972/5195/6039
f 3143/4474/6040 2875/5081/6040 3237/4475/6040
f 2362/4935/4797 2967/5394/6041 2813/4936/4798
f 2976/5752/6042 3274/5338/6042 2691/5530/6042
f 3189/5227/6043 3224/5495/6043 3190/5408/6043
f 3454/4442/6044 2646/4446/6044 2808/4604/6044 3361/4443/6044
f 2592/5341/6045 3370/5106/6045 3408/5351/6045
f 2539/5344/6046 2760/5416/6046 2623/4827/6046
f 3290/4381/6047 3132/4383/6047 3059/4187/6047
f 2968/4749/6048 2295/5464/6048 2420/4820/6048
f 3289/4428/6049 2659/4430/6049 2327/5265/6049
f 2260/4355/6050 2564/4986/6050 2964/4424/6050
f 3309/4969/6051 3156/4183/6051 2525/5535/6051
f 2429/5018/6052 2587/4143/6052 3316/4142/6052
f 2869/5111/6053 3202/4450/6053 2649/4449/6053
f 2293/5253/6054 2452/5608/6054 2959/4460/6054
f 3331/5180/6055 2963/4423/6055 3022/5379/6055
f 3295/4392/6056 2417/4462/6057 3345/4465/6058 3406/4672/6058
f 2896/4916/6059 2984/4905/6059 2344/5096/6059
f 2964/4424/6060 3266/4734/6060 2403/4733/6060
f 3232/5225/6061 3103/4732/6061 2279/4580/6061
f 2358/4026/4860 3117/5010/4859 2586/4828/6062
f 2753/4645/4931 2882/4821/4930 2345/5206/6063
f 2931/4557/6064 3058/4291/6064 3320/4489/6064
f 2927/4493/6065 2702/4973/6065 2957/5365/6065
f 2396/5492/6066 3032/4771/6066 2360/4932/6066
f 2731/4873/6067 2995/5753/6067 3510/5754/6067 3500/5755/6067
f 3330/5694/6068 2885/5275/6068 2508/5500/6068
f 2620/4585/6069 2464/5737/6069 2621/4586/6069
f 2396/5040/6070 3127/5399/5294 2397/5041/5293
f 2781/4073/6071 3449/5756/6071 3420/4074/6071
f 3238/4628/6072 2522/4677/6072 2523/4418/6072
f 3150/5624/6073 3273/4425/6073 2533/5757/6073
f 3232/5225/6074 2675/5248/6074 3109/5527/6074
f 2820/4783/6075 2822/4658/6075 2933/5654/6075
f 3275/5570/6076 2649/4449/6076 3158/5617/6076
f 2855/4867/6077 2366/5512/6077 2367/4036/6077
f 2531/5521/6078 2275/5626/6078 2943/4370/6078
f 2356/4332/6079 2502/4363/6079 2782/4968/6079
f 2840/5066/6080 2740/4525/6080 2288/4527/6080
f 2703/4683/6081 2810/4358/6081 3102/4360/6081
f 2368/5356/6082 2816/4548/6082 2529/5047/6082
f 3009/4372/6083 2373/4140/6083 2270/4373/6083
f 3112/5208/6084 3166/5549/6084 2345/5206/6084
f 2659/4430/6085 2968/5758/6085 2327/5265/6085
f 2755/4824/6086 3218/5475/6086 2524/4289/6086
f 2765/5015/6087 3321/4228/6088 2289/5103/6089
f 3099/4056/6090 3118/5498/6090 3224/4913/6090
f 2441/4868/6091 3118/5498/6091 3099/4056/6091
f 3153/4924/6092 2761/4115/6092 2940/4117/6092
f 2498/4817/6093 3130/4816/6093 2978/4046/6093
f 3308/5433/6094 2265/5009/6095 2363/5293/6096
f 2454/4554/5913 2456/4611/6097 2455/4178/5914
f 2463/4230/6098 2268/5104/6098 3321/4228/6098
f 2683/4723/6099 2684/5299/6099 3287/4576/6099
f 3229/4417/6100 2522/4677/6100 2742/4676/6100
f 2473/4537/6101 3038/4342/6101 2639/4069/6101
f 2366/5512/6102 2855/4867/6102 2856/4320/6102
f 3227/4901/6103 3107/5667/6103 2618/4531/6103
f 2375/5734/6104 2859/4703/6105 3002/5759/6106
f 2817/5125/6107 3181/4393/6107 2818/4550/6107
f 3407/5029/6108 3376/5030/6108 2693/4085/6108
f 2873/4079/6109 3143/4474/6109 2479/4213/6109
f 3432/4235/6110 2412/4479/6110 3385/4236/6110
f 2297/5137/6111 2766/5760/6111 3171/4412/6111
f 2613/5678/6112 2737/5051/4892 2434/4206/4891
f 3128/4766/6113 2262/5674/6113 2680/5618/6113
f 2801/4288/5473 2724/4287/6114 2302/5067/5474
f 3184/4950/6115 2423/4949/6115 3071/5020/6115
f 3199/5687/6116 2822/4658/6116 2820/4783/6116
f 2965/4746/6117 2504/4902/6117 2701/4492/6117
f 3452/4706/6118 3428/4708/6118 2925/5440/6118
f 2791/5761/6119 2580/5200/6119 2748/5202/6119
f 2882/4821/6120 2295/5464/6120 3065/5207/6120
f 2930/5762/6121 2334/4188/6121 2671/5249/6121
f 3303/4756/6122 2459/4940/6122 3057/4757/6122
f 2478/4797/6123 3252/4549/6123 3104/4731/6123
f 2425/4570/6124 2424/4159/6124 3071/5020/6124
f 2678/5231/6125 3152/4481/6125 2679/4480/6125
f 2937/5068/6126 2980/4066/6126 3225/5069/6126
f 3290/5719/6127 2474/5435/6127 2884/5619/6127
f 3378/5763/6128 3470/5411/6128 2926/5301/6129
f 2813/4936/6130 2558/5090/6130 2557/5764/6130
f 2637/5120/6131 2631/5536/6131 2878/5119/6131
f 3058/4291/6132 2525/5535/6132 3320/4489/6132
f 2718/5204/6133 3025/4109/6133 2585/5581/6133
f 2412/4479/6134 3152/4481/6134 3081/4050/6134
f 2511/5128/6135 3421/5765/6135 3471/5766/6135 2669/4767/6135
f 3453/5391/6136 2679/4480/6136 3484/5392/6136
f 2554/4917/6137 2924/5423/6137 2381/4773/6137
f 2919/4553/6138 2971/5767/6138 3024/4025/6138
f 3148/4798/6139 2325/5532/6139 3014/4089/6139
f 2439/5337/6140 2685/5339/6140 2686/5768/6140
f 2806/4681/6141 2557/5764/6142 2807/4988/6143
f 2426/4193/6144 2925/5440/6144 2427/5038/6144
f 2427/5038/6145 2925/5440/6145 3260/5039/6145
f 2733/4528/6146 2946/5631/6146 2473/4537/6146
f 3319/5287/6147 2764/4674/6147 3323/5491/6147
f 2729/5569/6148 2537/4311/6148 2870/4313/6148
f 2304/4938/6149 3213/4456/6149 2795/5383/6149
f 2978/4046/6150 3130/4816/6150 2294/4047/6150
f 3061/5054/6151 2399/4606/6151 2745/4607/6151
f 2842/4796/6152 3012/4795/6152 2841/5124/6152
f 2481/4152/6153 2480/4077/6153 2873/4079/6153
f 3032/4771/6154 2268/5104/6154 2360/4932/6154
f 2890/5769/6155 2374/5702/6155 2583/5389/6155
f 3438/5704/6156 3439/5251/6156 3086/4429/6156
f 2936/5335/6157 2383/4148/6157 2891/4722/6157
f 3300/4153/6158 3013/4212/6158 3253/4211/6158
f 3156/4183/6159 3164/4185/6159 2697/4273/6159
f 2728/5454/6160 2722/4524/6160 2721/4523/6160
f 3378/5763/6128 2910/5258/6161 3470/5411/6128
f 3108/4915/6162 3306/4349/6162 2631/5536/6162
f 2977/4626/6163 3234/4105/6163 3246/5336/6163
f 2972/5446/6164 2265/5009/6164 2358/4026/6164
f 3074/5770/6165 2749/5565/6165 2640/5112/6165
f 2312/4136/6166 3217/5708/6167 2290/5375/6168
f 2518/5771/6169 2590/5772/6169 2738/5773/6169
f 2294/4047/5401 2421/4716/6170 3015/4819/5402
f 3461/4160/6171 3410/4162/6171 2969/5133/6171
f 3364/5300/6172 3448/5250/6172 2570/4535/6172 2910/5258/6172
f 3283/4573/6173 2481/4152/6173 2849/4151/6173
f 3338/5774/6174 3121/5775/6174 3009/5776/6174
f 2881/4323/6175 2711/4325/6175 2712/5777/6175
f 2836/5134/6176 2323/4808/6176 2735/4575/6176
f 3122/5295/6177 2831/4614/6177 2624/5311/6177
f 3059/4187/6178 2474/5696/6178 3290/4381/6178
f 2279/4580/6179 3089/4579/6179 3232/5225/6179
f 2322/4126/6180 2520/4125/6180 2731/4873/6180
f 2989/5380/6181 3007/4809/6181 3207/5778/6181
f 2738/4670/6182 3001/5171/6182 2778/5170/6182
f 3085/4048/6183 2979/4825/6183 2978/4046/6183
f 2819/4900/6184 3107/5667/6184 3227/4901/6184
f 2889/4651/6185 2638/4295/6185 3005/4652/6185
f 3210/4177/6186 2401/5168/6186 2920/5779/6186
f 2340/4785/6187 2645/5445/6187 2339/5381/6187
f 2763/4675/6188 3323/5491/6188 2764/4674/6188
f 2921/5634/6189 2366/5512/6189 2856/4320/6189
f 2351/5277/6190 3088/5538/6190 2998/5400/6190
f 3053/4859/6191 3141/4389/6191 2918/4388/6191
f 3418/5076/6192 3419/4685/6192 2912/4686/6192 3276/5077/6192
f 3333/4256/6193 2908/5780/6193 3055/4257/6193
f 3236/4201/6194 3477/5176/6195 3446/5781/6195 3310/5782/6194
f 2315/4897/6022 2293/5253/6021 3265/4755/6196
f 2986/5518/6197 3280/5783/6197 2653/5784/6197
f 2733/4528/6198 3040/5515/6198 2499/5319/6198
f 2415/5327/6199 3100/4878/6199 3512/5785/6199 2394/5746/6199
f 3333/4256/6200 3185/4747/6200 3208/5786/6200
f 3333/4256/6201 3092/4364/6201 3185/4747/6201
f 3457/4243/6202 3450/4974/6202 2930/5787/6202 2671/4244/6202
f 3098/4065/6203 3456/4800/6203 3401/5788/6203 2511/5128/6203
f 2734/4657/6204 3117/4558/6204 2400/4559/6204
f 2852/5789/6205 2661/5790/6205 3467/5791/6205 3468/5792/6205
f 2652/5661/6206 3161/5148/6206 3162/4149/6206
f 3144/4864/6207 2774/5178/6207 2615/4865/6207
f 2616/5216/6208 3033/5215/6208 3511/5793/6208 3495/5794/6208
f 2819/4900/6209 3244/5371/6209 3107/5667/6209
f 3002/5759/6210 2726/5735/6210 2375/5734/6210
f 2952/5027/6211 3258/5026/6211 2621/5065/6211
f 2950/5567/6212 2335/4615/6212 2805/4616/6212
f 2893/5575/6213 2936/5335/6213 2891/4722/6213
f 3242/5510/6214 2847/4208/6214 2860/5795/6214
f 2676/4296/6215 2638/4295/6215 2677/4871/6215
f 3074/5709/6216 2591/5355/6216 2792/5653/6216
f 2414/5632/6217 2323/4808/6217 2786/4266/6217
f 2414/5632/6218 2786/4266/6218 3212/5633/6218
f 3287/4576/6219 2690/4818/6219 2689/4167/6219
f 2707/4500/4583 3152/4481/6220 2577/4630/4584
f 2332/5082/6221 2333/5057/6221 3230/4834/6221
f 2300/4078/6222 2739/4963/6222 2470/5079/6222
f 3069/4365/6223 3254/4777/6223 2674/4745/6223
f 2390/4671/6224 2738/4670/6224 3080/5281/6224
f 2847/4619/4571 2850/5004/6225 2848/4250/4572
f 3336/4634/6226 2267/4284/6226 2799/4596/6226
f 2687/5796/6227 3195/5797/6227 2858/5798/6227
f 3095/4735/6228 2765/5015/6228 2403/4733/6228
f 2596/4379/6229 2493/4378/6229 2805/4616/6229
f 2825/4529/6230 3144/4864/6230 2333/5057/6230
f 2992/4111/6231 2363/4110/6231 2991/5751/6231
f 2567/5685/6232 3160/5799/6232 2815/5686/6232
f 2296/4043/6233 3126/4045/6233 2269/4348/6233
f 2599/4107/6234 2836/5134/6234 2597/4574/6234
f 2364/4485/6235 3261/4221/6235 2695/4304/6235
f 3164/4185/6236 3034/4113/6236 3031/4182/6236
f 3181/4393/6237 3021/4742/6237 2818/4550/6237
f 2999/4339/6238 2594/4754/6239 2998/5400/6240
f 3379/5075/6241 3326/4714/6241 3418/5076/6241
f 2409/5239/6242 3218/5475/6242 2755/4824/6242
f 2294/4047/6243 3130/4816/6243 2421/4716/6243
f 2366/5512/6244 3111/5061/6244 3113/5376/6244
f 3322/4955/6245 2707/4500/6245 2353/4629/6245
f 2576/4309/6246 2797/5274/6246 2534/4310/6246
f 2909/4707/6247 3473/5645/6247 3428/4708/6247
f 2391/5045/6248 3170/4059/6248 3299/5568/6248
f 2311/4770/6249 2289/5103/6249 2268/5104/6249
f 2910/5258/6250 3378/5763/6250 3364/5300/6250
f 2838/5136/6251 3288/4696/6251 2392/5546/6251
f 2838/5136/6252 2260/4355/6252 3288/4696/6252
f 3098/4065/6253 2511/5128/6253 3225/5069/6253
f 3290/5800/6254 2889/5801/6254 3163/5802/6254
f 2495/5580/6255 2903/4601/6255 2496/4116/6255
f 2733/4528/6256 2947/5008/6256 2946/5631/6256
f 2737/5051/6257 3064/5677/6257 2376/5803/6257
f 2993/4584/6258 2611/5404/6258 2408/4922/6258
f 2259/4361/6259 2502/4363/6259 2356/4332/6259
f 2280/4789/6260 3136/4959/6260 2872/4114/6260
f 3263/4898/6261 3249/5479/6261 2573/4899/6261
f 3007/4809/6262 2368/5356/6262 3207/5778/6262
f 3267/4072/6263 2668/4071/6263 2500/4551/6263
f 3175/5503/6264 2361/5505/6264 2895/4353/6264
f 3072/5113/6265 2357/5804/6265 2971/4095/6265
f 3332/4522/6266 2722/4524/6266 3231/5805/6266
f 3201/5579/6267 2903/4601/6267 2495/5580/6267
f 3243/5064/5297 3300/4153/5299 3182/4278/6268
f 3249/5479/6269 3243/5064/6269 3182/4278/6269
f 3268/4995/6270 2443/4466/6270 2550/5007/6270
f 2839/5127/6271 2436/4368/6271 2292/4931/6271
f 2580/5200/6272 2581/5806/6272 3301/5201/6272
f 2447/5529/6273 2625/5108/6273 2804/5109/6273
f 2664/4469/6274 2498/4817/6274 3286/4660/6274
f 2661/5790/6275 2949/5630/6275 3435/5629/6275 3367/5807/6275
f 2346/4680/6276 3270/5808/6276 3089/5809/6276
f 2585/4384/6277 2419/4102/5166 2718/5323/5168
f 2726/5735/6278 2727/5810/6278 2377/5736/6278
f 3381/5266/6279 3377/5637/6279 2531/5521/6279 2321/5367/6279
f 2685/5369/6280 2591/5355/6280 2686/4420/6280
f 2620/4585/6281 2854/5062/6281 2464/5737/6281
f 2368/5356/6282 2740/4525/6282 2816/4548/6282
f 2839/5127/6283 2290/5375/6283 2436/4368/6283
f 3269/4491/6284 3175/4980/6284 2565/4229/6284
f 3057/5811/6285 3258/5812/6285 2465/5813/6285
f 2754/4841/5218 2593/5102/5217 2774/5178/6286
f 2841/5124/6287 2682/4293/6287 2842/4796/6287
f 3172/5348/6288 2681/5188/6288 2682/5279/6288
f 2276/5322/6289 3200/5814/6289 2472/5384/6289
f 2272/5257/6290 3171/5256/6290 2766/4858/6290
f 2714/5312/6291 2665/5815/6291 3122/5295/6291
f 2914/4999/6292 2667/4070/6292 3267/4072/6292
f 2650/5816/6293 3101/4344/6293 2559/5628/6293
f 2955/4165/6294 2450/4164/6294 2332/5082/6294
f 2743/4292/6295 2744/5050/6295 3271/4039/6295
f 2895/4353/6296 2812/4352/6296 2811/5398/6296
f 3065/5207/6297 2295/5464/6297 2879/5553/6297
f 3304/4317/6298 2544/4319/6298 2917/5817/6298
f 3133/4713/6299 2790/4715/6299 3078/4717/6299
f 3028/5094/6300 2444/4247/6300 2282/4644/6300
f 2439/4419/6301 3006/4166/6301 2916/4035/6301
f 2888/5385/6302 3177/5818/6302 2448/5437/6302
f 3201/5579/6303 2308/5214/6303 2899/5191/6303
f 2995/5753/6304 2731/4873/6305 2389/5186/5932
f 2420/4820/6306 2789/4954/6306 2519/5161/6306
f 2665/4470/6307 3193/5000/6307 3120/4410/6307
f 3446/5221/6308 3342/5230/6309 3447/5222/6310
f 3050/5819/6311 2699/5649/6312 3273/4425/6313
f 2258/4625/6314 2398/4627/6314 2938/5368/6314
f 3074/5820/6315 2792/4895/6315 2749/4894/6315
f 2324/4799/6316 3014/4089/6316 2672/4779/6316
f 2759/4718/6317 3039/4340/6317 2411/4719/6317
f 2557/5764/6318 2558/5090/6318 2807/4988/6318
f 2521/4846/6319 3012/4795/6319 2528/4582/6319
f 2351/5277/6320 2959/4460/6320 2595/4461/6320
f 3197/5690/6321 2806/4681/6321 2423/4949/6321
f 2563/5444/6322 2854/5062/6322 2954/4322/6322
f 2984/4905/6323 2923/5192/6323 3027/4906/6323
f 2564/4986/6324 3095/4735/6324 3266/4734/6324
f 2392/4919/6325 2660/5105/6325 2393/4920/6325
f 2472/5384/6326 3177/5818/6326 2888/5385/6326
f 2709/4662/6327 3056/4860/6327 2663/5703/6327
f 3202/4450/6328 2824/4786/6328 2648/5452/6328
f 2539/5344/6329 2397/5041/6329 2760/5416/6329
f 2636/4232/6330 2876/5285/6330 2468/4233/6330
f 2485/4927/6331 3207/5778/6331 2898/5542/6331
f 2263/5522/6332 2980/5821/6332 3285/5540/6332
f 2620/4585/6333 3113/5376/6333 3111/5061/6333
f 2893/5822/6334 2902/5823/6334 2728/5824/6334
f 3156/4183/6335 2505/4272/6335 3155/4184/6335
f 2812/4352/6336 2760/5416/6336 3127/5399/6336
f 2751/5651/6337 2792/5653/6337 2591/5355/6337
f 2443/4466/6338 2777/4468/6338 3123/4571/6338
f 2444/4247/6339 2445/4267/6339 2598/4929/6339
f 3246/5336/6340 2379/4431/6340 2852/4736/6340
f 2383/4148/6341 2462/5334/6341 2488/5705/6341
f 2661/5790/6342 2852/5789/6342 2949/5630/6342
f 2417/4462/6343 2783/4774/6343 2582/4463/6343
f 2600/5243/6344 2601/4387/6344 3141/4389/6344
f 2511/5128/6345 3371/5427/6345 3421/5765/6345
f 2810/4358/6346 3259/5675/6346 2603/4359/6346
f 3047/5242/6347 3096/4170/6347 2291/4169/6347
f 3157/4032/6348 3177/4337/6348 2556/5135/6348
f 3308/5825/6349 2449/4163/4591 2970/4331/4590
f 2311/4770/6350 2765/5015/6350 2289/5103/6350
f 3292/4893/6351 2559/5628/6351 2348/5247/6351
f 2634/4369/6352 2321/5367/6352 2943/4370/6352
f 2734/4657/6353 2400/4559/6353 2589/5474/6353
f 3044/5167/6354 2832/4454/6355 3213/4456/6356
f 2603/4751/6357 2464/4753/6357 2359/5826/6357
f 2476/4057/6358 2989/5380/6358 2477/5382/6358
f 3272/5516/6359 3021/4742/6359 2499/5319/6359
f 2724/4287/6360 3183/4108/6360 2302/5067/6360
f 3482/5663/6361 2387/5019/6361 3239/4282/6361 3479/5269/6361
f 3310/4891/6362 2650/5604/6362 2559/4892/6362
f 2586/4828/6363 3117/5010/6363 2734/5710/6363
f 3076/4885/4810 2519/5161/6364 2789/4954/4808
f 2826/4530/6365 3227/4901/6365 2618/4531/6365
f 3436/5305/5702 2693/4085/6366 2981/5044/6366 3435/5629/5702
f 3189/4914/6367 2736/4541/6367 3099/4056/6367
f 3065/5207/6368 2345/5206/6368 2882/4821/6368
f 2510/4033/6369 3157/4032/6369 2388/4807/6369
f 3059/4187/5025 2939/4281/6370 2475/4884/5023
f 2401/5168/6371 3210/4177/4843 3417/4996/4844 3416/5114/6372
f 2407/5115/6373 2942/5414/6373 3318/4083/6373
f 2420/4820/6374 3015/4819/6374 2790/4715/6374
f 2541/5827/6375 2547/5372/6375 3051/5374/6375
f 2907/4661/6376 3056/4860/6376 2709/4662/6376
f 3467/5791/6377 2661/5790/6377 3367/5807/6377
f 2798/5006/6378 3268/4995/6378 2550/5007/6378
f 3195/4700/6379 2453/4552/6379 2858/5443/6379
f 2912/4686/6380 3087/4690/6380 3276/5077/6380
f 2614/5593/6381 2982/4985/6381 3508/5425/6381 3494/5828/6381
f 2673/4260/6382 3115/4259/6382 3116/4367/6382
f 2507/5056/6383 2308/5214/6383 2442/4870/6383
f 3124/5228/6384 3060/4327/6384 2924/5423/6384
f 3125/4316/6385 2962/4137/6385 3142/4972/6385
f 3144/4864/6386 2298/4877/6386 2774/5178/6386
f 2924/5423/6387 2849/4151/6387 2299/5063/6387
f 2678/5231/6388 2577/4630/6388 3152/4481/6388
f 2373/4140/6032 2617/5480/6389 3168/4173/6033
f 2963/4423/6390 3273/4425/6390 3022/5379/6390
f 2975/5551/6391 3274/5370/6391 2976/5211/6391
f 2806/4681/6392 2703/4683/6392 2423/4949/6392
f 2340/4785/6393 2644/4438/6393 2645/5445/6393
f 2739/4963/6394 2919/4553/6394 2471/5080/6394
f 3297/4060/5794 3337/5499/5796 2885/5275/6395
f 3284/4957/6396 2281/4787/6396 3155/4184/6396
f 3155/4184/6397 2281/4787/6397 3164/4185/6397
f 2419/4102/6398 2422/4452/6398 3137/4100/6398
f 3176/4724/6399 2571/4726/6399 2948/5263/6399
f 3201/5579/6400 2935/5829/6400 3293/4624/6400
f 2430/4200/6401 2821/5555/6401 2428/4198/6401
f 2639/5830/6402 3004/4294/6402 2676/4296/6402
f 2723/5432/5320 2284/5267/6403 3308/5433/5321
f 3426/5162/6404 3076/4885/6404 3455/4504/6404
f 3329/5016/6405 2311/4770/6405 2614/5593/6405
f 2798/5006/6406 2549/5031/6406 3061/5054/6406
f 2578/5409/6407 2866/5259/6407 2756/4171/6407
f 3236/5831/6408 3256/5832/6408 3292/5833/6408
f 3140/4780/6409 2919/4553/6409 2453/4552/6409
f 2915/4476/6410 2818/4550/6410 3252/4549/6410
f 3471/5766/6411 2699/5649/6411 3010/5345/6411 3394/5307/6411
f 3179/4987/6412 3010/5345/6412 2699/5649/6412
f 2388/4807/6413 3157/4032/6413 2556/5135/6413
f 2308/5214/6414 2495/5580/6414 2761/4115/6414
f 2950/4567/6415 2951/4346/6415 2867/4374/6415
f 2641/5463/6416 2749/5565/6416 2748/5462/6416
f 3042/4842/6417 2626/5110/6418 3335/4843/6419
f 3395/5271/6420 3327/4610/6420 3486/5272/6420
f 3064/5834/6421 3030/4831/6421 2376/5218/6421
f 2734/4657/6422 2933/5654/6422 2822/4658/6422
f 2979/4825/6423 2656/5418/6423 2655/5835/6423
f 2746/4391/6424 2417/4462/6057 3295/4392/6056
f 2761/4115/6425 2495/5580/6425 2496/4116/6425
f 2649/5836/6426 2305/4399/6426 3158/5721/6426
f 2986/5518/6427 2653/5784/6427 3314/5614/6427
f 2500/4551/6428 2668/4071/6428 3104/4731/6428
f 2703/4683/6429 2739/4963/6429 3071/5020/6429
f 3253/4211/6430 2478/4797/6430 2324/4799/6430
f 2333/5057/6431 2785/4866/6431 3230/4834/6431
f 3216/4701/6432 2375/5734/6432 3070/4205/6432
f 3236/5837/6433 3310/5838/6433 3256/5839/6433
f 3052/4271/6434 2506/4131/6434 2899/4130/6434
f 2328/5840/6435 2752/5507/6435 2540/5509/6435
f 2836/5134/6436 2835/4106/6436 2834/4930/6436
f 3328/4886/6437 3105/5163/6437 2755/4824/6437
f 2489/5144/6438 2374/5841/6438 2890/5842/6438
f 2867/4374/6439 2335/4631/6439 2950/4567/6439
f 2536/4977/6440 2727/4979/6440 3002/5280/6440
f 2482/5028/6441 2820/4783/6441 2271/4347/6441
f 2496/4116/6442 2903/4601/6442 2655/5034/6442
f 2526/4998/6443 2611/4445/6443 2612/4790/6443
f 3012/4795/6444 3084/4845/6444 2742/4676/6444
f 3211/5528/6445 2625/5108/6445 2447/5529/6445
f 2936/4849/6446 2461/4225/6446 2725/5302/6446
f 3214/4224/6447 2545/4688/6447 2969/5133/6447
f 2994/4727/5934 2995/5753/6304 2389/5186/5932
f 2341/4835/6448 3465/5843/6449 3411/4910/6450
f 2648/5452/6451 2824/4786/6451 2823/5466/6451
f 3384/4447/6452 2927/4493/6452 3413/4191/6452
f 2687/5589/6453 2688/5591/6453 3196/5844/6453
f 2989/5380/6454 2476/4057/4701 3007/4809/4700
f 2643/4970/6455 2489/5845/6455 2642/4971/6455
f 3115/4259/6456 2845/4258/6456 2627/5093/6456
f 2398/4627/6457 3285/5540/5590 2938/5368/5592
f 2545/5596/6458 3204/5595/6458 2969/5846/6458
f 3005/4459/6459 2638/5847/6459 3004/4457/6459
f 2854/5062/6460 2563/5444/6460 2359/4964/6460
f 3418/5076/6461 3326/4714/6461 2928/4712/6461 3419/4685/6461
f 2461/4225/6462 2715/4227/6462 3325/5513/6462
f 3281/4510/6463 2543/4879/6463 3255/4880/6463
f 3471/5766/6464 3394/5307/6464 2973/4768/6464 2669/4767/6464
f 2823/5466/6465 2447/5848/6465 2803/5453/6465
f 3467/5791/6466 3367/5807/6466 2692/5720/6466
f 2971/4095/6467 2357/5804/6467 3024/5849/6467
f 2984/4905/6468 2896/4916/6468 2985/4218/6468
f 3400/5426/6469 2533/5757/6469 3371/5427/6469
f 2699/5649/6470 2533/5757/6470 3273/4425/6470
f 2421/4716/6471 3130/4816/6471 3077/4041/6471
f 3011/5442/5802 3225/5069/5801 2669/4767/6472
f 2271/4347/6473 2933/5654/6473 2296/4043/6473
f 3123/4571/6474 2283/4572/6474 3221/4918/6474
f 3049/4536/6475 3438/5704/6475 3474/5174/6475 3235/5366/6475
f 3084/4845/6476 2914/4999/6476 3229/4417/6476
f 2348/4679/6477 3270/5808/6477 2346/4680/6477
f 2952/5027/6478 2602/4752/6478 3259/5353/6478
f 3067/4847/6479 2551/4216/6479 2867/4374/6479
f 3131/5154/6480 2541/5850/6480 3051/5478/6480
f 3179/4987/6481 2710/4509/6481 2266/4837/6481
f 2629/4269/6482 2673/4260/6482 3116/4367/6482
f 3425/5741/6483 2872/5851/6483 3459/5742/6483
f 3459/4981/6484 2872/4114/6484 3136/4959/6484 3351/4982/6484
f 2459/4940/6485 3113/5376/6485 3057/4757/6485
f 2893/5852/6486 2728/5853/6486 2936/5854/6486
f 3229/4417/6487 2523/4418/6487 2522/4677/6487
f 3339/5497/6488 2477/5382/6488 3191/4437/6488
f 2458/5855/6489 3057/5811/6489 2465/5813/6489
f 3075/4354/4438 2895/4353/4437 2361/5505/6490
f 2498/4817/6491 2664/4469/6491 3077/4041/6491
f 2698/4908/6492 2690/5564/6492 3198/4375/6492
f 3004/4294/6493 2639/5830/6493 3038/5856/6493
f 2580/5857/6494 2579/5494/6494 2581/5194/6494
f 3362/4545/4923 3346/5086/4923 2788/5665/6495 2546/4546/6495
f 2640/5112/6496 2641/5463/6496 3072/5113/6496
f 2735/4575/6497 2323/4808/6497 2414/5632/6497
f 2516/4655/5041 2794/5587/5589 2517/4840/6498
f 2953/4157/6499 2632/4180/6499 3063/4158/6499
f 2604/4695/6500 2606/4694/6500 3030/5718/6500
f 2504/4902/4773 3092/4364/4772 2342/4440/6501
f 2297/5137/6502 3171/4412/6502 3003/4411/6502
f 3027/5087/6503 2510/4033/6503 2846/4561/6503
f 2987/5199/6504 2441/4868/6504 3099/4056/6504
f 3472/5173/6505 3235/5366/6505 3474/5174/6505
f 3140/4780/6506 2971/5767/6506 2919/4553/6506
f 3350/4594/6507 2771/4064/6507 3423/4595/6507
f 2280/4789/6508 2352/4788/6508 3334/5238/6508
f 2605/4693/6509 3338/5488/6509 2606/4694/6509
f 3338/5858/6510 3009/4372/6510 2606/4830/6510
f 3219/4290/6511 3218/5475/6511 2409/5239/6511
f 3219/4290/6512 2409/5239/6512 2861/5485/6512
f 2839/5127/6513 2338/5255/6513 2290/5375/6514
f 2465/5025/6515 2952/5027/6515 3259/5353/6515
f 2544/4319/6516 3204/5859/6516 2917/5817/6516
f 3231/5805/6517 2722/4524/6517 3245/5455/6517
f 2605/4693/6518 2772/5059/6518 3338/5488/6518
f 2737/4543/6519 2376/5218/6519 2736/4541/6519
f 2877/5048/6520 3223/4684/6520 2637/5120/6520
f 2432/4315/6521 3106/4761/6521 3125/4316/6521
f 3370/5106/6522 2592/5341/6522 3437/5107/6522
f 2635/4564/6523 2381/4773/6523 3119/4432/6523
f 3109/5527/6524 3041/5358/6524 3148/4798/6524
f 2402/4356/6525 2964/4424/5779 3331/5180/5778
f 2521/4846/6526 2993/4584/6526 3114/4052/6526
f 3317/4507/6527 3050/5819/6527 2610/4508/6527
f 2742/4676/6528 3084/4845/6528 3229/4417/6528
f 2375/5734/6104 3216/4701/6529 2859/4703/6105
f 2704/5147/6530 2330/5146/6530 3311/4270/6530
f 2693/4085/6531 2318/4084/6531 2391/5045/6531
f 2757/4925/5183 3037/4506/5182 3276/5077/5481
f 2705/4495/6532 3166/4533/6532 3165/4496/6532
f 2276/5322/6533 2795/5383/6533 3213/4456/6533
f 2521/4846/6534 2528/4582/6534 2993/4584/6534
f 2806/4681/6141 2807/4988/6143 2809/4682/6535
f 2442/4870/6536 3118/5498/6536 2441/4868/6536
f 2950/5567/6537 2805/4616/6537 2990/5011/6537
f 2869/5111/6538 2340/4785/6538 3202/4450/6538
f 2800/4103/6539 2554/4917/6539 2380/4104/6539
f 3321/4228/6540 3095/4735/6540 2837/4490/6540
f 3037/4506/6541 3422/4505/6541 3379/5075/6541 3276/5077/6541
f 2879/5553/6542 2295/5464/6542 2452/5349/6542
f 2901/4090/6543 2788/5635/6543 3277/4643/6543
f 2886/4951/6544 2677/5447/6544 3017/4952/6544
f 3072/5860/6545 3301/5193/6545 3073/5861/6545
f 3095/4735/6546 3321/4228/6088 2765/5015/6087
f 2505/4272/5643 2330/5146/6547 3205/4497/5641
f 3078/4717/6548 3077/4041/6548 2326/4040/6548
f 3169/5121/6549 2431/4555/6549 2592/5341/6549
f 3273/4425/6313 2964/4424/6550 3050/5819/6311
f 2288/4527/6551 3341/4526/6552 2270/4373/6553
f 3341/4526/6552 2376/5218/6554 2270/4373/6553
f 2961/4836/5303 2371/4759/5302 2341/4835/6555
f 2273/4219/6556 3108/4915/6556 2631/5536/6556
f 3296/4744/6557 2263/5522/6557 2494/4743/6557
f 3052/5862/6558 2899/5191/6558 2508/5190/6558
f 2652/5481/6559 2489/5144/6559 2890/5842/6559
f 3324/4262/6560 2524/4289/6560 3058/4291/6560
f 3202/4450/6561 2803/5453/6561 2305/4451/6561
f 2851/4621/6562 2643/4970/6562 3315/4622/6562
f 2579/5494/6563 2992/4111/6563 2581/5194/6563
f 3019/5303/6564 2535/5533/6564 2462/5304/6564
f 2578/5409/6565 3023/4939/6565 2866/5259/6565
f 2955/4165/6566 3154/4179/6566 2970/4331/6566
f 2471/5080/6567 2628/4268/6567 2875/5081/6567
f 2315/4897/5290 2594/4754/6568 2999/4339/5291
f 2546/5714/6569 2788/5635/6569 3041/5358/6569
f 3176/5506/6570 3093/4903/6570 2361/5505/6570
f 3355/5671/6571 3442/5088/6571 2611/4445/6571 2526/4998/6571
f 2760/5416/6572 2812/4352/6572 3043/4826/6572
f 3462/4565/6573 2646/4446/6573 3454/4442/6573
f 2777/4468/6574 2864/4099/6574 3123/4571/6574
f 3445/5600/6575 3212/5633/6575 3372/5601/6575
f 3245/5863/6576 2902/4944/6576 2997/4943/6576
f 2973/5864/6577 3374/5865/6577 3382/5866/6577
f 3166/5549/6578 3112/5208/6578 3312/5867/6578
f 2451/5022/6579 2540/5343/5194 2562/5342/5193
f 3307/5220/6580 2447/5529/6580 2347/4801/6580
f 2810/4358/6581 2703/4683/4618 2809/4682/4617
f 3285/5540/6582 2980/5821/6582 2937/5588/6582
f 3380/4030/6583 3482/5663/6583 2370/4028/6583
f 3464/4264/6584 2468/4233/6584 2827/4478/6584 3398/4265/6584
f 2788/5635/6585 2325/5532/6585 3041/5358/6585
f 2399/4606/6586 2941/4598/6586 2466/4597/6586
f 2485/4927/6587 2989/5380/6587 3207/5778/6587
f 3224/4913/6588 3118/5498/6588 2437/5868/6588
f 2619/5511/6589 3224/5869/6589 2437/4209/6589
f 2617/5480/6590 2756/4171/6590 3168/4173/6590
f 3340/4249/6591 3091/5517/6591 2488/5158/6591
f 2389/5186/6592 2390/4671/6592 3080/5281/6592
f 3083/5412/6593 3038/4342/6593 2473/4537/6593
f 3311/4270/6594 2330/5146/6594 2505/4272/6594
f 2298/4877/6595 2754/4841/6595 2774/5178/6595
f 2797/5558/6596 3340/5560/6596 2796/5870/6596
f 3230/4834/6597 2785/4866/6597 2784/5156/6597
f 2553/4750/6598 2968/4749/6598 2277/5378/6598
f 3288/4696/6599 2260/4355/6599 3020/4357/6599
f 2667/4070/6600 3084/4845/6600 2521/4846/6600
f 2293/5253/6601 2959/4460/6601 3265/4755/6601
f 3387/5377/6602 3396/5160/6602 2497/5325/6602 2275/5324/6602
f 2699/5649/6603 3050/5819/6603 3317/4507/6603
f 2594/4754/6239 2351/5277/6604 2998/5400/6240
f 2610/4508/6605 2403/4733/6605 2966/5871/6605
f 3056/4860/6606 3055/4257/6606 2663/5703/6606
f 2966/5871/6607 2491/5014/6607 3487/5872/6607 3507/5873/6607
f 3135/5457/6608 3137/4100/6608 3184/4997/6608
f 2286/4063/6609 2530/4421/6609 2636/4232/6609
f 3347/4333/6610 3294/4441/6610 3319/5287/6610 3366/4334/6610
f 3358/5874/6611 3374/5865/6611 2973/5864/6611
f 3148/4798/6612 3041/5358/6612 2325/5532/6612
f 2416/4129/6613 2580/5200/6613 2791/5761/6613
f 2780/5470/6614 2831/4614/6614 2779/5468/6614
f 3332/4514/6615 3241/4520/6615 2714/4515/6615
f 2706/5605/6616 2832/4454/6355 3044/5167/6354
f 3301/5193/6617 2972/5195/6617 3073/5861/6617
f 2993/4584/6618 2408/4922/6618 2996/4053/6618
f 2270/4373/6619 2840/5066/6619 2288/4527/6619
f 2282/4644/6620 2444/4247/6620 2598/4929/6620
f 2971/4095/6621 3140/5875/6621 2369/4096/6621
f 2726/5876/6622 3002/5280/6622 2727/4979/6622
f 2863/5877/6623 3158/5721/6623 3298/5501/6623
f 3046/5878/6624 3045/4042/6624 2663/5703/6624
f 2284/5267/6625 2265/5009/6095 3308/5433/6094
f 2413/5196/6626 2414/5632/6626 2909/4707/6626
f 2569/4138/4723 2961/4836/4722 2343/5002/6627
f 2823/5879/6628 2484/4802/5983 2447/5529/5985
f 3201/5579/6629 3293/4624/6629 2903/4601/6629
f 3032/4771/6630 2396/5492/6630 3033/5547/6630
f 3292/5833/6631 3256/5832/6631 2559/5880/6631
f 2990/5011/6632 2805/4616/6632 2493/4378/6632
f 2949/5630/6633 2379/5881/6633 2662/4882/6633
f 3072/5113/6634 3073/5882/6634 2357/5804/6634
f 3228/4993/6635 2602/4752/6635 2952/5027/6635
f 2781/4073/6636 2552/4215/6636 3434/5438/6636 3449/5756/6636
f 2291/4169/5840 2974/4608/5839 2411/4719/6637
f 3239/4282/6638 2510/4033/6638 2929/4806/6638
f 2573/4899/6639 3094/4091/6639 2574/4539/6639
f 2607/5035/6640 2469/5212/6640 2825/4529/6640
f 2643/4970/6641 2374/5660/6641 2489/5845/6641
f 3167/4027/6642 2358/4026/6642 2586/4828/6642
f 3251/4794/6643 2456/4611/6643 2337/4556/6643
f 2610/4508/6644 2964/4424/6644 2403/4733/6644
f 3050/5819/6645 2964/4424/6645 2610/4508/6645
f 2907/4661/6646 3328/4886/6646 3056/4860/6646
f 2403/4733/6647 2491/5014/6647 2966/5871/6647
f 3309/4969/6648 2525/5535/6648 2862/5397/6648
f 2413/5196/6649 2909/4707/6649 2552/4215/6649
f 3333/4256/6650 2906/4255/6650 2501/4263/6650
f 3169/5121/6651 3392/5592/6651 3390/5122/6651
f 3241/5883/6652 2386/5621/6652 2714/5623/6652
f 3281/4510/6653 2542/4512/6653 2543/4879/6653
f 2351/5277/6654 2595/4461/6654 2926/5301/6654
f 2858/5443/6655 2954/4322/6655 2857/4321/6655
f 2793/5417/6656 2338/5255/6513 2839/5127/6513
f 2994/4727/6657 2354/4467/6657 2264/4728/6657
f 3288/4696/6658 2660/4697/6658 2392/5546/6658
f 2997/4943/6659 3231/5477/6659 3245/5863/6659
f 3047/5242/6660 2946/5631/6660 2947/5008/6660
f 2934/5003/6661 2570/4535/6661 2634/4369/6661
f 3313/5884/6662 2577/4630/6662 3342/5230/6662
f 3137/4100/6663 2422/4452/6663 2588/4453/6663
f 2987/5199/6664 2309/4869/6664 2441/4868/6664
f 2658/5693/6665 2309/4869/6665 2987/5199/6665
f 2491/5014/6666 3329/5016/6666 3517/5885/6666 3487/5872/6666
f 2850/5004/6667 2487/4251/6667 2848/4250/6667
f 3290/5719/6668 3016/5502/6668 2889/4651/6668
f 2455/4178/6669 2871/4560/6669 3154/4179/6669
f 2701/4492/6670 2702/4973/6670 2927/4493/6670
f 3151/5886/6671 2767/5887/6671 2428/5888/6671
f 2719/5889/6672 2894/5890/6672 3240/5891/6672
f 3240/4709/6673 2894/5388/6673 2483/4710/6673
f 3212/5633/6674 2786/4266/6674 3433/5346/6674 3372/5601/6674
f 2679/4480/6675 2412/4479/6675 3485/5625/6675 3484/5392/6675
f 2929/4806/6676 3483/5270/6676 3479/5269/6676 3239/4282/6676
f 2887/5043/6677 3468/5792/6677 3467/5791/6677 2692/5720/6677
f 2350/5401/6678 3465/5843/6679 3483/5270/6679 2929/4806/6679
f 3060/4327/4581 3036/4097/4580 2632/4180/6680
f 2957/5365/6681 2702/4973/6681 3457/4243/6681 3478/4242/6681
f 2678/5231/6682 2679/4480/6682 3453/5391/6682 3480/5603/6682
f 3308/5433/6683 2363/5293/6683 2717/4302/6683
f 3342/5230/6309 2678/5231/6684 3480/5603/6684 3447/5222/6310
f 3291/5175/6685 3342/5237/6685 3446/5781/6195 3477/5176/6195
f 2925/5440/6686 3473/5645/6686 3445/5600/6686 3260/5039/6686
f 2468/4233/6687 3464/4264/6687 3444/4246/6687 2467/4231/6687
f 2290/5375/6168 2338/5255/6688 2312/4136/6166
f 3327/4610/6689 3215/4609/6689 3440/5309/6689 3486/5272/6689
f 2595/4461/6690 3086/4429/6690 3439/5251/6690 3448/5250/6690
f 3086/4429/6691 3289/4428/6691 3474/5174/6691 3438/5704/6691
f 3415/5288/6692 3264/4335/6692 3365/5286/6692
f 2815/5686/6693 3449/5756/6693 3434/5438/6693 2568/4192/6693
f 2568/4192/6694 3434/5438/6694 3452/4706/6694 2925/5440/6694
f 2925/5440/6695 3428/4708/6695 3473/5645/6695
f 2533/5757/6696 2699/5649/6696 3471/5766/6696 3421/5765/6696
f 2815/5686/6697 3160/5799/6697 3441/4075/6697 3420/4074/6697
f 2815/5686/6698 3420/4074/6698 3449/5756/6698
f 2407/5115/6699 3416/5114/6372 3417/4996/4844 3257/5413/6700
f 2651/5393/6701 3484/5392/6701 3485/5625/6701 2406/4237/6701
f 2808/4604/6702 2872/4114/6702 3425/5520/6702 3412/4605/6702
f 2350/5401/6678 3411/4910/6703 3465/5843/6679
f 3016/5502/6704 2884/5619/6704 3017/4872/6704
f 3211/5528/6705 3427/5352/6705 3408/5351/6705 2625/5108/6705
f 2926/5301/6706 3470/5411/6706 3404/5410/6707 2351/5277/6708
f 3088/5538/6709 2351/5277/6708 3404/5410/6707 3405/5407/6709
f 3215/5451/6710 3257/5413/6710 3403/4176/6710 3475/4175/6710
f 3257/5413/6700 3417/4996/4844 3403/4176/4844
f 2387/5019/6711 3409/4029/6711 3402/5177/6711 2768/4562/6711
f 2336/4366/6712 3069/4365/6712 3026/5017/6712
f 3150/5624/6713 2533/5757/6713 3401/5788/6713 3456/4800/6713
f 3335/4843/6419 2626/5110/6418 3414/5101/6714 3397/5100/6714
f 3327/4610/6715 3395/5271/6715 3399/5666/6715 2828/4051/6715
f 2467/4231/6716 3443/4245/6716 3393/5099/6716
f 3211/5528/6717 3390/5122/6717 3392/5592/6717
f 3291/5175/6718 3476/4204/6718 3389/4203/6718 3136/5892/6718
f 3307/5220/6719 3388/5123/6719 3390/5122/6719 3211/5528/6719
f 2553/4750/6720 2277/5378/6720 3387/5377/6720 3386/5290/6720
f 2320/4341/6721 2911/5085/6721 2670/4280/6721
f 2799/4596/6722 3424/5330/6722 3383/5329/6722 3336/4634/6722
f 2415/5327/6723 2417/4462/6723 2746/4391/6723
f 3035/4887/6724 2422/4452/6724 2419/4102/6724
f 2387/5019/6725 3380/4030/6725 3409/4029/6725
f 3076/4885/6726 3326/4714/6726 3379/5075/6726 3422/4505/6726
f 3059/5893/6727 3206/5894/6727 2474/5895/6727
f 2335/4631/6728 3110/4076/6728 2747/5722/6728
f 2836/5134/6729 2599/4107/6729 2835/4106/6729
f 2864/4099/6730 2777/4468/6730 2778/5170/6730
f 2962/4137/6731 2532/4760/6731 2961/4836/6731
f 2467/4231/6732 3393/5099/6732 3375/5493/6732 3068/5232/6732
f 3307/5220/6733 3068/5232/6733 3375/5493/6733 3458/5219/6733
f 3391/5264/5104 3381/5266/5104 2321/5367/6734 3235/5366/6734
f 2933/5654/6735 2802/4044/6735 2296/4043/6735
f 3010/5345/6736 3382/5672/6736 3374/5403/6736
f 2432/4315/5144 2493/4378/5143 3106/4761/6737
f 2581/5194/6738 2992/4111/6738 2991/5751/6738
f 3260/5039/6739 3372/5601/6739 3433/5346/6739 2827/4478/6739
f 2533/5757/6740 3421/5765/6740 3371/5427/6740
f 2625/5108/6741 3408/5351/6741 3370/5106/6741
f 3160/5799/6742 3369/4578/6742 3441/4075/6742
f 2768/5896/6743 3402/5723/6743 3369/4578/6743 3160/5799/6743
f 3010/5345/6744 2266/4837/6744 3368/5673/6744 3382/5672/6744
f 2692/5720/6745 3367/5807/6745 3435/5629/6745 2981/5044/6745
f 3119/4432/6746 3243/5064/6746 3249/5479/6746
f 2341/4835/6448 2913/4659/6449 3483/5270/6449 3465/5843/6449
f 2926/5301/6747 3364/5300/6747 3378/5763/6747
f 2560/4049/6748 3363/4544/6748 3385/4236/6748 2412/4479/6748
f 3424/5330/6749 3423/4595/6749 2771/4064/6749
f 2609/5897/6750 3360/5314/6750 3359/4776/6750
f 2821/5555/6751 2609/5897/6751 3359/4776/6751 3431/4775/6751
f 3400/5426/6752 2511/5128/6752 3401/5788/6752
f 3336/4634/6753 3356/5318/6753 3468/5317/6753 2887/4155/6753
f 2544/5898/6754 3355/5899/6754 3357/5419/6754 3204/5421/6754
f 2569/4138/6755 2934/5003/6755 3217/5708/6755
f 3088/5538/6756 3405/5407/6756 3354/4911/6756
f 3088/5538/6757 3354/4911/6757 3411/4910/6757 2350/5401/6757
f 3335/5717/6758 3353/5716/6758 3406/5900/6758
f 3136/4962/6759 3352/4961/6759 3351/4473/6759
f 3150/5624/6760 3463/4730/6760 3350/4594/6760 2799/4596/6760
f 2460/5901/6761 3349/5364/6761 3429/5363/6761 3323/5491/6761
f 2969/5133/6762 3373/5450/6762 3349/5449/6762 2460/4222/6762
f 2517/4840/6763 2548/4588/6763 3490/5902/6763 3488/5903/6763
f 2927/4493/6764 2957/5365/6764 3481/4741/6764 3348/4189/6764
f 3248/5904/6765 2900/5198/6765 2526/5197/6765
f 2499/5319/6766 3021/4742/6766 3181/4393/6766
f 2828/4051/6767 3399/5666/6767 3346/5086/6767
f 3335/4843/5728 3406/4672/6768 3345/4465/6768 2430/4200/5729
f 2430/4200/6769 3345/4465/6769 3344/4464/6769 2609/5897/6769
f 2609/5897/6770 3344/4464/6770 3360/5314/6770
f 2625/5108/6771 3437/5107/6771 3343/5486/6771
f 2626/5110/4947 2625/5108/4946 3343/5486/6772 3414/5101/6772
f 2710/4509/6773 2610/4508/6773 3493/5905/6773 3498/4838/6773
f 2863/5877/6774 3298/5501/6774 3516/5906/6774 3505/5907/6774
f 2941/4598/6775 2584/5573/6775 3492/5908/6775 3506/4599/6775
f 2819/4900/6776 2700/4654/6776 3497/5909/6776 3503/5910/6776
f 2584/5573/6777 2680/5701/6777 3496/5911/6777 3492/5908/6777
f 2322/4126/6778 2731/4873/6778 3500/5755/6778 3145/5912/6778
f 3100/4878/6779 3244/5371/6779 3514/5913/6779 3512/5785/6779
f 2306/4729/6780 3279/4941/6780 3515/5914/6780 3203/5915/6780
f 2995/5753/6781 2994/4727/6781 3509/5916/6781 3510/5754/6781
f 2562/5342/6782 2538/5084/6782 3489/5917/6782 3491/5519/6782
f 3033/5547/6783 2752/5548/6783 3501/5918/6783 3511/5919/6783
f 2610/4508/6784 2966/5871/6784 3507/5873/6784 3493/5905/6784
f 2700/4654/6785 2517/4840/6785 3488/5903/6785 3497/5909/6785
f 2538/5084/6786 2729/5569/6786 3499/5681/6786 3489/5917/6786
f 2548/4588/6787 2433/4862/6787 2384/5920/6787 3490/5902/6787
f 2262/5674/6788 3368/5673/6788 3518/5921/6788 2316/5738/6788
f 3298/5922/6789 3151/5886/6789 3513/5923/6789 3516/5924/6789
f 2433/4862/6790 2322/5925/6790 3145/5926/6790 2384/5920/6790
f 3151/5886/6791 2428/5888/6791 2385/5927/6791 3513/5923/6791
f 3279/4941/6792 2466/4597/6792 2457/4600/6792 3515/5914/6792
f 3244/5371/6793 2819/4900/6793 3503/5910/6793 3514/5913/6793
f 3368/5673/6794 2266/4837/6794 2313/4839/6794 3518/5921/6794
f 2428/4198/6795 2821/5555/6795 3504/5556/6795 2385/5928/6795
f 2752/5042/6796 2328/5021/6796 2395/5024/6796 3501/5929/6796
f 3329/5016/6797 2614/5593/6797 3494/5828/6797 3517/5885/6797
f 2994/4727/6798 2306/4729/6798 3203/5915/6798 3509/5916/6798
f 3744/5930/6799 3786/5931/6799 3799/5932/6799 3780/5933/6799
f 3712/5934/6800 3671/5935/6800 3713/5936/6800
f 3702/5937/6801 3728/5938/6801 3735/5939/6801
f 3719/5940/6802 3658/5941/6802 3661/5942/6802
f 3521/5943/6803 3732/5944/6803 3531/5945/6803
f 3799/5946/6804 3724/5947/6804 3704/5948/6804
f 3717/5949/6805 3804/5950/6805 3567/5951/6805
f 3699/5952/6806 3622/5953/6806 3715/5954/6806
f 3552/5955/6807 3653/5956/6807 3777/5957/6807
f 3523/5958/6808 3718/5959/6808 3812/5960/6808
f 3768/5961/6809 3733/5962/6809 3745/5963/6809
f 3526/5964/6810 3787/5965/6810 3528/5966/6810
f 3801/5967/6811 3561/5968/6811 3776/5969/6811
f 3707/5970/6812 3801/5967/6812 3776/5969/6812
f 3662/5971/6813 3802/5972/6814 3795/5973/6815
f 3728/5974/6816 3796/5975/6816 3734/5976/6816
f 3523/5958/6817 3741/5977/6817 3766/5978/6817
f 3766/5978/6818 3742/5979/6818 3731/5980/6818
f 3798/5981/6819 3562/5982/6819 3656/5983/6819
f 3794/5984/6820 3790/5985/6820 3723/5986/6820
f 3733/5962/6821 3563/5987/6821 3745/5963/6821
f 3765/5988/6822 3672/5989/6822 3752/5990/6822
f 3747/5991/6823 3735/5992/6823 3734/5976/6823
f 3554/5993/6824 3718/5959/6824 3810/5994/6824
f 3753/5995/6825 3653/5956/6825 3552/5955/6825
f 3536/5996/6826 3767/5997/6826 3521/5943/6826
f 3812/5960/6827 3718/5959/6827 3736/5998/6827
f 3797/5999/6828 3715/6000/6828 3714/6001/6828
f 3790/5985/6829 3794/5984/6829 3558/6002/6829
f 3558/6002/6830 3564/6003/6830 3790/5985/6830
f 3559/6004/6831 3807/6005/6831 3705/6006/6831
f 3545/6007/6832 3771/6008/6832 3779/6009/6832
f 3784/6010/6833 3703/6011/6833 3741/5977/6833
f 3740/6012/6834 3763/6013/6834 3757/6014/6834
f 3531/5945/6835 3732/5944/6835 3773/6015/6835
f 3548/6016/6836 3520/6017/6836 3772/6018/6836
f 3782/6019/6837 3702/5937/6837 3655/6020/6837
f 3540/6021/6838 3766/5978/6838 3721/6022/6838
f 3803/6023/6839 3550/6024/6839 3559/6025/6839
f 3563/5987/6840 3534/6026/6840 3740/6012/6840
f 3809/6027/6841 3725/6028/6841 3706/6029/6841
f 3711/6030/6842 3738/6031/6842 3808/6032/6842
f 3699/6033/6843 3716/6034/6843 3622/6035/6843
f 3556/6036/6844 3813/6037/6844 3789/6038/6844
f 3796/5975/6845 3777/5957/6845 3653/5956/6845
f 3706/6029/6846 3746/6039/6846 3717/5949/6846
f 3793/6040/6847 3724/5947/6847 3786/6041/6847
f 3547/6042/6848 3760/6043/6848 3700/6044/6848
f 3709/6045/6849 3808/6032/6850 3535/6046/6851
f 3526/5964/6852 3708/6047/6852 3566/6048/6852
f 3753/5995/6853 3552/5955/6853 3767/5997/6853
f 3723/6049/6854 3773/6015/6854 3547/6042/6854
f 3745/5963/6855 3563/5987/6855 3530/6050/6855
f 3754/6051/6856 3743/6052/6856 3737/6053/6856
f 3530/6054/6857 3791/6055/6857 3710/6056/6857
f 3747/5991/6858 3753/5995/6858 3536/5996/6858
f 3798/5981/6859 3722/6057/6859 3782/6019/6859
f 3701/6058/6860 3720/6059/6860 3721/6022/6860
f 3726/6060/6861 3701/6058/6861 3731/5980/6861
f 3770/6061/6862 3542/6062/6862 3781/6063/6862
f 3539/6064/6863 3725/6028/6863 3735/5939/6863
f 3773/6015/6864 3710/6056/6865 3531/5945/6866
f 3557/6065/6867 3793/6040/6867 3786/6041/6867
f 3765/5988/6868 3549/6066/6868 3744/5930/6868
f 3708/6047/6869 3526/5964/6870 3534/6026/6871
f 3787/5965/6872 3793/6040/6872 3557/6065/6872
f 3543/6067/6873 3758/6068/6873 3739/6069/6873
f 3702/5937/6874 3725/6028/6874 3655/6020/6874
f 3537/6070/6875 3776/6071/6875 3698/6072/6875
f 3698/6072/6876 3814/6073/6876 3537/6070/6876
f 3802/5972/6814 3662/5971/6813 3777/5957/6877
f 3524/6074/6878 3520/6017/6878 3548/6016/6878
f 3705/6075/6879 3658/5941/6879 3719/5940/6879
f 3543/6076/6880 3669/6077/6880 3529/6078/6880
f 3545/6007/6881 3760/6043/6881 3547/6042/6881
f 3698/6072/6882 3527/6079/6882 3814/6073/6882
f 3529/6078/6883 3759/6080/6883 3801/5967/6883
f 3801/5967/6884 3663/6081/6884 3529/6078/6884
f 3709/6045/6885 3568/6082/6885 3566/6048/6885
f 3746/6083/6886 3804/6084/6886 3717/6085/6886
f 3761/6086/6887 3750/6087/6887 3799/5946/6887
f 3739/6088/6888 3798/5981/6888 3656/5983/6888
f 3550/6024/6889 3803/6023/6889 3738/6031/6889
f 3737/6053/6890 3545/6007/6890 3664/6089/6890
f 3551/6090/6891 3555/6091/6891 3565/6092/6891
f 3726/6060/6892 3731/5980/6892 3561/5968/6892
f 3743/6052/6893 3699/6033/6893 3715/6000/6893
f 3654/6093/6894 3550/6094/6894 3533/6095/6894
f 3772/6018/6895 3525/6096/6895 3548/6016/6895
f 3536/5996/6896 3746/6083/6896 3539/6097/6896
f 3760/6043/6897 3545/6007/6898 3779/6009/6899
f 3803/6023/6900 3805/6098/6900 3535/6046/6900
f 3785/6099/6901 3804/6084/6901 3746/6083/6901
f 3541/6100/6902 3813/6037/6902 3556/6036/6902
f 3559/6025/6903 3705/6075/6903 3805/6098/6903
f 3528/5966/6904 3740/6012/6904 3534/6026/6904
f 3793/6040/6905 3787/5965/6906 3566/6048/6907
f 3710/6056/6865 3773/6015/6864 3768/6101/6908
f 3660/6102/6909 3751/6103/6909 3544/6104/6909
f 3750/6105/6910 3780/5933/6910 3799/5932/6910
f 3563/5987/6911 3733/5962/6911 3534/6026/6911
f 3733/5962/6912 3790/5985/6912 3564/6003/6912
f 3729/6106/6913 3730/6107/6913 3755/6108/6913
f 3560/6109/6914 3762/6110/6914 3795/5973/6914
f 3731/5980/6915 3668/6111/6915 3561/5968/6915
f 3780/5933/6916 3750/6105/6916 3556/6036/6916
f 3657/6112/6917 3665/6113/6917 3522/6114/6917
f 3800/6115/6918 3700/6044/6918 3760/6043/6918
f 3726/6060/6919 3562/5982/6919 3701/6058/6919
f 3806/6116/6920 3716/6034/6920 3699/6033/6920
f 3722/6057/6921 3728/5938/6921 3782/6019/6921
f 3800/6115/6922 3779/6009/6922 3542/6117/6922
f 3805/6098/6923 3719/5940/6923 3775/6118/6923
f 3810/5994/6924 3811/6119/6924 3809/6027/6924
f 3741/5977/6925 3544/6104/6925 3742/5979/6925
f 3703/6011/6926 3525/6096/6926 3544/6104/6926
f 3704/5948/6927 3568/6082/6927 3546/6120/6927
f 3733/5962/6928 3538/6121/6928 3534/6026/6928
f 3655/6020/6929 3811/6119/6929 3720/6059/6929
f 3525/6096/6930 3772/6018/6930 3549/6122/6930
f 3567/5951/6931 3736/5998/6931 3554/5993/6931
f 3567/5951/6932 3791/6123/6932 3569/6124/6932
f 3808/6032/6933 3783/6125/6933 3558/6002/6933
f 3530/6050/6934 3563/5987/6934 3757/6014/6934
f 3810/5994/6935 3540/6021/6935 3811/6119/6935
f 3655/6020/6936 3720/6059/6936 3782/6019/6936
f 3530/6126/6937 3757/6127/6937 3569/6124/6937
f 3538/6121/6938 3783/6125/6938 3708/6047/6938
f 3895/6128/6939 3909/6129/6939 3678/6130/6939
f 3678/6130/6940 3879/6131/6940 3895/6128/6940
f 3853/6132/6941 3880/6133/6941 3831/6134/6941
f 3636/6135/6942 3884/6136/6942 3837/6137/6942
f 3642/6138/6943 3639/6139/6943 3829/6140/6943
f 3913/6141/6944 3832/6142/6944 3851/6143/6944
f 3821/6144/6945 3877/6145/6945 3818/6146/6945
f 3598/6147/6946 3838/6148/6946 3857/6149/6946
f 3642/6138/6947 3886/6150/6947 3697/6151/6947
f 3898/6152/6948 3836/6153/6948 3822/6154/6948
f 3612/6155/6949 3841/6156/6949 3608/6157/6949
f 3848/6158/6950 3850/6159/6950 3916/6160/6950
f 3872/6161/6951 3882/6162/6951 3878/6163/6951
f 3912/6164/6952 3859/6165/6952 3883/6166/6952
f 3600/6167/6953 3857/6149/6953 3870/6168/6953
f 3892/6169/6954 3916/6160/6954 3587/6170/6954
f 3617/6171/6955 3874/6172/6955 3694/6173/6955
f 3680/6174/6956 3595/6175/6956 3574/6176/6956
f 3621/6177/6957 3848/6158/6957 3882/6178/6957
f 3822/6154/6958 3875/6179/6958 3618/6180/6958
f 3590/6181/6959 3852/6182/6959 3572/6183/6959
f 3849/6184/6960 3687/6185/6960 3596/6186/6960
f 3903/6187/6961 3911/6188/6962 3823/6189/6963
f 3610/6190/6964 3620/6191/6964 3621/6192/6964
f 3621/6192/6965 3854/6193/6965 3610/6190/6965
f 3681/6194/6966 3846/6195/6966 3904/6196/6966
f 3817/6197/6967 3820/6198/6967 3880/6133/6967
f 3686/6199/6968 3885/6200/6968 3863/6201/6968
f 3576/6202/6969 3885/6200/6969 3686/6199/6969
f 3872/6203/6970 3621/6177/6970 3882/6178/6970
f 3817/6197/6971 3892/6169/6971 3820/6198/6971
f 3583/6204/6972 3581/6205/6972 3844/6206/6972
f 3697/6151/6973 3886/6150/6973 3684/6207/6973
f 3818/6146/6974 3879/6131/6974 3678/6130/6974
f 3601/6208/6975 3867/6209/6975 3899/6210/6975
f 3821/6144/6976 3571/6211/6976 3901/6212/6976
f 3591/6213/6977 3901/6212/6977 3845/6214/6977
f 3845/6214/6978 3857/6215/6978 3591/6213/6978
f 3863/6201/6979 3580/6216/6979 3611/6217/6979
f 3605/6218/6980 3902/6219/6980 3582/6220/6980
f 3907/6221/6981 3680/6174/6981 3574/6176/6981
f 3872/6161/6982 3854/6193/6982 3621/6192/6982
f 3845/6214/6983 3575/6222/6983 3674/6223/6983
f 3818/6146/6984 3825/6224/6984 3879/6131/6984
f 3619/6225/6985 3850/6159/6985 3621/6177/6985
f 3817/6197/6986 3878/6226/6986 3882/6178/6986
f 3817/6197/6987 3843/6227/6987 3878/6226/6987
f 3625/6228/6988 3686/6199/6988 3816/6229/6988
f 3834/6230/6989 3830/6231/6989 3607/6232/6989
f 3609/6233/6990 3826/6234/6990 3876/6235/6990
f 3694/6236/6991 3874/6237/6991 3825/6224/6991
f 3585/6238/6992 3868/6239/6992 3689/6240/6992
f 3695/6241/6993 3837/6137/6993 3910/6242/6993
f 3893/6243/6994 3570/6244/6994 3836/6153/6994
f 3585/6238/6995 3890/6245/6995 3606/6246/6995
f 3827/6247/6996 3603/6248/6996 3586/6249/6996
f 3578/6250/6997 3852/6182/6998 3608/6157/6999
f 3893/6243/7000 3878/6163/7000 3843/6251/7000
f 3674/6223/7001 3863/6201/7001 3885/6200/7001
f 3600/6167/7002 3591/6252/7002 3857/6149/7002
f 3599/6253/7003 3891/6254/7004 3592/6255/7005
f 3902/6256/7006 3577/6257/7006 3895/6128/7006
f 3860/6258/7007 3914/6259/7007 3586/6249/7007
f 3589/6260/7008 3595/6175/7008 3682/6261/7008
f 3824/6262/7009 3586/6249/7009 3603/6248/7009
f 3599/6253/7003 3592/6255/7005 3830/6231/7010
f 3675/6263/7011 3838/6148/7011 3890/6245/7011
f 3890/6245/7012 3838/6148/7012 3889/6264/7012
f 3895/6128/7013 3879/6131/7013 3835/6265/7013
f 3592/6255/7014 3582/6220/7014 3617/6171/7014
f 3574/6176/7015 3909/6129/7015 3907/6221/7015
f 3884/6136/7016 3636/6135/7016 3685/6266/7016
f 3681/6267/7017 3889/6264/7017 3598/6147/7017
f 3592/6255/7018 3891/6254/7018 3605/6218/7018
f 3690/6268/7019 3676/6269/7019 3615/6270/7019
f 3611/6217/7020 3573/6271/7020 3864/6272/7020
f 3846/6195/7021 3674/6223/7021 3904/6196/7021
f 3585/6238/7022 3844/6206/7022 3819/6273/7022
f 3898/6152/7023 3834/6230/7023 3836/6153/7023
f 3914/6259/7024 3596/6186/7024 3912/6164/7024
f 3593/6274/7025 3581/6205/7025 3587/6170/7025
f 3888/6275/7026 3875/6276/7027 3906/6277/7028
f 3834/6230/7029 3893/6243/7029 3836/6153/7029
f 3855/6278/7030 3867/6209/7030 3601/6208/7030
f 3850/6159/7031 3851/6143/7031 3579/6279/7031
f 3880/6133/7032 3820/6198/7033 3614/6280/7034
f 3884/6281/7035 3685/6282/7035 3594/6283/7035
f 3892/6169/7036 3817/6197/7036 3882/6178/7036
f 3601/6208/7037 3868/6239/7037 3606/6246/7037
f 3909/6129/7038 3895/6128/7038 3869/6284/7038
f 3606/6246/7039 3868/6239/7039 3585/6238/7039
f 3856/6285/7040 3832/6286/7040 3913/6287/7040
f 3870/6168/7041 3584/6288/7041 3593/6274/7041
f 3614/6280/7042 3583/6204/7042 3862/6289/7042
f 3887/6290/7043 3679/6291/7043 3597/6292/7043
f 3603/6248/7044 3891/6254/7044 3599/6253/7044
f 3688/6293/7045 3886/6150/7045 3595/6175/7045
f 3859/6165/7046 3912/6164/7046 3596/6186/7046
f 3689/6240/7047 3844/6206/7047 3585/6238/7047
f 3579/6279/7048 3832/6142/7048 3915/6294/7048
f 3826/6295/7049 3613/6296/7049 3604/6297/7049
f 3916/6160/7050 3892/6169/7050 3848/6158/7050
f 3881/6298/7051 3618/6180/7051 3588/6299/7051
f 3588/6299/7052 3860/6258/7052 3881/6298/7052
f 3616/6300/7053 3596/6186/7053 3914/6259/7053
f 3607/6232/7054 3908/6301/7054 3854/6193/7054
f 3885/6200/7055 3904/6196/7055 3674/6223/7055
f 3834/6230/7056 3898/6152/7056 3599/6253/7056
f 3615/6302/7057 3676/6303/7057 3855/6278/7057
f 3894/6304/7058 3906/6277/7058 3572/6183/7058
f 3895/6128/7059 3835/6265/7059 3900/6305/7059
f 3900/6305/7060 3902/6256/7060 3895/6128/7060
f 3827/6247/7061 3883/6166/7061 3613/6296/7061
f 3825/6224/7062 3874/6237/7062 3835/6265/7062
f 3903/6187/7063 3690/6306/7063 3911/6188/7063
f 3831/6134/7064 3614/6280/7064 3871/6307/7064
f 3608/6308/7065 3648/6309/7065 3612/6310/7065
f 3611/6217/7066 3864/6272/7066 3682/6261/7066
f 3678/6130/7067 3589/6260/7067 3864/6272/7067
f 3582/6220/7068 3900/6311/7068 3617/6171/7068
f 3594/6283/7069 3815/6312/7069 3853/6313/7069
f 3853/6313/7070 3831/6314/7070 3594/6283/7070
f 3855/6278/7071 3905/6315/7071 3615/6302/7071
f 3612/6155/7072 3866/6316/7072 3839/6317/7072
f 3690/6318/7073 3615/6319/7073 3842/6320/7073
f 3675/6263/7074 3870/6168/7074 3838/6148/7074
f 3820/6198/7075 3892/6169/7075 3897/6321/7075
f 3889/6264/7076 3681/6267/7076 3615/6302/7076
f 3828/6322/7077 3648/6309/7077 3608/6308/7077
f 3827/6247/7078 3613/6296/7078 3605/6218/7078
f 3860/6258/7079 3586/6249/7079 3881/6298/7079
f 3693/6323/7080 3847/6324/7080 3616/6300/7080
f 3880/6133/7081 3853/6132/7081 3873/6325/7081
f 3914/6259/7082 3912/6164/7082 3586/6249/7082
f 3592/6255/7083 3617/6171/7083 3908/6301/7083
f 3607/6232/7084 3830/6231/7084 3908/6301/7084
f 3870/6168/7085 3915/6294/7085 3600/6167/7085
f 3621/6177/7086 3620/6326/7086 3619/6225/7086
f 3553/6327/7087 3774/6328/7087 3612/6329/7087
f 3533/6095/7088 3647/6330/7089 3633/6331/7090
f 3628/6332/7091 3685/6266/7091 3636/6135/7091
f 3659/6333/7092 3635/6334/7092 3623/6335/7092
f 3635/6336/7093 3679/6291/7093 3623/6337/7093
f 3602/6338/7094 3527/6339/7094 3696/6340/7094
f 3887/6341/7095 3647/6342/7095 3623/6343/7095
f 3624/6344/7096 3755/6345/7096 3644/6346/7096
f 3644/6346/7097 3865/6347/7097 3624/6344/7097
f 3625/6348/7098 3716/6349/7098 3806/6350/7098
f 3625/6348/7099 3816/6351/7099 3716/6349/7099
f 3650/6352/7100 3758/6068/7100 3543/6067/7100
f 3867/6353/7101 3758/6068/7101 3650/6352/7101
f 3676/6354/7102 3560/6355/7103 3652/6356/7104
f 3855/6357/7105 3676/6354/7105 3652/6356/7105
f 3626/6358/7106 3813/6037/7106 3637/6359/7106
f 3637/6360/7107 3888/6361/7107 3626/6362/7107
f 3625/6348/7108 3806/6350/7108 3627/6363/7108
f 3627/6364/7109 3686/6199/7109 3625/6228/7109
f 3683/6365/7110 3639/6139/7110 3622/6366/7110
f 3814/6073/7111 3602/6367/7111 3628/6368/7111
f 3629/6369/7112 3714/6370/7112 3639/6371/7112
f 3639/6372/7113 3642/6373/7113 3629/6374/7113
f 3807/6375/7114 3847/6376/7114 3631/6377/7114
f 3632/6378/7115 3748/6379/7115 3730/6107/7115
f 3632/6378/7116 3730/6107/7116 3729/6106/7116
f 3849/6380/7117 3654/6093/7117 3633/6331/7117
f 3634/6381/7118 3665/6113/7118 3657/6112/7118
f 3643/6382/7119 3707/6383/7119 3636/6384/7119
f 3636/6384/7120 3837/6385/7120 3643/6382/7120
f 3739/6069/7121 3758/6068/7121 3652/6356/7121
f 3758/6068/7122 3867/6353/7122 3652/6356/7122
f 3716/6386/7123 3816/6387/7123 3622/6388/7123
f 3637/6360/7124 3588/6299/7124 3888/6361/7124
f 3641/6389/7125 3688/6293/7125 3680/6174/7125
f 3680/6174/7126 3635/6336/7126 3641/6389/7126
f 3899/6390/7127 3663/6391/7127 3695/6392/7127
f 3729/6393/7128 3624/6394/7128 3684/6207/7128
f 3727/6395/7129 3665/6113/7129 3634/6381/7129
f 3866/6396/7130 3774/6328/7130 3756/6397/7130
f 3640/6398/7131 3666/6399/7131 3667/6400/7131
f 3696/6401/7132 3527/6079/7132 3815/6402/7132
f 3641/6403/7133 3749/6404/7133 3748/6379/7133
f 3748/6379/7134 3632/6378/7134 3641/6403/7134
f 3648/6405/7135 3712/6406/7135 3553/6407/7135
f 3553/6408/7136 3612/6409/7136 3648/6410/7136
f 3815/6402/7137 3527/6079/7137 3638/6411/7137
f 3692/6412/7138 3815/6413/7138 3638/6414/7138
f 3644/6415/7139 3755/6416/7139 3670/6417/7139
f 3644/6415/7140 3670/6417/7140 3697/6418/7140
f 3697/6419/7141 3865/6420/7141 3644/6421/7141
f 3532/6422/7142 3727/6395/7142 3645/6423/7142
f 3727/6424/7143 3839/6425/7143 3645/6426/7143
f 3839/6317/7144 3866/6316/7144 3645/6427/7144
f 3647/6330/7145 3533/6095/7145 3781/6063/7145
f 3638/6411/7146 3671/5935/7146 3648/6428/7146
f 3692/6429/7147 3638/6430/7147 3648/6431/7147
f 3650/6352/7148 3529/6432/7148 3899/6390/7148
f 3651/6433/7149 3861/6434/7149 3677/6435/7149
f 3677/6436/7150 3634/6437/7150 3651/6438/7150
f 3630/6439/7151 3813/6037/7151 3626/6358/7151
f 3917/6440/7152 3630/6441/7152 3626/6362/7152
f 3651/6442/7153 3673/6443/7153 3789/6038/7153
f 3789/6038/7154 3630/6439/7154 3651/6442/7154
f 3847/6444/7155 3807/6005/7155 3616/6445/7155
f 3520/6017/7156 3763/6446/7156 3778/6447/7156
f 3735/5992/7157 3728/5974/7157 3734/5976/7157
f 3786/5931/7158 3744/5930/7158 3549/6066/7158
f 3707/5970/7159 3776/5969/7159 3537/6448/7159
f 3730/6449/7160 3670/6417/7160 3755/6416/7160
f 3801/5967/7161 3759/6080/7161 3561/5968/7161
f 3767/5997/7162 3664/6089/7162 3732/5944/7162 3521/5943/7162
f 3664/6089/7163 3547/6042/7163 3773/6015/7163
f 3763/6446/7164 3520/6017/7164 3524/6074/7164 3757/6127/7164
f 3554/5993/7165 3736/5998/7165 3718/5959/7165
f 3788/6450/7166 3812/5960/7166 3736/5998/7166
f 3793/6040/7167 3566/6048/7167 3568/6082/7167
f 3568/6082/7168 3704/5948/7168 3793/6040/7168
f 3656/5983/7169 3669/6077/7169 3739/6088/7169
f 3800/6115/7170 3770/6451/7170 3700/6044/7170
f 3551/6090/7171 3550/6024/7171 3738/6031/7171
f 3629/6452/7172 3670/6453/7172 3714/6454/7172
f 3792/6455/7173 3771/6008/7173 3749/6456/7173
f 3777/5957/7174 3806/6116/7174 3552/5955/7174
f 3525/6096/7175 3765/6457/7175 3752/6458/7175
f 3703/6011/7176 3784/6010/7176 3548/6016/7176
f 3784/6010/7177 3741/5977/7177 3523/5958/7177
f 3784/6010/7178 3523/5958/7178 3812/5960/7178
f 3710/6459/7179 3745/5963/7179 3530/6050/7179
f 3740/6012/7180 3757/6014/7180 3563/5987/7180
f 3524/6074/7181 3788/6450/7181 3757/6127/7181
f 3704/5948/7182 3546/6120/7182 3761/6086/7182 3799/5946/7182
f 3525/6096/7183 3703/6011/7183 3548/6016/7183
f 3522/6114/7184 3769/6460/7184 3789/6038/7184 3657/6112/7184
f 3731/5980/7185 3742/5979/7185 3751/6103/7185
f 3733/5962/7186 3564/6003/7186 3538/6121/7186
f 3666/6399/7187 3806/6116/7187 3777/5957/7187
f 3528/5966/7188 3763/6013/7188 3740/6012/7188
f 3741/5977/7189 3742/5979/7189 3766/5978/7189
f 3557/6065/7190 3772/6461/7190 3778/6462/7190
f 3664/6089/7191 3773/6015/7191 3732/5944/7191
f 3764/6463/7192 3796/5975/7192 3728/5974/7192
f 3744/5930/7193 3769/6460/7193 3672/5989/7193
f 3713/5936/7194 3752/5990/7194 3672/5989/7194
f 3535/6046/7195 3805/6098/7195 3775/6118/7195
f 3660/6102/7196 3698/6464/7196 3668/6111/7196
f 3790/5985/7197 3768/5961/7197 3723/5986/7197
f 3790/5985/7198 3733/5962/7198 3768/5961/7198
f 3539/6097/7199 3735/5992/7199 3747/5991/7199
f 3721/6022/7200 3766/5978/7200 3701/6058/7200
f 3714/6001/7201 3670/6417/7201 3797/5999/7201
f 3704/5948/7202 3724/5947/7202 3793/6040/7202
f 3771/6008/7203 3792/6455/7203 3779/6009/7203
f 3748/6465/7204 3670/6417/7204 3730/6449/7204
f 3534/6026/6871 3526/5964/6870 3528/5966/7205
f 3788/6450/7206 3736/5998/7206 3569/6124/7206
f 3785/6099/7207 3521/5943/7207 3531/5945/7207
f 3668/6111/7208 3776/5969/7208 3561/5968/7208
f 3778/6447/7209 3772/6018/7209 3520/6017/7209
f 3555/6091/7210 3700/6466/7210 3770/6467/7210
f 3745/5963/7211 3710/6459/7211 3768/5961/7211
f 3759/6080/7212 3726/6060/7212 3561/5968/7212
f 3532/6422/7213 3665/6113/7213 3727/6395/7213
f 3801/5967/7214 3707/5970/7214 3663/6081/7214
f 3706/6029/7215 3725/6028/7215 3539/6064/7215
f 3669/6077/7216 3562/5982/7217 3726/6060/7218
f 3550/6024/7219 3565/6092/7219 3533/6468/7219
f 3541/6100/7220 3661/6469/7220 3813/6037/7220
f 3541/6470/7221 3761/6086/7221 3661/5942/7221
f 3566/6048/7222 3708/6047/7222 3783/6125/7222
f 3804/6084/7223 3531/5945/7223 3791/6055/7223
f 3700/6044/7224 3723/6049/7224 3547/6042/7224
f 3564/6003/7225 3558/6002/7225 3538/6121/7225
f 3524/6074/7226 3784/6010/7226 3812/5960/7226
f 3524/6074/7227 3812/5960/7227 3788/6450/7227
f 3797/5999/7228 3771/6008/7228 3737/6053/7228
f 3535/6046/6851 3775/6118/7229 3709/6045/6849
f 3767/5997/7230 3552/5955/7230 3754/6051/7230
f 3562/5982/7231 3782/6019/7231 3720/6059/7231
f 3789/6038/7232 3673/6443/7232 3657/6112/7232
f 3787/5965/7233 3778/6462/7233 3763/6013/7233 3528/5966/7233
f 3525/6096/7234 3549/6122/7234 3765/6457/7234
f 3797/5999/7235 3670/6417/7235 3771/6008/7235
f 3717/5949/7236 3567/5951/7236 3554/5993/7236
f 3764/6463/7237 3802/5972/7237 3796/5975/7237
f 3785/6099/7238 3531/5945/7238 3804/6084/7238
f 3706/6029/7239 3717/5949/7239 3810/5994/7239
f 3810/5994/7240 3809/6027/7240 3706/6029/7240
f 3791/6055/7241 3531/5945/7241 3710/6056/7241
f 3797/5999/7242 3743/6052/7242 3715/6000/7242
f 3737/6053/7243 3743/6052/7243 3797/5999/7243
f 3782/6019/7244 3728/5938/7244 3702/5937/7244
f 3566/6048/7245 3783/6125/7245 3808/6032/7245 3709/6045/7245
f 3778/6462/7246 3787/5965/7246 3557/6065/7246
f 3753/5995/7247 3767/5997/7247 3536/5996/7247
f 3538/6121/7248 3558/6002/7248 3783/6125/7248
f 3660/6102/7249 3668/6111/7249 3751/6103/7249
f 3734/5976/7250 3796/5975/7250 3653/5956/7250
f 3735/5939/7251 3725/6028/7251 3702/5937/7251
f 3803/6023/7252 3559/6025/7252 3805/6098/7252
f 3799/5946/7253 3786/6041/7253 3724/5947/7253
f 3754/6051/7254 3664/6089/7254 3767/5997/7254
f 3540/6021/7255 3523/5958/7255 3766/5978/7255
f 3768/6101/7256 3773/6015/7256 3723/6049/7256
f 3544/6104/7257 3741/5977/7257 3703/6011/7257
f 3779/6009/7258 3792/6455/7258 3542/6117/7258
f 3550/6024/7259 3551/6090/7259 3565/6092/7259
f 3777/5957/7260 3796/5975/7260 3802/5972/7260
f 3541/6100/7261 3750/6105/7261 3761/6471/7261
f 3545/6007/7262 3737/6053/7262 3771/6008/7262
f 3559/6025/7263 3550/6024/7263 3654/6472/7263
f 3654/6093/7264 3807/6005/7264 3559/6004/7264
f 3542/6062/7265 3792/6473/7265 3659/6333/7265
f 3739/6088/7266 3669/6077/7266 3543/6076/7266
f 3705/6075/7267 3719/5940/7267 3805/6098/7267
f 3734/5976/7268 3653/5956/7268 3753/5995/7268
f 3753/5995/7269 3747/5991/7269 3734/5976/7269
f 3776/5969/7270 3668/6111/7270 3698/6464/7270
f 3548/6016/7271 3784/6010/7271 3524/6074/7271
f 3746/6039/7272 3706/6029/7272 3539/6064/7272
f 3669/6077/7273 3759/6080/7273 3529/6078/7273
f 3536/5996/7274 3521/5943/7274 3785/6099/7274
f 3536/5996/7275 3785/6099/7275 3746/6083/7275
f 3545/6007/7276 3547/6042/7276 3664/6089/7276
f 3546/6120/7277 3568/6082/7277 3775/6118/7277
f 3759/6080/7278 3669/6077/7278 3726/6060/7278
f 3811/6119/7279 3540/6021/7279 3721/6022/7279
f 3742/5979/7280 3544/6104/7280 3751/6103/7280
f 3659/6333/7281 3781/6063/7281 3542/6062/7281
f 3811/6119/7282 3721/6022/7282 3720/6059/7282
f 3670/6417/7283 3748/6465/7283 3749/6456/7283 3771/6008/7283
f 3722/6474/7284 3764/6463/7284 3728/5974/7284
f 3754/6051/7285 3552/5955/7285 3743/6052/7285
f 3565/6092/7286 3555/6091/7286 3770/6467/7286
f 3713/5936/7287 3698/6072/7287 3660/6475/7287
f 3713/5936/7288 3660/6475/7288 3752/5990/7288
f 3522/6114/7289 3532/6422/7289 3756/6476/7289 3774/6477/7289
f 3668/6111/7290 3731/5980/7290 3751/6103/7290
f 3700/6466/7291 3555/6091/7291 3794/5984/7291
f 3552/5955/7292 3699/6033/7292 3743/6052/7292
f 3656/5983/7293 3562/5982/7217 3669/6077/7216
f 3766/5978/7294 3731/5980/7294 3701/6058/7294
f 3553/6478/7295 3522/6114/7295 3774/6477/7295
f 3539/6097/7296 3747/5991/7296 3536/5996/7296
f 3554/5993/7297 3810/5994/7297 3717/5949/7297
f 3779/6009/6899 3800/6115/7298 3760/6043/6897
f 3709/6045/7299 3775/6118/7299 3568/6082/7299
f 3556/6036/7300 3750/6105/7300 3541/6100/7300
f 3557/6065/7301 3786/6041/7301 3772/6461/7301
f 3661/5942/7302 3761/6086/7303 3546/6120/7304
f 3661/5942/7302 3546/6120/7304 3719/5940/7305
f 3567/6479/7306 3804/6084/7306 3791/6055/7306
f 3546/6120/7307 3775/6118/7307 3719/5940/7307
f 3566/6048/6907 3787/5965/6906 3526/5964/7308
f 3560/6480/7309 3722/6057/7309 3739/6088/7309
f 3527/6079/7310 3698/6072/7310 3713/5936/7310
f 3713/5936/7311 3671/5935/7311 3527/6079/7311
f 3780/5933/7312 3789/6038/7313 3769/6460/7314
f 3769/6460/7314 3744/5930/7315 3780/5933/7312
f 3700/6044/7316 3794/6481/7316 3723/6049/7316
f 3781/6063/7317 3533/6095/7317 3565/6482/7317
f 3565/6482/7318 3770/6061/7318 3781/6063/7318
f 3711/6030/7319 3551/6090/7319 3738/6031/7319
f 3712/6406/7320 3522/6483/7320 3553/6407/7320
f 3662/5971/7321 3667/6400/7321 3666/6399/7321
f 3666/6399/7322 3777/5957/7322 3662/5971/7322
f 3752/6458/7323 3660/6102/7323 3544/6104/7323
f 3754/6051/7324 3737/6053/7324 3664/6089/7324
f 3769/6460/7325 3522/6114/7325 3672/5989/7325
f 3718/5959/7326 3523/5958/7326 3540/6021/7326
f 3739/6088/7327 3722/6057/7327 3798/5981/7327
f 3722/6474/7328 3560/6109/7328 3795/5973/7328 3764/6463/7328
f 3532/6422/7329 3522/6114/7329 3665/6113/7329
f 3795/5973/7330 3802/5972/7330 3764/6463/7330
f 3809/6027/7331 3811/6119/7331 3655/6020/7331 3725/6028/7331
f 3556/6036/7332 3789/6038/7332 3780/5933/7332
f 3806/6116/7333 3699/6033/7333 3552/5955/7333
f 3794/5984/7334 3555/6091/7334 3551/6090/7334
f 3551/6090/7335 3558/6002/7335 3794/5984/7335
f 3765/5988/7336 3744/5930/7336 3672/5989/7336
f 3896/6484/7337 3620/6485/7337 3825/6224/7337 3877/6145/7337
f 3711/6030/7338 3558/6002/7338 3551/6090/7338
f 3800/6115/7339 3542/6117/7339 3770/6451/7339
f 3807/6375/7340 3658/6486/7340 3705/6487/7340
f 3562/5982/7341 3720/6059/7341 3701/6058/7341
f 3544/6104/7342 3525/6096/7342 3752/6458/7342
f 3708/6047/7343 3534/6026/7343 3538/6121/7343
f 3772/6018/7344 3786/6488/7344 3549/6122/7344
f 3738/6031/7345 3803/6023/7345 3535/6046/7345
f 3535/6046/7346 3808/6032/7346 3738/6031/7346
f 3567/5951/7347 3569/6124/7347 3736/5998/7347
f 3558/6002/7348 3711/6030/7348 3808/6032/7348
f 3782/6019/7349 3562/5982/7349 3798/5981/7349
f 3672/5989/7350 3522/6114/7350 3712/5934/7350
f 3672/5989/7351 3712/5934/7351 3713/5936/7351
f 3810/5994/7352 3718/5959/7352 3540/6021/7352
f 3569/6124/7353 3791/6123/7353 3530/6126/7353
f 3757/6127/7354 3788/6450/7354 3569/6124/7354
f 3884/6136/7355 3862/6289/7355 3689/6240/7355
f 3692/6489/7356 3648/6490/7356 3828/6491/7356
f 3681/6267/7357 3598/6147/7357 3846/6492/7357
f 3893/6493/7358 3572/6183/7358 3570/6494/7358
f 3865/6495/7359 3697/6151/7359 3684/6207/7359
f 3829/6140/7360 3639/6139/7360 3683/6365/7360
f 3829/6140/7361 3886/6150/7361 3642/6138/7361
f 3868/6239/7362 3910/6242/7362 3689/6240/7362
f 3877/6145/7363 3825/6224/7363 3818/6146/7363
f 3818/6146/7364 3678/6130/7364 3571/6211/7364
f 3617/6171/7365 3694/6173/7365 3908/6301/7365
f 3881/6298/7366 3898/6152/7366 3618/6180/7366
f 3833/6496/7367 3850/6159/7367 3579/6279/7367
f 3896/6484/7368 3913/6287/7368 3851/6497/7368
f 3855/6278/7369 3606/6246/7369 3905/6315/7369
f 3609/6233/7370 3907/6221/7370 3577/6257/7370
f 3609/6233/7371 3577/6257/7371 3826/6234/7371
f 3688/6293/7372 3595/6175/7372 3680/6174/7372
f 3674/6223/7373 3575/6222/7373 3863/6201/7373
f 3587/6170/7374 3916/6160/7374 3833/6496/7374
f 3587/6170/7375 3897/6321/7375 3892/6169/7375
f 3620/6485/7376 3694/6236/7376 3825/6224/7376
f 3854/6193/7377 3908/6301/7377 3610/6190/7377
f 3573/6271/7378 3575/6222/7378 3901/6212/7378
f 3901/6212/7379 3571/6211/7379 3573/6271/7379
f 3817/6197/7380 3880/6133/7380 3843/6227/7380
f 3834/6230/7381 3599/6253/7381 3830/6231/7381
f 3899/6210/7382 3910/6242/7382 3868/6239/7382
f 3884/6136/7383 3910/6242/7383 3837/6137/7383
f 3862/6289/7384 3583/6204/7384 3844/6206/7384
f 3848/6158/7385 3621/6177/7385 3850/6159/7385
f 3872/6161/7386 3607/6232/7386 3854/6193/7386
f 3583/6204/7387 3897/6321/7387 3587/6170/7387
f 3583/6204/7388 3587/6170/7388 3581/6205/7388
f 3577/6257/7389 3902/6256/7389 3826/6234/7389
f 3821/6144/7390 3818/6146/7390 3571/6211/7390
f 3877/6145/7391 3821/6144/7391 3913/6287/7391
f 3877/6145/7392 3913/6287/7392 3896/6484/7392
f 3842/6498/7393 3681/6194/7393 3904/6196/7393
f 3574/6176/7394 3589/6260/7394 3909/6129/7394
f 3692/6489/7395 3828/6491/7395 3815/6312/7395
f 3899/6210/7396 3868/6239/7396 3601/6208/7396
f 3610/6190/7397 3908/6301/7397 3694/6173/7397
f 3873/6499/7398 3853/6313/7398 3852/6182/7398
f 3858/6500/7399 3886/6150/7399 3688/6293/7399
f 3600/6167/7400 3915/6294/7400 3832/6142/7400
f 3846/6195/7401 3857/6215/7401 3845/6214/7401
f 3579/6279/7402 3915/6294/7402 3833/6496/7402
f 3863/6201/7403 3575/6222/7403 3580/6216/7403
f 3874/6237/7404 3617/6501/7404 3900/6305/7404
f 3874/6237/7405 3900/6305/7405 3835/6265/7405
f 3843/6227/7406 3880/6133/7406 3873/6325/7406
f 3916/6160/7407 3850/6159/7407 3833/6496/7407
f 3571/6211/7408 3864/6272/7408 3573/6271/7408
f 3863/6201/7409 3611/6217/7409 3816/6229/7409
f 3570/6494/7410 3572/6183/7410 3906/6277/7410
f 3581/6205/7411 3584/6288/7411 3819/6273/7411
f 3682/6261/7412 3886/6150/7412 3829/6140/7412
f 3902/6219/7413 3900/6311/7413 3582/6220/7413
f 3684/6207/7414 3886/6150/7414 3858/6500/7414
f 3889/6264/7415 3838/6148/7415 3598/6147/7415
f 3876/6235/7416 3826/6234/7416 3604/6502/7416
f 3593/6274/7417 3584/6288/7417 3581/6205/7417
f 3586/6249/7418 3883/6166/7418 3827/6247/7418
f 3588/6299/7419 3618/6180/7419 3875/6179/7419
f 3894/6304/7420 3572/6183/7420 3578/6250/7420
f 3832/6142/7421 3856/6503/7422 3600/6167/7423
f 3895/6128/7424 3577/6257/7424 3869/6284/7424
f 3592/6255/7425 3605/6218/7425 3582/6220/7425
f 3574/6176/7426 3595/6175/7426 3589/6260/7426
f 3884/6136/7427 3689/6240/7427 3910/6242/7427
f 3824/6262/7428 3881/6298/7428 3586/6249/7428
f 3892/6169/7429 3882/6178/7429 3848/6158/7429
f 3573/6271/7430 3580/6216/7430 3575/6222/7430
f 3677/6435/7431 3578/6250/7431 3608/6157/7431
f 3590/6504/7432 3843/6227/7432 3873/6325/7432
f 3579/6279/7433 3851/6143/7433 3832/6142/7433
f 3852/6182/7434 3853/6313/7434 3828/6491/7434
f 3694/6173/7435 3620/6191/7435 3610/6190/7435
f 3904/6196/7436 3911/6188/7436 3842/6498/7436
f 3605/6218/7437 3891/6254/7437 3603/6248/7437 3827/6247/7437
f 3682/6261/7438 3864/6272/7438 3589/6260/7438
f 3834/6230/7439 3872/6161/7439 3878/6163/7439
f 3834/6230/7440 3607/6232/7440 3872/6161/7440
f 3575/6222/7441 3845/6214/7441 3901/6212/7441
f 3578/6250/7442 3572/6183/7442 3852/6182/7442
f 3889/6264/7443 3615/6302/7443 3905/6315/7443
f 3675/6263/7444 3819/6273/7444 3584/6288/7444
f 3899/6390/7445 3867/6353/7445 3650/6352/7445
f 3887/6290/7446 3609/6233/7446 3876/6235/7446
f 3678/6130/7447 3864/6272/7447 3571/6211/7447
f 3597/6292/7448 3680/6174/7448 3907/6221/7448
f 3871/6307/7449 3614/6280/7449 3862/6289/7449
f 3862/6289/7450 3594/6505/7450 3871/6307/7450
f 3907/6221/7451 3909/6129/7451 3869/6284/7451
f 3604/6297/7452 3883/6166/7452 3859/6165/7452
f 3590/6181/7453 3873/6499/7453 3852/6182/7453
f 3904/6196/7454 3885/6200/7454 3911/6188/7454
f 3887/6290/7455 3597/6292/7455 3609/6233/7455
f 3691/6506/7456 3859/6507/7456 3687/6508/7456
f 3595/6175/7457 3886/6150/7457 3682/6261/7457
f 3823/6189/6963 3911/6188/6962 3840/6509/7458
f 3596/6186/7459 3616/6300/7459 3849/6184/7459
f 3597/6292/7460 3679/6291/7460 3680/6174/7460
f 3601/6208/7461 3606/6246/7461 3855/6278/7461
f 3614/6280/7034 3820/6198/7033 3897/6321/7462
f 3860/6258/7463 3616/6300/7463 3914/6259/7463
f 3862/6289/7464 3884/6136/7464 3594/6505/7464
f 3840/6509/7465 3911/6188/7465 3885/6200/7465
f 3693/6323/7466 3616/6300/7466 3860/6258/7466
f 3600/6167/7423 3856/6503/7422 3591/6252/7467
f 3856/6285/7468 3821/6144/7468 3901/6212/7468
f 3592/6255/7469 3908/6301/7469 3830/6231/7469
f 3846/6195/7470 3845/6214/7470 3674/6223/7470
f 3602/6338/7471 3696/6340/7471 3685/6266/7471
f 3899/6210/7472 3695/6241/7472 3910/6242/7472
f 3588/6299/7473 3875/6179/7473 3888/6361/7473
f 3824/6262/7474 3599/6253/7474 3881/6298/7474
f 3675/6263/7475 3584/6288/7475 3870/6168/7475
f 3894/6304/7476 3578/6250/7476 3677/6435/7476
f 3677/6435/7477 3861/6434/7477 3894/6304/7477
f 3599/6253/7478 3824/6262/7478 3603/6248/7478
f 3893/6493/7479 3590/6181/7479 3572/6183/7479
f 3681/6194/7480 3842/6498/7480 3615/6510/7480
f 3611/6217/7481 3580/6216/7481 3573/6271/7481
f 3604/6511/7482 3859/6512/7482 3876/6513/7482
f 3815/6312/7483 3828/6491/7483 3853/6313/7483
f 3611/6217/7484 3829/6140/7484 3816/6229/7484
f 3589/6260/7485 3678/6130/7485 3909/6129/7485
f 3606/6246/7486 3890/6245/7486 3905/6315/7486
f 3819/6273/7487 3844/6206/7487 3581/6205/7487
f 3816/6229/7488 3829/6140/7488 3683/6365/7488
f 3859/6165/7489 3596/6186/7489 3687/6185/7489
f 3591/6213/7490 3856/6285/7490 3901/6212/7490
f 3577/6257/7491 3907/6221/7491 3869/6284/7491
f 3821/6144/7492 3856/6285/7492 3913/6287/7492
f 3888/6275/7026 3906/6277/7028 3917/6514/7493
f 3878/6163/7494 3893/6243/7494 3834/6230/7494
f 3887/6515/7495 3876/6516/7495 3691/6517/7495
f 3825/6224/7496 3835/6265/7496 3879/6131/7496
f 3609/6233/7497 3597/6292/7497 3907/6221/7497
f 3840/6509/7498 3885/6200/7498 3576/6202/7498
f 3906/6518/7499 3875/6179/7499 3822/6154/7499
f 3611/6217/7500 3682/6261/7500 3829/6140/7500
f 3860/6258/7501 3588/6299/7501 3693/6323/7501
f 3593/6274/7502 3587/6170/7502 3833/6496/7502
f 3865/6495/7503 3684/6207/7503 3624/6394/7503
f 3594/6283/7504 3831/6314/7504 3871/6519/7504
f 3831/6134/7505 3880/6133/7505 3614/6280/7505
f 3915/6294/7506 3593/6274/7506 3833/6496/7506
f 3915/6294/7507 3870/6168/7507 3593/6274/7507
f 3612/6155/7508 3839/6317/7508 3841/6156/7508
f 3911/6188/7509 3690/6306/7509 3842/6498/7509
f 3844/6206/7510 3689/6240/7510 3862/6289/7510
f 3906/6277/7511 3894/6304/7511 3917/6514/7511
f 3677/6435/7512 3608/6157/7512 3841/6156/7512
f 3822/6154/7513 3618/6180/7513 3898/6152/7513
f 3585/6238/7514 3819/6273/7515 3890/6245/7516
f 3691/6520/7517 3876/6521/7517 3859/6522/7517
f 3816/6229/7518 3686/6199/7518 3863/6201/7518
f 3613/6296/7519 3826/6295/7519 3902/6219/7519
f 3902/6219/7520 3605/6218/7520 3613/6296/7520
f 3870/6168/7521 3857/6149/7521 3838/6148/7521
f 3604/6297/7522 3613/6296/7522 3883/6166/7522
f 3846/6492/7523 3598/6147/7523 3857/6149/7523
f 3614/6280/7524 3897/6321/7524 3583/6204/7524
f 3850/6159/7525 3619/6225/7525 3851/6143/7525
f 3675/6263/7526 3890/6245/7516 3819/6273/7515
f 3594/6283/7527 3685/6282/7527 3696/6523/7527
f 3696/6523/7528 3815/6312/7528 3594/6283/7528
f 3893/6243/7529 3843/6251/7529 3590/6524/7529
f 3586/6249/7530 3912/6164/7530 3883/6166/7530
f 3896/6525/7531 3851/6143/7531 3619/6225/7531
f 3687/6185/7532 3633/6526/7532 3647/6342/7532 3691/6527/7532
f 3890/6245/7533 3889/6264/7533 3905/6315/7533
f 3828/6491/7534 3608/6157/6999 3852/6182/6998
f 3620/6326/7535 3896/6525/7535 3619/6225/7535
f 3822/6154/7536 3836/6153/7536 3570/6244/7536
f 3822/6154/7537 3570/6244/7537 3906/6518/7537
f 3881/6298/7538 3599/6253/7538 3898/6152/7538
f 3628/6368/7539 3636/6384/7539 3537/6070/7539 3814/6073/7539
f 3560/6355/7540 3676/6354/7540 3646/6528/7540 3762/6529/7540
f 3622/6530/7541 3816/6531/7541 3683/6532/7541
f 3623/6335/7542 3781/6063/7542 3659/6333/7542
f 3679/6533/7543 3887/6341/7543 3623/6343/7543
f 3602/6367/7544 3814/6073/7544 3527/6079/7544
f 3623/6335/7545 3647/6330/7545 3781/6063/7545
f 3624/6534/7546 3729/6106/7546 3755/6108/7546
f 3652/6356/7104 3560/6355/7103 3739/6069/7547
f 3807/6005/7548 3654/6093/7548 3849/6380/7548 3616/6445/7548
f 3676/6354/7549 3690/6535/7549 3646/6528/7549
f 3684/6207/7550 3858/6500/7550 3632/6536/7550 3729/6393/7550
f 3622/5953/7551 3639/6537/7551 3715/5954/7551
f 3628/6332/7552 3602/6338/7552 3685/6266/7552
f 3789/6038/7553 3813/6037/7553 3630/6439/7553
f 3630/6441/7554 3917/6440/7554 3894/6538/7554
f 3631/6377/7555 3658/6486/7555 3807/6375/7555
f 3847/6324/7556 3693/6323/7556 3631/6539/7556
f 3658/6486/7557 3631/6377/7557 3637/6359/7557 3661/6469/7557
f 3654/6093/7558 3533/6095/7088 3633/6331/7090
f 3633/6526/7559 3687/6185/7559 3849/6184/7559
f 3634/6437/7560 3677/6436/7560 3841/6540/7560
f 3637/6360/7561 3631/6539/7561 3693/6323/7561 3588/6299/7561
f 3749/6404/7562 3641/6403/7562 3635/6334/7562 3792/6473/7562
f 3635/6334/7563 3659/6333/7563 3792/6473/7563
f 3635/6336/7564 3680/6174/7564 3679/6291/7564
f 3636/6384/7565 3707/6383/7565 3537/6070/7565
f 3652/6356/7566 3867/6353/7566 3855/6357/7566
f 3637/6359/7567 3813/6037/7567 3661/6469/7567
f 3646/6528/7568 3649/6541/7568 3662/6542/7568 3795/6543/7568
f 3841/6156/7569 3839/6317/7569 3727/6544/7569 3634/6545/7569
f 3649/6541/7570 3646/6528/7570 3903/6546/7570
f 3903/6546/7571 3823/6547/7571 3649/6541/7571
f 3899/6390/7572 3529/6432/7572 3663/6391/7572
f 3639/6371/7573 3714/6370/7573 3715/6548/7573
f 3666/6549/7574 3640/6550/7574 3627/6363/7574 3806/6350/7574
f 3866/6396/7575 3612/6329/7575 3774/6328/7575
f 3627/6363/7576 3640/6550/7576 3576/6551/7576 3686/6552/7576
f 3840/6553/7577 3576/6551/7577 3640/6550/7577 3667/6554/7577
f 3688/6293/7578 3641/6389/7578 3632/6536/7578 3858/6500/7578
f 3629/6374/7579 3642/6373/7579 3697/6418/7579 3670/6417/7579
f 3756/6397/7580 3532/6555/7580 3645/6556/7580 3866/6396/7580
f 3638/6411/7581 3527/6079/7581 3671/5935/7581
f 3707/6383/7582 3643/6382/7582 3695/6557/7582 3663/6558/7582
f 3795/6543/7583 3762/6529/7583 3646/6528/7583
f 3690/6535/7584 3903/6546/7584 3646/6528/7584
f 3647/6342/7585 3887/6341/7585 3691/6527/7585
f 3673/6443/7586 3651/6442/7586 3634/6381/7586 3657/6112/7586
f 3643/6559/7587 3837/6560/7587 3695/6561/7587
f 3671/6562/7588 3712/6406/7588 3648/6405/7588
f 3823/6547/7589 3840/6563/7589 3649/6541/7589
f 3650/6352/7590 3543/6067/7590 3529/6432/7590
f 3861/6564/7591 3651/6565/7591 3630/6566/7591 3894/6567/7591
f 3626/6362/7592 3888/6361/7592 3917/6440/7592
f 3667/6568/7593 3662/6542/7593 3649/6541/7593
f 3667/6568/7594 3649/6541/7594 3840/6563/7594
