# Blender 4.0.2
# www.blender.org
mtllib Footballer3-bl.mtl
o Sphere.003
v 4.348058 0.034719 11.191860
v 4.216952 0.014764 11.234463
v 4.216951 0.034702 11.096601
v 4.315050 0.044296 11.099437
v 4.297976 0.034738 11.345982
v 4.375669 0.044322 11.286029
v 4.135925 0.034732 11.345983
v 4.216951 0.044331 11.401341
v 4.085842 0.034710 11.191859
v 4.058228 0.044312 11.286030
v 4.118850 0.044290 11.099435
v 4.066714 0.192615 10.889844
v 4.066720 0.087340 11.027685
v 4.020767 0.147399 10.964436
v 4.216926 0.245255 10.820916
v 4.118842 0.250513 10.829422
v 4.367138 0.192611 10.889839
v 4.315010 0.250511 10.829418
v 4.367132 0.087335 11.027683
v 4.413087 0.147394 10.964432
v 4.216926 0.034702 11.096601
v 4.315001 0.044287 11.099434
v 4.498225 0.192614 10.985083
v 4.497560 0.114553 11.143243
v 4.610186 0.245261 11.106647
v 4.571794 0.250515 11.015990
v 4.591048 0.192624 11.270802
v 4.632403 0.250521 11.202555
v 4.459957 0.087349 11.313391
v 4.534307 0.147409 11.337547
v 4.348003 0.034706 11.191835
v 4.375613 0.044297 11.285984
v 4.540971 0.192631 11.424894
v 4.459958 0.245278 11.568930
v 4.534308 0.250531 11.504406
v 4.297935 0.192641 11.601457
v 4.375614 0.250537 11.619694
v 4.216926 0.087362 11.489954
v 4.216926 0.147424 11.568125
v 4.297934 0.034716 11.345922
v 4.216926 0.044307 11.401274
v 4.135917 0.192643 11.601454
v 4.043494 0.114578 11.473133
v 3.973897 0.245283 11.568924
v 4.058239 0.250540 11.619689
v 3.892888 0.192639 11.424890
v 3.899551 0.250537 11.504399
v 3.973899 0.087357 11.313389
v 3.899552 0.147418 11.337544
v 4.135918 0.034719 11.345922
v 4.058241 0.044302 11.285984
v 3.842814 0.192633 11.270801
v 3.936296 0.114561 11.143245
v 3.823677 0.245269 11.106650
v 3.801461 0.250528 11.202556
v 3.935633 0.192621 10.985088
v 3.862067 0.250522 11.015996
v 4.085849 0.034710 11.191835
v 4.085812 0.330515 11.670385
v 4.216925 0.283484 11.669188
v 4.216925 0.415721 11.712990
v 4.118822 0.417473 11.703140
v 4.135895 0.192656 11.601460
v 4.058198 0.250571 11.619692
v 4.297956 0.192654 11.601462
v 4.348040 0.330513 11.670390
v 4.375655 0.250568 11.619698
v 4.315030 0.417473 11.703144
v 3.761765 0.330508 11.244448
v 3.803432 0.283479 11.368777
v 3.761771 0.415719 11.382313
v 3.740816 0.417470 11.285965
v 3.842802 0.192646 11.270782
v 3.801446 0.250560 11.202518
v 3.892889 0.192651 11.424911
v 3.842812 0.330512 11.493844
v 3.899560 0.250568 11.504439
v 3.801458 0.417472 11.472570
v 4.066730 0.330496 10.804609
v 3.961353 0.283463 10.882662
v 3.935602 0.415712 10.847218
v 4.020766 0.417464 10.797511
v 4.066728 0.192628 10.889827
v 4.118873 0.250544 10.829395
v 3.935612 0.192633 10.985097
v 3.854569 0.330501 10.958768
v 3.862032 0.250553 11.016018
v 3.862020 0.417465 10.912858
v 4.579292 0.330496 10.958760
v 4.472503 0.283459 10.882654
v 4.498255 0.415710 10.847209
v 4.571840 0.417463 10.912849
v 4.498246 0.192626 10.985091
v 4.571829 0.250546 11.016012
v 4.367125 0.192624 10.889823
v 4.367124 0.330494 10.804604
v 4.314979 0.250543 10.829391
v 4.413089 0.417462 10.797504
v 4.591049 0.330508 11.493852
v 4.630432 0.283472 11.368783
v 4.672096 0.415716 11.382318
v 4.632406 0.417469 11.472579
v 4.540970 0.192644 11.424916
v 4.534298 0.250563 11.504446
v 4.591060 0.192637 11.270783
v 4.672101 0.330502 11.244449
v 4.632419 0.250552 11.202518
v 4.693053 0.417467 11.285968
v 4.066700 0.500817 10.772078
v 4.216925 0.409617 10.756923
v 4.066707 0.330439 10.804639
v 4.020750 0.417379 10.797534
v 4.216926 0.586012 10.755793
v 4.118833 0.584260 10.765640
v 4.367153 0.500817 10.772072
v 4.315019 0.584261 10.765636
v 4.367146 0.330437 10.804634
v 4.413104 0.417378 10.797527
v 4.610220 0.500816 10.948679
v 4.671045 0.409620 11.086874
v 4.579256 0.330439 10.958748
v 4.571813 0.417379 10.912842
v 4.672119 0.586010 11.086523
v 4.632449 0.584260 10.996272
v 4.703048 0.500816 11.234425
v 4.693063 0.584258 11.182856
v 4.672080 0.330445 11.244479
v 4.693036 0.417382 11.285990
v 4.610190 0.500816 11.520148
v 4.497563 0.409627 11.620692
v 4.591049 0.330451 11.493814
v 4.632405 0.417385 11.472550
v 4.498229 0.586003 11.621605
v 4.571798 0.584253 11.555993
v 4.367134 0.500816 11.696720
v 4.413090 0.584252 11.671288
v 4.348004 0.330456 11.670379
v 4.315003 0.417388 11.703135
v 4.066719 0.500816 11.696714
v 3.936293 0.409629 11.620684
v 4.085848 0.330458 11.670374
v 4.118849 0.417389 11.703131
v 3.935629 0.586001 11.621597
v 4.020764 0.584250 11.671283
v 3.823672 0.500816 11.520140
v 3.862063 0.584251 11.555984
v 3.842812 0.330456 11.493806
v 3.801459 0.417387 11.472544
v 3.730822 0.500851 11.234385
v 3.762825 0.409663 11.086843
v 3.761774 0.330485 11.244440
v 3.740823 0.417419 11.285950
v 3.761763 0.586036 11.086498
v 3.740815 0.584285 11.182821
v 3.823657 0.500851 10.948668
v 3.801433 0.584285 10.996260
v 3.854607 0.330485 10.958728
v 3.862056 0.417419 10.912831
v 3.823666 0.245304 11.106612
v 3.862062 0.250560 11.015962
v 4.135856 0.967022 11.122852
v 4.216880 0.986991 11.234375
v 4.297911 0.967039 11.122849
v 4.216883 0.957439 11.067487
v 4.085779 0.967022 11.276974
v 4.058167 0.957427 11.182806
v 4.216882 0.967040 11.372231
v 4.118788 0.957439 11.369391
v 4.347993 0.967050 11.276976
v 4.314982 0.957459 11.369397
v 4.375610 0.957459 11.182802
v 4.540970 0.809125 11.043892
v 4.390356 0.887184 10.995649
v 4.459955 0.914407 11.155396
v 4.534306 0.854347 11.131239
v 4.459956 0.756478 10.899856
v 4.534307 0.751225 10.964380
v 4.297933 0.809114 10.867330
v 4.375612 0.751219 10.849092
v 4.216923 0.914393 10.978832
v 4.216923 0.854331 10.900661
v 4.297932 0.967039 11.122863
v 4.216923 0.957448 11.067513
v 4.135915 0.809111 10.867332
v 4.043492 0.887177 10.995653
v 3.973896 0.756472 10.899864
v 4.058238 0.751215 10.849098
v 3.892887 0.809115 11.043898
v 3.899549 0.751217 10.964388
v 3.973897 0.914397 11.155397
v 3.899550 0.854336 11.131242
v 4.135915 0.967035 11.122864
v 4.058239 0.957452 11.182802
v 3.842813 0.809120 11.197987
v 3.936295 0.887192 11.325541
v 3.823676 0.756486 11.362136
v 3.801461 0.751226 11.266230
v 3.935631 0.809133 11.483697
v 3.862066 0.751232 11.452789
v 4.066719 0.914415 11.441101
v 4.020766 0.854355 11.504351
v 4.085847 0.967044 11.276951
v 4.118848 0.957464 11.369351
v 4.066712 0.809139 11.578942
v 4.216922 0.887209 11.529442
v 4.216923 0.756500 11.647870
v 4.118840 0.751241 11.639364
v 4.367136 0.809144 11.578947
v 4.315008 0.751244 11.639368
v 4.367130 0.914421 11.441104
v 4.413085 0.854362 11.504356
v 4.216923 0.967053 11.372186
v 4.315000 0.957468 11.369352
v 4.498223 0.809142 11.483705
v 4.497559 0.887204 11.325544
v 4.610185 0.756495 11.362141
v 4.571792 0.751241 11.452797
v 4.591047 0.809132 11.197985
v 4.632402 0.751235 11.266232
v 4.348001 0.967050 11.276952
v 4.066728 0.671259 11.664177
v 3.961352 0.718291 11.586124
v 3.935601 0.586043 11.621569
v 4.020764 0.584291 11.671274
v 4.066727 0.809127 11.578959
v 4.118872 0.751210 11.639391
v 3.935611 0.809121 11.483689
v 3.854569 0.671254 11.510018
v 3.862031 0.751201 11.452768
v 3.862020 0.584289 11.555927
v 4.579291 0.671260 11.510027
v 4.472501 0.718297 11.586133
v 4.498253 0.586045 11.621578
v 4.571839 0.584292 11.555938
v 4.498244 0.809129 11.483696
v 4.571828 0.751209 11.452776
v 4.367123 0.809131 11.578964
v 4.367121 0.671262 11.664183
v 4.314977 0.751213 11.639395
v 4.413087 0.584293 11.671283
v 4.591048 0.671248 10.974934
v 4.630432 0.718284 11.100004
v 4.672096 0.586040 11.086468
v 4.632406 0.584286 10.996207
v 4.540969 0.809112 11.043870
v 4.534297 0.751193 10.964340
v 4.591059 0.809119 11.198004
v 4.672101 0.671254 11.224339
v 4.632418 0.751204 11.266270
v 4.693053 0.584288 11.182819
v 4.085810 0.671240 10.798401
v 4.216922 0.718271 10.799599
v 4.216923 0.586034 10.755796
v 4.118820 0.584282 10.765647
v 4.135893 0.809099 10.867327
v 4.058196 0.751184 10.849094
v 4.297954 0.809101 10.867324
v 4.348038 0.671242 10.798395
v 4.375653 0.751188 10.849089
v 4.315027 0.584282 10.765642
v 3.761765 0.671247 11.224339
v 3.803431 0.718275 11.100010
v 3.761771 0.586036 11.086474
v 3.842801 0.809108 11.198005
v 3.801445 0.751194 11.266269
v 3.892888 0.809103 11.043876
v 3.842812 0.671242 10.974943
v 3.899559 0.751186 10.964348
v 3.801457 0.584283 10.996217
v 4.610190 0.500939 10.948637
v 4.591049 0.671305 10.974972
v 4.632405 0.584371 10.996235
v 4.498227 0.415752 10.847180
v 4.571797 0.417501 10.912792
v 4.367132 0.500939 10.772066
v 4.413088 0.417503 10.797497
v 4.348002 0.671299 10.798407
v 4.315001 0.584367 10.765652
v 4.066716 0.500939 10.772072
v 4.085846 0.671297 10.798412
v 4.118847 0.584366 10.765656
v 3.935627 0.415754 10.847191
v 4.020762 0.417505 10.797504
v 3.823672 0.500939 10.948647
v 3.862062 0.417504 10.912804
v 3.842812 0.671299 10.974981
v 3.801458 0.584368 10.996244
v 3.730822 0.500938 11.234362
v 3.761787 0.671303 11.224308
v 3.740832 0.584369 11.182798
v 3.761748 0.415748 11.382257
v 3.740806 0.417500 11.285929
v 3.823642 0.500938 11.520098
v 3.801415 0.417498 11.472506
v 3.854605 0.671311 11.510030
v 3.862047 0.584374 11.555935
v 4.066698 0.500938 11.696708
v 4.066705 0.671316 11.664146
v 4.020748 0.584376 11.671251
v 4.216923 0.415743 11.712994
v 4.118831 0.417494 11.703146
v 4.367151 0.500938 11.696714
v 4.315017 0.417494 11.703150
v 4.367144 0.671318 11.664153
v 4.413102 0.584377 11.671259
v 4.610242 0.500904 11.520077
v 4.579288 0.671283 11.510015
v 4.571843 0.584343 11.555921
v 4.672124 0.415716 11.382231
v 4.632462 0.417465 11.472481
v 4.703048 0.500904 11.234338
v 4.693060 0.417469 11.285904
v 4.672094 0.671270 11.224283
v 4.693040 0.584335 11.182776
v 4.610217 0.756460 11.362116
v 4.632427 0.751197 11.266207
v 4.119792 0.052389 11.103566
v 4.068136 0.199263 10.895953
v 4.216925 0.121810 10.944892
v 4.068142 0.094983 11.032491
v 4.022652 0.154507 10.969864
v 4.216926 0.251405 10.827678
v 4.119784 0.256630 10.836147
v 4.365717 0.199259 10.895949
v 4.314068 0.256629 10.836144
v 4.365711 0.094979 11.032488
v 4.411202 0.154502 10.969860
v 4.216926 0.042844 11.100754
v 4.314060 0.052385 11.103565
v 4.455982 0.094992 11.310337
v 4.529592 0.154517 11.334263
v 4.372422 0.052395 11.283195
v 4.536231 0.199279 11.420786
v 4.387097 0.121836 11.468648
v 4.455984 0.251427 11.563458
v 4.529593 0.256648 11.499517
v 4.295493 0.199289 11.595678
v 4.372423 0.256653 11.613698
v 4.215250 0.095006 11.485230
v 4.215260 0.154531 11.562624
v 4.295493 0.042858 11.342562
v 4.215260 0.052405 11.397377
v 4.454946 0.753178 10.906752
v 4.528561 0.747943 10.970686
v 4.371391 0.747937 10.856505
v 3.978906 0.753172 10.906760
v 4.062458 0.747933 10.856511
v 3.905295 0.747935 10.970693
v 3.831782 0.753186 11.359503
v 3.809815 0.747944 11.264507
v 3.869839 0.747950 11.449274
v 4.216923 0.753200 11.639346
v 4.119783 0.747959 11.630886
v 4.314065 0.747962 11.630890
v 4.564055 0.747928 11.449261
v 4.603759 0.500057 10.955072
v 4.492285 0.590413 10.855356
v 4.584798 0.668811 10.981157
v 4.625717 0.582692 11.002234
v 4.492855 0.415675 10.854574
v 4.565692 0.417426 10.919594
v 4.363001 0.500057 10.780170
v 4.408508 0.417428 10.805406
v 4.344051 0.668805 10.806263
v 4.311363 0.582688 10.773867
v 4.070848 0.500057 10.780177
v 3.941568 0.590410 10.855368
v 4.089797 0.668803 10.806269
v 4.122486 0.582687 10.773871
v 3.940999 0.415678 10.854585
v 4.025343 0.417429 10.805413
v 3.830103 0.500057 10.955082
v 3.868167 0.417428 10.919604
v 3.849062 0.668805 10.981167
v 3.808147 0.582689 11.002243
v 3.739807 0.500057 11.232937
v 3.771360 0.590416 11.379132
v 3.770479 0.668810 11.222979
v 3.749770 0.582690 11.181877
v 3.770440 0.415672 11.379434
v 3.749744 0.417425 11.284017
v 3.831749 0.500057 11.515969
v 3.809770 0.417422 11.468801
v 3.862419 0.668817 11.505998
v 3.869819 0.582695 11.551429
v 4.068119 0.500056 11.687722
v 4.216923 0.590422 11.702886
v 4.068127 0.668822 11.655469
v 4.022634 0.582697 11.662467
v 4.216923 0.415667 11.703854
v 4.119773 0.417419 11.694055
v 4.365730 0.500056 11.687729
v 4.314075 0.417418 11.694059
v 4.365722 0.668824 11.655476
v 4.411218 0.582698 11.662475
v 4.602135 0.500023 11.515949
v 4.662524 0.590381 11.379108
v 4.571474 0.668790 11.505983
v 4.564069 0.582664 11.551414
v 4.663432 0.415640 11.379408
v 4.624106 0.417390 11.468776
v 4.694063 0.500023 11.232914
v 4.684123 0.417394 11.283992
v 4.663402 0.668777 11.222955
v 4.684103 0.582656 11.181855
v 4.602109 0.753161 11.359483
v 4.624072 0.747916 11.264484
vn 0.1025 -0.9847 -0.1409
vn 0.1658 -0.9847 0.0540
vn -0.0000 -0.9847 0.1745
vn -0.1658 -0.9847 0.0540
vn -0.1024 -0.9847 -0.1409
vn -0.8423 -0.4516 0.2941
vn 0.5086 0.4536 0.7318
vn 0.1823 0.5009 0.8461
vn 0.3498 -0.9321 0.0941
vn -0.0194 0.9998 -0.0050
vn 0.5388 -0.4321 -0.7232
vn 0.5012 -0.7776 -0.3796
vn 0.6680 -0.6693 -0.3254
vn 0.7317 -0.6692 -0.1293
vn 0.6286 -0.7776 0.0126
vn 0.4618 -0.8860 -0.0416
vn 0.3981 -0.8860 -0.2377
vn 0.5086 -0.4517 -0.7330
vn -0.2278 -0.9321 -0.2817
vn -0.0125 -0.4332 0.9012
vn -0.8610 -0.4332 0.2665
vn 0.8423 -0.4516 0.2941
vn 0.8423 -0.4650 0.2726
vn -0.1823 -0.7776 0.6018
vn -0.3491 -0.6692 0.6560
vn -0.5159 -0.6692 0.5348
vn -0.5159 -0.7776 0.3594
vn -0.3491 -0.8860 0.3052
vn -0.1823 -0.8860 0.4264
vn -0.6286 -0.7776 0.0126
vn -0.7317 -0.6692 -0.1293
vn -0.6680 -0.6692 -0.3254
vn -0.5012 -0.7776 -0.3796
vn -0.3981 -0.8860 -0.2377
vn -0.4618 -0.8860 -0.0416
vn -0.1025 -0.3142 0.9438
vn -0.1658 -0.4885 0.8566
vn -0.0000 -0.5963 0.8028
vn 0.1658 -0.4885 0.8566
vn 0.1025 -0.3142 0.9438
vn -0.9293 -0.3142 0.1942
vn -0.8659 -0.4886 0.1071
vn -0.7635 -0.5963 0.2481
vn -0.7634 -0.4885 0.4225
vn -0.8659 -0.3142 0.3892
vn -0.4719 -0.3142 -0.8238
vn -0.3694 -0.4886 -0.7905
vn -0.4719 -0.5963 -0.6494
vn -0.6377 -0.4886 -0.5955
vn -0.6377 -0.3142 -0.7033
vn 0.6377 -0.3142 -0.7033
vn 0.6377 -0.4886 -0.5955
vn 0.4718 -0.5963 -0.6494
vn 0.3694 -0.4886 -0.7905
vn 0.4719 -0.3142 -0.8238
vn 0.8659 -0.3142 0.3892
vn 0.7634 -0.4886 0.4225
vn 0.7634 -0.5963 0.2481
vn 0.8659 -0.4886 0.1071
vn 0.9293 -0.3142 0.1943
vn -0.2062 -0.1837 -0.9611
vn -0.1031 -0.0083 -0.9946
vn 0.1031 -0.0083 -0.9946
vn 0.2062 -0.1837 -0.9611
vn 0.1031 -0.3591 -0.9276
vn -0.1031 -0.3591 -0.9276
vn 0.8504 -0.1837 -0.4931
vn 0.9141 -0.0083 -0.4054
vn 0.9778 -0.0083 -0.2092
vn 0.9778 -0.1837 -0.1008
vn 0.9141 -0.3591 -0.1885
vn 0.8504 -0.3591 -0.3846
vn 0.7317 -0.1837 0.6564
vn 0.6680 -0.0083 0.7441
vn 0.5012 -0.0083 0.8653
vn 0.3981 -0.1837 0.8988
vn 0.4618 -0.3591 0.8111
vn 0.6286 -0.3591 0.6899
vn -0.3981 -0.1837 0.8988
vn -0.5012 -0.0083 0.8653
vn -0.6680 -0.0083 0.7441
vn -0.7317 -0.1837 0.6564
vn -0.6286 -0.3591 0.6899
vn -0.4618 -0.3591 0.8111
vn -0.9778 -0.1836 -0.1009
vn -0.9778 -0.0082 -0.2093
vn -0.9141 -0.0082 -0.4054
vn -0.8504 -0.1836 -0.4931
vn -0.8504 -0.3590 -0.3847
vn -0.9141 -0.3590 -0.1886
vn -0.0001 0.9847 -0.1744
vn -0.1659 0.9847 -0.0539
vn -0.1026 0.9847 0.1410
vn 0.1024 0.9847 0.1410
vn 0.1657 0.9847 -0.0539
vn 0.5159 0.7776 -0.3594
vn 0.5159 0.6692 -0.5348
vn 0.3491 0.6692 -0.6560
vn 0.1823 0.7776 -0.6018
vn 0.1823 0.8860 -0.4264
vn 0.3491 0.8860 -0.3052
vn -0.1823 0.7776 -0.6018
vn -0.3491 0.6692 -0.6560
vn -0.5159 0.6692 -0.5348
vn -0.5159 0.7776 -0.3594
vn -0.3491 0.8860 -0.3052
vn -0.1823 0.8860 -0.4264
vn -0.6286 0.7776 -0.0126
vn -0.7317 0.6692 0.1293
vn -0.6680 0.6692 0.3254
vn -0.5012 0.7776 0.3796
vn -0.3981 0.8860 0.2377
vn -0.4618 0.8860 0.0416
vn -0.2062 0.7776 0.5939
vn -0.1031 0.6693 0.7358
vn 0.1031 0.6693 0.7358
vn 0.2062 0.7777 0.5939
vn 0.1031 0.8860 0.4520
vn -0.1031 0.8860 0.4520
vn 0.5012 0.7777 0.3796
vn 0.6680 0.6693 0.3254
vn 0.7317 0.6693 0.1293
vn 0.6286 0.7776 -0.0126
vn 0.4618 0.8860 0.0416
vn 0.3981 0.8860 0.2377
vn -0.4719 0.3142 0.8238
vn -0.3694 0.4886 0.7905
vn -0.4719 0.5963 0.6494
vn -0.6377 0.4886 0.5955
vn -0.6377 0.3142 0.7033
vn 0.6377 0.3142 0.7033
vn 0.6377 0.4886 0.5955
vn 0.4718 0.5963 0.6494
vn 0.3694 0.4886 0.7905
vn 0.4719 0.3142 0.8238
vn 0.8659 0.3142 -0.3892
vn 0.7634 0.4886 -0.4225
vn 0.7634 0.5963 -0.2481
vn 0.8659 0.4886 -0.1071
vn 0.9293 0.3142 -0.1943
vn -0.1025 0.3142 -0.9438
vn -0.1658 0.4885 -0.8566
vn -0.0000 0.5963 -0.8028
vn 0.1658 0.4885 -0.8566
vn 0.1025 0.3142 -0.9438
vn -0.9293 0.3142 -0.1942
vn -0.8659 0.4886 -0.1071
vn -0.7635 0.5963 -0.2481
vn -0.7635 0.4885 -0.4225
vn -0.8659 0.3142 -0.3892
vn 0.0128 0.9998 0.0155
vn -0.8532 -0.4332 0.2904
vn 0.5212 -0.4650 -0.7156
vn 0.8610 0.1452 -0.4875
vn 0.8610 -0.4320 0.2684
vn -0.8610 0.1453 -0.4875
vn 0.0187 -0.9320 0.3619
vn -0.5195 -0.4333 -0.7365
vn 0.6333 0.5327 -0.5614
vn -0.0187 -0.7403 0.6720
vn -0.8610 -0.4320 0.2684
vn -0.4101 0.1453 0.9004
vn -0.0187 0.9998 -0.0074
vn -0.8423 -0.4650 0.2726
vn -0.3799 0.1649 0.9102
vn 0.0187 0.9998 -0.0073
vn 0.8423 0.1649 -0.5132
vn 0.8423 0.5327 0.0819
vn 0.0012 0.9998 -0.0200
vn 0.3381 0.5327 -0.7758
vn 0.5194 -0.4333 -0.7365
vn 0.3383 -0.9321 0.1296
vn 0.0108 0.9998 0.0169
vn -0.8417 -0.4650 0.2746
vn -0.8423 0.1649 -0.5132
vn -0.8423 0.5327 0.0819
vn 0.5399 -0.4332 -0.7217
vn 0.7483 0.5009 0.4349
vn 0.8417 -0.4650 0.2745
vn -0.6334 0.5327 -0.5613
vn -0.2072 -0.7775 -0.5938
vn -0.1036 -0.6686 -0.7364
vn 0.1036 -0.6686 -0.7364
vn 0.2071 -0.7775 -0.5938
vn 0.1036 -0.8864 -0.4512
vn -0.1036 -0.8864 -0.4512
vn 0.5166 -0.7775 0.3587
vn 0.5166 -0.6685 0.5349
vn 0.3490 -0.6685 0.6567
vn 0.1814 -0.7774 0.6022
vn 0.1814 -0.8863 0.4260
vn 0.3490 -0.8863 0.3043
vn 0.7324 0.1836 -0.6557
vn 0.6684 0.0074 -0.7438
vn 0.5008 0.0074 -0.8656
vn 0.3972 0.1836 -0.8992
vn 0.4612 0.3599 -0.8111
vn 0.6288 0.3599 -0.6893
vn -0.3972 0.1836 -0.8992
vn -0.5008 0.0074 -0.8655
vn -0.6684 0.0074 -0.7438
vn -0.7324 0.1836 -0.6557
vn -0.6288 0.3598 -0.6893
vn -0.4612 0.3598 -0.8110
vn -0.9779 0.1836 0.0998
vn -0.9779 0.0074 0.2088
vn -0.9139 0.0074 0.4058
vn -0.8499 0.1836 0.4939
vn -0.8499 0.3599 0.3850
vn -0.9139 0.3599 0.1880
vn -0.2072 0.1837 0.9609
vn -0.1036 0.0074 0.9946
vn 0.1036 0.0074 0.9946
vn 0.2072 0.1837 0.9609
vn 0.1036 0.3599 0.9272
vn -0.1036 0.3599 0.9272
vn 0.8499 0.1836 0.4939
vn 0.9140 0.0073 0.4058
vn 0.9779 0.0073 0.2087
vn 0.9779 0.1836 0.0998
vn 0.9139 0.3598 0.1879
vn 0.8499 0.3598 0.3849
vn 0.8610 -0.4332 0.2666
vn -0.0108 0.9998 0.0169
vn -0.1976 -0.9321 -0.3037
vn 0.0010 -0.4650 0.8853
vn 0.5194 -0.4650 -0.7169
vn -0.5399 -0.4333 -0.7216
vn -0.7483 0.5009 0.4349
vn -0.0127 0.9998 0.0155
vn 0.0187 0.4535 -0.8911
vn 0.9831 0.1649 -0.0799
vn 0.8532 -0.4332 0.2904
vn 0.0125 -0.4332 0.9012
vn -0.3382 0.5327 -0.7758
vn 0.0194 0.9998 -0.0050
vn 0.1976 -0.9321 -0.3037
vn -0.1823 0.5327 0.8264
vn -0.8543 -0.4320 0.2890
vn -0.7296 0.5327 0.4289
vn 0.3497 0.5009 -0.7917
vn -0.3384 -0.9320 0.1296
vn -0.8610 0.5009 0.0880
vn -0.3497 0.5009 -0.7917
vn -0.1822 0.5009 0.8461
vn -0.6449 0.5009 -0.5772
vn -0.4101 -0.7403 -0.5327
vn -0.5212 -0.4650 -0.7156
vn -0.3799 -0.7403 -0.5546
vn -0.5195 -0.4650 -0.7169
vn -0.8543 -0.4516 0.2572
vn -0.0187 -0.9320 0.3619
vn 0.7296 0.5327 0.4288
vn 0.8610 0.5009 0.0880
vn -0.0010 -0.4650 0.8853
vn 0.2278 -0.9321 -0.2817
vn -0.3499 -0.9321 0.0941
vn 0.0187 -0.7403 0.6720
vn 0.9831 0.1452 -0.1117
vn -0.0012 0.9998 -0.0200
vn 0.1823 0.5327 0.8264
vn -0.0187 0.4535 -0.8911
vn 0.5388 0.4536 0.7099
vn 0.6448 0.5009 -0.5773
vt 0.892115 0.477571
vt 0.876290 0.432455
vt 0.920205 0.431029
vt 0.920937 0.465137
vt 0.846667 0.462460
vt 0.865914 0.488652
vt 0.846666 0.406582
vt 0.831910 0.435538
vt 0.892115 0.387154
vt 0.865913 0.379194
vt 0.920937 0.397484
vt 0.820452 0.979050
vt 0.816280 0.950172
vt 0.819335 0.949890
vt 0.823481 0.978486
vt 0.110198 0.778485
vt 0.111905 0.744955
vt 0.113916 0.744647
vt 0.112219 0.777859
vt 0.223559 0.977657
vt 0.214359 0.952208
vt 0.217362 0.952046
vt 0.226490 0.977246
vt 0.239545 0.523107
vt 0.232885 0.553135
vt 0.230100 0.553133
vt 0.236708 0.523390
vt 0.475904 0.962229
vt 0.472956 0.928860
vt 0.475879 0.928720
vt 0.478811 0.961766
vt 0.802177 0.888767
vt 0.813492 0.861488
vt 0.816280 0.861932
vt 0.805058 0.888945
vt 0.771574 0.241618
vt 0.774135 0.180714
vt 0.818878 0.213142
vt 0.801603 0.241618
vt 0.732219 0.211881
vt 0.745018 0.240795
vt 0.740171 0.153669
vt 0.724513 0.183367
vt 0.787474 0.125197
vt 0.760592 0.126767
vt 0.826826 0.154933
vt 0.817173 0.127593
vt 0.837679 0.185016
vt 0.797375 0.917152
vt 0.800317 0.917062
vt 0.226491 0.893135
vt 0.232653 0.862036
vt 0.235678 0.862628
vt 0.229559 0.893424
vt 0.350616 0.850389
vt 0.347309 0.816471
vt 0.350391 0.816471
vt 0.353681 0.850062
vt 0.481830 0.830192
vt 0.485593 0.860856
vt 0.482583 0.860599
vt 0.478842 0.830225
vt 0.573197 0.970808
vt 0.570711 0.998685
vt 0.567709 0.998099
vt 0.570185 0.970495
vt 0.237377 0.744649
vt 0.240458 0.772277
vt 0.237429 0.772590
vt 0.234363 0.745233
vt 0.137026 0.657757
vt 0.178150 0.693242
vt 0.122651 0.713290
vt 0.115127 0.683220
vt 0.187659 0.633583
vt 0.157575 0.631175
vt 0.223916 0.664942
vt 0.214311 0.635866
vt 0.209541 0.720476
vt 0.228599 0.692604
vt 0.158908 0.744649
vt 0.186150 0.744649
vt 0.129415 0.739957
vt 0.923107 0.830621
vt 0.967524 0.802844
vt 0.951117 0.859720
vt 0.927925 0.858148
vt 0.931309 0.771669
vt 0.914990 0.800655
vt 0.967524 0.741817
vt 0.943992 0.742669
vt 0.925273 0.587939
vt 0.967076 0.557863
vt 0.967076 0.618824
vt 0.939877 0.617273
vt 0.918343 0.529375
vt 0.908057 0.558866
vt 0.953213 0.501695
vt 0.926301 0.502553
vt 0.798788 0.278065
vt 0.785410 0.323778
vt 0.747297 0.296793
vt 0.766900 0.269383
vt 0.832042 0.322548
vt 0.830307 0.288655
vt 0.801107 0.368768
vt 0.832042 0.356519
vt 0.748732 0.352852
vt 0.769710 0.379194
vt 0.729447 0.325341
vt 0.895519 0.358356
vt 0.879663 0.315502
vt 0.924972 0.311210
vt 0.925385 0.344321
vt 0.847867 0.349236
vt 0.867693 0.372772
vt 0.847869 0.296456
vt 0.832042 0.326457
vt 0.895520 0.272954
vt 0.867695 0.269383
vt 0.925385 0.280420
vt 0.257658 0.967372
vt 0.291684 0.934192
vt 0.299055 0.966785
vt 0.271805 0.983447
vt 0.257660 0.918401
vt 0.240833 0.947244
vt 0.299055 0.887551
vt 0.271808 0.887522
vt 0.238420 0.315291
vt 0.206403 0.314364
vt 0.220120 0.269225
vt 0.240533 0.281285
vt 0.220118 0.359938
vt 0.240533 0.349158
vt 0.498464 0.906092
vt 0.524255 0.938584
vt 0.498461 0.961386
vt 0.485593 0.931347
vt 0.539756 0.894434
vt 0.516492 0.881255
vt 0.565274 0.942518
vt 0.566479 0.908509
vt 0.539755 0.983898
vt 0.566479 0.975446
vt 0.516488 0.989565
vt 0.641692 0.980303
vt 0.625888 0.936903
vt 0.669474 0.942706
vt 0.670270 0.973748
vt 0.596741 0.955257
vt 0.615850 0.983137
vt 0.596740 0.902182
vt 0.582217 0.924688
vt 0.641690 0.894422
vt 0.615847 0.879170
vt 0.670270 0.909489
vt 0.918251 0.979959
vt 0.947603 0.927791
vt 0.963105 0.979257
vt 0.938658 0.995461
vt 0.895821 0.928337
vt 0.894723 0.962214
vt 0.918250 0.876013
vt 0.894722 0.894340
vt 0.963105 0.875315
vt 0.938657 0.859720
vt 0.722996 0.826647
vt 0.677258 0.823390
vt 0.704271 0.772924
vt 0.724644 0.792574
vt 0.704272 0.876520
vt 0.724644 0.860215
vt 0.356612 0.713380
vt 0.412739 0.721625
vt 0.384426 0.764230
vt 0.357580 0.744115
vt 0.386581 0.666952
vt 0.358987 0.680595
vt 0.444362 0.671379
vt 0.416285 0.653170
vt 0.472171 0.722230
vt 0.472171 0.689266
vt 0.442204 0.768653
vt 0.470761 0.752781
vt 0.413469 0.780205
vt 0.975577 0.694049
vt 0.933192 0.682709
vt 0.958803 0.637419
vt 0.977467 0.660563
vt 0.958802 0.737660
vt 0.977467 0.726018
vt 0.862271 0.621938
vt 0.891875 0.569776
vt 0.908057 0.621204
vt 0.883204 0.637419
vt 0.839380 0.570341
vt 0.838362 0.604206
vt 0.862273 0.518010
vt 0.838364 0.536347
vt 0.908057 0.517271
vt 0.883206 0.501695
vt 0.133898 0.545531
vt 0.186180 0.573524
vt 0.140775 0.601838
vt 0.122471 0.573682
vt 0.173908 0.520967
vt 0.144105 0.520876
vt 0.220795 0.552715
vt 0.200845 0.525566
vt 0.034329 0.951531
vt 0.046221 1.000000
vt 0.000000 1.000000
vt 0.008380 0.968423
vt 0.227668 0.609023
vt 0.444548 0.540831
vt 0.412940 0.591918
vt 0.386680 0.537162
vt 0.416410 0.522849
vt 0.472348 0.592562
vt 0.472348 0.559023
vt 0.442279 0.640625
vt 0.470867 0.624185
vt 0.384411 0.636954
vt 0.413446 0.653170
vt 0.356612 0.585224
vt 0.357510 0.616996
vt 0.358992 0.551837
vt 0.745364 0.778460
vt 0.778366 0.807904
vt 0.745361 0.834376
vt 0.728943 0.805687
vt 0.794167 0.762562
vt 0.765460 0.751956
vt 0.824329 0.808651
vt 0.824542 0.774544
vt 0.794166 0.853037
vt 0.824542 0.842239
vt 0.765456 0.861488
vt 0.044977 0.744647
vt 0.063567 0.693231
vt 0.096028 0.720470
vt 0.072690 0.744647
vt 0.007869 0.713284
vt 0.015125 0.739956
vt 0.021813 0.657746
vt 0.000000 0.683212
vt 0.072862 0.633570
vt 0.042438 0.631163
vt 0.109970 0.664931
vt 0.100000 0.635854
vt 0.115127 0.692595
vt 0.025584 0.601827
vt 0.071641 0.573515
vt 0.019184 0.545526
vt 0.007388 0.573674
vt 0.060063 0.520968
vt 0.029902 0.520876
vt 0.107341 0.552712
vt 0.087465 0.525568
vt 0.024761 0.361177
vt 0.005494 0.318197
vt 0.057163 0.312034
vt 0.051721 0.342156
vt 0.113741 0.609013
vt 0.095619 0.274803
vt 0.115091 0.318189
vt 0.064562 0.285760
vt 0.152866 0.286711
vt 0.127051 0.269225
vt 0.171656 0.335854
vt 0.176701 0.309089
vt 0.133197 0.373086
vt 0.163858 0.365489
vt 0.075952 0.361174
vt 0.101366 0.382021
vt 0.186818 0.389139
vt 0.147549 0.432265
vt 0.198353 0.446568
vt 0.206403 0.413469
vt 0.156264 0.487941
vt 0.186452 0.477983
vt 0.102643 0.471883
vt 0.123956 0.494512
vt 0.091111 0.414457
vt 0.081416 0.446529
vt 0.114437 0.520876
vt 0.058005 0.502774
vt 0.941621 0.328610
vt 0.977386 0.295777
vt 0.977386 0.356768
vt 0.954149 0.357016
vt 0.933335 0.269383
vt 0.925385 0.299956
vt 0.007726 0.471884
vt 0.019516 0.520876
vt 0.000000 0.494513
vt 0.049288 0.447389
vt 0.019440 0.446531
vt 0.395022 0.888465
vt 0.379872 0.933251
vt 0.356612 0.915604
vt 0.373732 0.886513
vt 0.418760 0.925294
vt 0.420232 0.893765
vt 0.395024 0.975191
vt 0.420232 0.958654
vt 0.356615 0.969205
vt 0.373736 0.991508
vt 0.478811 0.780205
vt 0.478811 0.827186
vt 0.451429 0.820055
vt 0.458413 0.786728
vt 0.237214 0.403630
vt 0.206403 0.405739
vt 0.219835 0.359938
vt 0.239417 0.369888
vt 0.219837 0.450532
vt 0.239417 0.437672
vt 0.998137 0.909520
vt 0.963105 0.902490
vt 0.977495 0.859720
vt 1.000000 0.875766
vt 0.977493 0.948265
vt 1.000000 0.942014
vt 0.206403 0.450532
vt 0.240563 0.458193
vt 0.240563 0.494311
vt 0.215080 0.479424
vt 0.304573 0.883038
vt 0.288719 0.839847
vt 0.334132 0.843468
vt 0.334518 0.874903
vt 0.256747 0.860336
vt 0.276617 0.887522
vt 0.256746 0.806736
vt 0.240833 0.830434
vt 0.304572 0.796309
vt 0.276614 0.782527
vt 0.334518 0.810009
vt 0.748604 0.405587
vt 0.785178 0.434644
vt 0.747274 0.461646
vt 0.729447 0.433107
vt 0.800911 0.389589
vt 0.769580 0.379194
vt 0.831910 0.435758
vt 0.831910 0.401768
vt 0.798762 0.480292
vt 0.830302 0.469633
vt 0.766976 0.489004
vt 0.897883 0.091015
vt 0.882068 0.047800
vt 0.925826 0.042911
vt 0.926589 0.076450
vt 0.852672 0.081714
vt 0.871853 0.105482
vt 0.852673 0.027866
vt 0.838028 0.058233
vt 0.897884 0.003883
vt 0.871855 0.000000
vt 0.926589 0.011255
vt 0.211785 0.925599
vt 0.214358 0.893183
vt 0.217362 0.893580
vt 0.214829 0.925688
vt 0.474249 0.711721
vt 0.472171 0.679041
vt 0.474966 0.679249
vt 0.477008 0.711618
vt 0.226490 0.952416
vt 0.226892 0.925301
vt 0.229972 0.925285
vt 0.229559 0.952145
vt 0.573197 0.910860
vt 0.569468 0.941586
vt 0.566479 0.941549
vt 0.570185 0.911115
vt 0.818518 0.920070
vt 0.816281 0.890156
vt 0.819335 0.890442
vt 0.821566 0.920073
vt 0.754588 0.734353
vt 0.729593 0.711902
vt 0.731198 0.710159
vt 0.755944 0.732407
vt 0.111965 0.851505
vt 0.108041 0.879713
vt 0.105434 0.880048
vt 0.109310 0.852116
vt 0.969997 0.637328
vt 0.967076 0.603475
vt 0.969419 0.603401
vt 0.972327 0.636928
vt 0.723105 0.913128
vt 0.726016 0.879170
vt 0.728901 0.879483
vt 0.726006 0.913115
vt 0.754878 0.538392
vt 0.783479 0.521219
vt 0.784472 0.523315
vt 0.756136 0.540311
vt 0.478842 0.924190
vt 0.482163 0.890390
vt 0.485033 0.890798
vt 0.481728 0.924274
vt 0.483144 0.890390
vt 0.480144 0.889845
vt 0.729488 0.560384
vt 0.730999 0.562104
vt 0.482163 0.958081
vt 0.485033 0.957840
vt 0.570711 0.881255
vt 0.567710 0.881798
vt 0.240458 0.832188
vt 0.237377 0.862007
vt 0.234362 0.861464
vt 0.237429 0.831935
vt 0.223559 0.862036
vt 0.226490 0.862736
vt 0.472998 0.861167
vt 0.475919 0.827186
vt 0.478811 0.827474
vt 0.475905 0.861128
vt 0.239545 0.583126
vt 0.240563 0.611880
vt 0.237703 0.611314
vt 0.236708 0.582841
vt 0.240562 0.494311
vt 0.237703 0.494875
vt 0.475904 0.895022
vt 0.478811 0.895205
vt 0.482774 0.743801
vt 0.485467 0.743387
vt 0.820452 0.861488
vt 0.823481 0.862053
vt 0.483144 0.772924
vt 0.485593 0.800890
vt 0.482583 0.801200
vt 0.480144 0.773508
vt 0.232653 0.978161
vt 0.235678 0.977637
vt 0.218565 0.833986
vt 0.211785 0.804824
vt 0.214578 0.804898
vt 0.221277 0.833784
vt 0.218566 0.774061
vt 0.231633 0.744649
vt 0.234236 0.745300
vt 0.221278 0.774425
vt 0.235678 0.895850
vt 0.238539 0.862036
vt 0.240799 0.862463
vt 0.237950 0.895952
vt 0.267966 0.538907
vt 0.298658 0.586701
vt 0.240833 0.590717
vt 0.240868 0.558095
vt 0.325857 0.536732
vt 0.296376 0.522849
vt 0.356612 0.586371
vt 0.354251 0.553838
vt 0.329475 0.638180
vt 0.356612 0.620070
vt 0.271587 0.640352
vt 0.301103 0.655310
vt 0.243233 0.624324
vt 0.810847 0.529831
vt 0.780124 0.573272
vt 0.838362 0.568287
vt 0.838154 0.541580
vt 0.811166 0.617219
vt 0.838362 0.598633
vt 0.756457 0.627697
vt 0.784889 0.637419
vt 0.728943 0.589244
vt 0.731210 0.619155
vt 0.949604 0.153032
vt 0.983936 0.186324
vt 0.941160 0.211756
vt 0.933713 0.181217
vt 0.983936 0.125953
vt 0.961640 0.125197
vt 0.848559 0.979268
vt 0.878127 0.927406
vt 0.894722 0.977560
vt 0.869747 0.994015
vt 0.825480 0.928698
vt 0.824542 0.962113
vt 0.848561 0.876420
vt 0.824544 0.894969
vt 0.894722 0.874707
vt 0.869749 0.859720
vt 0.752450 0.876444
vt 0.781692 0.928265
vt 0.729991 0.927211
vt 0.728943 0.893741
vt 0.797375 0.877809
vt 0.772934 0.861488
vt 0.942588 0.058014
vt 0.977480 0.028819
vt 0.977480 0.089195
vt 0.954817 0.087264
vt 0.934243 0.000000
vt 0.926589 0.029031
vt 0.752453 0.979340
vt 0.797375 0.980707
vt 0.772936 0.995842
vt 0.728945 0.960917
vt 0.810494 0.106786
vt 0.779131 0.057560
vt 0.838028 0.056229
vt 0.838028 0.088773
vt 0.753735 0.112019
vt 0.782997 0.125197
vt 0.724513 0.066690
vt 0.726863 0.099020
vt 0.752052 0.016132
vt 0.725765 0.036419
vt 0.808808 0.010904
vt 0.780798 0.000000
vt 0.836927 0.026177
vt 0.755939 0.646318
vt 0.779051 0.700908
vt 0.728943 0.683457
vt 0.731194 0.653955
vt 0.809941 0.658131
vt 0.784074 0.637419
vt 0.836943 0.707085
vt 0.836959 0.677092
vt 0.809943 0.744222
vt 0.836959 0.733298
vt 0.784078 0.749828
vt 0.952955 0.211756
vt 0.972828 0.263526
vt 0.933713 0.263526
vt 0.934446 0.229746
vt 0.325740 0.667242
vt 0.296781 0.714410
vt 0.268347 0.671129
vt 0.297103 0.655310
vt 0.355614 0.714016
vt 0.354077 0.683310
vt 0.328096 0.764674
vt 0.355614 0.746920
vt 0.270708 0.768559
vt 0.300182 0.782527
vt 0.240833 0.721789
vt 0.243213 0.754530
vt 0.241671 0.690923
vt 0.237249 0.801269
vt 0.234236 0.801309
vt 0.106205 0.769668
vt 0.110198 0.802685
vt 0.107197 0.802579
vt 0.103229 0.769877
vt 0.344244 0.850377
vt 0.340923 0.816436
vt 0.344005 0.816435
vt 0.347309 0.850050
vt 0.473660 0.545831
vt 0.481602 0.522849
vt 0.484586 0.523235
vt 0.476705 0.545991
vt 0.482789 0.653170
vt 0.485467 0.653621
vt 0.230303 0.696990
vt 0.230100 0.664835
vt 0.233181 0.664832
vt 0.233368 0.696682
vt 0.573197 0.915199
vt 0.576486 0.881255
vt 0.579549 0.881579
vt 0.576277 0.915197
vt 0.334518 0.816460
vt 0.337882 0.782527
vt 0.340923 0.782860
vt 0.337575 0.816467
vt 0.344244 0.782527
vt 0.347309 0.782852
vt 0.969938 0.569498
vt 0.967076 0.535508
vt 0.969946 0.535563
vt 0.972793 0.569227
vt 0.108015 0.835142
vt 0.105021 0.834722
vt 0.473661 0.603411
vt 0.472348 0.570063
vt 0.475421 0.569996
vt 0.476706 0.603027
vt 0.230304 0.637691
vt 0.233368 0.637944
vt 0.970094 0.809597
vt 0.967524 0.775824
vt 0.970200 0.775742
vt 0.972756 0.809189
vt 0.110198 0.744647
vt 0.107197 0.745090
vt 0.475919 0.895022
vt 0.478811 0.894658
vt 0.108041 0.939701
vt 0.111965 0.969014
vt 0.109310 0.968496
vt 0.105434 0.939468
vt 0.969938 0.501695
vt 0.972793 0.502075
vt 0.237104 0.611880
vt 0.240118 0.612386
vt 0.238539 0.929837
vt 0.240799 0.929612
vt 0.813492 0.978503
vt 0.802177 0.948503
vt 0.805057 0.948116
vt 0.816280 0.977823
vt 0.099123 0.909292
vt 0.096590 0.909348
vt 0.970094 0.741817
vt 0.972756 0.742061
vt 0.782986 0.751956
vt 0.231633 0.862036
vt 0.234236 0.861559
vt 0.350616 0.782527
vt 0.353681 0.782852
vt 0.481602 0.635644
vt 0.484586 0.634946
vt 0.726016 0.947043
vt 0.728901 0.946704
vt 0.337882 0.850386
vt 0.340923 0.850067
vt 0.237104 0.728038
vt 0.240118 0.727428
vt 0.576486 0.949116
vt 0.579549 0.948788
vt 0.111905 0.810449
vt 0.113916 0.809512
vt 0.969997 0.569498
vt 0.972327 0.569749
s 1
usemtl Material.140
f 18/12/6 17/13/6 324/14/6 325/15/6
f 40/16/7 32/17/7 332/18/7 341/19/7
f 290/20/8 288/21/8 376/22/8 379/23/8
f 315/24/9 236/25/9 355/26/9 406/27/9
f 274/28/10 273/29/10 360/30/10 361/31/10
f 36/32/11 39/33/11 340/34/11 337/35/11
f 23/36/12 24/37/12 19/38/12 20/39/12
f 25/40/13 24/37/13 23/36/13 26/41/13
f 27/42/14 24/37/14 25/40/14 28/43/14
f 29/44/15 24/37/15 27/42/15 30/45/15
f 31/46/16 24/37/16 29/44/16 32/47/16
f 19/38/17 24/37/17 31/46/17 22/48/17
f 37/49/18 36/32/18 337/35/18 338/50/18
f 186/51/19 187/52/19 347/53/19 346/54/19
f 314/55/20 313/56/20 404/57/20 405/58/20
f 305/59/21 304/60/21 394/61/21 395/62/21
f 12/63/22 16/64/22 323/65/22 318/66/22
f 207/67/23 298/68/23 388/69/23 353/70/23
f 42/71/24 43/72/24 38/73/24 39/74/24
f 44/75/25 43/72/25 42/71/25 45/76/25
f 46/77/26 43/72/26 44/75/26 47/78/26
f 48/79/27 43/72/27 46/77/27 49/80/27
f 50/81/28 43/72/28 48/79/28 51/82/28
f 38/73/29 43/72/29 50/81/29 41/83/29
f 52/84/30 53/85/30 48/86/30 49/87/30
f 54/88/31 53/85/31 52/84/31 55/89/31
f 56/90/32 53/85/32 54/88/32 57/91/32
f 13/92/33 53/93/33 56/94/33 14/95/33
f 58/96/34 53/93/34 13/92/34 11/97/34
f 48/98/35 53/93/35 58/96/35 51/99/35
f 109/158/61 110/159/61 111/160/61 112/161/61
f 113/162/62 110/159/62 109/158/62 114/163/62
f 115/164/63 110/159/63 113/162/63 116/165/63
f 117/166/64 110/159/64 115/164/64 118/167/64
f 15/168/65 110/169/65 117/170/65 18/171/65
f 111/172/66 110/169/66 15/168/66 16/173/66
f 119/174/67 120/175/67 121/176/67 122/177/67
f 123/178/68 120/175/68 119/174/68 124/179/68
f 125/180/69 120/175/69 123/178/69 126/181/69
f 127/182/70 120/175/70 125/180/70 128/183/70
f 25/184/71 120/175/71 127/182/71 28/185/71
f 121/176/72 120/175/72 25/184/72 26/186/72
f 129/187/73 130/188/73 131/189/73 132/190/73
f 133/191/74 130/188/74 129/187/74 134/192/74
f 135/193/75 130/194/75 133/195/75 136/196/75
f 137/197/76 130/194/76 135/193/76 138/198/76
f 34/199/77 130/194/77 137/197/77 37/200/77
f 131/201/78 130/194/78 34/199/78 35/202/78
f 139/203/79 140/204/79 141/205/79 142/206/79
f 143/207/80 140/204/80 139/203/80 144/208/80
f 145/209/81 140/204/81 143/207/81 146/210/81
f 147/211/82 140/212/82 145/213/82 148/214/82
f 44/75/83 140/204/83 147/215/83 47/78/83
f 141/205/84 140/204/84 44/75/84 45/76/84
f 149/216/85 150/217/85 151/218/85 152/219/85
f 153/220/86 150/217/86 149/216/86 154/221/86
f 155/222/87 150/217/87 153/220/87 156/223/87
f 157/224/88 150/217/88 155/222/88 158/225/88
f 159/226/89 150/217/89 157/224/89 160/227/89
f 151/218/90 150/217/90 159/226/90 74/228/90
f 172/240/96 173/241/96 174/242/96 175/243/96
f 176/244/97 173/241/97 172/240/97 177/245/97
f 178/246/98 173/241/98 176/244/98 179/247/98
f 180/248/99 173/241/99 178/246/99 181/249/99
f 182/250/100 173/241/100 180/248/100 183/251/100
f 174/242/101 173/241/101 182/250/101 171/252/101
f 184/253/102 185/254/102 180/248/102 181/249/102
f 186/255/103 185/254/103 184/253/103 187/256/103
f 188/257/104 185/254/104 186/255/104 189/258/104
f 190/259/105 185/254/105 188/257/105 191/260/105
f 192/261/106 185/262/106 190/263/106 193/264/106
f 180/248/107 185/254/107 192/265/107 183/251/107
f 194/266/108 195/267/108 190/263/108 191/268/108
f 196/269/109 195/267/109 194/266/109 197/270/109
f 198/271/110 195/267/110 196/269/110 199/272/110
f 200/273/111 195/267/111 198/271/111 201/274/111
f 202/275/112 195/267/112 200/273/112 203/276/112
f 190/263/113 195/267/113 202/275/113 193/264/113
f 204/277/114 205/278/114 200/273/114 201/274/114
f 206/279/115 205/278/115 204/277/115 207/280/115
f 208/281/116 205/278/116 206/279/116 209/282/116
f 210/283/117 205/278/117 208/281/117 211/284/117
f 212/285/118 205/278/118 210/283/118 213/286/118
f 200/273/119 205/278/119 212/285/119 203/276/119
f 214/287/120 215/288/120 210/283/120 211/284/120
f 216/289/121 215/290/121 214/291/121 217/292/121
f 218/293/122 215/290/122 216/289/122 219/294/122
f 174/295/123 215/288/123 218/296/123 175/297/123
f 220/298/124 215/288/124 174/295/124 171/299/124
f 210/283/125 215/288/125 220/298/125 213/286/125
f 292/363/151 291/364/151 380/365/151 381/366/151
f 280/367/152 281/368/152 369/369/152 368/370/152
f 286/371/153 189/372/153 348/373/153 374/374/153
f 13/375/154 14/376/154 321/377/154 320/378/154
f 14/376/155 12/63/155 318/66/155 321/377/155
f 20/379/156 19/380/156 326/381/156 327/382/156
f 206/383/157 207/384/157 353/385/157 352/386/157
f 296/387/158 295/388/158 384/389/158 385/390/158
f 285/391/159 284/392/159 372/393/159 373/394/159
f 15/395/160 18/396/160 325/397/160 322/398/160
f 17/13/161 20/379/161 327/382/161 324/14/161
f 29/399/162 30/400/162 331/401/162 330/402/162
f 300/403/163 303/404/163 393/405/163 390/406/163
f 304/60/164 209/407/164 354/408/164 394/61/164
f 32/409/165 29/399/165 330/402/165 332/410/165
f 301/411/166 300/403/166 390/406/166 391/412/166
f 11/413/167 13/375/167 320/378/167 317/414/167
f 297/415/168 301/416/168 391/417/168 386/418/168
f 291/364/169 294/419/169 383/420/169 380/365/169
f 306/421/170 310/422/170 401/423/170 396/424/170
f 307/425/171 308/426/171 399/427/171 398/428/171
f 316/429/172 315/24/172 406/27/172 407/430/172
f 273/29/173 276/431/173 363/432/173 360/30/173
f 187/433/174 280/367/174 368/370/174 347/434/174
f 19/380/175 22/435/175 329/436/175 326/381/175
f 303/437/176 302/438/176 392/439/176 393/440/176
f 287/441/177 286/371/177 374/374/177 375/442/177
f 275/443/178 278/444/178 365/445/178 362/446/178
f 277/447/179 179/448/179 345/449/179 364/450/179
f 270/451/180 274/452/180 361/453/180 356/454/180
f 318/455/181 319/456/181 320/457/181 321/458/181
f 322/459/182 319/456/182 318/455/182 323/460/182
f 324/461/183 319/456/183 322/459/183 325/462/183
f 326/463/184 319/456/184 324/461/184 327/464/184
f 328/465/185 319/456/185 326/463/185 329/466/185
f 320/457/186 319/456/186 328/465/186 317/467/186
f 333/468/187 334/469/187 330/402/187 331/401/187
f 335/470/188 334/469/188 333/468/188 336/471/188
f 337/472/189 334/469/189 335/470/189 338/473/189
f 339/474/190 334/469/190 337/472/190 340/475/190
f 341/476/191 334/469/191 339/474/191 342/477/191
f 330/402/192 334/469/192 341/476/192 332/410/192
f 356/478/193 357/479/193 358/480/193 359/481/193
f 360/482/194 357/479/194 356/478/194 361/483/194
f 362/484/195 357/485/195 360/486/195 363/487/195
f 364/488/196 357/485/196 362/484/196 365/489/196
f 343/490/197 357/485/197 364/488/197 345/491/197
f 358/492/198 357/485/198 343/490/198 344/493/198
f 366/494/199 367/495/199 368/496/199 369/497/199
f 370/498/200 367/495/200 366/494/200 371/499/200
f 372/500/201 367/501/201 370/502/201 373/503/201
f 374/504/202 367/501/202 372/500/202 375/505/202
f 346/506/203 367/495/203 374/507/203 348/508/203
f 368/496/204 367/495/204 346/506/204 347/509/204
f 376/510/205 377/511/205 378/512/205 379/513/205
f 380/514/206 377/511/206 376/510/206 381/515/206
f 382/516/207 377/511/207 380/514/207 383/517/207
f 384/518/208 377/511/208 382/516/208 385/519/208
f 349/520/209 377/511/209 384/518/209 351/521/209
f 378/512/210 377/511/210 349/520/210 350/522/210
f 386/523/211 387/524/211 388/525/211 389/526/211
f 390/527/212 387/524/212 386/523/212 391/528/212
f 392/529/213 387/524/213 390/527/213 393/530/213
f 394/531/214 387/524/214 392/529/214 395/532/214
f 352/386/215 387/524/215 394/531/215 354/533/215
f 388/534/216 387/535/216 352/536/216 353/537/216
f 396/538/217 397/539/217 398/540/217 399/541/217
f 400/542/218 397/539/218 396/538/218 401/543/218
f 402/544/219 397/539/219 400/542/219 403/545/219
f 404/546/220 397/539/220 402/544/220 405/547/220
f 406/548/221 397/539/221 404/546/221 407/549/221
f 398/540/222 397/539/222 406/548/222 355/550/222
f 298/68/223 299/551/223 389/552/223 388/69/223
f 283/553/224 282/554/224 370/555/224 371/556/224
f 189/372/225 186/51/225 346/54/225 348/373/225
f 197/557/226 289/558/226 378/559/226 350/560/226
f 236/25/227 307/425/227 398/428/227 355/26/227
f 271/561/228 272/562/228 359/563/228 358/564/228
f 281/368/229 279/565/229 366/566/229 369/369/229
f 309/567/230 312/568/230 403/569/230 400/570/230
f 21/571/231 11/572/231 317/573/231 328/574/231
f 38/575/232 41/576/232 342/577/232 339/578/232
f 278/444/233 277/447/233 364/450/233 365/445/233
f 289/558/234 290/579/234 379/580/234 378/559/234
f 294/581/235 293/582/235 382/583/235 383/584/235
f 282/554/236 285/585/236 373/586/236 370/555/236
f 176/587/237 177/588/237 344/589/237 343/590/237
f 312/568/238 311/591/238 402/592/238 403/569/238
f 30/593/239 33/594/239 333/595/239 331/596/239
f 279/597/240 283/553/240 371/556/240 366/598/240
f 308/599/241 306/421/241 396/424/241 399/600/241
f 196/601/242 197/602/242 350/603/242 349/604/242
f 302/438/243 305/59/243 395/62/243 392/439/243
f 293/582/244 296/605/244 385/606/244 382/583/244
f 311/591/245 314/607/245 405/608/245 402/592/245
f 272/609/246 270/451/246 356/454/246 359/610/246
f 35/611/247 34/612/247 335/613/247 336/614/247
f 177/588/248 271/561/248 358/564/248 344/589/248
f 34/612/249 37/49/249 338/50/249 335/613/249
f 295/388/250 199/615/250 351/616/250 384/389/250
f 33/594/251 35/617/251 336/618/251 333/595/251
f 209/619/252 206/383/252 352/386/252 354/533/252
f 276/620/253 275/443/253 362/446/253 363/621/253
f 299/551/254 297/415/254 386/418/254 389/552/254
f 313/56/255 316/622/255 407/623/255 404/57/255
f 179/624/256 176/587/256 343/590/256 345/625/256
f 199/615/257 196/601/257 349/604/257 351/616/257
f 16/626/258 15/395/258 322/398/258 323/627/258
f 39/628/259 38/575/259 339/578/259 340/629/259
f 310/630/260 309/567/260 400/570/260 401/631/260
f 288/21/261 292/363/261 381/366/261 376/22/261
f 22/632/262 21/571/262 328/574/262 329/633/262
f 41/634/263 40/16/263 341/19/263 342/635/263
f 284/392/264 287/636/264 375/637/264 372/393/264
usemtl Material1
f 1/1/1 2/2/1 3/3/1 4/4/1
f 5/5/2 2/2/2 1/1/2 6/6/2
f 7/7/3 2/2/3 5/5/3 8/8/3
f 9/9/4 2/2/4 7/7/4 10/10/4
f 3/3/5 2/2/5 9/9/5 11/11/5
f 59/100/36 60/101/36 61/102/36 62/103/36
f 63/104/37 60/101/37 59/100/37 64/105/37
f 65/106/38 60/101/38 63/104/38 39/107/38
f 66/108/39 60/101/39 65/106/39 67/109/39
f 61/102/40 60/101/40 66/108/40 68/110/40
f 69/111/41 70/112/41 71/113/41 72/114/41
f 73/115/42 70/112/42 69/111/42 74/116/42
f 75/117/43 70/112/43 73/115/43 49/118/43
f 76/119/44 70/112/44 75/117/44 77/120/44
f 71/113/45 70/112/45 76/119/45 78/121/45
f 79/122/46 80/123/46 81/124/46 82/125/46
f 83/126/47 80/123/47 79/122/47 84/127/47
f 85/128/48 80/123/48 83/126/48 14/129/48
f 86/130/49 80/131/49 85/132/49 87/133/49
f 81/134/50 80/131/50 86/130/50 88/135/50
f 89/136/51 90/137/51 91/138/51 92/139/51
f 93/140/52 90/137/52 89/136/52 94/141/52
f 95/142/53 90/137/53 93/140/53 20/143/53
f 96/144/54 90/137/54 95/142/54 97/145/54
f 91/138/55 90/137/55 96/144/55 98/146/55
f 99/147/56 100/148/56 101/149/56 102/150/56
f 103/151/57 100/148/57 99/147/57 104/152/57
f 105/153/58 100/148/58 103/151/58 30/154/58
f 106/155/59 100/148/59 105/153/59 107/156/59
f 101/149/60 100/148/60 106/155/60 108/157/60
f 161/229/91 162/230/91 163/231/91 164/232/91
f 165/233/92 162/230/92 161/229/92 166/234/92
f 167/235/93 162/230/93 165/233/93 168/236/93
f 169/237/94 162/230/94 167/235/94 170/238/94
f 163/231/95 162/230/95 169/237/95 171/239/95
f 221/300/126 222/301/126 223/302/126 224/303/126
f 225/304/127 222/301/127 221/300/127 226/305/127
f 227/306/128 222/301/128 225/304/128 201/307/128
f 228/308/129 222/301/129 227/306/129 229/309/129
f 223/310/130 222/311/130 228/312/130 230/313/130
f 231/314/131 232/315/131 233/316/131 234/317/131
f 235/318/132 232/315/132 231/314/132 236/319/132
f 237/320/133 232/321/133 235/322/133 211/323/133
f 238/324/134 232/321/134 237/320/134 239/325/134
f 233/326/135 232/327/135 238/328/135 240/329/135
f 241/330/136 242/331/136 243/332/136 244/333/136
f 245/334/137 242/331/137 241/330/137 246/335/137
f 247/336/138 242/331/138 245/334/138 175/337/138
f 248/338/139 242/331/139 247/336/139 249/339/139
f 243/332/140 242/331/140 248/338/140 250/340/140
f 251/341/141 252/342/141 253/343/141 254/344/141
f 255/345/142 252/342/142 251/341/142 256/346/142
f 257/347/143 252/342/143 255/345/143 181/348/143
f 258/349/144 252/342/144 257/347/144 259/350/144
f 253/343/145 252/342/145 258/349/145 260/351/145
f 261/352/146 262/353/146 263/354/146 154/355/146
f 264/356/147 262/353/147 261/352/147 265/357/147
f 266/358/148 262/353/148 264/356/148 191/359/148
f 267/360/149 262/353/149 266/358/149 268/361/149
f 263/354/150 262/353/150 267/360/150 269/362/150
o Footballer.005
v 3.914727 3.862196 8.726246
v 3.577475 3.842211 8.464904
v 4.163392 3.850876 8.749186
v 3.971750 5.569092 8.831855
v 4.000177 5.662671 8.761487
v 3.893237 5.732194 8.143479
v 3.810058 5.825939 8.431474
v 3.618456 5.711475 8.571220
v 3.726246 5.625904 8.737759
v 3.507597 5.645442 8.599224
v 3.673878 5.687189 8.658279
v 3.638881 5.766142 8.361353
v 3.552374 5.729334 8.308472
v 3.874153 4.433111 8.836648
v 3.851989 5.371151 8.886628
v 3.883340 5.085694 8.944846
v 3.932781 4.733741 8.959911
v 3.907619 5.425846 7.988647
v 3.902226 5.110876 7.926246
v 3.566936 5.449305 8.798897
v 3.277750 5.069699 8.662169
v 3.060652 5.281970 8.302039
v 2.998532 5.119522 8.303144
v 3.079410 5.217868 8.538145
v 3.075905 5.119966 8.144808
v 3.370880 4.854499 8.135844
v 3.040442 5.083062 8.491584
v 3.317834 4.876819 8.553050
v 3.197522 5.060733 8.052170
v 3.293631 4.951955 8.062666
v 3.188297 4.966412 8.605241
v 3.139863 5.262759 8.174450
v 3.305859 5.185824 8.089562
v 3.840776 4.183735 8.716775
v 3.774499 3.964042 8.718623
v 3.490339 4.357071 8.255346
v 3.543319 4.277756 8.441696
v 3.453296 3.857132 8.211747
v 3.532357 3.929277 8.485045
v 3.861652 4.311209 7.814890
v 3.611049 4.311445 7.984932
v 3.833345 3.897749 7.786769
v 3.552016 3.809539 7.968613
v 3.175314 4.623501 8.453891
v 3.233217 4.620418 8.308204
v 3.208639 4.672705 8.153229
v 3.182857 4.575373 8.458065
v 2.986782 4.659664 8.521247
v 2.865273 4.741171 8.420142
v 2.842288 4.812159 8.186545
v 2.955784 4.789287 8.020558
v 3.220155 4.620307 8.119996
v 3.086120 4.721575 8.024817
v 3.452241 5.192410 8.764779
v 3.522371 5.645792 8.198640
v 3.466085 5.712336 8.325651
v 3.486087 5.520099 8.109309
v 3.356806 5.658653 8.326462
v 3.373438 5.426011 8.727262
v 3.401853 5.610598 8.597577
v 3.575043 5.279404 8.064226
v 3.546797 4.726997 8.679923
v 3.482744 4.869954 8.558698
v 3.380214 4.983937 8.638966
v 3.554867 4.555753 8.612646
v 3.492058 4.923378 8.138727
v 3.533943 4.758389 8.129722
v 3.484915 4.855551 8.329936
v 3.204597 5.468097 8.582706
v 3.179267 5.517547 8.329503
v 3.288905 5.572549 8.596540
v 3.213218 5.400160 8.189543
v 3.112245 5.404901 8.316010
v 3.384097 5.183811 8.720839
v 3.262206 5.340303 8.673496
v 3.157829 5.162914 8.606031
v 3.124974 5.337295 8.563772
v 3.205457 5.250320 8.642382
v 2.901635 4.576433 8.396301
v 2.922637 4.594150 8.024570
v 3.013592 4.572282 8.034447
v 2.819557 4.574482 8.269973
v 2.721320 4.387714 8.073326
v 2.694461 4.399180 8.174925
v 2.737164 4.478414 8.192462
v 2.756518 4.312569 7.996945
v 2.759734 4.461371 8.056065
v 2.979998 4.418868 8.006925
v 2.821593 4.408751 7.984627
v 2.901345 4.323405 8.011723
v 2.990265 4.307138 8.083346
v 3.033868 4.409249 8.105027
v 2.538630 4.131297 8.053091
v 2.827749 3.982646 8.279036
v 2.823954 4.003050 7.994297
v 2.544975 4.090713 8.249462
v 2.593849 4.051895 8.318985
v 2.632523 4.304340 8.283296
v 2.745905 3.999784 8.341345
v 2.786876 3.991427 8.294529
v 2.780812 4.261471 8.345222
v 2.894663 4.533949 7.996484
v 2.785801 4.533587 8.066506
v 3.005185 4.500798 8.022315
v 2.812203 4.595109 8.103279
v 2.647776 4.083167 7.946665
v 2.518834 4.126997 8.182734
v 2.450480 3.909292 8.035810
v 2.429205 3.909302 8.141248
v 2.672823 3.821196 7.997383
v 2.539297 3.867020 7.954334
v 2.512376 3.844520 8.254004
v 2.467153 3.895795 8.207373
v 2.672200 3.741565 8.287233
v 3.099068 4.542712 8.408704
v 2.689862 3.762171 8.217427
v 3.017318 4.449684 8.365001
v 2.883105 4.220311 8.286215
v 2.383529 3.477812 7.987706
v 2.420530 3.374934 7.997538
v 2.348890 3.398386 7.971282
v 2.529618 3.586770 8.018139
v 2.446902 3.616165 7.981924
v 2.369326 3.667294 8.046368
v 2.454195 3.421723 8.236676
v 2.423878 3.605568 8.226843
v 2.290555 3.376603 8.180620
v 2.412369 3.341462 8.229537
v 2.299572 3.504097 8.109941
v 2.356597 3.660688 8.162878
v 2.275901 3.407807 8.021743
v 2.252517 3.398040 8.096611
v 2.547398 3.541009 8.240373
v 2.503675 3.554293 8.251537
v 2.591263 3.796162 8.300370
v 2.698725 4.015531 8.341331
v 2.346219 3.224971 8.286678
v 2.361810 2.834568 8.295617
v 2.350750 2.863803 8.270236
v 2.440982 3.184510 8.119801
v 2.464738 3.239046 8.136343
v 2.444728 3.143750 8.155993
v 2.387240 3.080548 8.175822
v 2.367724 3.137356 8.128276
v 2.300261 3.188417 7.918668
v 2.233454 3.084999 7.917444
v 2.175363 3.070553 7.884525
v 2.369272 3.260046 7.934500
v 2.261016 3.252569 7.916289
v 2.301138 3.324229 7.944073
v 2.380434 3.311529 7.946667
v 2.211228 3.033698 8.256495
v 2.183284 2.902953 8.235436
v 2.213699 2.846222 8.164796
v 2.196270 2.948523 8.136692
v 2.230111 2.942670 8.168489
v 2.215043 2.843694 8.208774
v 2.142961 2.901912 8.218564
v 2.144181 2.972202 8.217389
v 2.194802 2.722927 8.205297
v 2.155192 2.788071 8.213266
v 2.149586 2.797183 8.162011
v 2.141332 2.826647 8.166132
v 2.420908 3.292909 8.004223
v 2.370910 3.078064 8.347048
v 2.401080 2.949019 8.341168
v 2.374588 2.977223 8.355334
v 2.376384 3.011100 8.354834
v 2.378839 2.943780 8.276879
v 2.394067 3.016157 8.256708
v 2.408540 2.936097 8.299256
v 2.428140 3.036534 8.278508
v 2.421397 3.001451 8.294742
v 2.407889 3.036798 8.243445
v 2.308822 3.115430 8.275961
v 2.271214 3.172850 8.246943
v 2.321379 3.037172 8.292189
v 2.333761 3.069582 8.321298
v 2.321428 2.978308 8.314850
v 2.359446 2.902441 8.340649
v 2.368205 2.901421 8.269056
v 2.404116 2.885884 8.299309
v 2.314578 2.864702 8.306069
v 2.318178 2.920522 8.317112
v 2.464198 3.158635 8.204458
v 2.230435 3.284624 7.965923
v 2.165011 3.164987 7.927341
v 2.187537 3.235148 7.988571
v 2.148398 3.049781 8.209949
v 2.446863 3.107642 8.235776
v 2.426705 3.091424 8.198779
v 2.397299 3.217744 8.029403
v 2.246470 3.014510 8.085367
v 2.238650 3.049058 8.002728
v 2.306652 3.096617 8.099689
v 2.223712 3.073190 7.957383
v 2.302995 3.147621 8.009819
v 2.306571 3.035390 8.182797
v 2.279119 3.008698 8.179148
v 2.279272 2.669588 8.195087
v 2.249699 2.734408 8.196331
v 2.145381 2.817654 8.214728
v 2.229623 2.659072 8.135799
v 2.185190 2.728418 8.156460
v 2.242256 2.740715 8.149797
v 2.281660 2.672764 8.155245
v 2.130360 2.984205 8.156480
v 2.143132 2.958654 8.139771
v 2.129659 2.946190 8.167288
v 2.117248 3.060228 7.976962
v 2.129881 3.031291 7.957757
v 2.106827 3.019930 7.984610
v 2.111431 3.014431 8.063188
v 2.131505 2.986932 8.043105
v 2.109924 2.982514 8.071031
v 2.134847 2.902318 8.168039
v 2.240618 2.941465 8.200738
v 2.218082 2.656140 8.150292
v 2.254275 2.630113 8.159417
v 2.229443 2.650844 8.206724
v 2.260790 2.627455 8.192021
v 2.207623 3.210505 8.164118
v 2.110138 3.038992 7.944584
v 2.110548 3.053255 8.112297
v 2.113369 2.963375 8.130723
v 2.103476 3.075672 8.024445
v 2.111253 3.010750 8.035831
v 2.173850 3.219628 8.039295
v 2.175606 3.217027 8.079157
v 2.196795 3.211708 8.121455
v 2.371154 2.838872 8.323787
v 2.348315 2.850679 8.334011
v 2.334236 3.005880 8.337565
v 2.338859 2.973752 8.340149
v 2.124207 3.120386 7.941150
v 2.146459 2.897905 8.132559
v 2.141287 2.895476 8.041904
v 2.185298 2.849586 8.057047
v 2.201324 2.962488 8.070367
v 2.194507 2.837942 8.098941
v 2.204257 2.957920 8.102759
v 2.115974 2.895952 8.116055
v 2.175944 2.690483 8.075089
v 2.125993 2.770339 8.099536
v 2.120770 2.783168 8.047903
v 2.112575 2.815180 8.055035
v 2.251554 2.693501 8.070712
v 2.213653 2.757320 8.083840
v 2.161386 2.786442 8.121965
v 2.116290 2.802629 8.103835
v 2.170853 2.696889 8.033918
v 2.206858 2.765973 8.040555
v 2.246684 2.701414 8.030902
v 2.111247 2.899352 8.064813
v 2.216832 2.619323 8.016775
v 2.260025 2.601673 8.020427
v 2.227086 2.611341 8.067224
v 2.264567 2.597705 8.054290
v 2.268979 2.650693 8.019807
v 2.145797 2.938182 8.033241
v 2.142086 2.942291 7.948277
v 2.180204 2.896906 7.958914
v 2.195920 3.001463 7.984073
v 2.188262 2.882905 7.996894
v 2.197258 2.991395 8.013909
v 2.117193 2.937689 8.017260
v 2.169221 2.744714 7.964111
v 2.122091 2.819908 7.991060
v 2.117939 2.831555 7.945225
v 2.111368 2.864743 7.954800
v 2.236823 2.749092 7.961995
v 2.201862 2.808536 7.977867
v 2.156344 2.833243 8.012791
v 2.114086 2.849853 7.997440
v 2.161676 2.754213 7.926998
v 2.196069 2.820002 7.937658
v 2.232824 2.759339 7.925953
v 2.113415 2.944513 7.969594
v 2.199947 2.682358 7.905487
v 2.240006 2.662057 7.907215
v 2.208868 2.671406 7.950869
v 2.244244 2.655530 7.942406
v 2.154716 2.989075 7.946532
v 2.182525 2.968733 7.881483
v 2.207648 3.041245 7.896955
v 2.185295 2.954636 7.915203
v 2.205402 3.034271 7.924838
v 2.113800 2.994200 7.933713
v 2.152457 2.836217 7.885497
v 2.124452 2.886264 7.907089
v 2.121457 2.902808 7.864785
v 2.116010 2.930123 7.874366
v 2.226562 2.833097 7.880710
v 2.186651 2.905288 7.897469
v 2.118549 2.917944 7.915008
v 2.169298 2.854611 7.839100
v 2.149199 2.845855 7.853684
v 2.182023 2.917589 7.862545
v 2.214040 2.847049 7.848801
v 2.115950 3.001437 7.891397
v 2.178233 2.792737 7.834977
v 2.209783 2.767893 7.833924
v 2.184746 2.776014 7.871735
v 2.214821 2.761176 7.862417
v 2.125118 3.081422 7.908017
v 2.108451 3.068170 7.943959
v 2.870451 4.482897 7.981677
v 3.213784 5.238336 8.117122
v 4.035500 5.725903 8.762235
v 3.844028 5.750653 8.624450
v 3.956504 5.747785 8.717875
v 3.914956 5.690563 8.705003
v 4.122900 5.710279 8.796123
v 3.843276 5.867939 8.511696
v 3.794265 5.815020 8.509788
v 3.893924 5.839650 8.348868
v 3.884482 5.804241 8.632777
v 3.920802 5.894052 8.386143
v 4.116941 5.917922 8.330782
v 3.861447 5.881067 8.446701
v 3.248811 4.647002 8.463511
v 3.066932 4.741262 8.554320
v 2.934649 4.851067 8.476700
v 3.164393 4.795869 8.035030
v 3.225824 4.571157 8.372713
v 2.852293 4.784002 8.304739
v 3.080947 4.621049 8.496292
v 2.930102 4.700106 8.478813
v 3.002131 4.772444 8.007785
v 2.874111 4.809520 8.116594
v 3.243291 4.592784 8.163905
v 3.187818 4.658607 8.077505
v 3.009818 4.893501 8.029203
v 2.891899 4.932698 8.229151
v 3.286739 4.699631 8.120405
v 3.879519 4.561805 7.876575
v 3.561389 4.540041 8.082836
v 3.762623 4.076240 8.651233
v 3.549784 4.064104 8.426670
v 3.580816 4.008549 7.966602
v 3.867009 4.037845 7.764617
v 3.960372 4.654503 8.906547
v 2.829318 4.818034 8.189847
v 3.096184 4.716760 8.013363
v 2.859185 4.745629 8.431944
v 3.191592 4.562193 8.462435
v 2.982343 4.656054 8.538283
v 2.949955 4.791457 8.003229
v 3.236022 4.619741 8.111067
v 3.256255 4.558489 8.329062
v 2.996758 4.774495 7.992555
v 2.863971 4.818451 8.108215
v 3.255772 4.598266 8.158504
v 3.121821 4.591434 8.496623
v 3.194925 4.651931 8.064285
v 3.905462 4.952610 7.908635
v 3.556755 5.157102 8.048534
v 3.905103 4.795843 7.887358
v 3.536474 5.028610 8.064521
v 3.728391 5.741835 8.213703
v 3.699400 5.209158 7.975767
v 3.703999 5.059796 7.978143
v 3.718504 4.791372 7.950346
v 3.708910 4.914080 7.944782
v 3.706449 5.479974 8.041435
v 3.713097 4.307511 7.901320
v 3.707447 4.025427 7.852108
v 3.675937 4.554946 7.927608
v 4.011106 5.736835 8.156730
v 4.016791 5.436939 7.994845
v 4.034763 5.103656 7.923973
v 4.040716 4.938129 7.897529
v 4.063807 4.341344 7.810228
v 4.066922 4.058206 7.732992
v 4.064057 3.911822 7.748799
v 4.055707 4.582726 7.863300
v 4.046765 4.786930 7.860344
v 3.640637 5.732623 8.263395
v 3.558670 4.834048 8.744411
v 3.651597 4.795184 8.836801
v 3.602282 5.071659 8.850678
v 3.968056 4.053603 8.731050
v 3.972732 3.947708 8.768421
v 4.032243 4.294364 8.830201
v 3.827481 4.311783 8.756071
v 3.509485 4.470981 8.400000
v 3.547946 4.413665 8.541774
v 3.695007 4.235496 8.614202
v 3.662106 4.078689 8.565232
v 3.653171 3.963035 8.621600
v 3.689526 4.507153 8.741526
v 3.673510 4.693373 8.800263
v 3.701970 4.360146 8.695740
v 3.908765 4.905923 8.964360
v 3.767009 4.935077 8.912121
v 4.026168 4.171491 8.770156
v 3.501655 4.195043 8.313528
v 3.492939 4.192609 8.197524
v 2.976080 4.961050 8.465157
v 2.955166 5.017686 8.225424
v 3.102454 4.864488 8.569097
v 3.071208 4.991137 8.064034
v 3.520612 5.703706 8.471317
v 3.618740 5.757061 8.480373
v 3.054665 5.270641 8.412749
v 3.003387 5.120390 8.393909
v 2.900812 4.905719 8.368438
v 2.954240 4.999378 8.379055
v 3.481200 5.699280 8.469816
v 3.176414 5.514713 8.442015
v 3.103450 5.393284 8.427759
v 3.374752 5.658260 8.461087
v 2.839944 4.775113 8.351101
v 3.853824 5.601659 8.764055
v 3.795276 5.495376 8.800261
v 3.759609 5.406785 8.829214
v 3.577892 5.209772 8.816582
v 3.636870 5.183637 8.849928
v 3.488913 4.983137 8.736408
v 4.128210 5.581142 8.846166
v 4.120216 5.863132 8.306705
v 4.127684 5.735848 8.166651
v 4.171514 4.415072 8.874125
v 4.177557 4.792475 7.871758
v 4.138179 5.345735 8.925013
v 4.151183 5.086046 8.985725
v 4.165825 4.748635 8.977079
v 4.150437 5.445899 8.033593
v 4.171528 5.093709 7.933145
v 4.166732 3.925675 8.791432
v 4.171623 4.165446 8.795540
v 4.179045 4.351378 7.800287
v 4.187851 3.898672 7.737326
v 4.126070 5.643687 8.803520
v 4.178426 4.585317 7.875132
v 4.171849 4.012346 8.796472
v 4.183602 4.057947 7.718099
v 4.168831 4.637615 8.917444
v 4.175450 4.925765 7.917896
v 4.171776 4.280596 8.845879
v 4.159930 4.914659 8.993560
v 4.013764 5.590624 8.062352
v 3.899624 5.584561 8.055078
v 4.138813 5.597634 8.083219
v 3.971676 3.999777 8.755680
v 3.770676 4.020278 8.702293
v 3.514031 3.978359 8.461676
v 3.640236 4.006934 8.590223
v 3.550122 3.862343 7.965575
v 3.685878 3.864371 7.857936
v 4.169713 3.969942 8.795955
v 4.285587 5.584850 8.839218
v 4.251258 5.675277 8.767378
v 4.361134 5.746263 8.198412
v 4.434062 5.840041 8.478531
v 4.635116 5.755419 8.603908
v 4.528302 5.666173 8.756577
v 4.752059 5.699262 8.636850
v 4.577997 5.732355 8.679689
v 4.605201 5.802865 8.423334
v 4.680748 5.780090 8.394910
v 4.470554 4.444119 8.842234
v 4.421867 5.399763 8.900000
v 4.417551 5.111650 8.956997
v 4.400697 4.750841 8.968052
v 4.384867 5.449376 8.031436
v 4.432002 5.138717 7.947492
v 4.726942 5.475734 8.825228
v 5.161786 5.216474 8.413652
v 5.117769 5.656838 8.201180
v 5.213026 5.569786 8.084573
v 5.235762 5.491819 8.339216
v 5.070738 5.603769 7.986306
v 4.909348 5.233682 7.910092
v 5.280973 5.435073 8.210395
v 5.128826 5.094943 8.231372
v 4.947063 5.529804 7.913738
v 4.908888 5.379848 7.886652
v 5.243129 5.215472 8.269180
v 4.994360 5.661417 8.113592
v 4.857145 5.528389 8.049228
v 4.506859 4.192102 8.721268
v 4.562781 3.980249 8.704485
v 4.874928 4.382447 8.263806
v 4.807023 4.298975 8.451939
v 4.813262 3.946524 8.482693
v 4.508668 4.308643 7.813900
v 4.770657 4.317830 7.987130
v 4.543608 3.875194 7.765603
v 4.851529 3.780487 7.991668
v 5.138711 5.038956 7.780154
v 5.281730 5.008918 7.898073
v 5.452816 5.140789 7.951760
v 5.481862 5.308467 7.900085
v 5.366773 5.479485 7.767261
v 5.197008 5.481672 7.657119
v 5.072130 5.178506 7.685921
v 5.109210 5.364191 7.648164
v 4.960535 5.205349 8.681892
v 4.689128 5.722456 8.313810
v 4.754719 5.778214 8.428169
v 4.687052 5.656785 8.241049
v 4.829144 5.764874 8.459354
v 4.992742 5.433663 8.703989
v 4.864439 5.666103 8.646461
v 4.693982 5.381759 8.115600
v 4.815557 4.781110 8.684550
v 4.890833 4.941755 8.526869
v 5.066229 5.096519 8.424541
v 4.798751 4.597851 8.629368
v 4.843361 5.042877 8.123885
v 4.827321 4.833837 8.129987
v 4.877411 4.952489 8.298494
v 5.085968 5.588554 8.563688
v 4.982584 5.745042 8.392156
v 4.988836 5.634354 8.644300
v 4.916203 5.704451 8.226864
v 5.052591 5.709342 8.301579
v 5.042062 5.229698 8.588180
v 5.109604 5.425656 8.574013
v 5.218555 5.379550 8.375187
v 5.178886 5.541441 8.447416
v 5.171778 5.400948 8.473383
v 5.479737 5.185264 7.785894
v 5.278440 5.355404 7.526138
v 5.213661 5.288638 7.541859
v 5.486977 5.283093 7.671099
v 5.542754 5.268003 7.383417
v 5.588116 5.261274 7.476428
v 5.539424 5.294083 7.532562
v 5.520783 5.206663 7.291272
v 5.469345 5.324506 7.418393
v 5.272470 5.206501 7.403942
v 5.409957 5.278061 7.336740
v 5.384686 5.157302 7.326770
v 5.328508 5.084947 7.402480
v 5.273629 5.129311 7.492691
v 5.799075 5.113701 7.271017
v 5.631255 4.814537 7.468691
v 5.571120 4.902051 7.203434
v 5.846349 5.028430 7.446353
v 5.828978 4.958239 7.505517
v 5.700249 5.175602 7.542444
v 5.712489 4.847018 7.525442
v 5.668655 4.834673 7.482241
v 5.596061 5.061559 7.598790
v 5.305383 5.338870 7.454402
v 5.429264 5.362232 7.481319
v 5.234013 5.247636 7.479913
v 5.408012 5.376389 7.558736
v 5.694989 5.053473 7.165686
v 5.844351 5.086795 7.391200
v 5.954197 4.955057 7.180882
v 5.994527 4.938320 7.279183
v 5.773963 4.798772 7.138870
v 5.871601 4.902066 7.099128
v 5.963421 4.821327 7.374960
v 5.977610 4.895713 7.341580
v 5.859802 4.659290 7.390924
v 5.331187 5.054861 7.819890
v 5.822598 4.687289 7.332261
v 5.394468 5.055883 7.710240
v 5.503961 4.999780 7.541169
v 6.157273 4.609272 7.001538
v 6.161426 4.501004 6.983926
v 6.213585 4.556166 6.959265
v 5.991362 4.641615 7.076150
v 6.049603 4.708770 7.042750
v 6.115434 4.769279 7.111962
v 6.161514 4.472502 7.228257
v 6.122850 4.650109 7.270393
v 6.316036 4.509867 7.146508
v 6.226533 4.419262 7.193902
v 6.249091 4.636455 7.117779
v 6.152452 4.740680 7.219628
v 6.287074 4.581139 7.003288
v 6.326716 4.563810 7.069437
v 6.035100 4.541110 7.275609
v 6.072673 4.567394 7.286108
v 5.917342 4.736405 7.412060
v 5.750152 4.879505 7.525719
v 6.266616 4.257347 7.166958
v 6.339240 4.328063 7.207728
v 6.437727 3.973624 7.110015
v 6.233671 4.294667 7.045847
v 6.196074 4.329890 7.079878
v 6.251697 4.248365 7.068573
v 6.330405 4.210008 7.063455
v 6.318941 4.279453 7.033214
v 6.321319 4.401137 6.842737
v 6.418496 4.335700 6.804861
v 6.470223 4.353458 6.763925
v 6.236163 4.433983 6.885321
v 6.334275 4.474096 6.855792
v 6.277916 4.515449 6.907081
v 6.210299 4.472470 6.913124
v 6.523908 4.218157 7.110071
v 6.591171 4.117922 7.048856
v 6.569249 4.072390 6.967739
v 6.521134 4.150795 7.001249
v 6.577605 4.059153 7.008936
v 6.625108 4.136812 7.028777
v 6.599109 4.199082 7.048529
v 6.637795 3.960585 6.968098
v 6.612671 3.870884 6.964536
v 6.652785 4.032107 6.991253
v 6.644581 4.054596 6.944686
v 6.642620 4.083035 6.956542
v 6.191166 4.426368 6.966096
v 6.380099 4.173466 7.224036
v 6.413734 4.080433 7.202477
v 6.400111 4.109956 7.212172
v 6.406049 4.067709 7.118390
v 6.362739 4.130865 7.121988
v 6.385983 4.043919 7.140144
v 6.328717 4.130435 7.151884
v 6.350403 4.098037 7.156338
v 6.340224 4.146947 7.116749
v 6.446208 4.197236 7.108043
v 6.409765 4.247916 7.161734
v 6.418312 4.320588 7.147621
v 6.428924 4.169586 7.155218
v 6.411984 4.186612 7.193612
v 6.454005 4.111863 7.159389
v 6.450913 4.023400 7.165030
v 6.429090 4.036093 7.097459
v 6.407652 4.001015 7.124958
v 6.498378 4.015670 7.116858
v 6.477692 4.061241 7.144175
v 6.238242 4.242434 7.120855
v 6.360847 4.502760 6.909631
v 6.455053 4.431255 6.831569
v 6.421945 4.470214 6.912594
v 6.566572 4.268146 7.064753
v 6.278189 4.196459 7.133976
v 6.295008 4.198747 7.092143
v 6.244118 4.362829 6.965664
v 6.464522 4.228005 6.944931
v 6.443215 4.281432 6.875826
v 6.383474 4.273984 6.988357
v 6.439456 4.319520 6.838453
v 6.351156 4.342124 6.917621
v 6.421462 4.199829 7.049299
v 6.455228 4.187734 7.035410
v 6.577160 3.882507 6.950444
v 6.581744 3.951408 6.968035
v 6.651682 4.061895 7.000472
v 6.635006 3.980850 6.922391
v 6.577140 3.971000 6.924960
v 6.565978 3.893872 6.913715
v 6.595500 4.229656 6.992877
v 6.589465 4.205917 6.970623
v 6.611612 4.193574 6.991864
v 6.545327 4.345066 6.843406
v 6.540113 4.318966 6.817766
v 6.570512 4.311515 6.837815
v 6.583771 4.286131 6.911340
v 6.571067 4.258602 6.885976
v 6.597896 4.256490 6.909233
v 6.622397 4.152373 6.980103
v 6.518320 4.137935 7.032530
v 6.629024 3.905192 6.898222
v 6.606827 3.865707 6.902557
v 6.631647 3.882608 6.951370
v 6.608246 3.853034 6.933379
v 6.584650 3.856098 6.942821
v 6.446931 4.398677 7.074104
v 6.552879 4.336682 6.805689
v 6.580680 4.309298 6.969422
v 6.613264 4.223930 6.960662
v 6.561912 4.352891 6.891846
v 6.579813 4.289437 6.884222
v 6.449950 4.449718 6.954980
v 6.457141 4.437234 6.992280
v 6.447979 4.414140 7.032890
v 6.459153 3.966328 7.131306
v 6.477942 3.983339 7.142405
v 6.437106 4.125942 7.190315
v 6.444653 4.094963 7.183711
v 6.510777 4.404322 6.827759
v 6.606297 4.152341 6.946133
v 6.572750 4.112142 6.863647
v 6.521123 4.203032 6.911133
v 6.576692 4.088218 6.900897
v 6.526448 4.190117 6.940858
v 6.631620 4.166478 6.927046
v 6.640675 3.970117 6.832957
v 6.663230 4.054846 6.875169
v 6.653297 4.080578 6.829377
v 6.650984 4.110542 6.844853
v 6.569541 3.944210 6.836672
v 6.584451 4.012657 6.864500
v 6.661640 4.086322 6.887896
v 6.634943 3.987600 6.795228
v 6.579072 4.033307 6.825266
v 6.563347 3.962622 6.800702
v 6.624618 4.183543 6.878885
v 6.616665 3.904725 6.760270
v 6.584040 3.871244 6.762521
v 6.620059 3.881611 6.806832
v 6.587973 3.857881 6.793970
v 6.562402 3.888107 6.822484
v 6.573130 4.212022 6.863521
v 6.541404 4.179538 6.783832
v 6.495330 4.260316 6.840084
v 6.546452 4.154902 6.816558
v 6.503539 4.243746 6.865607
v 6.563224 4.191400 6.854202
v 6.596323 4.226595 6.845535
v 6.605856 4.047350 6.742817
v 6.576464 3.956520 6.728477
v 6.627959 4.126234 6.786293
v 6.618608 4.149116 6.745763
v 6.614879 4.178909 6.764061
v 6.542022 4.025252 6.748344
v 6.556318 4.088006 6.777761
v 6.626048 4.154467 6.800464
v 6.577228 4.073297 6.699625
v 6.602089 4.067577 6.709633
v 6.549644 4.110031 6.742375
v 6.534958 4.044499 6.716728
v 6.587958 4.245480 6.801874
v 6.587999 3.993838 6.671496
v 6.558791 3.959687 6.670846
v 6.592651 3.969812 6.712241
v 6.564163 3.943853 6.702774
v 6.529964 4.274386 6.796921
v 6.498773 4.260884 6.731625
v 6.453409 4.311800 6.770073
v 6.507853 4.239248 6.759784
v 6.463427 4.299851 6.794320
v 6.563084 4.298024 6.782464
v 6.573560 4.153944 6.693533
v 6.548139 4.077319 6.680061
v 6.558863 4.140474 6.712334
v 6.585916 4.204258 6.726257
v 6.574486 4.230199 6.690638
v 6.571790 4.254330 6.707311
v 6.505873 4.123269 6.694907
v 6.520407 4.199080 6.728474
v 6.581777 4.232844 6.742596
v 6.566867 4.171353 6.665826
v 6.513419 4.220134 6.698468
v 6.506130 4.148166 6.667527
v 6.550206 4.313681 6.744560
v 6.555217 4.117219 6.635034
v 6.534842 4.083025 6.629612
v 6.562392 4.091060 6.665653
v 6.538223 4.068304 6.655189
v 6.517053 4.377219 6.784830
v 6.544066 4.363423 6.813555
v 5.335483 5.318821 7.399608
v 4.921669 5.618190 8.075861
v 4.209787 5.734654 8.766324
v 4.404999 5.773468 8.643233
v 4.288184 5.764438 8.725657
v 4.335807 5.711694 8.714877
v 4.396475 5.878122 8.551739
v 4.450925 5.832520 8.548775
v 4.350134 5.845119 8.397570
v 4.358924 5.822597 8.649882
v 4.317518 5.895845 8.431859
v 4.377330 5.888524 8.491882
v 5.210132 5.019178 7.971517
v 5.381020 5.144121 8.046683
v 5.423035 5.327028 8.027693
v 5.029639 5.373705 7.721160
v 5.205173 5.023357 7.842580
v 5.424283 5.399425 7.838993
v 5.372812 5.076331 7.931133
v 5.468051 5.218586 7.932675
v 5.156813 5.451746 7.647972
v 5.306622 5.493637 7.721497
v 5.081959 5.126480 7.706355
v 5.067750 5.242393 7.671180
v 5.128767 5.525993 7.742171
v 5.314597 5.522268 7.886648
v 4.998333 5.193962 7.758857
v 4.480668 4.573866 7.882410
v 4.798521 4.580811 8.084249
v 4.582524 4.085206 8.651606
v 4.804091 4.076519 8.428495
v 4.871273 4.036175 8.194759
v 4.797929 4.000690 7.970410
v 4.517776 4.021861 7.745892
v 4.378145 4.666323 8.912284
v 5.377577 5.488830 7.770354
v 5.096509 5.360853 7.639042
v 5.491538 5.309363 7.910175
v 5.280162 4.992878 7.895019
v 5.465856 5.132565 7.960996
v 5.192710 5.494204 7.644334
v 5.054738 5.174143 7.682718
v 5.161709 5.018116 7.810198
v 5.153204 5.462992 7.636768
v 5.308506 5.509152 7.718575
v 5.067499 5.126610 7.708782
v 5.347015 5.033857 7.922280
v 5.057123 5.240020 7.658881
v 5.374730 5.394581 7.854545
v 4.446281 4.976263 7.921282
v 4.735274 5.266239 8.078673
v 4.457379 4.814308 7.896174
v 4.780192 5.139208 8.075171
v 4.516802 5.773465 8.281465
v 4.607400 5.272379 8.013542
v 4.625794 5.119927 8.003418
v 4.643164 4.835123 7.963906
v 4.640283 4.967916 7.962317
v 4.547544 5.538170 8.121758
v 4.660980 4.308123 7.902016
v 4.681783 4.009639 7.844081
v 4.687120 4.580128 7.937654
v 4.244371 5.744031 8.184126
v 4.282207 5.446372 8.025772
v 4.306106 5.114824 7.933619
v 4.311695 4.946793 7.901693
v 4.294272 4.343710 7.811360
v 4.304922 4.046601 7.720692
v 4.313970 3.897964 7.736897
v 4.302251 4.587264 7.865484
v 4.310382 4.793759 7.863686
v 4.598504 5.772941 8.341991
v 4.792884 4.887629 8.751793
v 4.681021 4.846417 8.860753
v 4.730352 5.106647 8.857028
v 4.375062 4.059412 8.723642
v 4.362731 3.959604 8.748676
v 4.311525 4.297999 8.832141
v 4.519261 4.322206 8.761509
v 4.844277 4.506287 8.405510
v 4.797999 4.442282 8.555913
v 4.655668 4.249597 8.621511
v 4.684591 4.089108 8.568432
v 4.687680 3.979791 8.613404
v 4.660456 4.533319 8.754279
v 4.669649 4.737406 8.820978
v 4.648167 4.377755 8.704655
v 4.409794 4.928406 8.974929
v 4.548804 4.974289 8.930446
v 4.318769 4.174715 8.771939
v 4.858217 4.213058 8.338334
v 5.353737 5.391261 8.098530
v 5.237728 5.553618 7.952589
v 5.326070 5.208854 8.143919
v 5.069103 5.549717 7.844111
v 4.731396 5.754352 8.523769
v 4.630419 5.796790 8.525404
v 5.180349 5.600598 8.274268
v 5.253541 5.526097 8.153220
v 5.383101 5.433895 7.974428
v 5.319147 5.469939 8.054113
v 4.768788 5.753773 8.528040
v 5.036613 5.696087 8.475389
v 5.116767 5.654691 8.375593
v 4.867488 5.729272 8.535746
v 5.459744 5.377864 7.864655
v 4.402703 5.629217 8.776934
v 4.469838 5.529244 8.816089
v 4.512801 5.444601 8.846887
v 4.767583 5.223892 8.813305
v 4.689784 5.205738 8.858264
v 4.883404 5.031243 8.704170
v 4.263137 5.598102 8.095378
v 4.370011 5.603093 8.111354
v 4.368149 4.008509 8.739941
v 4.569982 4.032852 8.693052
v 4.827067 3.993067 8.461792
v 4.891662 3.918360 8.209500
v 4.703989 4.020626 8.586538
v 4.846449 3.840150 7.980728
v 4.718684 3.832366 7.857438
v 4.466567 2.748780 9.652986
v 4.716040 2.723875 9.647033
v 4.816530 2.616760 9.586191
v 4.366385 2.350066 9.409662
v 4.294260 2.518813 9.569639
v 4.352118 2.719173 9.618150
v 4.394654 2.472930 9.777813
v 4.534797 2.529671 9.798888
v 4.713062 2.419138 9.829659
v 4.848255 2.523963 9.514179
v 4.821249 2.282969 9.722319
v 4.369760 2.312097 9.762111
v 4.466801 2.245878 9.309472
v 4.694392 2.279696 9.303717
v 4.768058 1.895797 10.109784
v 4.653556 2.079887 10.015348
v 4.517492 2.084162 10.035031
v 4.892352 1.909750 9.846133
v 4.802945 2.229941 9.478683
v 4.430811 1.951054 9.751911
v 4.468883 1.943124 9.640707
v 4.460507 1.779774 9.972584
v 4.443451 1.996050 9.891273
v 4.521976 2.171513 9.387240
v 4.648918 2.196428 9.977117
v 4.814377 2.109845 9.884928
v 4.675568 2.369884 9.902542
v 4.521796 2.395902 9.926964
v 4.502162 2.217226 10.012619
v 4.383557 2.221144 9.819918
v 4.833526 1.840415 9.670571
v 4.697669 1.802533 9.628974
v 4.868275 1.915191 10.009680
v 4.520092 1.876752 10.089175
v 4.752974 1.610950 9.673282
v 4.321471 2.647512 9.557449
v 4.312222 2.418707 9.525850
v 4.838943 2.368665 9.381757
v 4.623350 2.227031 9.331888
v 4.720625 2.201833 9.401669
v 4.810445 2.248331 9.609623
v 4.492219 2.746651 9.657252
v 4.551493 2.758849 9.668000
v 4.596117 2.550668 9.800279
v 4.543543 2.237587 9.332422
v 4.729876 2.265712 9.314919
v 4.730922 2.468530 9.792887
v 4.755865 2.314602 9.810526
v 4.631517 2.755662 9.670844
v 4.462993 2.417459 9.847190
v 4.376976 2.276947 9.788786
v 4.483138 2.538293 9.794033
v 4.816149 2.048713 9.886524
v 4.877131 1.913629 9.950974
v 4.845924 2.485101 9.481043
v 4.658989 1.887420 10.100719
v 4.503754 2.295336 9.987681
v 4.652617 2.272093 9.963695
v 4.775003 2.262564 9.828307
v 4.876874 1.699931 9.695186
v 4.962408 1.742540 9.896910
v 4.941448 1.755923 9.965666
v 4.949618 1.751524 9.929835
v 3.543702 2.325419 9.248788
v 3.315086 2.303351 9.148089
v 3.254114 2.223301 9.025014
v 3.766397 2.034577 8.942141
v 3.752667 2.136193 9.169820
v 3.665960 2.309876 9.248788
v 3.577060 2.006457 9.307722
v 3.435056 2.048472 9.286098
v 3.274167 1.922562 9.196714
v 3.259452 2.160726 8.920806
v 3.243916 1.848357 9.018862
v 3.626243 1.867108 9.258462
v 3.718062 1.970767 8.785398
v 3.502666 2.003858 8.711345
v 3.404099 1.284712 8.908785
v 3.377286 1.471962 9.089581
v 3.451402 1.461160 9.206168
v 3.424253 1.518524 8.747855
v 3.350244 1.898399 8.812680
v 3.706360 1.617329 9.110924
v 3.719991 1.342078 9.063037
v 3.612596 1.527676 9.169098
v 3.648580 1.882504 8.824073
v 3.322824 1.587437 9.161210
v 3.295064 1.598683 8.963491
v 3.280241 1.825568 9.237671
v 3.392440 1.836743 9.341570
v 3.400003 1.582099 9.293998
v 3.587471 1.748545 9.281240
v 3.569591 1.625093 8.712314
v 3.697651 1.642271 8.786785
v 3.372565 1.382164 8.811277
v 3.568848 1.290988 9.096114
v 3.795209 1.517117 8.653985
v 3.723398 2.263457 9.183174
v 3.763552 2.058864 9.093956
v 3.330737 2.060267 8.757815
v 3.566350 1.945089 8.744483
v 3.455819 1.901253 8.768718
v 3.297861 1.865837 8.924537
v 3.518538 2.321883 9.242866
v 3.458001 2.329488 9.235443
v 3.378478 2.069110 9.269510
v 3.639528 1.955152 8.776580
v 3.467472 1.986780 8.704284
v 3.268678 1.992099 9.181446
v 3.263352 1.832802 9.120605
v 3.382517 2.325290 9.208861
v 3.486494 1.915232 9.320427
v 3.605787 1.819286 9.272765
v 3.483626 2.060022 9.305409
v 3.339055 1.559731 8.919209
v 3.388631 1.432098 8.792400
v 3.277290 2.135587 8.880019
v 3.476564 1.287472 8.991182
v 3.383305 1.674826 9.329730
v 3.290801 1.666739 9.208886
v 3.253750 1.772148 9.094813
v 3.651593 1.543850 8.603770
v 3.488796 1.392321 8.612438
v 3.462765 1.339616 8.655917
v 3.476104 1.368363 8.636797
v 4.017111 0.501764 8.285480
v 3.948019 0.402248 8.301378
v 4.112975 0.450387 8.542434
v 4.149740 0.540552 8.308950
v 3.864610 0.420871 8.456603
v 3.954615 0.427377 8.582620
v 3.888811 0.419177 8.543222
v 4.067426 0.438941 8.567486
v 3.769294 1.249771 8.442681
v 3.668885 1.090347 8.454029
v 3.497377 1.188871 8.608898
v 3.795192 1.014883 8.930572
v 3.926584 1.101377 8.866473
v 3.965318 1.268064 8.569411
v 3.884496 1.268100 8.482862
v 3.556940 0.973841 8.812625
v 3.685734 0.981161 8.927789
v 3.509611 1.026271 8.700380
v 3.534475 1.305920 8.548778
v 3.707219 1.446850 8.529946
v 4.094318 0.532204 8.274943
v 3.861238 0.842155 8.379476
v 3.965118 0.884317 8.385482
v 3.931604 0.742090 8.755733
v 4.020489 0.797252 8.705645
v 3.768991 0.778051 8.451295
v 3.740288 0.696578 8.651678
v 4.057201 0.900165 8.453094
v 3.715139 0.720534 8.551369
v 3.841306 0.702399 8.759313
v 4.146315 0.466388 8.520695
v 3.617643 0.975461 8.525832
v 3.524797 1.237425 8.576662
v 3.683988 1.033655 8.482260
v 3.833168 0.813899 8.426647
v 3.601230 0.972938 8.859449
v 3.765980 0.690352 8.701354
v 3.732486 0.996746 8.920817
v 3.878452 0.720816 8.751794
v 3.438614 1.260268 8.692956
v 3.744994 1.340615 8.473211
v 3.856415 1.419350 8.592162
v 3.596986 1.188327 8.492672
v 4.918855 0.757271 10.351286
v 4.943425 0.763584 10.480384
v 4.650985 0.788919 10.453823
v 4.822644 0.697410 10.270168
v 4.866754 0.894320 10.570333
v 4.713190 0.888357 10.579380
v 4.784103 0.908128 10.603903
v 4.657839 0.820731 10.500766
v 4.938642 1.388366 9.854329
v 4.985967 1.384023 10.036998
v 4.958827 1.631853 10.067829
v 4.523049 1.495226 10.185608
v 4.500466 1.414536 10.037850
v 4.722309 1.323117 9.792983
v 4.839604 1.336709 9.801935
v 4.756341 1.583055 10.286709
v 4.588087 1.553750 10.259574
v 4.875759 1.586748 10.229143
v 4.987508 1.634908 9.934191
v 4.904518 1.575294 9.735157
v 4.882927 0.713798 10.290137
v 4.934309 1.085992 10.149541
v 4.869912 1.037268 10.071544
v 4.585407 1.173967 10.314050
v 4.575605 1.114325 10.215060
v 4.928213 1.154338 10.263859
v 4.780285 1.233473 10.403394
v 4.761737 1.014324 10.038776
v 4.876959 1.213136 10.364549
v 4.634168 1.219180 10.386989
v 4.648995 0.766880 10.413113
v 4.592793 1.257298 9.904601
v 4.955894 1.397846 10.178010
v 4.969764 1.621013 10.005288
v 4.953763 1.358844 10.087672
v 4.911689 1.115018 10.199111
v 4.692551 1.574857 10.282393
v 4.724831 1.237087 10.412245
v 4.566988 1.525273 10.224629
v 4.619069 1.198616 10.353453
v 4.924468 1.751292 10.054780
v 4.928356 1.466652 9.794826
v 4.767547 1.487571 9.714415
v 4.996505 1.503444 9.993517
v 4.196149 3.021330 7.878870
v 4.152463 3.726475 8.769037
v 4.099129 3.090386 8.930680
v 4.201395 2.850812 8.230950
v 4.155925 2.847529 8.403530
v 4.191596 3.244062 7.770426
v 4.069417 3.305173 9.033154
v 4.075107 3.429980 9.001280
v 4.117939 3.590345 8.882115
v 4.179760 2.850136 8.225447
v 4.203046 2.855047 8.437921
v 4.418882 2.544388 8.849882
v 4.414562 3.746610 8.741706
v 4.685920 2.983908 8.110909
v 4.681189 3.052424 8.057455
v 4.804050 2.681419 8.728151
v 4.649426 3.816786 8.585342
v 4.484634 3.218896 7.829566
v 4.483485 3.304472 9.221307
v 4.789849 3.329898 9.067239
v 4.135575 2.954350 9.172032
v 4.491963 3.528136 7.803247
v 4.814600 3.513154 8.080686
v 4.874088 3.666940 8.323662
v 4.643687 3.194941 7.941850
v 4.902434 3.176318 8.496346
v 4.901676 3.530538 8.564774
v 4.877077 3.361773 8.295378
v 4.719833 2.828726 8.406229
v 4.833493 2.937790 8.522516
v 4.796545 2.974950 8.354465
v 4.798089 3.691204 8.565212
v 4.815116 3.737343 8.438306
v 4.400482 2.814626 8.140352
v 4.687206 2.876049 8.277919
v 4.891749 3.586006 8.485086
v 4.961625 2.946637 8.918077
v 4.893112 3.463912 8.381127
v 4.849564 3.579928 8.200896
v 4.915494 3.370200 8.489372
v 4.911572 3.180206 9.023106
v 4.591798 3.398915 9.119115
v 4.916122 2.708601 8.964090
v 4.612708 2.605602 8.721912
v 4.725511 2.591368 8.757071
v 4.409125 2.758286 8.312535
v 4.400925 2.917360 7.959102
v 4.895688 3.268980 8.395269
v 4.533131 2.755893 8.302694
v 4.423525 3.878256 8.702917
v 4.642529 3.890005 8.590981
v 4.770873 3.869599 8.467762
v 4.814426 3.687550 7.998527
v 4.844464 3.799635 8.249846
v 4.498212 3.741879 7.793805
v 4.691107 3.471757 7.932151
v 4.673398 3.689314 7.887100
v 4.784081 3.152680 8.162966
v 4.791252 3.096512 8.228712
v 4.756022 3.217531 8.091122
v 4.399716 3.780649 8.698939
v 4.643859 3.817174 8.578823
v 4.820315 3.743112 8.417632
v 4.864712 3.676756 8.305242
v 4.804450 3.529221 8.079241
v 4.486487 3.548532 7.814698
v 4.686887 3.488182 7.936970
v 4.350938 3.237792 9.254007
v 4.127728 3.333420 9.026308
v 4.223217 3.032624 9.251947
v 4.291102 3.118987 9.302358
v 4.115715 3.265111 9.013244
v 4.489492 3.154386 9.376404
v 4.621172 3.186365 9.377499
v 4.389214 3.127884 9.337863
v 4.806685 3.137026 9.329671
v 4.917681 3.007845 9.205589
v 4.145949 3.411673 9.012024
v 4.928820 3.328422 8.848651
v 4.918941 3.111691 8.641072
v 4.141145 3.451649 8.992834
v 4.163745 2.859330 9.070557
v 4.213760 3.621217 8.856112
v 4.625941 3.766224 8.656815
v 4.231820 3.584779 8.876735
v 4.402094 3.691605 8.807312
v 4.216600 3.548971 8.925739
v 4.521362 2.973676 7.966698
v 4.560177 2.830038 8.178896
v 4.608594 2.780717 8.340677
v 4.750578 2.729462 8.634111
v 4.862303 2.872396 8.689202
v 4.946123 3.006581 8.817475
v 4.551669 2.652870 8.548523
v 4.418107 2.670845 8.533442
v 4.682806 2.688442 8.588828
v 4.963243 2.876230 9.022188
v 4.918160 3.094620 9.114906
v 4.603588 3.305955 9.195293
v 4.784585 3.271726 9.181590
v 4.640721 2.487052 8.839533
v 4.614082 2.385746 8.917900
v 4.437488 2.628261 8.735352
v 4.288175 2.781747 8.701649
v 4.846828 2.600898 8.888307
v 4.889495 2.791020 8.842647
v 4.758830 2.527750 8.865194
v 4.194371 3.397118 7.771895
v 4.496968 3.359275 7.819192
v 4.653301 3.315956 7.933885
v 4.741020 3.326545 8.032108
v 4.871207 3.432157 8.212530
v 4.889352 3.525541 8.306849
v 4.403465 3.786667 8.708173
v 4.428429 2.543864 8.905128
v 4.874151 2.726409 9.098982
v 4.226150 2.898666 9.220183
v 4.389830 2.865692 9.538445
v 4.325822 2.835476 9.487945
v 4.827325 2.642339 9.018767
v 4.584773 2.335331 9.131292
v 4.736425 2.378656 9.157947
v 4.703556 2.379900 9.162061
v 4.530193 3.024863 9.471672
v 4.281549 2.754070 9.462139
v 4.258194 2.697790 9.412234
v 4.274101 2.596182 9.322722
v 4.457983 2.364429 9.151045
v 4.404457 2.446546 8.960623
v 4.924345 2.848816 9.372461
v 4.948874 2.703117 9.235620
v 4.820836 2.454978 9.003843
v 4.191543 2.843563 9.315023
v 4.401353 2.996603 9.502853
v 4.669571 2.996309 9.507309
v 4.283390 2.922833 9.425531
v 4.183793 2.730424 9.204617
v 4.217980 2.634288 9.097365
v 4.937985 2.581495 9.117869
v 4.832903 2.940005 9.453543
v 4.520806 3.015445 9.531198
v 4.418411 2.459146 8.971135
v 4.906874 2.844317 9.363298
v 4.927668 2.713185 9.232551
v 4.808344 2.469903 9.010509
v 4.214017 2.847665 9.319264
v 4.412839 2.985581 9.487370
v 4.661349 2.984075 9.491899
v 4.297112 2.916628 9.417875
v 4.203659 2.738028 9.214910
v 4.614026 2.397515 8.928283
v 4.362157 2.960104 9.463350
v 4.914674 2.594120 9.115198
v 4.817416 2.927774 9.439143
v 4.523778 3.001714 9.512675
v 3.878246 2.410026 8.497733
v 3.825677 3.656832 8.775306
v 3.747286 3.010896 7.940494
v 3.755370 3.087098 7.910994
v 3.539751 2.578246 8.294946
v 3.626620 3.732141 8.606473
v 3.917494 3.238401 7.794590
v 3.599020 3.019774 9.049598
v 3.362056 3.071209 8.805941
v 3.976510 2.747037 9.049996
v 3.915337 3.561924 7.788205
v 3.620915 3.562455 7.993843
v 3.481553 3.651367 8.247006
v 3.788486 3.235339 7.851809
v 3.462050 3.121594 8.217180
v 3.403731 3.432384 8.400195
v 3.513134 3.361463 8.114151
v 3.680573 2.805729 8.123371
v 3.545093 2.887023 8.191493
v 3.612183 2.964212 8.091078
v 3.486237 3.589521 8.492381
v 3.501762 3.689646 8.393105
v 4.007283 2.818571 8.040769
v 3.730042 2.877937 8.047935
v 3.432321 3.512252 8.354738
v 3.297235 2.761825 8.491738
v 3.460119 3.430841 8.217520
v 3.540398 3.604144 8.109669
v 3.412390 3.307667 8.268027
v 3.268844 2.946581 8.674603
v 3.522788 3.125473 8.947746
v 3.353948 2.522572 8.471990
v 3.730295 2.509708 8.332286
v 3.614853 2.483961 8.319114
v 3.984236 2.745189 8.169253
v 4.002846 2.926199 7.904371
v 3.473055 3.242724 8.162813
v 3.875119 2.747831 8.102057
v 3.757446 3.538497 7.875029
v 3.651670 3.183184 7.983656
v 3.635428 3.113374 8.022379
v 3.686508 3.260967 7.946878
v 3.718191 2.969042 9.112566
v 4.010708 3.272486 9.019567
v 3.860213 2.788928 9.106416
v 3.771448 2.844451 9.145446
v 4.026205 3.217009 9.003699
v 4.006899 2.599954 8.782677
v 3.561325 2.815760 9.135165
v 3.435709 2.830489 9.092199
v 3.668710 2.823550 9.137911
v 3.283748 2.800007 8.969255
v 3.237134 2.720476 8.779167
v 3.997710 3.349918 9.008695
v 3.319232 3.142833 8.566756
v 3.407952 3.011964 8.315757
v 4.010745 3.402832 8.992666
v 3.996418 2.673831 8.919136
v 4.019611 3.581284 8.869631
v 3.614383 3.644050 8.655489
v 3.969026 3.516724 8.889328
v 3.802341 3.574512 8.823604
v 3.957945 3.472980 8.931540
v 3.890201 2.991816 7.882090
v 3.858608 2.838995 8.008937
v 3.797937 2.768399 8.103851
v 3.614598 2.655552 8.246738
v 3.474552 2.770835 8.301374
v 3.337445 2.852670 8.427826
v 3.823642 2.600004 8.248548
v 3.944068 2.620731 8.310417
v 3.691609 2.627540 8.227913
v 3.270159 2.659987 8.560259
v 3.262585 2.832735 8.728746
v 3.497112 3.007307 8.977131
v 3.336558 2.977374 8.889803
v 3.679971 2.357939 8.388027
v 3.691608 2.235982 8.433908
v 3.887730 2.530290 8.430252
v 4.012729 2.699027 8.536179
v 3.456957 2.447575 8.395117
v 3.408665 2.641706 8.400832
v 3.555939 2.387036 8.382219
v 3.912463 3.389682 7.788957
v 3.789675 3.371558 7.855817
v 3.707820 3.383398 7.922670
v 3.545335 3.452455 8.067769
v 3.489111 3.511521 8.177414
v 3.874969 3.731125 8.745025
v 3.273437 2.605424 8.856824
v 3.346754 2.493173 8.611125
v 3.856198 2.654294 9.060610
v 3.602729 2.650418 9.167732
v 3.638844 2.474733 9.212319
v 3.719086 2.463845 9.180649
v 3.655139 2.115548 8.615849
v 3.499045 2.146675 8.599995
v 3.528322 2.146527 8.615540
v 3.335315 2.608107 9.015590
v 3.779017 2.396346 9.147405
v 3.824191 2.360652 9.093657
v 3.851173 2.295846 8.976775
v 3.763816 2.136472 8.687012
v 3.990192 0.293514 8.228539
v 3.866421 2.279048 8.564484
v 3.203285 2.513418 8.874705
v 3.207977 2.426085 8.691733
v 3.461254 2.270963 8.459201
v 3.893887 2.568004 9.108856
v 3.621680 2.622478 9.227390
v 3.371066 2.607309 9.128629
v 3.763492 2.598353 9.191043
v 3.951834 2.490617 8.978252
v 3.968275 2.427040 8.837461
v 3.298556 2.350385 8.558971
v 3.242683 2.572384 9.006008
v 3.500186 2.617520 9.207949
v 3.848353 2.287241 8.572876
v 3.223208 2.512383 8.871328
v 3.228399 2.436633 8.699939
v 3.468930 2.282734 8.474226
v 3.871490 2.567201 9.103608
v 3.617853 2.614028 9.204151
v 3.385331 2.601123 9.114034
v 3.754485 2.591056 9.175087
v 3.929261 2.492726 8.980959
v 3.686805 2.243479 8.446833
v 3.675006 2.606555 9.198483
v 3.319714 2.363227 8.568836
v 3.263419 2.565876 8.994851
v 3.505174 2.610963 9.186210
v 3.900239 3.855115 8.729744
v 3.681330 3.853794 8.618799
v 3.564788 3.841958 8.476501
v 3.611462 3.736917 7.963249
v 3.520602 3.793943 8.236381
v 3.901977 3.775233 7.793474
v 3.753716 3.744740 7.873290
v 3.886832 3.731735 8.732809
v 3.636642 3.737483 8.602334
v 3.504943 3.694166 8.379308
v 3.496523 3.657677 8.241483
v 3.628400 3.577482 8.000279
v 3.918861 3.581347 7.802114
v 3.759482 3.553801 7.884344
v 4.974185 0.656748 10.637529
v 4.830359 0.751681 10.772917
v 4.654233 0.681018 10.429571
v 4.934052 0.637542 10.386277
v 4.619095 0.324331 11.077340
v 4.704978 0.466036 11.006627
v 4.644488 0.336874 10.933941
v 4.689214 0.447073 10.843674
v 4.674303 0.355262 10.829728
v 5.072663 0.368501 10.904096
v 5.029409 0.467261 10.899825
v 4.854048 0.305726 10.267428
v 4.642260 0.164081 11.096479
v 5.048292 0.264428 11.194549
v 4.900467 0.386934 11.285382
v 4.989516 0.427629 11.158870
v 4.747861 0.342235 11.289818
v 4.910700 0.306729 11.323391
v 4.625185 0.244656 11.097033
v 4.667139 0.314620 11.216900
v 4.659665 0.240236 11.262639
v 4.700969 0.281710 10.800804
v 4.742769 0.307479 10.672477
v 4.750230 0.254499 10.654596
v 4.756499 0.285713 10.401766
v 4.745705 0.343599 10.415865
v 4.844984 0.335466 10.255514
v 4.832932 0.389184 10.282041
v 5.091187 0.377000 10.435563
v 5.065022 0.436779 10.463304
v 5.088675 0.345805 10.638646
v 5.061248 0.403852 10.658322
v 4.629618 0.188645 11.102081
v 4.644131 0.197461 10.953011
v 4.644027 0.249328 10.951210
v 5.098173 0.321073 10.875422
v 5.106034 0.303302 11.044039
v 5.088262 0.341431 11.040319
v 5.049557 0.285363 11.201523
v 5.034445 0.324690 11.189156
v 4.921742 0.265159 11.336571
v 4.761358 0.235155 11.342407
v 4.756004 0.276161 11.328867
v 4.707741 0.227802 10.789554
v 4.661270 0.199223 11.274328
v 4.853422 0.229358 11.339953
v 4.837739 0.290875 11.337238
v 4.823918 0.363289 11.298887
v 4.846726 0.249665 11.350565
v 4.986068 0.316829 11.258660
v 4.939670 0.413430 11.227568
v 5.005328 0.256340 11.256790
v 5.003691 0.277219 11.266892
v 4.637199 0.315043 11.165143
v 4.632789 0.239295 11.183647
v 4.636013 0.190562 11.193040
v 4.733435 0.325076 10.532133
v 4.742816 0.268442 10.517038
v 4.910112 0.411827 10.252628
v 4.926929 0.360809 10.229660
v 5.031025 0.445337 11.012094
v 4.819435 0.503861 11.054390
v 4.955444 0.486761 11.035989
v 5.007702 0.576365 10.689001
v 4.681379 0.495501 10.725872
v 4.689189 0.526440 10.586654
v 4.697810 0.530340 10.443736
v 4.796593 0.511438 10.325530
v 5.029220 0.582759 10.507230
v 4.702392 0.538945 10.898420
v 4.947620 0.557883 10.941634
v 4.825867 0.571357 10.972508
v 4.990459 0.575789 10.448833
v 4.964249 0.564155 10.392945
v 4.869450 0.525734 10.306033
v 3.888125 0.301960 8.362771
v 3.867527 0.388156 8.558049
v 4.005545 0.388293 8.614266
v 4.200647 0.415975 8.473181
v 4.089601 0.371734 8.198977
v 3.937117 0.146558 8.996381
v 3.890238 0.251239 8.857454
v 4.007007 0.142256 8.868075
v 4.009371 0.224508 8.745616
v 4.047504 0.144522 8.765887
v 3.700497 0.041327 8.583315
v 3.716058 0.148096 8.582344
v 4.261773 -0.000955 8.413089
v 4.020061 -0.013991 8.913312
v 3.567482 -0.007306 9.025444
v 3.582546 0.133634 8.974386
v 3.588684 0.137914 8.814590
v 3.702308 0.137430 9.079024
v 3.566483 0.056504 9.016519
v 3.935700 0.070088 9.026765
v 3.814352 0.131161 9.077444
v 3.805427 0.065376 9.134660
v 4.060490 0.064762 8.745223
v 4.105950 0.068992 8.615628
v 4.122183 0.015262 8.609991
v 4.272330 0.027954 8.404487
v 4.265079 0.086683 8.399969
v 4.289674 0.039843 8.227704
v 4.279107 0.104317 8.231245
v 4.175138 0.034016 8.128592
v 4.172923 0.099246 8.125234
v 3.985430 0.015750 8.206671
v 3.984607 0.081362 8.214899
v 3.862010 -0.000969 8.375084
v 3.858526 0.063716 8.392761
v 3.940190 0.015758 9.041274
v 4.022536 0.010855 8.915953
v 4.013565 0.060129 8.902351
v 3.709051 -0.013214 8.557343
v 3.599337 -0.022415 8.686523
v 3.607463 0.019006 8.685194
v 3.544720 -0.013023 8.845400
v 3.556132 0.028218 8.835557
v 3.558029 0.014406 9.029934
v 3.679811 0.034616 9.136789
v 3.684364 0.074438 9.119851
v 4.073198 0.010752 8.745312
v 3.804851 0.026567 9.152402
v 3.615191 0.064269 9.074257
v 3.635679 0.135049 9.035836
v 3.608106 0.023143 9.088920
v 3.549504 0.039496 8.919592
v 3.584910 0.143556 8.900377
v 3.548222 -0.023984 8.921034
v 3.538908 -0.003019 8.924831
v 3.869545 0.137506 9.055334
v 3.875943 0.067870 9.090113
v 3.877138 0.021090 9.106956
v 4.211914 -0.004974 8.500469
v 4.200711 0.077701 8.505712
v 4.212543 0.022543 8.505331
v 4.236855 0.103407 8.156182
v 4.240046 0.037677 8.153152
v 3.647690 0.133460 8.672893
v 3.767044 0.255538 8.817238
v 3.680697 0.197115 8.726351
v 3.847671 0.231622 8.401019
v 4.080055 0.250502 8.646971
v 4.157227 0.270868 8.527496
v 4.244789 0.280189 8.408061
v 4.270643 0.292479 8.240321
v 3.954305 0.230231 8.235412
v 3.944159 0.291715 8.759179
v 3.732490 0.248929 8.639973
v 3.799578 0.295850 8.734396
v 4.036830 0.253667 8.194533
v 4.098238 0.276999 8.167948
v 4.231612 0.304461 8.172820
v 4.186254 5.990435 8.946785
v 4.156124 6.034759 8.961370
v 4.102350 6.045811 8.954003
v 4.156583 5.965267 8.937278
v 4.024841 5.982330 8.942998
v 4.049667 6.029414 8.958872
v 4.057353 5.959533 8.934068
v 3.406998 4.807240 8.360673
v 3.469490 5.043579 8.721521
v 3.460031 5.034044 8.118033
v 3.401019 5.289101 8.097404
v 3.476085 4.931611 8.443302
v 3.478782 4.932388 8.442969
v 3.247557 5.604620 8.333081
v 3.254142 5.610530 8.453111
v 3.472008 4.824628 8.400393
v 3.348465 5.428319 8.140929
v 3.308017 5.520708 8.210781
v 3.007627 4.704788 8.495160
v 2.922704 4.836348 8.160306
v 2.899461 4.803517 8.294004
v 2.851437 3.973200 8.197472
v 2.979581 4.226033 8.255536
v 3.142363 4.755027 8.059179
v 3.032177 4.806915 8.050482
v 2.925082 4.759243 8.423504
v 3.120368 4.442061 8.240784
v 2.725941 3.763251 8.199344
v 2.581522 3.534894 8.168887
v 2.468248 3.314362 8.133250
v 2.223775 2.727267 8.221905
v 2.209382 2.735788 8.140234
v 2.165529 2.811099 8.140370
v 2.252624 2.650967 8.218279
v 2.331638 2.839143 8.291688
v 2.436641 3.175552 8.250364
v 2.401683 2.895053 8.332664
v 2.395060 2.856693 8.330931
v 2.385940 2.846582 8.297565
v 2.290363 3.041754 8.244171
v 2.312572 3.032872 8.261758
v 2.334653 2.961173 8.276925
v 2.317227 2.872201 8.279707
v 2.325768 2.911554 8.270643
v 2.167065 2.971263 8.048798
v 2.231973 2.951119 8.229262
v 2.259529 3.007911 8.235379
v 2.268304 2.645250 8.149377
v 2.185685 2.803398 8.232455
v 2.190387 2.894133 8.143256
v 2.203340 2.874018 8.227604
v 2.139627 2.799703 8.026611
v 2.250153 2.611107 8.084612
v 2.199775 2.692746 8.097096
v 2.186500 2.707098 8.014565
v 2.278764 2.641954 8.069156
v 2.242220 2.629598 7.998381
v 2.175076 2.883882 8.127421
v 2.137269 2.851834 7.928364
v 2.230396 2.670063 7.966268
v 2.192512 2.746269 7.984076
v 2.224278 2.692921 7.890580
v 2.250196 2.711202 7.911358
v 2.181266 2.765058 7.911202
v 2.162084 2.920576 8.027327
v 2.204510 2.773056 7.885886
v 2.229285 2.798896 7.832230
v 2.153388 2.927225 7.852565
v 2.172925 2.834952 7.903672
v 2.166715 2.903406 7.928641
v 2.198981 2.788438 7.823250
v 2.152514 3.008669 7.873733
v 2.164965 2.964207 7.941941
v 2.177871 3.009675 7.955540
v 2.241038 2.793265 7.870650
v 2.258632 2.700114 7.953792
v 2.282061 2.641240 8.195603
v 2.416806 3.039302 8.318422
v 2.408084 2.989227 8.331038
v 4.043422 5.715986 8.756009
v 3.934371 5.880032 8.403321
v 3.903621 5.792416 8.630191
v 3.869527 5.854004 8.509289
v 3.887513 5.867766 8.452579
v 3.974151 5.740620 8.709996
v 3.506639 4.523902 8.298692
v 3.465152 4.027727 8.190361
v 3.314105 4.647334 8.271605
v 3.271470 4.562534 8.275881
v 3.258006 4.560779 8.286665
v 3.484995 4.687391 8.330975
v 3.444524 3.915183 8.202249
v 4.897708 3.862997 8.222356
v 4.839041 3.813530 8.261619
v 4.920002 5.087519 8.660940
v 4.908197 5.046770 8.335665
v 4.903668 5.043713 8.342943
v 4.813917 5.250021 8.065383
v 4.777280 5.530453 8.134373
v 4.916695 5.771078 8.447442
v 4.796057 5.659360 8.228596
v 4.897040 4.913075 8.370452
v 4.835047 5.724867 8.322642
v 5.429177 5.289647 7.928105
v 5.411947 4.970953 7.519840
v 5.596725 4.816375 7.390158
v 5.410667 5.175031 7.965981
v 5.280794 5.468281 7.782175
v 5.273098 5.049677 7.923663
v 5.070672 5.344073 7.707940
v 5.143809 5.441848 7.708363
v 5.256866 5.049347 7.635492
v 5.154113 5.085165 7.827903
v 5.084101 5.207141 7.740867
v 6.165837 4.396185 7.099502
v 5.785616 4.678412 7.318717
v 5.991866 4.539309 7.208978
v 6.613038 3.949136 6.987850
v 6.623296 4.029213 7.016844
v 6.607068 3.981779 6.911373
v 6.543768 4.176823 6.969613
v 6.569526 4.129230 6.959250
v 6.620827 4.065863 6.929689
v 6.413263 4.002181 7.159159
v 6.463642 3.972866 7.102384
v 6.488107 4.027569 7.094248
v 6.458492 4.009221 7.085860
v 6.464696 4.061351 7.098039
v 6.503325 4.281477 6.813709
v 6.484560 4.181334 7.086840
v 6.586691 3.876050 6.898776
v 6.614565 3.906723 6.886373
v 6.581410 4.086210 7.034715
v 6.528491 4.143116 7.061707
v 6.602466 3.868227 6.825430
v 6.622421 3.957553 6.856754
v 6.613212 3.995146 6.781285
v 6.593946 4.173775 6.858732
v 6.626026 4.092947 6.815754
v 6.545137 4.229388 6.890049
v 6.558531 3.911448 6.777234
v 6.629623 4.049951 6.904523
v 6.586184 3.908284 6.748158
v 6.584002 4.129885 6.939751
v 6.590466 4.163575 6.737504
v 6.587940 4.034854 6.764414
v 6.558275 4.237341 6.783597
v 6.559074 3.997237 6.662688
v 6.537611 3.975129 6.728096
v 6.533050 3.998384 6.690239
v 6.596228 4.119493 6.814061
v 6.534278 4.242294 6.689177
v 6.505783 4.103340 6.638958
v 6.535414 4.108058 6.624531
v 6.542515 4.174729 6.656401
v 6.528395 4.249362 6.786159
v 6.510705 4.309981 6.733276
v 6.545483 4.197804 6.755718
v 6.488879 3.989691 7.097211
v 6.396573 4.048355 7.183125
v 6.440405 4.100472 7.119486
v 6.432434 3.971097 7.145571
v 6.346017 4.127841 7.189610
v 6.432473 4.176455 7.124197
v 6.504601 4.084589 6.674916
v 6.374057 4.083755 7.186014
v 4.271731 5.755561 8.716978
v 4.340976 5.810591 8.644547
v 4.203197 5.724008 8.759757
v 4.123394 5.709680 8.776370
v 4.372223 5.861287 8.548072
v 4.117966 5.902503 8.345448
v 4.305758 5.879991 8.447286
v 4.353222 5.872116 8.496097
v 4.990255 5.070441 8.084322
v 5.063451 5.066716 7.852379
v 4.859367 4.565709 8.292624
v 4.874656 4.228673 8.185021
v 5.121943 5.036670 7.778402
v 4.881094 4.756008 8.319779
v 4.961295 5.727004 8.539670
v 4.393264 2.174437 9.587353
v 4.544907 1.749993 9.740268
v 3.728447 1.696335 9.036576
v 3.789274 1.528071 8.912744
v 3.696111 1.820481 9.060227
v 4.001955 1.252432 8.715390
v 4.001904 1.252572 8.715447
v 3.953379 1.333999 8.732628
v 4.094455 0.878562 8.561509
v 4.039593 1.137511 8.674312
v 4.581743 1.362411 9.832908
v 4.651484 1.031391 10.072857
v 4.596231 1.446432 9.787737
v 4.105355 2.942003 8.707412
v 4.762382 3.865734 8.457336
v 4.791698 3.703122 7.997265
v 4.187524 3.814007 7.802450
v 4.527590 3.755296 7.824210
v 4.631867 3.886630 8.586434
v 4.411407 3.882827 8.701385
v 4.201895 2.764935 8.972851
v 4.146469 2.956563 8.723657
v 4.330517 2.494414 9.250413
v 4.382964 2.985061 9.415123
v 4.438793 3.020651 9.450771
v 4.890878 2.795607 9.172367
v 4.856326 2.919510 9.300818
v 4.313142 2.662392 9.007826
v 4.240686 2.941035 9.266290
v 4.588879 2.510776 8.873164
v 4.251362 2.780618 9.112092
v 4.345812 2.979834 9.396487
v 4.736786 2.542172 8.923286
v 4.632618 3.016135 9.470142
v 4.742692 2.965260 9.419298
v 4.238231 2.643126 9.106992
v 4.195954 2.865740 8.074789
v 4.086254 3.483714 8.960208
v 4.149945 3.718138 8.783415
v 4.063895 3.072624 8.921415
v 4.070618 3.396055 9.022330
v 4.070914 3.249633 9.015694
v 4.104200 3.527546 8.909117
v 4.193547 3.568073 7.772723
v 3.834587 2.224875 8.860775
v 3.298487 2.532970 8.691996
v 3.909901 2.467664 8.710327
v 3.945942 2.430103 8.838533
v 3.890011 2.630255 9.012715
v 3.714561 2.368843 8.443400
v 3.850258 2.389426 8.538390
v 3.918067 2.546633 8.864653
v 3.711546 2.637846 9.144403
v 3.670403 2.633621 9.147598
v 3.427277 2.441833 8.530038
v 3.555727 2.380730 8.445693
v 3.415449 2.638781 9.115225
v 3.509795 2.646748 9.155284
v 4.193084 3.583710 7.784486
v 3.629571 3.749609 7.969948
v 3.874085 3.790428 7.824207
v 3.694972 3.856458 8.610456
v 3.523819 3.806535 8.251386
v 4.162796 3.844258 8.754794
v 4.188822 3.791947 7.785671
v 4.728166 0.711725 10.315578
v 4.977077 0.428427 10.269876
v 4.761031 0.229609 10.653016
v 4.933825 0.330225 10.243816
v 5.095011 0.344053 10.437856
v 5.093406 0.314474 10.635338
v 4.655044 0.174932 10.951071
v 5.103998 0.282508 11.038088
v 4.720369 0.203527 10.786936
v 4.647999 0.169704 11.192665
v 4.670984 0.181054 11.265989
v 4.768094 0.215241 11.332208
v 5.100794 0.295434 10.859625
v 4.923914 0.243706 11.325803
v 4.767988 0.258245 10.413372
v 4.754479 0.243535 10.512055
v 4.991024 0.375898 10.251878
v 4.994495 0.344142 10.268124
v 4.989875 0.632036 10.481163
v 4.659575 0.635760 10.638437
v 4.694265 0.714539 10.717688
v 4.909368 0.724951 10.743156
v 4.693877 0.570111 10.447894
v 4.778062 0.622296 10.330650
v 4.844466 0.618003 10.310905
v 4.907675 0.638515 10.336664
v 4.965497 0.631881 10.436581
v 4.938704 0.551361 10.333005
v 4.178141 0.510091 8.401868
v 4.159427 0.301445 8.142523
v 4.120028 -0.011776 8.608253
v 4.281176 0.009522 8.238521
v 4.231902 0.007342 8.167181
v 3.985456 -0.016553 8.217355
v 3.866745 -0.032406 8.377148
v 3.939157 -0.011764 9.035273
v 3.608731 -0.041942 8.688081
v 3.554218 -0.032977 8.845745
v 3.613860 0.001166 9.081591
v 3.806487 0.005849 9.144523
v 4.070219 -0.016313 8.741544
v 3.722192 -0.039344 8.549711
v 3.685196 0.013025 9.129661
v 3.872538 -0.002397 9.104486
v 4.168450 0.003725 8.146539
v 3.843329 0.358544 8.481068
v 4.109214 0.348603 8.578150
v 4.232549 0.318634 8.411511
v 4.186135 0.448854 8.244609
v 4.041353 0.324548 8.205441
v 4.125942 0.433653 8.207814
v 4.211898 0.440229 8.309597
v 4.146103 5.948829 9.048146
v 4.104816 5.947288 9.059718
v 4.149947 5.953048 9.047590
v 4.211506 5.957741 9.012863
v 4.212733 5.960195 9.007123
v 4.212869 5.947817 9.044356
v 4.215492 5.949378 9.041873
v 4.107479 5.958212 8.922835
v 4.064169 5.944715 9.046224
v 4.104926 5.944225 9.061600
v 4.060006 5.947821 9.044708
v 3.998728 5.949450 9.002102
v 3.999925 5.947118 9.007899
v 3.995444 5.938330 9.036710
v 3.998091 5.937034 9.039317
v 4.243378 5.771585 8.701416
v 4.283039 6.276389 8.447515
v 3.999657 5.759347 8.695701
v 3.923362 6.258331 8.439075
v 4.156787 5.417885 8.723138
v 4.152739 5.700544 8.763596
v 4.386154 5.685092 8.569473
v 4.393214 6.352918 8.560716
v 4.119980 5.416037 8.722275
v 4.093815 5.697586 8.762213
v 3.872458 5.659304 8.557411
v 4.283969 6.651280 8.498881
v 3.800905 6.323180 8.546819
v 4.305064 6.691197 8.558871
v 4.311817 6.749182 8.867335
v 3.882505 6.631123 8.489462
v 3.854737 6.668589 8.548306
v 4.135256 6.579670 9.195212
v 3.827790 6.724881 8.855978
v 4.004901 6.573126 9.192154
v 4.155394 6.028394 9.185637
v 4.212669 6.039336 9.131766
v 4.040521 6.022627 9.182941
v 3.985021 6.027906 9.126425
v 4.203995 6.325264 8.405443
v 4.332441 5.910429 8.678975
v 4.382695 6.319134 8.539207
v 4.331572 5.657746 8.656723
v 3.998997 6.314971 8.400633
v 3.898995 5.888668 8.668797
v 3.815748 6.290670 8.525905
v 3.925361 5.637351 8.647193
v 4.228375 6.735639 9.020962
v 4.304306 6.408689 9.156347
v 4.233232 6.630972 9.128287
v 3.904891 6.719397 9.013372
v 3.855821 6.386172 9.145824
v 3.905520 6.614518 9.120599
v 4.324138 6.626876 8.522117
v 4.374958 6.682843 8.770835
v 4.254854 5.932065 8.412372
v 4.292181 5.914331 8.786113
v 4.385377 6.135118 8.861575
v 4.384493 6.072286 8.780040
v 4.350440 6.486807 8.491311
v 3.843939 6.602767 8.510850
v 3.776192 6.652781 8.756786
v 3.986650 5.918608 8.406039
v 4.360539 5.558074 8.640347
v 3.933808 5.896339 8.777699
v 3.816422 6.106554 8.848227
v 3.827366 6.044316 8.766963
v 3.833261 6.460841 8.479177
v 3.904248 5.590582 8.642211
v 4.247975 6.784797 8.909635
v 4.112857 5.272831 8.684778
v 4.212076 5.826747 8.856514
v 3.885697 6.766609 8.901134
v 4.205568 5.281630 8.682181
v 4.282018 5.828083 8.695341
v 4.018611 5.817039 8.851951
v 3.956012 5.811715 8.687696
v 4.140340 6.358007 9.205470
v 4.117276 6.651080 9.162651
v 4.496518 5.692552 8.403419
v 4.177561 6.518243 8.389795
v 4.242701 5.938574 9.046415
v 4.175446 5.877022 9.114279
v 4.021558 6.352044 9.202683
v 4.017145 6.646053 9.160302
v 3.769791 5.656076 8.386317
v 4.006683 6.509665 8.385786
v 3.969222 5.924845 9.039999
v 4.039048 5.870174 9.111079
v 4.320953 6.062940 8.554709
v 4.304447 6.035272 8.525772
v 4.123378 6.266565 9.203516
v 4.187936 6.788974 8.579472
v 4.319940 6.531866 9.089887
v 4.192204 6.129102 8.450194
v 4.311438 6.721442 8.928130
v 3.903772 6.038341 8.543966
v 3.923557 6.013543 8.516572
v 4.093830 6.850064 8.808458
v 4.047661 6.262763 9.201739
v 4.119664 6.815719 8.953485
v 3.960397 6.777550 8.574133
v 3.831061 6.507321 9.078416
v 4.197427 6.024068 9.140125
v 4.028261 6.120887 8.446272
v 4.179965 6.017674 9.138033
v 3.828101 6.697175 8.916790
v 4.037098 6.847215 8.807127
v 4.008076 6.810117 8.950867
v 4.001307 6.014221 9.135524
v 4.019401 6.009613 9.134266
v 4.380604 5.800774 8.541430
v 4.342526 5.907993 8.646692
v 4.329972 6.277749 8.480071
v 4.407316 6.449286 8.705880
v 4.408722 6.482653 8.653906
v 4.415060 6.307272 8.724426
v 3.871652 5.772990 8.527115
v 3.890705 5.885310 8.636083
v 4.426839 6.234033 8.634539
v 4.391810 6.332059 8.594834
v 4.434103 6.281502 8.613816
v 4.419997 6.308238 8.613477
v 4.416586 6.339664 8.684992
v 4.439693 6.326213 8.663933
v 3.875058 6.254909 8.469398
v 4.432841 6.428728 8.736537
v 4.075154 6.819980 8.604470
v 4.151518 6.846981 8.781898
v 3.770452 6.417310 8.690937
v 3.768145 6.450491 8.638876
v 3.776104 6.275192 8.709435
v 3.775934 6.201354 8.619267
v 3.802792 6.302486 8.581015
v 3.764931 6.247904 8.598116
v 3.776291 6.275919 8.598373
v 4.185661 5.806553 8.835325
v 4.288080 5.901727 8.743820
v 4.290630 5.911817 8.762114
v 3.773189 6.307361 8.669895
v 3.752555 6.291714 8.647811
v 4.446229 5.484466 8.345840
v 4.046245 5.568618 8.133431
v 3.745707 6.394230 8.720415
v 4.068214 6.819631 8.604307
v 3.981315 6.838437 8.777905
v 4.420422 5.762455 8.495088
v 4.420212 5.790319 8.469852
v 4.047662 5.799632 8.832052
v 3.940916 5.884297 8.735675
v 3.936631 5.894044 8.753805
v 4.230138 5.579607 8.140119
v 3.820073 5.425037 8.363381
v 3.834136 5.733031 8.481277
v 3.832735 5.760839 8.455999
v 4.214039 5.709927 8.715922
v 4.261660 5.663335 8.708287
v 4.381937 6.484812 8.538857
v 4.169551 5.798796 9.019360
v 4.034181 5.700897 8.711702
v 3.991873 5.649790 8.701958
v 3.799932 6.455591 8.525202
v 4.361263 6.316214 9.035901
v 4.117736 5.949075 9.147001
v 4.056648 5.793134 9.016675
v 4.126146 6.070476 9.189956
v 3.814105 6.288743 9.023064
v 4.232533 6.509553 9.186460
v 4.264938 6.410114 9.192755
v 4.087696 5.947567 9.146297
v 4.167468 6.617094 8.420959
v 4.150387 6.571650 8.398093
v 4.209722 5.665255 8.163802
v 4.450023 6.373677 8.609850
v 4.179104 5.798145 8.277394
v 4.065175 6.067415 9.188526
v 4.393447 6.209887 8.671366
v 3.915649 6.493644 9.179025
v 3.893102 6.391445 9.184031
v 4.415674 6.182930 8.707947
v 4.400017 6.209189 8.767358
v 4.389992 6.109618 8.752107
v 4.394624 6.147226 8.801091
v 4.005362 6.608956 8.417154
v 4.027956 6.565503 8.395221
v 4.068772 5.658174 8.160512
v 3.740067 6.338032 8.593192
v 4.080585 5.793178 8.275175
v 4.193596 6.084175 8.454621
v 4.267344 6.795762 8.730802
v 4.477331 5.722702 8.369190
v 3.809815 6.180584 8.657672
v 3.788712 6.151454 8.693237
v 4.210509 6.682078 9.102021
v 3.798865 6.179008 8.753253
v 4.110322 6.119871 9.257297
v 4.456836 6.403933 8.669112
v 4.445007 6.311718 8.649048
v 3.819510 6.080977 8.738722
v 3.808849 6.117817 8.787348
v 4.356323 5.751749 8.589850
v 4.130940 6.370574 8.382001
v 4.161663 6.444035 8.377450
v 4.277448 6.786091 8.831120
v 4.031149 6.076048 8.450689
v 3.873716 6.775999 8.721566
v 4.344818 6.138971 8.586258
v 4.335993 6.081749 8.580558
v 3.787444 5.688082 8.352933
v 3.924217 6.667706 9.095304
v 4.408922 6.370334 8.763883
v 4.231572 6.123735 8.468500
v 4.269582 6.127979 8.492116
v 4.218458 6.191537 8.445395
v 4.366226 5.334472 8.608840
v 4.430300 6.247540 8.721875
v 4.430656 6.263919 8.667994
v 4.072807 6.117987 9.256416
v 3.727495 6.367314 8.651999
v 3.749421 6.276795 8.632728
v 3.894480 5.728563 8.579004
v 4.411278 6.297256 8.713513
v 4.408529 6.256649 8.710765
v 4.316063 5.534826 8.687068
v 4.068166 6.367421 8.380528
v 4.030490 6.437449 8.374372
v 4.333943 5.942302 8.506743
v 4.382377 6.222659 8.903688
v 4.395232 6.340878 8.884906
v 3.859948 6.765130 8.821325
v 4.279096 6.356741 9.141151
v 4.185890 6.261114 9.159573
v 4.121299 6.303864 9.194546
v 3.869512 6.114508 8.575081
v 3.886014 6.055301 8.568625
v 4.265794 6.015398 9.055353
v 4.322445 6.063212 8.994628
v 4.381254 6.063577 8.823956
v 4.363703 6.017838 8.842268
v 4.314651 6.720525 8.617992
v 3.774045 6.338459 8.748986
v 3.988815 6.111560 8.462749
v 3.949519 6.111876 8.484595
v 3.996141 6.180380 8.440160
v 3.767056 6.214242 8.706314
v 3.767583 6.230630 8.652436
v 3.781376 6.265631 8.698733
v 3.788301 6.225510 8.696213
v 3.951661 5.516530 8.678517
v 3.903036 5.919809 8.496888
v 4.159094 6.841763 8.717779
v 4.152469 5.772246 8.810801
v 3.808670 6.193855 8.890228
v 3.784938 6.310236 8.870586
v 4.157593 6.511163 9.206181
v 3.886788 6.337044 9.131947
v 4.297935 6.266569 9.113795
v 4.277178 6.154390 9.115474
v 3.988134 6.251185 9.154932
v 4.310157 6.351737 8.443867
v 4.279114 6.362823 8.424613
v 4.046414 6.300104 9.192789
v 3.938192 5.998950 9.047667
v 3.879943 6.040996 8.984245
v 3.829409 6.035871 8.811006
v 3.850452 5.992074 8.830202
v 3.839507 6.696670 8.606844
v 3.977307 6.832636 8.713513
v 4.133477 5.595260 8.693369
v 4.430723 6.231731 8.658257
v 4.439790 6.317055 8.633008
v 4.445478 6.286663 8.629956
v 4.084911 5.768856 8.809207
v 4.353799 5.874879 8.427862
v 4.409331 5.763330 8.347215
v 4.415227 5.809365 8.443778
v 3.989046 6.502699 9.202226
v 4.446087 5.782240 8.433609
v 4.170184 6.129530 9.178616
v 4.141434 6.177450 9.236970
v 4.128429 6.227243 9.219342
v 3.878370 6.245504 9.103951
v 3.910152 6.135963 9.106862
v 4.118422 6.107260 9.196666
v 4.111851 6.133927 9.232069
v 4.158950 6.112845 9.186797
v 3.889038 6.330593 8.433986
v 3.919682 6.344777 8.416180
v 4.114444 6.615160 9.185294
v 4.178880 6.837380 8.836510
v 4.126784 5.594924 8.693212
v 3.771194 6.198619 8.642783
v 3.754822 6.282667 8.616937
v 3.752354 6.251863 8.613693
v 3.892685 5.851723 8.417063
v 3.851988 5.735364 8.334067
v 3.837003 5.780352 8.430132
v 3.809523 5.750300 8.418590
v 4.016025 6.121790 9.174998
v 4.037072 6.172211 9.234522
v 4.045838 6.223097 9.217403
v 4.068855 6.104770 9.195503
v 4.071060 6.131879 9.231112
v 4.129746 5.913638 9.129437
v 4.028478 6.106295 9.183736
v 4.447539 5.741885 8.365991
v 4.276086 5.772799 8.686514
v 4.322735 5.756317 8.637959
v 4.193776 6.721428 8.498263
v 4.143148 6.701756 8.463367
v 4.022497 6.610544 9.183137
v 4.312525 5.933953 8.724134
v 4.150892 6.333710 9.165983
v 3.952527 6.826015 8.831199
v 4.427359 6.205253 8.723811
v 4.419680 6.222414 8.688041
v 4.157567 6.012781 9.152760
v 4.080129 5.911148 9.128274
v 4.402903 6.607404 8.684741
v 3.815283 5.710159 8.351080
v 4.424955 6.335713 8.731374
v 3.967642 5.757314 8.679278
v 3.925154 5.736355 8.628630
v 4.423149 6.336296 8.611879
v 3.965153 6.709950 8.492899
v 4.019073 6.695526 8.460456
v 4.187253 6.801722 8.946876
v 4.132452 6.773314 9.031384
v 3.914503 5.913974 8.714777
v 4.015350 6.326905 9.162803
v 4.204562 5.828165 9.044279
v 4.169832 5.826145 9.094872
v 3.774122 6.172455 8.708484
v 3.781709 6.190382 8.673073
v 4.041462 6.006952 9.150035
v 3.759997 6.575126 8.669657
v 4.422495 6.367588 8.619978
v 4.427765 6.401031 8.636924
v 4.409756 6.385810 8.631263
v 4.133419 5.772251 8.230307
v 3.763097 6.302483 8.715845
v 4.242943 5.517310 8.708380
v 4.406292 6.253763 8.632141
v 4.405248 6.542065 8.630182
v 3.770424 6.303525 8.596564
v 4.398166 6.188413 8.743928
v 4.376088 6.544841 8.545875
v 4.386307 5.840999 8.455902
v 4.464043 6.426889 8.645904
v 4.121188 6.031314 8.427271
v 4.170923 5.975154 8.414371
v 3.942611 6.789439 8.941136
v 3.995967 6.766461 9.028181
v 4.132616 6.825766 8.627238
v 4.265265 6.572703 8.440656
v 4.216757 6.400994 8.394889
v 4.299442 6.480275 8.437876
v 4.017984 5.818808 9.039858
v 4.050500 5.820157 9.092055
v 4.420303 6.279841 8.716529
v 4.424401 6.282933 8.726092
v 3.767562 6.334705 8.604611
v 3.758184 6.367413 8.621213
v 3.777871 6.354085 8.616437
v 4.340230 5.946904 8.532282
v 4.330577 5.996359 8.551309
v 4.130785 5.772101 8.230320
v 4.025089 5.506372 8.703268
v 4.124472 6.091225 9.190536
v 4.141773 6.111709 9.196287
v 3.794492 6.223048 8.617787
v 3.882241 5.492010 8.630733
v 4.247211 6.040121 8.474256
v 3.822349 5.558179 8.498531
v 3.766760 6.510008 8.615202
v 4.275543 5.980904 8.460924
v 3.803880 6.158576 8.729984
v 4.410205 6.294628 8.691849
v 4.393546 6.284203 8.709827
v 3.799407 6.515888 8.532344
v 3.862115 5.814692 8.443554
v 3.719120 6.389489 8.628426
v 4.109515 6.030762 8.426845
v 4.065917 5.969917 8.411754
v 4.387499 6.642027 8.807129
v 4.376675 6.327275 8.990053
v 4.347601 6.400149 9.065544
v 4.009460 6.819582 8.624349
v 3.911685 6.554951 8.432361
v 4.355340 6.046316 8.655472
v 4.352386 6.025060 8.723001
v 4.162821 6.684275 9.126221
v 4.223023 5.822464 8.790271
v 3.979226 6.389069 8.389317
v 3.887100 6.459572 8.428201
v 4.216818 6.321817 9.168540
v 4.237729 6.362874 9.165218
v 4.443372 6.450650 8.701777
v 4.439895 6.452726 8.688108
v 3.774008 6.247393 8.701365
v 3.769178 6.250034 8.710719
v 3.897523 5.920790 8.520698
v 3.902073 5.969632 8.539434
v 4.064735 6.088225 9.189134
v 4.045220 6.106862 9.194022
v 3.981242 6.026761 8.468003
v 3.959279 5.965015 8.453548
v 4.121741 5.984557 9.167332
v 4.129285 5.968352 9.162266
v 3.783719 6.263174 8.677150
v 3.800478 6.254426 8.695912
v 3.766116 6.610829 8.792550
v 3.799825 6.298315 8.976519
v 3.817894 6.373555 9.053116
v 3.866459 6.019155 8.641271
v 3.866438 6.000669 8.711567
v 3.970261 6.674607 9.121702
v 4.011055 5.811827 8.785272
v 4.128119 5.792644 8.852759
v 4.173419 5.806735 8.897401
v 3.950899 6.308465 9.162301
v 3.926162 6.347231 9.157908
v 3.734671 6.415068 8.685150
v 3.738559 6.417514 8.671653
v 4.186460 6.163319 9.181654
v 4.231659 6.125269 9.146399
v 4.166374 5.572120 8.700662
v 4.121455 6.336516 9.201669
v 4.107559 6.301127 9.206013
v 4.252390 5.902476 9.020404
v 4.365086 6.421883 8.992179
v 4.345780 6.637815 8.981494
v 4.177310 5.985976 9.140690
v 4.238310 6.347013 9.166166
v 4.236767 6.324268 9.166890
v 4.079213 5.982421 9.166333
v 4.073574 5.965556 9.160959
v 4.213875 5.446213 8.725948
v 4.136150 6.137148 9.214362
v 4.151525 6.131793 9.226551
v 4.444715 6.428997 8.685735
v 4.451265 6.442079 8.695553
v 4.449111 6.409743 8.650322
v 4.447479 6.424504 8.669536
v 4.423750 6.385931 8.746036
v 4.408311 6.397148 8.723239
v 4.447074 6.384417 8.680182
v 4.427490 6.384070 8.689653
v 4.457218 6.379270 8.653088
v 4.105296 5.791498 8.852219
v 4.057105 5.800903 8.894636
v 4.433902 6.241513 8.633032
v 4.447986 6.293092 8.620767
v 3.996324 6.153773 9.177193
v 3.956861 6.111472 9.139952
v 4.439857 6.372187 8.688777
v 4.096064 5.568590 8.699012
v 4.360173 5.790406 8.355516
v 4.042657 6.332560 9.199821
v 4.059807 6.298730 9.204892
v 4.401933 6.244606 8.773972
v 3.964312 5.888021 9.013606
v 3.801772 6.393600 8.978962
v 3.799844 6.610404 8.968685
v 4.025088 5.978334 9.137118
v 3.927359 6.335721 9.139771
v 3.930905 6.308911 9.159714
v 4.060275 5.438501 8.722344
v 4.047416 6.132693 9.212280
v 4.032102 6.125798 9.223748
v 3.736255 6.393427 8.669112
v 3.727976 6.405766 8.678583
v 3.735470 6.373913 8.633578
v 3.734715 6.388718 8.652812
v 4.377926 6.240732 8.612936
v 4.391710 6.264863 8.622580
v 3.758582 6.352534 8.730429
v 3.773869 6.365295 8.708354
v 3.738633 6.348847 8.663559
v 3.757689 6.350441 8.673938
v 4.369483 6.315083 8.510295
v 4.358818 6.378695 8.488894
v 3.730333 6.342774 8.636033
v 3.768235 6.208093 8.617414
v 3.749648 6.258031 8.604383
v 3.746628 6.337382 8.672512
v 3.897746 5.767200 8.344624
v 3.793105 6.214039 8.759687
v 4.476619 5.683517 8.432616
v 4.334736 6.471988 9.101246
v 4.303349 6.330507 9.111972
v 4.392346 6.554971 8.587919
v 4.222699 6.574573 8.420391
v 3.824887 6.212965 8.599960
v 3.808320 6.235572 8.608891
v 4.382283 5.844713 8.497177
v 4.396819 6.257180 8.799186
v 3.830637 6.288030 8.497653
v 3.835870 6.352440 8.476624
v 4.168840 6.153200 9.219686
v 4.142054 6.147343 9.241539
v 4.123281 6.152001 9.270058
v 4.317546 5.622751 8.686304
v 4.218207 5.865803 8.348849
v 4.125095 6.793912 8.555894
v 4.442846 6.444674 8.657288
v 4.454005 6.449660 8.661948
v 4.465090 6.385435 8.613678
v 4.467647 6.376983 8.621057
v 3.789107 5.649009 8.416441
v 3.821818 6.446236 9.089211
v 4.226632 5.947569 8.414820
v 3.866674 6.308583 9.101727
v 3.780268 6.524240 8.573558
v 4.184639 6.466704 9.215940
v 3.954751 6.561120 8.414104
v 4.210207 6.429058 9.217540
v 3.863948 5.818694 8.484996
v 3.795751 6.227002 8.785084
v 4.013071 6.145380 9.216031
v 4.039257 6.142183 9.239127
v 4.056115 6.148629 9.268482
v 3.941420 5.603867 8.677479
v 4.336132 6.736500 8.809485
v 4.032006 5.856454 8.344481
v 4.023461 6.788809 8.553509
v 4.426477 6.261145 8.650680
v 4.417349 6.239864 8.666188
v 4.131861 5.697228 8.767497
v 3.737874 6.409279 8.640747
v 3.726066 6.413113 8.644869
v 4.219849 6.022112 8.454041
v 4.177545 6.036066 8.442040
v 4.098510 6.055576 9.185326
v 4.366030 5.845571 8.560210
v 4.355539 5.906288 8.551135
v 3.723736 6.348214 8.596284
v 3.721696 6.339530 8.603555
v 4.129440 6.725832 8.479484
v 4.338587 6.334658 8.470360
v 4.169536 5.638375 8.141213
v 4.230953 6.073731 8.472558
v 4.261657 6.063254 8.491222
v 4.115385 6.481395 8.373125
v 4.013130 5.936881 8.409672
v 4.142867 5.871067 9.131168
v 3.966160 6.455734 9.210814
v 3.944441 6.415715 9.211304
v 4.454329 6.431968 8.637341
v 4.465945 6.421359 8.631873
v 4.318519 6.667322 8.998425
v 4.374892 5.854934 8.437241
v 3.807601 6.709965 8.797085
v 3.772824 6.228327 8.635344
v 3.783301 6.208030 8.651312
v 4.295954 5.756961 8.671631
v 4.114715 5.696368 8.767096
v 4.293838 5.880422 8.712456
v 4.381249 6.368675 8.521588
v 4.356295 6.566168 8.523924
v 4.011118 6.011667 8.448992
v 4.052347 6.029818 8.438937
v 4.190169 6.814505 8.641346
v 4.420866 6.211574 8.760315
v 4.426460 6.222293 8.721746
v 4.094349 6.055367 9.185228
v 4.420858 6.238986 8.747629
v 4.420274 6.260921 8.738123
v 3.882727 5.817032 8.544477
v 3.887785 5.876993 8.536689
v 4.433692 6.198925 8.698301
v 4.424806 6.188339 8.732507
v 4.029532 6.720816 8.477139
v 3.861252 6.310692 8.459161
v 4.349354 6.246403 9.063512
v 4.326561 6.194651 9.085277
v 4.346278 5.774503 8.299880
v 4.351068 6.689860 8.641073
v 4.112461 5.635509 8.139874
v 4.382436 6.651431 8.664192
v 3.994260 6.061722 8.466992
v 3.964016 6.047702 8.484403
v 4.301211 5.998120 8.503248
v 4.321148 5.935120 8.467153
v 4.072947 6.479264 8.372129
v 4.071250 5.867472 9.129488
v 4.130335 6.033259 9.197439
v 3.728666 6.395535 8.620316
v 3.718439 6.383828 8.614334
v 3.823192 6.642454 8.986803
v 3.873052 5.829744 8.425438
v 4.205167 6.461944 8.388814
v 4.266352 6.428318 8.413431
v 4.238298 6.505844 8.407328
v 3.950131 5.739599 8.663517
v 3.938577 5.862586 8.704118
v 4.280874 6.672156 9.043080
v 3.813050 6.340148 8.508257
v 4.164739 6.133126 9.221890
v 4.161203 6.120195 9.211525
v 4.282483 6.504802 9.150746
v 3.817971 6.539141 8.511293
v 4.385134 6.572381 8.870100
v 3.952727 6.802584 8.635775
v 3.778234 6.179309 8.745237
v 3.773405 6.189506 8.706424
v 4.338805 5.969820 8.814288
v 3.776091 6.206614 8.732501
v 3.774921 6.228519 8.722981
v 4.148499 5.789388 8.837815
v 4.317642 6.761358 8.759905
v 4.423546 6.317856 8.713748
v 4.436150 6.348893 8.679657
v 4.412948 6.346053 8.713264
v 4.424625 6.365497 8.722167
v 4.426612 6.369990 8.744967
v 3.769655 6.165585 8.682721
v 3.777945 6.155863 8.717330
v 3.831638 6.220410 9.051365
v 3.858454 6.171149 9.074294
v 3.915751 5.752893 8.289752
v 4.352806 5.886325 8.586379
v 3.805303 6.662459 8.628267
v 3.776893 6.621028 8.649984
v 4.229913 6.747544 8.547462
v 4.294839 6.436422 9.170708
v 3.930569 5.978442 8.494866
v 3.917745 5.914852 8.457757
v 4.272544 6.188076 8.472629
v 4.064387 6.029949 9.195892
v 4.369070 6.075665 8.890493
v 4.424026 6.374692 8.727138
v 4.372359 6.251007 8.995446
v 3.984928 6.450886 8.383646
v 3.926332 6.411246 8.405454
v 3.946739 6.491206 8.400487
v 3.858033 6.650927 9.033159
v 4.019053 6.125813 9.218472
v 4.024346 6.113324 9.208315
v 3.868151 6.484000 9.141026
v 3.772492 6.541622 8.855725
v 4.216614 6.277953 9.152352
v 3.881012 5.946842 8.803514
v 4.264234 6.312457 9.142703
v 4.086020 5.786253 8.836337
v 3.825809 6.736664 8.748364
v 4.191750 6.314037 9.152561
v 3.767110 6.284898 8.698347
v 3.753071 6.314598 8.663630
v 3.774843 6.314014 8.698292
v 3.760874 6.332171 8.706593
v 3.757383 6.336391 8.729265
v 3.889562 5.858988 8.571311
v 3.924321 6.732200 8.540292
v 3.861782 6.414680 9.160547
v 3.941459 6.171455 8.464854
v 3.837228 6.048963 8.878015
v 4.108710 6.131894 9.221370
v 4.164687 5.846876 9.113718
v 3.760317 6.341369 8.711565
v 3.811497 6.222847 8.982286
v 4.300572 6.767025 8.688492
v 4.284853 6.765120 8.647846
v 3.956250 6.264881 9.146243
v 3.905920 6.294466 9.134296
v 3.977340 6.303272 9.147531
v 4.088419 6.629509 8.416426
v 4.088037 6.804498 8.986281
v 4.093770 6.338457 9.211949
v 4.121349 6.378162 9.223207
v 4.100208 6.852429 8.738311
v 4.216006 6.220721 9.153918
v 4.324615 6.114769 9.022097
v 4.454045 6.372243 8.670670
v 4.074887 6.130196 9.220576
v 4.052744 5.841257 9.111086
v 4.404803 6.404507 8.778407
v 4.169881 5.810672 9.070942
v 4.409913 6.333809 8.698043
v 3.845547 6.744180 8.677816
v 3.863262 6.743954 8.637955
v 4.327339 5.976390 8.738882
v 4.082895 6.629231 8.416296
v 4.039098 6.802039 8.985133
v 4.069498 6.337238 9.211380
v 4.037586 6.373957 9.221242
v 4.033804 6.849094 8.736753
v 4.103754 6.257492 9.224906
v 3.962511 6.207994 9.147970
v 4.090180 6.309402 9.209722
v 4.361533 6.620264 8.574151
v 4.172318 6.775964 9.009610
v 3.871340 6.092011 9.011461
v 3.733368 6.336060 8.653760
v 4.208429 5.659585 8.708084
v 4.234809 5.701874 8.704624
v 4.139043 6.311176 9.168515
v 3.774039 6.372838 8.763608
v 4.279259 5.519720 8.705675
v 4.052997 5.804809 9.068174
v 4.182534 6.630051 9.160539
v 4.103352 6.116378 9.239538
v 3.779797 6.302173 8.683259
v 4.329069 6.344503 9.078854
v 4.350740 6.345074 9.052625
v 3.895160 5.954697 8.728714
v 4.152774 5.800917 8.869362
v 4.240774 6.775442 8.601438
v 4.261046 6.742739 8.570532
v 4.404815 6.263346 8.718269
v 4.367470 6.071988 8.700115
v 4.421718 6.351480 8.729109
v 4.312078 6.108356 8.539885
v 4.067074 6.255649 9.224046
v 4.076078 6.308695 9.209392
v 3.805000 6.592323 8.561093
v 3.957099 6.765158 9.004560
v 4.407087 6.387634 8.720465
v 4.159081 6.834262 8.877548
v 4.195591 6.822277 8.885230
v 4.045163 5.651390 8.704254
v 4.014873 5.690832 8.699464
v 4.029264 6.305665 9.165939
v 3.988880 5.505140 8.698862
v 4.433804 6.233492 8.647280
v 3.954491 6.618601 9.155189
v 4.080915 6.115252 9.239012
v 4.321884 6.156180 8.533830
v 4.408160 6.443853 8.730480
v 4.406602 6.424716 8.665545
v 4.134760 5.514242 8.713634
v 4.276401 6.432228 9.186925
v 4.457661 6.344918 8.620157
v 4.444961 6.350200 8.630761
v 4.180424 5.716506 8.749540
v 3.841260 6.320011 9.067409
v 3.820892 6.318472 9.040193
v 4.169488 5.631382 8.706365
v 4.079322 5.797233 8.867620
v 3.845176 5.521389 8.556489
v 4.395117 6.641008 8.743104
v 3.908209 6.758746 8.593635
v 3.892780 6.724250 8.561892
v 3.790971 6.232527 8.703867
v 3.848477 6.045272 8.687222
v 3.764842 6.318499 8.713696
v 3.907634 6.086556 8.530279
v 4.238182 6.798184 8.655929
v 4.401769 6.391466 8.630541
v 4.399512 6.352832 8.609769
v 4.162425 6.094945 9.175398
v 4.416257 5.645594 8.509345
v 4.448811 5.669515 8.467792
v 4.170259 6.068860 9.169745
v 3.776168 6.355958 8.705662
v 3.970597 6.824800 8.873126
v 3.935151 6.809200 8.879119
v 4.186507 5.921544 8.388825
v 4.359423 5.894935 8.511829
v 3.768469 6.200087 8.631669
v 4.357141 6.672816 8.905518
v 4.189268 6.351014 9.135370
v 4.193527 6.336126 9.161325
v 4.450543 6.410149 8.689762
v 3.892752 6.134628 8.523769
v 3.769005 6.411763 8.715485
v 3.775507 6.393031 8.650738
v 4.132670 5.514137 8.713584
v 4.225422 5.608595 8.711900
v 4.175849 6.136186 9.205537
v 4.354606 6.028974 8.890244
v 4.216226 5.886210 9.078204
v 3.879768 6.412315 9.177619
v 4.211877 6.303741 9.155981
v 4.234619 6.301782 9.154854
v 3.734873 6.308629 8.603198
v 3.746470 6.315131 8.614372
v 4.065359 5.710729 8.746840
v 4.298853 6.218622 9.117345
v 4.086769 5.627229 8.704424
v 3.761641 6.609202 8.728241
v 4.400776 6.425674 8.831630
v 4.394554 6.315643 8.603209
v 4.294942 6.606407 9.087046
v 3.905959 6.781505 8.648134
v 4.165022 6.237625 8.421741
v 3.785276 6.360515 8.616076
v 3.792359 6.322349 8.595524
v 4.027349 6.088164 9.172229
v 3.846184 5.671387 8.512966
v 3.816501 5.637776 8.452924
v 4.022440 6.061437 9.166277
v 4.413931 6.205133 8.664742
v 4.348564 5.940641 8.606771
v 4.117287 6.472090 9.215747
v 4.249367 6.388069 9.187883
v 4.183669 6.396327 9.220453
v 4.266560 6.283897 9.141842
v 4.180877 5.927770 9.107919
v 4.056532 5.915037 8.385691
v 3.882580 5.869572 8.500463
v 3.788603 6.644271 8.892178
v 3.951154 6.339777 9.159887
v 3.972952 6.325051 9.156149
v 4.328985 6.389132 9.105451
v 3.732161 6.374079 8.672907
v 4.112650 6.729671 9.091923
v 4.033200 5.598944 8.707390
v 4.008469 6.127782 9.201610
v 3.856244 6.003953 8.878547
v 3.999245 5.875319 9.073100
v 4.082237 6.838428 8.882903
v 3.958207 6.291005 9.150029
v 3.935853 6.286781 9.147844
v 4.425326 6.264402 8.679381
v 3.882092 6.197698 9.107567
v 4.146297 6.291111 9.165014
v 4.350816 6.011852 8.675725
v 4.285417 5.722081 8.683175
v 3.773432 6.394178 8.816911
v 4.383120 6.154087 8.715328
v 3.801316 6.285858 8.589291
v 3.848577 6.583995 9.076572
v 4.282647 6.335355 9.125787
v 4.246928 6.664403 8.482019
v 4.045743 6.231636 8.418941
v 4.325412 6.604248 9.051578
v 3.790243 6.173820 8.650109
v 4.395347 6.201746 8.773484
v 4.416478 6.443159 8.695966
v 4.407127 6.440072 8.687011
v 4.459785 6.445594 8.665711
v 3.887500 5.912913 8.591446
v 4.032569 6.467836 9.213758
v 3.911013 6.371081 9.179945
v 3.973958 6.385798 9.215533
v 3.906507 6.265820 9.133393
v 4.386022 5.820331 8.519696
v 4.028901 5.920140 9.104353
v 4.402722 6.592776 8.771194
v 4.291137 6.375833 9.151677
v 4.176590 6.157908 9.189768
v 3.835632 6.364361 9.093875
v 4.017184 6.724878 9.089683
v 4.160908 6.407786 9.229404
v 4.046303 6.836623 8.882060
v 4.211228 6.025799 9.120373
v 4.100802 6.013123 9.193370
v 3.772299 6.231615 8.664060
v 4.024228 6.284981 9.162149
v 3.871932 5.987262 8.663267
v 4.219083 5.862765 9.064351
v 3.963555 5.705921 8.675623
v 4.326040 6.422647 9.127917
v 4.330966 6.749086 8.751989
v 4.142801 5.620834 8.703163
v 3.823608 6.125996 8.702201
v 4.253104 5.775326 8.287309
v 4.153973 5.979672 9.156050
v 4.406213 6.301752 8.757457
v 4.260737 6.046853 9.077325
v 4.266011 6.094769 9.101823
v 3.886118 6.315447 9.116483
v 4.209813 6.829985 8.790083
v 4.297280 5.881606 8.381678
v 3.918795 6.647929 8.474320
v 4.209022 5.976255 9.112358
v 4.136352 6.763305 8.516185
v 4.411287 6.302273 8.683540
v 3.820169 6.578881 9.039723
v 4.419944 6.304209 8.670369
v 4.209462 6.088148 9.143621
v 4.369967 6.566905 8.973859
v 4.349225 6.468736 9.068613
v 4.397461 6.492317 8.581257
v 3.803964 6.172054 8.759609
v 4.228616 5.840035 8.832708
v 3.762423 6.410322 8.680620
v 3.772444 6.408207 8.672119
v 3.720551 6.408480 8.648367
v 4.339500 5.845626 8.623479
v 4.337225 5.976974 8.700006
v 4.236947 6.815641 8.822783
v 4.309902 6.554416 8.466979
v 3.864013 5.792505 8.506242
v 4.162651 5.519022 8.716365
v 3.757597 6.560386 8.756059
v 3.872417 6.354811 9.141853
v 4.006296 6.149358 9.185772
v 4.165859 6.324831 9.151721
v 3.995013 6.399457 9.225513
v 3.988342 6.014610 9.115144
v 4.386332 6.184067 8.709628
v 4.095945 6.012879 9.193256
v 4.394205 6.188485 8.710015
v 4.342678 5.978884 8.577083
v 4.417825 6.442468 8.721541
v 4.410099 6.408565 8.760452
v 3.999321 5.851738 9.059165
v 4.237441 6.804982 8.873899
v 4.367746 6.179555 8.940130
v 4.264406 6.022325 8.478459
v 4.454542 5.462949 8.386453
v 3.834153 6.397950 9.116376
v 4.102067 6.113994 9.223383
v 4.213372 5.929653 9.081902
v 3.814165 6.723139 8.739863
v 4.114499 5.619413 8.702499
v 4.008859 5.763051 8.281629
v 4.048194 5.974360 9.153568
v 3.783904 6.270507 8.742855
v 4.296244 6.165687 8.499882
v 3.939042 6.030702 9.069777
v 3.927857 6.077791 9.093888
v 3.924696 6.815670 8.783394
v 3.950444 5.864186 8.373569
v 3.995869 5.965553 9.107357
v 4.017195 6.757325 8.513390
v 3.782267 6.270690 8.668782
v 3.774085 6.271784 8.655216
v 4.172275 6.323666 9.141514
v 3.982768 6.076765 9.138303
v 3.783261 6.537450 8.960093
v 3.809270 6.441626 9.055944
v 4.409681 6.550406 8.705614
v 3.781768 6.461405 8.566812
v 4.137162 6.092689 8.439007
v 4.001976 5.828665 8.827355
v 4.342422 6.704068 8.893587
v 4.126800 6.131613 9.245573
v 4.140462 5.811950 9.098034
v 4.425088 6.186175 8.702232
v 3.900619 5.823592 8.613175
v 3.887088 5.954381 8.689410
v 3.897634 6.798606 8.814821
v 3.867920 6.532224 8.456609
v 4.104344 5.516095 8.714996
v 4.324589 6.287451 9.089807
v 4.330039 6.236712 9.093510
v 4.238631 5.857813 9.006084
v 4.315622 6.405856 8.444572
v 4.391694 6.186365 8.748805
v 4.002031 6.316607 9.147877
v 4.387115 6.205809 8.675169
v 3.828686 5.447566 8.323383
v 4.408225 6.396003 8.711870
v 3.817682 6.155518 8.696286
v 3.809396 6.159122 8.696294
v 3.892603 5.948796 8.562420
v 4.089870 6.846621 8.683475
v 3.759957 6.409439 8.706106
v 3.769209 6.376388 8.745416
v 4.429143 6.409881 8.747246
v 4.432554 6.417829 8.736030
v 4.414944 6.185857 8.740964
v 4.413374 6.382895 8.704328
v 4.372410 6.684365 8.710730
v 3.895819 6.787831 8.865883
v 3.825821 6.152346 8.927416
v 3.965616 6.007319 8.471468
v 4.420549 5.374033 8.544315
v 4.083187 6.113046 9.222940
v 3.997621 5.918820 9.076839
v 4.166209 6.252720 9.172616
v 3.918870 6.146739 8.491029
v 3.996249 6.314828 9.137383
v 3.757990 6.517688 8.690324
v 4.138782 5.798362 9.068219
v 4.087122 6.090203 8.437714
v 4.110164 6.557856 8.389069
v 3.800661 6.676868 8.880876
v 4.055803 6.128048 9.243908
v 4.080940 5.808965 9.096628
v 3.779298 6.153752 8.687080
v 4.214967 6.773338 8.975236
v 3.850912 6.263670 9.078692
v 3.850402 6.212631 9.082256
v 4.264716 5.726376 8.693045
v 4.314974 5.832255 8.666529
v 3.982933 5.844990 9.000021
v 3.878155 6.383892 8.434308
v 3.810289 6.157175 8.735164
v 4.211119 5.637800 8.705110
v 3.816338 6.177153 8.661777
v 4.320886 5.883697 8.402599
v 4.397340 6.283012 8.717342
v 4.161230 6.183649 9.203065
v 4.279264 6.084171 8.507538
v 3.774602 6.364190 8.697003
v 4.235167 6.015924 9.096889
v 4.269767 6.346467 9.147200
v 4.227736 5.789181 8.733467
v 4.100266 6.701150 9.121573
v 4.111152 6.003089 9.178615
v 4.347840 6.202328 9.047572
v 4.109448 6.181177 9.271808
v 4.047225 6.844480 8.682475
v 3.750767 6.375820 8.731329
v 3.747107 6.383415 8.719947
v 3.787600 6.154359 8.726245
v 4.264600 5.878366 8.899906
v 4.293318 5.784309 8.301776
v 3.771149 6.350650 8.689260
v 4.177388 5.781018 8.799233
v 3.781383 6.654692 8.696863
v 4.129485 6.132545 9.207948
v 4.218521 5.825706 8.963495
v 4.216490 6.638446 8.448713
v 4.147964 6.165252 8.434079
v 4.308150 6.125183 9.063294
v 4.300593 5.974137 8.962375
v 4.352090 6.579772 9.016458
v 4.007925 6.244773 9.168902
v 4.136382 6.011546 9.159094
v 4.085212 5.795675 9.066950
v 4.397181 6.266950 8.704605
v 4.415111 6.259865 8.725837
v 4.069736 6.555826 8.388120
v 4.452045 6.343272 8.607631
v 4.216801 5.546873 8.722946
v 4.189619 5.806664 9.000175
v 4.100861 6.155678 9.281936
v 3.916582 6.758357 8.968235
v 3.983238 5.712243 8.686440
v 4.246595 6.180152 9.142271
v 4.309909 5.701898 8.663656
v 3.924206 5.812637 8.657354
v 4.198534 6.021029 9.120016
v 4.115521 6.131307 9.269168
v 4.267393 6.250689 9.130324
v 4.044809 5.629449 8.701207
v 4.450016 6.389759 8.638031
v 3.925748 5.863852 8.393344
v 4.117251 6.428061 9.225316
v 4.139482 5.835700 9.119311
v 4.269470 6.307003 9.142043
v 4.359773 5.522195 8.665318
v 3.796475 6.252844 8.703244
v 4.018363 6.176476 9.199713
v 3.943853 6.066349 8.499775
v 4.367140 6.019688 8.796747
v 3.966637 6.002443 9.090590
v 4.187840 5.667033 8.719312
v 3.896805 6.327742 9.138449
v 4.427570 6.415854 8.717750
v 4.012111 5.778353 8.728418
v 4.030962 6.697670 9.119947
v 4.172515 6.309001 9.150450
v 4.087354 6.001894 9.178056
v 4.145511 6.016984 9.177664
v 3.838301 6.176745 9.035617
v 4.066860 6.179038 9.270808
v 4.134039 5.877283 8.353906
v 4.129274 5.763735 8.812819
v 3.959752 5.863075 8.892691
v 3.967315 5.767938 8.294147
v 4.059868 5.775118 8.796475
v 4.300707 5.927603 8.892867
v 4.415821 6.428108 8.673472
v 4.349231 6.054876 8.619339
v 4.430690 6.247295 8.685346
v 4.054802 6.128794 9.206195
v 4.007795 5.815142 8.958481
v 3.953203 6.625227 8.442536
v 4.069364 6.161314 8.432203
v 4.363707 6.221941 8.577178
v 3.884735 6.103925 9.053360
v 4.120242 6.002361 9.160987
v 3.912046 5.954630 8.953252
v 3.797747 6.551940 9.003451
v 4.062345 6.007829 9.157356
v 3.798837 6.236908 8.690567
v 3.780733 6.228015 8.710953
v 3.741205 6.307582 8.590953
v 4.047431 5.538369 8.718972
v 4.036763 5.799001 8.996540
v 4.077473 6.154504 9.281387
v 3.936715 6.164596 9.135000
v 3.942147 5.683434 8.655027
v 4.001452 6.011134 9.115392
v 4.065940 6.128817 9.268004
v 3.909543 6.232721 9.121928
v 3.737146 6.353969 8.621305
v 4.036565 6.424010 9.223423
v 4.078647 5.832646 9.117880
v 3.901293 6.288518 9.133405
v 3.910501 5.499639 8.654778
v 3.848915 5.993677 8.784555
v 4.064354 5.660833 8.716414
v 3.753113 6.381992 8.701924
v 3.997060 6.300192 9.146334
v 4.051858 6.012283 9.175467
v 4.114434 5.876296 8.353457
v 4.108654 5.762700 8.812333
v 3.919506 5.908466 8.883913
v 3.765635 6.395463 8.658217
v 3.874590 6.026347 8.604798
v 3.768402 6.214044 8.669806
v 3.842573 6.195776 8.564951
v 4.079216 6.000301 9.160025
v 4.115860 6.022613 8.422519
v 4.131603 5.778317 8.238450
v 4.127093 5.836447 8.311866
v 4.106890 5.872630 9.130297
v 4.087567 6.191312 9.272354
v 4.082191 6.327734 9.209551
v 4.091474 6.119122 9.260302
v 4.124422 5.680764 8.753281
v 4.098316 6.014092 9.193436
v 4.098364 6.013422 9.192822
v 4.124193 5.879215 8.351128
v 4.064629 6.841161 8.859392
v 4.094041 6.097826 9.196450
v 4.118297 5.772324 8.822807
v 4.093995 6.098287 9.197433
v 4.133697 5.514575 8.713602
v 4.132202 5.770865 8.228857
v 4.132059 5.772738 8.230959
v 4.096366 6.056614 9.185543
v 4.105879 5.893170 9.129702
v 4.104923 5.912856 9.128473
v 4.063666 6.784483 9.021708
v 4.088850 6.162578 9.279122
v 4.087602 6.190495 9.272622
v 4.116566 5.793739 8.855283
v 4.138516 5.412712 8.726140
v 4.074870 6.786049 8.540866
v 4.115345 6.031347 8.426813
v 4.130174 5.594023 8.693728
v 4.090839 6.540583 8.385497
v 4.091735 6.117743 9.252108
v 4.133726 5.513814 8.713965
v 4.105763 6.226627 8.421236
v 4.114458 5.797880 8.946486
v 4.068056 6.623096 9.179946
v 4.063545 6.800935 8.991683
v 4.077092 6.422570 9.223926
v 4.071670 6.819811 8.605005
v 4.067607 6.635777 9.171942
v 4.133812 5.511566 8.715091
v 4.118931 5.764119 8.811992
v 4.081475 6.341278 9.211064
v 4.103585 5.934439 9.139314
v 4.070489 6.563263 9.204287
v 4.070507 6.562852 9.204415
v 4.108953 6.157529 8.433113
v 4.098407 6.012813 9.192295
v 4.110912 6.117797 8.434651
v 4.066862 6.659523 9.152896
v 4.111665 6.101611 8.437169
v 4.102758 6.295711 8.401484
v 4.133530 5.518529 8.712239
v 4.108749 5.839407 9.120987
v 4.070526 6.562443 9.204491
v 4.123556 5.889463 8.358192
v 4.095608 6.451930 8.371918
v 4.107771 5.856485 9.126843
v 4.130030 5.596917 8.693676
v 4.130021 5.597029 8.693810
v 4.074651 6.788733 8.544419
v 4.112028 5.796880 9.066264
v 4.063955 6.825541 8.921556
v 4.064141 6.834263 8.894961
v 4.125076 5.865425 8.340568
v 4.115302 5.803023 8.893912
v 4.114919 6.039600 8.428026
v 4.072841 6.807743 8.580891
v 4.092090 6.116338 9.240017
v 4.065320 6.847683 8.815957
v 4.096656 6.049937 9.187484
v 4.081762 6.336224 9.209651
v 4.119356 5.961390 8.395743
v 4.089664 6.146493 9.278873
v 4.113649 5.795295 8.991884
v 4.112863 5.796203 9.027799
v 4.077758 6.409045 9.224489
v 4.079264 6.379634 9.223246
v 4.077828 6.748263 8.495597
v 4.130470 5.587815 8.694366
v 4.076483 6.436095 9.220946
v 4.123257 5.697555 8.766989
v 4.121919 5.718263 8.779722
v 4.097275 6.034619 9.193866
v 4.070559 6.561732 9.204605
v 4.112528 6.084792 8.436052
v 4.085547 6.631019 8.417525
v 4.091253 6.121987 9.263589
v 4.090414 6.134233 9.273145
v 4.140468 5.644365 8.147256
v 4.102741 5.948248 9.145745
v 4.093696 6.488723 8.374684
v 4.080777 6.705375 8.461729
v 4.116111 5.798728 8.865372
v 4.115848 5.800283 8.874253
v 4.115572 6.027477 8.424979
v 4.064552 6.739715 9.079759
v 4.063938 6.766809 9.047945
v 4.110551 5.812420 9.099637
v 4.077705 6.749963 8.497215
v 4.094054 6.097614 9.196377
v 4.099474 6.370926 8.380485
v 4.097527 6.412495 8.374537
v 4.089467 6.564873 8.392006
v 4.099720 6.001441 9.160654
v 4.100436 5.984247 9.166931
v 4.063780 6.775131 9.036854
v 4.080640 6.707421 8.463168
v 4.084754 6.271564 9.220495
v 4.087520 6.192622 9.271534
v 4.083864 6.657334 8.432934
v 4.100774 5.977256 9.167520
v 4.095117 6.079727 9.189333
v 4.074534 6.478687 9.212864
v 4.128640 5.620589 8.702260
v 4.084674 6.273548 9.219657
v 4.107166 6.196212 8.426540
v 4.097411 6.030938 9.195987
v 4.092725 6.112647 9.220833
v 4.092559 6.113394 9.226323
v 4.094398 6.093358 9.190806
v 4.128434 5.623465 8.704877
v 4.096499 6.434036 8.372243
v 4.066932 6.849747 8.742866
v 4.141785 5.637320 8.106188
v 4.117013 5.788754 8.845549
v 4.117352 5.785616 8.836877
v 4.081175 6.345927 9.213911
v 4.063791 6.817735 8.945213
v 4.131497 5.565508 8.698351
v 4.065627 6.699438 9.120131
v 4.085833 6.626379 8.415279
v 4.064814 6.729434 9.090601
v 4.111346 5.803929 9.082077
v 4.099101 6.005085 9.179270
v 4.099446 6.002089 9.170969
v 4.084514 6.277088 9.218903
v 4.068092 6.848312 8.696505
v 4.100602 5.980282 9.168340
v 4.083111 6.309828 9.208660
v 4.070978 6.825291 8.622732
v 4.067511 6.850494 8.716576
v 4.101425 5.966515 9.162737
v 4.102067 5.957326 9.155019
v 4.109831 5.822809 9.109145
v 3.941313 5.294144 8.620744
v 4.410160 5.523407 8.269274
v 3.865313 5.490850 8.249461
v 4.431329 5.504763 8.306500
v 3.843874 5.469660 8.285138
v 4.292481 5.302775 8.656132
v 4.022210 5.277124 8.663704
v 3.877026 5.322448 8.559543
v 3.834801 5.359637 8.485289
v 4.250229 5.290749 8.671995
v 4.383173 5.540000 8.234954
v 4.066783 5.273337 8.677135
v 3.892547 5.510683 8.217113
v 4.456091 5.440670 8.427474
v 3.818219 5.402555 8.404279
v 4.184693 5.581758 8.129553
v 4.350944 5.554190 8.204271
v 4.091756 5.576206 8.126173
v 3.924996 5.528738 8.188782
v 4.331424 5.317455 8.634930
v 3.980087 5.284109 8.644773
v 3.852884 5.340113 8.523673
v 4.438912 5.395734 8.507256
v 4.450844 5.418105 8.468030
v 3.823164 5.380599 8.445206
v 4.273602 5.574207 8.156343
v 4.002673 5.558018 8.146490
v 4.314159 5.565674 8.177879
v 4.396147 5.353467 8.578419
v 3.961967 5.544628 8.165073
v 3.906713 5.307015 8.592131
v 4.159450 5.275616 8.686473
v 4.138236 5.580616 8.124871
v 4.270678 6.788376 8.549591
v 3.831775 6.653181 8.485204
v 4.419513 6.428982 8.838398
v 4.245279 6.592089 8.382830
v 4.247028 6.766585 8.503222
v 4.386159 6.705664 8.625673
v 4.184583 6.884057 8.824076
v 4.410641 6.355215 8.597656
v 4.169218 6.885844 8.711956
v 4.273824 6.058864 8.413643
v 4.015218 6.822049 8.522459
v 3.865185 6.753673 8.536860
v 4.420659 6.233137 8.843046
v 3.920113 6.650038 9.174826
v 4.092241 6.895919 8.701309
v 4.078560 6.796044 9.084827
v 3.854177 6.535470 8.419436
v 4.361078 6.141566 8.557576
v 4.015627 6.891963 8.788860
v 3.939711 6.474765 8.353108
v 4.198810 6.515541 8.344648
v 4.353650 6.645650 9.069750
v 3.754594 6.597545 9.008816
v 4.228251 6.060029 8.391465
v 4.381146 6.553101 8.500858
v 3.732135 6.671381 8.753206
v 4.253592 6.757114 9.058869
v 3.781414 6.758522 8.745073
v 4.331555 6.728671 8.544364
v 4.408449 6.716493 8.740157
v 3.971138 6.709888 9.156737
v 3.923147 6.802021 9.012250
v 3.803862 6.299224 8.495497
v 4.412781 6.460789 8.745804
v 4.087246 6.646213 8.371119
v 3.882159 6.780862 8.996730
v 4.398828 6.613211 9.011274
v 4.313457 6.820149 8.721519
v 3.943983 6.863597 8.882689
v 4.067377 6.655584 9.216189
v 4.008558 6.054540 8.385727
v 4.286553 6.133567 8.445162
v 4.150486 6.183633 8.382275
v 4.069360 6.863050 8.589014
v 3.941874 6.872303 8.812021
v 3.882216 6.673926 9.127380
v 4.180052 6.876453 8.886110
v 4.017006 6.732140 8.428149
v 4.214450 6.830055 8.978241
v 4.078321 6.784527 8.465743
v 4.336555 6.725155 8.842690
v 3.815260 6.579822 8.536570
v 4.390894 6.645786 8.778462
v 3.805395 6.494296 8.519754
v 3.762503 6.601825 8.774695
v 3.844591 6.420907 8.465817
v 3.874550 6.104739 8.566459
v 3.822333 6.713665 8.860957
v 4.404661 6.589275 8.762432
v 4.084706 6.624161 8.416129
v 3.815557 6.349358 8.504648
v 4.246503 6.452369 8.405321
v 3.951650 6.822489 8.819651
v 4.296455 6.467789 8.435128
v 4.184847 6.437659 8.384876
v 4.220664 6.186107 8.447744
v 4.076968 6.764047 9.047244
v 4.232808 6.575160 8.427040
v 4.233926 6.637092 9.123928
v 3.759665 6.585656 8.693736
v 4.375811 6.675182 8.706458
v 3.935820 6.499965 8.409102
v 4.051344 6.842920 8.818620
v 4.183637 6.507422 8.391030
v 4.382857 6.329249 8.530642
v 3.759257 6.534067 8.765701
v 4.035559 6.624599 9.174347
v 3.803677 6.588583 8.997631
v 4.007970 6.332892 8.396700
v 4.170511 6.829795 8.870530
v 4.021413 6.502812 8.382931
v 4.205501 6.060064 8.436943
v 4.382404 6.245387 8.601229
v 4.065805 6.797120 8.992368
v 3.917056 6.724891 9.012899
v 3.960580 6.817774 8.871543
v 4.192913 6.101587 8.445431
v 4.146082 6.839293 8.716228
v 4.402448 6.421116 8.820811
v 3.817546 6.654318 8.953945
v 4.069587 6.815463 8.604408
v 3.780173 6.470901 8.567501
v 4.409832 6.433655 8.756695
v 3.940417 6.775991 8.957735
v 4.341476 6.485600 8.481709
v 4.037814 6.065250 8.436740
v 4.081856 6.622289 9.181542
v 3.990057 6.833753 8.721766
v 4.226192 6.751053 8.993055
v 4.062988 6.744869 8.498173
v 4.028853 6.777193 8.540204
v 4.133294 6.776237 8.537169
v 3.774313 6.355676 8.612729
v 3.799082 6.582218 9.050536
v 3.792941 6.179714 8.834145
v 3.818860 6.220406 8.588940
v 4.345468 6.609727 9.063711
v 3.836322 6.178823 8.562934
v 4.373343 6.208704 8.575678
v 3.762496 6.430030 8.729026
v 4.390126 6.564973 8.988419
v 4.181709 6.638253 9.181792
v 3.782793 6.339621 8.921185
v 3.952286 6.627394 9.176788
v 4.396108 6.358697 8.925447
v 3.763746 6.533754 8.973180
v 4.345452 6.114509 8.577222
v 4.258715 6.634358 9.136637
v 4.421028 6.425539 8.669700
v 3.764396 6.415014 8.690944
v 3.866347 6.089345 8.561682
v 3.786500 6.389669 8.970354
v 3.768639 6.410622 8.729144
v 4.346070 6.080804 8.556374
v 3.779095 6.228881 8.781487
v 4.406336 6.217817 8.832215
v 3.984407 6.027517 8.412388
v 3.875286 6.614295 9.125380
v 4.411510 6.447625 8.707850
v 3.908731 6.032446 8.492203
v 4.239192 6.036146 8.429142
v 4.382343 6.419403 8.983935
v 4.115515 6.043765 8.393539
v 3.846231 6.275769 8.440601
v 4.002650 6.639544 9.213472
v 4.059957 6.373257 8.330438
v 4.144480 6.102796 8.385267
v 4.401185 6.381373 8.932442
v 4.195865 6.658048 9.190135
v 3.757140 6.565979 9.013592
v 4.392869 6.348027 8.501822
v 4.256496 6.661574 9.153295
v 3.894778 6.042623 8.485653
v 4.322845 6.061360 8.480741
v 3.757267 6.677976 8.645477
v 4.418251 6.283812 8.888474
v 3.855324 6.111009 8.543604
v 3.870667 6.058039 8.541373
v 4.355407 6.288575 8.454308
v 4.202097 6.109053 8.397494
v 3.753608 6.394679 8.771365
v 4.432747 6.437431 8.677238
v 4.427208 6.544925 8.670450
v 4.394536 6.417216 8.972090
v 3.857511 6.290106 8.469046
v 4.137598 6.384228 8.381785
v 4.043673 6.039302 8.415676
v 4.378225 6.394425 8.939858
v 3.783071 6.628496 8.642489
v 3.784800 6.549187 8.986667
v 3.781466 6.538284 8.951010
v 4.008033 6.158571 8.443519
v 3.758517 6.517168 8.672798
v 3.768103 6.408842 8.665092
v 3.784946 6.287133 8.881171
v 4.366240 6.226854 8.575046
v 3.840158 6.199919 8.562308
v 3.947217 6.622810 9.147428
v 3.795121 6.387386 8.951271
v 4.277642 6.145614 8.489711
v 4.001727 6.026898 8.431198
v 3.901499 6.616841 9.114565
v 4.411496 6.440814 8.678870
v 4.186571 6.634492 9.154502
v 4.008117 6.811265 8.618166
v 4.311993 6.052484 8.513773
v 4.393445 6.323008 8.598604
v 3.770540 6.368564 8.760277
v 4.397138 6.313630 8.524917
v 3.779348 6.330620 8.568282
v 3.800117 6.756548 8.887239
v 4.215104 6.351394 8.352844
v 3.980849 6.342528 8.349061
v 4.338229 6.659043 8.491408
v 4.280746 6.810272 8.936183
v 4.138199 6.662648 9.208838
v 3.993356 6.504418 8.338368
v 4.352427 6.085763 8.542707
v 4.094112 6.895472 8.805671
v 4.130607 6.845493 8.995300
v 3.921076 6.809783 8.561816
v 3.992748 6.838225 8.993129
v 4.428100 6.451074 8.714886
v 4.435532 6.444174 8.661183
v 3.749260 6.416822 8.699710
v 3.745938 6.402985 8.657536
v 3.795041 6.283556 8.581518
v 3.987617 6.613079 8.369283
v 4.176766 6.602402 8.363822
v 4.216715 6.704090 9.149866
v 4.112979 6.371078 8.330483
v 4.199017 6.437067 8.337821
v 4.012882 6.087809 8.394206
v 3.816642 6.794078 8.750557
v 4.338256 6.791090 8.862916
v 4.004575 6.423527 8.331557
v 4.224172 6.180793 8.398285
v 4.403304 6.229949 8.874907
v 3.986600 6.146410 8.401169
v 3.780303 6.226165 8.873254
v 3.762118 6.282879 8.874673
v 4.305545 6.334695 8.396134
v 3.805247 6.703970 8.564417
v 3.994253 6.882136 8.691514
v 3.891760 6.315048 8.390008
v 3.922074 6.349727 8.367077
v 4.127417 6.731575 8.424057
v 3.732785 6.627596 8.719492
v 4.004502 6.798459 9.066215
v 4.114784 6.053220 8.371634
v 4.125356 6.867268 8.607102
v 4.309674 6.565291 8.418616
v 4.316446 6.448433 8.400887
v 3.750690 6.449015 8.610344
v 4.419651 6.693096 8.764966
v 3.993623 6.856826 8.603153
v 3.932770 6.572323 8.373454
v 3.880691 6.431540 8.386584
v 3.773588 6.352138 8.922910
v 3.765276 6.424911 8.965576
v 4.387496 6.674691 8.974777
v 4.365360 6.358234 8.454106
v 4.407356 6.551371 8.563472
v 3.832874 6.350241 8.439547
v 3.769667 6.518569 8.539478
v 3.773293 6.197853 8.818840
v 4.422328 6.263120 8.811926
v 4.122398 6.826167 8.518646
v 4.181839 6.054993 8.390079
v 4.255414 6.096972 8.421794
v 3.765106 6.727343 8.824321
v 4.344230 6.691921 9.034171
v 3.993331 6.043044 8.388824
v 4.218272 6.846198 8.610491
v 3.964835 6.082543 8.419910
v 4.409979 6.671432 8.672057
v 4.259377 6.459811 8.361858
v 3.794390 6.537526 8.490836
v 3.884164 6.820189 8.631696
v 4.421283 6.588486 8.886527
v 3.793799 6.665241 9.020649
v 3.734113 6.554028 8.868354
v 4.338353 6.781002 8.639662
v 3.823738 6.769499 8.624692
v 4.417708 6.391019 8.776505
v 4.166079 6.807083 9.049933
v 4.333368 6.117914 8.503837
v 3.886905 6.092595 8.494643
v 4.272122 6.827886 8.632514
v 3.742297 6.653391 8.907117
v 4.404868 6.692184 8.892324
v 3.799256 6.607167 9.077482
v 4.056652 6.169240 8.382812
v 4.062140 6.880662 8.897669
v 4.289255 6.670324 8.451319
v 3.875806 6.659264 8.447594
v 4.371776 6.774902 8.766894
v 4.238503 6.867436 8.792685
v 4.168131 6.765201 8.460631
v 4.413276 6.571482 8.977152
v 3.889827 6.848839 8.784513
v 3.993342 6.777193 8.475445
v 3.737437 6.540050 8.958069
v 4.278132 6.842116 8.852545
v 3.864763 6.820598 8.879494
v 3.955343 6.043049 8.406764
v 3.916081 6.114501 8.450685
v 3.741713 6.512130 8.681991
v 4.080773 6.099037 8.384054
v 4.369770 6.745171 8.907222
v 3.762069 6.698992 8.900677
v 4.314356 6.081748 8.473278
v 3.911851 6.067054 8.463275
v 4.028482 6.745411 9.138583
v 3.921558 6.696095 8.440678
v 4.112490 6.747705 9.141685
v 3.816499 6.203604 8.569618
v 4.126620 6.642889 9.215634
v 4.058637 6.842042 9.013683
v 4.066272 6.482434 8.324740
v 4.093500 6.556219 8.338119
v 4.112333 6.472359 8.323495
v 4.232688 6.679122 8.421660
v 4.359171 6.626337 9.072036
v 4.386018 6.224525 8.575544
v 4.402057 6.367254 8.614556
v 3.794482 6.320339 8.584835
v 4.303951 6.693298 8.563400
v 3.853697 6.675827 8.562306
v 4.226073 6.363689 8.405368
v 4.332713 6.594126 8.512988
v 3.872984 6.617016 8.491083
v 4.321200 6.708502 8.927649
v 3.917601 6.035378 8.505240
v 4.123519 6.800296 8.975763
v 3.913480 6.750632 8.578669
v 3.874059 6.743361 8.916434
v 4.006051 6.795376 8.971594
v 4.409331 6.459670 8.675075
v 3.769042 6.426290 8.660243
v 4.117898 6.846750 8.766665
v 4.384226 6.482078 8.543063
v 4.010500 6.576950 8.405638
v 4.158956 6.589474 8.409413
v 4.221480 6.821207 8.792861
v 3.864423 6.757422 8.683304
v 4.282132 6.777800 8.841069
v 4.332540 6.083034 8.563070
v 4.088391 6.378420 8.379303
v 4.394053 6.227995 8.850021
v 3.887476 6.061226 8.553240
v 4.396734 6.332242 8.894794
v 3.985031 6.086388 8.461535
v 4.345525 6.690266 8.634254
v 4.303238 6.343441 8.441226
v 3.886230 6.364463 8.430303
v 3.907414 6.327430 8.424974
v 4.116706 6.620251 9.189777
v 4.190140 6.720115 8.499031
v 4.019763 6.615387 9.187369
v 4.128415 6.707124 8.468731
v 4.039322 6.698715 8.462784
v 4.407169 6.598783 8.701972
v 4.400895 6.533263 8.600206
v 4.120024 6.819015 8.619197
v 4.115503 6.040629 8.418442
v 3.927220 6.564795 8.429332
v 3.978621 6.428304 8.386133
v 3.790637 6.346976 8.906023
v 3.965084 6.668002 9.120335
v 4.155468 6.692352 9.115595
v 4.373472 6.450602 8.973213
v 4.347793 6.327418 8.479767
v 3.815134 6.303370 8.514832
v 3.774416 6.522038 8.587024
v 3.796669 6.201700 8.810396
v 4.409203 6.263616 8.796734
v 4.187707 6.047369 8.420336
v 4.244461 6.089354 8.471253
v 3.800841 6.697839 8.775351
v 4.102401 6.467399 8.373158
v 4.377488 6.356074 8.515674
v 4.198604 6.806396 8.638482
v 4.383771 6.628625 8.641926
v 3.925232 6.787081 8.644821
v 4.309731 6.664351 9.010433
v 3.862031 6.652212 9.031751
v 3.922678 6.709601 8.525380
v 4.286615 6.769945 8.672252
v 3.846658 6.730918 8.653874
v 4.360680 6.572365 8.534398
v 4.191570 6.777879 8.984963
v 4.242327 6.753695 8.570783
v 3.975214 6.757746 9.019035
v 4.312488 6.126019 8.533657
v 3.903347 6.112469 8.522671
v 3.772732 6.398207 8.812499
v 3.820928 6.583524 9.040601
v 4.320120 6.608713 9.058475
v 4.069839 6.178947 8.431828
v 4.148790 6.183834 8.432890
v 4.064223 6.832179 8.885964
v 4.264727 6.651588 8.488547
v 4.329419 6.747961 8.755714
v 4.371557 6.567701 8.968277
v 3.818985 6.725709 8.742608
v 3.998862 6.725567 8.494465
v 4.291742 6.560170 8.456776
v 4.245426 6.794794 8.880268
v 4.273794 6.038979 8.463592
v 3.910418 6.802613 8.785619
v 3.874242 6.506098 8.446640
v 3.888486 6.784049 8.844362
v 3.956549 6.024808 8.456393
v 3.946407 6.122788 8.479410
v 4.124133 6.094815 8.434402
v 4.353024 6.670796 8.917397
v 3.789535 6.646194 8.883258
v 4.069463 6.845436 8.700955
v 3.773170 6.641621 8.724515
v 4.279571 6.079770 8.496966
v 3.955071 6.061859 8.478705
v 4.020611 6.709837 9.101963
v 3.954436 6.641912 8.454752
v 4.097306 6.711797 9.106632
v 4.095567 6.550570 8.388985
v 4.209971 6.645604 8.453922
v 4.347533 6.593052 9.023312
vn -0.1187 0.6195 0.7759
vn 0.0632 0.7402 -0.6694
vn -0.3030 0.0910 0.9486
vn -0.3291 0.1728 0.9284
vn -0.7317 0.6796 -0.0528
vn -0.7214 0.6897 -0.0624
vn -0.1891 0.5488 0.8143
vn -0.2680 0.7858 0.5574
vn -0.3980 0.5808 0.7101
vn -0.3509 0.9345 0.0595
vn -0.4157 0.8429 0.3416
vn -0.4666 0.7911 0.3955
vn -0.2769 0.9070 -0.3172
vn -0.2747 0.9081 -0.3160
vn -0.2746 0.9082 -0.3160
vn -0.3472 0.8386 0.4197
vn -0.3163 0.9485 0.0188
vn -0.1440 0.8770 -0.4584
vn -0.1982 0.9263 -0.3205
vn -0.2742 0.9084 -0.3157
vn -0.1418 0.7356 0.6624
vn -0.1430 0.7360 0.6617
vn -0.1365 0.7336 0.6658
vn -0.2804 0.9515 -0.1268
vn -0.5753 0.6670 -0.4734
vn -0.6185 0.6286 -0.4714
vn -0.2753 0.6298 0.7263
vn -0.2386 0.6458 0.7253
vn -0.0574 0.5795 0.8130
vn -0.1356 0.7332 0.6663
vn -0.2482 0.8806 0.4037
vn -0.3662 0.8095 0.4589
vn -0.1103 0.2210 0.9690
vn -0.1486 0.1819 0.9720
vn -0.1508 0.0375 0.9879
vn -0.1181 0.0906 0.9889
vn -0.0247 -0.5643 0.8252
vn -0.0842 -0.4733 0.8769
vn -0.0990 0.3123 0.9448
vn -0.1110 0.3269 0.9385
vn 0.0369 0.4025 -0.9147
vn -0.0055 0.2077 -0.9782
vn 0.0360 0.1936 -0.9804
vn -0.0643 0.1552 -0.9858
vn -0.3353 0.0547 0.9405
vn -0.3661 -0.3831 0.8480
vn -0.4269 -0.6027 0.6742
vn -0.3408 0.4659 0.8166
vn -0.3461 0.4389 0.8292
vn -0.3236 0.4091 0.8532
vn -0.2991 0.1590 0.9409
vn -0.4342 -0.1223 0.8925
vn -0.3193 0.0409 0.9468
vn -0.3206 0.1054 0.9413
vn -0.3912 0.5957 0.7015
vn -0.2762 0.1007 -0.9558
vn -0.2476 -0.0230 -0.9686
vn -0.6051 -0.0832 -0.7918
vn -0.6715 -0.1679 -0.7218
vn -0.9340 0.3571 -0.0140
vn 0.0118 -0.4905 0.8714
vn 0.2193 0.1001 -0.9705
vn -0.6764 -0.0581 0.7343
vn -0.5721 -0.2694 0.7747
vn -0.9471 0.1827 0.2638
vn -0.8720 0.2444 0.4242
vn -0.7334 0.4366 -0.5210
vn -0.7311 0.4414 -0.5203
vn -0.1520 0.5521 -0.8198
vn -0.4990 0.1833 -0.8470
vn -0.4432 0.3682 -0.8173
vn -0.1867 0.2361 -0.9536
vn -0.1426 0.1947 -0.9704
vn -0.5807 0.0553 0.8122
vn -0.0805 0.3488 -0.9337
vn -0.5050 0.3369 -0.7947
vn -0.8508 0.3225 -0.4149
vn -0.2234 0.2578 0.9400
vn -0.9393 -0.0523 0.3391
vn -0.9386 -0.0502 0.3412
vn -0.9393 -0.0521 0.3393
vn -0.9571 0.0364 0.2876
vn -0.7746 -0.0347 0.6315
vn -0.7575 -0.0686 0.6493
vn -0.9550 -0.0985 0.2798
vn -0.1022 -0.4857 0.8681
vn -0.2555 -0.2827 0.9246
vn -0.1497 -0.3538 0.9233
vn -0.3968 -0.4882 0.7773
vn -0.5652 -0.8237 -0.0458
vn -0.6607 -0.4766 0.5800
vn -0.6647 -0.3308 0.6699
vn -0.7920 -0.4936 0.3594
vn -0.8962 0.1345 -0.4228
vn -0.8987 0.1690 -0.4048
vn -0.3166 -0.4173 -0.8518
vn -0.8783 0.1157 -0.4639
vn -0.8787 0.1129 -0.4639
vn -0.8784 0.1152 -0.4639
vn -0.4841 0.1598 -0.8603
vn -0.5001 0.1471 -0.8534
vn -0.6078 -0.7887 -0.0924
vn -0.1217 0.2600 -0.9579
vn -0.1059 0.2667 -0.9580
vn -0.1289 -0.3699 -0.9201
vn -0.0222 -0.5022 -0.8645
vn -0.1369 -0.6036 -0.7854
vn -0.6589 -0.6974 0.2821
vn -0.3539 -0.5586 -0.7502
vn -0.6746 0.1115 -0.7297
vn -0.1410 -0.3964 0.9072
vn -0.3420 -0.3989 0.8509
vn -0.2820 -0.3081 0.9086
vn -0.1727 -0.4255 0.8883
vn -0.0990 0.2105 -0.9726
vn -0.0983 0.2105 -0.9726
vn -0.1014 0.2104 -0.9723
vn -0.0585 0.2425 -0.9684
vn -0.0730 -0.0176 -0.9972
vn -0.5041 -0.2964 0.8112
vn -0.5040 -0.2954 0.8116
vn -0.5047 -0.2997 0.8096
vn -0.5317 -0.3170 0.7853
vn -0.9945 0.0792 0.0693
vn -0.9672 -0.1211 0.2234
vn -0.9692 -0.1237 0.2131
vn -0.9691 -0.1236 0.2134
vn -0.6179 -0.4059 0.6733
vn -0.9692 -0.1238 0.2129
vn -0.9642 -0.0718 -0.2554
vn -0.9624 -0.0759 -0.2608
vn -0.9627 -0.0753 -0.2600
vn -0.8056 0.0259 -0.5920
vn -0.3205 0.0785 -0.9440
vn -0.2452 0.1365 -0.9598
vn -0.9145 -0.0257 -0.4039
vn -0.9604 0.1541 -0.2321
vn -0.7310 -0.5927 -0.3381
vn -0.7298 -0.5943 -0.3378
vn -0.7317 -0.5918 -0.3383
vn -0.7291 -0.5953 -0.3377
vn 0.2271 -0.4120 0.8824
vn -0.7309 0.5826 -0.3555
vn 0.8917 -0.3923 -0.2257
vn 0.7544 -0.4223 0.5024
vn -0.5112 -0.8570 0.0649
vn -0.5042 -0.8597 -0.0816
vn -0.5031 -0.8605 -0.0804
vn -0.4981 -0.8639 -0.0744
vn 0.1577 0.0441 -0.9865
vn -0.5321 -0.8160 -0.2259
vn -0.5310 -0.8163 -0.2276
vn -0.5311 -0.8162 -0.2275
vn -0.2722 -0.9618 -0.0289
vn -0.8784 0.3123 0.3618
vn -0.8284 0.3407 0.4445
vn -0.3528 0.5062 -0.7869
vn 0.2651 -0.9120 -0.3131
vn -0.0693 -0.9673 -0.2439
vn 0.0816 -0.1418 0.9865
vn 0.0908 -0.3999 0.9120
vn -0.9162 -0.1748 -0.3605
vn -0.8279 -0.3959 -0.3972
vn -0.9126 -0.2677 -0.3090
vn -0.3731 -0.3292 -0.8675
vn -0.3744 -0.3610 -0.8541
vn -0.4027 -0.1415 -0.9043
vn 0.2314 -0.6275 -0.7434
vn 0.1883 -0.6946 -0.6943
vn 0.2033 -0.5587 -0.8040
vn 0.2234 -0.9549 -0.1956
vn 0.3225 -0.9143 -0.2451
vn 0.2861 -0.8879 -0.3604
vn 0.2877 -0.8870 -0.3612
vn 0.2855 -0.8881 -0.3601
vn 0.2882 -0.8867 -0.3615
vn 0.0849 -0.9380 0.3360
vn 0.1883 -0.9164 0.3532
vn 0.3389 -0.9217 0.1889
vn -0.8704 -0.3432 0.3530
vn -0.4911 -0.0664 0.8686
vn -0.8797 -0.3771 0.2898
vn -0.4559 -0.5079 0.7309
vn -0.0878 -0.7440 0.6624
vn -0.2705 -0.4300 0.8614
vn -0.9184 -0.3956 0.0079
vn -0.9214 -0.3884 0.0151
vn -0.9209 -0.3895 0.0140
vn -0.9178 -0.3971 0.0065
vn -0.9000 -0.3567 0.2506
vn 0.4708 -0.1695 -0.8658
vn -0.5460 0.1688 0.8206
vn -0.5495 0.1105 0.8282
vn -0.3866 0.0503 0.9209
vn -0.2647 0.8010 -0.5370
vn -0.4519 0.4036 -0.7955
vn -0.4231 0.6654 -0.6150
vn -0.4366 0.8907 0.1264
vn -0.3441 0.5747 0.7425
vn -0.3282 -0.2985 0.8962
vn -0.3504 0.0321 0.9360
vn -0.5924 -0.2358 0.7704
vn -0.1797 0.1165 -0.9768
vn -0.9272 -0.1124 0.3573
vn 0.2589 -0.8939 0.3659
vn -0.9718 -0.1730 0.1602
vn -0.5605 -0.3061 -0.7695
vn -0.5740 -0.0113 -0.8188
vn -0.5743 -0.0112 -0.8186
vn -0.5746 -0.0111 -0.8183
vn -0.1770 0.1512 -0.9725
vn -0.9715 -0.0019 -0.2370
vn -0.9584 -0.2836 -0.0334
vn -0.7499 0.5686 0.3382
vn -0.7547 0.5654 0.3329
vn -0.7495 0.5688 0.3386
vn -0.6803 0.4719 -0.5608
vn -0.5961 0.4935 -0.6333
vn -0.4835 -0.3237 0.8133
vn 0.6029 -0.6460 0.4682
vn 0.8727 -0.4517 -0.1853
vn 0.9075 -0.3573 -0.2209
vn 0.2713 0.0960 -0.9577
vn -0.5980 0.3132 0.7378
vn -0.5271 0.3213 0.7867
vn -0.2455 -0.5155 0.8210
vn 0.5193 -0.6979 0.4931
vn -0.5372 -0.0460 0.8422
vn -0.4083 -0.0422 0.9119
vn 0.4306 -0.2983 -0.8518
vn -0.4233 -0.1699 -0.8899
vn 0.1346 -0.0489 -0.9897
vn 0.2987 -0.8829 0.3624
vn 0.2288 -0.9252 -0.3027
vn -0.6086 -0.0001 0.7935
vn -0.5315 -0.1319 0.8367
vn -0.9682 -0.1296 0.2138
vn -0.9637 -0.2381 -0.1205
vn -0.9434 -0.2965 0.1489
vn -0.9989 -0.0163 -0.0431
vn -0.7385 -0.1516 -0.6570
vn -0.8289 0.4594 0.3192
vn -0.8286 0.4605 0.3185
vn -0.8292 0.4584 0.3199
vn -0.7287 0.4461 -0.5196
vn -0.1055 -0.3752 0.9209
vn -0.5367 -0.2923 0.7915
vn -0.5507 0.2186 0.8056
vn -0.6860 0.1898 0.7024
vn -0.4978 0.3528 -0.7923
vn -0.1614 0.2217 -0.9617
vn -0.4033 -0.0614 0.9130
vn -0.4299 -0.0624 0.9007
vn -0.2038 0.5836 0.7860
vn -0.3664 0.9301 -0.0257
vn -0.3702 0.7453 -0.5545
vn -0.1149 0.9882 0.1015
vn -0.1686 0.9782 0.1211
vn -0.3925 0.6054 -0.6924
vn -0.3818 0.3764 -0.8441
vn -0.3258 0.1679 -0.9304
vn -0.1651 0.2370 -0.9574
vn -0.9849 0.1135 -0.1306
vn -0.9835 -0.0016 -0.1809
vn -0.9976 0.0406 0.0560
vn -0.9974 -0.0718 -0.0046
vn -0.8749 -0.3942 0.2814
vn -0.9466 -0.2560 0.1959
vn -0.6479 0.0847 0.7570
vn -0.9216 0.3880 -0.0101
vn -0.9272 0.3730 -0.0342
vn -0.4835 -0.0982 0.8698
vn -0.6417 0.0310 0.7663
vn -0.7196 0.3689 -0.5883
vn -0.8587 0.5124 -0.0092
vn -0.8565 0.5160 -0.0135
vn -0.8589 0.5121 -0.0089
vn -0.3835 0.4442 -0.8097
vn -0.5710 0.5555 -0.6044
vn -0.4395 0.8961 0.0612
vn -0.2285 0.6597 0.7159
vn -0.2903 0.8611 0.4174
vn -0.3615 0.8556 0.3705
vn -0.3603 0.8561 0.3705
vn -0.3617 0.8555 0.3705
vn -0.3705 0.6703 -0.6430
vn -0.6650 -0.0258 0.7464
vn 0.1216 0.0581 -0.9909
vn -0.9384 0.3359 -0.0807
vn -0.9151 0.2899 0.2802
vn -0.8201 0.5026 -0.2735
vn -0.7582 0.2548 -0.6001
vn 0.1499 -0.2247 -0.9628
vn 0.1109 -0.1408 -0.9838
vn 0.6122 -0.1042 -0.7838
vn 0.6134 -0.0974 -0.7837
vn 0.6137 -0.0957 -0.7837
vn 0.8417 -0.2588 -0.4738
vn -0.7742 0.5728 -0.2693
vn 0.8223 -0.4866 0.2952
vn 0.8222 -0.4867 0.2951
vn 0.8232 -0.4850 0.2952
vn 0.8852 -0.4396 -0.1521
vn 0.8934 -0.4112 -0.1813
vn -0.7437 0.2039 0.6367
vn 0.7384 -0.1084 0.6656
vn -0.5164 0.3022 -0.8012
vn 0.8563 -0.1717 -0.4871
vn 0.7965 -0.4557 -0.3974
vn -0.5373 0.3690 -0.7584
vn -0.8777 0.4590 -0.1378
vn -0.5248 0.4318 -0.7335
vn -0.5953 0.3077 -0.7422
vn 0.2569 -0.0095 -0.9664
vn 0.0871 0.1737 -0.9809
vn 0.6847 -0.5859 -0.4334
vn -0.8968 0.4037 -0.1810
vn -0.9183 0.3746 -0.1278
vn 0.2525 -0.1606 -0.9542
vn 0.1845 -0.1698 -0.9681
vn -0.5701 0.2863 -0.7700
vn -0.6053 0.2773 -0.7462
vn -0.7814 0.1148 0.6134
vn -0.8524 0.2400 0.4645
vn 0.6800 -0.3312 0.6542
vn -0.1427 -0.5273 0.8376
vn -0.5796 0.4292 -0.6927
vn -0.9134 0.3972 0.0894
vn 0.5955 -0.2557 -0.7616
vn -0.4641 0.5927 -0.6583
vn 0.6121 -0.1052 -0.7838
vn -0.5837 0.4279 -0.6900
vn 0.2553 0.1021 -0.9614
vn 0.2986 0.2860 -0.9105
vn 0.8134 -0.5441 -0.2058
vn 0.8213 -0.4883 0.2951
vn 0.2480 -0.4014 0.8817
vn -0.8873 0.4162 -0.1988
vn -0.8366 0.5367 -0.1099
vn 0.6237 -0.7360 0.2635
vn -0.0151 -0.4772 0.8787
vn 0.1063 0.0594 -0.9926
vn -0.8384 0.0265 0.5443
vn -0.1162 -0.3368 0.9344
vn -0.8711 0.4856 -0.0729
vn -0.8085 0.5675 0.1561
vn -0.8403 0.5421 -0.0059
vn 0.6899 -0.4088 0.5974
vn 0.5320 -0.6948 0.4840
vn -0.8180 0.2282 0.5280
vn -0.7962 0.5951 0.1088
vn 0.2969 -0.4610 0.8363
vn 0.2940 -0.4598 0.8379
vn 0.2939 -0.4598 0.8380
vn 0.0641 -0.1837 0.9809
vn 0.7145 -0.5999 -0.3600
vn 0.8423 -0.5051 -0.1881
vn 0.6738 -0.5930 0.4409
vn 0.8553 -0.4345 -0.2822
vn 0.6094 -0.3320 -0.7200
vn 0.3549 0.0384 -0.9341
vn 0.8103 -0.3734 -0.4516
vn 0.8357 -0.3626 -0.4125
vn -0.5379 0.2123 -0.8159
vn 0.6967 -0.4483 0.5601
vn -0.3234 -0.0027 0.9463
vn 0.7253 -0.4261 0.5408
vn -0.3465 0.0976 0.9330
vn -0.7770 0.3463 0.5256
vn -0.9275 0.3650 -0.0806
vn -0.4299 0.2375 -0.8711
vn 0.3355 -0.1922 -0.9222
vn -0.8810 0.4186 -0.2206
vn 0.2153 -0.0159 -0.9764
vn -0.4932 0.3772 -0.7839
vn 0.1918 -0.1797 0.9648
vn -0.2941 0.0026 0.9558
vn -0.9290 0.3467 -0.1292
vn -0.8330 0.3122 0.4568
vn -0.8334 0.3112 0.4568
vn -0.8337 0.3103 0.4567
vn -0.9581 0.2721 -0.0893
vn -0.9336 0.3049 -0.1884
vn 0.3052 -0.2673 -0.9140
vn 0.2404 -0.1932 -0.9513
vn -0.5832 0.1265 -0.8024
vn -0.6193 0.1743 -0.7655
vn -0.6226 0.1465 0.7687
vn -0.6198 0.1427 0.7717
vn -0.6237 0.1480 0.7676
vn -0.3348 -0.0685 0.9398
vn 0.1666 -0.2527 0.9531
vn 0.4239 -0.3779 0.8231
vn 0.8126 -0.4675 -0.3479
vn 0.7528 -0.4980 -0.4305
vn -0.2305 -0.0683 0.9707
vn -0.3337 0.1819 0.9250
vn -0.4710 0.0745 0.8790
vn -0.5313 -0.0562 0.8453
vn -0.6566 0.1007 0.7475
vn -0.8384 0.2684 0.4744
vn -0.8065 0.2808 0.5202
vn -0.8204 0.2388 0.5196
vn -0.6188 0.1414 0.7727
vn -0.6870 0.0046 0.7266
vn -0.0531 -0.1581 0.9860
vn 0.4459 -0.1555 0.8815
vn 0.7345 -0.5500 0.3976
vn 0.0172 -0.2098 0.9776
vn 0.0032 -0.2294 0.9733
vn 0.7189 -0.5739 0.3923
vn -0.0050 -0.0141 0.9999
vn -0.1920 0.0486 0.9802
vn -0.3078 0.2582 0.9157
vn 0.2938 -0.4597 0.8381
vn 0.3069 -0.1001 0.9465
vn 0.4062 -0.4726 0.7821
vn 0.3325 -0.1058 0.9371
vn 0.8907 -0.4447 0.0941
vn 0.9026 -0.4173 0.1052
vn 0.8717 0.1845 0.4540
vn 0.4480 0.1756 0.8766
vn -0.1868 0.5161 0.8359
vn 0.3328 -0.5433 -0.7708
vn -0.3453 -0.4492 -0.8240
vn 0.8793 -0.2624 -0.3975
vn 0.8810 -0.2649 -0.3919
vn 0.8815 -0.2656 -0.3903
vn 0.3245 -0.5390 -0.7772
vn 0.5262 -0.3306 -0.7835
vn 0.1614 0.0622 -0.9849
vn 0.0821 0.3200 -0.9439
vn 0.3328 -0.2189 0.9172
vn 0.5204 -0.1264 -0.8445
vn 0.6611 -0.1600 -0.7330
vn 0.6025 -0.2401 0.7612
vn -0.3842 -0.0545 0.9216
vn -0.3837 -0.0663 0.9211
vn -0.3838 -0.0650 0.9211
vn -0.5195 0.0233 0.8541
vn -0.4612 -0.2153 0.8608
vn -0.4231 -0.3590 0.8319
vn -0.7594 -0.1234 -0.6388
vn -0.4296 0.5417 -0.7225
vn 0.3710 0.0998 -0.9232
vn 0.1185 0.5747 -0.8097
vn 0.8114 -0.0389 -0.5832
vn 0.8106 -0.0433 -0.5840
vn 0.8105 -0.0439 -0.5841
vn 0.6585 0.2574 0.7072
vn 0.5208 0.3979 0.7553
vn 0.5574 0.1102 0.8229
vn 0.6067 0.1406 0.7824
vn 0.5125 -0.3289 -0.7932
vn 0.8032 -0.3703 -0.4667
vn -0.6510 -0.1573 0.7426
vn -0.7139 -0.1189 0.6901
vn -0.9277 -0.2223 0.2999
vn -0.9528 -0.0930 0.2889
vn -0.8965 -0.0526 0.4399
vn -0.9529 -0.1096 -0.2828
vn -0.9526 0.1086 0.2842
vn 0.1442 -0.2187 0.9651
vn 0.1727 -0.0742 0.9822
vn 0.6289 -0.0562 -0.7754
vn 0.5457 -0.2780 -0.7905
vn -0.0404 -0.0126 -0.9991
vn -0.9938 0.0794 -0.0773
vn -0.9676 0.1662 -0.1901
vn 0.9220 -0.2539 -0.2924
vn -0.7598 0.1988 0.6190
vn -0.5157 0.0927 0.8518
vn -0.4999 0.5038 -0.7045
vn -0.7833 0.5320 -0.3215
vn -0.4075 0.3397 -0.8477
vn -0.5736 0.1090 0.8119
vn -0.5238 0.2810 0.8042
vn 0.2805 -0.2363 0.9303
vn 0.1806 -0.3982 0.8994
vn 0.1537 0.0016 0.9881
vn 0.8385 -0.4876 -0.2431
vn 0.8750 -0.4319 -0.2189
vn 0.7536 -0.4091 -0.5146
vn 0.8171 -0.3967 -0.4182
vn 0.7941 -0.5303 -0.2968
vn 0.8389 -0.5425 0.0442
vn 0.7470 -0.4526 -0.4870
vn 0.8043 -0.5022 -0.3177
vn 0.6880 -0.6691 -0.2810
vn 0.5721 0.1783 0.8006
vn 0.6519 0.2258 0.7239
vn -0.4514 -0.1928 0.8713
vn -0.5350 -0.0926 -0.8397
vn -0.4761 -0.2757 -0.8351
vn 0.2553 0.1504 -0.9551
vn 0.2676 0.0782 -0.9603
vn -0.0606 -0.5673 0.8213
vn -0.3977 -0.2441 -0.8844
vn -0.2384 -0.6071 0.7580
vn -0.3868 -0.0744 -0.9191
vn -0.4058 -0.7134 0.5713
vn -0.3895 -0.2024 -0.8985
vn -0.3849 0.1469 -0.9112
vn -0.7420 -0.0467 -0.6688
vn 0.9387 -0.1478 -0.3114
vn -0.4235 -0.7611 -0.4912
vn -0.5905 -0.8059 0.0432
vn -0.5828 -0.8111 0.0496
vn -0.5826 -0.8112 0.0497
vn -0.5821 -0.8116 0.0501
vn 0.6240 0.0755 0.7777
vn 0.3419 0.0343 -0.9391
vn -0.6189 0.4177 0.6651
vn -0.6004 0.2985 0.7419
vn -0.5907 -0.6091 0.5292
vn -0.8596 0.0766 0.5051
vn -0.9983 0.0358 -0.0462
vn -0.9985 -0.0209 0.0509
vn -0.9931 -0.1151 0.0220
vn -0.9281 0.1779 -0.3270
vn -0.9920 -0.1072 0.0665
vn -0.9930 -0.0984 0.0647
vn -0.9921 -0.1067 0.0666
vn -0.9675 0.0757 0.2411
vn -0.9705 0.0823 0.2265
vn -0.8548 0.4768 -0.2048
vn -0.9167 0.3771 -0.1320
vn -0.9206 0.3848 0.0657
vn -0.9140 0.3101 -0.2616
vn -0.7952 0.4069 0.4495
vn -0.8260 0.2208 0.5186
vn -0.8601 0.4548 0.2311
vn -0.6951 0.2813 0.6616
vn -0.9631 0.0212 0.2682
vn -0.9836 -0.0883 0.1573
vn -0.8983 -0.4199 0.1296
vn -0.8977 -0.4207 0.1309
vn -0.8940 -0.4259 0.1388
vn -0.8437 -0.5261 0.1069
vn -0.9614 -0.2734 0.0295
vn -0.9474 -0.3165 0.0474
vn -0.2971 -0.8851 0.3583
vn 0.9748 -0.0364 0.2200
vn 0.8584 0.3282 0.3943
vn 0.9223 0.0567 0.3823
vn 0.8605 0.0202 0.5091
vn 0.9710 -0.1165 0.2088
vn 0.9594 -0.0565 0.2763
vn 0.9915 -0.0873 0.0963
vn 0.9775 -0.1742 0.1192
vn -0.5892 0.2204 0.7774
vn -0.8274 -0.0743 0.5567
vn -0.3811 0.0195 0.9243
vn -0.3805 -0.1034 0.9190
vn -0.5338 -0.1308 0.8354
vn 0.4464 -0.8948 -0.0114
vn -0.8639 -0.4549 -0.2162
vn -0.6243 -0.6557 0.4247
vn -0.0389 -0.8443 -0.5344
vn -0.0410 -0.9117 -0.4087
vn -0.1489 -0.4620 -0.8743
vn -0.0986 -0.2479 -0.9638
vn -0.3036 -0.1508 -0.9408
vn 0.5097 -0.6430 -0.5716
vn 0.3118 -0.6147 -0.7245
vn 0.8115 -0.0382 -0.5830
vn 0.9462 -0.0220 -0.3229
vn 0.9334 -0.0580 -0.3541
vn 0.8790 -0.2620 -0.3984
vn 0.7097 -0.4977 -0.4987
vn 0.5690 -0.7382 -0.3624
vn 0.6527 -0.7074 -0.2711
vn 0.6123 -0.3392 -0.7141
vn 0.8486 -0.4429 0.2894
vn 0.7922 -0.5431 -0.2784
vn 0.6645 -0.7137 0.2215
vn -0.2299 -0.6699 -0.7060
vn 0.6221 -0.7421 -0.2495
vn 0.0686 -0.5948 -0.8009
vn 0.5561 -0.8120 -0.1773
vn 0.8829 -0.3658 -0.2945
vn 0.5969 -0.6871 -0.4142
vn 0.4319 -0.7587 -0.4877
vn 0.1494 0.1966 -0.9690
vn 0.7190 -0.6261 -0.3018
vn -0.5105 0.5440 -0.6659
vn 0.1912 0.0807 -0.9782
vn 0.5879 -0.6600 -0.4678
vn 0.7498 -0.5952 -0.2889
vn 0.6821 -0.6867 0.2513
vn 0.8824 -0.3834 0.2728
vn 0.6316 -0.6245 -0.4594
vn 0.7785 -0.5057 -0.3718
vn 0.6291 -0.6845 -0.3684
vn -0.9425 0.3245 -0.0800
vn -0.7132 0.2210 0.6652
vn -0.8991 0.4325 0.0678
vn -0.8338 0.3102 0.4567
vn -0.8959 0.4304 -0.1101
vn -0.7394 0.5615 -0.3714
vn -0.8788 0.4155 0.2348
vn -0.8154 0.4377 -0.3789
vn -0.8935 -0.4266 0.1399
vn -0.4369 -0.1926 0.8786
vn -0.8874 -0.4607 0.0152
vn -0.6706 -0.2921 -0.6819
vn 0.6354 0.2761 0.7212
vn -0.3876 -0.3140 0.8667
vn 0.3118 0.2159 -0.9253
vn 0.9528 0.3035 -0.0117
vn 0.3148 0.1374 -0.9392
vn -0.7240 -0.2755 -0.6323
vn -0.4133 -0.0372 0.9098
vn 0.2267 -0.1050 0.9683
vn -0.9965 -0.0321 0.0771
vn -0.3843 -0.0530 0.9217
vn -0.9811 -0.1133 0.1567
vn -0.4146 -0.0646 -0.9077
vn -0.4147 -0.0647 -0.9077
vn 0.5948 -0.0706 -0.8007
vn 0.3386 -0.0200 0.9407
vn 0.7283 -0.1359 0.6716
vn 0.9928 0.0989 0.0674
vn 0.9070 0.4121 0.0872
vn 0.8653 0.4961 -0.0712
vn 0.9546 0.2748 -0.1154
vn 0.5553 0.0818 0.8276
vn 0.9656 -0.2562 -0.0443
vn 0.8498 -0.3643 0.3809
vn 0.9136 -0.2104 0.3481
vn 0.0354 -0.1159 0.9926
vn 0.4443 0.1338 -0.8859
vn 0.5124 -0.0967 -0.8533
vn 0.7566 -0.0821 0.6487
vn -0.4669 -0.1175 0.8765
vn -0.4656 -0.1294 0.8755
vn -0.4658 -0.1280 0.8756
vn -0.3150 -0.2134 0.9248
vn -0.5784 -0.4600 0.6737
vn -0.5440 -0.5375 0.6443
vn -0.7338 -0.0367 -0.6784
vn 0.4478 0.1413 0.8829
vn 0.6015 0.0346 0.7981
vn -0.4363 -0.2463 0.8654
vn -0.6468 -0.3205 -0.6920
vn -0.6814 -0.2557 -0.6858
vn 0.3292 0.2838 -0.9006
vn 0.2762 0.3066 -0.9109
vn -0.5894 0.1373 -0.7961
vn -0.7029 0.0711 -0.7077
vn 0.9860 -0.1273 -0.1072
vn -0.2225 -0.6875 -0.6912
vn -0.3722 -0.9255 -0.0708
vn -0.3597 -0.9311 -0.0608
vn 0.3390 0.1509 0.9286
vn 0.3947 0.3586 -0.8460
vn -0.9980 -0.0478 0.0423
vn -0.9956 -0.0244 0.0902
vn -0.9956 -0.0262 0.0901
vn -0.8574 -0.5140 0.0261
vn -0.8447 -0.5349 0.0212
vn -0.9682 -0.2500 0.0094
vn -0.9565 -0.2907 0.0245
vn 0.4907 -0.1800 -0.8526
vn 0.7679 -0.6211 -0.1571
vn 0.9588 -0.1779 -0.2216
vn 0.6815 -0.1336 -0.7196
vn 0.9545 -0.2532 -0.1577
vn 0.9018 0.4193 -0.1046
vn -0.8332 -0.5467 0.0829
vn -0.5475 -0.4254 0.7206
vn -0.8668 -0.4973 -0.0359
vn -0.6251 -0.2426 -0.7419
vn 0.4514 0.0853 0.8882
vn -0.3677 -0.3764 0.8504
vn 0.3203 0.2622 -0.9103
vn 0.9572 0.2535 -0.1400
vn 0.2755 0.3823 -0.8820
vn -0.5434 -0.1392 -0.8278
vn -0.4124 -0.1408 0.9001
vn 0.0923 -0.1709 0.9809
vn -0.9973 -0.0129 0.0726
vn -0.4671 -0.1164 0.8765
vn -0.9957 -0.0226 0.0904
vn -0.6015 0.0500 -0.7973
vn -0.3223 0.1939 -0.9266
vn 0.3763 0.0557 -0.9248
vn 0.1405 -0.0750 0.9872
vn 0.7007 -0.1376 0.7001
vn 0.8841 0.4671 -0.0153
vn 0.8595 0.5112 -0.0035
vn 0.8489 0.5278 -0.0277
vn 0.9589 0.2664 -0.0973
vn 0.5845 -0.0132 0.8113
vn 0.9698 -0.0714 -0.2330
vn 0.8050 -0.5927 0.0254
vn 0.9365 -0.3257 0.1302
vn -0.3162 -0.6248 0.7139
vn -0.2653 -0.2653 0.9269
vn 0.4470 0.1695 -0.8783
vn 0.7491 -0.3363 -0.5707
vn 0.6329 -0.1704 0.7553
vn 0.6324 -0.1709 0.7556
vn 0.6350 -0.1679 0.7540
vn -0.4607 -0.3038 0.8339
vn -0.5703 -0.2456 0.7838
vn -0.5660 -0.4437 0.6948
vn -0.5186 -0.5574 0.6484
vn -0.6957 0.0686 -0.7151
vn 0.4454 0.0122 0.8953
vn 0.4448 0.0218 0.8954
vn 0.4453 0.0126 0.8953
vn 0.6048 -0.0114 0.7963
vn -0.4268 -0.2962 0.8545
vn -0.5830 -0.1178 -0.8039
vn -0.5714 -0.1315 -0.8100
vn -0.5751 -0.1325 -0.8073
vn -0.5765 -0.1329 -0.8062
vn 0.3230 0.3385 -0.8838
vn 0.2934 0.3494 -0.8899
vn -0.5737 0.2051 -0.7930
vn -0.6678 0.1523 -0.7286
vn 0.9880 -0.1275 -0.0873
vn -0.2465 -0.5542 -0.7951
vn -0.4440 -0.8870 -0.1268
vn -0.3101 -0.8812 0.3567
vn 0.3877 0.0183 0.9216
vn 0.3901 0.3932 -0.8326
vn -0.9929 -0.0982 0.0678
vn -0.9967 0.0106 0.0805
vn -0.9968 0.0120 0.0789
vn -0.9973 0.0181 0.0718
vn -0.8745 -0.4820 0.0544
vn -0.8744 -0.4822 0.0546
vn -0.8742 -0.4825 0.0551
vn -0.8415 -0.5393 0.0331
vn -0.9812 -0.1929 -0.0048
vn -0.9648 -0.2623 0.0207
vn 0.7103 -0.4148 -0.5687
vn 0.7673 -0.5965 -0.2357
vn 0.9552 -0.1781 -0.2364
vn 0.6544 -0.0722 -0.7527
vn 0.6808 -0.3797 0.6264
vn 0.9278 0.3621 -0.0898
vn -0.8740 -0.4827 0.0553
vn -0.5440 -0.4249 0.7235
vn -0.8740 -0.4839 -0.0438
vn -0.5700 -0.1311 -0.8111
vn 0.4447 0.0225 0.8954
vn -0.3615 -0.4244 0.8302
vn 0.3109 0.3123 -0.8977
vn 0.9693 0.2100 -0.1282
vn 0.2924 0.4200 -0.8592
vn -0.5164 -0.0187 -0.8561
vn -0.4067 -0.2140 0.8881
vn -0.0788 -0.3823 0.9207
vn -0.9973 0.0194 0.0704
vn -0.4777 -0.1773 0.8604
vn -0.9929 -0.0996 0.0645
vn -0.5877 0.1083 -0.8018
vn -0.3303 0.2728 -0.9036
vn 0.4276 0.1502 -0.8914
vn 0.1661 -0.1725 0.9709
vn 0.6356 -0.1672 0.7537
vn 0.9143 0.4048 0.0137
vn 0.8663 0.4974 0.0453
vn 0.8570 0.5148 0.0233
vn 0.9721 0.2218 -0.0768
vn 0.5690 -0.1046 0.8156
vn 0.9737 -0.0457 -0.2234
vn 0.7805 -0.4833 0.3965
vn 0.8002 -0.2989 0.5200
vn -0.7721 -0.6291 0.0897
vn -0.0947 -0.3075 0.9468
vn 0.5095 0.2216 -0.8314
vn 0.3768 0.0224 -0.9260
vn 0.7216 -0.2598 0.6417
vn -0.3189 -0.4143 0.8524
vn -0.6012 -0.2345 0.7639
vn -0.5964 -0.4875 0.6377
vn -0.5639 -0.5724 0.5953
vn -0.4815 0.2030 -0.8526
vn -0.4815 0.2031 -0.8526
vn 0.3908 -0.0644 0.9182
vn 0.8398 -0.1171 0.5300
vn -0.3401 -0.2872 0.8954
vn -0.5693 -0.0590 -0.8200
vn -0.5927 0.0194 -0.8052
vn 0.3926 0.2501 -0.8850
vn 0.2496 0.2931 -0.9229
vn -0.4599 0.2303 -0.8576
vn -0.4592 0.2188 -0.8610
vn -0.4592 0.2194 -0.8608
vn -0.4815 0.2032 -0.8526
vn 0.9452 -0.3263 -0.0055
vn -0.4864 -0.5904 -0.6441
vn -0.6058 -0.7592 -0.2381
vn -0.3465 -0.8895 0.2980
vn 0.4194 -0.0761 0.9046
vn 0.1473 0.3632 -0.9200
vn -0.9642 0.1552 -0.2149
vn -0.9987 0.0108 -0.0489
vn -0.8812 -0.4699 -0.0521
vn -0.8840 -0.4647 -0.0510
vn -0.8845 -0.4636 -0.0525
vn -0.8809 -0.4704 -0.0523
vn -0.9805 -0.1964 0.0024
vn -0.9832 -0.1827 -0.0019
vn 0.4622 0.1376 -0.8760
vn 0.8707 -0.4891 -0.0522
vn 0.7944 -0.5171 -0.3188
vn 0.3591 -0.2746 -0.8920
vn 0.5677 -0.6066 0.5565
vn 0.9045 0.3633 -0.2234
vn -0.8850 -0.4624 -0.0536
vn -0.5617 -0.4587 0.6886
vn -0.9020 -0.4198 -0.1003
vn -0.3613 0.0058 -0.9324
vn 0.3937 0.0042 0.9192
vn -0.3087 -0.3505 0.8842
vn 0.4049 0.3140 -0.8587
vn 0.9969 0.0494 -0.0612
vn 0.2531 0.3312 -0.9090
vn -0.4849 0.0426 -0.8735
vn -0.3302 -0.2371 0.9137
vn -0.1575 -0.2417 0.9575
vn -0.9966 -0.0720 0.0407
vn -0.3177 -0.2445 0.9161
vn -0.9959 -0.0664 -0.0619
vn -0.4599 0.2309 -0.8574
vn -0.3543 0.2861 -0.8903
vn 0.3468 0.0793 -0.9346
vn -0.0866 -0.2153 0.9727
vn 0.7705 -0.1150 0.6270
vn 0.9062 0.3775 -0.1906
vn 0.8573 0.5012 -0.1173
vn 0.9121 0.4094 0.0234
vn 0.9923 0.0345 -0.1193
vn 0.8353 -0.1654 0.5242
vn 0.9599 -0.2216 -0.1715
vn 0.8186 -0.3914 0.4205
vn 0.8193 -0.3649 0.4424
vn -0.3303 0.3595 -0.8727
vn 0.8103 -0.5855 0.0245
vn -0.8967 -0.0612 -0.4384
vn -0.9680 -0.0507 0.2458
vn -0.5435 0.5118 -0.6654
vn -0.7717 0.4760 -0.4218
vn 0.5784 -0.8110 0.0877
vn 0.1213 -0.5052 0.8544
vn -0.1727 -0.9635 0.2045
vn -0.0011 -0.6558 -0.7549
vn -0.8157 0.0684 0.5744
vn -0.9842 0.0487 -0.1702
vn -0.6286 0.0356 0.7769
vn 0.0836 -0.1444 0.9860
vn 0.9834 -0.0174 0.1804
vn 0.3446 -0.1424 0.9279
vn -0.8896 0.2106 -0.4054
vn -0.0068 0.1268 -0.9919
vn 0.0642 0.1656 -0.9841
vn 0.6012 -0.0033 -0.7991
vn 0.9029 -0.4122 -0.1219
vn 0.5334 -0.2103 -0.8193
vn -0.5385 -0.1497 0.8292
vn -0.3860 0.0753 0.9194
vn 0.9569 -0.0851 0.2776
vn 0.7636 -0.4682 -0.4446
vn -0.1086 -0.2376 -0.9653
vn 0.4491 -0.6761 -0.5841
vn 0.9426 -0.1654 0.2900
vn 0.7601 -0.1924 -0.6206
vn -0.4695 -0.8743 -0.1231
vn 0.7783 -0.5663 -0.2711
vn -0.4294 -0.8958 -0.1144
vn 0.9503 -0.2649 -0.1636
vn 0.7365 -0.4156 0.5338
vn -0.2339 -0.9255 0.2979
vn 0.3109 -0.6580 0.6859
vn -0.2888 -0.7561 0.5873
vn -0.8683 0.3240 0.3755
vn -0.6908 0.4590 -0.5587
vn -0.5885 0.1959 0.7844
vn -0.9121 0.0951 0.3989
vn -0.3937 0.0344 0.9186
vn 0.5916 -0.0195 0.8060
vn 0.9443 -0.0844 0.3180
vn 0.6343 0.0832 0.7686
vn -0.9051 0.2899 0.3110
vn -0.9094 0.2568 -0.3270
vn -0.4561 0.5414 -0.7063
vn -0.9130 0.3579 -0.1958
vn 0.2962 0.1338 -0.9457
vn -0.5545 0.4634 -0.6912
vn 0.1421 0.1493 -0.9785
vn 0.9270 -0.0459 -0.3722
vn -0.5687 0.3451 -0.7466
vn 0.1466 -0.1356 -0.9799
vn 0.5460 0.7127 -0.4404
vn 0.5316 0.8435 0.0776
vn 0.4446 0.8725 0.2025
vn -0.5965 0.3371 0.7284
vn -0.6100 0.2758 0.7428
vn 0.1854 0.9823 -0.0252
vn 0.2360 0.6449 -0.7270
vn 0.4686 0.8313 0.2989
vn 0.2735 0.8396 0.4692
vn 0.5327 0.8054 0.2600
vn 0.4700 0.8369 0.2804
vn -0.7282 0.4726 0.4964
vn -0.6119 0.5461 0.5721
vn 0.0868 0.8043 0.5878
vn 0.1182 0.6885 0.7156
vn -0.2807 0.6330 -0.7215
vn -0.2075 0.3831 -0.9001
vn 0.3103 0.8205 0.4801
vn 0.3696 0.8693 0.3282
vn 0.3270 0.9374 -0.1199
vn -0.4568 0.1338 0.8795
vn -0.4747 0.2552 0.8423
vn 0.7653 -0.5891 0.2594
vn -0.8248 0.4390 0.3564
vn 0.3429 -0.2428 0.9074
vn -0.1374 0.0811 -0.9872
vn 0.1801 0.2281 -0.9568
vn -0.6145 0.5780 -0.5369
vn -0.7002 0.4989 -0.5107
vn 0.8497 -0.4314 -0.3030
vn 0.4812 -0.2496 -0.8403
vn 0.4039 -0.0992 -0.9094
vn 0.5416 -0.0556 -0.8388
vn 0.8763 -0.4296 0.2180
vn -0.1061 0.3033 -0.9470
vn -0.7777 0.5367 -0.3274
vn 0.7545 -0.4200 -0.5043
vn -0.4424 -0.8801 -0.1722
vn -0.4419 -0.8811 -0.1684
vn -0.4424 -0.8802 -0.1718
vn -0.2123 -0.9477 -0.2383
vn -0.4282 -0.8550 -0.2927
vn -0.4795 -0.6681 -0.5690
vn -0.5534 -0.8324 0.0289
vn -0.3173 -0.8738 -0.3685
vn -0.6438 -0.7641 0.0398
vn -0.3084 -0.8113 -0.4966
vn -0.6175 0.1925 -0.7627
vn -0.8007 -0.0569 -0.5963
vn -0.9659 -0.0677 -0.2500
vn -0.3292 -0.1471 0.9327
vn -0.2831 -0.1734 0.9433
vn -0.3744 -0.2689 0.8874
vn -0.6368 0.3153 0.7036
vn -0.9841 0.1628 0.0705
vn -0.9380 -0.0481 0.3433
vn -0.9164 -0.0557 -0.3964
vn -0.0494 0.1797 -0.9825
vn -0.1451 -0.1034 -0.9840
vn -0.1542 -0.1180 -0.9810
vn -0.6740 0.0636 -0.7360
vn -0.6168 0.1349 -0.7754
vn -0.1360 -0.2497 0.9587
vn -0.0667 -0.1914 0.9792
vn -0.3613 -0.1499 0.9203
vn -0.5287 -0.2964 0.7954
vn 0.8765 -0.3783 0.2976
vn 0.7630 -0.5197 0.3844
vn 0.2045 0.2675 -0.9416
vn 0.2379 0.0604 -0.9694
vn -0.5924 0.6494 -0.4767
vn -0.5975 0.5084 -0.6201
vn 0.8795 -0.3776 -0.2898
vn 0.8598 -0.4449 -0.2504
vn -0.3134 -0.9137 -0.2587
vn -0.7573 -0.6355 -0.1507
vn -0.5229 -0.7266 -0.4456
vn -0.4982 -0.5519 -0.6687
vn -0.4032 -0.8683 -0.2890
vn -0.4972 -0.8645 -0.0734
vn -0.5805 -0.8086 0.0963
vn -0.6459 -0.7248 -0.2399
vn 0.3004 -0.9271 0.2242
vn -0.3421 -0.9397 -0.0033
vn -0.3420 -0.9397 -0.0052
vn -0.3419 -0.9397 -0.0059
vn -0.3422 -0.9396 -0.0025
vn -0.4418 -0.8813 -0.1678
vn -0.5299 -0.8165 -0.2291
vn 0.1785 -0.8663 -0.4665
vn -0.2618 -0.8738 -0.4098
vn -0.9048 0.4036 0.1361
vn -0.8883 0.4259 0.1719
vn 0.3378 -0.2279 0.9132
vn 0.1362 -0.3122 0.9402
vn -0.3699 0.1963 0.9081
vn -0.6075 0.1003 0.7880
vn 0.6058 -0.2984 -0.7375
vn -0.0543 0.2364 -0.9701
vn -0.1776 0.1328 -0.9751
vn -0.2166 0.2109 -0.9532
vn -0.2043 0.1321 -0.9700
vn -0.4461 -0.0280 -0.8945
vn -0.3176 -0.0677 -0.9458
vn -0.1391 0.3764 -0.9160
vn -0.2089 0.4957 -0.8430
vn -0.3025 0.5414 -0.7845
vn -0.2810 0.0754 -0.9568
vn -0.2272 0.6069 -0.7616
vn -0.3469 0.8166 -0.4613
vn -0.4807 0.2184 -0.8492
vn -0.6236 0.1465 -0.7679
vn -0.3989 -0.5328 -0.7464
vn -0.7014 0.1923 -0.6863
vn -0.2434 0.2482 -0.9376
vn -0.5031 0.0162 -0.8641
vn -0.4393 0.0263 -0.8979
vn -0.4792 -0.0236 -0.8774
vn -0.3104 0.2022 -0.9288
vn -0.5752 -0.0110 -0.8179
vn 0.0172 0.8859 -0.4635
vn -0.1869 0.8142 -0.5497
vn 0.1387 0.3174 -0.9381
vn 0.2313 0.3951 -0.8891
vn 0.0768 0.5198 -0.8508
vn 0.0838 0.5199 -0.8501
vn 0.0854 0.5172 -0.8516
vn 0.2501 0.2794 -0.9270
vn 0.0807 0.2115 -0.9740
vn -0.0110 0.1104 -0.9938
vn 0.0733 0.0919 -0.9931
vn 0.1620 0.1613 -0.9735
vn -0.1765 0.2572 -0.9501
vn -0.1022 0.2103 -0.9723
vn -0.1830 0.0652 -0.9810
vn 0.0886 -0.0152 -0.9959
vn 0.0950 -0.0109 -0.9954
vn 0.0876 -0.0159 -0.9960
vn 0.0962 -0.0102 -0.9953
vn 0.0851 0.3038 -0.9489
vn -0.1262 -0.1041 -0.9865
vn -0.1044 -0.1219 -0.9870
vn 0.0742 0.2410 -0.9677
vn 0.1704 0.3247 -0.9303
vn -0.2979 0.7972 -0.5251
vn -0.6984 -0.2900 0.6543
vn -0.7287 -0.3648 0.5795
vn -0.6965 -0.3120 0.6462
vn -0.7291 -0.1634 0.6646
vn -0.1603 0.2315 0.9595
vn -0.1343 -0.1984 0.9709
vn -0.1300 -0.2032 0.9705
vn -0.1292 -0.2041 0.9704
vn -0.1344 -0.1982 0.9709
vn -0.3398 -0.4261 0.8384
vn -0.5048 -0.3007 0.8091
vn -0.9916 -0.1240 -0.0369
vn -0.7257 -0.2785 0.6292
vn -0.9695 -0.0699 0.2348
vn -0.9740 -0.0390 0.2234
vn -0.5892 -0.0628 0.8056
vn -0.6483 -0.0997 0.7549
vn -0.5922 -0.3100 0.7438
vn -0.7150 -0.2624 0.6481
vn -0.7149 -0.2638 0.6475
vn -0.7150 -0.2626 0.6480
vn -0.7138 -0.3993 0.5753
vn -0.7469 -0.3343 0.5748
vn -0.7190 0.0612 0.6923
vn -0.7149 -0.2655 0.6468
vn -0.1114 -0.1021 0.9885
vn -0.0712 -0.0357 0.9968
vn -0.3728 -0.1823 0.9098
vn -0.4146 -0.0812 0.9064
vn -0.1717 0.0057 0.9851
vn -0.9962 -0.0424 0.0757
vn -0.8251 0.3568 0.4380
vn -0.8167 0.4211 0.3946
vn -0.4842 0.0347 0.8743
vn -0.4810 0.2688 0.8345
vn -0.7164 0.3892 -0.5791
vn -0.4804 0.8760 0.0442
vn -0.3934 0.9194 0.0036
vn -0.9471 0.3173 0.0476
vn -0.9276 0.3707 0.0454
vn -0.9275 0.3710 0.0459
vn -0.9295 0.3668 0.0381
vn -0.9275 0.3710 0.0461
vn -0.7772 0.6291 0.0117
vn -0.7868 0.6172 -0.0044
vn -0.7549 0.5652 0.3326
vn -0.9183 0.2933 0.2660
vn -0.8564 0.5162 -0.0137
vn -0.3629 0.8550 0.3706
vn -0.3058 0.8994 0.3123
vn -0.1173 0.9082 0.4018
vn -0.8957 0.3182 0.3107
vn -0.3628 0.9305 0.0511
vn -0.8386 0.3337 0.4306
vn -0.8662 0.4774 0.1479
vn -0.7990 0.5977 0.0664
vn -0.1176 0.3776 0.9185
vn -0.0849 0.3935 0.9154
vn -0.0735 0.3364 0.9388
vn -0.1408 0.0665 0.9878
vn -0.4140 0.3073 0.8569
vn -0.3721 0.2866 0.8828
vn -0.7763 0.2437 0.5814
vn 0.0273 0.5144 -0.8571
vn 0.0728 0.5418 -0.8373
vn 0.0131 0.3866 -0.9221
vn 0.1089 0.5405 -0.8343
vn -0.2195 0.2277 0.9487
vn -0.1299 0.6580 0.7417
vn -0.2982 0.3805 0.8754
vn -0.9275 -0.1941 0.3195
vn -0.9579 0.1976 0.2085
vn -0.8584 0.4548 0.2374
vn -0.5954 0.4931 0.6343
vn -0.5841 0.4199 0.6946
vn -0.6151 0.1810 0.7674
vn -0.9216 -0.1943 -0.3362
vn -0.8807 0.1879 -0.4349
vn -0.8788 0.1121 -0.4639
vn -0.6193 -0.0672 -0.7823
vn -0.1276 -0.0923 0.9875
vn -0.2072 0.3955 0.8948
vn -0.1996 -0.0019 0.9799
vn -0.6976 0.5003 0.5129
vn -0.6934 0.4162 0.5882
vn -0.7571 0.2173 0.6161
vn 0.0196 0.6265 0.7792
vn 0.0485 0.7405 -0.6704
vn 0.2477 0.1186 0.9616
vn 0.2663 0.2027 0.9423
vn 0.6383 0.7665 -0.0710
vn 0.6382 0.7666 -0.0711
vn 0.6382 0.7665 -0.0711
vn 0.0949 0.5630 0.8210
vn 0.1616 0.7996 0.5784
vn 0.2966 0.6206 0.7259
vn 0.2273 0.9726 0.0496
vn 0.3161 0.8744 0.3682
vn 0.3576 0.8348 0.4185
vn 0.1857 0.9327 -0.3090
vn 0.2301 0.8665 0.4429
vn 0.1964 0.9805 0.0098
vn 0.0783 0.8947 -0.4398
vn 0.1462 0.9245 -0.3521
vn 0.2665 0.8972 -0.3520
vn 0.0359 0.7450 0.6661
vn 0.0313 0.7427 0.6689
vn 0.0369 0.7455 0.6655
vn 0.1740 0.9775 -0.1190
vn 0.5035 0.7205 -0.4768
vn 0.5592 0.6801 -0.4742
vn 0.1766 0.6525 0.7369
vn 0.1386 0.6647 0.7341
vn -0.0389 0.5804 0.8134
vn 0.0305 0.7422 0.6694
vn 0.1369 0.9142 0.3814
vn 0.2742 0.8428 0.4632
vn 0.0420 0.2294 0.9724
vn 0.0870 0.1921 0.9775
vn 0.1023 0.0506 0.9935
vn 0.0689 0.0943 0.9932
vn 0.0371 -0.5573 0.8295
vn 0.0861 -0.4696 0.8787
vn 0.0229 0.3184 0.9477
vn 0.0337 0.3341 0.9419
vn 0.1143 0.4261 -0.8974
vn 0.0474 0.2679 -0.9623
vn 0.0545 0.2710 -0.9610
vn 0.0526 0.2702 -0.9614
vn 0.0453 0.2670 -0.9626
vn 0.1008 0.1889 -0.9768
vn 0.2792 0.0818 0.9568
vn 0.3570 -0.3528 0.8649
vn 0.4560 -0.5717 0.6821
vn 0.2539 0.4958 0.8305
vn 0.2612 0.4693 0.8435
vn 0.2408 0.4375 0.8664
vn 0.2789 0.1823 0.9428
vn 0.4149 -0.0657 0.9075
vn 0.3041 0.1119 0.9460
vn 0.3042 0.1077 0.9465
vn 0.3042 0.1084 0.9464
vn 0.3041 0.1127 0.9459
vn 0.3104 0.5919 0.7438
vn 0.2887 0.1772 -0.9409
vn 0.2847 0.0977 -0.9536
vn 0.6247 0.0042 -0.7809
vn 0.6693 -0.0300 -0.7424
vn 0.6715 0.7410 -0.0047
vn 0.6205 -0.6996 0.3542
vn -0.7968 0.2978 -0.5257
vn 0.9383 -0.0336 0.3441
vn 0.9286 -0.2610 0.2638
vn 0.8658 0.4928 0.0868
vn 0.8662 0.4255 0.2619
vn 0.2340 0.9307 -0.2811
vn 0.1997 0.5680 -0.7984
vn 0.4294 0.4106 -0.8044
vn -0.2062 0.8389 -0.5037
vn 0.2588 0.4137 -0.8729
vn 0.1452 0.2786 -0.9494
vn 0.8712 -0.0188 0.4906
vn -0.6651 0.6069 -0.4351
vn -0.2446 0.8376 -0.4884
vn -0.2416 0.8361 -0.4925
vn -0.2409 0.8358 -0.4934
vn 0.4141 0.8585 -0.3026
vn 0.2017 0.1816 0.9625
vn 0.8927 -0.0588 0.4468
vn 0.9281 0.0694 0.3658
vn 0.7548 -0.0789 0.6512
vn 0.7545 -0.0795 0.6515
vn 0.7547 -0.0792 0.6513
vn 0.7550 -0.0786 0.6510
vn 0.9673 0.1527 0.2025
vn 0.2254 -0.4867 0.8440
vn 0.2368 -0.3962 0.8871
vn 0.2596 -0.3818 0.8870
vn 0.3759 -0.6063 0.7008
vn 0.6982 -0.6964 0.1658
vn 0.5447 -0.5435 0.6387
vn 0.5471 -0.5181 0.6575
vn 0.7063 -0.5746 0.4135
vn 0.9016 0.1959 -0.3856
vn 0.8770 -0.0396 -0.4788
vn 0.3616 -0.5829 -0.7276
vn 0.9412 0.0980 -0.3232
vn 0.5143 0.1978 -0.8345
vn 0.4895 0.2159 -0.8449
vn 0.7917 -0.6080 0.0590
vn 0.0478 0.2931 -0.9549
vn 0.1099 0.2697 -0.9567
vn 0.0674 -0.4454 -0.8928
vn -0.0461 -0.5707 -0.8198
vn -0.0061 -0.6097 -0.7926
vn 0.7326 -0.5291 0.4281
vn 0.3260 -0.4500 -0.8314
vn 0.7360 0.0986 -0.6697
vn 0.7359 0.1023 -0.6693
vn 0.7360 0.0988 -0.6697
vn 0.1386 -0.3968 0.9074
vn 0.3366 -0.3971 0.8538
vn 0.2739 -0.3079 0.9111
vn 0.1694 -0.4244 0.8895
vn 0.1076 0.2123 -0.9713
vn 0.1079 0.2123 -0.9712
vn 0.1081 0.2123 -0.9712
vn 0.0531 0.2550 -0.9655
vn 0.0935 -0.0124 -0.9955
vn 0.4902 -0.2998 0.8184
vn 0.5176 -0.3190 0.7940
vn 0.9850 0.0581 0.1623
vn 0.9494 -0.1042 0.2964
vn 0.6119 -0.4049 0.6794
vn 0.9621 -0.1178 0.2459
vn 0.9621 -0.1201 0.2449
vn 0.9621 -0.1180 0.2458
vn 0.9525 -0.0664 -0.2971
vn 0.7960 0.0188 -0.6050
vn 0.3327 0.0860 -0.9391
vn 0.2519 0.1420 -0.9573
vn 0.9326 0.0339 -0.3594
vn 0.9549 0.1235 -0.2699
vn 0.5906 0.0698 -0.8040
vn 0.5958 0.0936 -0.7976
vn 0.4341 -0.8192 0.3747
vn 0.2747 0.9592 -0.0661
vn -0.7535 -0.6167 -0.2279
vn -0.0959 -0.9633 0.2509
vn 0.6837 -0.3932 -0.6148
vn 0.6063 -0.3312 -0.7230
vn 0.6059 -0.3406 -0.7189
vn 0.6062 -0.3328 -0.7223
vn -0.7658 0.2979 -0.5699
vn 0.5465 -0.2186 -0.8084
vn 0.5450 -0.2186 -0.8094
vn 0.5449 -0.2186 -0.8095
vn 0.4673 -0.5477 -0.6940
vn 0.8227 0.5070 0.2573
vn 0.8145 0.4641 0.3481
vn -0.3332 0.8826 -0.3317
vn -0.1308 -0.6552 -0.7441
vn 0.1620 -0.5726 -0.8037
vn 0.5745 -0.4934 0.6531
vn 0.5866 -0.6895 0.4248
vn 0.6275 0.5050 -0.5926
vn 0.5951 0.3162 -0.7388
vn 0.6736 0.4105 -0.6146
vn -0.0313 0.3503 -0.9361
vn -0.0151 0.3217 -0.9467
vn -0.0749 0.5188 -0.8516
vn -0.3912 -0.2312 -0.8908
vn -0.3134 -0.2808 -0.9072
vn -0.4161 -0.1390 -0.8986
vn -0.0272 -0.7178 -0.6957
vn -0.1444 -0.7158 -0.6832
vn -0.1781 -0.6249 -0.7601
vn -0.1775 -0.6250 -0.7602
vn -0.1802 -0.6248 -0.7597
vn -0.1808 -0.6247 -0.7596
vn 0.3453 -0.8802 -0.3256
vn 0.2624 -0.9250 -0.2748
vn 0.0580 -0.9297 -0.3638
vn 0.9863 0.0302 -0.1620
vn 0.8528 -0.1991 0.4828
vn 0.9718 0.0395 -0.2323
vn 0.8733 -0.4746 0.1103
vn 0.5976 -0.8018 -0.0027
vn 0.7634 -0.5723 0.2995
vn 0.8703 0.1750 -0.4604
vn 0.8729 0.1772 -0.4546
vn 0.8733 0.1776 -0.4536
vn 0.8696 0.1745 -0.4618
vn 0.9639 0.0827 -0.2531
vn -0.8564 0.0412 -0.5147
vn 0.8382 0.0020 0.5454
vn 0.8340 0.0108 0.5517
vn 0.8346 0.0096 0.5508
vn 0.8385 0.0014 0.5449
vn 0.5656 0.0523 0.8230
vn 0.2648 0.7987 -0.5403
vn 0.2753 0.7968 -0.5378
vn 0.2633 0.7990 -0.5406
vn -0.0821 0.8334 -0.5465
vn 0.0011 0.9598 -0.2808
vn 0.0791 0.9708 0.2264
vn 0.4299 0.4333 0.7921
vn 0.5126 -0.3181 0.7975
vn 0.3919 -0.1432 0.9088
vn 0.6541 -0.1677 0.7376
vn -0.4581 0.3593 -0.8130
vn 0.9200 -0.0496 0.3887
vn 0.2405 -0.9642 0.1121
vn 0.9714 -0.1562 0.1786
vn 0.3907 -0.1983 -0.8989
vn -0.1734 -0.0342 -0.9843
vn -0.2006 0.2325 -0.9517
vn 0.9627 -0.0112 -0.2702
vn 0.9608 -0.0120 -0.2771
vn 0.9631 -0.0111 -0.2690
vn 0.9622 0.0619 -0.2651
vn 0.6321 0.6440 0.4309
vn 0.1204 0.9518 -0.2821
vn 0.0505 0.9254 -0.3757
vn 0.7994 -0.3605 0.4807
vn 0.2967 -0.9549 0.0069
vn -0.6313 -0.7095 -0.3133
vn -0.6980 -0.6550 -0.2896
vn -0.9099 0.1182 -0.3976
vn 0.6712 0.1435 0.7272
vn 0.7339 0.2067 0.6471
vn 0.7677 -0.5885 0.2536
vn 0.1240 -0.9911 0.0483
vn 0.7222 -0.2011 0.6618
vn 0.7649 -0.1681 0.6218
vn -0.8529 -0.0853 -0.5151
vn -0.1176 0.2227 -0.9678
vn -0.7265 0.0732 -0.6832
vn 0.6361 -0.7682 0.0731
vn -0.2776 -0.8118 -0.5137
vn 0.6797 0.1145 0.7245
vn 0.5288 -0.2972 0.7950
vn 0.9707 -0.1463 0.1903
vn 0.9695 -0.0811 -0.2311
vn 0.9350 -0.3404 0.0995
vn 0.9538 -0.1469 -0.2620
vn 0.5441 -0.0662 -0.8364
vn 0.7235 0.6056 0.3314
vn 0.7245 0.6045 0.3312
vn 0.7225 0.6066 0.3316
vn 0.1964 0.9539 -0.2269
vn 0.6931 -0.5055 0.5138
vn 0.7187 -0.4835 0.4996
vn 0.7931 0.0717 0.6048
vn 0.8570 0.1555 0.4913
vn -0.2452 0.8379 -0.4876
vn -0.5838 0.5861 -0.5618
vn 0.7936 -0.2329 0.5621
vn 0.8042 -0.2221 0.5514
vn 0.0894 0.2855 0.9542
vn 0.0036 0.9030 0.4296
vn -0.0057 0.9050 0.4253
vn 0.0038 0.9030 0.4297
vn 0.3703 0.7335 -0.5700
vn -0.0123 0.9709 0.2393
vn -0.0761 0.9716 0.2240
vn 0.0283 0.7417 -0.6702
vn -0.3144 0.8193 -0.4794
vn -0.1050 0.5968 -0.7955
vn -0.5758 0.5355 -0.6179
vn 0.9406 -0.1150 -0.3196
vn 0.9631 -0.0111 -0.2688
vn 0.9981 -0.0407 0.0471
vn 0.9847 -0.1724 -0.0268
vn 0.8531 -0.4505 0.2631
vn 0.8875 -0.3953 0.2367
vn 0.8916 0.0383 0.4511
vn 0.6512 0.7585 0.0261
vn 0.6482 0.7615 0.0002
vn 0.8684 -0.1947 0.4561
vn 0.9028 -0.0005 0.4302
vn 0.1690 0.9142 -0.3684
vn 0.5645 0.8175 0.1142
vn 0.5646 0.8174 0.1142
vn -0.3197 0.8345 -0.4488
vn -0.0253 0.9731 -0.2288
vn -0.0063 0.9052 0.4250
vn 0.1209 0.6317 0.7657
vn 0.2140 0.8598 0.4636
vn 0.1734 0.8533 0.4917
vn -0.1061 0.9531 -0.2835
vn 0.9338 -0.0331 0.3563
vn -0.6113 0.4378 -0.6593
vn 0.6469 0.7597 -0.0659
vn 0.8206 0.5454 0.1706
vn 0.4315 0.8902 -0.1460
vn 0.3075 0.7567 -0.5770
vn -0.4124 -0.0613 -0.9089
vn -0.3720 0.4365 -0.8192
vn -0.8345 0.0771 -0.5456
vn -0.8571 -0.4001 -0.3246
vn 0.4569 0.8751 -0.1595
vn -0.5235 -0.8255 0.2109
vn -0.5333 -0.8181 0.2153
vn -0.5331 -0.8182 0.2152
vn -0.6866 -0.7010 -0.1928
vn -0.7100 -0.6718 -0.2109
vn 0.7272 0.3282 0.6029
vn -0.5232 -0.5159 0.6783
vn -0.0433 0.8445 -0.5338
vn -0.9018 -0.3318 -0.2768
vn -0.7392 -0.5469 -0.3930
vn -0.0321 0.8936 -0.4476
vn 0.5294 0.8483 -0.0098
vn 0.1867 0.7619 -0.6202
vn 0.2400 0.7584 -0.6060
vn -0.4243 0.1235 -0.8970
vn -0.3475 0.3257 -0.8793
vn -0.6152 -0.5988 -0.5128
vn 0.6435 0.7533 -0.1358
vn 0.6840 0.7232 -0.0958
vn -0.3636 -0.0147 -0.9314
vn -0.2998 0.0075 -0.9540
vn 0.2691 0.6611 -0.7004
vn 0.3092 0.6612 -0.6836
vn 0.7964 0.2623 0.5450
vn 0.7880 0.4369 0.4338
vn -0.3769 -0.7164 0.5871
vn 0.6716 -0.7084 0.2173
vn 0.0203 0.9287 -0.3703
vn 0.6948 0.7119 0.1028
vn -0.8071 -0.1257 -0.5769
vn -0.1055 0.9727 -0.2068
vn -0.7010 -0.1783 -0.6905
vn 0.2634 0.7729 -0.5773
vn -0.7140 0.3973 -0.5765
vn -0.7721 0.4912 -0.4032
vn -0.5981 -0.7441 -0.2976
vn -0.5233 -0.8257 0.2108
vn 0.0882 -0.6637 0.7428
vn 0.5648 0.8150 -0.1295
vn 0.5649 0.8150 -0.1296
vn 0.5652 0.8147 -0.1298
vn 0.5572 0.8300 -0.0241
vn -0.1733 -0.9740 -0.1457
vn 0.5927 -0.7498 0.2943
vn -0.5972 0.4496 -0.6642
vn 0.9611 0.1772 0.2116
vn 0.6587 -0.6528 0.3741
vn 0.5909 0.8056 0.0417
vn 0.5589 0.7828 0.2737
vn 0.5595 0.7823 0.2739
vn 0.5501 0.7899 0.2709
vn 0.5779 0.8128 0.0733
vn -0.1681 -0.9059 0.3887
vn 0.0400 -0.9991 0.0138
vn 0.8843 0.3264 0.3339
vn 0.5491 0.7907 0.2706
vn 0.2780 -0.8433 0.4599
vn 0.3849 -0.6416 0.6635
vn -0.5148 -0.7275 -0.4535
vn -0.6310 -0.7343 -0.2504
vn -0.1637 -0.9819 0.0953
vn -0.7346 -0.6193 -0.2770
vn -0.7744 -0.2187 -0.5937
vn -0.5231 0.1172 -0.8442
vn -0.7002 -0.5420 -0.4648
vn -0.7194 -0.5516 -0.4221
vn 0.2565 0.5935 -0.7629
vn -0.3697 -0.8047 0.4645
vn 0.4842 -0.1008 0.8691
vn -0.4075 -0.7915 0.4555
vn 0.4675 0.0006 0.8840
vn 0.6938 0.4873 0.5303
vn 0.7050 0.7071 -0.0546
vn 0.1379 0.5867 -0.7979
vn -0.4221 -0.0829 -0.9027
vn 0.6160 0.7697 -0.1675
vn -0.3846 0.1338 -0.9133
vn 0.1641 0.7150 -0.6796
vn 0.0784 -0.4644 0.8821
vn 0.4574 -0.1098 0.8825
vn 0.7032 0.7030 -0.1063
vn 0.7434 0.4952 0.4496
vn 0.7448 0.4938 0.4488
vn 0.7441 0.4945 0.4492
vn 0.7640 0.6385 -0.0931
vn 0.7104 0.6816 -0.1754
vn -0.3664 -0.1397 -0.9199
vn -0.3405 -0.0396 -0.9394
vn 0.3307 0.5319 -0.7796
vn 0.3543 0.5797 -0.7337
vn 0.6706 0.1913 0.7167
vn 0.6708 0.1933 0.7160
vn 0.6700 0.1861 0.7187
vn 0.5164 -0.1532 0.8425
vn 0.1247 -0.5166 0.8471
vn -0.0927 -0.6978 0.7103
vn -0.6487 -0.6512 -0.3938
vn -0.5996 -0.6351 -0.4869
vn 0.4270 -0.2013 0.8816
vn 0.4021 0.0832 0.9118
vn 0.5789 0.0417 0.8144
vn 0.6732 -0.0428 0.7382
vn 0.7136 0.1690 0.6799
vn 0.7623 0.4582 0.4572
vn 0.7427 0.4419 0.5031
vn 0.7700 0.4101 0.4888
vn 0.6697 0.1843 0.7194
vn 0.7710 0.1004 0.6288
vn 0.2991 -0.3543 0.8860
vn -0.1956 -0.4969 0.8455
vn -0.4008 -0.8712 0.2836
vn 0.2513 -0.4257 0.8693
vn 0.2701 -0.4367 0.8581
vn -0.3792 -0.8850 0.2700
vn 0.1873 -0.2253 0.9561
vn 0.3340 -0.0937 0.9379
vn 0.5037 -0.0337 0.8632
vn 0.1832 -0.8914 0.4145
vn -0.0816 -0.4113 0.9078
vn -0.0513 -0.7652 0.6417
vn -0.0998 -0.4213 0.9014
vn -0.6408 -0.7667 0.0405
vn -0.6591 -0.7497 0.0602
vn -0.7728 -0.2856 0.5667
vn -0.2982 -0.2281 0.9268
vn 0.1554 0.3330 0.9300
vn -0.2666 -0.4299 -0.8626
vn 0.3106 -0.0678 -0.9481
vn -0.7915 -0.4832 -0.3743
vn -0.7910 -0.4886 -0.3682
vn -0.7911 -0.4875 -0.3695
vn -0.2618 -0.4213 -0.8683
vn -0.5207 -0.3137 -0.7940
vn -0.3644 0.2264 -0.9033
vn -0.3741 0.4767 -0.7955
vn -0.0464 -0.5432 0.8383
vn -0.5991 -0.1154 -0.7923
vn -0.6941 -0.2269 -0.6832
vn -0.3167 -0.6306 0.7086
vn 0.5532 -0.1171 0.8248
vn 0.5563 -0.1265 0.8213
vn 0.5567 -0.1277 0.8208
vn 0.6364 0.0211 0.7711
vn 0.6679 -0.2154 0.7124
vn 0.6778 -0.3512 0.6460
vn 0.6120 0.3399 -0.7141
vn 0.0603 0.8217 -0.5668
vn -0.5573 0.1630 -0.8142
vn -0.4702 0.6569 -0.5893
vn -0.8444 -0.2139 -0.4911
vn -0.8421 -0.2176 -0.4935
vn -0.8423 -0.2172 -0.4933
vn -0.5531 -0.1975 0.8094
vn -0.4668 -0.0301 0.8838
vn -0.3861 -0.3162 0.8666
vn -0.4499 -0.2990 0.8416
vn -0.5107 -0.3044 -0.8040
vn -0.6977 -0.5328 -0.4789
vn 0.7980 -0.0614 0.5996
vn 0.8317 0.0100 0.5551
vn 0.9865 0.0947 0.1338
vn 0.9619 0.2220 0.1592
vn 0.9261 0.1999 0.3200
vn 0.8548 0.3433 -0.3893
vn 0.8901 0.4022 0.2144
vn 0.1357 -0.4805 0.8665
vn 0.0623 -0.3673 0.9280
vn -0.7094 -0.1120 -0.6959
vn -0.5584 -0.2728 -0.7834
vn -0.1563 0.2423 -0.9575
vn 0.8666 0.4784 -0.1419
vn 0.7898 0.5721 -0.2211
vn -0.8128 -0.5174 -0.2679
vn 0.7482 0.3272 0.5771
vn 0.6080 0.0818 0.7897
vn 0.1416 0.8112 -0.5674
vn 0.4669 0.8563 -0.2210
vn 0.0861 0.6632 -0.7434
vn 0.6474 0.1285 0.7512
vn 0.5400 0.2637 0.7993
vn 0.0101 -0.5413 0.8408
vn 0.1523 -0.6386 0.7543
vn 0.0542 -0.2939 0.9543
vn -0.6447 -0.7041 -0.2977
vn -0.6928 -0.6747 -0.2548
vn -0.6481 -0.5365 -0.5405
vn -0.6916 -0.5734 -0.4393
vn -0.5997 -0.7119 -0.3655
vn -0.5689 -0.8214 -0.0406
vn -0.6214 -0.5791 -0.5277
vn -0.6230 -0.6859 -0.3761
vn -0.4507 -0.7974 -0.4012
vn -0.4278 -0.2562 0.8668
vn -0.5327 -0.2270 0.8153
vn 0.6532 -0.2017 0.7299
vn 0.3561 0.3271 -0.8753
vn 0.3673 0.1402 -0.9195
vn -0.4754 0.2608 -0.8402
vn -0.4624 0.1931 -0.8654
vn 0.4169 -0.6758 0.6079
vn 0.2747 0.1493 -0.9499
vn 0.5811 -0.6264 0.5195
vn 0.1983 0.3041 -0.9318
vn 0.7346 -0.6109 0.2951
vn 0.2497 0.1865 -0.9502
vn 0.1206 0.4982 -0.8587
vn 0.5633 0.4083 -0.7183
vn -0.8690 -0.4252 -0.2530
vn 0.5574 -0.3936 -0.7310
vn 0.8316 -0.4951 -0.2514
vn 0.8276 -0.5045 -0.2461
vn 0.8277 -0.5043 -0.2462
vn 0.8273 -0.5051 -0.2458
vn -0.4439 -0.3624 0.8195
vn -0.5108 0.1199 -0.8513
vn 0.5517 0.4556 0.6987
vn 0.5917 0.3241 0.7381
vn 0.8590 -0.4357 0.2688
vn 0.8600 0.2848 0.4235
vn 0.8921 0.4340 -0.1257
vn 0.9314 0.3606 -0.0500
vn 0.9538 0.2817 -0.1049
vn 0.7225 0.5997 -0.3442
vn 0.9588 0.2777 -0.0600
vn 0.9587 0.2781 -0.0598
vn 0.9563 0.2864 -0.0594
vn 0.9068 0.3891 0.1623
vn 0.9043 0.3996 0.1500
vn 0.5747 0.8075 -0.1329
vn 0.6808 0.7258 -0.0988
vn 0.7208 0.6872 0.0910
vn 0.6761 0.6961 -0.2416
vn 0.6742 0.5663 0.4741
vn 0.7813 0.3966 0.4820
vn 0.6735 0.6863 0.2746
vn 0.6685 0.3650 0.6480
vn 0.9272 0.3325 0.1723
vn 0.9624 0.2696 0.0326
vn 0.9951 -0.0519 -0.0837
vn 0.9952 -0.0612 -0.0764
vn 0.9952 -0.0532 -0.0827
vn 0.9779 -0.1623 -0.1316
vn 0.9818 0.1267 -0.1415
vn 0.9876 0.0787 -0.1360
vn 0.6532 -0.7554 0.0519
vn -0.8360 -0.4667 0.2885
vn -0.8228 -0.1385 0.5512
vn -0.7885 -0.4020 0.4655
vn -0.6940 -0.4404 0.5696
vn -0.8067 -0.5337 0.2538
vn -0.8037 -0.4919 0.3347
vn -0.8579 -0.4890 0.1574
vn -0.8101 -0.5662 0.1522
vn 0.6158 0.2419 0.7499
vn 0.8935 0.1258 0.4310
vn 0.5249 -0.0532 0.8495
vn 0.5664 -0.1614 0.8082
vn 0.6998 -0.1058 0.7065
vn -0.0971 -0.9674 -0.2338
vn 0.9075 -0.0143 -0.4198
vn 0.8854 -0.4391 0.1526
vn 0.2260 -0.6080 -0.7611
vn 0.2764 -0.6970 -0.6617
vn 0.1254 -0.1442 -0.9816
vn -0.0135 0.0476 -0.9988
vn 0.1446 0.2088 -0.9672
vn -0.3542 -0.6352 -0.6863
vn -0.2132 -0.4961 -0.8417
vn -0.8448 -0.2132 -0.4907
vn -0.9223 -0.3135 -0.2261
vn -0.9041 -0.3331 -0.2676
vn -0.7915 -0.4825 -0.3750
vn -0.5737 -0.6018 -0.5556
vn -0.3336 -0.7928 -0.5101
vn -0.4031 -0.8200 -0.4064
vn -0.5828 -0.3716 -0.7227
vn -0.5642 -0.7950 0.2228
vn -0.5898 -0.7269 -0.3519
vn -0.3142 -0.9474 0.0613
vn 0.3056 -0.3373 -0.8904
vn -0.3586 -0.8440 -0.3989
vn -0.0126 -0.3650 -0.9309
vn -0.2594 -0.8974 -0.3570
vn -0.7382 -0.6010 -0.3064
vn -0.3874 -0.7460 -0.5416
vn -0.2258 -0.7275 -0.6479
vn -0.3974 0.3467 -0.8496
vn -0.4983 -0.7664 -0.4054
vn 0.1448 0.8420 -0.5197
vn -0.3969 0.2295 -0.8887
vn -0.3992 -0.7056 -0.5854
vn -0.5348 -0.7541 -0.3812
vn -0.3338 -0.9374 0.0992
vn -0.6193 -0.7514 0.2277
vn -0.4501 -0.6932 -0.5629
vn -0.6088 -0.6661 -0.4310
vn -0.4086 -0.7672 -0.4943
vn 0.7331 0.6768 -0.0673
vn 0.7069 0.3177 0.6320
vn 0.6847 0.7206 0.1091
vn 0.6474 0.7598 -0.0603
vn 0.4065 0.8772 -0.2557
vn 0.7052 0.6578 0.2647
vn 0.5179 0.7987 -0.3064
vn 0.9952 -0.0623 -0.0756
vn 0.6413 -0.2089 0.7383
vn 0.9769 -0.0653 -0.2036
vn 0.5814 0.1654 -0.7967
vn -0.5357 -0.1752 0.8260
vn 0.6364 -0.3334 0.6956
vn -0.5441 0.2899 -0.7873
vn -0.9809 -0.1009 0.1665
vn -0.5221 0.2221 -0.8234
vn 0.6343 0.1893 -0.7496
vn 0.5714 -0.0875 0.8160
vn 0.0209 -0.4125 0.9107
vn 0.9387 0.3436 -0.0283
vn 0.5527 -0.1158 0.8253
vn 0.9688 0.2465 0.0249
vn 0.2225 0.3210 -0.9206
vn 0.2226 0.3210 -0.9205
vn 0.2226 0.3210 -0.9206
vn 0.2227 0.3210 -0.9205
vn -0.6782 -0.1053 -0.7273
vn -0.1168 -0.3743 0.9199
vn -0.4861 -0.5660 0.6658
vn -0.9301 -0.3172 0.1850
vn -0.9574 -0.0099 0.2884
vn -0.9802 0.1187 0.1588
vn -0.9930 -0.1024 0.0596
vn -0.3732 -0.3418 0.8625
vn -0.8028 -0.5956 -0.0285
vn -0.5748 -0.7475 0.3331
vn -0.6936 -0.6278 0.3533
vn 0.2046 -0.3530 0.9130
vn -0.6288 0.1555 -0.7618
vn -0.6040 -0.0838 -0.7926
vn -0.5354 -0.5238 0.6625
vn 0.6420 -0.1299 0.7556
vn 0.6445 -0.1395 0.7518
vn 0.6448 -0.1408 0.7512
vn 0.5461 -0.2862 0.7873
vn 0.8241 -0.3424 0.4513
vn 0.8139 -0.4178 0.4037
vn 0.5503 0.4163 -0.7237
vn -0.2848 -0.2599 0.9227
vn -0.4048 -0.3948 0.8248
vn 0.6570 -0.2538 0.7099
vn 0.5676 0.1333 -0.8125
vn 0.5777 0.2029 -0.7906
vn -0.5790 0.3374 -0.7422
vn -0.5406 0.3809 -0.7501
vn 0.3338 0.5424 -0.7709
vn 0.4785 0.5070 -0.7169
vn -0.8792 -0.4741 -0.0485
vn 0.3080 -0.3594 -0.8809
vn 0.6512 -0.6598 -0.3750
vn 0.6437 -0.6720 -0.3661
vn -0.1795 -0.2197 0.9589
vn -0.6544 0.3652 -0.6621
vn 0.9386 0.3386 -0.0661
vn 0.9378 0.3470 -0.0134
vn 0.9377 0.3471 -0.0134
vn 0.9383 0.3454 -0.0140
vn 0.9702 -0.1270 -0.2062
vn 0.9649 -0.1494 -0.2158
vn 0.9758 0.1550 -0.1543
vn 0.9823 0.1106 -0.1509
vn -0.5547 -0.1494 -0.8185
vn -0.5161 -0.8155 -0.2619
vn -0.8591 -0.4811 -0.1747
vn -0.7193 -0.2146 -0.6607
vn -0.8161 -0.5616 -0.1366
vn -0.9932 0.0441 0.1077
vn 0.9708 -0.1790 -0.1596
vn 0.7929 -0.3349 0.5090
vn 0.9608 -0.0938 -0.2611
vn 0.5104 0.2059 -0.8349
vn -0.2674 -0.3124 0.9116
vn 0.6368 -0.3927 0.6635
vn -0.5652 0.3240 -0.7586
vn -0.9927 -0.1165 0.0302
vn -0.5608 0.4416 -0.7004
vn 0.3825 0.2862 -0.8785
vn 0.6049 -0.1776 0.7762
vn 0.1695 -0.4215 0.8909
vn 0.9317 0.3621 -0.0269
vn 0.6418 -0.1289 0.7560
vn 0.9372 0.3486 -0.0127
vn 0.3753 0.4699 -0.7990
vn 0.0438 0.5191 -0.8536
vn -0.5469 0.1220 -0.8282
vn 0.0930 -0.3566 0.9296
vn -0.4546 -0.5635 0.6898
vn -0.9761 0.0723 0.2051
vn -0.9667 0.1183 0.2270
vn -0.9676 0.1430 0.2079
vn -0.9904 -0.1159 0.0748
vn -0.3699 -0.4338 0.8216
vn -0.9088 -0.3881 -0.1531
vn -0.5240 -0.8483 -0.0766
vn -0.7172 -0.6874 0.1142
vn 0.6497 -0.6012 0.4651
vn 0.5193 -0.3523 0.7786
vn -0.6424 0.1845 -0.7439
vn -0.6807 -0.4567 -0.5728
vn -0.3701 -0.5791 0.7264
vn -0.3733 -0.5774 0.7261
vn -0.3694 -0.5795 0.7264
vn 0.6932 -0.2878 0.6607
vn 0.7633 -0.1812 0.6201
vn 0.8111 -0.3378 0.4774
vn 0.7984 -0.4464 0.4040
vn 0.4713 0.5037 -0.7240
vn -0.2348 -0.3767 0.8961
vn -0.2349 -0.3763 0.8962
vn -0.2377 -0.3679 0.8990
vn -0.3921 -0.4366 0.8097
vn 0.6636 -0.2992 0.6856
vn 0.4159 0.3150 -0.8531
vn 0.4089 0.2998 -0.8619
vn 0.4148 0.2997 -0.8592
vn 0.4132 0.2997 -0.8599
vn -0.5892 0.3846 -0.7106
vn -0.5671 0.4073 -0.7159
vn 0.2963 0.5958 -0.7465
vn 0.4137 0.5704 -0.7096
vn -0.8769 -0.4797 -0.0294
vn 0.2627 -0.2067 -0.9425
vn 0.6924 -0.5841 -0.4235
vn 0.6635 -0.7465 0.0503
vn -0.1790 -0.3549 0.9176
vn -0.6597 0.3947 -0.6396
vn 0.9567 0.2857 -0.0563
vn 0.9245 0.3809 -0.0124
vn 0.9207 0.3899 -0.0185
vn 0.9238 0.3826 -0.0135
vn 0.9802 -0.0986 -0.1714
vn 0.9803 -0.0994 -0.1708
vn 0.9803 -0.0990 -0.1712
vn 0.9659 -0.1574 -0.2056
vn 0.9648 0.2142 -0.1522
vn 0.9792 0.1400 -0.1469
vn -0.6172 -0.5117 -0.5976
vn -0.5398 -0.7747 -0.3293
vn -0.8586 -0.4764 -0.1892
vn -0.7226 -0.1416 -0.6766
vn -0.3661 -0.7532 0.5464
vn -0.9940 -0.0205 0.1072
vn 0.9803 -0.0996 -0.1707
vn 0.7901 -0.3366 0.5123
vn 0.9611 -0.0771 -0.2653
vn 0.4072 0.2998 -0.8627
vn -0.2379 -0.3673 0.8992
vn 0.6439 -0.4330 0.6307
vn -0.5717 0.3692 -0.7327
vn -0.9862 -0.1627 0.0297
vn -0.5849 0.4630 -0.6660
vn 0.3099 0.3894 -0.8674
vn 0.6230 -0.2421 0.7438
vn 0.3883 -0.5279 0.7554
vn 0.9200 0.3914 -0.0195
vn 0.6697 -0.1750 0.7217
vn 0.9566 0.2853 -0.0599
vn 0.3414 0.5173 -0.7848
vn 0.0279 0.5869 -0.8092
vn -0.6204 0.1780 -0.7638
vn 0.1005 -0.4494 0.8877
vn -0.3740 -0.5770 0.7261
vn -0.9762 -0.0018 0.2170
vn -0.9585 0.0918 0.2700
vn -0.9604 0.1161 0.2534
vn -0.9828 -0.1656 0.0823
vn -0.3228 -0.5100 0.7973
vn -0.9194 -0.3690 -0.1360
vn -0.4665 -0.8298 0.3065
vn -0.5247 -0.7029 0.4802
vn 0.9451 -0.2779 -0.1718
vn 0.3819 -0.4614 0.8008
vn -0.7086 0.1950 -0.6781
vn -0.5360 0.0925 -0.8391
vn -0.4425 -0.6664 0.6001
vn 0.6059 -0.4460 0.6588
vn 0.7837 -0.1546 0.6016
vn 0.8430 -0.3513 0.4073
vn 0.8347 -0.4293 0.3449
vn 0.2009 0.5720 -0.7953
vn 0.2009 0.5720 -0.7952
vn -0.1535 -0.4288 0.8902
vn -0.6228 -0.5593 0.5470
vn 0.5892 -0.3350 0.7353
vn 0.3796 0.3658 -0.8498
vn 0.3765 0.4411 -0.8147
vn -0.6222 0.2790 -0.7315
vn -0.5139 0.3822 -0.7680
vn 0.1705 0.5889 -0.7900
vn 0.1732 0.5797 -0.7962
vn 0.1733 0.5793 -0.7965
vn 0.2008 0.5721 -0.7952
vn -0.7519 -0.6592 -0.0142
vn 0.5248 -0.1809 -0.8318
vn 0.7736 -0.3807 -0.5065
vn 0.6881 -0.7256 -0.0113
vn -0.1783 -0.4472 0.8765
vn -0.4442 0.4840 -0.7540
vn 0.7857 0.5669 -0.2477
vn 0.9007 0.4127 -0.1356
vn 0.9611 -0.0599 -0.2698
vn 0.9618 -0.0529 -0.2685
vn 0.9620 -0.0545 -0.2674
vn 0.9610 -0.0604 -0.2700
vn 0.9669 0.2092 -0.1463
vn 0.9637 0.2233 -0.1466
vn -0.6447 0.1496 -0.7497
vn -0.6358 -0.7635 -0.1136
vn -0.6089 -0.6950 -0.3824
vn -0.4088 -0.1726 -0.8961
vn -0.1968 -0.8940 0.4025
vn -0.9995 0.0215 -0.0216
vn 0.9617 -0.0514 -0.2693
vn 0.8112 -0.3513 0.4675
vn 0.9531 0.0042 -0.3027
vn 0.1442 0.3685 -0.9184
vn -0.1800 -0.3692 0.9118
vn 0.5805 -0.4009 0.7088
vn -0.6507 0.3247 -0.6864
vn -0.9420 -0.3322 0.0485
vn -0.5276 0.4114 -0.7432
vn 0.2561 0.4357 -0.8629
vn 0.5661 -0.2986 0.7683
vn 0.4183 -0.3809 0.8246
vn 0.9455 0.3168 -0.0747
vn 0.5578 -0.3108 0.7696
vn 0.9226 0.3460 -0.1705
vn 0.1704 0.5894 -0.7897
vn 0.0479 0.6049 -0.7948
vn -0.5302 0.1569 -0.8333
vn 0.3472 -0.3888 0.8534
vn -0.5409 -0.5533 0.6335
vn -0.9996 0.0257 0.0140
vn -0.9837 0.1374 0.1157
vn -0.9738 0.0009 0.2274
vn -0.9440 -0.3298 -0.0116
vn -0.6029 -0.5991 0.5269
vn -0.8349 -0.5323 -0.1398
vn -0.5288 -0.7687 0.3598
vn -0.5345 -0.7506 0.3886
vn 0.0036 0.6565 -0.7543
vn -0.5315 -0.8437 -0.0747
vn 0.7555 0.4013 -0.5178
vn 0.9525 0.2758 0.1294
vn 0.1864 0.8261 -0.5318
vn 0.4560 0.8258 -0.3319
vn -0.2276 -0.9683 -0.1027
vn 0.2352 -0.6998 0.6745
vn 0.5364 -0.8373 -0.1060
vn 0.0817 -0.4028 -0.9116
vn 0.8364 0.2438 0.4910
vn 0.8502 0.4695 -0.2384
vn 0.7166 0.0931 0.6912
vn 0.1692 -0.3956 0.9027
vn -0.8584 -0.4438 0.2573
vn -0.0819 -0.4823 0.8722
vn 0.6602 0.6322 -0.4055
vn -0.2345 0.3513 -0.9064
vn -0.3115 0.3562 -0.8810
vn -0.7072 -0.0485 -0.7053
vn -0.7061 -0.6911 -0.1542
vn -0.5766 -0.2011 -0.7919
vn 0.7095 -0.1192 0.6946
vn 0.5088 -0.0005 0.8609
vn -0.7911 -0.5167 0.3273
vn -0.6227 -0.6096 -0.4905
vn -0.0083 0.0610 -0.9981
vn -0.2896 -0.6379 -0.7136
vn -0.7474 -0.5854 0.3141
vn -0.7511 -0.3212 -0.5767
vn 0.7120 -0.5637 -0.4186
vn -0.5675 -0.7438 -0.3531
vn 0.6846 -0.6006 -0.4130
vn -0.8093 -0.5689 -0.1460
vn -0.4228 -0.7850 0.4529
vn 0.5976 -0.8017 -0.0117
vn 0.0818 -0.8698 0.4867
vn 0.6456 -0.6986 0.3085
vn 0.7555 0.5389 0.3725
vn 0.3608 0.8115 -0.4596
vn 0.6251 0.2181 0.7494
vn 0.8804 0.3470 0.3231
vn 0.5301 -0.0336 0.8473
vn -0.3752 -0.4409 0.8154
vn -0.7719 -0.5207 0.3647
vn -0.4577 -0.3575 0.8140
vn 0.7884 0.5383 0.2978
vn 0.6777 0.6625 -0.3192
vn -0.1224 0.9561 -0.2663
vn 0.5645 0.8153 -0.1292
vn -0.7378 0.3927 -0.5490
vn 0.0077 0.9405 -0.3398
vn -0.6591 0.5091 -0.5535
vn -0.9410 -0.3252 -0.0939
vn 0.0357 0.8573 -0.5136
vn -0.5319 0.2674 -0.8035
vn -0.5934 0.6555 -0.4672
vn -0.5700 0.8181 0.0766
vn -0.5288 0.8358 0.1478
vn 0.5141 0.3779 0.7700
vn 0.5301 0.3179 0.7861
vn -0.2814 0.9589 -0.0361
vn -0.2650 0.6197 -0.7387
vn -0.5729 0.7568 0.3148
vn -0.3867 0.7743 0.5010
vn -0.5845 0.7809 0.2204
vn -0.5867 0.7795 0.2196
vn -0.5805 0.7835 0.2219
vn -0.5784 0.7848 0.2227
vn 0.6459 0.5316 0.5479
vn 0.5234 0.5846 0.6199
vn -0.2358 0.7619 0.6033
vn -0.2833 0.6510 0.7042
vn 0.3901 0.6745 -0.6268
vn 0.3645 0.3928 -0.8443
vn -0.4209 0.7496 0.5108
vn -0.4861 0.8029 0.3450
vn -0.4132 0.9002 -0.1373
vn 0.3994 0.1768 0.8995
vn 0.4069 0.2995 0.8630
vn -0.2586 -0.9637 -0.0661
vn 0.7419 0.5743 0.3461
vn 0.2763 -0.8025 0.5288
vn -0.4747 0.5731 -0.6680
vn -0.6818 0.5154 -0.5190
vn 0.0901 0.9804 -0.1754
vn 0.1951 0.9543 -0.2263
vn -0.7514 -0.5947 -0.2859
vn -0.8058 -0.0962 -0.5844
vn -0.7566 0.1418 -0.6383
vn -0.8707 0.0490 -0.4894
vn -0.4362 -0.8996 0.0205
vn -0.4600 0.7111 -0.5317
vn 0.3396 0.9367 -0.0854
vn -0.7685 -0.4537 -0.4512
vn 0.5159 -0.3356 -0.7882
vn 0.5161 -0.3359 -0.7879
vn 0.5177 -0.3384 -0.7858
vn 0.3107 -0.4714 -0.8254
vn 0.4379 -0.2690 -0.8578
vn 0.2944 0.0203 -0.9555
vn 0.6943 -0.3372 -0.6358
vn 0.3138 -0.3041 -0.8995
vn 0.7563 -0.2466 -0.6059
vn 0.2266 -0.2042 -0.9523
vn 0.5847 0.2258 -0.7792
vn 0.7962 0.0028 -0.6050
vn 0.9572 -0.0577 -0.2837
vn 0.3711 -0.1988 0.9071
vn 0.2734 -0.2550 0.9275
vn 0.3460 -0.3279 0.8791
vn 0.6168 0.2457 0.7478
vn 0.9944 -0.0121 0.1054
vn 0.9381 -0.1740 0.2997
vn 0.9754 0.0537 -0.2137
vn 0.9770 0.0450 -0.2085
vn 0.9765 0.0477 -0.2101
vn 0.0494 0.2319 -0.9715
vn 0.1114 -0.1116 -0.9875
vn 0.1053 -0.1014 -0.9893
vn 0.1062 -0.1029 -0.9890
vn 0.1122 -0.1129 -0.9872
vn 0.7359 0.1028 -0.6693
vn 0.6804 0.1597 -0.7152
vn 0.1267 -0.2500 0.9599
vn 0.0503 -0.1902 0.9805
vn 0.3298 -0.1564 0.9310
vn 0.5105 -0.2878 0.8103
vn -0.3963 -0.9096 0.1249
vn -0.2663 -0.9600 0.0863
vn -0.7050 0.5247 -0.4771
vn -0.6912 0.3699 -0.6208
vn 0.0825 0.9933 -0.0805
vn 0.0536 0.9595 -0.2767
vn -0.7645 -0.5870 -0.2664
vn -0.7019 -0.6501 -0.2909
vn 0.3753 -0.3859 -0.8428
vn 0.7221 -0.0075 -0.6918
vn 0.4068 -0.0570 -0.9118
vn 0.2298 0.1603 -0.9599
vn 0.4226 -0.2931 -0.8576
vn 0.6058 -0.3420 -0.7184
vn 0.7435 -0.3372 -0.5775
vn 0.6016 -0.0738 -0.7954
vn 0.1647 -0.9013 -0.4006
vn 0.5320 -0.5079 -0.6775
vn 0.5305 -0.5068 -0.6795
vn 0.5309 -0.5071 -0.6790
vn 0.5324 -0.5081 -0.6770
vn 0.5179 -0.3388 -0.7855
vn 0.5433 -0.2187 -0.8106
vn -0.1473 -0.5057 -0.8501
vn 0.2474 -0.3134 -0.9168
vn 0.7089 0.6908 0.1423
vn 0.7070 0.6822 0.1867
vn 0.2925 -0.7539 0.5883
vn 0.4341 -0.7298 0.5282
vn 0.7019 -0.0879 0.7068
vn 0.8650 0.0185 0.5014
vn -0.8124 -0.1722 -0.5571
vn 0.0883 0.2394 -0.9669
vn 0.1911 0.1632 -0.9679
vn 0.2103 0.2738 -0.9385
vn 0.2109 0.1639 -0.9637
vn 0.4553 0.1136 -0.8831
vn 0.3429 -0.0038 -0.9394
vn 0.2208 0.4666 -0.8564
vn 0.2368 0.5155 -0.8236
vn 0.3111 0.5612 -0.7670
vn 0.3828 0.3914 -0.8368
vn 0.3262 0.6971 -0.6385
vn 0.3298 0.8364 -0.4379
vn 0.4166 0.4217 -0.8054
vn 0.5908 0.1932 -0.7833
vn 0.5335 -0.4638 -0.7073
vn 0.6584 0.1885 -0.7286
vn 0.2416 0.2665 -0.9331
vn 0.4999 0.0651 -0.8637
vn 0.4703 0.0314 -0.8819
vn 0.5121 -0.0252 -0.8585
vn 0.2671 0.2752 -0.9235
vn 0.4662 0.1887 -0.8643
vn 0.2682 0.8124 -0.5177
vn 0.0370 0.8959 -0.4427
vn 0.0912 0.3159 -0.9444
vn -0.0555 0.4106 -0.9101
vn 0.0816 0.5251 -0.8471
vn -0.0580 0.2706 -0.9609
vn -0.0382 0.2650 -0.9635
vn 0.0770 0.1654 -0.9832
vn -0.0106 0.0902 -0.9959
vn -0.1435 0.1801 -0.9731
vn 0.1460 0.2935 -0.9447
vn 0.1075 0.2123 -0.9713
vn 0.2051 0.0757 -0.9758
vn -0.0605 -0.0165 -0.9980
vn -0.0776 -0.0056 -0.9970
vn -0.0788 0.3036 -0.9495
vn 0.0112 -0.1077 -0.9941
vn -0.0040 -0.1200 -0.9928
vn -0.0612 0.2411 -0.9686
vn -0.1605 0.3206 -0.9335
vn 0.2766 0.7966 -0.5375
vn 0.6998 -0.2641 0.6638
vn 0.6996 -0.2688 0.6621
vn 0.6996 -0.2687 0.6621
vn 0.7199 -0.3030 0.6245
vn 0.6996 -0.2690 0.6620
vn 0.7156 -0.1258 0.6871
vn 0.2427 0.1445 0.9593
vn 0.1220 -0.2026 0.9716
vn 0.1209 -0.2038 0.9715
vn 0.1212 -0.2034 0.9716
vn 0.1232 -0.2012 0.9718
vn 0.3355 -0.4232 0.8416
vn 0.4902 -0.2999 0.8184
vn 0.9901 -0.1227 0.0678
vn 0.7342 -0.2928 0.6126
vn 0.9621 -0.1203 0.2448
vn 0.9722 -0.0662 0.2248
vn 0.5828 -0.1120 0.8049
vn 0.6287 -0.1397 0.7650
vn 0.5071 -0.5058 0.6979
vn 0.7114 -0.2640 0.6513
vn 0.7298 -0.3708 0.5744
vn 0.7502 -0.3284 0.5739
vn 0.7191 0.0958 0.6883
vn 0.7105 -0.2473 0.6588
vn 0.0793 -0.0957 0.9923
vn 0.0388 -0.0407 0.9984
vn 0.3454 -0.1480 0.9267
vn 0.3732 -0.0550 0.9261
vn 0.1580 0.0062 0.9874
vn 0.9934 -0.0535 0.1011
vn 0.8043 0.4771 0.3542
vn 0.7588 0.5396 0.3649
vn 0.8229 -0.1316 0.5527
vn 0.7383 0.0553 0.6722
vn 0.2039 0.9143 -0.3499
vn 0.3877 0.9212 0.0316
vn 0.2841 0.9587 -0.0131
vn 0.7233 0.6904 0.0125
vn 0.6919 0.7203 0.0492
vn 0.6909 0.7218 0.0409
vn 0.6919 0.7202 0.0498
vn 0.6920 0.7202 0.0500
vn 0.4941 0.8529 0.1687
vn 0.4902 0.8522 0.1830
vn 0.6430 0.6495 0.4058
vn 0.8133 0.5556 0.1727
vn 0.5644 0.8175 0.1142
vn 0.0003 0.8686 0.4956
vn 0.2044 0.7589 0.6182
vn -0.0367 0.8957 0.4431
vn 0.8105 0.5434 0.2185
vn 0.2034 0.9226 0.3279
vn 0.8180 0.4706 0.3309
vn 0.6631 0.7194 0.2068
vn 0.5352 0.8103 0.2387
vn 0.0370 0.3850 0.9222
vn 0.0367 0.3851 0.9221
vn 0.0361 0.3854 0.9221
vn 0.0466 0.3814 0.9232
vn 0.0419 0.3603 0.9319
vn 0.1049 -0.0301 0.9940
vn 0.3612 0.3095 0.8796
vn 0.4087 0.3431 0.8457
vn 0.7440 0.2972 0.5984
vn 0.1012 0.5220 -0.8469
vn 0.1023 0.5215 -0.8471
vn 0.0942 0.5256 -0.8455
vn 0.0934 0.5261 -0.8453
vn 0.0353 0.4637 -0.8853
vn 0.0808 0.5255 -0.8470
vn 0.1983 0.1510 0.9684
vn 0.1116 0.6002 0.7920
vn 0.2885 0.2562 0.9226
vn 0.9317 -0.1229 0.3417
vn 0.9631 0.1905 0.1902
vn 0.9192 0.3354 0.2063
vn 0.5903 0.4093 0.6957
vn 0.5816 0.3579 0.7305
vn 0.5868 0.0945 0.8042
vn 0.9749 0.0565 -0.2154
vn 0.9257 0.2623 -0.2726
vn 0.9376 0.1215 -0.3257
vn 0.6949 -0.0720 -0.7155
vn 0.2306 -0.1143 0.9663
vn 0.2719 0.2598 0.9266
vn 0.2762 -0.0256 0.9608
vn 0.7081 0.4211 0.5668
vn 0.7025 0.3611 0.6133
vn 0.7317 0.1459 0.6658
vn -0.4549 0.4210 0.7847
vn -0.0960 0.5308 0.8420
vn 0.3373 0.4807 0.8094
vn 0.9207 0.0121 0.3900
vn 0.8691 0.2639 0.4184
vn 0.7360 0.3676 0.5685
vn -0.9516 -0.2904 0.1007
vn -0.9643 -0.2303 0.1309
vn -0.7565 -0.6487 -0.0836
vn -0.3654 0.4612 0.8086
vn -0.9273 0.0885 0.3638
vn -0.9109 0.1019 0.3999
vn 0.1463 0.2516 0.9567
vn 0.9802 0.1802 -0.0815
vn -0.8472 -0.4660 -0.2553
vn -0.8485 -0.4671 -0.2489
vn -0.8469 -0.4657 -0.2567
vn -0.8916 -0.3560 -0.2799
vn -0.9127 0.0788 0.4009
vn 0.1490 -0.6597 -0.7366
vn 0.8225 0.3717 0.4305
vn 0.6935 0.4008 0.5987
vn 0.2122 0.4818 0.8502
vn 0.2157 0.4764 0.8524
vn 0.2125 0.4814 0.8504
vn 0.1967 0.2946 0.9352
vn -0.8357 0.1824 0.5181
vn 0.7054 -0.2679 -0.6562
vn 0.9538 -0.0691 -0.2923
vn 0.3663 -0.3816 -0.8487
vn -0.3686 -0.5365 -0.7592
vn -0.7834 -0.3711 -0.4985
vn 0.4281 0.6089 0.6678
vn -0.1239 -0.7927 -0.5969
vn 0.1456 0.3136 0.9383
vn 0.2561 0.1892 0.9479
vn -0.1064 0.4007 0.9100
vn -0.9658 -0.2079 0.1547
vn -0.9919 -0.1260 -0.0161
vn -0.9939 -0.0397 0.1030
vn -0.8486 -0.4672 -0.2484
vn -0.9076 0.0954 0.4090
vn -0.8830 -0.0228 0.4688
vn -0.8506 -0.0608 0.5223
vn -0.4199 -0.6287 -0.6545
vn 0.8844 0.4529 0.1125
vn 0.8823 0.4553 0.1195
vn 0.8818 0.4558 0.1209
vn 0.5739 0.2758 0.7711
vn 0.5307 0.5566 0.6392
vn -0.7025 -0.5564 -0.4437
vn -0.4805 -0.3269 -0.8138
vn 0.8191 0.2400 0.5211
vn -0.6966 0.0379 0.7165
vn 0.3230 0.6987 0.6383
vn 0.2255 0.6622 0.7146
vn -0.7934 0.2562 0.5522
vn -0.7664 0.2417 0.5952
vn -0.9853 -0.1707 -0.0069
vn 0.9856 -0.1657 -0.0332
vn 0.8231 0.3138 0.4733
vn 0.9142 0.3847 0.1277
vn 0.9143 0.3847 0.1267
vn 0.9148 0.3846 0.1232
vn 0.3220 -0.1241 -0.9386
vn -0.8027 0.2221 0.5535
vn -0.9098 -0.3557 -0.2140
vn 0.6201 -0.6619 -0.4212
vn 0.1448 -0.5611 -0.8150
vn 0.9781 -0.1659 0.1258
vn -0.1934 0.5094 0.8385
vn 0.3275 0.4634 0.8234
vn -0.2512 0.4802 0.8404
vn -0.0749 0.1535 0.9853
vn -0.0871 -0.6191 -0.7805
vn 0.7440 -0.5015 -0.4415
vn 0.1654 -0.8312 -0.5308
vn 0.2755 -0.7152 -0.6423
vn 0.3990 0.4722 0.7860
vn 0.7884 0.1576 0.5946
vn 0.7970 0.2236 0.5611
vn 0.7298 0.2311 0.6434
vn -0.0087 0.5349 0.8448
vn -0.5561 0.6023 0.5727
vn -0.0183 0.4052 0.9141
vn -0.7594 0.2088 0.6162
vn -0.9819 -0.1889 0.0167
vn 0.0150 0.5574 0.8301
vn -0.4785 0.4625 0.7464
vn 0.9804 0.1412 -0.1374
vn 0.9872 -0.1520 -0.0479
vn 0.9967 0.0308 0.0749
vn 0.9273 0.0171 -0.3739
vn 0.8847 0.4527 0.1117
vn 0.9914 -0.1139 0.0638
vn -0.8203 0.3962 0.4125
vn 0.2159 0.4760 0.8525
vn 0.5313 0.1227 0.8383
vn 0.2532 0.1569 0.9546
vn 0.7912 0.4371 0.4278
vn 0.7910 0.4372 0.4280
vn 0.7905 0.4372 0.4288
vn 0.7904 0.4373 0.4290
vn 0.8990 0.2101 -0.3842
vn 0.2394 -0.0954 -0.9662
vn 0.8749 0.2386 -0.4214
vn 0.9155 0.3844 0.1187
vn 0.8998 0.4077 0.1551
vn 0.8737 0.4332 0.2212
vn -0.9601 -0.2734 0.0592
vn -0.8702 0.1085 -0.4806
vn -0.6674 0.1091 0.7367
vn 0.7844 0.6202 -0.0083
vn -0.3062 0.1019 -0.9465
vn 0.0072 0.2521 0.9677
vn -0.7099 -0.5814 0.3975
vn -0.7105 -0.5833 0.3936
vn -0.7100 -0.5815 0.3972
vn -0.7784 -0.1617 0.6066
vn 0.8713 -0.2756 0.4060
vn 0.3943 -0.3800 0.8367
vn -0.9227 0.1744 0.3437
vn 0.3191 -0.2902 0.9022
vn -0.3097 -0.5449 -0.7792
vn -0.6210 0.2716 0.7353
vn 0.5271 0.0321 0.8492
vn 0.7333 -0.0510 0.6780
vn 0.8749 -0.3012 0.3792
vn -0.3295 0.3348 0.8828
vn -0.8799 -0.1419 -0.4534
vn -0.6888 0.1775 0.7029
vn -0.6898 0.1779 0.7018
vn -0.6884 0.1773 0.7033
vn -0.7110 -0.5852 0.3898
vn -0.8990 -0.1549 -0.4097
vn -0.8825 0.1112 -0.4569
vn 0.9607 0.2221 -0.1665
vn 0.2978 -0.1012 0.9492
vn -0.9898 -0.0017 0.1427
vn 0.9185 -0.0232 0.3947
vn 0.8522 -0.4378 -0.2865
vn 0.4086 -0.4632 -0.7864
vn 0.3857 -0.5618 -0.7319
vn 0.3828 -0.5708 -0.7264
vn 0.3860 -0.5611 -0.7322
vn 0.4218 -0.5815 -0.6956
vn -0.6621 0.3118 0.6815
vn -0.5886 -0.6036 0.5378
vn -0.8525 -0.1175 -0.5093
vn 0.2281 0.7866 -0.5737
vn 0.0234 0.1840 0.9826
vn 0.8635 0.1627 0.4774
vn -0.8760 -0.4727 0.0961
vn -0.9976 -0.0693 -0.0095
vn -0.9826 -0.0363 0.1823
vn -0.9825 -0.0374 0.1827
vn -0.9825 -0.0371 0.1826
vn 0.8232 -0.1479 0.5482
vn 0.8243 -0.1429 0.5478
vn 0.8226 -0.1504 0.5484
vn -0.2025 0.2130 0.9558
vn 0.3073 -0.3318 0.8919
vn 0.0027 -0.4890 -0.8723
vn 0.8249 -0.1404 0.5475
vn -0.7561 -0.1981 -0.6237
vn -0.9826 -0.0361 0.1822
vn -0.9936 0.0759 0.0843
vn 0.3693 -0.4382 0.8195
vn 0.0845 0.1896 0.9782
vn -0.3348 0.2221 0.9157
vn 0.6462 -0.0413 0.7621
vn 0.3093 0.0338 0.9504
vn -0.9777 0.0708 0.1976
vn 0.1298 -0.7099 -0.6923
vn -0.4113 0.2783 0.8680
vn -0.8768 0.1216 -0.4652
vn -0.7512 0.6216 0.2220
vn -0.6910 -0.3814 -0.6140
vn 0.8921 0.1513 0.4258
vn 0.9580 -0.2799 0.0627
vn 0.4664 0.2279 -0.8547
vn 0.3365 -0.2061 0.9189
vn 0.9043 -0.1882 0.3832
vn -0.1380 0.2158 0.9666
vn 0.0349 0.1038 0.9940
vn -0.3849 0.0298 -0.9225
vn -0.7303 -0.3561 0.5829
vn 0.4284 0.0858 0.8995
vn -0.9804 -0.1873 -0.0610
vn -0.2532 0.2260 0.9406
vn 0.2592 -0.0850 0.9621
vn -0.1004 0.1592 0.9821
vn -0.6785 -0.0154 0.7344
vn 0.5694 0.1040 0.8154
vn -0.3860 0.0876 0.9183
vn 0.9315 0.0747 0.3561
vn 0.1966 -0.5192 -0.8317
vn -0.6495 -0.6748 0.3504
vn 0.7874 -0.6163 0.0081
vn -0.7034 0.0135 -0.7106
vn 0.3400 -0.3339 0.8792
vn 0.2902 0.3048 -0.9071
vn -0.8901 -0.0974 -0.4452
vn -0.9702 -0.1042 0.2189
vn -0.8526 0.0790 -0.5166
vn -0.8517 0.0812 -0.5177
vn -0.8524 0.0795 -0.5169
vn -0.9052 -0.3550 0.2335
vn -0.9455 -0.3250 -0.0191
vn -0.4587 0.6193 0.6372
vn 0.6802 -0.2689 0.6819
vn -0.9367 -0.2082 -0.2813
vn -0.4932 -0.3320 -0.8041
vn -0.3446 -0.2093 0.9151
vn -0.6901 0.1781 0.7014
vn 0.5971 -0.1087 0.7948
vn 0.8874 -0.2672 0.3756
vn -0.8620 -0.0575 -0.5036
vn -0.4491 0.4007 -0.7986
vn -0.9351 -0.1260 -0.3313
vn 0.3456 -0.3401 0.8746
vn 0.3487 -0.3480 0.8702
vn 0.3458 -0.3405 0.8743
vn 0.4312 0.4105 -0.8035
vn -0.8952 -0.4036 0.1890
vn 0.3138 -0.3592 0.8790
vn -0.7847 -0.2513 -0.5667
vn 0.5361 -0.2080 0.8181
vn 0.3488 -0.3484 0.8700
vn -0.3626 0.2372 -0.9012
vn -0.2824 0.4172 -0.8638
vn -0.8135 -0.5776 0.0675
vn -0.8120 -0.5795 0.0702
vn -0.8141 -0.5769 0.0663
vn -0.8661 -0.4170 -0.2757
vn -0.9846 0.0930 0.1478
vn -0.8465 -0.3080 -0.4343
vn 0.8471 0.5243 -0.0870
vn -0.4266 0.1519 -0.8916
vn -0.4260 0.1526 -0.8918
vn -0.4270 0.1515 -0.8915
vn 0.1649 -0.4841 0.8593
vn -0.5027 0.4998 -0.7054
vn 0.9291 -0.1879 0.3187
vn 0.9290 -0.1873 0.3192
vn 0.9289 -0.1852 0.3208
vn -0.0443 0.2470 -0.9680
vn -0.8671 -0.2386 -0.4373
vn 0.9168 0.3065 -0.2559
vn 0.9150 0.3089 -0.2597
vn 0.9141 0.3107 -0.2606
vn -0.5554 0.0106 -0.8315
vn 0.7816 0.5985 -0.1759
vn 0.7849 0.5924 -0.1819
vn 0.7844 0.5933 -0.1810
vn 0.8643 -0.0354 0.5017
vn -0.7362 -0.5414 0.4061
vn -0.8996 -0.4247 0.1021
vn -0.8592 -0.4348 -0.2697
vn 0.5828 -0.2319 0.7788
vn -0.6684 -0.4182 0.6152
vn 0.7829 0.1876 0.5931
vn 0.9321 0.3129 -0.1823
vn -0.7567 -0.4416 -0.4821
vn -0.8114 -0.5801 0.0712
vn -0.4700 0.3889 -0.7924
vn 0.3506 0.6862 -0.6374
vn -0.8509 0.0834 -0.5187
vn -0.7887 -0.1329 -0.6002
vn 0.8219 0.5076 -0.2585
vn 0.6188 0.5323 -0.5777
vn -0.8016 -0.4800 -0.3564
vn -0.5332 0.2866 -0.7960
vn 0.7589 0.6511 -0.0102
vn 0.4123 0.2926 0.8628
vn 0.4126 0.2927 0.8626
vn 0.4054 0.2898 0.8670
vn 0.8835 0.0254 0.4677
vn 0.6571 0.2279 0.7186
vn -0.3655 0.2498 0.8967
vn -0.4090 0.3916 -0.8242
vn -0.4090 0.3912 -0.8244
vn -0.4091 0.3920 -0.8240
vn 0.8733 0.0620 0.4832
vn -0.7995 -0.2223 -0.5580
vn 0.5777 -0.2163 0.7870
vn -0.4798 -0.1052 -0.8711
vn 0.9530 0.0913 0.2888
vn 0.8504 0.0935 0.5177
vn 0.3826 -0.5713 -0.7261
vn -0.4256 0.1530 -0.8919
vn 0.9678 -0.2513 0.0154
vn -0.8599 -0.0835 -0.5036
vn -0.7719 -0.5427 0.3312
vn -0.4914 -0.5516 0.6740
vn -0.6741 -0.3864 0.6295
vn -0.5122 0.4557 -0.7280
vn 0.4044 0.2895 0.8675
vn 0.3500 0.6015 -0.7181
vn -0.4285 0.3226 -0.8440
vn -0.2546 0.0918 -0.9627
vn -0.3423 0.2158 -0.9145
vn 0.9148 0.3161 -0.2514
vn 0.3567 0.5898 -0.7245
vn -0.8612 -0.4989 0.0968
vn -0.0333 -0.3816 0.9237
vn -0.6379 -0.4982 0.5873
vn -0.6408 -0.4985 0.5838
vn -0.6426 -0.4984 0.5819
vn -0.7857 -0.1979 -0.5861
vn 0.2534 0.3684 -0.8945
vn 0.7588 -0.0201 0.6511
vn 0.7619 -0.0108 0.6476
vn 0.7621 -0.0102 0.6473
vn -0.4091 0.3924 -0.8238
vn -0.8415 -0.4910 0.2255
vn 0.9111 0.3661 -0.1895
vn -0.6435 -0.4966 0.5825
vn -0.6414 -0.4971 0.5844
vn -0.4214 -0.6069 0.6739
vn -0.4160 -0.6163 0.6687
vn -0.4158 -0.6165 0.6686
vn -0.9173 0.3705 0.1458
vn -0.8644 0.0699 -0.4980
vn 0.5484 -0.2393 0.8012
vn -0.2163 0.2193 -0.9514
vn -0.7754 0.0188 -0.6312
vn -0.5711 -0.6284 0.5281
vn -0.0046 0.1522 -0.9883
vn 0.2868 0.6239 -0.7270
vn 0.3041 0.8585 -0.4128
vn 0.4851 0.4300 -0.7614
vn 0.6948 0.3106 -0.6487
vn 0.9147 0.3166 -0.2512
vn 0.8242 0.2081 0.5267
vn 0.9334 -0.0966 0.3455
vn 0.9314 -0.1488 0.3322
vn 0.5154 -0.2734 0.8122
vn -0.9051 -0.4091 -0.1161
vn 0.9125 0.0734 -0.4024
vn 0.9125 0.0734 -0.4025
vn 0.9438 0.1874 0.2722
vn 0.9344 -0.2557 -0.2482
vn 0.8119 -0.4137 -0.4119
vn 0.9300 0.1594 0.3310
vn 0.9809 -0.0635 -0.1836
vn -0.9741 -0.1378 0.1795
vn -0.9726 -0.1062 0.2066
vn -0.8909 -0.3746 -0.2569
vn -0.9122 -0.2920 -0.2875
vn -0.4237 -0.2094 -0.8813
vn 0.3466 -0.5088 -0.7880
vn 0.9012 -0.2172 -0.3751
vn 0.5883 -0.4389 -0.6792
vn 0.9154 0.1972 0.3508
vn 0.8858 0.2508 0.3904
vn 0.3972 0.4887 0.7768
vn 0.4121 0.4815 0.7735
vn 0.9062 0.3107 0.2869
vn -0.1077 0.3478 0.9314
vn -0.3119 0.3148 0.8964
vn -0.9225 0.0543 0.3821
vn -0.8511 0.0968 0.5160
vn 0.9474 -0.0755 -0.3110
vn -0.9791 -0.0732 0.1896
vn -0.9343 -0.1592 -0.3190
vn -0.9036 -0.2111 -0.3729
vn -0.3669 -0.5502 -0.7501
vn -0.3163 -0.6176 -0.7201
vn -0.3109 -0.6159 -0.7239
vn -0.3133 -0.6169 -0.7220
vn 0.3230 -0.2233 -0.9197
vn -0.3017 -0.3348 -0.8927
vn -0.2991 -0.3420 -0.8908
vn -0.2987 -0.3433 -0.8905
vn 0.3564 0.5247 0.7731
vn 0.6203 0.3685 0.6924
vn 0.7098 0.4024 0.5781
vn -0.1122 0.4903 0.8643
vn -0.1123 0.4917 0.8635
vn -0.1167 0.4901 0.8638
vn -0.1095 0.4907 0.8644
vn -0.7389 0.2921 0.6071
vn -0.9020 0.0371 0.4302
vn 0.9464 -0.1073 -0.3047
vn 0.9125 0.0733 -0.4024
vn 0.1200 -0.4547 -0.8825
vn 0.3915 -0.3147 -0.8647
vn 0.8188 -0.3277 -0.4713
vn 0.9997 -0.0196 -0.0151
vn 0.9876 -0.1512 0.0420
vn -0.9746 -0.0918 0.2045
vn -0.9808 -0.1081 0.1623
vn -0.7949 -0.4762 -0.3760
vn -0.8964 -0.3467 -0.2761
vn 0.1327 -0.6557 -0.7432
vn 0.3467 -0.5566 -0.7549
vn 0.8401 0.2224 0.4948
vn 0.9132 0.1415 0.3822
vn 0.4057 0.3130 0.8587
vn 0.4046 0.3128 0.8594
vn 0.4088 0.3136 0.8570
vn 0.4101 0.3139 0.8563
vn 0.1676 0.5187 0.8384
vn -0.3195 0.4182 0.8503
vn -0.7133 0.1557 0.6833
vn -0.9148 0.0134 0.4037
vn -0.4214 -0.5862 -0.6919
vn -0.3177 -0.6206 -0.7169
vn -0.3178 -0.6192 -0.7180
vn 0.5944 -0.5040 -0.6266
vn -0.9829 -0.1377 0.1226
vn -0.9080 -0.3750 -0.1867
vn 0.7493 0.1428 0.6467
vn 0.9151 0.0260 0.4024
vn 0.9626 0.2393 0.1269
vn 0.9849 -0.0057 0.1732
vn 0.8264 0.0678 0.5589
vn 0.8139 0.1284 0.5666
vn 0.9751 -0.1636 -0.1495
vn 0.9759 -0.0687 -0.2074
vn 0.3920 -0.5042 -0.7695
vn 0.9108 0.3652 0.1925
vn -0.1096 0.4925 0.8634
vn -0.2723 0.4035 0.8735
vn -0.2624 0.3116 0.9132
vn -0.3978 0.4073 0.8221
vn 0.1696 0.3225 0.9313
vn -0.8759 0.0616 0.4786
vn -0.8828 0.0877 0.4615
vn -0.7849 0.0926 0.6126
vn -0.7957 0.1474 0.5875
vn 0.9142 0.2992 0.2735
vn 0.9494 0.2537 0.1853
vn 0.9370 0.2907 0.1936
vn 0.8157 0.2894 0.5009
vn 0.9238 -0.0076 -0.3829
vn 0.3730 -0.3825 -0.8454
vn 0.3096 -0.2676 -0.9124
vn -0.3021 -0.3334 -0.8930
vn -0.3516 -0.3955 -0.8485
vn -0.9319 -0.0334 -0.3611
vn 0.9520 -0.1753 -0.2508
vn 0.8026 0.1403 0.5798
vn 0.0338 -0.9994 -0.0101
vn 0.0557 -0.9937 -0.0969
vn 0.0751 -0.8295 0.5534
vn 0.2009 -0.9255 0.3211
vn -0.0823 -0.9441 0.3191
vn 0.0050 -0.4702 0.8825
vn 0.2617 -0.8004 0.5393
vn 0.4539 -0.4862 -0.7467
vn 0.5835 -0.3281 -0.7429
vn -0.1521 -0.7739 -0.6148
vn -0.0592 -0.8684 -0.4924
vn -0.7410 -0.4524 -0.4962
vn 0.9916 0.0592 0.1148
vn 0.1304 -0.4319 -0.8925
vn 0.1440 -0.4241 -0.8941
vn -0.1969 0.7772 0.5976
vn -0.2730 0.8152 0.5109
vn 0.0561 0.6225 0.7806
vn 0.0498 0.6492 0.7590
vn 0.5761 -0.6581 -0.4848
vn 0.4694 -0.6142 -0.6344
vn 0.3634 -0.6115 -0.7029
vn -0.2950 -0.9124 -0.2837
vn -0.2157 -0.9727 -0.0855
vn -0.1368 0.5347 0.8339
vn -0.4178 0.6325 0.6522
vn 0.8497 0.3982 0.3456
vn 0.7977 0.3935 0.4570
vn 0.1551 0.0055 -0.9879
vn 0.1603 0.5964 -0.7865
vn -0.0644 0.9914 0.1141
vn -0.3317 0.8463 -0.4169
vn -0.0501 0.8678 0.4944
vn -0.0500 0.8678 0.4944
vn -0.1058 0.9574 -0.2687
vn -0.1617 0.9352 -0.3149
vn 0.7459 0.6655 -0.0250
vn 0.9467 0.1563 0.2817
vn 0.5318 0.7433 -0.4057
vn 0.7357 0.5814 -0.3473
vn 0.5286 0.5602 -0.6378
vn 0.5205 0.4723 -0.7113
vn 0.1768 0.8259 -0.5353
vn 0.5116 -0.1336 -0.8488
vn 0.5797 -0.0596 -0.8127
vn 0.8428 -0.1619 -0.5133
vn 0.9456 0.0749 -0.3166
vn 0.9380 0.1385 -0.3176
vn 0.9922 0.1133 -0.0518
vn 0.9484 0.1364 -0.2861
vn 0.7921 -0.2450 -0.5590
vn 0.8018 -0.2530 -0.5415
vn 0.2689 0.6610 0.7006
vn 0.9871 -0.0716 -0.1432
vn 0.9885 -0.0714 -0.1337
vn 0.9888 -0.0713 -0.1314
vn 0.9810 -0.0118 -0.1938
vn 0.9808 0.0094 -0.1946
vn -0.9615 -0.2747 -0.0097
vn 0.0322 0.1722 0.9845
vn 0.2466 -0.2846 0.9264
vn 0.1247 -0.2075 0.9702
vn 0.1712 0.7769 0.6059
vn 0.6414 0.6527 0.4034
vn 0.7799 0.5018 0.3740
vn 0.5608 0.6276 0.5400
vn 0.3996 0.7409 0.5398
vn 0.6336 0.6959 0.3380
vn 0.5653 0.5743 0.5921
vn 0.9946 0.0732 -0.0729
vn 0.9873 0.1287 -0.0927
vn -0.7577 -0.5906 -0.2777
vn -0.7625 -0.5838 -0.2788
vn -0.7578 -0.5904 -0.2777
vn -0.5322 -0.6395 -0.5548
vn -0.5454 -0.7867 -0.2892
vn 0.7519 -0.5512 -0.3618
vn 0.9176 -0.2945 -0.2669
vn 0.9261 -0.2937 -0.2368
vn 0.8802 -0.3367 -0.3345
vn 0.7303 -0.3432 -0.5906
vn 0.8113 0.5224 0.2625
vn 0.8139 0.5024 0.2918
vn 0.8632 0.4827 0.1476
vn 0.9245 -0.2724 -0.2667
vn 0.9110 -0.2771 -0.3055
vn 0.9114 -0.2747 -0.3065
vn 0.9110 -0.2769 -0.3056
vn 0.9757 0.2182 -0.0203
vn 0.1986 -0.8537 -0.4814
vn 0.1971 -0.8584 -0.4736
vn 0.1989 -0.8528 -0.4829
vn 0.3784 -0.7329 -0.5653
vn 0.9284 -0.2263 -0.2946
vn -0.3310 -0.6854 -0.6486
vn -0.1848 -0.5705 -0.8003
vn 0.9815 0.1691 0.0896
vn 0.9814 0.1705 0.0885
vn 0.9820 0.1640 0.0936
vn 0.9821 0.1626 0.0947
vn 0.4282 0.5815 0.6918
vn 0.3413 0.5324 0.7746
vn -0.1029 0.6174 0.7799
vn -0.0257 0.4301 0.9024
vn 0.8773 -0.2878 -0.3842
vn 0.8772 -0.2889 -0.3834
vn 0.8786 -0.2830 -0.3847
vn 0.3702 -0.7609 -0.5330
vn 0.5561 -0.6510 -0.5167
vn 0.9004 -0.2420 -0.3617
vn 0.9633 -0.2152 -0.1605
vn 0.9657 -0.2295 -0.1211
vn 0.3762 -0.7405 -0.5569
vn 0.0540 -0.8533 -0.5187
vn 0.9925 0.0265 -0.1192
vn -0.1047 -0.9682 -0.2271
vn -0.0448 -0.9677 -0.2480
vn 0.8398 -0.3722 -0.3951
vn 0.9162 -0.2675 -0.2983
vn 0.9148 -0.2663 -0.3038
vn 0.9164 -0.2677 -0.2974
vn 0.9105 -0.2043 -0.3594
vn 0.9145 -0.2660 -0.3049
vn 0.2483 0.8274 0.5037
vn -0.1863 0.9460 -0.2652
vn 0.6794 -0.1087 0.7257
vn 0.6660 -0.0350 0.7451
vn -0.0823 0.9544 -0.2868
vn 0.9510 0.1361 0.2775
vn 0.9922 -0.1002 -0.0739
vn 0.4156 -0.1925 -0.8889
vn 0.4896 -0.1230 -0.8632
vn 0.0087 -0.1079 -0.9941
vn 0.1033 0.0078 -0.9946
vn 0.9601 0.0331 -0.2776
vn 0.7426 -0.1874 -0.6430
vn 0.6648 0.3617 -0.6536
vn 0.6644 0.3624 -0.6536
vn 0.6646 0.3622 -0.6536
vn 0.6650 0.3613 -0.6536
vn 0.8874 -0.1115 -0.4472
vn 0.8356 -0.3009 -0.4596
vn 0.8165 -0.3919 -0.4239
vn 0.7804 -0.1497 -0.6071
vn 0.4544 -0.1405 0.8797
vn 0.4538 -0.1387 0.8802
vn 0.4559 -0.1453 0.8781
vn 0.4564 -0.1471 0.8775
vn 0.2934 -0.1103 0.9496
vn 0.1813 0.1024 0.9781
vn 0.9413 0.2549 0.2213
vn 0.9342 0.2751 0.2271
vn 0.2540 0.9538 -0.1601
vn 0.6397 0.6835 0.3516
vn 0.5625 0.3625 -0.7431
vn 0.5639 0.5142 -0.6462
vn 0.1486 0.5142 -0.8447
vn 0.9115 0.2270 -0.3430
vn 0.8157 0.3601 -0.4526
vn 0.7655 0.4416 -0.4679
vn 0.7728 -0.3262 -0.5444
vn 0.6116 -0.1515 -0.7765
vn -0.9870 0.0184 0.1594
vn -0.7655 0.2533 0.5915
vn 0.1110 0.1161 0.9870
vn -0.8245 0.2430 0.5110
vn -0.7839 0.3647 0.5024
vn -0.1789 0.7039 0.6874
vn -0.1819 0.7001 0.6905
vn -0.1820 0.7003 0.6903
vn 0.1980 -0.4341 0.8788
vn -0.8838 0.0668 0.4631
vn -0.3350 0.4950 0.8017
vn -0.8002 0.3412 0.4932
vn -0.2688 0.6079 0.7472
vn -0.4837 0.5278 0.6982
vn -0.7790 -0.4802 -0.4032
vn -0.1767 0.7039 0.6880
vn -0.1830 0.7029 0.6873
vn 0.1063 0.8360 0.5384
vn 0.1555 0.6378 0.7543
vn -0.2875 0.7391 0.6092
vn -0.6659 0.4153 0.6197
vn 0.8500 0.3783 0.3665
vn 0.8100 0.4889 0.3239
vn 0.9781 0.1688 0.1218
vn 0.3930 0.6121 0.6862
vn 0.1987 0.8698 0.4516
vn -0.2629 0.7455 0.6125
vn -0.1029 0.7825 0.6141
vn 0.1934 0.7337 0.6514
vn 0.1918 0.7354 0.6499
vn 0.1933 0.7337 0.6514
vn 0.9949 0.0977 -0.0255
vn 0.7470 0.4684 0.4718
vn 0.9869 -0.0717 -0.1446
vn 0.9992 -0.0090 -0.0381
vn -0.7540 0.2346 0.6135
vn 0.2040 0.4435 0.8727
vn -0.9566 -0.2680 -0.1146
vn 0.1979 0.7490 0.6323
vn -0.4216 0.4527 0.7857
vn -0.9687 -0.2230 -0.1089
vn -0.9419 -0.3327 -0.0463
vn -0.9572 -0.2876 -0.0330
vn -0.9552 -0.1705 0.2418
vn -0.9735 -0.2191 -0.0651
vn 0.0195 0.6081 0.7936
vn 0.1373 0.5386 0.8313
vn -0.2371 0.7662 0.5973
vn 0.1937 0.7334 0.6517
vn 0.1316 0.3671 0.9208
vn -0.0001 0.4925 0.8703
vn -0.3061 0.8114 0.4979
vn -0.6888 0.2823 0.6678
vn -0.0914 0.7038 0.7045
vn 0.2605 -0.4412 -0.8588
vn 0.5993 -0.4663 -0.6507
vn 0.4565 -0.8037 -0.3816
vn 0.1968 -0.8595 -0.4718
vn 0.4683 -0.7406 -0.4819
vn 0.6171 -0.5946 -0.5154
vn 0.5502 -0.7358 -0.3948
vn 0.6597 -0.6183 -0.4272
vn 0.7527 -0.5321 -0.3877
vn 0.8006 -0.5233 -0.2917
vn -0.4140 -0.9100 0.0219
vn -0.0428 -0.9502 -0.3088
vn 0.5672 -0.7250 -0.3908
vn 0.5538 -0.7256 -0.4084
vn -0.6502 -0.7598 -0.0013
vn -0.7703 -0.6335 0.0726
vn 0.8017 -0.5008 -0.3263
vn 0.8074 -0.4883 -0.3311
vn 0.9118 -0.2751 -0.3049
vn 0.9119 -0.2751 -0.3045
vn 0.9904 0.0404 0.1323
vn 0.9913 0.0644 -0.1144
vn 0.3499 -0.8543 -0.3844
vn -0.0482 -0.9225 -0.3830
vn -0.2264 -0.7679 -0.5992
vn -0.0838 -0.9277 -0.3638
vn 0.4694 -0.7725 -0.4276
vn 0.6674 -0.4372 -0.6028
vn 0.9797 0.1423 0.1413
vn 0.8025 0.4640 0.3750
vn 0.7801 0.5424 0.3118
vn 0.1964 0.8283 0.5247
vn 0.3465 0.7191 0.6024
vn -0.7055 -0.7041 -0.0808
vn -0.7629 -0.5833 -0.2789
vn -0.1403 -0.9714 -0.1914
vn -0.1449 -0.7139 -0.6851
vn 0.8772 -0.3014 -0.3738
vn 0.8770 -0.3005 -0.3749
vn 0.6198 -0.5778 -0.5310
vn 0.8091 -0.2872 -0.5126
vn 0.6541 -0.6865 -0.3177
vn 0.1439 -0.9894 0.0191
vn 0.0071 0.5265 0.8501
vn 0.1983 0.0058 -0.9801
vn 0.5621 -0.1100 -0.8197
vn 0.1434 -0.0855 -0.9860
vn 0.8022 -0.1024 -0.5882
vn 0.5706 -0.0990 -0.8152
vn 0.8468 -0.2063 -0.4903
vn 0.7367 -0.2407 -0.6319
vn 0.9914 -0.0564 -0.1182
vn 0.8984 -0.3013 -0.3196
vn 0.9992 0.0318 -0.0242
vn 0.9905 -0.0772 -0.1142
vn -0.3491 0.8436 -0.4081
vn 0.0893 -0.0910 -0.9918
vn 0.0646 0.6418 0.7642
vn -0.6557 0.3687 0.6589
vn 0.9773 0.0625 0.2026
vn 0.7297 0.4249 0.5358
vn 0.7477 0.4008 0.5294
vn -0.9266 -0.3370 -0.1670
vn -0.7867 0.2209 0.5765
vn -0.8007 -0.5178 -0.3012
vn -0.7745 0.2351 0.5872
vn -0.9685 0.0732 0.2381
vn -0.3688 0.5156 0.7734
vn 0.0303 0.7190 0.6943
vn 0.9794 -0.1988 -0.0358
vn -0.7857 -0.5405 -0.3009
vn -0.7862 -0.5361 -0.3073
vn -0.7863 -0.5354 -0.3082
vn -0.2682 -0.7935 -0.5462
vn -0.2721 -0.7938 -0.5439
vn -0.2713 -0.7938 -0.5443
vn 0.3647 -0.7711 -0.5219
vn 0.9966 -0.0796 0.0233
vn 0.9609 0.1457 0.2356
vn -0.7181 0.4407 0.5387
vn 0.0637 0.6089 0.7906
vn -0.9825 -0.1839 -0.0284
vn -0.8979 -0.4009 -0.1817
vn -0.9827 -0.1841 0.0225
vn -0.9823 -0.1859 0.0220
vn -0.9837 -0.1779 0.0246
vn -0.2673 -0.7934 -0.5468
vn -0.1321 -0.8020 -0.5826
vn 0.4148 -0.7556 -0.5070
vn 0.7475 -0.5536 -0.3671
vn -0.2572 0.5491 0.7952
vn 0.4123 0.5550 0.7225
vn -0.0660 0.6759 0.7341
vn -0.4139 0.6425 0.6449
vn -0.6431 0.4870 0.5910
vn -0.9399 0.1373 0.3125
vn -0.7637 0.4176 0.4922
vn -0.1198 -0.8831 -0.4537
vn 0.7916 -0.4755 -0.3838
vn 0.9273 -0.2839 -0.2438
vn 0.0317 -0.9015 -0.4316
vn -0.1021 -0.8161 -0.5688
vn -0.1030 -0.8094 -0.5782
vn -0.1021 -0.8157 -0.5693
vn 0.4147 -0.7650 -0.4928
vn 0.8338 -0.4536 -0.3148
vn 0.3379 -0.7996 -0.4964
vn -0.1030 -0.8089 -0.5789
vn 0.5457 0.5424 0.6388
vn -0.0019 0.6381 0.7700
vn -0.2123 0.5283 0.8221
vn -0.8314 0.3049 0.4645
vn -0.9437 0.1175 0.3091
vn -0.9899 -0.1406 -0.0163
vn -0.9395 0.0991 0.3279
vn -0.9840 -0.1762 0.0251
vn -0.9108 -0.3543 -0.2119
vn -0.7857 -0.5409 -0.3003
vn -0.9064 -0.3939 -0.1529
vn -0.2671 -0.7786 -0.5678
vn -0.8166 -0.4831 -0.3160
vn 0.5161 -0.8311 -0.2074
vn 0.6304 -0.7331 -0.2554
vn -0.8799 -0.4375 0.1853
vn -0.9394 -0.3050 0.1565
vn -0.4329 -0.8989 -0.0681
vn -0.7458 -0.6437 -0.1713
vn 0.8032 -0.0985 0.5876
vn 0.7910 0.3150 0.5244
vn 0.7413 0.2733 0.6131
vn 0.9889 -0.1401 0.0490
vn 0.9559 -0.2919 -0.0332
vn -0.9225 -0.1529 0.3545
vn 0.3278 0.4713 0.8188
vn 0.2721 0.5712 0.7744
vn -0.0809 -0.8625 -0.4996
vn -0.1942 -0.6640 -0.7221
vn 0.9178 -0.1019 0.3836
vn 0.9191 -0.1408 0.3681
vn 0.4313 -0.5692 -0.7001
vn 0.6148 -0.7768 -0.1367
vn 0.8136 -0.4448 -0.3745
vn 0.6781 -0.6430 -0.3560
vn -0.9097 -0.2369 0.3410
vn -0.7701 -0.1602 0.6175
vn -0.7284 0.0474 0.6835
vn -0.7509 0.0511 0.6584
vn -0.4836 0.4366 0.7586
vn -0.3658 0.3403 0.8662
vn -0.5304 -0.7471 -0.4006
vn -0.3936 -0.8952 -0.2090
vn 0.2447 -0.7809 -0.5748
vn 0.1473 -0.8710 -0.4687
vn 0.0949 -0.7764 0.6231
vn -0.1757 -0.7089 0.6831
vn -0.4052 -0.6612 0.6313
vn -0.0797 -0.7158 0.6937
vn -0.1542 -0.7384 0.6565
vn -0.0361 -0.6163 0.7867
vn -0.0839 -0.6398 0.7640
vn -0.0111 -0.6889 0.7248
vn -0.1062 -0.6907 0.7153
vn -0.0254 -0.6237 0.7812
vn -0.0391 -0.6612 0.7492
vn -0.0060 -0.7816 0.6237
vn -0.0079 -0.8039 0.5947
vn -0.0132 -0.8043 0.5941
vn -0.0131 -0.8043 0.5941
vn -0.0473 -0.7576 0.6510
vn 0.0067 -0.7436 0.6686
vn 0.0337 -0.7461 0.6650
vn 0.0426 -0.7545 0.6549
vn -0.0340 -0.8054 0.5918
vn 0.0464 -0.8295 0.5565
vn -0.4110 -0.6168 0.6713
vn -0.3930 -0.6212 0.6780
vn -0.1932 -0.5303 0.8255
vn -0.3343 -0.4411 0.8329
vn -0.0705 -0.6601 0.7479
vn -0.1740 -0.5192 0.8367
vn -0.0600 -0.7660 0.6401
vn -0.0357 -0.7424 0.6690
vn -0.0184 -0.8046 0.5935
vn -0.0078 -0.8173 0.5761
vn -0.3848 -0.2674 -0.8834
vn -0.3855 -0.2666 -0.8834
vn -0.3833 -0.2690 -0.8836
vn -0.3812 -0.2714 -0.8837
vn 0.2941 -0.7458 -0.5978
vn 0.2940 -0.7459 -0.5977
vn 0.2904 -0.7495 -0.5949
vn 0.2942 -0.7456 -0.5979
vn 0.9356 -0.2237 -0.2733
vn -0.9742 0.1931 -0.1172
vn 0.0955 -0.4342 -0.8958
vn -0.0751 -0.3490 -0.9341
vn -0.1518 0.7759 0.6123
vn -0.2102 0.7059 0.6764
vn -0.1361 0.6176 0.7746
vn -0.1044 0.4340 0.8948
vn -0.2995 -0.4537 -0.8393
vn -0.1558 -0.3608 -0.9195
vn -0.0344 -0.3345 -0.9418
vn 0.5192 -0.7789 -0.3517
vn 0.2542 -0.9644 -0.0726
vn -0.2897 0.2353 0.9277
vn -0.0498 0.3577 0.9325
vn -0.9642 0.2236 0.1429
vn -0.9590 0.2046 0.1959
vn -0.0599 0.0035 -0.9982
vn -0.0561 -0.0024 -0.9984
vn -0.0605 0.0045 -0.9982
vn -0.4789 0.0044 -0.8778
vn -0.4808 0.0059 -0.8768
vn -0.4827 0.0076 -0.8758
vn -0.4787 0.0042 -0.8780
vn -0.6728 -0.0298 -0.7392
vn -0.6734 -0.0327 -0.7385
vn -0.6726 -0.0291 -0.7394
vn -0.8158 0.0292 -0.5776
vn -0.8210 0.2064 -0.5322
vn -0.9475 0.1000 -0.3038
vn -0.8834 0.1696 -0.4368
vn -0.6933 -0.1282 -0.7091
vn -0.6246 -0.0872 -0.7761
vn -0.4015 0.5613 0.7237
vn -0.8899 -0.1170 -0.4409
vn -0.8455 0.0683 -0.5296
vn -0.8492 0.1180 -0.5147
vn 0.9576 -0.1634 0.2371
vn 0.9590 -0.1586 0.2347
vn 0.9578 -0.1628 0.2368
vn -0.2713 0.0890 0.9584
vn -0.0529 -0.3008 0.9522
vn -0.0473 -0.2869 0.9568
vn -0.4544 0.4805 0.7501
vn -0.8667 0.4134 0.2790
vn -0.9109 0.3502 0.2182
vn -0.7796 0.4063 0.4766
vn -0.6622 0.4976 0.5602
vn -0.7927 0.4868 0.3669
vn -0.7846 0.3811 0.4890
vn -0.9411 0.1707 -0.2919
vn -0.9268 0.2410 -0.2881
vn 0.9047 -0.4023 -0.1403
vn 0.8267 -0.3235 -0.4603
vn 0.7555 -0.5830 -0.2990
vn -0.5834 -0.4634 -0.6671
vn -0.7414 -0.1921 -0.6430
vn -0.7507 -0.1967 -0.6307
vn -0.6730 -0.2041 -0.7109
vn -0.4459 -0.1213 -0.8868
vn -0.9073 0.3994 0.1312
vn -0.9284 0.3241 0.1817
vn -0.9332 0.3576 0.0354
vn -0.7408 -0.1658 -0.6509
vn -0.7188 -0.1581 -0.6770
vn -0.7188 -0.1580 -0.6771
vn -0.7191 -0.1555 -0.6773
vn -0.9277 0.1808 -0.3267
vn 0.0249 -0.7844 -0.6198
vn -0.1974 -0.6016 -0.7740
vn -0.7769 -0.1574 -0.6097
vn 0.6093 -0.4030 -0.6829
vn 0.5187 -0.2572 -0.8153
vn -0.9899 -0.0126 -0.1410
vn -0.9736 0.1361 -0.1833
vn -0.9737 0.1358 -0.1830
vn -0.9732 0.1373 -0.1845
vn -0.6996 0.3079 0.6448
vn -0.6395 0.2336 0.7325
vn -0.2265 0.5374 0.8123
vn -0.3532 0.6133 0.7065
vn -0.2637 0.3386 0.9032
vn -0.6616 -0.1365 -0.7373
vn 0.0180 -0.5429 -0.8396
vn -0.2483 -0.4213 -0.8723
vn -0.6946 -0.1059 -0.7115
vn -0.8230 -0.1499 -0.5479
vn -0.8035 -0.1147 -0.5841
vn -0.0784 -0.5058 -0.8591
vn 0.2246 -0.6239 -0.7486
vn -0.8299 -0.0148 -0.5578
vn 0.3732 -0.8082 -0.4556
vn 0.2400 -0.7818 -0.5755
vn -0.6949 -0.2086 -0.6882
vn -0.7249 -0.1917 -0.6616
vn -0.6829 -0.0676 -0.7274
vn -0.7497 -0.2131 -0.6266
vn -0.6356 -0.0410 -0.7709
vn -0.6352 -0.0344 -0.7716
vn -0.6351 -0.0338 -0.7717
vn -0.7010 -0.0230 -0.7128
vn -0.6900 -0.1965 -0.6966
vn -0.6892 -0.2222 -0.6897
vn -0.6584 -0.0205 -0.7524
vn 0.8758 -0.0453 0.4806
vn 0.4479 0.0406 0.8931
vn -0.2540 0.1177 0.9600
vn 0.5378 0.0288 0.8426
vn 0.4734 0.1455 0.8687
vn 0.4737 0.1453 0.8686
vn 0.4735 0.1455 0.8687
vn -0.2628 0.4451 0.8560
vn 0.1086 -0.4707 0.8756
vn 0.6183 -0.0516 0.7842
vn -0.1135 0.2079 0.9715
vn 0.4732 0.1457 0.8688
vn -0.3851 0.3977 0.8328
vn 0.1003 0.2937 0.9506
vn 0.9402 -0.2741 -0.2022
vn -0.2509 0.4135 0.8753
vn -0.5160 0.5859 0.6249
vn -0.5755 0.3129 0.7555
vn -0.1545 0.4316 0.8887
vn -0.1530 0.4314 0.8891
vn -0.1582 0.4321 0.8878
vn 0.2713 0.1669 0.9479
vn -0.2807 0.4149 0.8655
vn -0.9550 0.2708 0.1209
vn -0.9335 0.3352 0.1277
vn -0.9819 0.0817 -0.1707
vn -0.6856 0.3125 0.6575
vn -0.4502 0.6599 0.6015
vn -0.1597 0.4323 0.8875
vn -0.3510 0.5060 0.7879
vn -0.4817 0.4762 0.7356
vn -0.9641 0.1588 -0.2130
vn -0.8858 0.3765 0.2713
vn -0.8367 -0.0750 -0.5426
vn -0.9481 -0.0368 -0.3159
vn 0.4290 0.0519 0.9018
vn -0.4615 0.3594 0.8111
vn 0.9685 -0.1802 0.1719
vn -0.4970 0.4300 0.7537
vn -0.0385 0.1842 0.9821
vn 0.9700 -0.1582 0.1847
vn 0.9527 -0.2306 0.1980
vn 0.9457 -0.1616 0.2819
vn 0.8362 -0.2209 0.5019
vn 0.9593 -0.1579 0.2342
vn -0.1547 0.6279 0.7628
vn -0.2418 0.4515 0.8589
vn -0.1451 0.5310 0.8349
vn -0.4386 0.5440 0.7153
vn -0.1522 0.4183 0.8955
vn -0.1641 0.4032 0.9003
vn -0.0392 0.6990 0.7141
vn 0.0806 0.1518 0.9851
vn -0.2963 0.4446 0.8453
vn -0.0079 -0.3336 -0.9427
vn -0.3949 -0.2949 -0.8701
vn -0.2066 -0.7172 -0.6655
vn 0.0532 -0.7088 -0.7034
vn -0.3775 -0.5519 -0.7436
vn -0.3898 -0.5391 -0.7466
vn -0.2992 -0.5237 -0.7976
vn -0.3625 -0.4468 -0.8179
vn -0.5542 -0.3891 -0.7359
vn -0.5915 -0.3981 -0.7012
vn 0.4614 -0.8858 0.0488
vn 0.2533 -0.8589 -0.4451
vn -0.3931 -0.5995 -0.6972
vn -0.3093 -0.5774 -0.7556
vn 0.7272 -0.6862 0.0168
vn 0.8057 -0.5143 0.2940
vn -0.5789 -0.3468 -0.7380
vn -0.5789 -0.3466 -0.7380
vn -0.5771 -0.3518 -0.7370
vn -0.5790 -0.3465 -0.7380
vn -0.7200 -0.1565 -0.6761
vn -0.7202 -0.1567 -0.6758
vn -0.9518 0.0819 -0.2957
vn -0.9118 0.1294 -0.3897
vn -0.0336 -0.6976 -0.7157
vn 0.3524 -0.7178 -0.6005
vn 0.5200 -0.4488 -0.7268
vn 0.5196 -0.4482 -0.7274
vn 0.5156 -0.4416 -0.7343
vn 0.4037 -0.7402 -0.5377
vn -0.1718 -0.5749 -0.8000
vn -0.3177 -0.2608 -0.9116
vn -0.9731 0.1376 -0.1848
vn -0.9452 0.1811 0.2715
vn -0.8770 0.4300 0.2144
vn -0.4678 0.5904 0.6577
vn -0.6107 0.4680 0.6388
vn 0.8171 -0.5744 -0.0493
vn 0.9507 -0.2948 -0.0960
vn 0.3788 -0.8156 -0.4374
vn 0.5151 -0.4408 -0.7351
vn -0.6590 -0.1497 -0.7371
vn -0.6613 -0.1562 -0.7337
vn -0.6617 -0.1574 -0.7331
vn -0.6586 -0.1483 -0.7378
vn -0.3351 -0.3626 -0.8697
vn -0.5541 -0.0964 -0.8269
vn -0.4239 -0.5378 -0.7288
vn -0.4594 0.5114 0.7262
vn -0.0880 0.0112 -0.9961
vn -0.4040 -0.0475 -0.9135
vn -0.0593 -0.0391 -0.9975
vn -0.6779 0.0275 -0.7346
vn -0.4814 0.0300 -0.8760
vn -0.6736 -0.0334 -0.7384
vn -0.6356 -0.0418 -0.7709
vn -0.8713 0.0608 -0.4870
vn -0.8713 0.0707 -0.4856
vn -0.8713 0.0600 -0.4871
vn -0.7194 -0.0961 -0.6879
vn -0.9354 0.1868 -0.3003
vn -0.8713 0.0718 -0.4855
vn -0.0555 -0.0034 -0.9985
vn 0.9010 -0.4023 -0.1623
vn 0.9034 -0.3951 -0.1669
vn 0.9031 -0.3960 -0.1663
vn -0.9234 0.1928 0.3320
vn -0.3840 0.0536 -0.9218
vn 0.9008 -0.4029 -0.1619
vn 0.6014 -0.2032 0.7727
vn -0.4491 -0.6322 0.6314
vn -0.8949 0.0207 -0.4458
vn 0.4136 -0.5533 -0.7231
vn -0.9951 0.0533 -0.0830
vn 0.2540 -0.3604 0.8975
vn -0.8615 0.0255 -0.5071
vn 0.0161 -0.5161 0.8564
vn 0.4923 -0.1858 0.8504
vn 0.5026 0.0223 0.8642
vn 0.4995 0.0240 0.8660
vn 0.5005 0.0234 0.8654
vn 0.3723 -0.6748 -0.6372
vn -0.7890 0.1001 -0.6062
vn -0.9311 -0.0857 -0.3545
vn 0.9517 -0.1524 0.2664
vn 0.7859 0.4817 0.3877
vn -0.3941 0.3008 0.8684
vn 0.4969 -0.2739 0.8234
vn -0.1292 -0.5372 -0.8335
vn -0.3667 0.3334 -0.8685
vn 0.9278 -0.3431 -0.1464
vn -0.3611 -0.5864 0.7251
vn -0.3202 0.1349 -0.9377
vn 0.5068 0.3724 -0.7775
vn -0.4215 -0.6067 0.6740
vn -0.6353 -0.1449 -0.7586
vn -0.8247 -0.0130 -0.5655
vn -0.7953 -0.4178 -0.4393
vn 0.5036 0.0217 0.8637
vn 0.9593 0.2757 0.0611
vn 0.1283 -0.4811 0.8672
vn 0.1297 -0.4843 0.8652
vn 0.1297 -0.4844 0.8652
vn 0.0340 0.6553 0.7546
vn 0.1312 -0.4876 0.8632
vn 0.0340 0.3712 0.9279
vn 0.2737 0.2902 -0.9170
vn -0.8508 -0.0777 -0.5197
vn -0.3032 0.4105 0.8600
vn -0.7130 -0.3271 -0.6202
vn -0.9312 -0.2896 -0.2215
vn -0.8023 -0.0244 -0.5965
vn 0.5837 -0.1267 0.8020
vn -0.0710 -0.5472 -0.8340
vn 0.4069 0.5387 -0.7377
vn 0.8113 -0.0227 0.5842
vn -0.9115 0.2134 0.3516
vn -0.8821 -0.2797 -0.3791
vn 0.7107 0.2876 0.6420
vn -0.5115 -0.3963 -0.7625
vn -0.1344 -0.3615 0.9226
vn -0.1381 -0.3414 0.9297
vn -0.7130 -0.6390 0.2886
vn -0.5569 -0.3173 -0.7676
vn -0.1596 -0.8775 -0.4523
vn -0.3549 -0.7309 -0.5830
vn 0.8556 -0.4133 0.3117
vn 0.7894 -0.5522 0.2680
vn 0.5381 -0.8198 -0.1959
vn 0.8725 -0.4827 -0.0750
vn -0.9451 -0.2680 0.1872
vn -0.9535 0.1122 0.2797
vn -0.9501 0.0986 0.2960
vn -0.9276 -0.1906 -0.3212
vn -0.8387 -0.3523 -0.4153
vn 0.6642 -0.4329 0.6095
vn -0.6339 0.1610 0.7565
vn -0.5793 0.2703 0.7690
vn 0.3458 -0.6387 -0.6874
vn 0.5006 -0.3757 -0.7799
vn -0.9731 -0.2299 -0.0129
vn -0.9630 -0.2676 -0.0313
vn -0.0079 -0.5534 -0.8329
vn -0.2928 -0.8549 -0.4283
vn -0.5308 -0.4483 -0.7192
vn -0.2972 -0.6992 -0.6503
vn 0.6636 -0.3528 0.6597
vn 0.5380 -0.3600 0.7622
vn 0.4518 -0.1877 0.8722
vn 0.4806 -0.1756 0.8592
vn 0.1501 0.1515 0.9770
vn 0.0162 0.0238 0.9996
vn 0.7200 -0.5630 -0.4057
vn 0.5471 -0.7682 -0.3325
vn 0.1342 -0.6726 -0.7278
vn 0.1254 -0.6579 -0.7426
vn -0.0868 -0.9316 0.3530
vn 0.0211 -0.9142 0.4047
vn 0.0211 -0.9143 0.4045
vn 0.2777 -0.8642 0.4196
vn -0.0625 -0.9083 0.4137
vn 0.0210 -0.9144 0.4043
vn -0.1475 -0.8475 0.5099
vn -0.0939 -0.8601 0.5013
vn -0.0833 -0.8687 0.4883
vn -0.0205 -0.8641 0.5029
vn -0.1564 -0.8537 0.4968
vn -0.1284 -0.8778 0.4614
vn -0.1033 -0.9481 0.3008
vn -0.0893 -0.9590 0.2688
vn -0.0379 -0.9164 0.3985
vn -0.1057 -0.9109 0.3990
vn -0.0465 -0.8982 0.4370
vn -0.0500 -0.9109 0.4096
vn 0.0516 -0.9189 0.3911
vn -0.0353 -0.9544 0.2965
vn 0.2053 -0.7861 0.5831
vn 0.1797 -0.7968 0.5769
vn -0.0252 -0.7806 0.6245
vn 0.0936 -0.6989 0.7090
vn -0.0986 -0.8763 0.4716
vn -0.0483 -0.7741 0.6312
vn -0.0601 -0.9388 0.3391
vn -0.0952 -0.9267 0.3636
vn -0.0193 -0.9584 0.2847
vn -0.0168 -0.9388 0.3441
vn 0.0966 0.5372 0.8379
vn 0.4771 0.6482 -0.5935
vn 0.1187 0.6055 -0.7869
vn -0.0571 0.5911 -0.8046
vn -0.0577 0.5991 -0.7986
vn -0.0575 0.5960 -0.8009
vn -0.2576 0.8455 0.4678
vn -0.0020 0.9988 0.0479
vn -0.0502 0.8678 0.4944
vn -0.0548 0.9978 -0.0381
vn -0.1683 0.9850 0.0394
vn -0.4357 0.8837 -0.1713
vn -0.8954 0.4409 -0.0620
vn -0.4535 0.8250 -0.3373
vn -0.7042 0.6110 -0.3618
vn -0.4865 0.5792 -0.6541
vn -0.4846 0.5252 -0.6995
vn -0.0997 0.8530 -0.5123
vn -0.2822 0.8219 0.4949
vn -0.0901 0.9820 0.1662
vn -0.7652 0.2077 0.6094
vn -0.8624 0.0164 0.5060
vn -0.1379 0.9820 -0.1294
vn -0.9840 0.0467 0.1717
vn -0.9456 -0.1655 -0.2800
vn -0.4626 -0.0652 -0.8842
vn -0.4463 -0.0786 -0.8914
vn -0.0244 -0.0466 -0.9986
vn -0.0642 0.0044 -0.9979
vn -0.8508 0.1313 -0.5088
vn -0.5250 0.4924 -0.6942
vn -0.4972 0.5389 -0.6800
vn -0.4609 0.0516 0.8860
vn -0.4513 0.0711 0.8896
vn -0.1343 0.0392 0.9902
vn -0.0890 0.1273 0.9879
vn -0.9846 0.1745 0.0139
vn -0.9445 0.3088 0.1121
vn -0.4406 0.8935 0.0866
vn -0.5364 0.8308 0.1485
vn -0.4631 0.5050 -0.7284
vn -0.4591 0.5708 -0.6808
vn -0.0569 0.5881 -0.8068
vn -0.4839 0.7428 -0.4627
vn -0.2921 0.8483 -0.4417
vn -0.5818 0.5474 -0.6015
vn -0.6674 -0.2350 -0.7066
vn -0.5308 -0.0650 -0.8450
vn 0.0353 0.9958 0.0840
vn -0.0406 0.6481 0.7605
vn -0.0583 0.5354 0.8426
vn -0.3624 0.7835 -0.5049
vn -0.0568 0.6023 -0.7962
vn 0.9257 0.3257 -0.1921
vn -0.7364 -0.3581 -0.5740
vn -0.9378 -0.3435 -0.0505
vn 0.9420 0.3329 0.0419
vn 0.8389 0.5122 0.1840
vn 0.8972 0.4052 0.1758
vn -0.4054 0.6129 0.6783
vn -0.4367 0.5888 0.6802
vn 0.3578 0.7321 0.5797
vn 0.4475 0.6914 0.5672
vn -0.8808 0.3499 0.3192
vn -0.9539 0.1735 0.2451
vn -0.9928 0.0655 0.1006
vn -0.9993 -0.0342 0.0182
vn -0.8085 -0.1580 -0.5669
vn -0.9962 -0.0466 0.0739
vn 0.8445 -0.0487 -0.5334
vn 0.8830 0.0001 -0.4694
vn 0.4433 -0.3097 -0.8412
vn -0.6166 -0.4526 -0.6442
vn -0.2766 -0.4977 -0.8220
vn -0.4465 -0.3852 -0.8076
vn 0.3835 -0.3910 -0.8367
vn 0.8716 -0.0323 -0.4891
vn 0.8774 -0.0000 -0.4798
vn -0.8737 0.4730 -0.1134
vn -0.9521 0.1909 -0.2387
vn -0.9248 0.3050 0.2276
vn 0.9130 0.4027 0.0655
vn 0.8764 0.4815 -0.0047
vn 0.2611 -0.9550 -0.1409
vn 0.2841 -0.9438 -0.1688
vn 0.2522 -0.9573 -0.1413
vn 0.2616 -0.9525 -0.1556
vn 0.2408 -0.9647 -0.1068
vn 0.2420 -0.9640 -0.1106
vn 0.2418 -0.9640 -0.1101
vn 0.2407 -0.9647 -0.1065
vn 0.2454 -0.9691 -0.0246
vn 0.2421 -0.9689 -0.0510
vn 0.1293 -0.9456 0.2985
vn 0.2174 -0.9711 0.0981
vn 0.2533 -0.9611 -0.1103
vn 0.2419 -0.9661 -0.0900
vn 0.9563 0.2879 0.0505
vn 0.9157 0.4017 0.0153
vn 0.6835 0.4996 0.5322
vn 0.6691 0.4631 0.5812
vn 0.7811 0.5229 0.3412
vn 0.8418 0.4535 0.2928
vn 0.0629 0.4765 0.8769
vn 0.0261 0.4308 0.9021
vn -0.9855 -0.1077 -0.1308
vn -0.9838 -0.0297 -0.1768
vn -0.9099 0.2797 0.3063
vn -0.8523 0.1704 0.4944
vn -0.9192 -0.1997 -0.3395
vn -0.9191 -0.2001 -0.3394
vn -0.9191 -0.2003 -0.3393
vn -0.9188 -0.2040 -0.3380
vn -0.9782 -0.1975 -0.0644
vn -0.9642 -0.2267 -0.1379
vn -0.8117 -0.1230 -0.5710
vn -0.7673 -0.0000 -0.6413
vn 0.1535 0.4889 -0.8587
vn 0.1147 0.4550 -0.8831
vn 0.8057 0.4496 -0.3857
vn 0.8083 0.4018 -0.4303
vn 0.8030 0.3832 -0.4564
vn 0.7603 0.3509 -0.5466
vn 0.9735 0.2218 0.0563
vn 0.9538 0.2743 0.1226
vn 0.7728 0.5927 0.2271
vn -0.2867 0.8283 0.4815
vn -0.5660 0.7498 0.3427
vn -0.9916 0.0827 0.0999
vn 0.2412 0.7395 0.6285
vn -0.4865 0.7191 0.4962
vn -0.4590 0.7029 0.5433
vn 0.7630 0.6364 0.1133
vn 0.5334 0.6961 0.4805
vn -0.7805 0.5842 0.2227
vn -0.6350 0.6765 0.3729
vn 0.2459 0.8983 0.3641
vn 0.2211 -0.9717 0.0829
vn 0.2203 -0.9751 0.0253
vn 0.2299 -0.9723 0.0431
vn 0.2292 -0.9702 0.0783
vn -0.6156 0.3433 0.7093
vn -0.6815 0.4318 0.5909
vn -0.9844 -0.1725 0.0356
vn -0.9869 -0.1546 0.0463
vn -0.8505 -0.0307 -0.5250
vn -0.8465 0.0707 -0.5277
vn -0.3771 0.3407 -0.8612
vn -0.4094 0.2589 -0.8749
vn 0.8149 0.3694 -0.4466
vn 0.7734 0.5120 -0.3738
vn 0.9252 0.3731 0.0688
vn 0.9117 0.4018 0.0855
vn -0.9910 -0.0876 -0.1017
vn -0.9917 -0.0064 -0.1283
vn 0.9128 0.4085 0.0005
vn 0.9069 0.4208 -0.0202
vn -0.9823 0.1408 0.1232
vn 0.2458 -0.9667 -0.0714
vn 0.2471 -0.9662 -0.0737
vn 0.2476 -0.9660 -0.0744
vn 0.2454 -0.9668 -0.0708
vn -0.9277 -0.2169 -0.3037
vn -0.9282 -0.0673 -0.3659
vn -0.9539 0.2423 -0.1769
vn 0.8339 0.4282 0.3483
vn 0.8356 0.4236 0.3498
vn 0.8351 0.4251 0.3493
vn 0.8334 0.4296 0.3478
vn 0.1074 0.3268 0.9390
vn 0.1078 0.3264 0.9391
vn 0.1073 0.3268 0.9390
vn 0.1072 0.3270 0.9389
vn -0.9516 -0.0308 -0.3057
vn -0.9464 -0.0524 -0.3188
vn -0.9940 -0.0712 0.0829
vn -0.9961 -0.0522 0.0711
vn -0.6017 0.1785 0.7785
vn -0.5989 0.1977 0.7761
vn -0.9309 -0.0145 -0.3650
vn -0.9314 -0.0415 -0.3616
vn 0.9052 0.4249 0.0081
vn 0.8584 0.5118 0.0338
vn 0.7121 0.4319 0.5535
vn 0.7108 0.4446 0.5450
vn -0.9056 -0.4241 0.0002
vn -0.9171 -0.3986 0.0090
vn -0.7046 -0.4383 -0.5581
vn -0.6481 -0.5100 -0.5656
vn -0.1428 -0.4053 -0.9030
vn -0.1427 -0.4421 -0.8856
vn 0.8487 -0.1644 -0.5027
vn 0.8757 0.0684 -0.4779
vn 0.9928 0.1170 0.0256
vn 0.9887 0.1457 0.0346
vn -0.8948 -0.4323 -0.1114
vn -0.8937 -0.4346 -0.1110
vn -0.8969 -0.4277 -0.1122
vn -0.8980 -0.4253 -0.1126
vn 0.9941 0.1078 -0.0100
vn 0.9951 -0.0817 -0.0550
vn 0.9355 -0.1613 0.3144
vn 0.9321 -0.1810 0.3137
vn 0.2592 -0.4121 0.8735
vn 0.2454 -0.3842 0.8901
vn -0.8721 -0.3572 -0.3344
vn -0.8470 -0.4033 -0.3464
vn -0.8161 -0.4749 0.3293
vn -0.7770 -0.5532 0.3004
vn -0.3387 -0.5359 0.7734
vn -0.3462 -0.5178 0.7823
vn -0.8384 -0.3718 -0.3985
vn -0.8314 -0.3898 -0.3959
vn 0.9883 0.1513 -0.0197
vn 0.9926 0.1184 -0.0275
vn 0.8150 -0.2269 0.5331
vn 0.8136 -0.2004 0.5459
vn -0.1751 0.4848 0.8569
vn -0.2218 0.4230 0.8786
vn 0.1645 0.9166 0.3644
vn -0.1403 0.2939 0.9455
vn -0.1469 0.2752 0.9501
vn -0.0063 -0.4593 0.8883
vn -0.0071 -0.4578 0.8890
vn -0.0045 -0.4626 0.8866
vn -0.0036 -0.4641 0.8858
vn 0.5613 0.4118 0.7179
vn 0.5645 0.4034 0.7202
vn 0.5619 0.4103 0.7183
vn 0.5996 0.4913 0.6317
vn 0.5654 0.3820 0.7311
vn 0.5652 0.4013 0.7208
vn 0.6444 -0.2903 0.7075
vn 0.6443 -0.2899 0.7076
vn 0.6444 -0.2911 0.7071
vn 0.6445 -0.2915 0.7069
vn -0.1762 0.8520 0.4931
vn 0.0418 0.8973 0.4395
vn -0.9796 -0.0256 0.1993
vn -0.9925 0.0803 0.0921
vn -0.4472 0.7620 0.4683
vn -0.9553 0.0458 0.2920
vn -0.9467 -0.0005 0.3221
vn -0.8788 -0.4705 0.0799
vn -0.8643 -0.4979 0.0713
vn -0.9535 -0.2785 -0.1154
vn -0.9739 -0.2239 0.0367
vn -0.9791 -0.1488 -0.1385
vn -0.9837 -0.1298 -0.1245
vn -0.8813 -0.4407 -0.1706
vn -0.9040 -0.3870 -0.1814
vn -0.3995 0.1995 -0.8947
vn -0.3024 0.3140 -0.9000
vn 0.1494 0.3558 -0.9225
vn 0.1941 0.4552 -0.8690
vn 0.3820 -0.3875 -0.8390
vn 0.4136 -0.3040 -0.8582
vn 0.5246 0.8148 0.2467
vn 0.1785 0.7928 0.5828
vn 0.8564 0.4643 0.2258
vn -0.9713 -0.2150 -0.1015
vn -0.9713 -0.2151 -0.1013
vn -0.9713 -0.2147 -0.1022
vn -0.2588 0.0014 -0.9659
vn 0.8345 0.4984 0.2349
vn 0.7470 0.6554 0.1115
vn 0.9159 0.4003 0.0287
vn -0.9370 0.0679 0.3426
vn -0.9925 0.0623 0.1052
vn -0.5109 0.6436 0.5699
vn 0.4436 0.7260 0.5256
vn -0.9713 -0.2155 -0.1006
vn -0.9938 -0.0918 -0.0625
vn -0.8083 -0.0184 -0.5885
vn -0.7713 -0.0999 -0.6286
vn 0.3102 0.1498 -0.9388
vn 0.3345 0.1398 -0.9320
vn 0.7700 0.3240 -0.5497
vn 0.8437 0.2747 -0.4612
vn 0.8461 0.2771 -0.4552
vn 0.8433 0.2744 -0.4621
vn 0.2449 0.7167 0.6530
vn -0.4328 0.6368 0.6381
vn 0.8247 0.2955 -0.4823
vn 0.8464 0.2773 -0.4547
vn 0.8398 0.3175 -0.4403
vn 0.8488 0.3104 -0.4280
vn -0.2865 -0.0270 -0.9577
vn 0.7810 0.5995 -0.1749
vn 0.5064 0.1968 0.8396
vn 0.5280 -0.5574 -0.6407
vn 0.5304 -0.5583 -0.6380
vn 0.5309 -0.5585 -0.6374
vn 0.8346 0.5293 -0.1528
vn 0.3131 0.1347 0.9401
vn 0.5323 -0.5360 -0.6553
vn -0.9894 -0.0135 -0.1444
vn 0.0280 0.2203 0.9750
vn -0.8026 -0.4232 -0.4204
vn 0.9472 -0.3152 0.0592
vn 0.9474 -0.3150 0.0573
vn 0.9464 -0.3160 0.0672
vn -0.2623 0.3834 0.8855
vn 0.2948 0.2524 0.9216
vn 0.3907 0.6541 -0.6477
vn -0.8810 -0.1772 -0.4386
vn 0.5273 -0.5571 -0.6415
vn -0.0879 0.2434 0.9659
vn 0.9288 -0.1845 0.3214
vn 0.2612 -0.3883 0.8837
vn 0.9520 -0.1246 0.2797
vn 0.9463 -0.3161 0.0683
vn 0.9487 -0.1436 0.2817
vn -0.6916 0.2725 0.6690
vn 0.9648 -0.2513 0.0775
vn -0.7535 -0.1858 -0.6306
vn 0.7607 0.0245 0.6486
vn -0.7875 0.2890 0.5444
vn -0.7637 0.1316 -0.6321
vn -0.4357 0.1066 -0.8938
vn -0.8159 0.1111 -0.5674
vn -0.1328 -0.5520 -0.8232
vn 0.8189 0.1644 -0.5499
vn 0.9829 0.1557 0.0980
vn 0.7585 -0.0207 0.6513
vn 0.0113 -0.9928 0.1195
vn -0.0600 0.5549 0.8298
vn 0.4741 0.1992 0.8576
vn 0.2157 -0.7016 -0.6792
vn 0.4286 0.5591 0.7097
vn 0.8520 0.2581 0.4555
vn 0.9495 -0.1244 0.2882
vn -0.5835 0.2835 -0.7611
vn 0.6945 0.5910 0.4104
vn 0.0525 -0.9983 0.0253
vn 0.0521 -0.9982 0.0287
vn 0.0522 -0.9982 0.0279
vn -0.4016 0.0135 -0.9157
vn -0.4507 0.0312 -0.8921
vn 0.8209 0.2097 0.5312
vn -0.8080 0.0633 -0.5858
vn 0.9418 0.0779 0.3272
vn 0.9409 0.0679 0.3318
vn 0.9410 0.0686 0.3315
vn 0.9408 0.0671 0.3322
vn -0.0301 -0.9877 0.1538
vn -0.0078 -0.9919 0.1268
vn -0.8168 0.5552 -0.1567
vn 0.3254 0.8047 0.4965
vn 0.5394 0.6321 0.5563
vn -0.9286 0.1733 -0.3281
vn -0.9277 0.1766 -0.3289
vn -0.9273 0.1780 -0.3293
vn 0.9103 0.2396 0.3375
vn 0.9190 0.2168 0.3294
vn 0.7025 0.2372 0.6710
vn 0.7078 0.2553 0.6587
vn -0.3391 -0.2957 -0.8931
vn -0.7773 -0.1981 -0.5971
vn -0.7542 -0.1555 -0.6380
vn 0.7571 -0.4305 -0.4915
vn -0.2805 -0.4427 -0.8517
vn -0.7460 -0.1886 -0.6387
vn -0.0863 0.4153 0.9056
vn 0.9294 0.2453 0.2758
vn 0.7586 -0.1302 0.6385
vn 0.6577 0.4640 0.5935
vn -0.7613 0.1132 -0.6385
vn 0.9329 0.2200 0.2851
vn 0.9668 -0.2377 0.0932
vn 0.9436 -0.3235 0.0708
vn 0.7610 -0.3965 -0.5135
vn 0.7565 -0.1019 0.6460
vn -0.9644 0.2410 -0.1084
vn 0.6367 0.4992 0.5878
vn -0.0357 0.9308 0.3638
vn 0.9278 0.0555 0.3689
vn -0.8406 -0.0277 -0.5410
vn -0.8089 -0.0845 -0.5818
vn -0.0999 0.9096 0.4034
vn -0.7578 0.4124 -0.5055
vn -0.9467 0.3009 -0.1151
vn 0.6308 0.7070 0.3199
vn 0.7421 0.1555 0.6520
vn 0.7423 0.1551 0.6519
vn 0.7425 0.1548 0.6518
vn 0.0471 0.6519 0.7569
vn -0.8017 0.1115 -0.5873
vn -0.7452 0.1933 -0.6382
vn -0.3749 -0.0604 -0.9251
vn 0.8693 0.0642 -0.4901
vn 0.8693 0.0648 -0.4901
vn 0.8690 0.0632 -0.4908
vn -0.9026 -0.4300 -0.0205
vn -0.9148 -0.4035 -0.0161
vn 0.0827 -0.9959 -0.0374
vn 0.0526 -0.9983 0.0244
vn 0.0811 -0.9939 -0.0751
vn 0.0900 -0.9954 -0.0318
vn -0.0337 -0.9838 0.1762
vn 0.0781 -0.9969 0.0032
vn 0.0793 -0.9969 -0.0001
vn 0.0794 -0.9968 -0.0005
vn -0.9290 0.1718 -0.3277
vn -0.6217 -0.3206 -0.7146
vn -0.0553 -0.5819 -0.8114
vn 0.8153 0.4732 0.3336
vn 0.0912 -0.9946 -0.0496
vn -0.7622 0.2299 -0.6051
vn -0.7715 0.1067 -0.6272
vn -0.8041 -0.0228 -0.5941
vn 0.8497 0.0672 0.5229
vn 0.9872 0.0369 0.1549
vn -0.9025 0.2822 -0.3254
vn -0.9033 0.1950 -0.3823
vn -0.5917 0.8023 -0.0788
vn 0.0668 -0.9976 0.0158
vn -0.9600 0.2734 -0.0602
vn 0.8394 0.1872 0.5103
vn -0.6989 0.4868 0.5241
vn -0.6784 0.4560 0.5761
vn -0.1006 -0.9209 0.3765
vn 0.0424 -0.9980 0.0464
vn 0.0566 0.9047 0.4222
vn -0.4331 0.0481 -0.9001
vn -0.5103 0.5654 0.6480
vn -0.4770 0.5219 0.7071
vn -0.5348 0.8442 -0.0346
vn -0.5551 0.3785 0.7407
vn -0.5494 0.3630 0.7526
vn -0.4705 -0.3820 0.7954
vn -0.4702 -0.3858 0.7938
vn -0.4707 -0.3803 0.7962
vn -0.4700 -0.3875 0.7931
vn -0.9565 0.2653 0.1210
vn -0.9569 0.2638 0.1213
vn -0.9587 0.2565 0.1229
vn -0.9459 0.3243 0.0133
vn -0.9621 0.2365 0.1358
vn -0.9592 0.2543 0.1234
vn -0.8738 -0.4285 0.2299
vn -0.8735 -0.4292 0.2298
vn -0.8740 -0.4281 0.2300
vn -0.8733 -0.4296 0.2297
vn -0.3500 0.8933 0.2821
vn -0.4873 0.8674 0.1007
vn 0.6087 0.2832 0.7412
vn 0.6657 0.3815 0.6413
vn -0.1144 0.8881 0.4453
vn 0.5175 0.3494 0.7811
vn 0.5010 0.3045 0.8101
vn 0.6969 -0.1776 0.6948
vn 0.6970 -0.2086 0.6860
vn 0.8378 0.0253 0.5455
vn 0.7502 0.0951 0.6543
vn 0.8478 0.1439 0.5104
vn 0.8343 0.1754 0.5227
vn 0.8524 -0.1635 0.4966
vn 0.8657 -0.1062 0.4891
vn 0.8693 0.0629 -0.4903
vn 0.8688 0.0633 -0.4911
vn 0.2873 0.4490 0.8461
vn 0.7972 0.1125 0.5932
vn 0.0231 -0.9976 0.0647
vn 0.9906 0.1000 0.0928
vn 0.3812 0.1040 -0.9186
vn 0.4372 -0.0314 -0.8988
vn 0.3503 0.0601 -0.9347
vn 0.4296 0.0856 -0.8989
vn -0.3843 0.0016 -0.9232
vn -0.2555 0.9034 0.3444
vn -0.8235 0.3767 -0.4242
vn 0.3254 -0.5341 -0.7803
vn 0.2977 -0.4654 -0.8335
vn 0.0780 -0.9969 0.0036
vn 0.8225 0.2855 0.4919
vn -0.6620 0.7426 0.1014
vn 0.1032 0.8577 0.5037
vn -0.7461 0.1254 -0.6539
vn -0.0267 -0.9864 0.1625
vn 0.0703 -0.9975 -0.0077
vn -0.7084 0.6317 -0.3148
vn -0.6229 0.7768 0.0925
vn -0.7423 0.3342 0.5808
vn -0.7420 0.3347 0.5808
vn -0.7423 0.3342 0.5807
vn -0.7419 0.3349 0.5808
vn 0.9859 0.1298 0.1055
vn 0.7420 0.1558 0.6520
vn -0.8659 0.2363 -0.4409
vn -0.8633 0.2423 -0.4428
vn -0.8652 0.2378 -0.4414
vn 0.8196 0.1451 0.5542
vn -0.0820 0.3980 0.9137
vn -0.7890 -0.1578 -0.5938
vn 0.7904 0.4879 -0.3704
vn -0.8624 0.2597 -0.4345
vn -0.7746 0.3848 -0.5020
vn -0.7862 0.1229 -0.6056
vn 0.9383 0.1943 0.2860
vn -0.9683 0.2290 -0.0997
vn 0.4386 0.4251 0.7918
vn 0.6392 0.4869 0.5953
vn -0.0512 0.8928 0.4476
vn -0.7276 0.6852 -0.0349
vn 0.8081 0.1239 0.5758
vn 0.7834 0.1965 0.5897
vn 0.9457 0.2875 0.1514
vn 0.9406 0.2958 0.1666
vn 0.3215 0.4835 -0.8142
vn 0.3545 0.5034 -0.7880
vn -0.4767 0.1769 -0.8611
vn -0.4865 0.1631 -0.8583
vn -0.6766 0.7266 0.1196
vn -0.1980 0.8523 0.4841
vn -0.3719 0.2581 -0.8916
vn -0.4437 0.1639 -0.8811
vn -0.3630 0.3370 -0.8687
vn -0.4527 0.2400 -0.8588
vn 0.8634 0.4147 -0.2872
vn -0.2246 -0.3205 0.9202
vn -0.1957 -0.3389 0.9202
vn -0.0248 -0.3276 0.9445
vn -0.0486 -0.7069 -0.7056
vn -0.1408 -0.7216 -0.6779
vn -0.1635 0.9837 0.0753
vn -0.0985 0.9897 0.1037
vn 0.1675 0.8931 0.4175
vn 0.1482 0.9087 0.3904
vn -0.6544 0.7548 0.0442
vn -0.8144 -0.5762 0.0686
vn -0.3107 -0.6572 -0.6867
vn -0.3511 0.8858 0.3036
vn -0.2617 0.9172 0.3004
vn 0.2003 -0.3081 0.9300
vn 0.1854 -0.3198 0.9292
vn 0.0264 -0.3318 0.9430
vn 0.1521 -0.6968 -0.7009
vn 0.2439 -0.7022 -0.6689
vn 0.0442 0.9958 0.0803
vn -0.0236 0.9941 0.1058
vn -0.2589 0.8764 0.4060
vn -0.2450 0.8892 0.3864
vn 0.5857 0.8074 0.0714
vn 0.8639 -0.4919 0.1080
vn 0.4067 -0.6212 -0.6699
vn 0.2458 0.9158 0.3176
vn 0.1537 0.9382 0.3101
vn 0.7865 -0.1253 0.6047
vn -0.8626 0.2438 -0.4433
vn 0.9548 0.2717 -0.1208
vn 0.8617 0.4635 -0.2066
vn 0.9153 -0.3750 -0.1469
vn 0.9509 0.2772 0.1380
vn 0.9987 -0.0387 0.0322
vn -0.1122 0.8864 -0.4490
vn -0.4832 0.8619 -0.1541
vn -0.4832 0.8618 -0.1546
vn -0.4833 0.8629 -0.1478
vn 0.7509 -0.3188 0.5785
vn 0.6905 -0.6478 0.3217
vn -0.2559 -0.7324 0.6309
vn 0.6908 0.3470 -0.6344
vn -0.7963 -0.3813 0.4695
vn -0.4051 0.1076 0.9079
vn 0.4941 0.1545 0.8556
vn -0.9286 -0.1911 -0.3181
vn -0.6822 -0.7290 -0.0570
vn -0.2710 -0.2659 -0.9251
vn -0.2773 -0.2579 -0.9255
vn -0.2713 -0.2656 -0.9251
vn 0.1544 -0.6234 0.7665
vn 0.5160 0.0699 0.8537
vn 0.5634 -0.0915 0.8211
vn 0.0756 0.6906 -0.7193
vn 0.9646 -0.1642 0.2064
vn -0.8159 0.5326 -0.2248
vn -0.8117 0.5377 -0.2279
vn -0.8164 0.5320 -0.2245
vn -0.3092 -0.9477 -0.0794
vn -0.1084 0.4306 -0.8960
vn 0.6873 -0.3056 0.6590
vn 0.9994 -0.0328 0.0060
vn 0.9993 -0.0361 0.0016
vn 0.9994 -0.0330 0.0057
vn 0.4309 0.8375 0.3360
vn 0.9966 0.0547 0.0621
vn 0.9866 0.0161 0.1624
vn 0.2595 -0.8427 -0.4717
vn 0.7694 -0.4539 0.4495
vn 0.5480 0.0440 -0.8353
vn 0.9149 -0.0514 -0.4004
vn -0.4739 0.1795 0.8621
vn -0.9893 -0.1449 0.0160
vn -0.2242 -0.9451 0.2379
vn 0.5192 -0.5351 -0.6664
vn 0.8645 0.5008 -0.0435
vn -0.3798 0.2243 -0.8974
vn -0.9017 -0.2633 0.3428
vn 0.9325 0.1893 0.3077
vn 0.4366 0.8324 0.3412
vn 0.4368 0.8325 0.3409
vn 0.4389 0.8329 0.3371
vn -0.9903 -0.1327 -0.0407
vn -0.9903 -0.1330 -0.0410
vn -0.9897 -0.1360 -0.0450
vn 0.1823 -0.0454 -0.9822
vn 0.4420 -0.1711 -0.8805
vn -0.5637 -0.3272 0.7585
vn -0.9989 -0.0454 0.0153
vn 0.8461 -0.5162 0.1329
vn -0.3383 -0.8251 0.4525
vn 0.9397 -0.1198 -0.3204
vn 0.0125 -0.9775 0.2106
vn 0.8373 -0.0752 -0.5415
vn 0.4663 -0.3632 0.8066
vn 0.8022 -0.0349 0.5961
vn -0.9152 0.0214 -0.4025
vn 0.0230 -0.9111 0.4116
vn 0.6432 -0.3107 -0.6998
vn 0.9573 -0.0952 -0.2729
vn -0.4459 -0.1157 0.8876
vn -0.5573 -0.4795 0.6779
vn 0.6139 0.4472 0.6505
vn -0.1842 -0.0208 0.9827
vn -0.2661 0.4646 -0.8446
vn 0.1564 -0.8351 0.5274
vn -0.2116 0.6434 -0.7357
vn -0.1145 -0.8570 0.5024
vn 0.4342 -0.8059 -0.4025
vn -0.3558 -0.2251 0.9071
vn 0.8580 -0.3475 0.3783
vn 0.3193 0.5487 -0.7726
vn -0.8116 0.5379 -0.2281
vn -0.5712 0.5422 -0.6162
vn -0.5641 0.5448 -0.6205
vn -0.5728 0.5417 -0.6152
vn 0.1836 0.0837 -0.9794
vn -0.6364 -0.7145 0.2905
vn -0.9066 0.3165 -0.2792
vn -0.8499 -0.0101 0.5269
vn -0.1353 -0.1588 -0.9780
vn 0.4475 0.1797 0.8760
vn -0.0524 -0.4243 0.9040
vn 0.2780 -0.9189 0.2797
vn 0.2995 0.2118 0.9303
vn 0.0461 -0.1394 -0.9892
vn -0.9951 -0.0954 0.0269
vn -0.9680 -0.2486 -0.0343
vn -0.3168 0.8904 0.3268
vn 0.1291 -0.1517 0.9800
vn 0.9895 -0.0151 0.1438
vn -0.2962 -0.3368 0.8938
vn 0.0818 -0.0140 -0.9966
vn 0.9587 0.1116 0.2615
vn -0.8357 -0.4322 0.3388
vn -0.7867 -0.4457 0.4271
vn -0.4285 -0.3592 0.8291
vn -0.8176 -0.5288 0.2279
vn -0.7809 0.4339 -0.4495
vn 0.8899 -0.3783 0.2547
vn 0.7214 -0.3097 0.6194
vn -0.2615 0.9370 -0.2315
vn -0.4866 -0.5225 0.7002
vn 0.8149 -0.0574 -0.5767
vn -0.6209 0.0109 0.7838
vn 0.5698 -0.3635 0.7371
vn -0.4470 0.4539 0.7708
vn 0.2378 -0.5844 0.7758
vn 0.0748 -0.0090 0.9972
vn 0.9769 -0.1359 -0.1646
vn 0.8486 -0.1972 -0.4910
vn 0.3467 -0.7069 0.6165
vn -0.7516 0.5222 0.4030
vn -0.7652 0.5354 -0.3575
vn -0.7609 0.5391 -0.3611
vn -0.7670 0.5339 -0.3559
vn -0.5452 -0.2495 0.8003
vn 0.5618 0.8272 0.0069
vn 0.9749 0.0468 0.2178
vn -0.0955 -0.4508 0.8875
vn 0.8640 -0.3557 -0.3564
vn 0.3420 -0.5616 0.7534
vn 0.9575 -0.2845 0.0477
vn 0.5661 0.3535 0.7447
vn 0.7450 -0.3106 -0.5903
vn 0.1689 0.3142 0.9342
vn -0.5122 0.8438 0.1599
vn 0.2877 -0.6130 0.7358
vn 0.4592 -0.7040 0.5417
vn 0.5423 0.5982 -0.5900
vn 0.5439 0.5977 -0.5890
vn 0.5351 0.6000 -0.5947
vn -0.3361 0.5158 -0.7880
vn -0.9985 -0.0480 0.0263
vn -0.9979 -0.0522 0.0375
vn -0.9984 -0.0487 0.0282
vn -0.6967 -0.2250 0.6812
vn 0.8834 0.0861 0.4606
vn 0.4609 -0.2077 -0.8628
vn -0.3915 0.2277 0.8915
vn 0.8298 0.2108 0.5168
vn 0.3870 0.5895 0.7091
vn -0.9795 -0.1380 -0.1467
vn 0.3272 0.7137 -0.6193
vn 0.6065 0.7951 0.0027
vn 0.1769 0.9591 -0.2212
vn 0.8212 0.3067 0.4812
vn -0.2381 -0.3577 -0.9029
vn -0.5793 -0.5281 0.6209
vn -0.6633 -0.4611 0.5894
vn 0.0329 0.5947 -0.8032
vn 0.7867 0.1286 0.6038
vn -0.4241 0.5388 -0.7279
vn -0.2896 0.5723 -0.7672
vn 0.3001 -0.9513 0.0708
vn -0.7946 0.0910 -0.6002
vn 0.3636 0.8981 -0.2474
vn 0.7807 0.5143 0.3550
vn 0.7854 0.5060 0.3564
vn 0.7843 0.5081 0.3561
vn -0.5984 -0.0363 0.8003
vn 0.6795 0.2544 0.6881
vn 0.9008 0.4067 0.1521
vn -0.3345 -0.1174 -0.9350
vn -0.3126 -0.1257 0.9415
vn 0.1884 0.2222 0.9566
vn -0.2333 0.6679 0.7067
vn 0.6142 -0.7890 -0.0137
vn -0.9082 -0.0038 0.4186
vn -0.9901 0.0301 -0.1369
vn -0.6190 0.4104 0.6696
vn 0.0225 -0.1606 0.9868
vn -0.0886 -0.3385 0.9368
vn -0.1798 -0.5221 0.8337
vn -0.5802 0.3898 -0.7151
vn -0.1354 -0.9872 0.0845
vn -0.8020 0.4966 0.3319
vn -0.4702 0.7301 0.4959
vn -0.3832 0.7094 0.5915
vn 0.1673 0.7810 -0.6017
vn 0.8617 0.0696 0.5026
vn -0.2696 -0.7403 0.6159
vn 0.2004 0.9522 0.2303
vn -0.4498 0.8765 0.1716
vn 0.9198 -0.3129 0.2367
vn -0.1546 0.1043 -0.9825
vn -0.4112 -0.7477 0.5214
vn 0.2456 0.3480 0.9048
vn -0.0688 -0.0490 -0.9964
vn -0.5892 -0.1494 0.7941
vn 0.6196 0.3603 0.6974
vn -0.7814 -0.2284 0.5807
vn -0.2898 -0.4388 0.8506
vn -0.9886 -0.1144 0.0974
vn -0.6593 -0.0328 0.7511
vn -0.5392 -0.4397 0.7182
vn -0.1837 0.5709 0.8002
vn -0.0323 0.1849 0.9822
vn -0.0377 0.1846 0.9821
vn -0.5353 -0.0404 0.8437
vn -0.7931 0.3834 0.4733
vn -0.7548 -0.6344 0.1667
vn -0.6913 -0.5855 0.4235
vn -0.5930 -0.4476 -0.6694
vn -0.3187 -0.6544 0.6857
vn -0.8223 -0.4010 -0.4038
vn -0.8253 -0.3986 -0.4000
vn -0.8265 -0.3976 -0.3984
vn 0.8005 0.0898 0.5926
vn 0.6122 0.5300 -0.5868
vn -0.9466 -0.1321 0.2942
vn -0.8984 -0.0156 0.4389
vn 0.2507 0.7445 0.6187
vn 0.5074 0.0458 0.8605
vn 0.4210 -0.7613 0.4931
vn -0.8126 -0.4485 -0.3722
vn -0.0406 0.0602 0.9974
vn -0.7245 -0.1600 -0.6704
vn -0.5951 -0.7921 -0.1358
vn 0.6875 -0.3784 0.6198
vn 0.8979 -0.0761 0.4336
vn -0.4386 -0.3276 0.8369
vn 0.4126 -0.0777 -0.9076
vn 0.4127 -0.0778 -0.9075
vn 0.4118 -0.0767 -0.9081
vn -0.4472 -0.0162 0.8943
vn 0.9353 0.0466 -0.3507
vn 0.5783 -0.3076 -0.7556
vn -0.2232 0.5817 -0.7822
vn -0.3238 0.9124 -0.2503
vn -0.2929 0.8545 -0.4291
vn 0.8147 -0.4683 0.3420
vn 0.0013 -0.1074 0.9942
vn 0.2167 0.9421 -0.2559
vn 0.5752 0.7213 -0.3859
vn 0.9883 -0.1460 0.0439
vn 0.9388 -0.1592 0.3053
vn 0.9401 -0.1610 0.3004
vn 0.9387 -0.1600 0.3053
vn 0.9504 -0.3109 0.0084
vn 0.4078 0.4030 -0.8194
vn 0.7048 -0.7063 0.0658
vn 0.0301 0.7713 -0.6357
vn 0.7391 -0.4780 0.4745
vn 0.4615 -0.4110 0.7862
vn 0.7454 -0.0442 0.6651
vn 0.6202 0.7015 -0.3509
vn -0.6686 0.2150 0.7119
vn 0.0966 -0.6254 0.7743
vn 0.5718 -0.1529 0.8060
vn -0.9550 -0.1278 0.2676
vn -0.9529 -0.1314 0.2732
vn -0.9531 -0.1311 0.2728
vn -0.4464 -0.3207 0.8354
vn -0.0123 0.0616 0.9980
vn -0.3006 0.2541 0.9193
vn 0.1858 0.1858 0.9649
vn 0.3672 0.0019 0.9301
vn 0.5699 0.3278 0.7535
vn -0.3402 -0.6461 0.6833
vn 0.4147 -0.2943 -0.8610
vn 0.4139 -0.2988 -0.8599
vn 0.4148 -0.2942 -0.8611
vn -0.4731 0.6919 -0.5454
vn 0.2658 0.8877 -0.3759
vn -0.6815 -0.1821 0.7088
vn -0.7227 0.1367 -0.6775
vn -0.7930 0.6087 -0.0247
vn -0.9928 -0.0270 0.1164
vn -0.9928 -0.0235 0.1174
vn -0.9928 -0.0277 0.1163
vn -0.6134 0.7191 -0.3265
vn -0.9645 -0.1972 0.1757
vn -0.9347 -0.2379 0.2641
vn 0.6828 -0.1570 0.7135
vn 0.7629 0.3233 0.5599
vn 0.9927 -0.0986 0.0694
vn 0.9934 -0.0943 0.0649
vn 0.9929 -0.0975 0.0682
vn -0.5837 -0.0322 0.8113
vn -0.5835 -0.0324 0.8115
vn -0.5836 -0.0323 0.8114
vn -0.5709 0.2288 0.7885
vn 0.3176 0.7600 -0.5671
vn -0.9947 0.0021 0.1027
vn -0.9861 0.0527 0.1573
vn 0.8603 -0.2338 -0.4531
vn 0.8564 -0.2445 -0.4548
vn 0.8599 -0.2349 -0.4532
vn -0.2484 -0.5547 0.7941
vn -0.8222 0.2174 -0.5260
vn -0.3923 -0.8902 0.2314
vn -0.8064 -0.4396 -0.3956
vn 0.4075 -0.5569 0.7238
vn 0.3392 -0.2354 -0.9108
vn 0.3394 -0.2351 -0.9108
vn 0.3447 -0.2267 -0.9109
vn -0.8572 0.0681 0.5104
vn -0.5087 -0.3622 -0.7810
vn -0.5710 -0.2626 0.7778
vn 0.3108 0.6317 -0.7102
vn 0.9159 0.3027 -0.2638
vn 0.1329 0.9827 -0.1291
vn -0.6104 -0.2605 0.7480
vn 0.6814 0.6469 0.3423
vn 0.4329 -0.2549 0.8646
vn 0.8479 0.4921 0.1973
vn 0.3244 0.5881 -0.7409
vn 0.0336 0.9451 -0.3250
vn -0.8683 0.0129 0.4958
vn 0.6093 0.1312 0.7820
vn 0.3063 -0.9184 0.2503
vn 0.8540 -0.4472 0.2658
vn 0.8113 0.2457 0.5305
vn 0.8113 0.2459 0.5304
vn 0.8108 0.2504 0.5291
vn -0.7072 -0.0004 -0.7070
vn -0.0092 -0.2674 0.9635
vn -0.0085 -0.2673 0.9636
vn 0.7490 0.3063 0.5876
vn 0.7484 0.2974 0.5928
vn 0.7484 0.2982 0.5924
vn 0.1025 -0.9799 -0.1711
vn 0.2935 -0.1540 0.9435
vn -0.3473 -0.3621 0.8651
vn 0.1095 0.4747 -0.8733
vn -0.6085 -0.6887 0.3942
vn 0.9652 -0.2242 0.1346
vn -0.7768 -0.6297 0.0092
vn 0.2295 -0.9689 0.0930
vn -0.0670 0.5010 -0.8629
vn 0.7490 0.3068 0.5873
vn -0.6070 -0.0026 0.7947
vn -0.1174 -0.3515 0.9288
vn 0.0748 -0.0419 0.9963
vn -0.3671 -0.2349 0.9000
vn -0.3315 -0.7058 0.6260
vn 0.4188 0.0223 0.9078
vn 0.6582 -0.5499 0.5142
vn -0.9121 -0.3018 0.2774
vn -0.4177 -0.5103 0.7518
vn 0.7574 0.3518 0.5500
vn -0.1596 0.0613 -0.9853
vn -0.8454 -0.2932 0.4465
vn 0.9061 0.0515 0.4198
vn -0.0273 -0.6462 0.7627
vn 0.5701 -0.4229 0.7044
vn -0.5111 0.1400 0.8481
vn 0.4191 -0.8696 0.2610
vn -0.3810 -0.2125 -0.8998
vn 0.5629 0.2320 -0.7933
vn -0.1517 -0.0569 0.9868
vn 0.6402 -0.2373 0.7306
vn 0.3310 -0.7740 0.5398
vn 0.7707 0.4577 0.4432
vn -0.5786 -0.4914 0.6509
vn -0.5572 -0.0164 0.8302
vn -0.2815 0.4886 0.8258
vn 0.8177 0.3439 -0.4616
vn -0.4939 0.7684 0.4070
vn 0.9533 0.3018 0.0082
vn 0.2758 0.9607 0.0307
vn 0.0969 -0.0567 -0.9937
vn 0.1280 -0.1921 -0.9730
vn -0.1424 0.2899 0.9464
vn 0.6317 -0.3383 -0.6975
vn -0.8738 0.1240 0.4701
vn 0.8108 -0.5530 0.1920
vn -0.0447 0.5424 -0.8390
vn 0.8435 0.2104 0.4942
vn -0.5723 0.7078 -0.4141
vn 0.8701 -0.3718 0.3235
vn 0.5192 0.3429 0.7828
vn 0.7681 0.6122 -0.1877
vn 0.7636 0.6168 -0.1909
vn 0.7634 0.6170 -0.1911
vn -0.7046 0.1910 -0.6834
vn -0.6757 -0.3870 0.6274
vn -0.3043 -0.5955 0.7435
vn -0.6329 -0.7735 0.0344
vn 0.2785 -0.0856 -0.9566
vn 0.7544 -0.6449 0.1230
vn 0.7707 -0.2966 0.5639
vn 0.7720 -0.2896 0.5659
vn 0.7713 -0.2973 0.5627
vn -0.0353 -0.6739 0.7380
vn -0.3176 -0.2650 -0.9104
vn -0.3426 -0.3323 -0.8787
vn -0.3426 -0.3321 -0.8788
vn -0.3414 -0.3365 -0.8776
vn -0.2518 0.9651 -0.0713
vn 0.1892 0.1216 -0.9744
vn -0.8959 -0.3335 -0.2934
vn -0.8976 -0.3303 -0.2920
vn -0.8978 -0.3298 -0.2918
vn -0.8215 -0.4016 -0.4048
vn -0.8053 -0.3285 -0.4936
vn -0.8054 -0.3283 -0.4935
vn -0.8102 -0.3186 -0.4919
vn -0.7290 0.6756 0.1097
vn 0.6420 0.6311 0.4355
vn -0.3668 -0.6614 0.6542
vn -0.3488 -0.4695 0.8111
vn 0.4125 -0.6039 0.6820
vn -0.6345 0.2674 0.7252
vn -0.5820 -0.2763 0.7648
vn -0.8009 0.0162 0.5986
vn -0.9265 0.3752 -0.0287
vn 0.9933 0.0930 -0.0687
vn -0.3750 0.3846 -0.8435
vn -0.0910 0.5866 0.8047
vn -0.7717 -0.3058 0.5576
vn -0.3416 -0.5564 0.7575
vn 0.7287 -0.0787 -0.6803
vn 0.7289 -0.0794 -0.6800
vn 0.7286 -0.0785 -0.6804
vn 0.0717 0.9966 0.0401
vn 0.6923 -0.1270 0.7103
vn 0.2293 0.9136 0.3357
vn 0.2226 0.9142 0.3386
vn 0.2281 0.9137 0.3362
vn -0.1244 -0.2568 0.9584
vn 0.2308 0.6429 -0.7304
vn 0.1040 0.6180 -0.7793
vn -0.0542 0.5896 -0.8059
vn -0.4040 0.0930 0.9100
vn 0.0722 0.9079 -0.4130
vn 0.9738 -0.1543 -0.1668
vn -0.4160 0.9082 0.0448
vn 0.4979 0.5970 -0.6290
vn -0.6070 -0.2883 0.7405
vn -0.9503 -0.1636 0.2650
vn 0.8988 -0.4382 -0.0068
vn -0.7059 -0.6023 0.3727
vn 0.6663 0.7359 0.1205
vn 0.6663 0.7359 0.1203
vn 0.6661 0.7364 0.1188
vn -0.6754 -0.3197 0.6645
vn -0.6936 -0.0873 0.7151
vn -0.0705 -0.1379 0.9879
vn -0.8594 -0.4634 0.2161
vn -0.8115 -0.5230 0.2609
vn 0.5211 0.7378 -0.4291
vn 0.5131 0.7418 -0.4317
vn 0.5186 0.7390 -0.4299
vn 0.4984 0.2884 -0.8176
vn 0.6771 -0.7282 -0.1060
vn 0.6807 -0.6008 0.4192
vn -0.9714 -0.2350 -0.0349
vn 0.1306 -0.4775 0.8689
vn 0.8139 0.2464 0.5261
vn 0.0033 -0.7483 0.6633
vn 0.2639 0.5998 -0.7554
vn -0.6845 0.2948 0.6668
vn 0.4043 -0.9124 -0.0644
vn 0.8357 -0.1208 0.5357
vn 0.7211 -0.3151 0.6170
vn -0.0269 0.1852 0.9823
vn -0.2507 -0.0581 0.9663
vn 0.0284 -0.8886 -0.4578
vn 0.8608 -0.3280 -0.3891
vn 0.2885 -0.3209 0.9021
vn 0.4572 -0.7404 0.4927
vn 0.4264 0.7371 -0.5243
vn -0.6792 0.6985 0.2255
vn 0.6810 -0.3189 0.6592
vn 0.5603 -0.8033 0.2018
vn 0.7916 0.5061 -0.3424
vn -0.6853 0.3820 0.6200
vn -0.8290 0.1024 0.5498
vn -0.8289 0.1015 0.5501
vn -0.8288 0.1010 0.5503
vn -0.9827 -0.1841 -0.0224
vn 0.0648 0.9843 0.1640
vn -0.4607 0.8121 -0.3582
vn 0.4318 0.8940 0.1198
vn -0.7625 0.5658 -0.3139
vn -0.0437 0.9881 0.1477
vn -0.7599 0.4112 -0.5035
vn -0.9585 -0.2270 -0.1726
vn -0.3756 0.5121 -0.7724
vn -0.4789 0.5604 -0.6757
vn 0.8242 -0.2639 0.5010
vn 0.1013 -0.0269 0.9945
vn -0.7861 -0.6025 0.1381
vn 0.4127 0.2240 0.8829
vn -0.9808 -0.1123 0.1595
vn 0.1674 0.1551 0.9736
vn -0.4748 -0.2253 -0.8508
vn -0.4745 -0.2279 -0.8502
vn -0.4745 -0.2285 -0.8501
vn 0.2696 -0.0446 -0.9619
vn 0.4384 0.5573 0.7051
vn -0.9132 0.0715 0.4011
vn 0.6958 -0.5950 -0.4024
vn 0.6934 -0.5971 -0.4033
vn 0.6968 -0.5941 -0.4020
vn -0.9579 0.2808 0.0595
vn 0.9239 -0.3439 -0.1679
vn 0.4455 0.0003 0.8953
vn -0.6953 0.5886 -0.4124
vn 0.1327 0.5224 0.8423
vn 0.9126 0.2791 0.2987
vn 0.5848 -0.6293 0.5118
vn 0.3138 0.1887 0.9306
vn -0.0791 0.2096 0.9746
vn -0.0778 0.2143 0.9737
vn -0.0827 0.2170 0.9727
vn -0.2187 -0.7836 0.5816
vn -0.2475 -0.7135 0.6555
vn 0.2712 -0.6191 0.7370
vn 0.9786 -0.0139 0.2054
vn 0.9666 -0.0615 0.2486
vn -0.9929 -0.1141 0.0344
vn 0.5428 0.4688 0.6969
vn 0.6621 -0.0571 -0.7473
vn -0.7443 -0.4077 0.5290
vn -0.8409 -0.4445 -0.3087
vn 0.5591 0.8127 0.1641
vn -0.1578 0.3788 0.9119
vn -0.7586 0.4882 -0.4315
vn -0.3162 -0.3381 0.8864
vn 0.2503 0.0956 0.9634
vn -0.9562 -0.2770 0.0944
vn -0.8615 -0.3421 0.3751
vn -0.5714 -0.4308 0.6986
vn -0.0329 -0.1514 0.9879
vn 0.9274 0.1391 0.3472
vn -0.8716 0.1785 0.4566
vn -0.4330 -0.2275 0.8722
vn 0.0871 0.0448 0.9952
vn 0.9479 0.3094 0.0759
vn 0.9886 -0.1504 0.0116
vn 0.3343 0.2653 0.9044
vn 0.5575 -0.2059 0.8043
vn -0.0625 -0.2016 -0.9775
vn 0.7223 0.2538 0.6433
vn 0.7228 0.2537 0.6428
vn 0.7225 0.2537 0.6431
vn 0.9673 -0.2103 -0.1419
vn 0.0537 -0.9984 0.0190
vn 0.0496 -0.9986 0.0186
vn 0.7951 0.1787 0.5796
vn 0.2777 -0.9601 -0.0345
vn 0.0985 -0.4411 0.8920
vn 0.5052 0.3174 0.8025
vn 0.9834 -0.1295 -0.1270
vn -0.2572 0.9663 0.0086
vn 0.2232 0.8819 0.4152
vn 0.4656 0.4396 -0.7681
vn -0.9307 0.1028 0.3511
vn -0.6448 0.7522 0.1358
vn -0.9775 0.1738 -0.1191
vn 0.7720 -0.1532 0.6169
vn 0.7877 -0.0676 0.6124
vn 0.9880 -0.0074 -0.1541
vn 0.9881 -0.0041 -0.1537
vn 0.9881 -0.0055 -0.1539
vn 0.5322 0.8108 -0.2438
vn -0.4847 -0.0464 0.8734
vn 0.7585 0.2768 0.5899
vn 0.3970 0.2633 -0.8792
vn -0.1128 0.9378 -0.3284
vn 0.4044 0.0426 0.9136
vn -0.3930 0.2242 0.8918
vn -0.6553 0.0677 0.7523
vn 0.9693 0.1138 0.2182
vn 0.8065 -0.3660 0.4643
vn 0.9804 -0.0113 -0.1968
vn -0.8997 -0.1282 -0.4173
vn 0.7195 0.6557 -0.2290
vn 0.7159 0.6400 -0.2792
vn 0.9146 0.0553 0.4006
vn 0.7074 -0.0277 -0.7063
vn 0.0692 -0.9930 -0.0960
vn 0.4131 -0.1867 0.8914
vn -0.8652 -0.2246 0.4484
vn -0.9849 0.0157 0.1723
vn 0.9283 0.2767 -0.2482
vn -0.1194 0.1982 -0.9729
vn -0.9156 0.2442 0.3194
vn -0.3435 -0.9067 0.2447
vn -0.4701 -0.0923 -0.8778
vn -0.4687 -0.0904 -0.8787
vn -0.4691 -0.0909 -0.8785
vn -0.4716 -0.0943 -0.8768
vn -0.0099 -0.2674 0.9635
vn 0.4329 -0.2001 0.8790
vn 0.1180 -0.6572 -0.7444
vn 0.1211 -0.6569 -0.7442
vn 0.1227 -0.6567 -0.7441
vn 0.4337 0.0205 0.9008
vn -0.9152 -0.4015 -0.0345
vn 0.7028 0.2544 -0.6644
vn -0.0204 -0.4496 0.8930
vn 0.0633 0.8146 -0.5765
vn 0.9187 -0.3429 -0.1959
vn 0.7514 -0.6593 -0.0263
vn 0.8673 0.3113 -0.3885
vn -0.8098 -0.0057 -0.5866
vn -0.8099 -0.0057 -0.5866
vn -0.8099 -0.0057 -0.5865
vn -0.7772 -0.1373 -0.6141
vn 0.7363 0.2100 -0.6432
vn 0.9584 -0.2052 -0.1984
vn 0.2792 -0.0960 0.9554
vn 0.4833 0.1777 0.8572
vn 0.5464 -0.8303 0.1102
vn -0.9432 -0.3200 0.0898
vn -0.2067 -0.9766 0.0589
vn -0.0400 0.0396 0.9984
vn -0.2829 0.7844 0.5520
vn 0.9872 -0.0860 0.1344
vn 0.9372 -0.2866 -0.1986
vn 0.5166 0.0375 0.8554
vn -0.6834 -0.1012 0.7230
vn 0.7935 0.1449 -0.5911
vn 0.8558 -0.1818 0.4843
vn -0.8930 0.3997 -0.2070
vn 0.3709 -0.6706 0.6425
vn -0.0251 0.0320 0.9992
vn -0.0298 0.0318 0.9991
vn -0.4833 0.8630 -0.1475
vn -0.6916 0.2776 -0.6668
vn -0.0509 -0.7951 0.6043
vn 0.9737 -0.1157 -0.1963
vn 0.9695 0.2180 0.1119
vn -0.8014 0.2204 0.5560
vn -0.8025 0.2284 0.5512
vn -0.8026 0.2289 0.5509
vn 0.1929 -0.2617 -0.9457
vn -0.2405 -0.6644 0.7077
vn -0.3185 0.7693 -0.5539
vn 0.0434 -0.2669 -0.9627
vn 0.1840 0.4654 -0.8657
vn 0.1883 0.4636 -0.8658
vn 0.1837 0.4656 -0.8657
vn -0.4713 0.3285 0.8185
vn -0.4399 -0.7477 0.4974
vn -0.8197 0.2078 0.5338
vn -0.7559 -0.6476 0.0960
vn -0.0474 0.4254 -0.9037
vn -0.1983 0.3674 -0.9087
vn -0.1985 0.3679 -0.9084
vn -0.1986 0.3682 -0.9083
vn -0.6400 0.4795 -0.6005
vn -0.2762 0.9602 0.0405
vn 0.0071 -0.9981 -0.0617
vn 0.4364 0.8324 0.3415
vn 0.6349 -0.6751 -0.3757
vn 0.4881 -0.1885 0.8522
vn 0.9580 -0.0970 0.2699
vn -0.4460 0.0583 -0.8931
vn 0.0646 -0.0624 -0.9960
vn 0.9238 -0.2096 0.3204
vn 0.6375 -0.0458 0.7691
vn 0.8262 0.0796 0.5577
vn -0.8445 0.2416 -0.4779
vn -0.9397 -0.0821 -0.3321
vn 0.4964 0.4375 -0.7498
vn 0.6072 0.5273 0.5944
vn 0.7090 -0.3241 -0.6263
vn -0.1789 0.0553 0.9823
vn -0.6985 -0.6672 0.2587
vn 0.5103 -0.8388 0.1898
vn -0.9676 -0.0700 -0.2427
vn -0.9902 -0.1386 -0.0144
vn 0.9844 -0.1229 0.1259
vn -0.4646 -0.8821 -0.0778
vn 0.4243 0.2611 -0.8671
vn -0.4743 0.8702 0.1334
vn -0.6301 -0.4258 0.6493
vn -0.6309 -0.4256 0.6487
vn -0.6298 -0.4256 0.6497
vn 0.9000 0.4095 0.1495
vn 0.8256 0.5622 0.0489
vn 0.9889 -0.0172 0.1477
vn -0.8167 0.2440 0.5229
vn 0.8982 0.1238 -0.4217
vn 0.5870 -0.6100 0.5322
vn -0.5025 -0.7469 -0.4354
vn -0.8615 -0.2148 0.4600
vn -0.8425 -0.2235 0.4901
vn 0.3778 -0.4214 0.8245
vn 0.9087 0.4070 -0.0923
vn -0.9263 0.2863 0.2450
vn 0.7179 0.3028 0.6268
vn 0.6759 0.5938 0.4364
vn 0.5618 0.2317 -0.7942
vn -0.9755 -0.1309 0.1767
vn 0.5753 0.1890 0.7958
vn -0.9227 -0.2996 -0.2426
vn -0.1382 0.1513 0.9788
vn -0.4856 0.2523 0.8370
vn -0.3034 0.0678 0.9504
vn -0.9736 0.1553 0.1676
vn -0.9898 -0.0504 0.1334
vn 0.0956 -0.9936 -0.0598
vn -0.1314 -0.2739 0.9527
vn -0.1236 -0.9859 0.1126
vn 0.9370 0.3493 -0.0083
vn -0.0395 0.7005 0.7126
vn 0.2137 -0.9160 0.3396
vn 0.2531 0.6527 -0.7141
vn -0.7732 0.2279 0.5918
vn -0.7608 0.3208 0.5642
vn 0.0139 0.8870 -0.4616
vn 0.4698 0.2068 -0.8582
vn 0.9146 0.4008 0.0531
vn -0.6105 -0.3779 0.6960
vn -0.8855 0.4082 -0.2219
vn -0.2780 -0.2570 -0.9256
vn -0.1918 0.8754 -0.4438
vn -0.7358 -0.6757 0.0451
vn -0.6672 -0.0967 -0.7386
vn 0.8328 -0.5256 0.1738
vn -0.1763 -0.7296 0.6607
vn -0.1886 -0.8173 0.5445
vn 0.6779 -0.3952 0.6198
vn 0.8706 0.3338 0.3614
vn 0.7879 0.1827 0.5880
vn 0.7881 0.1851 0.5871
vn 0.7880 0.1836 0.5877
vn 0.2643 -0.8924 0.3657
vn -0.9152 -0.3619 0.1775
vn -0.5279 0.1794 0.8302
vn -0.6705 0.6124 -0.4188
vn 0.3569 0.6337 -0.6863
vn 0.2574 0.4909 -0.8323
vn -0.1137 0.0152 0.9934
vn 0.8013 -0.2355 0.5499
vn -0.9417 -0.2479 -0.2276
vn -0.6492 0.4942 -0.5783
vn -0.2484 0.1640 0.9547
vn 0.7965 -0.2318 -0.5585
vn -0.7897 0.1944 0.5818
vn -0.9525 0.0439 0.3012
vn 0.9360 -0.1502 -0.3183
vn 0.7173 0.6079 -0.3405
vn 0.7147 0.6102 -0.3417
vn 0.7204 0.6063 -0.3369
vn -0.1904 -0.9152 0.3552
vn -0.9519 -0.2602 0.1619
vn -0.6731 -0.7381 -0.0463
vn 0.4138 -0.2992 -0.8598
vn -0.9168 0.1456 0.3717
vn -0.9040 -0.2897 -0.3145
vn 0.0067 -0.1672 -0.9859
vn -0.0306 0.3417 0.9393
vn -0.0291 0.3403 0.9399
vn -0.0302 0.3413 0.9395
vn 0.6818 0.4329 -0.5896
vn -0.7595 0.5403 -0.3624
vn -0.5629 0.5452 -0.6212
vn 0.9919 0.0712 -0.1050
vn 0.9173 -0.1032 -0.3846
vn 0.7741 -0.2931 0.5611
vn -0.6826 0.1027 -0.7235
vn -0.4254 -0.9031 -0.0593
vn 0.5175 -0.0427 -0.8546
vn 0.5164 -0.0414 -0.8553
vn 0.5160 -0.0409 -0.8556
vn 0.5191 -0.0446 -0.8535
vn -0.2228 -0.8298 -0.5116
vn 0.9387 -0.1627 0.3039
vn 0.9410 -0.1586 0.2988
vn -0.0073 0.4519 -0.8920
vn 0.5663 0.0563 0.8223
vn 0.3271 -0.5638 0.7584
vn -0.1875 0.3269 0.9263
vn -0.0838 -0.2584 -0.9624
vn 0.4930 0.3736 0.7857
vn 0.3130 0.1412 -0.9392
vn -0.0359 -0.9751 0.2190
vn -0.4276 -0.8629 0.2692
vn -0.2849 -0.9560 0.0701
vn -0.2612 -0.7369 0.6236
vn -0.8047 -0.1476 0.5750
vn 0.0001 0.2722 -0.9622
vn -0.3697 -0.4055 0.8360
vn 0.9100 -0.1726 0.3769
vn -0.7570 -0.5916 0.2773
vn 0.1084 -0.3401 0.9341
vn -0.9763 0.0144 0.2161
vn 0.0144 -0.1410 -0.9899
vn 0.5269 -0.4978 -0.6889
vn 0.5751 -0.3974 0.7151
vn 0.6962 0.0018 0.7178
vn 0.3557 -0.4342 0.8276
vn 0.6511 -0.1647 0.7409
vn 0.0688 0.7985 0.5981
vn -0.6930 0.5909 0.4131
vn -0.6914 0.5926 0.4133
vn 0.6989 0.6490 0.3005
vn 0.7808 0.1652 0.6026
vn 0.1573 0.8780 0.4521
vn -0.8547 0.4570 -0.2463
vn -0.3355 0.8575 -0.3900
vn -0.8128 -0.0325 -0.5816
vn -0.8167 -0.5755 -0.0413
vn -0.8450 -0.4812 0.2334
vn -0.0496 0.6240 0.7799
vn -0.0528 0.6238 0.7798
vn 0.9422 -0.0875 -0.3234
vn 0.0127 0.9941 -0.1077
vn 0.7146 0.0930 -0.6933
vn -0.4952 0.0164 0.8686
vn -0.0258 -0.5817 0.8130
vn 0.9843 0.1735 0.0314
vn -0.9470 -0.2122 -0.2414
vn -0.7024 -0.7102 -0.0470
vn -0.6462 0.2613 0.7170
vn 0.9190 -0.0396 0.3922
vn 0.5144 -0.8566 -0.0393
vn -0.3296 0.8541 0.4023
vn -0.5130 -0.8070 0.2925
vn -0.8923 0.3642 0.2668
vn -0.1248 0.2914 0.9484
vn 0.8385 0.0986 0.5359
vn 0.8315 0.2937 0.4716
vn 0.5945 -0.6918 -0.4098
vn -0.1704 0.0988 -0.9804
vn 0.0319 0.2280 0.9731
vn 0.1987 -0.0051 0.9800
vn 0.7981 -0.5157 0.3116
vn -0.0406 0.3751 0.9261
vn -0.0426 0.3750 0.9260
vn 0.9893 -0.1392 -0.0444
vn -0.9045 -0.2347 0.3561
vn 0.3373 0.7265 0.5987
vn -0.7240 0.5792 -0.3746
vn -0.6060 0.7903 0.0911
vn 0.9495 -0.0321 0.3122
vn 0.9497 -0.0317 0.3116
vn 0.9476 -0.0357 0.3175
vn 0.1199 -0.0395 -0.9920
vn -0.2837 -0.8180 0.5004
vn 0.2585 -0.4195 -0.8702
vn 0.7489 -0.5946 0.2927
vn 0.4008 0.9073 -0.1268
vn 0.4008 0.9073 -0.1270
vn 0.4012 0.9063 -0.1333
vn 0.9263 -0.2883 0.2426
vn -0.6969 0.0509 0.7154
vn -0.1734 0.8374 0.5184
vn -0.9003 -0.2424 -0.3614
vn 0.0548 -0.9887 0.1393
vn 0.0748 0.3278 0.9418
vn -0.9873 0.0249 -0.1566
vn 0.0326 -0.6684 0.7431
vn -0.9618 -0.1605 0.2219
vn -0.7488 -0.3259 0.5771
vn -0.8696 -0.4328 -0.2378
vn -0.5331 -0.8452 -0.0390
vn 0.9825 0.0487 0.1797
vn 0.3781 0.9130 0.1534
vn 0.7712 -0.0035 0.6365
vn -0.0523 0.7438 -0.6664
vn -0.0457 0.7442 -0.6663
vn -0.0456 0.7443 -0.6663
vn 0.0655 -0.7218 0.6890
vn 0.6091 0.1226 0.7835
vn -0.5870 0.2874 0.7569
vn -0.9660 -0.1346 0.2208
vn -0.7737 0.5751 0.2660
vn -0.0167 -0.6639 -0.7476
vn -0.0214 -0.6640 -0.7475
vn -0.0197 -0.6640 -0.7475
vn 0.2522 0.2326 0.9393
vn 0.3884 0.6160 -0.6854
vn 0.6390 -0.3660 0.6766
vn 0.6387 -0.3656 0.6770
vn 0.6348 -0.3688 0.6790
vn 0.9810 0.0558 0.1860
vn -0.8140 0.0280 0.5802
vn -0.2347 -0.9611 0.1457
vn -0.1431 -0.5672 0.8111
vn 0.2891 0.0204 0.9571
vn -0.7414 -0.3937 0.5434
vn 0.5839 -0.7198 0.3754
vn -0.8103 -0.0477 0.5841
vn 0.0149 0.2219 0.9750
vn 0.0120 0.2142 0.9767
vn 0.0150 0.2231 0.9747
vn -0.6569 -0.1101 0.7459
vn 0.9229 0.2312 -0.3079
vn -0.9672 -0.2374 -0.0903
vn -0.0385 0.3752 0.9261
vn -0.8057 -0.5646 0.1792
vn 0.2032 0.3866 -0.8996
vn 0.6688 -0.1831 0.7206
vn 0.0946 -0.1009 -0.9904
vn -0.5639 0.6878 -0.4571
vn -0.5693 0.6844 -0.4555
vn -0.5615 0.6893 -0.4578
vn -0.1511 0.3164 0.9365
vn 0.7034 0.7049 0.0911
vn 0.0862 0.0792 -0.9931
vn 0.9475 -0.0359 0.3178
vn 0.0042 -0.9848 -0.1734
vn 0.8415 -0.1877 -0.5066
vn 0.7694 -0.6386 -0.0154
vn -0.4768 0.5461 0.6888
vn 0.6660 0.7365 0.1185
vn 0.0721 0.1730 -0.9823
vn 0.5173 0.7625 -0.3886
vn 0.6278 -0.6843 0.3709
vn -0.6805 0.5757 -0.4532
vn -0.6818 -0.3823 -0.6238
vn -0.3413 -0.3369 -0.8775
vn 0.5783 -0.3730 0.7255
vn -0.2558 0.2550 -0.9325
vn -0.2754 0.1366 -0.9516
vn -0.8324 -0.1391 0.5364
vn 0.1342 -0.7424 0.6563
vn 0.0506 0.3002 0.9525
vn 0.2412 0.4734 -0.8472
vn 0.2403 0.4714 -0.8485
vn 0.2414 0.4737 -0.8469
vn 0.1209 0.6538 0.7469
vn 0.3216 0.0542 0.9453
vn 0.6373 -0.3826 0.6690
vn 0.1410 0.6165 -0.7746
vn -0.6909 -0.7174 0.0890
vn 0.4036 0.7199 0.5646
vn 0.9120 -0.3003 0.2796
vn -0.1545 0.1739 0.9726
vn 0.6799 -0.7049 0.2023
vn 0.3827 0.5031 -0.7749
vn -0.9440 -0.3187 -0.0860
vn 0.2508 -0.1027 -0.9626
vn -0.7899 -0.2842 0.5434
vn -0.4342 -0.5454 0.7170
vn 0.9966 -0.0142 0.0811
vn -0.8358 -0.0869 -0.5421
vn -0.8933 0.4481 0.0354
vn 0.1065 -0.5257 0.8440
vn -0.0775 -0.7965 0.5997
vn -0.3677 0.6789 -0.6356
vn -0.7412 0.6658 0.0856
vn -0.7412 0.6658 0.0855
vn -0.7415 0.6653 0.0872
vn -0.8635 0.2317 -0.4479
vn -0.7415 0.6652 0.0874
vn 0.0092 -0.9001 0.4356
vn 0.9577 0.0132 -0.2876
vn -0.6276 -0.4281 0.6502
vn -0.6270 -0.4287 0.6505
vn -0.8854 0.0343 -0.4636
vn -0.6925 -0.3633 0.6232
vn -0.5473 -0.6670 0.5056
vn -0.0777 0.2144 0.9736
vn 0.9436 -0.1450 0.2977
vn -0.5901 -0.7998 0.1099
vn 0.0421 -0.4043 0.9137
vn 0.1320 0.6863 0.7153
vn 0.6950 -0.3313 0.6381
vn 0.9599 -0.1298 0.2486
vn -0.8130 -0.4375 0.3843
vn -0.9205 0.1257 0.3699
vn -0.2043 0.9720 0.1162
vn -0.2048 0.9719 0.1161
vn -0.2060 0.9717 0.1160
vn -0.2129 0.9703 0.1150
vn -0.3697 -0.5568 -0.7439
vn 0.9095 -0.1155 -0.3994
vn 0.3148 -0.3300 -0.8900
vn 0.7229 -0.3928 0.5685
vn -0.1931 0.4161 0.8886
vn 0.0552 0.0810 0.9952
vn -0.5939 0.1008 0.7982
vn -0.6583 -0.1907 0.7282
vn -0.4972 -0.2353 0.8352
vn 0.3598 -0.5212 0.7739
vn 0.3494 -0.0923 -0.9324
vn 0.0036 0.4525 -0.8918
vn 0.9201 0.2849 0.2688
vn -0.0994 0.9771 0.1881
vn 0.3421 -0.9388 0.0408
vn -0.9971 0.0740 -0.0151
vn -0.9994 0.0266 -0.0232
vn -0.0121 0.9496 0.3132
vn -0.0112 0.9501 0.3118
vn -0.0119 0.9497 0.3130
vn 0.1855 0.8755 0.4462
vn 0.4798 -0.4985 0.7220
vn -0.2606 -0.9454 0.1958
vn 0.6689 0.5068 0.5438
vn 0.8642 0.2749 0.4215
vn -0.5331 0.7837 0.3188
vn -0.5333 0.7837 0.3184
vn -0.5334 0.7838 0.3182
vn 0.6042 0.7942 -0.0649
vn -0.8835 0.2930 0.3654
vn -0.8837 0.2904 0.3671
vn -0.8835 0.2938 0.3648
vn 0.7318 0.5736 0.3679
vn 0.8092 -0.5819 0.0809
vn 0.8092 -0.5821 0.0796
vn 0.8092 -0.5814 0.0843
vn -0.0634 0.6320 0.7724
vn 0.1003 0.9873 0.1234
vn 0.1020 0.9871 0.1232
vn 0.1007 0.9872 0.1233
vn 0.7526 -0.1083 0.6495
vn -0.9048 -0.2637 0.3343
vn 0.0805 -0.8476 0.5245
vn -0.0116 -0.9909 0.1344
vn -0.2419 -0.6450 0.7248
vn -0.0471 0.0725 -0.9963
vn 0.8941 -0.3891 0.2215
vn -0.9347 -0.0913 0.3435
vn 0.2686 -0.7591 0.5930
vn 0.8856 0.2880 0.3645
vn 0.0996 0.0230 0.9948
vn -0.8096 -0.0058 -0.5869
vn -0.8117 0.0617 -0.5808
vn 0.7924 0.2886 -0.5374
vn 0.5103 0.8427 -0.1715
vn 0.8756 -0.3163 -0.3649
vn 0.8763 -0.3157 -0.3639
vn 0.8789 -0.3130 -0.3600
vn 0.2863 -0.3075 0.9074
vn 0.7207 -0.1107 0.6844
vn 0.3693 0.9240 0.0989
vn -0.2234 -0.9727 -0.0628
vn 0.5586 -0.0120 0.8294
vn 0.8616 0.3198 -0.3942
vn -0.6770 0.7298 -0.0949
vn -0.1729 0.9843 0.0344
vn 0.0827 -0.5181 0.8513
vn -0.8584 -0.4495 0.2473
vn 0.3731 -0.9234 0.0901
vn -0.2274 0.1353 0.9644
vn 0.8164 0.1455 0.5588
vn 0.8163 0.1454 0.5590
vn 0.0524 0.5159 -0.8551
vn 0.9861 -0.0797 0.1461
vn -0.9893 -0.0431 0.1397
vn -0.9249 0.2425 0.2929
vn -0.1300 0.4599 -0.8784
vn 0.9191 0.3819 -0.0973
vn -0.3832 -0.5958 0.7058
vn -0.3059 0.2090 0.9289
vn 0.6955 -0.2937 0.6558
vn -0.9376 0.0459 -0.3447
vn 0.9997 -0.0202 -0.0137
vn 0.9993 -0.0363 0.0015
vn 0.5162 -0.0078 0.8564
vn -0.7938 0.1972 -0.5753
vn 0.0658 -0.9837 0.1676
vn 0.0603 -0.8976 0.4367
vn -0.4491 0.2060 -0.8694
vn 0.0085 -0.9933 0.1156
vn -0.8550 -0.2659 0.4452
vn -0.6566 0.4939 0.5701
vn 0.3287 -0.8021 -0.4986
vn 0.4580 -0.5152 -0.7244
vn 0.9522 -0.3019 0.0472
vn 0.9808 -0.0259 0.1931
vn 0.8770 -0.0881 0.4723
vn -0.6874 -0.4007 0.6057
vn -0.8077 -0.1111 0.5790
vn -0.9169 0.1051 -0.3850
vn 0.9696 -0.1253 0.2103
vn -0.4398 0.8578 -0.2662
vn -0.9345 -0.2964 -0.1972
vn -0.6328 0.2933 0.7166
vn -0.1433 0.8971 -0.4180
vn -0.6147 -0.0146 -0.7886
vn 0.5428 0.1579 0.8249
vn -0.5489 -0.1303 -0.8256
vn -0.4749 -0.2246 -0.8509
vn -0.3179 0.2040 0.9259
vn 0.3992 0.2318 0.8871
vn -0.6801 -0.2508 0.6889
vn 0.9853 -0.0153 -0.1702
vn -0.7808 0.3149 -0.5396
vn -0.7938 -0.2698 -0.5450
vn 0.2305 0.2808 0.9317
vn -0.3088 0.7716 -0.5561
vn 0.1046 -0.9850 0.1371
vn 0.9479 0.2820 0.1480
vn 0.9303 0.1515 -0.3340
vn 0.8278 0.1440 -0.5423
vn -0.5252 0.5457 -0.6530
vn -0.9880 -0.1164 0.1014
vn -0.6307 0.3268 -0.7039
vn -0.6543 0.0592 0.7539
vn 0.9788 0.1820 -0.0940
vn -0.9728 -0.2279 -0.0407
vn -0.8468 0.3850 -0.3671
vn -0.9716 0.0684 0.2265
vn -0.4367 0.8132 -0.3846
vn 0.5872 -0.8083 -0.0432
vn -0.1065 0.2050 -0.9730
vn -0.5745 -0.4625 0.6753
vn -0.9555 0.1244 -0.2674
vn -0.5006 -0.8646 0.0441
vn -0.6871 -0.2148 0.6941
vn -0.6848 -0.2184 0.6953
vn -0.6863 -0.2159 0.6945
vn 0.0946 -0.4167 0.9041
vn -0.7129 0.1809 0.6776
vn -0.9039 -0.4275 0.0154
vn -0.8538 -0.2531 0.4549
vn 0.8462 -0.3431 0.4077
vn 0.2102 0.3973 -0.8933
vn -0.1001 0.2214 0.9700
vn 0.5936 0.7073 -0.3840
vn -0.3069 -0.5767 0.7572
vn -0.6681 -0.6797 0.3027
vn 0.0764 0.1621 0.9838
vn -0.3652 0.7257 -0.5831
vn -0.4544 -0.4570 0.7646
vn 0.8845 0.3598 0.2970
vn -0.8383 0.2100 0.5031
vn 0.0587 -0.2721 -0.9605
vn -0.9424 0.3170 0.1063
vn -0.7417 -0.4480 0.4992
vn 0.4135 -0.0787 -0.9071
vn -0.8845 0.4328 -0.1744
vn -0.4603 0.3532 -0.8145
vn -0.6653 -0.2308 0.7100
vn 0.3379 0.1196 -0.9335
vn -0.3945 0.4640 -0.7931
vn -0.8179 -0.3410 0.4635
vn 0.1101 0.2512 -0.9616
vn 0.4149 -0.0091 0.9098
vn 0.9444 0.3194 -0.0788
vn -0.1784 -0.9829 -0.0451
vn -0.5103 0.5508 -0.6605
vn -0.9918 -0.0664 -0.1090
vn -0.9933 -0.0068 -0.1153
vn -0.3189 -0.5948 0.7379
vn 0.1065 0.4414 -0.8910
vn -0.1211 -0.2773 -0.9531
vn -0.9608 -0.1366 -0.2412
vn 0.7881 -0.2050 0.5804
vn -0.9562 0.1782 -0.2324
vn -0.9436 -0.2445 0.2231
vn -0.7971 -0.5959 0.0972
vn -0.9897 -0.1361 -0.0452
vn -0.6650 -0.1112 0.7386
vn -0.8409 -0.1941 0.5052
vn -0.7739 0.6308 0.0564
vn 0.8182 0.4580 -0.3475
vn -0.1648 0.6016 -0.7816
vn -0.8979 -0.3297 -0.2917
vn 0.3880 -0.0811 -0.9181
vn -0.5678 -0.3154 0.7603
vn 0.8381 0.0727 -0.5406
vn -0.0083 -0.5691 0.8223
vn -0.9330 -0.2470 0.2618
vn -0.9328 -0.2477 0.2618
vn -0.9321 -0.2504 0.2619
vn -0.9319 -0.2510 0.2619
vn -0.1512 -0.8634 -0.4814
vn 0.3682 -0.8144 -0.4486
vn -0.5094 -0.0660 0.8580
vn -0.8583 0.1627 0.4867
vn -0.4417 -0.5464 -0.7116
vn 0.0408 -0.7464 0.6642
vn -0.6871 0.0226 -0.7262
vn -0.5037 -0.8613 -0.0665
vn 0.5575 -0.2708 0.7847
vn -0.8633 -0.1197 -0.4903
vn -0.9519 0.0448 0.3031
vn 0.5604 -0.2588 0.7868
vn -0.1530 -0.1824 -0.9712
vn -0.9781 0.2048 -0.0372
vn -0.5938 0.6855 -0.4213
vn 0.8329 0.0767 -0.5481
vn 0.8329 0.0768 -0.5480
vn 0.8327 0.0766 -0.5484
vn -0.7024 0.0391 -0.7107
vn 0.8415 -0.4999 -0.2048
vn 0.4495 -0.7601 -0.4693
vn -0.9698 -0.2438 -0.0018
vn -0.0840 0.3803 0.9211
vn 0.0123 0.2155 0.9764
vn 0.0103 0.2188 0.9757
vn 0.1922 0.5124 0.8369
vn 0.5025 -0.4741 0.7230
vn -0.7892 -0.4259 0.4425
vn -0.9398 0.3415 0.0086
vn -0.3694 0.9106 0.1856
vn 0.9395 -0.3376 0.0572
vn -0.6516 0.0025 0.7585
vn 0.1918 -0.8229 0.5349
vn 0.5463 -0.3852 0.7437
vn -0.1942 -0.1239 -0.9731
vn -0.1365 -0.9336 0.3313
vn 0.3707 -0.6112 0.6993
vn -0.1655 -0.2362 -0.9575
vn -0.5277 0.7894 0.3135
vn 0.0821 -0.8859 -0.4565
vn 0.9309 0.2091 -0.2996
vn 0.3264 0.2603 0.9087
vn 0.2362 0.1713 -0.9565
vn 0.6724 -0.2529 0.6956
vn -0.7335 -0.0128 0.6796
vn -0.8045 -0.4116 -0.4282
vn 0.3843 -0.2303 -0.8940
vn -0.0896 0.2412 -0.9663
vn -0.2944 -0.1247 -0.9475
vn -0.6566 -0.3490 0.6686
vn -0.0964 -0.8478 0.5215
vn -0.4072 0.2193 -0.8866
vn -0.9691 -0.0829 -0.2324
vn -0.6692 0.0004 0.7431
vn -0.1706 0.9725 0.1584
vn 0.5825 0.3230 0.7459
vn -0.7161 -0.1649 0.6782
vn -0.2820 0.1129 -0.9527
vn -0.9028 0.0428 -0.4279
vn 0.6121 -0.3166 0.7247
vn 0.9777 -0.1829 0.1033
vn 0.3617 -0.0241 -0.9320
vn -0.6428 0.6452 -0.4129
vn -0.4826 -0.3400 -0.8071
vn -0.8556 0.1672 0.4898
vn -0.8558 0.1622 0.4913
vn -0.8557 0.1667 0.4900
vn -0.8558 0.1620 0.4913
vn 0.8816 0.4710 -0.0304
vn 0.6290 -0.3507 0.6938
vn -0.8078 -0.4559 0.3736
vn 0.6439 -0.6419 0.4164
vn 0.8316 -0.1101 0.5444
vn -0.5466 0.1022 0.8311
vn 0.6399 0.6420 -0.4223
vn 0.2864 -0.5675 0.7720
vn 0.6171 0.7144 0.3298
vn 0.8087 0.1715 -0.5626
vn 0.7755 -0.2931 0.5592
vn 0.6417 0.5150 -0.5683
vn -0.7272 -0.6547 -0.2063
vn -0.8035 -0.0282 0.5946
vn -0.9333 -0.0375 0.3572
vn 0.9737 -0.1801 0.1397
vn -0.7544 0.4408 0.4864
vn -0.3704 0.0369 -0.9281
vn -0.3135 -0.0580 -0.9478
vn 0.9632 -0.0377 0.2661
vn -0.9233 0.1213 0.3644
vn 0.0292 0.2763 -0.9606
vn -0.3078 0.6135 0.7272
vn -0.0364 0.6334 0.7730
vn -0.0111 0.9502 0.3115
vn -0.6830 -0.6465 -0.3399
vn -0.6932 0.5906 0.4130
vn 0.8708 -0.1934 0.4521
vn -0.4871 -0.8547 0.1797
vn 0.8936 0.4482 -0.0265
vn 0.8201 0.2998 -0.4875
vn 0.6175 0.7710 -0.1558
vn 0.4018 0.3559 0.8437
vn -0.5344 0.1127 -0.8377
vn -0.9526 -0.2258 0.2037
vn 0.3205 0.9452 0.0620
vn 0.1641 -0.0955 0.9818
vn -0.7410 0.4360 0.5107
vn 0.1832 0.4658 -0.8657
vn 0.9188 0.1973 -0.3419
vn 0.5134 0.8004 -0.3096
vn -0.6171 -0.7674 0.1739
vn 0.8378 0.4511 0.3075
vn -0.7692 0.4510 -0.4527
vn -0.8650 0.1235 0.4863
vn -0.8942 0.2578 -0.3660
vn -0.8191 0.4292 -0.3807
vn 0.9007 -0.1032 0.4220
vn 0.4542 0.1885 0.8707
vn 0.5470 0.0728 0.8339
vn 0.8972 -0.4321 0.0909
vn 0.6966 -0.0939 0.7113
vn -0.3486 -0.8002 -0.4881
vn -0.6258 0.6610 -0.4141
vn -0.9676 -0.0038 0.2524
vn -0.6361 -0.6668 0.3883
vn -0.5243 0.8460 0.0974
vn -0.9550 -0.1930 0.2250
vn 0.2530 -0.3700 -0.8939
vn -0.3970 -0.2507 -0.8829
vn -0.3656 -0.7999 0.4759
vn 0.2067 -0.9428 0.2614
vn 0.8559 0.4295 -0.2881
vn 0.7217 0.6052 -0.3361
vn 0.4147 -0.1834 0.8913
vn 0.4172 -0.1875 0.8893
vn 0.4167 -0.1867 0.8897
vn 0.8383 0.0504 -0.5429
vn -0.0517 0.0636 -0.9966
vn -0.8637 0.1363 0.4852
vn -0.6378 0.6505 -0.4123
vn -0.6679 0.6381 -0.3831
vn 0.9100 -0.0448 0.4121
vn -0.9909 -0.1201 -0.0604
vn 0.3273 -0.5449 0.7720
vn -0.8602 -0.4495 -0.2406
vn 0.8175 0.1460 0.5572
vn 0.6500 -0.1118 0.7517
vn 0.4781 0.7933 0.3770
vn 0.0695 0.2619 -0.9626
vn 0.2853 0.9574 -0.0442
vn 0.7179 -0.6102 0.3353
vn 0.2163 -0.9688 0.1206
vn 0.7868 -0.0311 0.6164
vn 0.3467 -0.0211 0.9377
vn 0.9942 -0.0388 -0.1003
vn 0.4703 -0.3374 -0.8154
vn -0.5836 0.7877 -0.1972
vn -0.9561 0.0659 -0.2855
vn -0.2846 -0.6460 0.7083
vn 0.5998 -0.4704 0.6473
vn 0.3046 0.1657 -0.9380
vn 0.7406 0.5241 -0.4205
vn 0.3066 -0.3069 0.9010
vn -0.0225 0.3339 0.9423
vn -0.7376 0.5884 -0.3312
vn 0.7963 -0.4583 0.3949
vn -0.7125 0.1812 0.6779
vn 0.0975 -0.2553 0.9619
vn 0.6535 -0.6282 0.4223
vn -0.5382 0.1265 0.8333
vn -0.9555 0.1907 0.2248
vn 0.7289 -0.0795 -0.6800
vn -0.2561 -0.9558 0.1447
vn -0.0195 -0.8526 0.5222
vn 0.0575 0.2998 0.9523
vn 0.9442 0.2515 0.2126
vn 0.8213 0.1524 0.5498
vn 0.7653 -0.6435 0.0180
vn 0.2054 0.1176 -0.9716
vn 0.9901 -0.0907 0.1069
vn 0.6495 0.0548 0.7584
vn -0.6627 0.4496 -0.5989
vn 0.1570 0.9857 -0.0617
vn -0.7663 -0.3703 0.5251
vn -0.7648 -0.3666 0.5298
vn -0.7675 -0.3704 0.5232
vn -0.7626 -0.3733 0.5282
vn -0.7664 -0.3532 0.5366
vn -0.8258 -0.4270 0.3685
vn -0.9196 0.3777 0.1080
vn 0.6891 -0.7162 -0.1105
vn -0.0522 0.0964 0.9940
vn -0.4359 0.6877 0.5806
vn 0.7020 0.1722 -0.6910
vn -0.1178 -0.9923 0.0379
vn -0.3690 0.0200 0.9292
vn -0.3781 -0.6520 0.6572
vn -0.7089 -0.5508 0.4405
vn -0.9845 -0.1718 -0.0356
vn 0.5408 -0.2062 0.8155
vn 0.8687 -0.4954 -0.0042
vn -0.6849 -0.1517 -0.7127
vn -0.6850 -0.1523 -0.7124
vn -0.6842 -0.1485 -0.7140
vn 0.5530 0.7776 -0.2992
vn 0.9747 -0.1650 0.1506
vn 0.0378 -0.9896 0.1390
vn -0.9666 -0.0291 0.2545
vn -0.7149 -0.3819 0.5857
vn 0.4230 -0.3165 0.8491
vn 0.9378 -0.2409 -0.2501
vn 0.9390 -0.2376 -0.2486
vn 0.9389 -0.2380 -0.2488
vn 0.3582 0.5490 -0.7552
vn -0.6267 -0.1667 0.7612
vn 0.9113 -0.3606 -0.1990
vn 0.3116 -0.8711 0.3795
vn -0.3846 0.2869 0.8774
vn -0.7700 0.5809 -0.2640
vn -0.5571 0.7199 0.4140
vn -0.8326 0.3772 0.4056
vn -0.4977 0.6154 -0.6112
vn -0.1376 0.0335 0.9899
vn -0.6747 -0.2633 0.6895
vn -0.6467 -0.3019 0.7004
vn -0.5245 0.5090 0.6825
vn 0.8983 0.1947 0.3939
vn 0.5975 -0.2278 0.7688
vn 0.1992 0.0560 0.9784
vn 0.9701 -0.1000 0.2210
vn -0.9959 -0.0784 0.0450
vn -0.8466 0.2980 0.4410
vn 0.7448 -0.3607 0.5615
vn -0.0927 -0.5357 0.8393
vn 0.0681 -0.6687 0.7404
vn 0.9860 0.0125 -0.1661
vn 0.9846 0.0135 -0.1746
vn 0.9864 0.0123 -0.1639
vn 0.0579 -0.7113 0.7005
vn 0.3124 0.3219 0.8937
vn -0.8424 0.3746 -0.3873
vn 0.8476 -0.2144 0.4855
vn 0.5452 0.0243 0.8379
vn 0.5453 0.0243 0.8379
vn 0.5451 0.0241 0.8380
vn 0.0452 -0.9836 0.1746
vn 0.0400 -0.9839 0.1744
vn 0.9840 0.0138 -0.1774
vn 0.9402 -0.0374 0.3385
vn 0.6587 0.2498 0.7098
vn -0.8216 -0.1164 0.5580
vn -0.8165 -0.3457 0.4625
vn 0.5076 0.2829 0.8138
vn 0.6829 0.5130 0.5201
vn -0.6959 -0.0583 0.7158
vn -0.8759 -0.4343 -0.2101
vn 0.9404 -0.1437 0.3081
vn -0.9906 0.1196 0.0659
vn 0.5609 0.0219 0.8276
vn 0.9035 -0.3836 -0.1910
vn -0.7659 0.0919 -0.6364
vn 0.7451 -0.3769 0.5503
vn 0.9942 0.0402 0.0998
vn -0.8434 -0.4551 0.2856
vn 0.8426 -0.1472 0.5181
vn -0.1269 -0.6375 0.7599
vn -0.2141 -0.6071 0.7652
vn 0.5339 0.6003 -0.5955
vn -0.0192 -0.7152 0.6987
vn 0.0781 0.3762 -0.9232
vn -0.0922 0.7023 -0.7059
vn -0.1041 0.7020 -0.7045
vn -0.1030 0.7021 -0.7046
vn 0.9058 -0.1438 0.3986
vn 0.0964 0.0709 -0.9928
vn 0.0010 0.8021 -0.5972
vn 0.7221 0.2538 0.6436
vn -0.1445 -0.0393 0.9887
vn 0.3699 0.0352 0.9284
vn -0.9079 0.3537 -0.2248
vn 0.4788 -0.1869 0.8578
vn -0.4609 -0.0219 0.8872
vn -0.0868 0.5295 0.8438
vn 0.2610 0.5195 0.8136
vn 0.2072 0.5363 0.8182
vn -0.7580 0.5747 0.3084
vn -0.9489 0.1857 0.2550
vn 0.4295 -0.2840 0.8572
vn 0.9956 0.0216 0.0917
vn -0.1414 -0.1862 -0.9723
vn 0.5106 0.7431 -0.4325
vn 0.8494 0.5090 -0.1394
vn 0.2002 0.6026 -0.7725
vn 0.1286 -0.7864 0.6041
vn 0.3073 0.4106 -0.8585
vn 0.8077 -0.3008 0.5072
vn 0.9420 -0.2952 -0.1597
vn -0.7576 0.5334 -0.3763
vn -0.5644 0.0902 0.8206
vn 0.6247 0.6774 -0.3884
vn 0.2256 0.8805 -0.4169
vn -0.8007 -0.2800 -0.5297
vn -0.5037 0.1319 0.8537
vn 0.8888 -0.2773 0.3648
vn 0.6291 -0.0455 0.7760
vn 0.4557 -0.7324 -0.5060
vn 0.3689 -0.3684 0.8534
vn 0.5811 0.3907 -0.7139
vn 0.5538 -0.8309 -0.0539
vn 0.0536 -0.6120 0.7890
vn -0.0130 0.3532 -0.9355
vn -0.1173 0.8056 -0.5807
vn -0.5643 -0.4204 0.7105
vn 0.8613 -0.1379 0.4889
vn 0.9164 -0.0427 0.3981
vn 0.3254 -0.8504 0.4135
vn 0.1876 0.3131 0.9310
vn 0.3042 -0.7085 0.6369
vn 0.2367 -0.5408 0.8071
vn -0.9919 -0.0938 0.0856
vn 0.9689 0.0930 -0.2292
vn -0.4355 -0.2261 0.8713
vn -0.4371 -0.2295 0.8696
vn -0.4374 -0.2304 0.8692
vn 0.7537 0.5109 -0.4135
vn -0.9051 -0.1666 0.3913
vn -0.9662 -0.1585 0.2033
vn 0.5882 0.7117 -0.3840
vn -0.9866 0.0834 -0.1401
vn 0.9211 0.3752 0.1036
vn 0.8375 0.3260 -0.4384
vn -0.7676 -0.1202 0.6296
vn -0.8894 -0.3907 0.2373
vn -0.6173 -0.1213 -0.7773
vn -0.5455 0.1763 -0.8193
vn 0.0099 0.9555 -0.2950
vn 0.2867 -0.6867 0.6680
vn -0.7519 -0.6575 0.0473
vn -0.7522 -0.6569 0.0518
vn -0.7521 -0.6571 0.0506
vn 0.9390 -0.2375 -0.2486
vn -0.7086 -0.1974 0.6774
vn 0.4954 0.1969 -0.8460
vn -0.0328 -0.2108 0.9770
vn -0.2478 0.1026 0.9634
vn -0.2510 0.1009 0.9627
vn -0.2519 0.1004 0.9625
vn 0.2249 0.6374 -0.7370
vn -0.6841 -0.1479 -0.7142
vn 0.5694 0.4456 -0.6908
vn 0.6897 0.6601 -0.2977
vn 0.7290 0.6844 0.0111
vn -0.1259 -0.3289 0.9359
vn 0.1019 -0.7875 0.6079
vn 0.8731 -0.2573 0.4140
vn 0.1748 0.1267 0.9764
vn 0.5979 0.7712 0.2186
vn 0.9917 0.1265 0.0235
vn 0.8947 -0.3574 -0.2679
vn -0.1726 -0.3913 -0.9039
vn -0.2307 -0.3811 -0.8953
vn -0.8368 0.2293 -0.4971
vn 0.3249 0.5504 -0.7691
vn -0.2946 0.2151 -0.9311
vn -0.8672 -0.2807 0.4113
vn 0.2098 -0.0350 0.9771
vn -0.9663 -0.1009 0.2368
vn 0.7910 0.3802 0.4794
vn -0.2841 0.6071 -0.7421
vn 0.0534 0.4533 -0.8898
vn -0.6864 0.5262 -0.5019
vn -0.7958 -0.0813 0.6001
vn 0.8292 -0.5318 -0.1724
vn -0.4647 -0.4100 0.7848
vn 0.8346 -0.5488 0.0470
vn 0.0709 0.9599 0.2712
vn 0.3612 0.3528 -0.8632
vn 0.7687 0.6116 -0.1873
vn -0.5272 -0.3048 -0.7932
vn 0.1767 0.8075 0.5628
vn 0.1844 0.6193 -0.7632
vn 0.6719 -0.1466 0.7260
vn 0.6713 -0.1478 0.7263
vn 0.6699 -0.1503 0.7271
vn -0.5068 -0.2366 0.8290
vn -0.6871 -0.4617 0.5610
vn -0.5743 0.8171 -0.0508
vn 0.6015 -0.3808 0.7023
vn -0.5832 0.3322 -0.7412
vn 0.1627 -0.3861 0.9080
vn -0.1059 0.9481 -0.3000
vn 0.3060 -0.1514 0.9399
vn 0.1586 0.9872 0.0183
vn 0.6163 -0.5592 0.5545
vn -0.9321 0.1156 -0.3433
vn 0.9581 0.0716 -0.2774
vn -0.8791 0.4766 0.0089
vn 0.7719 -0.2759 0.5727
vn -0.9553 -0.1273 0.2669
vn 0.2329 -0.2165 -0.9481
vn -0.6993 -0.7147 -0.0140
vn -0.8169 -0.0169 -0.5766
vn -0.6264 -0.4460 0.6393
vn -0.2544 0.3271 -0.9101
vn -0.9405 -0.2781 0.1954
vn -0.8548 -0.5168 0.0462
vn -0.7653 -0.6089 -0.2087
vn 0.1392 -0.0046 0.9903
vn 0.1919 -0.5034 0.8425
vn 0.7689 0.2876 0.5711
vn 0.8063 -0.3458 0.4799
vn 0.6985 0.0591 0.7132
vn -0.8845 0.4625 -0.0619
vn -0.2613 0.2905 0.9205
vn 0.4541 0.4521 -0.7677
vn 0.9680 -0.1897 0.1643
vn 0.8158 -0.0599 0.5752
vn -0.4117 -0.0353 0.9106
vn -0.4935 -0.2921 -0.8192
vn -0.2475 0.4496 -0.8583
vn -0.2477 0.4499 -0.8581
vn -0.2464 0.4479 -0.8594
vn 0.5951 -0.0723 -0.8004
vn -0.8784 -0.1973 -0.4354
vn -0.1095 0.0727 0.9913
vn -0.7003 0.6483 0.2989
vn 0.9224 0.2080 0.3255
vn 0.4678 0.2294 0.8535
vn -0.2600 0.6193 -0.7408
vn 0.7661 -0.5593 -0.3166
vn -0.6765 -0.7270 0.1175
vn 0.9198 -0.1675 -0.3549
vn -0.7913 0.2091 -0.5746
vn -0.9766 0.2127 0.0308
vn -0.9609 -0.0781 -0.2655
vn 0.7498 -0.2507 0.6123
vn -0.9651 0.2467 0.0881
vn 0.5977 -0.1999 0.7764
vn 0.6845 -0.0372 0.7281
vn -0.3719 -0.4590 0.8069
vn 0.5514 -0.2882 -0.7829
vn 0.7674 -0.0851 -0.6354
vn 0.4966 0.0115 0.8679
vn -0.3546 0.3186 -0.8791
vn -0.5925 -0.4408 0.6743
vn -0.6506 0.0636 0.7567
vn 0.6406 -0.3655 0.6753
vn -0.5987 0.7540 -0.2703
vn 0.4878 -0.7029 0.5177
vn 0.2660 -0.5502 0.7916
vn -0.5728 -0.7446 0.3428
vn -0.0050 0.7612 0.6484
vn 0.6340 -0.3695 0.6793
vn -0.3342 -0.0109 0.9424
vn -0.1233 -0.9594 0.2536
vn 0.0148 -0.3206 0.9471
vn 0.5336 -0.1744 -0.8276
vn 0.5336 -0.1778 -0.8269
vn 0.5336 -0.1734 -0.8277
vn 0.3496 0.1308 0.9277
vn -0.6836 0.7056 -0.1863
vn 0.7594 -0.5741 -0.3061
vn -0.7796 -0.5775 -0.2425
vn -0.4073 0.3620 -0.8385
vn -0.2407 -0.8983 0.3676
vn 0.7158 -0.2214 -0.6623
vn 0.5992 0.2186 0.7702
vn -0.3063 0.3797 -0.8729
vn 0.9106 -0.1490 0.3855
vn -0.9431 0.3140 0.1089
vn 0.8862 -0.3646 0.2858
vn 0.7497 -0.2779 0.6006
vn 0.4182 0.2977 0.8582
vn 0.4528 0.8114 0.3696
vn 0.7997 0.5256 0.2903
vn 0.7731 0.0502 0.6322
vn 0.7772 0.0488 0.6274
vn 0.7763 0.0490 0.6284
vn 0.9497 0.2201 -0.2227
vn 0.9905 -0.1372 0.0116
vn -0.9582 -0.2801 0.0579
vn 0.2564 0.6342 -0.7294
vn -0.8614 -0.3444 0.3733
vn 0.8594 0.4843 -0.1640
vn 0.9616 -0.0640 0.2670
vn -0.2822 -0.9565 0.0747
vn -0.9260 0.1970 0.3220
vn -0.1307 -0.0611 -0.9895
vn 0.9511 -0.1232 0.2831
vn 0.4367 -0.2763 0.8561
vn 0.9073 -0.3654 -0.2081
vn -0.1929 0.4526 -0.8706
vn -0.3422 0.5188 -0.7834
vn -0.3041 0.0874 -0.9486
vn 0.5938 -0.4326 0.6784
vn 0.9282 0.1383 0.3454
vn 0.6134 0.3642 0.7008
vn 0.9675 0.1508 0.2031
vn -0.1589 -0.1661 0.9732
vn -0.5715 0.2633 0.7772
vn 0.5325 -0.6407 0.5530
vn -0.8956 0.2506 0.3675
vn -0.0137 -0.9444 0.3285
vn -0.3377 -0.8840 0.3233
vn 0.4414 0.7516 0.4902
vn -0.9073 0.4117 -0.0851
vn 0.3216 -0.9455 -0.0513
vn 0.8560 0.3180 -0.4076
vn 0.2626 0.3531 -0.8980
vn -0.5957 -0.7026 0.3893
vn 0.0570 -0.1647 -0.9847
vn -0.2099 0.6001 -0.7719
vn 0.9203 0.1476 0.3622
vn -0.2494 0.0335 0.9678
vn 0.5121 -0.4350 0.7406
vn 0.3286 -0.1845 -0.9263
vn -0.1450 0.0672 -0.9871
vn 0.0545 0.7983 -0.5998
vn 0.2981 -0.9066 0.2985
vn -0.2776 -0.8035 0.5266
vn -0.3276 -0.5079 -0.7967
vn 0.4043 0.0266 0.9142
vn 0.0440 -0.1755 -0.9835
vn -0.4087 -0.0371 0.9119
vn -0.9192 -0.1366 0.3692
vn -0.2775 -0.6742 0.6844
vn -0.3611 -0.1163 -0.9253
vn -0.3597 -0.1144 -0.9260
vn -0.3599 -0.1146 -0.9259
vn -0.8138 0.2728 0.5131
vn -0.0946 -0.4262 0.8997
vn -0.0290 -0.6161 0.7871
vn -0.9179 -0.0464 -0.3942
vn 0.5455 0.0245 0.8378
vn 0.6097 0.2791 0.7419
vn -0.8968 0.0523 0.4393
vn -0.4749 0.1518 -0.8668
vn -0.1655 -0.4026 0.9003
vn -0.1974 -0.9428 0.2685
vn -0.1742 -0.4412 -0.8803
vn -0.8570 -0.4512 -0.2490
vn -0.7781 0.3125 0.5449
vn 0.8457 -0.5056 0.1710
vn -0.3526 0.7142 0.6046
vn 0.5497 0.5571 -0.6225
vn -0.6534 0.1557 0.7408
vn -0.6307 0.5805 0.5150
vn 0.1651 -0.2612 0.9511
vn 0.2670 -0.9408 -0.2090
vn 0.5824 0.8115 0.0469
vn -0.9838 -0.0515 0.1719
vn 0.6118 0.0659 0.7883
vn 0.0856 -0.9894 0.1174
vn 0.7791 0.2740 -0.5638
vn 0.3453 -0.2257 -0.9109
vn -0.9290 0.2687 0.2545
vn -0.0731 0.4959 0.8653
vn 0.8357 0.5488 -0.0215
vn -0.2979 0.5109 0.8064
vn -0.3495 0.4889 0.7993
vn -0.9273 -0.3743 -0.0016
vn 0.9861 0.1240 -0.1103
vn -0.0064 0.6489 -0.7609
vn 0.5945 0.7624 0.2554
vn -0.6627 0.6431 0.3838
vn -0.6631 0.6427 0.3837
vn -0.6667 0.6394 0.3830
vn -0.5486 0.7611 0.3461
vn 0.2696 0.2952 -0.9166
vn 0.6514 0.6563 -0.3808
vn 0.7383 -0.6582 0.1476
vn 0.6620 -0.1171 0.7403
vn -0.1287 0.6060 -0.7850
vn 0.9916 -0.1292 0.0054
vn -0.9740 -0.1059 -0.2002
vn -0.9743 -0.1040 -0.1999
vn -0.9745 -0.1026 -0.1997
vn 0.8700 -0.3640 -0.3327
vn -0.2452 0.4460 -0.8608
vn -0.9317 0.3565 -0.0693
vn -0.9396 0.3142 -0.1356
vn 0.7794 0.5166 0.3545
vn 0.4829 0.6006 -0.6372
vn 0.9455 -0.2353 0.2251
vn 0.6921 -0.5983 -0.4038
vn 0.8929 -0.0316 -0.4491
vn -0.3985 -0.9164 -0.0367
vn -0.0524 -0.1643 0.9850
vn 0.0781 0.1490 -0.9858
vn -0.8029 0.5957 -0.0220
vn 0.4260 0.1070 0.8984
vn -0.5642 0.3205 0.7609
vn -0.2206 0.6367 0.7389
vn -0.4532 -0.0518 0.8899
vn -0.7454 -0.3530 0.5655
vn 0.1986 0.0793 -0.9769
vn -0.7056 0.3634 -0.6084
vn -0.4996 0.6746 0.5435
vn -0.2851 -0.4851 0.8267
vn 0.0647 0.7104 -0.7009
vn 0.0638 0.7103 -0.7010
vn 0.0652 0.7104 -0.7008
vn -0.4532 0.7359 -0.5031
vn -0.2542 0.2000 0.9463
vn 0.7462 -0.2193 0.6286
vn 0.9881 -0.0036 -0.1536
vn -0.8013 0.2196 0.5565
vn -0.4489 -0.0002 0.8936
vn -0.1995 -0.1138 0.9733
vn -0.8191 0.1274 0.5593
vn 0.9225 -0.0383 0.3841
vn -0.8264 -0.5631 0.0081
vn 0.5820 -0.8102 0.0694
vn -0.8837 0.2897 0.3676
vn 0.0265 0.6227 -0.7820
vn 0.6976 0.3940 0.5984
vn -0.0725 -0.3853 0.9199
vn 0.6393 -0.1255 0.7587
vn 0.8178 0.4580 -0.3484
vn -0.5236 0.5571 -0.6445
vn 0.4310 -0.4677 0.7717
vn 0.2386 0.3886 0.8900
vn 0.5901 -0.2218 -0.7762
vn -0.8736 -0.2050 -0.4413
vn 0.8739 0.0734 0.4805
vn -0.5280 -0.2779 -0.8025
vn -0.9787 -0.1535 -0.1360
vn -0.8700 0.1254 0.4769
vn -0.3046 0.5505 0.7773
vn -0.7106 -0.1072 0.6954
vn -0.7733 0.1787 0.6084
vn -0.7736 0.1786 0.6080
vn -0.7738 0.1785 0.6077
vn -0.9184 -0.3957 0.0032
vn -0.9640 -0.1089 -0.2425
vn -0.9813 -0.1244 0.1471
vn -0.4910 -0.6921 0.5290
vn 0.9667 -0.2315 -0.1089
vn 0.9668 -0.2315 -0.1086
vn 0.9677 -0.2307 -0.1012
vn 0.5336 -0.1785 -0.8267
vn -0.8207 0.0848 0.5650
vn 0.8059 -0.5561 0.2033
vn 0.7278 0.4597 0.5090
vn 0.2725 -0.7100 0.6493
vn 0.4682 -0.8470 0.2517
vn 0.4974 0.6050 -0.6217
vn -0.6130 -0.6607 -0.4331
vn -0.6105 -0.6626 -0.4339
vn -0.6091 -0.6636 -0.4343
vn 0.8527 -0.1674 0.4949
vn 0.0350 -0.9947 -0.0968
vn 0.9065 -0.1725 0.3853
vn 0.0522 -0.4190 0.9065
vn 0.8464 0.5150 0.1353
vn 0.1164 -0.6573 -0.7446
vn -0.0844 0.0715 0.9939
vn 0.8330 0.0768 -0.5480
vn 0.8870 -0.4392 0.1424
vn 0.8152 0.5408 -0.2071
vn -0.8436 -0.2052 0.4963
vn 0.0567 0.5072 -0.8600
vn -0.5730 0.5007 -0.6488
vn -0.6788 0.2993 0.6705
vn 0.6583 0.2500 0.7100
vn 0.8387 0.3940 0.3759
vn 0.7558 -0.3324 0.5642
vn 0.9972 -0.0439 -0.0606
vn -0.3330 -0.1834 0.9249
vn 0.0498 -0.1291 0.9904
vn 0.1099 0.2155 0.9703
vn -0.0552 0.9391 0.3392
vn -0.0485 0.9394 0.3394
vn 0.8413 0.5351 0.0761
vn -0.4854 0.1626 -0.8590
vn -0.5550 -0.2613 0.7898
vn 0.3093 -0.3540 -0.8826
vn -0.2639 -0.5951 0.7591
vn -0.0973 0.1707 0.9805
vn -0.0441 -0.4086 0.9116
vn 0.8754 -0.4000 0.2715
vn 0.9973 0.0046 0.0736
vn 0.6650 -0.0199 0.7466
vn 0.8824 0.4063 -0.2372
vn 0.9840 0.0723 0.1628
vn 0.9841 0.0716 0.1626
vn 0.9836 0.0757 0.1637
vn -0.1146 0.3995 -0.9095
vn -0.0721 0.3687 -0.9268
vn 0.7827 0.0323 0.6215
vn -0.4513 -0.2445 0.8582
vn -0.3370 0.6010 -0.7248
vn -0.8991 0.4274 0.0943
vn -0.7286 -0.4508 0.5157
vn 0.4701 0.1793 0.8642
vn 0.7444 -0.5295 0.4067
vn 0.9369 -0.2711 0.2208
vn -0.8363 0.1356 0.5312
vn -0.8413 -0.4655 0.2749
vn -0.1016 0.7564 0.6462
vn -0.7140 -0.3872 0.5834
vn 0.8462 -0.4422 0.2974
vn -0.5653 -0.4546 0.6883
vn -0.4744 0.3119 0.8232
vn -0.0618 0.9387 0.3391
vn -0.4708 0.3926 -0.7901
vn 0.7579 -0.3754 0.5336
vn 0.9945 -0.0544 -0.0897
vn 0.5189 0.8467 0.1175
vn 0.5768 0.7049 0.4128
vn 0.5758 0.7057 0.4130
vn 0.5763 0.7053 0.4129
vn 0.7402 0.6722 0.0117
vn -0.6824 -0.2220 0.6965
vn 0.0755 -0.9743 0.2121
vn 0.0642 0.8493 0.5240
vn 0.8755 -0.4811 0.0465
vn -0.2522 0.7717 -0.5839
vn 0.5770 -0.7523 0.3181
vn 0.3148 0.2457 -0.9168
vn -0.9986 0.0426 0.0311
vn 0.3246 0.2637 0.9083
vn 0.4103 -0.6124 0.6757
vn 0.7689 0.2318 0.5958
vn -0.6875 -0.3023 -0.6603
vn 0.9061 0.4219 -0.0323
vn -0.7136 -0.4236 0.5580
vn 0.4635 0.6619 -0.5891
vn -0.4452 -0.2990 0.8440
vn 0.3441 -0.9155 0.2086
vn -0.7825 0.0602 -0.6197
vn -0.7593 -0.3892 0.5215
vn 0.8489 -0.4815 0.2181
vn -0.1793 0.9473 0.2653
vn -0.6832 -0.3731 0.6277
vn -0.0006 -0.0423 0.9991
vn 0.0739 0.0871 0.9935
vn 0.0436 -0.9970 0.0637
vn 0.0485 -0.9968 0.0638
vn -0.6622 0.6435 0.3839
vn -0.8749 0.2239 -0.4294
vn 0.6556 -0.0340 0.7544
vn 0.5647 0.4527 -0.6901
vn -0.8694 0.2218 0.4415
vn -0.4762 0.0617 0.8772
vn 0.0763 0.3906 0.9174
vn -0.0540 -0.3399 0.9389
vn 0.9263 0.1138 -0.3593
vn 0.1031 -0.9336 0.3432
vn -0.7686 0.4039 0.4961
vn 0.4646 0.2482 -0.8500
vn -0.9882 -0.0481 0.1452
vn 0.0890 0.6300 -0.7715
vn -0.5458 -0.7344 -0.4035
vn 0.8636 0.3038 -0.4024
vn 0.3707 0.8538 -0.3657
vn -0.7640 -0.5366 0.3583
vn -0.5825 -0.6193 0.5264
vn 0.0792 0.0263 0.9965
vn 0.9868 0.1422 0.0777
vn 0.1308 0.2169 -0.9674
vn 0.1444 0.2114 -0.9667
vn 0.3502 -0.6209 0.7013
vn -0.5834 -0.0325 0.8116
vn 0.7753 0.1728 -0.6075
vn 0.9914 -0.0276 0.1279
vn 0.8479 0.3382 0.4084
vn 0.8448 0.4272 0.3223
vn -0.9928 -0.0232 0.1174
vn -0.2189 -0.5633 0.7967
vn -0.0407 0.0596 -0.9974
vn -0.5256 0.1293 0.8408
vn 0.2422 0.9408 -0.2371
vn 0.6692 0.3417 -0.6598
vn 0.4601 0.3994 -0.7929
vn -0.2835 0.6257 -0.7267
vn 0.6270 0.3900 -0.6744
vn 0.5064 0.2124 -0.8358
vn 0.5916 -0.2486 -0.7669
vn -0.5927 -0.0698 0.8024
vn 0.6647 -0.1961 0.7209
vn -0.3351 0.8853 0.3224
vn -0.3340 0.8855 0.3230
vn -0.3286 0.8865 0.3257
vn -0.0109 0.0411 0.9991
vn -0.8323 0.0079 0.5543
vn -0.6225 -0.4135 0.6645
vn 0.8368 -0.1391 0.5295
vn -0.7257 -0.0695 0.6845
vn -0.7215 0.5626 0.4035
vn -0.1190 0.4266 -0.8966
vn -0.5276 -0.7733 0.3518
vn -0.7885 0.2987 0.5376
vn -0.0216 0.8767 0.4805
vn -0.7409 -0.5264 0.4171
vn -0.7062 -0.4616 0.5369
vn 0.0676 -0.3782 0.9232
vn -0.2236 0.5045 0.8339
vn -0.9788 -0.1847 0.0882
vn 0.7664 0.0949 0.6353
vn -0.3956 -0.3808 -0.8357
vn 0.3701 0.0039 0.9290
vn 0.5581 -0.2393 -0.7945
vn -0.2464 -0.5759 0.7795
vn 0.6600 -0.7388 0.1365
vn -0.6430 -0.3920 -0.6579
vn 0.6039 -0.1049 0.7901
vn -0.9767 -0.1923 0.0954
vn 0.6518 0.7449 0.1421
vn -0.3814 -0.6438 0.6634
vn -0.9508 -0.2860 0.1193
vn 0.8092 -0.5812 0.0854
vn 0.7951 -0.6015 0.0780
vn 0.8210 0.0739 0.5662
vn 0.5765 0.5615 0.5937
vn -0.3779 0.6806 -0.6277
vn -0.2070 0.1508 -0.9667
vn -0.5491 -0.0073 0.8357
vn 0.0070 -0.8980 0.4399
vn 0.3433 -0.9257 0.1588
vn -0.0151 -0.6639 -0.7476
vn -0.5614 -0.3982 -0.7254
vn -0.0062 0.5336 0.8457
vn 0.7258 -0.5143 0.4568
vn 0.8589 -0.5118 0.0195
vn -0.6583 -0.2904 -0.6945
vn 0.5447 0.6395 0.5426
vn -0.8860 -0.1730 0.4302
vn 0.4623 0.7711 0.4378
vn 0.2391 0.4691 -0.8502
vn 0.3113 -0.6447 0.6982
vn -0.1614 -0.9623 -0.2190
vn -0.6816 0.7070 0.1886
vn 0.7607 0.6227 0.1832
vn -0.8610 0.4423 0.2513
vn 0.5135 0.1444 0.8458
vn 0.3375 0.0568 0.9396
vn 0.8631 0.0038 -0.5050
vn 0.7692 -0.3124 0.5574
vn -0.9902 0.0967 0.1011
vn -0.6840 0.4625 0.5641
vn -0.4518 -0.5698 0.6864
vn -0.3204 -0.1848 0.9291
vn 0.1542 -0.2465 -0.9568
vn 0.9484 -0.0683 0.3096
vn -0.6415 0.7668 -0.0214
vn -0.9462 -0.2184 0.2386
vn 0.7728 0.0503 0.6326
vn 0.7735 0.0507 0.6317
vn -0.3212 0.3195 0.8915
vn 0.1765 0.9830 0.0512
vn -0.0478 0.3408 0.9389
vn -0.0481 0.3404 0.9390
vn -0.0491 0.3393 0.9394
vn 0.1942 0.1233 0.9732
vn 0.1901 0.1250 0.9738
vn 0.1909 0.1247 0.9737
vn 0.4725 -0.0175 0.8811
vn 0.6792 0.6496 -0.3416
vn 0.8566 -0.1299 0.4994
vn 0.3462 -0.1991 0.9168
vn 0.9800 0.0278 -0.1970
vn 0.8217 -0.5690 -0.0322
vn -0.2929 0.8515 0.4349
vn 0.3144 -0.6160 0.7223
vn 0.9570 0.1619 -0.2406
vn -0.5759 0.7457 -0.3352
vn -0.4754 -0.0247 0.8794
vn -0.7614 -0.6287 0.1581
vn -0.6623 0.7490 0.0177
vn -0.1226 -0.4902 0.8629
vn -0.4930 0.2476 -0.8340
vn -0.9000 0.4063 0.1580
vn -0.2185 -0.0691 -0.9734
vn -0.5380 -0.3298 -0.7757
vn 0.4526 -0.5009 0.7378
vn 0.7005 0.4774 0.5305
vn -0.9081 -0.2403 0.3428
vn -0.5000 -0.4858 0.7169
vn -0.9550 0.1853 0.2314
vn 0.9912 0.0058 0.1321
vn 0.9219 0.0267 0.3865
vn 0.1961 -0.1421 -0.9702
vn 0.3962 -0.7899 0.4680
vn -0.9046 -0.1938 0.3796
vn 0.0925 -0.9392 0.3307
vn 0.4017 0.5800 -0.7087
vn -0.6573 -0.6220 0.4255
vn 0.0686 0.1052 0.9921
vn 0.8744 -0.3484 -0.3375
vn 0.8244 -0.2633 0.5009
vn -0.4642 0.8822 0.0793
vn 0.8563 -0.2447 -0.4549
vn -0.7119 0.2516 0.6556
vn 0.4091 -0.8464 0.3409
vn 0.2113 0.5764 0.7894
vn 0.9130 0.1340 -0.3853
vn -0.8440 0.4328 0.3168
vn -0.8470 0.4261 0.3178
vn -0.8480 0.4240 0.3181
vn 0.8040 0.2724 -0.5286
vn -0.7987 -0.1594 -0.5802
vn 0.4443 0.0746 0.8927
vn 0.7360 0.0721 -0.6731
vn 0.0243 0.9546 -0.2969
vn 0.1103 0.3418 0.9333
vn 0.9596 0.1060 -0.2606
vn -0.0829 0.2182 0.9724
vn 0.6559 0.5891 -0.4720
vn 0.0504 -0.9833 0.1747
vn -0.9497 -0.2327 -0.2098
vn -0.8092 0.1981 0.5532
vn -0.3774 0.9241 -0.0598
vn 0.7879 0.1822 0.5883
vn 0.0493 -0.9985 0.0239
vn 0.0495 -0.9985 0.0239
vn -0.4332 -0.8851 0.1699
vn -0.4614 0.1886 0.8669
vn -0.7582 -0.6484 -0.0693
vn -0.4605 -0.4973 0.7353
vn 0.0153 -0.8897 0.4563
vn 0.7791 0.1080 0.6176
vn 0.7269 -0.0851 0.6814
vn -0.1168 -0.0515 0.9918
vn -0.8894 -0.1357 0.4364
vn 0.9783 -0.0068 0.2072
vn -0.9720 -0.2208 0.0801
vn 0.9495 -0.2040 0.2384
vn 0.4172 0.8905 0.1817
vn 0.4116 0.5096 -0.7555
vn 0.7954 -0.5812 -0.1716
vn -0.3851 0.0205 0.9227
vn -0.9745 -0.1021 -0.1997
vn -0.0829 -0.1357 0.9873
vn 0.5703 -0.2184 0.7919
vn 0.3336 -0.1905 0.9233
vn -0.8908 0.2327 -0.3902
vn 0.9970 -0.0452 0.0626
vn -0.7519 -0.6577 0.0460
vn -0.7491 -0.2944 0.5935
vn -0.7675 -0.1846 0.6139
vn -0.2636 -0.8461 -0.4633
vn -0.8629 -0.4718 0.1810
vn -0.8939 -0.4039 0.1942
vn -0.0231 0.6484 -0.7610
vn -0.5297 0.0312 0.8476
vn 0.8799 -0.3119 -0.3584
vn -0.0043 0.0988 0.9951
vn -0.6561 0.0589 0.7524
vn 0.6310 0.0652 0.7730
vn -0.9282 0.2101 -0.3070
vn 0.3756 -0.9228 0.0856
vn 0.9594 -0.0042 0.2820
vn 0.8338 -0.3548 0.4229
vn 0.0426 0.2849 0.9576
vn 0.0682 0.3004 0.9514
vn -0.3717 0.9282 0.0155
vn -0.9886 -0.1270 0.0814
vn 0.4689 0.7426 -0.4782
vn -0.2974 0.9164 -0.2679
vn -0.1875 0.4474 -0.8745
vn -0.1879 0.4472 -0.8745
vn -0.1880 0.4471 -0.8745
vn 0.0458 -0.5782 0.8146
vn -0.8854 -0.1417 -0.4426
vn 0.8800 0.3469 -0.3244
vn -0.9278 -0.1323 0.3489
vn 0.0546 0.7099 -0.7021
vn -0.9800 -0.1896 0.0606
vn -0.2541 0.6146 -0.7468
vn -0.8699 0.2167 -0.4431
vn 0.6563 -0.2831 0.6994
vn 0.9519 -0.1493 0.2675
vn 0.8397 -0.3047 0.4495
vn 0.6467 0.0492 -0.7611
vn -0.3560 -0.7731 -0.5250
vn 0.4988 -0.8164 0.2909
vn -0.8730 -0.3650 0.3236
vn -0.8153 0.1525 0.5586
vn 0.4078 0.0759 -0.9099
vn -0.6279 0.1285 0.7676
vn -0.7978 -0.5882 0.1324
vn 0.4003 0.7788 -0.4830
vn -0.9593 -0.2621 0.1052
vn 0.7253 0.5627 -0.3967
vn -0.9822 -0.1426 0.1220
vn 0.0781 -0.3302 0.9407
vn 0.9482 0.1648 0.2716
vn -0.2452 0.0842 -0.9658
vn -0.9789 -0.1783 0.1000
vn -0.4313 -0.5828 -0.6887
vn -0.0767 0.9967 0.0266
vn -0.0763 0.9967 0.0265
vn -0.0762 0.9967 0.0265
vn -0.5527 0.1823 -0.8132
vn 0.1135 -0.2616 0.9585
vn 0.6655 -0.3844 -0.6398
vn -0.8108 -0.3176 -0.4917
vn -0.8256 0.2614 -0.5001
vn 0.9836 0.1014 0.1491
vn 0.4143 -0.1826 0.8917
vn -0.8491 -0.5260 -0.0478
vn 0.3808 0.8277 0.4123
vn 0.8698 -0.3796 0.3150
vn -0.0419 -0.0443 0.9981
vn -0.9260 0.1384 -0.3513
vn -0.7330 0.1834 0.6550
vn -0.1157 0.2770 0.9539
vn -0.4512 0.1635 -0.8773
vn 0.0522 -0.8879 0.4571
vn 0.3514 0.9167 0.1904
vn -0.5180 0.6930 -0.5013
vn -0.1480 0.0106 0.9889
vn 0.1263 0.0706 0.9895
vn -0.4607 -0.5457 0.6999
vn -0.2470 0.1030 0.9635
vn 0.7377 0.4864 -0.4683
vn 0.8714 -0.2608 0.4154
vn -0.0226 0.7252 0.6881
vn 0.6640 0.0100 0.7476
vn 0.3226 -0.9331 0.1588
vn 0.4137 -0.4707 -0.7793
vn 0.4515 0.6071 -0.6539
vn -0.9446 -0.2506 -0.2118
vn 0.0302 0.0772 0.9966
vn 0.9744 -0.0330 0.2224
vn -0.0174 0.4987 0.8666
vn 0.0017 -0.1496 0.9887
vn 0.8885 0.2122 0.4068
vn -0.5724 0.7404 0.3524
vn 0.7656 0.3830 0.5170
vn -0.9434 -0.0392 -0.3293
vn 0.2106 0.9169 0.3392
vn -0.9978 -0.0527 0.0390
vn -0.2302 -0.7352 0.6375
vn 0.5765 0.5558 0.5990
vn -0.3442 -0.5350 0.7715
vn -0.1154 0.4634 -0.8786
vn -0.0203 0.0323 0.9993
vn -0.3054 0.9268 0.2184
vn 0.2723 0.2815 -0.9201
vn 0.7216 0.6040 -0.3385
vn 0.9724 -0.1527 -0.1764
vn -0.0416 0.5365 -0.8429
vn -0.8292 0.1039 0.5492
vn 0.8711 0.4676 0.1500
vn -0.4456 0.8733 -0.1967
vn -0.9072 -0.2121 -0.3632
vn -0.0643 0.6992 0.7120
vn 0.8813 0.3331 0.3352
vn -0.0697 -0.6337 0.7704
vn -0.4034 -0.7836 0.4725
vn 0.3368 0.7165 -0.6109
vn -0.3861 0.5964 -0.7037
vn -0.8230 0.0478 0.5660
vn -0.8552 -0.0048 0.5183
vn 0.6102 0.6563 0.4437
vn 0.6085 0.6578 0.4438
vn 0.5411 0.7425 -0.3948
vn -0.7985 -0.3159 0.5124
vn -0.7372 -0.1838 0.6502
vn 0.6228 0.5580 -0.5484
vn -0.7423 -0.3090 -0.5946
vn -0.5100 -0.0091 -0.8601
vn 0.4913 0.8706 -0.0258
vn 0.0729 0.4306 -0.8996
vn 0.8100 -0.5719 0.1300
vn 0.5858 -0.4044 0.7024
vn -0.4352 -0.2252 0.8717
vn 0.5294 -0.1956 0.8255
vn -0.5900 0.0158 0.8073
vn 0.8805 0.3770 0.2874
vn -0.6141 -0.6599 -0.4328
vn -0.8470 -0.2305 0.4791
vn -0.4668 -0.8800 0.0883
vn -0.9813 -0.1051 0.1612
vn -0.8270 0.5430 0.1460
vn 0.7716 -0.2283 0.5938
vn 0.9836 0.0761 0.1638
vn -0.9839 -0.1434 -0.1071
vn 0.3933 0.8550 -0.3381
vn -0.6822 0.2811 -0.6750
vn 0.8297 -0.3790 0.4098
vn -0.6865 -0.0123 0.7270
vn -0.0627 0.2120 0.9753
vn -0.6569 0.4995 0.5647
vn 0.3409 -0.3280 0.8810
vn 0.4731 -0.4504 0.7572
vn 0.2556 0.8000 -0.5428
vn -0.7732 0.1788 0.6085
vn -0.7631 -0.3741 0.5271
vn -0.2590 -0.6405 0.7230
vn 0.2804 0.1094 -0.9536
vn 0.1953 0.1229 0.9730
vn -0.9325 -0.3269 -0.1537
vn -0.9325 -0.3268 -0.1535
vn -0.9326 -0.3268 -0.1532
vn -0.9340 -0.3262 -0.1459
vn 0.1091 0.9864 0.1225
vn -0.5020 0.3874 -0.7733
vn 0.2644 -0.5296 0.8060
vn -0.9032 -0.3792 0.2013
vn -0.8033 -0.5952 -0.0194
vn -0.4909 0.0276 0.8708
vn -0.4268 0.4691 -0.7732
vn -0.8184 -0.4335 -0.3773
vn 0.0271 0.5399 -0.8413
vn -0.8808 -0.2580 -0.3971
vn -0.9471 0.2882 -0.1410
vn 0.7439 -0.2319 -0.6268
vn 0.9848 -0.0438 0.1681
vn -0.5353 0.7840 0.3142
vn 0.3494 0.1453 0.9256
vn -0.9398 -0.2384 0.2450
vn 0.1143 -0.3169 0.9416
vn -0.9434 0.3245 0.0691
vn -0.0371 -0.1093 0.9933
vn 0.9210 0.0509 0.3862
vn -0.0503 0.2558 -0.9654
vn -0.6824 0.7304 -0.0275
vn 0.0988 0.4487 0.8882
vn -0.8825 0.1237 0.4537
vn -0.5718 0.6828 -0.4548
vn -0.2235 -0.1098 -0.9685
vn 0.8107 0.2508 0.5290
vn 0.2932 -0.4561 0.8402
vn -0.0915 0.9504 -0.2974
vn -0.0332 -0.0198 -0.9993
vn 0.4501 0.0635 0.8907
vn 0.4386 0.0374 0.8979
vn -0.5738 -0.3696 -0.7309
vn -0.8443 -0.5261 0.1018
vn -0.5422 -0.6859 0.4854
vn -0.9522 0.0101 -0.3054
vn -0.8906 0.3072 0.3353
vn 0.8575 0.3489 0.3781
vn 0.4001 -0.6230 0.6722
vn -0.8251 -0.3880 0.4106
vn 0.1837 0.4707 -0.8629
vn -0.6906 -0.6324 -0.3507
vn 0.5536 0.1699 -0.8153
vn -0.3176 0.3607 0.8769
vn -0.7309 -0.4314 0.5288
vn 0.7029 -0.3919 0.5936
vn -0.5368 0.7025 0.4673
vn 0.0907 0.1862 0.9783
vn 0.2396 0.2364 0.9417
vn -0.3284 0.8866 0.3258
vn -0.1201 -0.0188 0.9926
vn 0.0268 -0.5673 0.8231
vn -0.5339 -0.1851 0.8250
vn 0.4899 -0.8717 -0.0159
vn -0.2648 -0.2143 -0.9402
vn -0.2430 0.2935 0.9246
vn 0.1088 0.4313 0.8956
vn 0.6236 0.0312 0.7811
vn -0.4607 0.4062 -0.7892
vn -0.9616 -0.0039 -0.2744
vn -0.6080 -0.7813 -0.1410
vn -0.8429 0.4352 0.3165
vn 0.2006 0.7944 -0.5732
vn 0.4132 -0.0726 0.9077
vn -0.9126 -0.1806 -0.3669
vn 0.2047 -0.1689 -0.9642
vn 0.2105 0.6396 0.7394
vn -0.8992 -0.3877 -0.2029
vn -0.1148 0.6202 -0.7760
vn 0.2164 0.0733 0.9735
vn 0.9667 -0.2315 -0.1092
vn 0.1164 0.4111 -0.9041
vn 0.2225 0.9142 0.3387
vn -0.3626 -0.1183 -0.9244
vn -0.9267 -0.3293 0.1811
vn -0.9046 0.0412 0.4242
vn 0.1230 -0.9671 0.2228
vn 0.3647 0.9140 -0.1777
vn 0.2138 -0.9758 0.0450
vn 0.1238 0.8912 -0.4364
vn -0.0441 -0.0638 -0.9970
vn 0.0549 0.5768 -0.8150
vn 0.6678 -0.1542 0.7282
vn -0.2245 0.9647 -0.1375
vn 0.6955 -0.5560 0.4552
vn 0.8334 0.4706 -0.2900
vn -0.8016 0.1917 -0.5663
vn 0.9975 0.0334 -0.0623
vn 0.2159 -0.1648 -0.9624
vn 0.0650 0.0242 0.9976
vn -0.4146 -0.0042 0.9100
vn -0.3743 0.1542 0.9144
vn -0.4817 -0.0088 0.8763
vn -0.6744 -0.4467 0.5879
vn 0.1243 0.4727 -0.8724
vn -0.1762 0.2012 0.9636
vn 0.0177 -0.1529 -0.9881
vn -0.9251 -0.1351 0.3548
vn -0.8234 0.3032 0.4797
vn -0.2654 0.8568 0.4422
vn 0.9741 -0.2224 -0.0410
vn 0.6105 0.6561 0.4436
vn 0.9186 0.1342 0.3717
vn -0.7802 -0.5453 0.3066
vn -0.9601 0.0943 0.2633
vn 0.7255 -0.3513 0.5918
vn 0.2822 0.7429 0.6071
vn -0.2967 -0.3503 0.8884
vn -0.2479 -0.9684 0.0269
vn -0.8941 -0.3774 -0.2412
vn -0.8522 -0.4694 -0.2312
vn -0.5473 -0.2160 0.8086
vn -0.9372 -0.2394 0.2536
vn -0.1286 0.0769 0.9887
vn 0.6038 -0.2726 -0.7491
vn -0.3864 -0.0579 0.9205
vn -0.4143 0.5766 -0.7042
vn 0.0811 0.0657 -0.9945
vn -0.7458 -0.1590 0.6469
vn -0.0015 0.2040 -0.9790
vn -0.0266 -0.6440 0.7645
vn -0.1072 0.9881 -0.1105
vn -0.0253 -0.9399 0.3405
vn -0.0252 0.9993 0.0277
vn -0.0249 0.9993 0.0278
vn -0.0248 0.9993 0.0278
vn 0.9936 -0.0931 0.0636
vn -0.3624 0.1786 0.9148
vn -0.1164 -0.2661 0.9569
vn 0.9422 -0.1970 -0.2711
vn -0.0551 0.3323 0.9416
vn 0.0535 -0.9965 0.0639
vn 0.0213 0.3549 -0.9346
vn -0.0376 -0.1076 -0.9935
vn 0.5807 0.7020 0.4122
vn -0.0004 -0.6701 0.7422
vn -0.1763 0.7862 0.5924
vn -0.0823 0.7222 0.6867
vn -0.2428 -0.0273 0.9697
vn -0.0741 0.5703 -0.8180
vn -0.0637 0.5101 -0.8578
vn 0.1174 0.4385 -0.8910
vn 0.0338 0.1773 0.9836
vn -0.1106 0.6812 -0.7237
vn -0.0521 0.6188 -0.7838
vn 0.0498 -0.9985 0.0239
vn 0.0456 -0.9988 0.0188
vn 0.0552 -0.6399 0.7665
vn 0.0023 0.3846 0.9231
vn -0.0253 0.9993 0.0277
vn 0.0376 -0.1325 0.9905
vn -0.0342 0.1698 -0.9849
vn -0.0977 0.9453 0.3113
vn -0.0978 0.9454 0.3110
vn -0.0986 0.9457 0.3098
vn -0.0987 0.9458 0.3095
vn 0.0488 -0.9098 0.4121
vn -0.0811 0.8822 -0.4639
vn 0.7382 0.2711 0.6177
vn 0.0437 -0.3350 0.9412
vn -0.1907 0.4457 -0.8747
vn -0.0270 -0.3227 0.9461
vn 0.0286 -0.2676 -0.9631
vn 0.0484 -0.1513 -0.9873
vn 0.1762 -0.8424 0.5092
vn -0.0094 -0.0651 -0.9978
vn -0.1317 0.2903 0.9478
vn 0.2922 -0.4096 0.8642
vn 0.1615 -0.5521 0.8180
vn 0.1810 0.6628 -0.7266
vn -0.3319 -0.8444 -0.4206
vn 0.0434 0.8943 -0.4454
vn -0.0045 0.2149 0.9766
vn 0.3973 0.3722 0.8389
vn 0.2654 0.7986 -0.5402
vn 0.4792 0.1048 -0.8714
vn 0.9635 0.1941 0.1846
vn 0.2672 0.9425 0.2005
vn 0.0139 -0.2743 -0.9615
vn 0.0200 -0.1764 -0.9841
vn -0.0464 0.6241 0.7800
vn 0.7697 0.3928 -0.5033
vn -0.1842 0.4345 0.8817
vn 0.4012 0.9062 -0.1338
vn 0.3737 0.4222 -0.8259
vn 0.0268 0.2054 -0.9783
vn -0.1250 0.0955 0.9875
vn -0.0197 0.1444 -0.9893
vn -0.0774 0.7659 -0.6382
vn -0.1060 0.7902 -0.6036
vn -0.2321 0.1063 0.9669
vn 0.0621 -0.8953 0.4410
vn 0.7428 -0.6693 -0.0160
vn -0.0889 0.8734 0.4789
vn 0.0235 -0.4474 0.8940
vn -0.0701 -0.5258 0.8477
vn -0.0390 0.7447 -0.6663
vn 0.0268 0.5464 -0.8371
vn -0.3014 -0.7395 0.6019
vn -0.0254 -0.7262 0.6870
vn -0.2576 -0.8796 0.3998
vn 0.3949 0.8130 0.4278
vn -0.0077 0.9817 0.1903
vn -0.0624 0.9871 0.1472
vn -0.3466 0.5562 -0.7553
vn 0.2721 -0.6388 0.7197
vn 0.0562 -0.6420 0.7646
vn -0.0898 -0.7537 0.6511
vn 0.0252 -0.9857 0.1667
vn 0.7336 0.1662 -0.6589
vn 0.1102 -0.0437 0.9929
vn 0.4739 -0.5233 0.7082
vn 0.5793 0.0712 0.8120
vn 0.0080 -0.2087 0.9779
vn -0.1046 0.7020 -0.7044
vn -0.2178 0.7614 -0.6106
vn -0.0975 0.7954 -0.5982
vn -0.0308 0.4497 -0.8926
vn -0.2025 0.3766 -0.9040
vn -0.5091 -0.1853 0.8405
vn -0.3330 0.4288 -0.8398
vn 0.3362 -0.1902 0.9224
vn 0.8493 0.2607 -0.4590
vn 0.5307 -0.1177 0.8394
vn 0.9716 -0.1375 0.1926
vn 0.3475 0.5114 -0.7859
vn 0.9082 0.0318 0.4173
vn 0.8652 0.0408 0.4998
vn -0.7257 0.1460 -0.6723
vn -0.9315 -0.0802 0.3548
vn -0.2931 -0.1874 0.9375
vn 0.4762 0.3498 -0.8068
vn -0.4796 0.3355 -0.8108
vn 0.7119 0.0512 -0.7004
vn 0.1509 -0.2441 0.9579
vn -0.3512 0.4984 -0.7926
vn 0.9072 -0.1066 -0.4070
vn -0.5269 0.4488 -0.7218
vn 0.5768 -0.2171 0.7875
vn 0.3319 0.4373 -0.8359
vn -0.0841 -0.2683 0.9596
vn -0.2332 0.3194 -0.9185
vn -0.9707 -0.1736 0.1664
vn -0.6955 -0.2338 0.6794
vn 0.8949 0.0709 0.4405
vn 0.8524 0.5107 0.1119
vn 0.9875 -0.0631 0.1448
vn -0.3117 -0.2525 -0.9160
vn 0.4378 0.4714 0.7656
vn -0.6689 0.5035 -0.5468
vn 0.6248 0.7201 0.3019
vn -0.2901 0.4807 -0.8275
vn -0.6524 -0.6894 0.3148
vn -0.8109 -0.3239 -0.4875
vn 0.3008 0.4245 -0.8540
vn -0.3659 0.8954 -0.2539
vn 0.2820 0.9591 -0.0234
vn 0.7904 0.0958 -0.6051
vn 0.8768 -0.0575 -0.4774
vn -0.7927 -0.0044 -0.6096
vn -0.7885 -0.0123 -0.6150
vn -0.7932 -0.0035 -0.6090
vn -0.4493 -0.3082 -0.8385
vn 0.5356 0.1876 -0.8233
vn 0.5618 -0.0193 -0.8271
vn 0.0213 -0.0386 -0.9990
vn -0.6182 0.7829 0.0697
vn -0.1292 0.9535 -0.2722
vn 0.9756 0.1351 -0.1729
vn -0.5446 -0.0763 -0.8352
vn 0.0946 0.3485 -0.9325
vn -0.8129 -0.1538 -0.5617
vn -0.7465 0.2106 -0.6312
vn 0.2198 0.4800 -0.8493
vn -0.9933 -0.0604 0.0981
vn -0.4770 0.8689 0.1325
vn -0.4608 0.8791 0.1220
vn 0.0705 0.2873 0.9552
vn -0.9959 0.0539 0.0721
vn 0.6415 0.3390 -0.6882
vn 0.2154 0.8828 -0.4174
vn -0.6852 0.5883 -0.4294
vn 0.6200 0.6682 -0.4112
vn -0.1312 -0.2445 -0.9607
vn 0.3418 0.0823 -0.9362
vn -0.1341 0.6140 0.7779
vn 0.0197 0.9585 -0.2846
vn -0.1659 0.0599 -0.9843
vn -0.2028 0.8461 0.4930
vn -0.9519 -0.3001 0.0614
vn 0.8047 -0.1832 0.5648
vn -0.6960 -0.3410 -0.6319
vn -0.2580 0.2518 -0.9328
vn 0.6350 0.7670 0.0924
vn -0.7431 0.6605 0.1069
vn 0.0930 0.8477 0.5223
vn 0.0927 0.8478 0.5222
vn 0.0981 0.8459 0.5242
vn 0.0985 0.9869 0.1281
vn -0.8698 -0.0442 -0.4913
vn -0.6855 0.7064 -0.1766
vn -0.1527 0.8921 -0.4253
vn -0.9741 0.0386 -0.2230
vn -0.3343 0.7547 -0.5645
vn -0.7538 0.0154 -0.6570
vn -0.1371 -0.0646 -0.9884
vn 0.1869 -0.1355 -0.9730
vn 0.3884 -0.2178 -0.8954
vn -0.7986 0.3810 0.4660
vn -0.3533 -0.0545 -0.9339
vn -0.5601 0.7236 -0.4034
vn -0.5599 0.7239 -0.4030
vn -0.5573 0.7306 -0.3946
vn 0.5994 0.8000 0.0275
vn 0.9461 0.2795 -0.1637
vn 0.1248 0.9922 0.0020
vn 0.1297 0.9916 -0.0017
vn 0.1250 0.9921 0.0018
vn 0.5355 0.8446 0.0028
vn 0.1117 -0.9423 -0.3155
vn -0.1663 -0.1615 -0.9728
vn 0.9005 -0.2555 -0.3519
vn 0.9476 -0.2389 -0.2123
vn -0.7879 -0.0134 -0.6157
vn 0.5508 0.6114 -0.5682
vn 0.2972 0.5488 0.7814
vn 0.4201 0.3282 -0.8461
vn -0.8698 0.4933 0.0151
vn 0.9817 -0.1706 -0.0847
vn 0.6514 0.4460 -0.6138
vn 0.7998 0.1176 -0.5887
vn 0.2398 0.9001 0.3638
vn -0.3726 0.4166 -0.8292
vn 0.7422 0.5516 0.3807
vn 0.0028 0.2636 -0.9646
vn -0.2582 0.7364 0.6254
vn -0.9646 0.1518 -0.2157
vn -0.5386 0.6519 0.5338
vn 0.4527 -0.2513 -0.8555
vn -0.9596 -0.1470 -0.2400
vn -0.3114 0.5082 0.8030
vn 0.7584 0.5470 -0.3545
vn -0.5464 0.1336 -0.8268
vn -0.9063 0.4070 0.1138
vn -0.9101 0.4004 0.1069
vn -0.9100 0.4005 0.1070
vn -0.0449 0.7477 0.6625
vn -0.4413 0.3971 -0.8047
vn 0.8283 0.2933 0.4773
vn 0.0190 0.6231 0.7819
vn 0.1581 0.9588 -0.2360
vn 0.3703 0.9178 0.1431
vn 0.3658 0.9201 0.1401
vn 0.3653 0.9203 0.1397
vn -0.5601 0.7235 -0.4036
vn 0.8697 0.0474 -0.4913
vn 0.8351 0.4754 0.2768
vn -0.1091 0.9598 -0.2587
vn -0.3714 0.9245 -0.0860
vn -0.9139 -0.2999 0.2737
vn -0.4065 0.3065 -0.8607
vn 0.6355 -0.2390 -0.7342
vn 0.9102 0.3222 0.2601
vn 0.9721 0.0689 0.2244
vn -0.8006 0.5714 0.1803
vn 0.1970 -0.2425 -0.9499
vn -0.9502 -0.2764 0.1437
vn -0.2538 0.0011 -0.9672
vn -0.8481 0.4144 0.3301
vn 0.2584 0.7352 0.6267
vn 0.0115 0.1743 -0.9846
vn 0.7575 0.1406 -0.6375
vn 0.8562 0.3100 -0.4133
vn 0.4996 0.7491 0.4351
vn -0.1320 0.9887 -0.0708
vn -0.0020 -0.0689 -0.9976
vn 0.8076 0.5513 -0.2094
vn -0.0285 0.5365 -0.8434
vn -0.1408 0.6807 -0.7189
vn -0.1740 0.9359 0.3063
vn -0.0509 0.8683 -0.4935
vn 0.1374 0.2000 -0.9701
vn -0.0094 -0.2485 -0.9686
vn -0.0519 0.8053 -0.5906
vn -0.0729 0.9883 0.1338
vn 0.8464 -0.5004 0.1822
vn 0.8168 -0.5319 0.2235
vn -0.8839 -0.1895 0.4276
vn -0.7901 0.0495 0.6109
vn 0.6844 -0.7118 -0.1579
vn 0.2244 -0.4570 0.8607
vn 0.5872 -0.5389 0.6040
vn 0.1283 0.1481 0.9806
vn 0.9988 0.0099 -0.0476
vn -0.6368 -0.7161 -0.2858
vn -0.9919 -0.0374 -0.1215
vn -0.2718 -0.5503 0.7895
vn -0.4674 -0.8181 0.3350
vn 0.3427 -0.7199 -0.6035
vn 0.1108 -0.0209 0.9936
vn -0.4446 -0.4415 0.7794
vn 0.3458 -0.9027 0.2562
vn 0.9925 -0.0318 -0.1182
vn -0.3336 -0.7372 0.5876
vn -0.6013 -0.6674 -0.4393
vn -0.9237 -0.3813 0.0378
vn 0.1523 -0.8845 -0.4410
vn 0.6936 -0.3511 0.6290
vn 0.6940 -0.3538 0.6270
vn 0.6937 -0.3518 0.6285
vn 0.0069 -0.8609 0.5088
vn -0.0701 -0.8891 0.4523
vn 0.3428 0.3019 0.8896
vn -0.7371 -0.4637 0.4916
vn 0.8133 0.3934 0.4286
vn 0.7708 0.3030 0.5604
vn -0.3118 -0.8368 0.4501
vn -0.6302 -0.4892 0.6029
vn -0.5155 0.0139 0.8568
vn 0.9951 0.0619 -0.0769
vn 0.7697 -0.5192 0.3715
vn -0.4396 -0.4214 0.7932
vn 0.6955 -0.2604 0.6697
vn 0.5157 -0.0550 0.8550
vn 0.4436 -0.0222 0.8959
vn 0.9238 0.0747 0.3756
vn 0.4670 -0.8698 -0.1594
vn 0.9694 -0.1783 -0.1685
vn -0.2430 -0.8757 0.4173
vn 0.7125 0.0876 0.6962
vn 0.6600 -0.6202 0.4239
vn -0.0829 -0.6983 0.7110
vn -0.6233 -0.6826 0.3814
vn -0.6603 -0.6595 0.3592
vn 0.8380 0.2248 0.4972
vn -0.2415 -0.9704 0.0085
vn 0.6837 -0.6055 -0.4073
vn 0.3723 -0.8392 0.3963
vn -0.5631 0.0617 0.8241
vn -0.6818 -0.4597 0.5690
vn -0.6873 -0.7145 -0.1310
vn -0.2034 0.0400 0.9783
vn 0.2101 -0.8179 -0.5357
vn -0.9991 -0.0013 -0.0416
vn -0.9990 -0.0036 -0.0451
vn -0.9991 -0.0022 -0.0430
vn -0.7364 -0.6437 0.2081
vn 0.7340 0.3627 0.5742
vn 0.2939 -0.1281 0.9472
vn -0.0441 -0.9879 -0.1486
vn -0.0438 -0.9878 -0.1492
vn -0.0440 -0.9879 -0.1488
vn 0.7149 -0.6933 -0.0908
vn -0.1611 -0.7677 -0.6203
vn 0.9999 -0.0152 -0.0052
vn -0.0963 -0.8610 -0.4993
vn -0.0496 -0.9894 -0.1364
vn -0.0774 0.2423 0.9671
vn -0.0289 0.2570 0.9660
vn 0.7114 -0.6789 0.1820
vn 0.2003 -0.9791 -0.0341
vn 0.9301 -0.3572 -0.0856
vn -0.7679 0.1541 0.6218
vn 0.0967 0.2582 0.9612
vn 0.1605 -0.9695 -0.1853
vn 0.4271 -0.5098 0.7468
vn 0.8954 -0.0672 0.4401
vn 0.4884 0.3100 0.8157
vn -0.3608 0.2269 0.9046
vn -0.5160 -0.8488 -0.1152
vn 0.0630 -0.6396 -0.7662
vn -0.3820 -0.2021 0.9018
vn -0.7787 -0.4868 -0.3958
vn -0.7784 -0.4872 -0.3959
vn -0.7816 -0.4829 -0.3948
vn -0.5676 -0.8229 -0.0268
vn 0.0621 -0.8239 0.5633
vn -0.0062 -0.5332 0.8460
vn -0.7033 -0.2487 0.6659
vn -0.7042 -0.2485 0.6651
vn -0.7036 -0.2487 0.6657
vn -0.8712 0.3074 0.3827
vn -0.5179 -0.6026 0.6072
vn -0.4838 -0.3137 0.8171
vn 0.8701 -0.4884 0.0665
vn -0.4231 0.1143 0.8988
vn 0.3042 -0.3934 0.8676
vn -0.1717 -0.0895 0.9811
vn -0.7115 -0.0370 0.7018
vn 0.8694 -0.3093 -0.3854
vn -0.0665 -0.9480 -0.3114
vn 0.9868 0.0442 -0.1558
vn 0.2083 -0.6116 -0.7632
vn -0.4412 0.2671 0.8567
vn 0.0801 -0.3345 0.9390
vn 0.5923 -0.7005 -0.3981
vn -0.4025 -0.5501 0.7317
vn -0.4061 -0.7009 -0.5864
vn -0.4296 -0.6965 -0.5747
vn 0.0853 -0.6481 -0.7568
vn -0.1241 -0.9641 0.2348
vn 0.6132 0.3691 0.6984
vn -0.4002 -0.9018 -0.1629
vn -0.0181 -0.6326 0.7743
vn -0.9399 -0.2713 -0.2074
vn 0.6250 -0.7781 0.0627
vn 0.6440 -0.7650 -0.0013
vn 0.3385 -0.8319 -0.4398
vn 0.5701 -0.7582 0.3165
vn 0.4514 -0.4471 0.7723
vn -0.8200 -0.0794 0.5668
vn -0.7289 -0.6512 -0.2113
vn 0.9820 0.0402 0.1843
vn 0.9437 -0.2099 0.2556
vn 0.3990 -0.9155 0.0512
vn -0.9759 0.0120 0.2179
vn -0.9561 -0.0152 0.2925
vn 0.1280 -0.2989 0.9457
vn -0.9460 -0.0710 -0.3164
vn 0.2654 -0.3779 0.8870
vn -0.0594 0.0781 0.9952
vn -0.5975 -0.4150 0.6862
vn 0.1893 -0.0109 0.9819
vn -0.6545 -0.7227 -0.2221
vn 0.3323 -0.8769 -0.3473
vn -0.2180 -0.7878 -0.5760
vn 0.0237 -0.9424 -0.3335
vn -0.8818 -0.3128 0.3530
vn 0.0597 -0.7392 -0.6708
vn 0.1459 -0.9893 0.0013
vn -0.0978 -0.9910 0.0919
vn 0.0382 -0.1838 0.9822
vn 0.0107 -0.7885 0.6150
vn 0.1947 -0.3835 -0.9028
vn -0.4141 -0.5239 0.7443
vn -0.4115 -0.5197 0.7487
vn -0.4120 -0.5206 0.7478
vn -0.0268 0.0243 0.9993
vn -0.2151 -0.7804 0.5871
vn 0.3977 -0.8482 0.3497
vn -0.0112 0.0354 0.9993
vn 0.1665 -0.9563 0.2403
vn -0.1828 -0.7421 -0.6449
vn -0.0138 -0.7327 -0.6805
vn -0.8855 -0.2915 0.3617
vn -0.4958 -0.0855 0.8642
vn 0.1062 -0.8256 -0.5542
vn -0.1741 -0.9624 -0.2087
vn -0.0638 -0.9177 -0.3921
vn -0.0637 -0.9172 -0.3934
vn -0.0638 -0.9176 -0.3925
vn 0.0231 -0.9919 -0.1249
vn 0.3766 -0.6443 0.6656
vn -0.0229 -0.9551 0.2954
vn -0.5484 -0.5967 0.5859
vn 0.7317 -0.1131 0.6722
vn 0.9883 -0.0316 0.1493
vn 0.6668 -0.5298 0.5241
vn 0.1035 -0.9235 0.3693
vn -0.9511 -0.3006 0.0711
vn 0.2838 -0.7728 0.5677
vn -0.4704 -0.4505 0.7587
vn -0.7332 -0.2509 0.6320
vn -0.2299 -0.7848 0.5756
vn 0.3155 -0.3435 0.8846
vn 0.9141 -0.2011 0.3522
vn 0.3188 -0.4944 0.8087
vn 0.1331 -0.9083 -0.3965
vn 0.1472 -0.9520 -0.2684
vn 0.7822 -0.0441 0.6215
vn -0.1920 -0.9672 0.1665
vn 0.9118 0.0832 0.4020
vn 0.7656 0.1085 0.6341
vn 0.4406 -0.8927 -0.0951
vn 0.8913 -0.1245 0.4359
vn 0.3680 -0.3219 0.8723
vn 0.7453 -0.1528 -0.6490
vn -0.9314 -0.2796 0.2329
vn 0.7044 -0.3581 0.6129
vn -0.7630 -0.3896 0.5158
vn -0.6119 -0.5308 0.5864
vn 0.0583 -0.9438 0.3254
vn 0.9943 -0.1066 0.0037
vn 0.2856 -0.7060 0.6480
vn -0.2700 -0.6139 0.7418
vn -0.9456 -0.1626 -0.2819
vn -0.6927 -0.1496 -0.7055
vn 0.8411 -0.0305 -0.5400
vn 0.6089 -0.7506 0.2566
vn -0.4107 -0.8843 0.2221
vn -0.8575 -0.2804 -0.4313
vn -0.4257 -0.5049 0.7509
vn 0.4102 -0.7412 0.5314
vn -0.8012 -0.5824 0.1373
vn 0.4059 -0.8492 -0.3378
vn -0.9578 -0.2022 0.2041
vn -0.7612 -0.5311 0.3721
vn 0.4105 -0.6560 0.6334
vn -0.2975 -0.8878 0.3512
vn 0.6829 -0.1067 0.7227
vn 0.4487 -0.0515 0.8922
vn -0.2033 -0.6967 0.6879
vn 0.4361 0.8094 -0.3933
vn -0.3689 -0.2664 -0.8905
vn 0.8608 0.5018 0.0845
vn 0.8918 -0.0178 -0.4520
vn -0.9936 -0.1078 -0.0348
vn 0.6468 -0.0652 -0.7598
vn -0.8625 0.2506 -0.4397
vn -0.8109 0.5353 -0.2363
vn 0.3109 0.8012 -0.5113
vn 0.1571 0.4660 -0.8707
vn 0.2569 0.5519 -0.7934
vn 0.4026 0.8691 0.2874
vn 0.4454 0.8413 0.3064
vn 0.1892 0.1534 -0.9699
vn -0.7390 0.5717 0.3563
vn -0.3552 0.7302 0.5836
vn 0.8727 -0.4490 -0.1917
vn -0.9720 -0.2351 -0.0006
vn -0.8838 -0.3539 -0.3059
vn 0.9240 0.2453 -0.2935
vn 0.6107 0.5156 -0.6010
vn 0.5614 0.3436 -0.7529
vn 0.4722 0.4152 -0.7775
vn -0.2957 0.8460 -0.4437
vn 0.0683 0.9039 -0.4223
vn 0.2952 0.7655 -0.5717
vn 0.6120 0.6726 0.4159
vn 0.8083 0.4035 -0.4287
vn 0.9907 -0.0703 0.1167
vn 0.7031 -0.0377 -0.7101
vn -0.2686 0.9625 -0.0382
vn -0.8550 -0.2276 -0.4659
vn 0.2226 0.9397 -0.2596
vn 0.5786 0.1550 -0.8008
vn 0.5804 0.7892 -0.2009
vn -0.8013 0.5115 -0.3103
vn -0.5576 -0.0530 -0.8284
vn 0.9991 0.0384 0.0197
vn 0.9796 0.0971 -0.1759
vn 0.1364 0.7934 0.5932
vn 0.8732 -0.1923 -0.4478
vn -0.5532 0.8222 -0.1337
vn -0.4206 0.8944 -0.1521
vn -0.4758 -0.0311 -0.8790
vn 0.3964 -0.0859 -0.9141
vn -0.9967 -0.0718 0.0383
vn 0.5957 0.7567 0.2695
vn -0.9969 0.0638 0.0469
vn -0.9872 0.0609 0.1473
vn 0.1301 0.9915 -0.0020
vn 0.1030 0.6725 -0.7329
vn -0.5968 0.5148 -0.6155
vn 0.7131 -0.2788 -0.6433
vn 0.5641 0.7415 -0.3631
vn -0.6935 0.6095 0.3843
vn -0.3756 0.8670 -0.3275
vn 0.6005 -0.0004 -0.7996
vn 0.8398 -0.3397 0.4235
vn 0.8579 0.1812 -0.4809
vn -0.2857 0.0410 -0.9574
vn 0.2115 -0.0528 -0.9760
vn 0.2126 -0.0520 -0.9758
vn 0.2100 -0.0539 -0.9762
vn -0.4582 0.5912 0.6637
vn 0.6528 0.2704 0.7076
vn 0.5895 0.5644 0.5779
vn 0.0524 0.9829 0.1764
vn -0.4229 0.6465 -0.6349
vn -0.7145 0.6919 0.1036
vn -0.2185 0.9677 0.1257
vn 0.4496 0.5686 -0.6888
vn 0.3719 0.5997 -0.7085
vn -0.9973 -0.0689 -0.0252
vn 0.1034 0.8440 0.5263
vn -0.8835 -0.0442 -0.4663
vn 0.0343 -0.2598 -0.9651
vn 0.9539 -0.1248 0.2728
vn 0.3951 0.9064 -0.1495
vn 0.9129 0.3496 -0.2108
vn -0.9936 -0.1123 -0.0153
vn -0.1390 0.4663 -0.8737
vn -0.5981 -0.1553 -0.7862
vn -0.5372 0.5468 -0.6422
vn -0.1390 0.2642 -0.9544
vn -0.1153 0.2183 -0.9691
vn -0.4143 0.6812 -0.6037
vn -0.9935 -0.0132 -0.1129
vn -0.9955 -0.0511 -0.0797
vn -0.1655 -0.2578 -0.9519
vn 0.0520 0.9506 0.3059
vn 0.4401 0.8889 -0.1271
vn -0.7663 0.0184 -0.6422
vn -0.1620 0.9720 0.1702
vn 0.8482 -0.1227 -0.5153
vn -0.5820 -0.2993 -0.7561
vn -0.3040 -0.1153 -0.9457
vn -0.0458 0.6416 0.7656
vn 0.7424 0.6532 0.1490
vn -0.9033 0.1866 -0.3863
vn 0.4229 0.1857 -0.8870
vn -0.6191 0.7634 -0.1840
vn 0.7490 0.2487 -0.6141
vn -0.9743 0.1258 0.1869
vn -0.4626 0.6698 0.5808
vn -0.8113 -0.0813 -0.5790
vn 0.7694 0.4804 0.4211
vn -0.9999 -0.0157 0.0011
vn -0.1748 0.5695 0.8032
vn -0.0144 -0.1104 0.9938
vn -0.9386 -0.0237 0.3441
vn 0.1568 0.2025 -0.9666
vn 0.2119 0.6442 0.7349
vn -0.6833 -0.1327 -0.7180
vn -0.6708 -0.0854 -0.7367
vn 0.8708 -0.2374 -0.4304
vn 0.5519 0.5702 -0.6085
vn -0.3464 0.1678 -0.9230
vn 0.4536 0.3905 -0.8011
vn -0.6461 0.2749 -0.7120
vn -0.5784 0.2757 -0.7677
vn -0.8642 0.4726 -0.1727
vn 0.3874 0.7694 0.5079
vn 0.3914 -0.1104 -0.9136
vn 0.1963 0.0855 -0.9768
vn 0.7971 0.0791 -0.5986
vn -0.8391 0.0146 0.5437
vn 0.1359 -0.0673 -0.9884
vn -0.9819 -0.1689 0.0853
vn -0.4606 -0.1018 -0.8818
vn -0.9403 -0.0803 -0.3306
vn -0.6436 0.5922 0.4850
vn 0.9708 -0.0384 -0.2367
vn 0.9641 0.0117 -0.2652
vn 0.9998 0.0174 -0.0030
vn 0.7130 -0.1039 -0.6935
vn -0.6443 0.6901 0.3295
vn -0.9551 -0.1381 -0.2621
vn 0.2127 -0.0519 -0.9757
vn 0.4156 -0.0945 -0.9046
vn 0.9973 0.0454 -0.0569
vn -0.5543 0.1190 -0.8237
vn -0.0948 0.3369 -0.9368
vn -0.9052 0.4088 0.1158
vn 0.2488 0.8609 0.4437
vn 0.8197 0.3965 0.4134
vn 0.6734 0.7255 -0.1421
vn 0.5752 0.5838 0.5730
vn 0.5758 0.5835 0.5727
vn 0.5750 0.5839 0.5731
vn 0.5748 0.5840 0.5732
vn -0.3225 0.5995 -0.7325
vn 0.3609 0.7347 0.5744
vn 0.3649 0.9205 0.1395
vn -0.1238 0.2602 -0.9576
vn 0.9696 -0.2412 -0.0421
vn 0.9542 -0.2963 0.0410
vn 0.9821 0.1490 0.1150
vn 0.9821 0.1491 0.1147
vn 0.9821 0.1490 0.1149
vn 0.9821 0.1490 0.1151
vn -0.6926 0.7126 0.1119
vn -0.6606 0.3099 0.6837
vn -0.7001 0.4648 0.5421
vn -0.2911 0.8199 0.4929
vn -0.7461 -0.6445 -0.1672
vn -0.9119 -0.2504 -0.3253
vn -0.8461 -0.0377 -0.5316
vn 0.9217 0.0509 -0.3844
vn -0.9625 0.0942 -0.2543
vn 0.9993 -0.0206 0.0316
vn 0.2954 0.2768 -0.9144
vn -0.1689 0.1391 -0.9758
vn -0.4401 0.3316 -0.8345
vn 0.9990 0.0069 0.0452
vn -0.6502 0.3760 -0.6602
vn -0.0524 -0.0490 -0.9974
vn 0.9658 0.1907 0.1757
vn -0.9404 -0.2771 -0.1972
vn -0.5300 0.7761 0.3417
vn -0.4620 0.8275 0.3190
vn 0.9817 0.1354 -0.1338
vn 0.3729 -0.7153 0.5910
vn -0.3529 0.8658 0.3547
vn -0.8380 0.4256 0.3414
vn 0.3155 0.1381 0.9388
vn 0.1652 -0.2318 -0.9586
vn 0.8909 0.2697 -0.3655
vn -0.0458 0.9989 0.0051
vn 0.7936 0.5810 -0.1806
vn -0.1288 0.7790 0.6137
vn -0.1145 0.8193 0.5618
vn -0.0265 0.6031 -0.7972
vn -0.1426 0.9490 0.2810
vn -0.0029 -0.0187 -0.9998
vn 0.9959 0.0462 0.0775
vn 0.9893 0.0700 0.1279
vn 0.1560 0.2505 -0.9555
vn -0.1387 0.7480 -0.6491
vn 0.1187 0.7298 -0.6733
vn -0.6786 0.2985 0.6711
vn -0.9937 -0.1089 0.0261
vn 0.2493 0.2513 0.9353
vn -0.8481 -0.5255 -0.0682
vn 0.9886 0.1497 -0.0170
vn 0.9894 -0.0129 0.1450
vn 0.8128 -0.5691 -0.1247
vn -0.5763 0.0728 0.8140
vn 0.5861 -0.5899 0.5554
vn 0.7877 -0.4329 0.4383
vn 0.2029 -0.9490 0.2414
vn -0.5072 -0.7708 -0.3854
vn -0.1434 -0.4750 0.8682
vn 0.2776 -0.5283 0.8024
vn -0.1277 -0.2615 0.9567
vn 0.8273 -0.4918 -0.2713
vn 0.7185 -0.6024 -0.3475
vn 0.9887 0.0893 -0.1205
vn 0.7438 0.0898 0.6624
vn -0.2870 -0.4213 0.8603
vn -0.4918 -0.4119 0.7671
vn 0.3403 -0.8250 0.4511
vn -0.0197 -0.9549 0.2964
vn 0.7324 -0.1034 0.6730
vn 0.7283 -0.2121 0.6516
vn -0.7717 -0.4658 0.4329
vn -0.2290 -0.9725 -0.0428
vn -0.6041 -0.4516 0.6566
vn -0.7804 0.0618 0.6223
vn -0.6539 0.0014 0.7566
vn -0.2016 -0.6820 0.7031
vn -0.2139 -0.9431 0.2545
vn -0.4837 -0.2230 0.8463
vn -0.4544 -0.2041 0.8671
vn 0.6733 -0.6934 -0.2567
vn 0.7133 -0.4333 0.5509
vn 0.4755 -0.5185 0.7107
vn 0.4096 -0.5596 0.7205
vn 0.4718 0.0690 0.8790
vn 0.9702 -0.2420 0.0143
vn -0.9732 -0.0675 0.2200
vn -0.4355 -0.3778 0.8171
vn 0.1305 -0.9468 0.2941
vn -0.9351 -0.2689 0.2308
vn 0.9860 0.0632 -0.1541
vn 0.1009 -0.2778 0.9553
vn 0.3810 0.0855 0.9206
vn -0.0819 -0.3555 0.9311
vn 0.6209 0.1640 0.7665
vn 0.4590 -0.8765 0.1450
vn 0.5072 -0.8492 0.1470
vn -0.7988 -0.4453 0.4045
vn -0.2101 -0.4831 0.8500
vn 0.8588 -0.1924 0.4748
vn 0.9597 0.1204 0.2539
vn -0.8685 -0.4718 -0.1518
vn -0.3302 0.0766 0.9408
vn 0.9933 0.1154 -0.0028
vn 0.4918 -0.8660 -0.0901
vn 0.9808 -0.0125 -0.1946
vn 0.0686 0.2481 0.9663
vn 0.6697 -0.6150 -0.4163
vn -0.2943 -0.0890 0.9516
vn 0.1974 -0.8265 -0.5273
vn -0.5571 -0.6423 -0.5264
vn -0.9669 -0.1859 -0.1750
vn 0.2978 -0.2392 0.9242
vn 0.2976 -0.2396 0.9241
vn 0.2912 -0.2489 0.9237
vn 0.7868 -0.6114 -0.0845
vn 0.1980 -0.9725 -0.1224
vn 0.9987 -0.0444 -0.0261
vn -0.7724 0.0472 0.6334
vn -0.1959 -0.8172 -0.5420
vn -0.4744 -0.6130 0.6319
vn 0.8055 -0.0053 0.5926
vn -0.9754 -0.0608 -0.2121
vn -0.8366 -0.4881 0.2489
vn 0.1625 -0.4505 0.8779
vn -0.9962 -0.0313 0.0815
vn 0.1570 -0.8889 0.4303
vn 0.4619 0.0555 0.8852
vn 0.1572 -0.9416 -0.2979
vn 0.9815 -0.0708 0.1779
vn -0.4266 -0.8921 0.1488
vn -0.3654 -0.9199 0.1424
vn 0.6179 -0.0383 0.7853
vn -0.9735 -0.2161 -0.0744
vn 0.0136 0.0393 0.9991
vn -0.2240 0.1423 0.9642
vn -0.2547 -0.9088 0.3305
vn 0.7447 -0.5023 -0.4394
vn 0.8769 -0.2763 0.3934
vn 0.9512 -0.2120 -0.2244
vn -0.7549 -0.0382 0.6548
vn -0.8168 0.1477 0.5576
vn 0.9221 -0.3777 -0.0842
vn 0.4498 -0.6904 -0.5666
vn -0.9092 -0.3828 0.1640
vn 0.6949 0.0906 0.7133
vn 0.8213 -0.4257 -0.3798
vn 0.5238 -0.5807 -0.6232
vn 0.9956 0.0904 -0.0244
vn 0.6941 -0.3544 0.6265
vn 0.0424 -0.8392 -0.5422
vn 0.8949 -0.4432 0.0519
vn -0.1454 -0.2403 0.9598
vn -0.7053 -0.2483 0.6640
vn -0.0917 -0.6297 -0.7714
vn -0.7944 0.2830 0.5374
vn 0.7293 0.1695 0.6628
vn -0.1333 -0.6014 -0.7878
vn 0.2907 -0.2496 0.9237
vn 0.5781 -0.2978 0.7596
vn 0.0464 -0.9988 -0.0142
vn 0.5581 0.2035 0.8044
vn -0.8839 0.1408 0.4460
vn -0.6681 -0.4122 0.6195
vn -0.6045 -0.5823 -0.5436
vn -0.2471 -0.8987 -0.3623
vn -0.1225 0.0510 0.9912
vn -0.9871 -0.0118 -0.1600
vn -0.9941 -0.0208 -0.1067
vn -0.0282 -0.9592 -0.2815
vn -0.8530 -0.5208 -0.0339
vn 0.4495 0.0788 0.8898
vn 0.8816 0.0126 0.4719
vn 0.5783 -0.5852 -0.5684
vn -0.9934 0.0030 0.1149
vn 0.9787 0.1128 0.1717
vn 0.9348 -0.3154 0.1633
vn -0.1640 0.0621 0.9845
vn -0.3995 0.0925 0.9120
vn 0.9583 0.0275 0.2846
vn 0.2503 -0.5687 -0.7835
vn 0.4957 -0.1981 0.8456
vn 0.8735 -0.4685 -0.1327
vn 0.4738 -0.4220 0.7730
vn -0.7819 -0.4825 -0.3947
vn -0.5463 -0.8355 0.0601
vn 0.6921 -0.4832 -0.5362
vn 0.5821 -0.7470 0.3214
vn 0.8725 -0.3845 -0.3015
vn 0.8268 0.0763 0.5572
vn -0.7537 -0.5308 -0.3875
vn 0.9826 0.0914 0.1619
vn -0.3873 -0.6487 -0.6551
vn -0.2748 -0.2882 0.9173
vn 0.9873 0.0040 0.1587
vn -0.9503 -0.0168 0.3109
vn -0.8143 -0.1588 0.5583
vn -0.1489 -0.2586 0.9544
vn -0.1181 -0.1950 0.9737
vn -0.9971 0.0504 -0.0576
vn 0.6125 -0.2159 0.7604
vn -0.5749 0.2642 0.7744
vn -0.9180 -0.2956 -0.2646
vn -0.9664 -0.1249 -0.2246
vn -0.5826 -0.7193 -0.3783
vn -0.2039 0.2331 0.9508
vn -0.2030 0.2328 0.9511
vn -0.2007 0.2319 0.9518
vn 0.5581 -0.6331 -0.5364
vn 0.9283 0.3152 0.1975
vn 0.5694 -0.7594 -0.3148
vn 0.4920 -0.8230 -0.2839
vn 0.0869 0.0550 0.9947
vn 0.4683 -0.7382 -0.4855
vn 0.2568 0.1841 0.9488
vn -0.6643 -0.2025 0.7195
vn 0.0047 -0.6100 0.7924
vn -0.2000 0.2316 0.9520
vn -0.9583 0.2294 0.1704
vn -0.9777 0.1310 0.1643
vn -0.7637 -0.6165 0.1916
vn 0.2077 -0.7934 -0.5721
vn 0.1524 -0.6494 0.7450
vn 0.0878 -0.9915 0.0965
vn -0.0148 0.0211 0.9997
vn -0.9988 -0.0061 -0.0488
vn 0.1734 -0.7076 0.6850
vn -0.6678 -0.6983 -0.2576
vn -0.7721 -0.5827 -0.2538
vn -0.3645 -0.8714 -0.3283
vn 0.8019 -0.2877 0.5237
vn 0.2463 -0.7833 -0.5708
vn -0.2868 -0.6890 0.6656
vn -0.3010 -0.6988 0.6489
vn 0.2366 -0.8836 0.4041
vn 0.9219 -0.2268 0.3140
vn -0.3388 -0.6893 0.6404
vn -0.7692 -0.5209 0.3701
vn -0.0636 -0.9170 -0.3937
vn 0.0562 -0.8134 0.5790
vn 0.2019 -0.9550 -0.2174
vn 0.9576 -0.1489 0.2468
vn -0.4358 -0.7428 0.5082
vn -0.7270 -0.2624 0.6345
vn 0.4782 -0.6142 0.6278
vn -0.3902 -0.8891 0.2393
vn 0.3903 -0.5804 0.7148
vn 0.2830 -0.9420 0.1802
vn 0.4404 -0.5062 0.7415
vn -0.4148 -0.5249 0.7433
vn -0.2002 -0.9622 0.1847
vn -0.7127 -0.5382 0.4500
vn 0.0040 -0.9997 0.0237
vn -0.4357 -0.0688 0.8975
vn -0.4641 -0.7280 0.5046
vn 0.4846 -0.8481 0.2140
vn 0.8933 -0.2398 0.3802
vn 0.0955 -0.9876 -0.1243
vn 0.4621 -0.4353 0.7727
vn -0.4134 -0.8483 -0.3308
vn -0.9737 -0.1021 0.2034
vn -0.3502 -0.8948 -0.2768
vn 0.0056 -0.9764 0.2157
vn 0.4841 -0.8131 -0.3234
vn 0.0641 -0.9497 0.3065
vn -0.7536 -0.3667 0.5455
vn 0.7636 -0.1507 -0.6278
vn -0.1871 -0.0499 0.9811
vn -0.2448 -0.4429 0.8625
vn 0.8371 -0.4295 0.3389
vn -0.8449 -0.3261 -0.4240
vn 0.7264 -0.4777 -0.4941
vn 0.3000 -0.7039 0.6438
vn 0.6336 -0.7736 0.0043
vn -0.2835 -0.7479 -0.6002
vn 0.0184 -0.9986 -0.0498
vn 0.1866 -0.9558 0.2273
vn 0.6864 -0.4419 0.5776
vn 0.1017 -0.8640 0.4931
vn 0.0483 -0.9371 0.3456
vn -0.2182 -0.9098 0.3530
vn 0.2572 -0.7807 -0.5696
vn -0.7375 0.0176 0.6751
vn -0.0414 -0.9243 0.3794
vn -0.5810 -0.8135 -0.0263
vn -0.1050 -0.9131 0.3940
vt 0.622257 0.551498
vt 0.633923 0.568926
vt 0.621945 0.570809
vt 0.340068 0.243448
vt 0.313820 0.245350
vt 0.330984 0.234165
vt 0.162977 0.901473
vt 0.154296 0.915118
vt 0.155504 0.898674
vt 0.162248 0.913219
vt 0.989119 0.832219
vt 0.980790 0.838129
vt 0.982588 0.828356
vt 0.988173 0.840701
vt 0.629535 0.552827
vt 0.654223 0.617590
vt 0.651636 0.590009
vt 0.666813 0.596943
vt 0.632651 0.602533
vt 0.643722 0.610297
vt 0.647426 0.630220
vt 0.676525 0.595341
vt 0.680950 0.615951
vt 0.664680 0.629499
vt 0.666505 0.618167
vt 0.687537 0.585585
vt 0.698266 0.605529
vt 0.707892 0.585814
vt 0.691197 0.615557
vt 0.684950 0.625749
vt 0.979598 0.851611
vt 0.987628 0.850707
vt 0.640746 0.580199
vt 0.629944 0.586263
vt 0.185244 0.397786
vt 0.151848 0.401774
vt 0.191995 0.367598
vt 0.160692 0.368287
vt 0.194564 0.346644
vt 0.165839 0.346546
vt 0.169990 0.313234
vt 0.195598 0.325722
vt 0.169451 0.324837
vt 0.193455 0.310538
vt 0.177773 0.424408
vt 0.160099 0.423609
vt 0.371437 0.217473
vt 0.365939 0.239114
vt 0.356189 0.230853
vt 0.409470 0.197381
vt 0.398852 0.186351
vt 0.381495 0.225040
vt 0.421658 0.182490
vt 0.411708 0.170580
vt 0.147273 0.349977
vt 0.131269 0.331719
vt 0.132184 0.317747
vt 0.143060 0.426574
vt 0.139660 0.414990
vt 0.138170 0.405215
vt 0.126905 0.378149
vt 0.123812 0.365125
vt 0.617152 0.619379
vt 0.426856 0.208061
vt 0.415866 0.222288
vt 0.513954 0.821657
vt 0.529521 0.851884
vt 0.510644 0.835787
vt 0.544695 0.822197
vt 0.963085 0.748973
vt 0.968418 0.730304
vt 0.976316 0.748839
vt 0.051252 0.358886
vt 0.060548 0.341463
vt 0.067331 0.367996
vt 0.462784 0.263929
vt 0.442743 0.259762
vt 0.467458 0.245663
vt 0.031545 0.376551
vt 0.052906 0.383262
vt 0.042004 0.391503
vt 0.989075 0.726937
vt 0.990657 0.743165
vt 0.033270 0.395927
vt 0.022776 0.380298
vt 0.946924 0.727202
vt 0.945392 0.743741
vt 0.399397 0.265467
vt 0.357645 0.265189
vt 0.390399 0.244822
vt 0.787676 0.317331
vt 0.787676 0.332745
vt 0.772242 0.325246
vt 0.439480 0.281697
vt 0.458449 0.279290
vt 0.441199 0.272953
vt 0.936115 0.738205
vt 0.932145 0.716201
vt 0.148530 0.195317
vt 0.172760 0.204343
vt 0.147851 0.204028
vt 0.105721 0.253032
vt 0.095558 0.239927
vt 0.108079 0.217105
vt 0.589337 0.756819
vt 0.597405 0.771196
vt 0.576211 0.778315
vt 0.132460 0.248647
vt 0.128562 0.215746
vt 0.578610 0.711791
vt 0.604925 0.722407
vt 0.578895 0.719323
vt 0.163598 0.181602
vt 0.193442 0.180159
vt 0.197299 0.195098
vt 0.173303 0.195199
vt 0.132383 0.182175
vt 0.482868 0.708444
vt 0.471633 0.708014
vt 0.479173 0.672633
vt 0.110789 0.185230
vt 0.107979 0.196510
vt 0.129514 0.196837
vt 0.492767 0.735651
vt 0.499472 0.729836
vt 0.539503 0.769566
vt 0.576350 0.756679
vt 0.577804 0.734595
vt 0.499472 0.641489
vt 0.478058 0.656536
vt 0.491162 0.639777
vt 0.545799 0.736127
vt 0.523993 0.768041
vt 0.504915 0.738285
vt 0.524351 0.737636
vt 0.505769 0.767429
vt 0.469999 0.676443
vt 0.455598 0.113719
vt 0.467085 0.084217
vt 0.476533 0.092737
vt 0.446348 0.105641
vt 0.485070 0.082054
vt 0.504915 0.087980
vt 0.502865 0.099221
vt 0.162654 0.644715
vt 0.165799 0.683532
vt 0.155339 0.661477
vt 0.154192 0.646343
vt 0.194922 0.242011
vt 0.195487 0.261354
vt 0.179077 0.263415
vt 0.177706 0.242176
vt 0.152770 0.263856
vt 0.154674 0.242368
vt 0.452509 0.147442
vt 0.438289 0.135366
vt 0.472507 0.128487
vt 0.424358 0.156017
vt 0.134036 0.290644
vt 0.135340 0.269147
vt 0.160368 0.282386
vt 0.586760 0.795739
vt 0.573835 0.799458
vt 0.602790 0.792463
vt 0.572949 0.820094
vt 0.520488 0.794318
vt 0.545175 0.795916
vt 0.446817 0.181613
vt 0.434014 0.167750
vt 0.466246 0.162421
vt 0.913752 0.164910
vt 0.913461 0.176921
vt 0.910950 0.183106
vt 0.915491 0.165243
vt 0.029035 0.337328
vt 0.040530 0.316658
vt 0.962877 0.717884
vt 0.853891 0.947678
vt 0.871984 0.955359
vt 0.844048 0.969802
vt 0.849539 0.919848
vt 0.875866 0.930370
vt 0.389546 0.913946
vt 0.378241 0.916098
vt 0.376868 0.914630
vt 0.388937 0.915531
vt 0.491253 0.250418
vt 0.371976 0.917534
vt 0.368842 0.933053
vt 0.367221 0.932336
vt 0.373505 0.919213
vt 0.990657 0.712986
vt 0.978697 0.731245
vt 0.980975 0.717234
vt 0.019970 0.364562
vt 0.475635 0.272612
vt 0.423499 0.939158
vt 0.414456 0.927321
vt 0.415568 0.925928
vt 0.422406 0.941082
vt 0.036916 0.350403
vt 0.921474 0.166104
vt 0.918804 0.185451
vt 0.910866 0.188145
vt 0.930017 0.150909
vt 0.934915 0.155464
vt 0.923313 0.157192
vt 0.383241 0.968962
vt 0.390068 0.965761
vt 0.403315 0.971354
vt 0.393752 0.973558
vt 0.402534 0.976763
vt 0.368662 0.942177
vt 0.376327 0.934516
vt 0.380493 0.951381
vt 0.375803 0.955547
vt 0.383523 0.918108
vt 0.693507 0.942278
vt 0.686770 0.931116
vt 0.686719 0.924176
vt 0.685743 0.947123
vt 0.917496 0.206835
vt 0.924381 0.203232
vt 0.934915 0.212605
vt 0.693507 0.957240
vt 0.686293 0.959514
vt 0.686728 0.965034
vt 0.914057 0.202290
vt 0.468438 0.229208
vt 0.489375 0.229281
vt 0.115439 0.409881
vt 0.097934 0.377964
vt 0.117746 0.380356
vt 0.694509 0.628802
vt 0.681544 0.635338
vt 0.960004 0.866448
vt 0.960004 0.881781
vt 0.945840 0.868485
vt 0.336581 0.828477
vt 0.343687 0.809833
vt 0.354778 0.828477
vt 0.678793 0.646618
vt 0.664316 0.634055
vt 0.623106 0.644128
vt 0.645321 0.642055
vt 0.098348 0.358821
vt 0.089872 0.407389
vt 0.103059 0.351906
vt 0.114187 0.334097
vt 0.415918 0.237989
vt 0.426851 0.256443
vt 0.109779 0.319122
vt 0.091912 0.333728
vt 0.223621 0.554360
vt 0.225377 0.525187
vt 0.241579 0.534519
vt 0.575832 0.838294
vt 0.605008 0.813542
vt 0.950749 0.348735
vt 0.963726 0.345427
vt 0.963726 0.358922
vt 0.444957 0.229403
vt 0.428081 0.228978
vt 0.439009 0.218855
vt 0.566674 0.839588
vt 0.540098 0.854215
vt 0.543089 0.841442
vt 0.578527 0.851942
vt 0.641543 0.665216
vt 0.661769 0.658287
vt 0.659853 0.668716
vt 0.957699 0.775073
vt 0.941932 0.758773
vt 0.960606 0.762900
vt 0.938677 0.771703
vt 0.954102 0.784235
vt 0.077039 0.352613
vt 0.086239 0.378060
vt 0.838395 0.940806
vt 0.837637 0.911841
vt 0.241579 0.590962
vt 0.224923 0.597246
vt 0.075289 0.424557
vt 0.072750 0.400434
vt 0.064118 0.415551
vt 0.828760 0.986649
vt 0.817805 0.980043
vt 0.828760 0.959164
vt 0.222863 0.554346
vt 0.605598 0.837198
vt 0.591669 0.849206
vt 0.657599 0.680139
vt 0.639529 0.677845
vt 0.062490 0.391956
vt 0.051489 0.403708
vt 0.643477 0.653713
vt 0.675885 0.659517
vt 0.662960 0.645763
vt 0.351721 0.809461
vt 0.404209 0.280959
vt 0.381196 0.272212
vt 0.421704 0.282728
vt 0.414425 0.271396
vt 0.605738 0.874925
vt 0.974075 0.762786
vt 0.970885 0.775876
vt 0.590165 0.984683
vt 0.582460 0.971913
vt 0.590165 0.963011
vt 0.873873 0.208648
vt 0.882659 0.187857
vt 0.887694 0.211439
vt 0.119547 0.634313
vt 0.118382 0.606006
vt 0.130668 0.631509
vt 0.660680 0.345371
vt 0.633898 0.342838
vt 0.630627 0.325957
vt 0.639412 0.357245
vt 0.892621 0.383206
vt 0.879628 0.382654
vt 0.878956 0.373575
vt 0.903492 0.392013
vt 0.895816 0.374362
vt 0.136099 0.650153
vt 0.119003 0.672462
vt 0.119620 0.660184
vt 0.133856 0.663431
vt 0.145676 0.656858
vt 0.144363 0.643221
vt 0.154192 0.628373
vt 0.888617 0.412487
vt 0.852624 0.088599
vt 0.842151 0.088231
vt 0.846655 0.057661
vt 0.821333 0.081030
vt 0.828287 0.044563
vt 0.874018 0.114094
vt 0.883330 0.116687
vt 0.869945 0.141400
vt 0.863993 0.087874
vt 0.856559 0.087931
vt 0.867265 0.055567
vt 0.908157 0.366294
vt 0.895277 0.365871
vt 0.133974 0.639802
vt 0.802144 0.981310
vt 0.784384 0.975148
vt 0.802144 0.959164
vt 0.660680 0.312157
vt 0.658475 0.326042
vt 0.636390 0.308719
vt 0.891784 0.359012
vt 0.906036 0.418478
vt 0.907141 0.380758
vt 0.120787 0.703716
vt 0.145254 0.700578
vt 0.598065 0.982203
vt 0.590165 0.974397
vt 0.598065 0.963011
vt 0.872801 0.414290
vt 0.888207 0.438664
vt 0.875094 0.439637
vt 0.140720 0.726260
vt 0.122960 0.730516
vt 0.901811 0.443983
vt 0.886811 0.088463
vt 0.867265 0.112507
vt 0.877654 0.088620
vt 0.857110 0.118992
vt 0.905333 0.194740
vt 0.147363 0.605377
vt 0.109780 0.644945
vt 0.109487 0.635454
vt 0.119770 0.643283
vt 0.841737 0.030289
vt 0.844969 0.114572
vt 0.910684 0.118739
vt 0.906339 0.118552
vt 0.909343 0.086707
vt 0.136350 0.985410
vt 0.127729 0.968868
vt 0.136350 0.962917
vt 0.909035 0.209041
vt 0.133364 0.605352
vt 0.871139 0.176305
vt 0.901903 0.179053
vt 0.865016 0.394895
vt 0.739801 0.330593
vt 0.753395 0.334548
vt 0.754551 0.357881
vt 0.860924 0.031912
vt 0.863345 0.020943
vt 0.889476 0.147925
vt 0.754551 0.316090
vt 0.901072 0.145309
vt 0.660680 0.328718
vt 0.687442 0.330492
vt 0.687442 0.351647
vt 0.846747 0.009119
vt 0.831566 0.000000
vt 0.131431 0.775777
vt 0.141909 0.783829
vt 0.132386 0.786396
vt 0.140645 0.755923
vt 0.153458 0.780342
vt 0.844797 0.142671
vt 0.842623 0.169607
vt 0.831451 0.133771
vt 0.896225 0.474194
vt 0.893687 0.490601
vt 0.885025 0.467716
vt 0.856774 0.158262
vt 0.892605 0.059000
vt 0.892681 0.027251
vt 0.907907 0.042864
vt 0.856665 0.168171
vt 0.908669 0.032503
vt 0.883486 0.036136
vt 0.875697 0.487787
vt 0.871053 0.469735
vt 0.836803 0.991855
vt 0.828760 0.968439
vt 0.836803 0.959164
vt 0.129385 0.758968
vt 0.885481 0.498375
vt 0.875870 0.500175
vt 0.277851 0.979673
vt 0.270571 0.974020
vt 0.277851 0.968330
vt 0.909765 0.059350
vt 0.904726 0.059217
vt 0.885231 0.022610
vt 0.880498 0.057459
vt 0.899209 0.090196
vt 0.848780 0.115150
vt 0.662871 0.308719
vt 0.683568 0.308744
vt 0.896981 0.119445
vt 0.871192 0.084250
vt 0.902823 0.120157
vt 0.854819 0.059242
vt 0.854608 0.143306
vt 0.910684 0.087919
vt 0.909759 0.148710
vt 0.854869 0.188909
vt 0.864327 0.183773
vt 0.485675 0.801416
vt 0.499842 0.796737
vt 0.499842 0.812730
vt 0.837637 0.973655
vt 0.840482 0.974838
vt 0.839837 0.978996
vt 0.984062 0.209292
vt 0.986566 0.210834
vt 0.983162 0.213621
vt 0.840209 0.185467
vt 0.841824 0.178958
vt 0.843354 0.191123
vt 0.932299 0.569618
vt 0.932846 0.561732
vt 0.940887 0.567885
vt 0.139235 0.812844
vt 0.138608 0.826664
vt 0.132726 0.832752
vt 0.142366 0.801349
vt 0.131078 0.808420
vt 0.131414 0.797707
vt 0.140591 0.794941
vt 0.978568 0.124635
vt 0.982684 0.140430
vt 0.977626 0.135703
vt 0.945069 0.557162
vt 0.947876 0.547474
vt 0.951639 0.552667
vt 0.948137 0.541310
vt 0.953476 0.541259
vt 0.491769 0.567957
vt 0.488715 0.580959
vt 0.488616 0.571387
vt 0.988087 0.140510
vt 0.988083 0.132240
vt 0.982831 0.163004
vt 0.975611 0.171987
vt 0.978713 0.162363
vt 0.986892 0.154381
vt 0.160485 0.733670
vt 0.159810 0.729899
vt 0.163751 0.732200
vt 0.125159 0.786345
vt 0.147177 0.791748
vt 0.861085 0.206983
vt 0.867265 0.202871
vt 0.862834 0.218570
vt 0.862055 0.213410
vt 0.866240 0.215436
vt 0.866687 0.211245
vt 0.943678 0.676095
vt 0.943491 0.668355
vt 0.948146 0.676037
vt 0.748220 0.315885
vt 0.744727 0.315885
vt 0.747271 0.311949
vt 0.970401 0.125356
vt 0.966972 0.126142
vt 0.966713 0.115801
vt 0.972520 0.109420
vt 0.983429 0.188984
vt 0.986566 0.189330
vt 0.985476 0.198560
vt 0.985077 0.179090
vt 0.961460 0.120038
vt 0.964367 0.124705
vt 0.980574 0.196298
vt 0.980708 0.185217
vt 0.953097 0.141394
vt 0.954991 0.130435
vt 0.957393 0.139574
vt 0.953891 0.145897
vt 0.942797 0.681423
vt 0.948426 0.681960
vt 0.941413 0.685841
vt 0.937780 0.680247
vt 0.980860 0.210220
vt 0.979949 0.203394
vt 0.985632 0.204545
vt 0.848058 0.190084
vt 0.962074 0.103030
vt 0.896119 0.508091
vt 0.890745 0.512404
vt 0.893115 0.525960
vt 0.886569 0.518272
vt 0.126649 0.821422
vt 0.988087 0.123372
vt 0.974279 0.129191
vt 0.851535 0.196986
vt 0.853104 0.205988
vt 0.848124 0.198395
vt 0.072015 0.981476
vt 0.065888 0.974521
vt 0.072015 0.969582
vt 0.958205 0.587670
vt 0.951704 0.587670
vt 0.953759 0.577724
vt 0.918118 0.555438
vt 0.920948 0.544696
vt 0.926073 0.557147
vt 0.982285 0.474196
vt 0.987087 0.486296
vt 0.977126 0.473360
vt 0.921354 0.538210
vt 0.929958 0.545273
vt 0.921822 0.568398
vt 0.918279 0.567630
vt 0.495469 0.544076
vt 0.499129 0.546798
vt 0.492474 0.553384
vt 0.496537 0.554722
vt 0.488242 0.562542
vt 0.987938 0.150669
vt 0.982477 0.152371
vt 0.165242 0.742207
vt 0.166217 0.752009
vt 0.162287 0.742735
vt 0.950298 0.566618
vt 0.954509 0.566066
vt 0.959457 0.574397
vt 0.971294 0.401890
vt 0.965047 0.407942
vt 0.965549 0.404120
vt 0.161293 0.710253
vt 0.166217 0.715712
vt 0.159808 0.714942
vt 0.693507 0.916578
vt 0.687707 0.924176
vt 0.688191 0.919883
vt 0.885978 0.538911
vt 0.891460 0.545618
vt 0.884904 0.543854
vt 0.502786 0.959145
vt 0.497801 0.966036
vt 0.498674 0.961680
vt 0.965057 0.909501
vt 0.968081 0.916149
vt 0.963440 0.913250
vt 0.942552 0.544987
vt 0.159711 0.720446
vt 0.495564 0.580848
vt 0.492492 0.580226
vt 0.496597 0.568944
vt 0.089391 0.977053
vt 0.087622 0.978549
vt 0.085598 0.974216
vt 0.089391 0.969948
vt 0.085598 0.970125
vt 0.499634 0.543293
vt 0.952614 0.576124
vt 0.957717 0.577724
vt 0.984084 0.106859
vt 0.974108 0.087898
vt 0.685263 0.920595
vt 0.960507 0.414958
vt 0.961748 0.404887
vt 0.960157 0.904051
vt 0.956312 0.914811
vt 0.876069 0.545499
vt 0.879785 0.537393
vt 0.879245 0.545634
vt 0.156204 0.702454
vt 0.154751 0.711974
vt 0.880211 0.520616
vt 0.875703 0.521421
vt 0.969949 0.885929
vt 0.148189 0.964098
vt 0.153959 0.962917
vt 0.153959 0.977897
vt 0.610499 0.805160
vt 0.605738 0.785071
vt 0.610499 0.780318
vt 0.500546 0.671285
vt 0.503886 0.688857
vt 0.499472 0.689777
vt 0.154192 0.720640
vt 0.164026 0.752190
vt 0.157001 0.743580
vt 0.154728 0.734900
vt 0.154295 0.731088
vt 0.843552 0.977013
vt 0.840749 0.971381
vt 0.843552 0.971815
vt 0.857547 0.219392
vt 0.857543 0.211211
vt 0.856005 0.206575
vt 0.856894 0.225597
vt 0.860907 0.225069
vt 0.860372 0.229789
vt 0.955945 0.118715
vt 0.960474 0.127026
vt 0.963091 0.130888
vt 0.959789 0.130816
vt 0.954851 0.126465
vt 0.963276 0.137607
vt 0.964213 0.144553
vt 0.958939 0.145767
vt 0.963052 0.148355
vt 0.931364 0.579452
vt 0.917734 0.574524
vt 0.919497 0.577705
vt 0.928880 0.580995
vt 0.938282 0.674130
vt 0.937774 0.684533
vt 0.936228 0.573544
vt 0.942552 0.562415
vt 0.830191 0.170117
vt 0.830901 0.159889
vt 0.914935 0.537968
vt 0.909464 0.549260
vt 0.909141 0.561137
vt 0.959457 0.533590
vt 0.488562 0.587950
vt 0.495841 0.588960
vt 0.836193 0.356904
vt 0.839962 0.351416
vt 0.839962 0.358560
vt 0.496410 0.592268
vt 0.083458 0.975507
vt 0.082915 0.969582
vt 0.504069 0.544469
vt 0.503670 0.547810
vt 0.941473 0.549345
vt 0.933815 0.533590
vt 0.942552 0.536145
vt 0.898037 0.516146
vt 0.488617 0.592070
vt 0.504069 0.605856
vt 0.164902 0.683532
vt 0.974234 0.433683
vt 0.888693 0.000000
vt 0.890020 0.531148
vt 0.892296 0.002975
vt 0.503886 0.708212
vt 0.157934 0.753042
vt 0.978816 0.172042
vt 0.980835 0.144449
vt 0.164916 0.722340
vt 0.486299 0.574796
vt 0.501288 0.556201
vt 0.965485 0.396615
vt 0.757488 0.333334
vt 0.758274 0.321434
vt 0.764075 0.326916
vt 0.761482 0.312510
vt 0.766412 0.313231
vt 0.978685 0.532824
vt 0.981504 0.547448
vt 0.975628 0.539257
vt 0.961197 0.396348
vt 0.965513 0.369550
vt 0.974234 0.359178
vt 0.969357 0.370158
vt 0.961328 0.380720
vt 0.962472 0.938118
vt 0.961973 0.933939
vt 0.966024 0.936804
vt 0.977743 0.504064
vt 0.981264 0.513852
vt 0.975793 0.514956
vt 0.979436 0.522413
vt 0.973322 0.527410
vt 0.960503 0.384863
vt 0.966493 0.382781
vt 0.967415 0.949261
vt 0.969949 0.960123
vt 0.964345 0.949900
vt 0.762441 0.345360
vt 0.765900 0.337708
vt 0.770121 0.346226
vt 0.966286 0.924942
vt 0.962512 0.923508
vt 0.985079 0.547409
vt 0.983179 0.533546
vt 0.848446 0.978901
vt 0.844820 0.980747
vt 0.843552 0.976816
vt 0.848446 0.972445
vt 0.843815 0.972586
vt 0.981567 0.507159
vt 0.768212 0.355847
vt 0.772242 0.352927
vt 0.956730 0.923296
vt 0.966594 0.960577
vt 0.959677 0.950205
vt 0.956473 0.939061
vt 0.956245 0.934857
vt 0.772242 0.307094
vt 0.358788 0.809461
vt 0.358788 0.815490
vt 0.354778 0.809889
vt 0.985162 0.501520
vt 0.986798 0.507387
vt 0.771285 0.358619
vt 0.981514 0.501640
vt 0.985650 0.514102
vt 0.961034 0.961053
vt 0.970727 0.359012
vt 0.968385 0.394279
vt 0.755884 0.309668
vt 0.984133 0.522711
vt 0.986798 0.553475
vt 0.977115 0.547069
vt 0.499314 0.955265
vt 0.805455 0.332667
vt 0.806175 0.321217
vt 0.811395 0.326434
vt 0.810115 0.313168
vt 0.813495 0.313180
vt 0.497947 0.900102
vt 0.499905 0.913486
vt 0.494540 0.905899
vt 0.495266 0.955402
vt 0.496223 0.964760
vt 0.496512 0.929684
vt 0.502786 0.919447
vt 0.500206 0.929923
vt 0.493417 0.940545
vt 0.891197 0.566789
vt 0.889580 0.562725
vt 0.893861 0.564316
vt 0.496643 0.872937
vt 0.499895 0.882234
vt 0.495274 0.883224
vt 0.498353 0.890402
vt 0.493127 0.895077
vt 0.493127 0.944477
vt 0.498510 0.941968
vt 0.898359 0.575350
vt 0.903116 0.584525
vt 0.895744 0.576643
vt 0.810478 0.343874
vt 0.812909 0.336452
vt 0.817128 0.344312
vt 0.891171 0.553434
vt 0.887431 0.553070
vt 0.503437 0.913907
vt 0.502178 0.900885
vt 0.884971 0.978092
vt 0.881569 0.979614
vt 0.880422 0.976299
vt 0.884971 0.972172
vt 0.880720 0.971834
vt 0.882694 0.969802
vt 0.500297 0.875753
vt 0.815127 0.353469
vt 0.818882 0.350677
vt 0.882138 0.554510
vt 0.900393 0.585716
vt 0.891854 0.578335
vt 0.886164 0.568808
vt 0.884875 0.565090
vt 0.818882 0.307094
vt 0.226715 0.788838
vt 0.226715 0.794576
vt 0.222863 0.789422
vt 0.503339 0.870205
vt 0.504909 0.876070
vt 0.817900 0.356601
vt 0.499468 0.870308
vt 0.503988 0.882552
vt 0.895618 0.587700
vt 0.499564 0.919649
vt 0.500640 0.952607
vt 0.803057 0.310426
vt 0.502857 0.890782
vt 0.504909 0.919447
vt 0.494005 0.912508
vt 0.879456 0.548898
vt 0.690501 0.914133
vt 0.138662 0.850040
vt 0.133946 0.840714
vt 0.139738 0.842858
vt 0.138193 0.833458
vt 0.978084 0.458564
vt 0.979263 0.468316
vt 0.974230 0.460304
vt 0.685230 0.914846
vt 0.687475 0.893859
vt 0.693507 0.885669
vt 0.690730 0.894079
vt 0.685335 0.900953
vt 0.900167 0.557098
vt 0.898638 0.553772
vt 0.902822 0.554316
vt 0.979421 0.435562
vt 0.982048 0.442682
vt 0.976858 0.443762
vt 0.979355 0.452224
vt 0.974839 0.452604
vt 0.684999 0.905073
vt 0.691152 0.903174
vt 0.905562 0.563314
vt 0.909141 0.571650
vt 0.903050 0.564328
vt 0.144567 0.857319
vt 0.142474 0.849068
vt 0.149938 0.855357
vt 0.899796 0.544494
vt 0.896194 0.545162
vt 0.982620 0.468790
vt 0.981965 0.459892
vt 0.906844 0.571012
vt 0.908521 0.574438
vt 0.667784 0.358828
vt 0.664221 0.357557
vt 0.667784 0.353797
vt 0.664145 0.353859
vt 0.665634 0.351647
vt 0.983255 0.437484
vt 0.151472 0.863394
vt 0.154192 0.860361
vt 0.889545 0.541074
vt 0.894146 0.535586
vt 0.891260 0.546522
vt 0.899584 0.565926
vt 0.895523 0.559667
vt 0.894138 0.555777
vt 0.661430 0.358391
vt 0.660680 0.353421
vt 0.154101 0.864368
vt 0.982378 0.433683
vt 0.987087 0.437798
vt 0.985244 0.444116
vt 0.902997 0.573580
vt 0.690539 0.885785
vt 0.905198 0.972944
vt 0.908227 0.970760
vt 0.908227 0.980347
vt 0.691479 0.910880
vt 0.127249 0.832875
vt 0.983252 0.453334
vt 0.974063 0.465963
vt 0.889349 0.537444
vt 0.838064 0.969802
vt 0.956924 0.147884
vt 0.952763 0.134690
vt 0.856921 0.230473
vt 0.946866 0.686696
vt 0.905198 0.978776
vt 0.901340 0.975714
vt 0.905198 0.970760
vt 0.933981 0.666339
vt 0.930364 0.586885
vt 0.948426 0.668495
vt 0.846049 0.969802
vt 0.973527 0.174397
vt 0.976080 0.175822
vt 0.978594 0.193125
vt 0.120092 0.650432
vt 0.909141 0.372142
vt 0.864552 0.648731
vt 0.860802 0.635129
vt 0.864552 0.627068
vt 0.245166 0.704675
vt 0.243899 0.705566
vt 0.243998 0.694962
vt 0.653002 0.585597
vt 0.642565 0.573463
vt 0.653093 0.583187
vt 0.641720 0.575685
vt 0.156963 0.941823
vt 0.161985 0.924818
vt 0.164146 0.938645
vt 0.154192 0.928231
vt 0.841633 0.876292
vt 0.837131 0.865357
vt 0.839441 0.865248
vt 0.245166 0.715639
vt 0.677234 0.589514
vt 0.668962 0.591367
vt 0.668990 0.587994
vt 0.685523 0.582665
vt 0.676307 0.586128
vt 0.683132 0.580752
vt 0.165998 0.950653
vt 0.696338 0.559430
vt 0.698695 0.559772
vt 0.989119 0.870260
vt 0.329531 0.259367
vt 0.308505 0.250553
vt 0.636484 0.565339
vt 0.366809 0.792488
vt 0.366809 0.811445
vt 0.360284 0.802736
vt 0.027355 0.316506
vt 0.031845 0.309498
vt 0.490340 0.273057
vt 0.939971 0.699567
vt 0.939881 0.710675
vt 0.967295 0.708759
vt 0.705140 0.987692
vt 0.694205 0.970588
vt 0.705140 0.962798
vt 0.502079 0.237087
vt 0.503805 0.252570
vt 0.883947 0.947420
vt 0.882395 0.954107
vt 0.504633 0.267103
vt 0.504915 0.272889
vt 0.956326 0.694069
vt 0.967195 0.695541
vt 0.416985 0.916717
vt 0.410851 0.920995
vt 0.367316 0.942980
vt 0.376745 0.961522
vt 0.412235 0.970692
vt 0.402894 0.978966
vt 0.417081 0.969712
vt 0.383103 0.970401
vt 0.403477 0.918394
vt 0.403676 0.916825
vt 0.409488 0.922735
vt 0.171216 0.214189
vt 0.197142 0.213452
vt 0.144475 0.214943
vt 0.126822 0.203937
vt 0.084012 0.219087
vt 0.547235 0.713259
vt 0.547304 0.719222
vt 0.492326 0.106982
vt 0.527196 0.721924
vt 0.194644 0.280725
vt 0.886296 0.929092
vt 0.941094 0.687979
vt 0.875797 0.965760
vt 0.862714 0.969802
vt 0.712043 0.680139
vt 0.712043 0.695693
vt 0.710930 0.681471
vt 0.423499 0.963520
vt 0.910684 0.190009
vt 0.422902 0.951725
vt 0.986101 0.691723
vt 0.983472 0.706703
vt 0.016938 0.330653
vt 0.013402 0.353829
vt 0.000000 0.343821
vt 0.500487 0.229831
vt 0.439180 0.194351
vt 0.773292 0.307094
vt 0.349733 0.252223
vt 0.485675 0.796737
vt 0.478347 0.807893
vt 0.469999 0.802851
vt 0.777479 0.358976
vt 0.510320 0.725181
vt 0.522996 0.866822
vt 0.709540 0.571362
vt 0.342513 0.968538
vt 0.356056 0.951007
vt 0.356056 0.982692
vt 0.358050 0.207293
vt 0.345020 0.221507
vt 0.387570 0.174694
vt 0.400428 0.158542
vt 0.427284 0.125964
vt 0.412521 0.146199
vt 0.475400 0.072510
vt 0.485675 0.813235
vt 0.111043 0.295057
vt 0.197538 0.204663
vt 0.109200 0.274028
vt 0.105256 0.203851
vt 0.501987 0.969423
vt 0.493127 0.981266
vt 0.493560 0.966036
vt 0.502090 0.981266
vt 0.673378 0.669033
vt 0.989815 0.756911
vt 0.236651 0.667513
vt 0.244735 0.652642
vt 0.244735 0.673667
vt 0.568647 0.963011
vt 0.574252 0.981216
vt 0.564051 0.981216
vt 0.127530 0.429681
vt 0.605738 0.715514
vt 0.624782 0.532110
vt 0.636194 0.537965
vt 0.320321 0.225807
vt 0.159699 0.888096
vt 0.165998 0.894462
vt 0.673826 0.525035
vt 0.672629 0.517616
vt 0.682041 0.520113
vt 0.681761 0.527787
vt 0.663350 0.493108
vt 0.656668 0.521379
vt 0.639903 0.503630
vt 0.658588 0.478005
vt 0.651895 0.498835
vt 0.689589 0.498137
vt 0.675512 0.481777
vt 0.675548 0.494835
vt 0.691555 0.530792
vt 0.705381 0.508493
vt 0.712127 0.528046
vt 0.695088 0.487493
vt 0.699824 0.497910
vt 0.280976 0.226819
vt 0.280875 0.217726
vt 0.291986 0.225825
vt 0.288771 0.232952
vt 0.644551 0.528303
vt 0.634907 0.518580
vt 0.214004 0.401810
vt 0.218955 0.368320
vt 0.220476 0.346577
vt 0.215520 0.313260
vt 0.220461 0.324866
vt 0.194329 0.423629
vt 0.348093 0.196618
vt 0.334643 0.211605
vt 0.325194 0.202714
vt 0.363075 0.155933
vt 0.375429 0.165426
vt 0.339589 0.187603
vt 0.375114 0.140910
vt 0.388826 0.150138
vt 0.232543 0.350025
vt 0.634921 0.126453
vt 0.661045 0.139664
vt 0.658488 0.153690
vt 0.630627 0.138366
vt 0.627331 0.508761
vt 0.621055 0.502181
vt 0.612256 0.512525
vt 0.239874 0.378213
vt 0.645216 0.167656
vt 0.661673 0.187577
vt 0.245820 0.365194
vt 0.627394 0.479698
vt 0.345624 0.135491
vt 0.335499 0.150491
vt 0.367082 0.110381
vt 0.357828 0.121674
vt 0.326590 0.118425
vt 0.341720 0.090751
vt 0.689174 0.413139
vt 0.675724 0.411591
vt 0.685676 0.396767
vt 0.992345 0.330002
vt 0.996629 0.343672
vt 0.971539 0.335365
vt 0.282584 0.102945
vt 0.297372 0.093714
vt 0.287515 0.121087
vt 0.988803 0.276082
vt 0.974067 0.274614
vt 0.977032 0.260204
vt 0.986321 0.241239
vt 0.977415 0.289926
vt 0.661447 0.398846
vt 0.674761 0.397168
vt 0.262263 0.104025
vt 0.261637 0.122819
vt 0.246051 0.120096
vt 0.289810 0.167566
vt 0.315738 0.178122
vt 0.291153 0.205788
vt 0.321172 0.133469
vt 0.314519 0.147403
vt 0.996893 0.249276
vt 0.273712 0.123327
vt 0.246119 0.098597
vt 0.235536 0.195366
vt 0.235753 0.204078
vt 0.216762 0.204368
vt 0.697699 0.081196
vt 0.699127 0.046274
vt 0.709812 0.070171
vt 0.722845 0.093146
vt 0.671684 0.072076
vt 0.678112 0.041067
vt 0.732691 0.029443
vt 0.731420 0.036469
vt 0.699712 0.034109
vt 0.219166 0.181634
vt 0.216806 0.195224
vt 0.660191 0.017549
vt 0.655715 0.000000
vt 0.679995 0.007478
vt 0.727496 0.019875
vt 0.753843 0.022150
vt 0.701415 0.014457
vt 0.698562 0.026617
vt 0.676945 0.022912
vt 0.385072 0.056686
vt 0.359699 0.045604
vt 0.372988 0.032353
vt 0.388690 0.013120
vt 0.449939 0.038867
vt 0.426454 0.028949
vt 0.425035 0.009434
vt 0.403688 0.028607
vt 0.399666 0.066445
vt 0.419162 0.043150
vt 0.438001 0.058455
vt 0.417719 0.079542
vt 0.360284 0.762563
vt 0.366149 0.732140
vt 0.366149 0.765589
vt 0.436144 0.096340
vt 0.456755 0.075071
vt 0.464372 0.063566
vt 0.443787 0.046448
vt 0.165799 0.605352
vt 0.154412 0.631613
vt 0.209497 0.263432
vt 0.209574 0.242195
vt 0.228125 0.263898
vt 0.227223 0.242410
vt 0.417481 0.116777
vt 0.401769 0.102113
vt 0.402103 0.136136
vt 0.652230 0.082627
vt 0.664862 0.091683
vt 0.662803 0.112933
vt 0.642996 0.099113
vt 0.708254 0.108110
vt 0.721694 0.113406
vt 0.653206 0.061350
vt 0.689007 0.101184
vt 0.744932 0.137794
vt 0.722378 0.135417
vt 0.362591 0.072993
vt 0.380567 0.085879
vt 0.387322 0.126037
vt 0.749037 0.082533
vt 0.744308 0.110042
vt 0.502763 0.388353
vt 0.503142 0.374206
vt 0.504739 0.379541
vt 0.504739 0.388706
vt 0.953761 0.313407
vt 0.979982 0.303195
vt 0.703334 0.405613
vt 0.692936 0.386177
vt 0.729723 0.927764
vt 0.735030 0.898861
vt 0.753188 0.921973
vt 0.950749 0.345427
vt 0.470236 0.760223
vt 0.469999 0.746302
vt 0.471617 0.747460
vt 0.471639 0.759382
vt 0.290425 0.071006
vt 0.471554 0.741356
vt 0.483527 0.735651
vt 0.484065 0.737555
vt 0.473401 0.742637
vt 0.662376 0.384660
vt 0.674079 0.384688
vt 0.271143 0.089926
vt 0.763816 0.925105
vt 0.764948 0.909714
vt 0.766506 0.910489
vt 0.765203 0.926354
vt 0.988873 0.315973
vt 0.701978 0.691655
vt 0.710930 0.680139
vt 0.707477 0.693990
vt 0.704020 0.682481
vt 0.502968 0.796208
vt 0.493352 0.796737
vt 0.498769 0.790273
vt 0.704550 0.719038
vt 0.710930 0.717082
vt 0.703466 0.706233
vt 0.225348 0.739747
vt 0.238966 0.729308
vt 0.232720 0.739986
vt 0.230418 0.731144
vt 0.234359 0.724496
vt 0.222863 0.770181
vt 0.230363 0.757061
vt 0.232120 0.774141
vt 0.224477 0.755084
vt 0.229377 0.788838
vt 0.238966 0.785896
vt 0.224450 0.778331
vt 0.477973 0.762336
vt 0.477989 0.782551
vt 0.475100 0.775071
vt 0.484442 0.778244
vt 0.478603 0.748463
vt 0.481529 0.788391
vt 0.762647 0.887433
vt 0.755160 0.901825
vt 0.641994 0.408355
vt 0.645214 0.392656
vt 1.000000 0.278212
vt 0.349042 0.681008
vt 0.363004 0.707590
vt 0.353528 0.718301
vt 0.280700 0.182433
vt 0.271595 0.191808
vt 0.264404 0.184643
vt 0.278774 0.150210
vt 0.266746 0.158155
vt 0.258468 0.173772
vt 0.692127 0.464774
vt 0.693124 0.477416
vt 0.675820 0.477157
vt 0.636956 0.455238
vt 0.658296 0.465108
vt 0.366781 0.732140
vt 0.336581 0.694255
vt 0.674424 0.159332
vt 0.680844 0.179118
vt 0.293147 0.136997
vt 0.681577 0.145461
vt 0.700928 0.162485
vt 0.706884 0.934077
vt 0.714767 0.954588
vt 0.694205 0.962798
vt 0.719373 0.154163
vt 0.683884 0.121565
vt 0.312079 0.110694
vt 0.324866 0.103117
vt 0.727187 0.155839
vt 0.755884 0.175289
vt 0.717240 0.168496
vt 0.748934 0.159454
vt 0.658144 0.438811
vt 0.676732 0.438533
vt 0.676949 0.451261
vt 0.247478 0.151113
vt 0.245820 0.136065
vt 0.263161 0.141092
vt 0.250337 0.163357
vt 0.990087 0.215662
vt 1.000000 0.229987
vt 0.972415 0.222627
vt 0.710203 0.891322
vt 0.658203 0.452871
vt 0.642775 0.438014
vt 0.973322 0.566831
vt 0.983540 0.553475
vt 0.983540 0.581336
vt 0.731720 0.947555
vt 0.950749 0.244023
vt 0.974844 0.231995
vt 0.959343 0.253391
vt 0.737646 0.886169
vt 0.706127 0.934047
vt 0.660699 0.199071
vt 0.684590 0.186739
vt 0.667860 0.203202
vt 0.676380 0.424003
vt 0.658225 0.422861
vt 0.972538 0.586986
vt 0.960503 0.573318
vt 0.972538 0.561229
vt 0.645077 0.426561
vt 0.952089 0.271522
vt 0.967951 0.256850
vt 0.691176 0.450995
vt 0.676260 0.464374
vt 0.962730 0.273751
vt 0.689919 0.425874
vt 0.690223 0.439302
vt 0.687442 0.331527
vt 0.689116 0.316416
vt 0.705525 0.326805
vt 0.850077 0.598248
vt 0.860050 0.598969
vt 0.851745 0.627068
vt 0.907796 0.857756
vt 0.924378 0.885929
vt 0.908254 0.880030
vt 0.891180 0.878779
vt 0.929328 0.837852
vt 0.916828 0.843818
vt 0.918135 0.834576
vt 0.845301 0.559208
vt 0.836646 0.575978
vt 0.834685 0.565594
vt 0.864083 0.580037
vt 0.848915 0.573181
vt 0.859390 0.565746
vt 0.652585 0.981185
vt 0.651063 0.991107
vt 0.639554 0.978433
vt 0.930473 0.384458
vt 0.947208 0.395996
vt 0.947681 0.407900
vt 0.930285 0.802739
vt 0.917960 0.447357
vt 0.925028 0.414367
vt 0.927055 0.445895
vt 0.952616 0.447109
vt 0.359163 0.789798
vt 0.360284 0.809461
vt 0.347708 0.790632
vt 0.864998 0.763458
vt 0.855505 0.732112
vt 0.872046 0.761517
vt 0.850977 0.590515
vt 0.835956 0.585315
vt 0.932145 0.880215
vt 0.945338 0.874147
vt 0.945840 0.882399
vt 0.945888 0.359012
vt 0.834397 0.593015
vt 0.928316 0.859944
vt 0.931926 0.853741
vt 0.845624 0.528820
vt 0.826773 0.528780
vt 0.865016 0.525347
vt 0.752089 0.962798
vt 0.752089 0.985564
vt 0.743243 0.974882
vt 0.915215 0.798983
vt 0.917335 0.776523
vt 0.929384 0.779927
vt 0.842500 0.499145
vt 0.856244 0.498164
vt 0.827295 0.499554
vt 0.348971 0.768831
vt 0.905794 0.798925
vt 0.908222 0.779131
vt 0.873180 0.794810
vt 0.713307 0.308719
vt 0.833440 0.624763
vt 0.960503 0.386391
vt 0.652585 0.950336
vt 0.862659 0.590411
vt 0.923067 0.473854
vt 0.877401 0.760404
vt 0.877738 0.789973
vt 0.932145 0.846654
vt 0.925512 0.359869
vt 0.913552 0.378782
vt 0.909141 0.365060
vt 0.099780 0.962917
vt 0.101082 0.986022
vt 0.089724 0.986022
vt 0.865016 0.624998
vt 0.713307 0.343755
vt 0.868870 0.701017
vt 0.849425 0.692189
vt 0.870118 0.687979
vt 0.904544 0.820993
vt 0.886296 0.694441
vt 0.881971 0.725514
vt 0.917536 0.393947
vt 0.968577 0.213621
vt 0.949931 0.213621
vt 0.964451 0.185515
vt 0.870943 0.731023
vt 0.949684 0.475610
vt 0.960503 0.360001
vt 0.840055 0.446917
vt 0.840434 0.436495
vt 0.847603 0.436056
vt 0.943051 0.507085
vt 0.941425 0.533590
vt 0.922741 0.532769
vt 0.922742 0.505162
vt 0.841459 0.465695
vt 0.827947 0.467826
vt 0.869761 0.839428
vt 0.880647 0.819389
vt 0.882033 0.848562
vt 0.858297 0.819423
vt 0.858667 0.850150
vt 0.869888 0.850215
vt 0.900285 0.756671
vt 0.903771 0.728842
vt 0.914905 0.738273
vt 0.924537 0.756373
vt 0.910808 0.753380
vt 0.829796 0.434094
vt 0.849530 0.464827
vt 0.915200 0.726892
vt 0.923779 0.730798
vt 0.867426 0.822518
vt 0.873050 0.821907
vt 0.359366 0.749040
vt 0.358896 0.770887
vt 0.861716 0.792319
vt 0.882274 0.787870
vt 0.848482 0.763391
vt 0.859517 0.763657
vt 0.841969 0.731963
vt 0.346106 0.747451
vt 0.336581 0.766103
vt 0.360284 0.732140
vt 0.752584 0.221291
vt 0.754218 0.248673
vt 0.744727 0.223950
vt 0.754218 0.203202
vt 0.848196 0.692767
vt 0.745545 0.251605
vt 0.749550 0.278398
vt 0.879275 0.868697
vt 0.865855 0.867775
vt 0.886296 0.724594
vt 0.894176 0.739411
vt 0.953737 0.180630
vt 0.954605 0.185515
vt 0.951355 0.182946
vt 0.962331 0.964574
vt 0.964581 0.961053
vt 0.966685 0.965002
vt 0.454696 0.991329
vt 0.460285 0.993642
vt 0.450665 0.996379
vt 0.469925 0.988821
vt 0.463244 0.984688
vt 0.446912 0.962016
vt 0.460266 0.945237
vt 0.458310 0.953351
vt 0.850023 0.421519
vt 0.839830 0.416811
vt 0.846433 0.410706
vt 0.839766 0.426358
vt 0.848509 0.427825
vt 0.962040 0.451093
vt 0.966063 0.461305
vt 0.960503 0.467364
vt 0.607820 0.963011
vt 0.611382 0.966815
vt 0.605360 0.970337
vt 0.487947 0.965776
vt 0.492725 0.964251
vt 0.488840 0.971200
vt 0.965645 0.474661
vt 0.963197 0.470933
vt 0.799749 0.323433
vt 0.795578 0.321744
vt 0.803057 0.310828
vt 0.795192 0.314594
vt 0.797959 0.343809
vt 0.801430 0.344490
vt 0.803057 0.354225
vt 0.796237 0.334430
vt 0.356273 0.890344
vt 0.359524 0.891268
vt 0.356059 0.894185
vt 0.162655 0.960636
vt 0.154192 0.958546
vt 0.160896 0.951770
vt 0.880238 0.886823
vt 0.872204 0.885042
vt 0.881835 0.898390
vt 0.877041 0.896636
vt 0.881124 0.893239
vt 0.875595 0.892669
vt 0.488331 0.993049
vt 0.488853 0.997241
vt 0.480602 0.994662
vt 0.478803 1.000000
vt 0.477213 0.995227
vt 0.483028 0.999846
vt 0.639554 0.976743
vt 0.633070 0.982566
vt 0.637019 0.974140
vt 0.636019 0.991169
vt 0.633085 0.973822
vt 0.636629 0.965330
vt 0.628345 0.976022
vt 0.632222 0.967928
vt 0.884991 0.904333
vt 0.879977 0.905477
vt 0.886296 0.908963
vt 0.963726 0.349154
vt 0.969210 0.346853
vt 0.968646 0.351993
vt 0.957740 0.178136
vt 0.958648 0.183395
vt 0.967061 0.970111
vt 0.962097 0.969666
vt 0.636837 0.957212
vt 0.639554 0.957824
vt 0.633787 0.962442
vt 0.958577 0.969740
vt 0.461915 1.000000
vt 0.627286 0.990567
vt 0.832795 0.418693
vt 0.932145 0.705064
vt 0.928706 0.718995
vt 0.925912 0.711114
vt 0.832672 0.402699
vt 0.839740 0.392604
vt 0.794260 0.307094
vt 0.891656 0.713723
vt 0.888777 0.698699
vt 0.896219 0.693347
vt 0.968584 0.454217
vt 0.971341 0.449990
vt 0.968863 0.433683
vt 0.469139 0.999849
vt 0.468567 0.994417
vt 0.438900 0.982630
vt 0.447745 0.980696
vt 0.438824 0.971211
vt 0.476028 0.967277
vt 0.467612 0.975930
vt 0.467405 0.960304
vt 0.462957 0.955763
vt 0.456977 0.969145
vt 0.481966 0.978132
vt 0.478665 0.981500
vt 0.969500 0.498652
vt 0.966018 0.489183
vt 0.973740 0.496260
vt 0.970342 0.488216
vt 0.961121 0.479757
vt 0.795692 0.330735
vt 0.800027 0.333973
vt 0.362022 0.881013
vt 0.358345 0.881014
vt 0.362124 0.871145
vt 0.365266 0.880888
vt 0.367221 0.871726
vt 0.364121 0.821996
vt 0.358685 0.819250
vt 0.357164 0.815580
vt 0.360128 0.913351
vt 0.358353 0.908947
vt 0.367221 0.906994
vt 0.342513 0.960226
vt 0.339032 0.955588
vt 0.339487 0.951007
vt 0.158621 0.805196
vt 0.156071 0.800610
vt 0.165107 0.797430
vt 0.986091 0.371923
vt 0.982987 0.368699
vt 0.983395 0.363870
vt 0.499589 0.870205
vt 0.497915 0.866577
vt 0.504784 0.863084
vt 0.364600 0.900683
vt 0.357550 0.903524
vt 0.607721 0.975705
vt 0.611382 0.977761
vt 0.360046 0.871321
vt 0.362736 0.867364
vt 0.793602 0.354074
vt 0.800454 0.353272
vt 0.796813 0.358593
vt 0.800768 0.358085
vt 0.974063 0.499790
vt 0.365230 0.868665
vt 0.903936 0.709972
vt 0.336196 0.954566
vt 0.981840 0.892765
vt 0.978104 0.894768
vt 0.975654 0.885929
vt 0.971290 0.894613
vt 0.970419 0.891670
vt 0.980567 0.365529
vt 0.977877 0.359012
vt 0.155068 0.808013
vt 0.974765 0.366774
vt 0.788995 0.318216
vt 0.787676 0.314717
vt 0.924984 0.693029
vt 0.919842 0.708163
vt 0.914989 0.707781
vt 0.241579 0.529339
vt 0.245392 0.525187
vt 0.245392 0.551334
vt 0.909311 0.709315
vt 0.908856 0.690471
vt 0.913796 0.688729
vt 0.920014 0.691976
vt 0.789582 0.323033
vt 0.790101 0.331309
vt 0.792038 0.344422
vt 0.790265 0.334994
vt 0.638653 0.953429
vt 0.632861 0.953203
vt 0.633589 0.950336
vt 0.157711 0.977200
vt 0.165408 0.978575
vt 0.166275 0.990849
vt 0.885352 0.868327
vt 0.885189 0.857411
vt 0.884404 0.875677
vt 0.971316 0.358936
vt 0.972707 0.355389
vt 0.883833 0.890375
vt 0.883678 0.885671
vt 0.972643 0.349259
vt 0.972707 0.345427
vt 0.611237 0.857608
vt 0.611237 0.870985
vt 0.605738 0.859044
vt 0.628345 0.969633
vt 0.628839 0.966094
vt 0.874468 0.898174
vt 0.872579 0.894628
vt 0.630175 0.957474
vt 0.625742 0.963701
vt 0.950259 0.179439
vt 0.484130 0.985839
vt 0.484814 0.988956
vt 0.956245 0.983575
vt 0.965767 0.984783
vt 0.967061 0.987936
vt 0.966070 0.975385
vt 0.960706 0.975750
vt 0.166275 0.950653
vt 0.470165 0.949951
vt 0.481060 0.956234
vt 0.487737 0.981522
vt 0.492999 0.977025
vt 0.490870 0.974898
vt 0.707375 0.880411
vt 0.702166 0.866025
vt 0.707375 0.861486
vt 0.669612 0.355298
vt 0.674640 0.352376
vt 0.671447 0.357476
vt 0.667784 0.358944
vt 0.671556 0.351647
vt 0.674640 0.358501
vt 0.901523 0.687979
vt 0.930465 0.697797
vt 0.165662 0.824240
vt 0.364597 0.894617
vt 0.701865 0.801668
vt 0.706349 0.787929
vt 0.707033 0.802004
vt 0.707029 0.779133
vt 0.702501 0.778706
vt 0.707033 0.775915
vt 0.700655 0.788328
vt 0.863329 0.979529
vt 0.857981 0.979529
vt 0.861086 0.969802
vt 0.968721 0.462441
vt 0.974063 0.453985
vt 0.357575 0.826771
vt 0.857981 0.980555
vt 0.853106 0.976223
vt 0.857981 0.969802
vt 0.827662 0.357042
vt 0.832000 0.351416
vt 0.832000 0.358848
vt 0.362713 0.835811
vt 0.360441 0.829332
vt 0.367221 0.821556
vt 0.980378 0.903480
vt 0.976838 0.902398
vt 0.980803 0.896750
vt 0.976344 0.928675
vt 0.980111 0.929134
vt 0.981840 0.941053
vt 0.975960 0.916559
vt 0.493242 0.842026
vt 0.496915 0.843047
vt 0.493127 0.846227
vt 0.362370 0.864925
vt 0.358886 0.853499
vt 0.365871 0.855217
vt 0.363107 0.846280
vt 0.356312 0.840781
vt 0.975786 0.912485
vt 0.980389 0.916273
vt 0.499316 0.830332
vt 0.496307 0.829934
vt 0.503406 0.819076
vt 0.865008 0.683251
vt 0.860802 0.677708
vt 0.865008 0.670244
vt 0.502278 0.837194
vt 0.504784 0.828088
vt 0.499692 0.854704
vt 0.495450 0.856494
vt 0.988660 0.784873
vt 0.989171 0.796648
vt 0.984839 0.784235
vt 0.499393 0.818953
vt 0.503244 0.815580
vt 0.972465 0.940496
vt 0.978617 0.940224
vt 0.975372 0.944812
vt 0.979364 0.944345
vt 0.367221 0.862215
vt 0.989171 0.825339
vt 0.985727 0.823596
vt 0.986478 0.816613
vt 0.970926 0.903505
vt 0.970173 0.912624
vt 0.971510 0.929106
vt 0.969949 0.916674
vt 0.481315 0.960693
vt 0.484062 0.963684
vt 0.985343 0.828356
vt 0.979598 0.823083
vt 0.856647 0.351416
vt 0.856647 0.358499
vt 0.853870 0.355275
vt 0.089681 0.968435
vt 0.084432 0.963449
vt 0.089681 0.957492
vt 0.983233 0.806886
vt 0.983853 0.796710
vt 0.088982 0.928793
vt 0.088982 0.942953
vt 0.084432 0.934075
vt 0.981679 0.816138
vt 0.988531 0.807321
vt 0.493127 0.961281
vt 0.983612 0.374912
vt 0.356059 0.939847
vt 0.361105 0.943524
vt 0.357411 0.950011
vt 0.476598 0.944362
vt 0.471935 0.953724
vt 0.975877 0.964728
vt 0.971798 0.959537
vt 0.977407 0.951326
vt 0.980119 0.374196
vt 0.980820 0.399214
vt 0.984376 0.399350
vt 0.986091 0.410001
vt 0.979492 0.387743
vt 0.154569 0.776869
vt 0.158065 0.778698
vt 0.154192 0.781187
vt 0.979146 0.991807
vt 0.975116 0.981765
vt 0.981237 0.982141
vt 0.977394 0.974223
vt 0.970778 0.970350
vt 0.979191 0.383953
vt 0.983750 0.387174
vt 0.161595 0.766931
vt 0.158361 0.766245
vt 0.165561 0.756925
vt 0.357448 0.927621
vt 0.360483 0.933684
vt 0.361792 0.924834
vt 0.159851 0.789891
vt 0.155666 0.791069
vt 0.363423 0.954818
vt 0.366964 0.954729
vt 0.161859 0.756364
vt 0.165662 0.753042
vt 0.977579 0.409995
vt 0.983082 0.409446
vt 0.980624 0.414120
vt 0.984690 0.413351
vt 0.983362 0.988541
vt 0.358217 0.916895
vt 0.361636 0.918240
vt 0.974768 0.375548
vt 0.974311 0.384299
vt 0.976295 0.399594
vt 0.974234 0.388495
vt 0.474967 0.956192
vt 0.361266 0.913351
vt 0.366964 0.918119
vt 0.981844 0.993931
vt 0.880422 0.979850
vt 0.875707 0.975284
vt 0.880422 0.969802
vt 0.365432 0.933582
vt 0.365950 0.942952
vt 0.969949 0.957105
vt 0.971792 0.953206
vt 0.366167 0.924808
vt 0.983362 0.944812
vt 0.611511 0.955604
vt 0.616551 0.958847
vt 0.614336 0.961178
vt 0.109746 0.981360
vt 0.113924 0.985350
vt 0.110993 0.990909
vt 0.840371 0.384611
vt 0.843695 0.390190
vt 0.619072 0.965951
vt 0.615407 0.964401
vt 0.621650 0.956265
vt 0.340503 0.961670
vt 0.336338 0.959859
vt 0.337566 0.980317
vt 0.340815 0.980452
vt 0.342513 0.989206
vt 0.336761 0.972726
vt 0.841813 0.371101
vt 0.844818 0.375366
vt 0.839652 0.373969
vt 0.620647 0.988823
vt 0.616947 0.980700
vt 0.624074 0.981660
vt 0.619665 0.972170
vt 0.615636 0.972022
vt 0.336461 0.968809
vt 0.341405 0.971878
vt 0.850104 0.367616
vt 0.847597 0.365608
vt 0.856704 0.361181
vt 0.110014 0.972258
vt 0.112456 0.979203
vt 0.847720 0.375167
vt 0.854635 0.368275
vt 0.835909 0.382113
vt 0.085406 0.951819
vt 0.084432 0.944013
vt 0.088820 0.950844
vt 0.853748 0.360728
vt 0.858130 0.359012
vt 0.335138 0.988709
vt 0.339682 0.988716
vt 0.337705 0.992810
vt 0.341087 0.992184
vt 0.625742 0.986813
vt 0.859024 0.363426
vt 0.832811 0.391634
vt 0.831084 0.385528
vt 0.332024 0.961534
vt 0.331891 0.969665
vt 0.333902 0.980915
vt 0.331894 0.973210
vt 0.836193 0.351416
vt 0.836193 0.357928
vt 0.832000 0.354297
vt 0.087598 0.957492
vt 0.685755 0.353712
vt 0.680261 0.357378
vt 0.681661 0.352526
vt 0.685600 0.351647
vt 0.623009 0.990528
vt 0.118027 0.963102
vt 0.113489 0.969475
vt 0.113051 0.962917
vt 0.116765 0.978915
vt 0.118027 0.984923
vt 0.844751 0.380928
vt 0.117886 0.968491
vt 0.088820 0.942952
vt 0.625742 0.950336
vt 0.829763 0.388910
vt 0.335368 0.951571
vt 0.829114 0.410907
vt 0.952675 0.176505
vt 0.885166 0.911841
vt 0.881752 0.911711
vt 0.637283 0.950688
vt 0.949931 0.185515
vt 0.639132 0.961101
vt 0.956695 0.976699
vt 0.964485 0.353447
vt 0.885492 0.898515
vt 0.685266 0.357378
vt 0.853870 0.351416
vt 0.853870 0.358232
vt 0.850778 0.355001
vt 0.365229 0.867364
vt 0.971995 0.501520
vt 0.829464 0.395697
vt 0.610596 0.852395
vt 0.929313 0.692900
vt 0.851231 0.583806
vt 0.945840 0.866448
vt 0.754218 0.234513
vt 0.755723 0.225531
vt 0.755723 0.234877
vt 0.657250 0.527660
vt 0.657020 0.529639
vt 0.645256 0.536768
vt 0.644719 0.534785
vt 0.361126 0.765589
vt 0.366729 0.765643
vt 0.366567 0.780851
vt 0.360284 0.780539
vt 0.841633 0.854742
vt 0.712070 0.705023
vt 0.710930 0.703689
vt 0.712070 0.695693
vt 0.673400 0.527847
vt 0.688985 0.535445
vt 0.686364 0.536678
vt 0.680380 0.530574
vt 0.638060 0.543847
vt 0.366728 0.790957
vt 0.360637 0.792488
vt 0.757069 0.944406
vt 0.658706 0.373623
vt 0.662462 0.359229
vt 0.673253 0.359012
vt 0.950855 0.301500
vt 0.960132 0.297071
vt 0.270450 0.076616
vt 0.249667 0.086136
vt 0.246305 0.073655
vt 0.287588 0.059411
vt 0.298058 0.054823
vt 0.574252 0.970081
vt 0.582460 0.963011
vt 0.582460 0.985323
vt 0.764827 0.931490
vt 0.269650 0.062712
vt 0.275811 0.062682
vt 0.691244 0.374226
vt 0.693882 0.360694
vt 0.703079 0.364690
vt 0.766248 0.903186
vt 0.502968 0.744619
vt 0.491487 0.737179
vt 0.492022 0.735719
vt 0.245219 0.674132
vt 0.245219 0.694962
vt 0.243899 0.689226
vt 0.109229 0.835666
vt 0.105830 0.846010
vt 0.104203 0.845519
vt 0.504210 0.421486
vt 0.504210 0.441116
vt 0.502763 0.435444
vt 0.609994 0.827301
vt 0.607185 0.838991
vt 0.605738 0.838455
vt 0.245746 0.652642
vt 0.245746 0.671067
vt 0.244735 0.661602
vt 0.477173 0.783591
vt 0.473362 0.775767
vt 0.769018 0.897540
vt 0.767676 0.904147
vt 0.215993 0.214215
vt 0.663711 0.037087
vt 0.645045 0.030094
vt 0.679182 0.030250
vt 0.659792 0.026144
vt 0.728324 0.050676
vt 0.727788 0.074974
vt 0.755884 0.030162
vt 0.754857 0.035914
vt 0.411014 0.013161
vt 0.225341 0.282423
vt 0.240808 0.317809
vt 0.769018 0.946901
vt 0.712127 0.385280
vt 0.254176 0.060985
vt 0.609994 0.852395
vt 0.607345 0.848564
vt 0.245756 0.738705
vt 0.244421 0.732806
vt 0.245756 0.724496
vt 0.700655 0.690466
vt 0.109229 0.855563
vt 0.504561 0.368878
vt 0.766379 0.936064
vt 0.673703 0.373337
vt 0.978142 0.289926
vt 0.996629 0.305776
vt 0.716614 0.962798
vt 0.716614 0.985937
vt 0.705140 0.983005
vt 0.768970 0.896241
vt 0.310149 0.216860
vt 0.281533 0.198379
vt 0.414877 0.008616
vt 0.711653 0.542544
vt 0.634466 0.075941
vt 0.632282 0.160028
vt 0.959927 0.686902
vt 0.948426 0.686763
vt 0.959927 0.666339
vt 0.658881 0.410954
vt 0.365953 0.660808
vt 0.355419 0.650472
vt 0.366781 0.645286
vt 0.366511 0.672892
vt 0.611511 0.480431
vt 0.616846 0.473147
vt 0.234028 0.214994
vt 0.750242 0.050610
vt 0.396907 0.000000
vt 0.795225 0.454678
vt 0.790510 0.440078
vt 0.803210 0.444648
vt 0.788939 0.410229
vt 0.785966 0.441044
vt 0.786428 0.410721
vt 0.581480 0.442107
vt 0.598791 0.438518
vt 0.581032 0.449448
vt 0.560647 0.412640
vt 0.574493 0.410815
vt 0.555925 0.451597
vt 0.593999 0.408436
vt 0.432783 0.545246
vt 0.456761 0.543706
vt 0.452334 0.571718
vt 0.464205 0.576792
vt 0.409293 0.564100
vt 0.435452 0.576246
vt 0.413680 0.577001
vt 0.803299 0.410032
vt 0.813796 0.410955
vt 0.815321 0.457593
vt 0.589179 0.495692
vt 0.583409 0.520584
vt 0.574529 0.492381
vt 0.539238 0.437842
vt 0.547654 0.446442
vt 0.533096 0.497955
vt 0.414697 0.488962
vt 0.433893 0.509402
vt 0.421534 0.515721
vt 0.811279 0.495962
vt 0.813190 0.524009
vt 0.793718 0.520842
vt 0.760782 0.655846
vt 0.764364 0.644855
vt 0.769018 0.658744
vt 0.563899 0.462049
vt 0.552637 0.479279
vt 0.582156 0.470957
vt 0.584241 0.459263
vt 0.598693 0.473537
vt 0.595845 0.481842
vt 0.785373 0.473649
vt 0.813426 0.469759
vt 0.786558 0.482040
vt 0.742400 0.646077
vt 0.728833 0.641515
vt 0.742948 0.582708
vt 0.720586 0.577965
vt 0.758924 0.581836
vt 0.394390 0.503076
vt 0.560983 0.514995
vt 0.741745 0.659617
vt 0.745034 0.661872
vt 0.578595 0.478686
vt 0.570847 0.517453
vt 0.826773 0.491759
vt 0.454508 0.531903
vt 0.455888 0.538818
vt 0.439921 0.478556
vt 0.789135 0.496054
vt 0.541222 0.503137
vt 0.549351 0.485942
vt 0.545786 0.506048
vt 0.384680 0.479447
vt 0.568523 0.456571
vt 0.601882 0.441679
vt 0.600444 0.462016
vt 0.814280 0.462657
vt 0.784986 0.461926
vt 0.744727 0.305099
vt 0.755807 0.278398
vt 0.755807 0.311949
vt 0.529068 0.520476
vt 0.761232 0.557930
vt 0.822877 0.423199
vt 0.490941 0.316391
vt 0.504522 0.290241
vt 0.504850 0.311975
vt 0.779154 0.439259
vt 0.604333 0.409518
vt 0.779597 0.410447
vt 0.774035 0.452413
vt 0.753527 0.654897
vt 0.721926 0.662225
vt 0.772182 0.410749
vt 0.356059 0.988762
vt 0.365942 0.954818
vt 0.365942 0.994057
vt 0.700655 0.753344
vt 0.706523 0.719038
vt 0.704089 0.747187
vt 0.706523 0.775915
vt 0.486299 0.317864
vt 0.495134 0.282728
vt 0.745278 0.565479
vt 0.719985 0.556533
vt 0.525883 0.519042
vt 0.522224 0.518186
vt 0.794756 0.109841
vt 0.810478 0.102848
vt 0.816647 0.121170
vt 0.601864 0.302327
vt 0.573146 0.305740
vt 0.583865 0.290472
vt 0.801733 0.082038
vt 0.799983 0.088973
vt 0.783821 0.074537
vt 0.203107 0.628043
vt 0.199508 0.652287
vt 0.179445 0.640958
vt 0.619759 0.135199
vt 0.597358 0.140635
vt 0.603059 0.076774
vt 0.348734 0.384219
vt 0.356937 0.373421
vt 0.354764 0.393863
vt 0.795671 0.131198
vt 0.778618 0.130775
vt 0.795157 0.117380
vt 0.775779 0.108251
vt 0.795516 0.098234
vt 0.333136 0.346826
vt 0.330077 0.382626
vt 0.320653 0.351031
vt 0.328669 0.395053
vt 0.348832 0.413263
vt 0.321275 0.421837
vt 0.798307 0.047727
vt 0.813954 0.052413
vt 0.352266 0.405205
vt 0.614443 0.058120
vt 0.613479 0.071320
vt 0.776999 0.075651
vt 0.345402 0.336585
vt 0.357532 0.337579
vt 0.303669 0.378397
vt 0.777480 0.045227
vt 0.765503 0.002249
vt 0.786986 0.046405
vt 0.590509 0.086430
vt 0.578919 0.055081
vt 0.776374 0.116662
vt 0.583243 0.127270
vt 0.577765 0.092844
vt 0.585780 0.146686
vt 0.579277 0.150085
vt 0.173684 0.669325
vt 0.189938 0.716085
vt 0.329710 0.387856
vt 0.961576 0.666942
vt 0.970574 0.666339
vt 0.965173 0.678576
vt 0.313785 0.448861
vt 0.288228 0.436519
vt 0.304173 0.414982
vt 0.169440 0.699645
vt 0.168909 0.731420
vt 0.203211 0.725320
vt 0.193414 0.726893
vt 0.219225 0.752953
vt 0.215136 0.752987
vt 0.211874 0.731783
vt 0.216068 0.729258
vt 0.213529 0.715858
vt 0.776064 0.096538
vt 0.794664 0.156549
vt 0.777531 0.155393
vt 0.572637 0.054561
vt 0.216808 0.652096
vt 0.755884 0.042613
vt 0.767979 0.044075
vt 0.761693 0.077691
vt 0.556373 0.080742
vt 0.558922 0.052084
vt 0.817653 0.092946
vt 0.327326 0.644295
vt 0.345541 0.640982
vt 0.344908 0.644436
vt 0.770951 0.044847
vt 0.332118 0.450039
vt 0.327524 0.641174
vt 0.531730 0.356783
vt 0.552190 0.354691
vt 0.553795 0.357983
vt 0.970574 0.687005
vt 0.341499 0.426768
vt 0.770729 0.074118
vt 0.346847 0.372091
vt 0.296213 0.979287
vt 0.289541 0.969035
vt 0.296213 0.968330
vt 0.798922 0.301773
vt 0.798381 0.289771
vt 0.808724 0.291708
vt 0.531216 0.354422
vt 0.292059 0.407889
vt 0.306915 0.346995
vt 0.775712 0.004494
vt 0.769541 0.088518
vt 0.808118 0.157457
vt 0.579063 0.120928
vt 0.571213 0.102181
vt 0.352117 0.284253
vt 0.358690 0.315660
vt 0.347813 0.318310
vt 0.184573 0.730342
vt 0.127729 0.985600
vt 0.118027 0.974385
vt 0.127729 0.962917
vt 0.594755 0.165491
vt 0.821333 0.150062
vt 0.789682 0.289548
vt 0.597738 0.056640
vt 0.290777 0.582652
vt 0.306171 0.537324
vt 0.310905 0.538306
vt 0.209546 0.540201
vt 0.199099 0.491899
vt 0.206693 0.491666
vt 0.817899 0.199103
vt 0.802737 0.201892
vt 0.323978 0.495542
vt 0.576281 0.198741
vt 0.600000 0.247507
vt 0.584963 0.246698
vt 0.312757 0.493759
vt 0.292354 0.489698
vt 0.318550 0.495043
vt 0.606198 0.177146
vt 0.630627 0.184806
vt 0.608126 0.194936
vt 0.623863 0.294660
vt 0.619975 0.313617
vt 0.615096 0.294669
vt 0.813884 0.247444
vt 0.801865 0.246730
vt 0.512432 0.351238
vt 0.513060 0.353668
vt 0.959927 0.683029
vt 0.594468 0.216972
vt 0.591779 0.185395
vt 0.187837 0.491746
vt 0.193081 0.479699
vt 0.609097 0.247196
vt 0.303169 0.582063
vt 0.626143 0.152874
vt 0.603180 0.162945
vt 0.338142 0.317340
vt 0.322171 0.317257
vt 0.616470 0.247550
vt 0.626914 0.246428
vt 0.178507 0.577578
vt 0.195921 0.541168
vt 0.195347 0.590192
vt 0.606462 0.215288
vt 0.181549 0.605108
vt 0.203190 0.612142
vt 0.265866 0.533018
vt 0.266828 0.497190
vt 0.300679 0.535780
vt 0.286553 0.533738
vt 0.241794 0.702456
vt 0.239192 0.693283
vt 0.241951 0.693324
vt 0.610733 0.210059
vt 0.625243 0.308198
vt 0.221255 0.618473
vt 0.219600 0.634602
vt 0.599252 0.182776
vt 0.201289 0.479031
vt 0.209963 0.589656
vt 0.613653 0.317873
vt 0.606910 0.320306
vt 0.306363 0.593761
vt 0.293926 0.598857
vt 0.283928 0.582980
vt 0.272984 0.591322
vt 0.782801 0.301853
vt 0.629947 0.169100
vt 0.278361 0.582603
vt 0.264432 0.583790
vt 0.267812 0.481463
vt 0.222863 0.787994
vt 0.308443 0.319922
vt 0.324785 0.282728
vt 0.794997 0.246305
vt 0.781936 0.201377
vt 0.794834 0.201774
vt 0.239064 0.702981
vt 0.209455 0.478288
vt 0.629269 0.197036
vt 0.182598 0.542101
vt 0.222682 0.602831
vt 0.222863 0.590580
vt 0.178603 0.593467
vt 0.783845 0.245564
vt 0.808149 0.307094
vt 0.598949 0.163838
vt 0.269631 0.470448
vt 0.292867 0.641685
vt 0.308355 0.645286
vt 0.292697 0.645058
vt 0.308620 0.641872
vt 0.746503 0.549519
vt 0.720722 0.542579
vt 0.522925 0.537154
vt 0.514539 0.549347
vt 0.517422 0.531729
vt 0.744048 0.521783
vt 0.725713 0.509256
vt 0.736226 0.470492
vt 0.750103 0.470645
vt 0.512181 0.652710
vt 0.512376 0.605316
vt 0.518880 0.604916
vt 0.723709 0.470340
vt 0.725830 0.415115
vt 0.738301 0.422525
vt 0.823477 0.567504
vt 0.818043 0.610977
vt 0.805504 0.610714
vt 0.804641 0.568016
vt 0.396643 0.391873
vt 0.417141 0.392436
vt 0.424882 0.434774
vt 0.400874 0.441153
vt 0.400251 0.425633
vt 0.400044 0.453144
vt 0.755522 0.421774
vt 0.762247 0.470767
vt 0.748375 0.422007
vt 0.758624 0.520097
vt 0.745556 0.534007
vt 0.522885 0.603405
vt 0.536614 0.602708
vt 0.535927 0.646583
vt 0.517457 0.657614
vt 0.546762 0.646569
vt 0.549408 0.604088
vt 0.565273 0.561143
vt 0.555582 0.605120
vt 0.559585 0.559284
vt 0.783888 0.610100
vt 0.780217 0.565549
vt 0.793326 0.610407
vt 0.803269 0.657719
vt 0.798407 0.610529
vt 0.789299 0.653791
vt 0.722143 0.524724
vt 0.383334 0.440508
vt 0.383291 0.393048
vt 0.380821 0.463617
vt 0.544427 0.553852
vt 0.535993 0.525738
vt 0.796588 0.567229
vt 0.790559 0.566346
vt 0.769018 0.519700
vt 0.763290 0.542095
vt 0.715727 0.501673
vt 0.725353 0.503414
vt 0.712128 0.533678
vt 0.732354 0.470441
vt 0.809299 0.659224
vt 0.391881 0.343844
vt 0.408117 0.344777
vt 0.525312 0.571169
vt 0.528291 0.539240
vt 0.379727 0.345659
vt 0.814026 0.659695
vt 0.518335 0.571111
vt 0.513133 0.565170
vt 0.781165 0.653174
vt 0.473531 0.921302
vt 0.476596 0.905090
vt 0.475629 0.921389
vt 0.474797 0.935978
vt 0.477997 0.876602
vt 0.474489 0.876319
vt 0.477446 0.844967
vt 0.472282 0.904742
vt 0.484904 0.821394
vt 0.480744 0.845232
vt 0.106308 0.485341
vt 0.086315 0.467389
vt 0.103738 0.466755
vt 0.088529 0.498053
vt 0.061608 0.518326
vt 0.056166 0.495662
vt 0.076241 0.506677
vt 0.077314 0.520391
vt 0.839607 0.328756
vt 0.821333 0.328025
vt 0.845173 0.286732
vt 0.258375 0.798595
vt 0.286767 0.825365
vt 0.266245 0.831176
vt 0.054578 0.467487
vt 0.207264 0.122612
vt 0.193875 0.120317
vt 0.194500 0.109869
vt 0.207567 0.113796
vt 0.204668 0.132776
vt 0.223689 0.146810
vt 0.192866 0.157534
vt 0.220303 0.159626
vt 0.133074 0.582392
vt 0.113829 0.571360
vt 0.124964 0.561023
vt 0.104070 0.587746
vt 0.128552 0.605352
vt 0.099989 0.603518
vt 0.101679 0.566941
vt 0.119238 0.586584
vt 0.725988 0.990134
vt 0.716614 0.980132
vt 0.725988 0.962798
vt 0.453909 0.941200
vt 0.245820 0.000598
vt 0.245368 0.028598
vt 0.232269 0.026616
vt 0.220576 0.028579
vt 0.234481 0.000054
vt 0.283359 0.797562
vt 0.308895 0.793320
vt 0.305341 0.822039
vt 0.089350 0.449415
vt 0.056735 0.448751
vt 0.059205 0.429681
vt 0.922110 0.049075
vt 0.910684 0.082249
vt 0.920293 0.048639
vt 0.225163 0.493169
vt 0.222863 0.458164
vt 0.223860 0.458937
vt 0.227051 0.493498
vt 0.218688 0.160839
vt 0.192297 0.159798
vt 0.222863 0.644656
vt 0.223005 0.622310
vt 0.225486 0.621962
vt 0.225296 0.645012
vt 0.275318 0.667568
vt 0.257108 0.668955
vt 0.256834 0.666730
vt 0.273566 0.665334
vt 0.733862 0.878063
vt 0.734542 0.875378
vt 0.769018 0.885440
vt 0.767166 0.886169
vt 0.713155 0.842734
vt 0.720488 0.859670
vt 0.708871 0.839277
vt 0.710024 0.802368
vt 0.091814 0.430356
vt 0.116159 0.432429
vt 0.107170 0.450583
vt 0.146563 0.451524
vt 0.120166 0.466195
vt 0.120231 0.451036
vt 0.138332 0.434702
vt 0.151587 0.437526
vt 0.158295 0.451255
vt 0.246435 0.683673
vt 0.263757 0.688317
vt 0.165113 0.439386
vt 0.123275 0.476984
vt 0.305437 0.665596
vt 0.333810 0.668062
vt 0.333832 0.680024
vt 0.161393 0.480507
vt 0.149814 0.497807
vt 0.149400 0.481251
vt 0.147632 0.464696
vt 0.159092 0.463042
vt 0.882642 0.251783
vt 0.845271 0.269312
vt 0.845493 0.252368
vt 0.867759 0.981142
vt 0.863329 0.979500
vt 0.867759 0.969802
vt 0.480303 0.816915
vt 0.486913 0.815580
vt 0.479808 0.822774
vt 0.309325 0.679514
vt 0.265746 0.699575
vt 0.300864 0.755627
vt 0.272952 0.739932
vt 0.283548 0.682383
vt 0.325195 0.752813
vt 0.248418 0.694888
vt 0.249263 0.711584
vt 0.868947 0.307305
vt 0.856821 0.330746
vt 0.888344 0.307386
vt 0.890241 0.340589
vt 0.871422 0.335107
vt 0.106285 0.495217
vt 0.124490 0.507136
vt 0.107690 0.514271
vt 0.131863 0.521234
vt 0.155170 0.516178
vt 0.139070 0.541093
vt 0.145253 0.561927
vt 0.117520 0.548482
vt 0.161248 0.541123
vt 0.254445 0.784238
vt 0.251313 0.771325
vt 0.279451 0.767310
vt 0.091876 0.517087
vt 0.124346 0.486833
vt 0.823095 0.350240
vt 0.839153 0.349445
vt 0.281198 0.782383
vt 0.330114 0.792891
vt 0.325629 0.821102
vt 0.200799 0.100129
vt 0.194419 0.100098
vt 0.200733 0.093418
vt 0.149670 0.579967
vt 0.093660 0.552127
vt 0.107782 0.549713
vt 0.164714 0.555348
vt 0.166426 0.570787
vt 0.166628 0.604910
vt 0.802144 0.982401
vt 0.806522 0.959164
vt 0.817805 0.982401
vt 0.859170 0.346151
vt 0.872710 0.346562
vt 0.236651 0.674132
vt 0.235020 0.673128
vt 0.287015 0.645286
vt 0.308848 0.646534
vt 0.305410 0.664595
vt 0.236651 0.597246
vt 0.257607 0.648119
vt 0.259421 0.646655
vt 0.486299 0.627386
vt 0.501502 0.605856
vt 0.501502 0.639298
vt 0.721691 0.248803
vt 0.723083 0.225395
vt 0.743440 0.227210
vt 0.742117 0.251753
vt 0.722263 0.282922
vt 0.743137 0.284266
vt 0.320036 0.976431
vt 0.301109 0.976431
vt 0.306600 0.951007
vt 0.914395 0.106528
vt 0.916074 0.106638
vt 0.926477 0.127333
vt 0.924936 0.128006
vt 0.332952 0.667319
vt 0.333440 0.647559
vt 0.220785 0.180321
vt 0.193641 0.178815
vt 0.237313 0.429681
vt 0.912987 0.082291
vt 0.163645 0.436796
vt 0.952763 0.150909
vt 0.937747 0.140441
vt 0.725601 0.203202
vt 0.744727 0.205609
vt 0.894584 0.230473
vt 0.179994 0.028756
vt 0.196599 0.028658
vt 0.191968 0.078071
vt 0.194209 0.094627
vt 0.191605 0.083852
vt 0.184850 0.005623
vt 0.203547 0.002554
vt 0.232448 0.054186
vt 0.224455 0.132894
vt 0.219373 0.046386
vt 0.196598 0.083864
vt 0.209984 0.031578
vt 0.823165 0.289998
vt 0.336581 0.769372
vt 0.324294 0.768107
vt 0.221689 0.001441
vt 0.306806 0.769450
vt 0.244858 0.429681
vt 0.244858 0.523124
vt 0.237313 0.505919
vt 0.336581 0.693234
vt 0.245820 0.748681
vt 0.860802 0.655020
vt 0.863582 0.648731
vt 0.863582 0.670244
vt 0.822329 0.272413
vt 0.451120 0.913946
vt 0.451120 0.942365
vt 0.437816 0.920465
vt 0.884112 0.281109
vt 0.823577 0.256255
vt 0.194667 0.131369
vt 0.733732 0.993317
vt 0.725988 0.969354
vt 0.733732 0.962798
vt 0.090068 0.529694
vt 0.098654 0.528251
vt 0.112912 0.525842
vt 0.451450 0.931421
vt 0.708176 0.343755
vt 0.710872 0.357383
vt 0.700850 0.357383
vt 0.894584 0.351416
vt 0.152858 0.604765
vt 0.237313 0.525187
vt 0.796830 0.368556
vt 0.787877 0.368615
vt 0.556805 0.359012
vt 0.576680 0.359019
vt 0.596119 0.367244
vt 0.438163 0.602161
vt 0.456475 0.638425
vt 0.435835 0.637569
vt 0.817026 0.393302
vt 0.411658 0.637487
vt 0.806758 0.388383
vt 0.825335 0.393826
vt 0.820380 0.359314
vt 0.826773 0.359012
vt 0.796125 0.390066
vt 0.245664 0.652642
vt 0.236651 0.650659
vt 0.245664 0.597246
vt 0.412595 0.600960
vt 0.395831 0.639777
vt 0.400237 0.602036
vt 0.745786 0.683264
vt 0.504850 0.368878
vt 0.801459 0.367378
vt 0.769018 0.370189
vt 0.777940 0.369857
vt 0.469798 0.605516
vt 0.475123 0.639777
vt 0.454803 0.604255
vt 0.742828 0.683489
vt 0.764510 0.720776
vt 0.761505 0.682391
vt 0.611511 0.369405
vt 0.726375 0.718530
vt 0.713049 0.718389
vt 0.745669 0.718733
vt 0.971083 0.522354
vt 0.972080 0.529305
vt 0.966141 0.530456
vt 0.964888 0.521550
vt 0.331541 0.971546
vt 0.320353 0.976580
vt 0.320036 0.955796
vt 0.331891 0.951007
vt 0.598065 0.970270
vt 0.605360 0.963011
vt 0.605360 0.982803
vt 0.331891 0.989427
vt 0.488388 0.428386
vt 0.499599 0.417005
vt 0.500784 0.437333
vt 0.486299 0.391323
vt 0.499573 0.392686
vt 0.490515 0.459625
vt 0.488093 0.445386
vt 0.502763 0.455324
vt 0.961118 0.561229
vt 0.960503 0.555167
vt 0.973322 0.556235
vt 0.700655 0.809107
vt 0.707483 0.802004
vt 0.707483 0.819713
vt 0.488548 0.368878
vt 0.502763 0.375776
vt 0.970149 0.509870
vt 0.964625 0.511079
vt 0.963601 0.501520
vt 0.499472 0.661084
vt 0.504077 0.658703
vt 0.504738 0.671285
vt 0.973322 0.539621
vt 0.965668 0.535341
vt 0.148189 0.962917
vt 0.148189 0.979277
vt 0.136350 0.975535
vt 0.104203 0.809502
vt 0.103757 0.823442
vt 0.091410 0.812222
vt 0.089395 0.835459
vt 0.103086 0.843291
vt 0.089590 0.862637
vt 0.104203 0.861890
vt 0.500026 0.645933
vt 0.504738 0.639777
vt 0.666302 0.206085
vt 0.665743 0.203202
vt 0.673054 0.205423
vt 0.630627 0.262364
vt 0.633093 0.262020
vt 0.644445 0.282087
vt 0.642477 0.284199
vt 0.630778 0.243367
vt 0.633657 0.244096
vt 0.721691 0.281401
vt 0.719238 0.280792
vt 0.719115 0.243727
vt 0.721691 0.243421
vt 0.711212 0.226400
vt 0.699451 0.211721
vt 0.701784 0.210522
vt 0.713908 0.226132
vt 0.705536 0.302743
vt 0.706626 0.304319
vt 0.654047 0.211907
vt 0.643010 0.224806
vt 0.640747 0.223471
vt 0.652573 0.209422
vt 0.683420 0.204247
vt 0.683088 0.206424
vt 0.657678 0.297854
vt 0.655610 0.300339
vt 0.678973 0.306237
vt 0.678691 0.308720
vt 0.009770 0.485341
vt 0.012226 0.466755
vt 0.024797 0.467389
vt 0.022902 0.498053
vt 0.035280 0.506677
vt 0.040081 0.520391
vt 0.050214 0.583755
vt 0.081346 0.575947
vt 0.052230 0.602087
vt 0.063387 0.639462
vt 0.064541 0.605352
vt 0.087257 0.605472
vt 0.178020 0.122595
vt 0.179077 0.113780
vt 0.182821 0.132764
vt 0.156879 0.146772
vt 0.160282 0.159592
vt 0.000000 0.582392
vt 0.003880 0.561023
vt 0.012335 0.571360
vt 0.022207 0.587746
vt 0.025004 0.603518
vt 0.002572 0.605352
vt 0.009015 0.586584
vt 0.025678 0.566941
vt 0.066360 0.524854
vt 0.043275 0.532301
vt 0.493127 0.944362
vt 0.120106 0.000527
vt 0.142386 0.026565
vt 0.127498 0.028531
vt 0.138856 0.000000
vt 0.152751 0.028541
vt 0.109487 0.634684
vt 0.089304 0.633831
vt 0.103101 0.028652
vt 0.084067 0.000170
vt 0.098056 0.000594
vt 0.025680 0.449415
vt 0.006846 0.788096
vt 0.012496 0.765628
vt 0.024894 0.782616
vt 0.000000 0.769345
vt 0.051420 0.759806
vt 0.024418 0.763491
vt 0.021133 0.748362
vt 0.046368 0.777594
vt 0.068338 0.758981
vt 0.064245 0.774452
vt 0.088298 0.748309
vt 0.083195 0.771499
vt 0.005152 0.731087
vt 0.005297 0.749879
vt 0.022156 0.737218
vt 0.125164 0.161795
vt 0.068590 0.729272
vt 0.051599 0.729703
vt 0.049729 0.713524
vt 0.052128 0.746454
vt 0.068896 0.747032
vt 0.899219 0.614906
vt 0.900414 0.652297
vt 0.883595 0.653311
vt 0.185106 0.093409
vt 0.184844 0.083858
vt 0.493127 0.817949
vt 0.489247 0.823535
vt 0.126836 0.147212
vt 0.085126 0.131685
vt 0.083954 0.088647
vt 0.103804 0.068935
vt 0.101979 0.146572
vt 0.130560 0.070604
vt 0.097742 0.164580
vt 0.089219 0.736111
vt 0.066289 0.552680
vt 0.046938 0.566633
vt 0.071736 0.531803
vt 0.046067 0.551485
vt 0.004351 0.721319
vt 0.007494 0.702518
vt 0.021539 0.707273
vt 0.028687 0.692477
vt 0.054951 0.694778
vt 0.035220 0.672000
vt 0.019298 0.654006
vt 0.040038 0.650643
vt 0.015645 0.667527
vt 0.085986 0.143772
vt 0.098579 0.769817
vt 0.059332 0.669367
vt 0.061831 0.654875
vt 0.091796 0.664613
vt 0.023525 0.517087
vt 0.022700 0.727358
vt 0.090167 0.649405
vt 0.186782 0.100121
vt 0.042238 0.632195
vt 0.016318 0.549713
vt 0.030543 0.552127
vt 0.042682 0.607212
vt 0.921961 0.602760
vt 0.915757 0.654149
vt 0.919590 0.680987
vt 0.901742 0.676175
vt 0.143234 0.054136
vt 0.158105 0.046351
vt 0.157110 0.132856
vt 0.928673 0.596961
vt 0.163327 0.031552
vt 0.928563 0.652604
vt 0.079590 0.598453
vt 0.128347 0.055396
vt 0.151949 0.001401
vt 0.933981 0.684621
vt 0.084770 0.044526
vt 0.105620 0.053590
vt 0.091152 0.693043
vt 0.083365 0.060162
vt 0.933981 0.587700
vt 0.867015 0.654508
vt 0.882044 0.676702
vt 0.865016 0.676872
vt 0.871160 0.615252
vt 0.009655 0.495217
vt 0.028718 0.529694
vt 0.021533 0.528251
vt 0.012379 0.514271
vt 0.009614 0.548482
vt 0.010701 0.525842
vt 0.012072 0.690443
vt 0.491208 0.934626
vt 0.664467 0.958968
vt 0.685275 0.950336
vt 0.685275 0.975556
vt 0.083657 0.536272
vt 0.024983 0.631812
vt 0.011766 0.645459
vt 0.014806 0.629649
vt 0.019855 0.609738
vt 0.028125 0.430356
vt 0.166628 0.758427
vt 0.185840 0.754790
vt 0.821333 0.001058
vt 0.185938 0.792481
vt 0.577387 0.001768
vt 0.585329 0.171307
vt 0.356810 0.640945
vt 0.366244 0.643865
vt 0.356830 0.643941
vt 0.201977 0.752886
vt 0.586595 0.316218
vt 0.590031 0.001242
vt 0.344343 0.282897
vt 0.788110 0.005945
vt 0.367221 0.641280
vt 0.206478 0.791014
vt 0.268488 0.604882
vt 0.760563 0.001578
vt 0.759986 0.023110
vt 0.756796 0.000000
vt 0.803591 0.006721
vt 0.617893 0.034699
vt 0.241376 0.724496
vt 0.241473 0.712800
vt 0.243899 0.723612
vt 0.238793 0.713330
vt 0.605105 0.000935
vt 0.046541 0.817234
vt 0.045043 0.812481
vt 0.051827 0.812436
vt 0.894401 0.980530
vt 0.890605 0.976506
vt 0.894401 0.970760
vt 0.500241 0.522651
vt 0.501634 0.543293
vt 0.488748 0.543155
vt 0.486456 0.523036
vt 0.154192 0.882598
vt 0.160916 0.865916
vt 0.165882 0.875381
vt 0.166206 0.888096
vt 0.949931 0.158814
vt 0.937704 0.169394
vt 0.941143 0.150909
vt 0.424906 0.969632
vt 0.424665 0.950659
vt 0.437816 0.950619
vt 0.436170 0.979311
vt 0.934927 0.189369
vt 0.949059 0.176621
vt 0.947081 0.195680
vt 0.934915 0.197293
vt 0.500458 0.509948
vt 0.423499 0.929898
vt 0.437816 0.924630
vt 0.161144 0.850711
vt 0.160554 0.838017
vt 0.166206 0.836960
vt 0.165826 0.854428
vt 0.504878 0.539957
vt 0.501634 0.537172
vt 0.504878 0.529433
vt 0.035196 0.814533
vt 0.949931 0.211189
vt 0.943688 0.213621
vt 0.486308 0.501131
vt 0.500620 0.494520
vt 0.486299 0.478453
vt 0.501634 0.475148
vt 0.491191 0.459625
vt 0.424528 0.913946
vt 0.159051 0.827279
vt 0.165025 0.824240
vt 0.052063 0.809502
vt 0.080882 0.885818
vt 0.087098 0.863421
vt 0.089395 0.863443
vt 0.082503 0.887545
vt 0.086642 0.846310
vt 0.089395 0.845273
vt 0.002609 0.855192
vt 0.002869 0.890913
vt 0.000346 0.891725
vt 0.000000 0.855151
vt 0.017950 0.820871
vt 0.020357 0.821807
vt 0.009005 0.837241
vt 0.006374 0.837282
vt 0.017292 0.910823
vt 0.016237 0.912459
vt 0.078142 0.826763
vt 0.076094 0.828349
vt 0.063978 0.816733
vt 0.065081 0.814073
vt 0.034715 0.812427
vt 0.067163 0.903382
vt 0.065600 0.901378
vt 0.043916 0.913736
vt 0.043837 0.911450
vt 0.707743 0.802563
vt 0.933458 0.016423
vt 0.125884 0.163035
vt 0.611253 0.780318
vt 0.605738 0.746033
vt 0.607427 0.745599
vt 0.160603 0.160806
vt 0.232977 0.928844
vt 0.234480 0.952256
vt 0.232178 0.951723
vt 0.234917 0.928949
vt 0.504365 0.388706
vt 0.504365 0.408090
vt 0.502763 0.407583
vt 0.082112 0.773129
vt 0.097260 0.771224
vt 0.733862 0.728273
vt 0.769018 0.720776
vt 0.734542 0.730609
vt 0.086351 0.793468
vt 0.051162 0.797580
vt 0.084647 0.792278
vt 0.713155 0.762285
vt 0.720488 0.746036
vt 0.708871 0.766050
vt 0.162176 0.180287
vt 0.245153 0.900877
vt 0.110295 0.184202
vt 0.131585 0.180950
vt 0.097155 0.165975
vt 0.245153 0.977250
vt 0.109487 0.790208
vt 0.047394 0.779106
vt 0.015034 0.809502
vt 0.026514 0.783938
vt 0.032730 0.803927
vt 0.008956 0.789719
vt 0.744727 0.314916
vt 0.724472 0.316090
vt 0.935446 0.017376
vt 0.951250 0.000000
vt 0.952763 0.000592
vt 0.504649 0.529433
vt 0.501634 0.512078
vt 0.504649 0.494076
vt 0.611253 0.711791
vt 0.727162 0.397562
vt 0.399711 0.321886
vt 0.404599 0.335167
vt 0.421065 0.330999
vt 0.526174 0.669587
vt 0.510053 0.674658
vt 0.540960 0.660130
vt 0.772116 0.664840
vt 0.788702 0.666523
vt 0.693068 0.965034
vt 0.693068 0.982260
vt 0.685743 0.973721
vt 0.550657 0.656735
vt 0.800772 0.674467
vt 0.817055 0.669167
vt 0.733687 0.399829
vt 0.740710 0.403773
vt 0.747087 0.408844
vt 0.755090 0.409089
vt 0.383661 0.332649
vt 0.375755 0.333317
vt 0.472742 0.306811
vt 0.455955 0.321152
vt 0.456643 0.304990
vt 0.441759 0.315511
vt 0.443882 0.304600
vt 0.761898 0.962798
vt 0.761898 0.982547
vt 0.752089 0.981084
vt 0.549765 0.697365
vt 0.550464 0.685044
vt 0.561136 0.685023
vt 0.687442 0.358969
vt 0.696979 0.347287
vt 0.700850 0.358965
vt 0.906005 0.308945
vt 0.950749 0.324944
vt 0.910834 0.333153
vt 0.935141 0.351416
vt 0.927237 0.350552
vt 0.944129 0.345822
vt 0.949876 0.312530
vt 0.945524 0.295685
vt 0.948641 0.238461
vt 0.894584 0.260871
vt 0.897376 0.240503
vt 0.950749 0.256212
vt 0.917244 0.217368
vt 0.927725 0.215662
vt 0.941010 0.219853
vt 0.909108 0.221280
vt 0.899460 0.282170
vt 0.947022 0.278074
vt 0.527332 0.698883
vt 0.529929 0.677685
vt 0.588916 0.682904
vt 0.590370 0.694342
vt 0.579959 0.695490
vt 0.578309 0.683273
vt 0.561638 0.697518
vt 0.946352 0.860234
vt 0.943864 0.866448
vt 0.935776 0.861628
vt 0.937759 0.855068
vt 0.460662 0.294692
vt 0.476318 0.297409
vt 0.730307 0.325017
vt 0.730996 0.334314
vt 0.722761 0.332788
vt 0.721691 0.325699
vt 0.441090 0.294603
vt 0.424927 0.294417
vt 0.429674 0.317894
vt 0.411225 0.293561
vt 0.414676 0.318691
vt 0.399477 0.316983
vt 0.398110 0.293209
vt 0.377231 0.295094
vt 0.378477 0.314658
vt 0.756611 0.392101
vt 0.747643 0.392903
vt 0.749104 0.371425
vt 0.756922 0.371505
vt 0.725118 0.371022
vt 0.739659 0.392016
vt 0.731850 0.391149
vt 0.722218 0.390079
vt 0.506931 0.700029
vt 0.510390 0.680952
vt 0.558647 0.673144
vt 0.955496 0.827887
vt 0.955782 0.862715
vt 0.968414 0.858280
vt 0.444061 0.326155
vt 0.944345 0.808652
vt 0.957031 0.816547
vt 0.974567 0.813953
vt 0.971132 0.827918
vt 0.940556 0.821261
vt 0.933111 0.817048
vt 0.979598 0.843795
vt 0.974005 0.853463
vt 0.932145 0.835958
vt 0.935293 0.846135
vt 0.901005 0.231848
vt 0.945575 0.227503
vt 0.730439 0.349156
vt 0.722522 0.346712
vt 0.410839 0.286507
vt 0.424048 0.287477
vt 0.376297 0.287602
vt 0.398193 0.286033
vt 0.367221 0.288758
vt 0.368090 0.296134
vt 0.725502 0.362976
vt 0.749532 0.364021
vt 0.524731 0.706677
vt 0.504915 0.707872
vt 0.462196 0.288414
vt 0.477966 0.290617
vt 0.561473 0.702234
vt 0.546239 0.704065
vt 0.700850 0.343755
vt 0.580826 0.700120
vt 0.611511 0.699076
vt 0.603872 0.698191
vt 0.602552 0.693343
vt 0.610022 0.694294
vt 0.440929 0.287697
vt 0.484334 0.298385
vt 0.486299 0.292589
vt 0.735403 0.349744
vt 0.735816 0.334426
vt 0.590665 0.699129
vt 0.410172 0.283174
vt 0.423773 0.284230
vt 0.377587 0.284069
vt 0.399218 0.282728
vt 0.368907 0.285205
vt 0.503939 0.966036
vt 0.504904 0.976988
vt 0.502090 0.976988
vt 0.725414 0.359012
vt 0.748444 0.360315
vt 0.524800 0.710618
vt 0.505886 0.711790
vt 0.461816 0.285445
vt 0.477159 0.287297
vt 0.561588 0.704894
vt 0.545198 0.707595
vt 0.580789 0.702830
vt 0.610491 0.701867
vt 0.603227 0.701085
vt 0.440406 0.284472
vt 0.736104 0.324859
vt 0.739028 0.325282
vt 0.738363 0.334020
vt 0.738041 0.348880
vt 0.590109 0.701933
vt 0.082915 0.982145
vt 0.077507 0.978433
vt 0.082915 0.969582
vt 0.841870 0.890369
vt 0.837131 0.882335
vt 0.841870 0.876292
vt 0.737118 0.357946
vt 0.731983 0.357079
vt 0.739801 0.357031
vt 0.597971 0.684391
vt 0.951704 0.587120
vt 0.942552 0.587120
vt 0.944301 0.577724
vt 0.480221 0.307154
vt 0.736398 0.316175
vt 0.739801 0.316090
vt 0.370235 0.316489
vt 0.757473 0.364103
vt 0.756220 0.360396
vt 0.794436 0.687979
vt 0.425877 0.340025
vt 0.961353 0.791489
vt 0.954181 0.784235
vt 0.979598 0.792289
vt 0.367221 0.296371
vt 0.720472 0.353065
vt 0.713307 0.351379
vt 0.720472 0.308719
vt 0.556166 0.001384
vt 0.366889 0.319831
vt 0.306898 0.283804
vt 0.580233 0.346928
vt 0.581619 0.355167
vt 0.630561 0.345851
vt 0.607121 0.355043
vt 0.605937 0.346932
vt 0.202136 0.433851
vt 0.192169 0.441976
vt 0.191230 0.434618
vt 0.263326 0.632434
vt 0.245820 0.639116
vt 0.248095 0.632159
vt 0.294632 0.961024
vt 0.254801 0.956861
vt 0.250639 0.948846
vt 0.935845 0.658882
vt 0.951092 0.660245
vt 0.949042 0.666339
vt 0.355885 0.635406
vt 0.360921 0.629023
vt 0.365995 0.636691
vt 0.343115 0.625467
vt 0.327597 0.635454
vt 0.325983 0.625867
vt 0.316247 0.616815
vt 0.324092 0.608846
vt 0.294714 0.901429
vt 0.301109 0.922478
vt 0.245820 0.928988
vt 0.612473 0.326666
vt 0.620472 0.325579
vt 0.602607 0.328006
vt 0.345172 0.634561
vt 0.302080 0.612593
vt 0.313760 0.625794
vt 0.295247 0.635373
vt 0.310203 0.635512
vt 0.298799 0.952331
vt 0.301109 0.940634
vt 0.548563 0.320373
vt 0.537742 0.335148
vt 0.536266 0.326404
vt 0.950173 0.622981
vt 0.936252 0.645425
vt 0.933981 0.634438
vt 0.936361 0.616549
vt 0.952538 0.608953
vt 0.514598 0.346231
vt 0.630627 0.353147
vt 0.606127 0.358852
vt 0.581600 0.359012
vt 0.201432 0.430197
vt 0.628223 0.356669
vt 0.236503 0.723305
vt 0.275955 0.640014
vt 0.275381 0.643447
vt 0.263565 0.642823
vt 0.247252 0.642895
vt 0.262120 0.639153
vt 0.190844 0.430942
vt 0.506609 0.343685
vt 0.968732 0.617213
vt 0.579311 0.325360
vt 0.965371 0.628131
vt 0.551778 0.334354
vt 0.512137 0.330948
vt 0.277733 0.633501
vt 0.940022 0.651804
vt 0.549553 0.347610
vt 0.532342 0.349286
vt 0.202510 0.441250
vt 0.243161 0.681558
vt 0.241327 0.674132
vt 0.243899 0.674664
vt 0.240492 0.681453
vt 0.250535 0.878883
vt 0.251245 0.854015
vt 0.291449 0.854201
vt 0.247831 0.906803
vt 0.271794 0.831176
vt 0.264186 0.833611
vt 0.281415 0.834929
vt 0.271331 0.968330
vt 0.263201 0.965979
vt 0.292425 0.866687
vt 0.623685 0.000000
vt 0.267217 0.609376
vt 0.251078 0.613017
vt 0.520081 0.332831
vt 0.981651 0.642486
vt 0.975841 0.651212
vt 0.979771 0.626210
vt 0.290651 0.884262
vt 0.225313 0.701385
vt 0.234035 0.693164
vt 0.234002 0.702623
vt 0.224489 0.691300
vt 0.281312 0.968053
vt 0.628651 0.324468
vt 0.226072 0.710775
vt 0.233848 0.712539
vt 0.235356 0.682294
vt 0.222863 0.684476
vt 0.970542 0.658840
vt 0.960813 0.660957
vt 0.354113 0.627352
vt 0.285210 0.609939
vt 0.193365 0.461663
vt 0.202894 0.461872
vt 0.210699 0.440667
vt 0.211642 0.462145
vt 0.209848 0.433301
vt 0.208669 0.429681
vt 0.981651 0.613426
vt 0.504915 0.348912
vt 0.975888 0.592949
vt 0.569140 0.299754
vt 0.258125 0.595788
vt 0.958046 0.587700
vt 0.971210 0.873713
vt 0.971210 0.879941
vt 0.962412 0.882172
vt 0.960004 0.876091
vt 0.968677 0.883979
vt 0.685857 0.872568
vt 0.689320 0.866630
vt 0.702166 0.870948
vt 0.702166 0.876257
vt 0.882916 0.211616
vt 0.883822 0.217710
vt 0.867265 0.216855
vt 0.869400 0.211439
vt 0.261603 0.982431
vt 0.255691 0.975914
vt 0.255796 0.975134
vt 0.261603 0.968330
vt 0.871207 0.969802
vt 0.871207 0.983913
vt 0.867759 0.982538
vt 0.690963 0.861993
vt 0.699911 0.861486
vt 0.254051 0.979328
vt 0.254240 0.979764
vt 0.960721 0.870610
vt 0.969740 0.869099
vt 0.966113 0.866448
vt 0.698840 0.880206
vt 0.684999 0.878659
vt 0.881994 0.223841
vt 0.868560 0.222519
vt 0.872965 0.230445
vt 0.872211 0.230223
vt 0.881409 0.228086
vt 0.300443 0.968330
vt 0.300443 0.981272
vt 0.296213 0.973375
vt 0.691224 0.885669
vt 0.868448 0.230445
vt 0.868123 0.230081
vt 0.168338 0.794681
vt 0.180929 0.470146
vt 0.440406 0.780350
vt 0.461422 0.779334
vt 0.458290 0.789458
vt 0.041945 0.919680
vt 0.042460 0.917392
vt 0.042356 0.919826
vt 0.063570 0.939450
vt 0.056890 0.944186
vt 0.052043 0.934215
vt 0.458307 0.759751
vt 0.458552 0.767831
vt 0.456924 0.762012
vt 0.369156 0.759660
vt 0.371706 0.760724
vt 0.368580 0.761570
vt 0.544202 0.944985
vt 0.530593 0.946168
vt 0.534357 0.941902
vt 0.794132 0.832761
vt 0.789666 0.825476
vt 0.797610 0.822334
vt 0.517528 0.936198
vt 0.522391 0.946708
vt 0.517627 0.942360
vt 0.554328 0.889734
vt 0.547251 0.889878
vt 0.554236 0.884482
vt 0.385637 0.752303
vt 0.380042 0.750699
vt 0.376192 0.746505
vt 0.658016 0.779717
vt 0.651593 0.765536
vt 0.667770 0.770058
vt 0.854726 0.641757
vt 0.851730 0.654237
vt 0.843069 0.651433
vt 0.829465 0.776354
vt 0.838671 0.785749
vt 0.832845 0.791420
vt 0.224966 0.954446
vt 0.222262 0.943518
vt 0.225320 0.944551
vt 0.393482 0.783693
vt 0.397230 0.783208
vt 0.394075 0.785485
vt 0.382838 0.762386
vt 0.387827 0.757016
vt 0.390924 0.763396
vt 0.819391 0.843447
vt 0.824650 0.846652
vt 0.824603 0.846906
vt 0.817228 0.849087
vt 0.428099 0.737747
vt 0.426751 0.747738
vt 0.420821 0.741888
vt 0.660385 0.692437
vt 0.671192 0.703050
vt 0.662187 0.702288
vt 0.834820 0.667321
vt 0.849765 0.657682
vt 0.846991 0.664529
vt 0.107736 0.965905
vt 0.108909 0.972164
vt 0.107321 0.973854
vt 0.386194 0.726110
vt 0.378252 0.722431
vt 0.387033 0.722824
vt 0.454774 0.777704
vt 0.456441 0.775812
vt 0.608252 0.818805
vt 0.607448 0.817425
vt 0.610865 0.817335
vt 0.445004 0.713615
vt 0.439385 0.711486
vt 0.445584 0.706480
vt 0.705466 0.824297
vt 0.705966 0.829176
vt 0.705212 0.829709
vt 0.428815 0.710524
vt 0.425901 0.714287
vt 0.419854 0.700003
vt 0.803621 0.805478
vt 0.799324 0.812494
vt 0.796230 0.803702
vt 0.102176 0.981573
vt 0.101082 0.979937
vt 0.102164 0.976862
vt 0.553310 0.910414
vt 0.547521 0.908838
vt 0.554332 0.906134
vt 0.643250 0.751270
vt 0.634991 0.738891
vt 0.647966 0.734504
vt 0.499842 0.806180
vt 0.502098 0.798953
vt 0.502931 0.801127
vt 0.504267 0.731772
vt 0.504268 0.735196
vt 0.502958 0.733790
vt 0.469999 0.679639
vt 0.463443 0.688950
vt 0.466483 0.677875
vt 0.768034 0.962798
vt 0.766505 0.966502
vt 0.763897 0.966051
vt 0.511185 0.897526
vt 0.522043 0.900092
vt 0.510894 0.911505
vt 0.451183 0.771181
vt 0.453076 0.770010
vt 0.452428 0.771793
vt 0.014857 0.952922
vt 0.022257 0.949902
vt 0.021821 0.958050
vt 0.656999 0.731248
vt 0.663512 0.728752
vt 0.659007 0.732863
vt 0.969494 0.197190
vt 0.972924 0.198384
vt 0.971478 0.204899
vt 0.975389 0.208366
vt 0.973200 0.201836
vt 0.251769 0.977634
vt 0.247699 0.976779
vt 0.249498 0.973472
vt 0.642410 0.730410
vt 0.423612 0.725903
vt 0.423668 0.733011
vt 0.411806 0.723934
vt 0.218936 0.965485
vt 0.224183 0.967443
vt 0.219784 0.969443
vt 0.440617 0.733160
vt 0.442624 0.743549
vt 0.437670 0.740076
vt 0.962345 0.183967
vt 0.960765 0.184877
vt 0.960900 0.183509
vt 0.782408 0.775741
vt 0.782966 0.768654
vt 0.788046 0.770639
vt 0.457605 0.773015
vt 0.457563 0.769568
vt 0.399156 0.794990
vt 0.400279 0.791268
vt 0.404955 0.791929
vt 0.673096 0.721579
vt 0.677901 0.731039
vt 0.672508 0.729345
vt 0.830067 0.682805
vt 0.829952 0.679240
vt 0.831536 0.678842
vt 0.832877 0.681748
vt 0.795483 0.771567
vt 0.792573 0.776357
vt 0.443773 0.728084
vt 0.453529 0.735691
vt 0.547905 0.912262
vt 0.532841 0.908176
vt 0.533528 0.901778
vt 0.541346 0.909656
vt 0.385612 0.772109
vt 0.386563 0.775978
vt 0.380410 0.774511
vt 0.551598 0.942488
vt 0.552792 0.943896
vt 0.551402 0.943512
vt 0.832359 0.839220
vt 0.835001 0.827447
vt 0.839773 0.830188
vt 0.245643 0.489020
vt 0.245643 0.494978
vt 0.245168 0.492097
vt 0.828899 0.704764
vt 0.826203 0.734305
vt 0.823465 0.724553
vt 0.501913 0.813340
vt 0.500059 0.812321
vt 0.500064 0.812023
vt 0.501350 0.811926
vt 0.739290 0.973679
vt 0.737422 0.972471
vt 0.740943 0.967939
vt 0.974093 0.677189
vt 0.971416 0.677632
vt 0.971113 0.673148
vt 0.406039 0.732356
vt 0.418483 0.736273
vt 0.406836 0.744375
vt 0.810079 0.831945
vt 0.818366 0.840048
vt 0.811164 0.843477
vt 0.669293 0.691328
vt 0.684079 0.696535
vt 0.689674 0.709964
vt 0.682612 0.704059
vt 0.108159 0.977534
vt 0.959410 0.180744
vt 0.958648 0.179412
vt 0.961563 0.178810
vt 0.775074 0.983535
vt 0.774770 0.986301
vt 0.772568 0.984288
vt 0.197683 0.952487
vt 0.194193 0.958531
vt 0.187859 0.956809
vt 0.826762 0.797142
vt 0.836571 0.800034
vt 0.832186 0.805422
vt 0.373701 0.747262
vt 0.557098 0.894836
vt 0.557073 0.892972
vt 0.558777 0.895028
vt 0.245746 0.754895
vt 0.244421 0.754284
vt 0.245746 0.751821
vt 0.552807 0.940314
vt 0.553312 0.936695
vt 0.553437 0.936293
vt 0.554625 0.939261
vt 0.823295 0.797561
vt 0.824339 0.802404
vt 0.819682 0.797561
vt 0.654040 0.731232
vt 0.775945 0.965627
vt 0.780061 0.963098
vt 0.780230 0.966022
vt 0.230113 0.788838
vt 0.230875 0.791771
vt 0.226716 0.793404
vt 0.535494 0.932467
vt 0.539268 0.936865
vt 0.535446 0.935740
vt 0.440349 0.798848
vt 0.428407 0.802532
vt 0.421395 0.786437
vt 0.529360 0.931998
vt 0.529636 0.927659
vt 0.539692 0.931206
vt 0.824842 0.804938
vt 0.825184 0.807091
vt 0.823275 0.810686
vt 0.817391 0.806297
vt 0.419133 0.775514
vt 0.411979 0.786882
vt 0.525316 0.888820
vt 0.514095 0.892190
vt 0.532749 0.897249
vt 0.538004 0.913796
vt 0.546224 0.916360
vt 0.510913 0.889203
vt 0.522990 0.881084
vt 0.677171 0.713444
vt 0.394094 0.719965
vt 0.388133 0.781023
vt 0.382817 0.782524
vt 0.386452 0.778366
vt 0.044308 0.928601
vt 0.049553 0.923487
vt 0.220551 0.954833
vt 0.222415 0.964710
vt 0.785710 0.794719
vt 0.788794 0.801758
vt 0.784493 0.801536
vt 0.525000 0.928518
vt 0.521331 0.923772
vt 0.526483 0.922889
vt 0.373511 0.762569
vt 0.375104 0.760234
vt 0.885094 0.224285
vt 0.890269 0.221426
vt 0.892268 0.224286
vt 0.226969 0.954504
vt 0.241579 0.551923
vt 0.245277 0.551334
vt 0.245205 0.569201
vt 0.444398 0.746821
vt 0.455967 0.749084
vt 0.109746 0.972888
vt 0.109517 0.983097
vt 0.245746 0.429692
vt 0.245765 0.429681
vt 0.245765 0.430047
vt 0.777573 0.959836
vt 0.775834 0.962992
vt 0.772754 0.963490
vt 0.680721 0.806062
vt 0.673731 0.795446
vt 0.678705 0.797003
vt 0.008748 0.934613
vt 0.015931 0.931103
vt 0.018266 0.941882
vt 0.552079 0.918330
vt 0.550746 0.915269
vt 0.553425 0.915147
vt 0.450890 0.766118
vt 0.451258 0.768911
vt 0.449899 0.767549
vt 0.751861 0.313550
vt 0.754039 0.311949
vt 0.753920 0.315882
vt 0.435804 0.728517
vt 0.440246 0.724907
vt 0.406597 0.814933
vt 0.396416 0.803364
vt 0.402826 0.801899
vt 0.787856 0.776234
vt 0.791205 0.789295
vt 0.558275 0.928076
vt 0.558309 0.927986
vt 0.560914 0.924136
vt 0.560795 0.926914
vt 0.059332 0.949078
vt 0.058452 0.955494
vt 0.053777 0.955425
vt 0.386333 0.791078
vt 0.384195 0.785425
vt 0.393184 0.789544
vt 0.375499 0.735138
vt 0.377605 0.739546
vt 0.375185 0.738186
vt 0.800221 0.848236
vt 0.795222 0.841649
vt 0.800125 0.835010
vt 0.698071 0.711251
vt 0.694852 0.699450
vt 0.700655 0.701535
vt 0.667578 0.799645
vt 0.663350 0.800812
vt 0.662202 0.793745
vt 0.206297 0.961970
vt 0.211039 0.954798
vt 0.216538 0.956426
vt 0.445866 0.757414
vt 0.448093 0.759498
vt 0.444396 0.762813
vt 0.798105 0.788149
vt 0.800796 0.797900
vt 0.796197 0.797141
vt 0.543392 0.935631
vt 0.418967 0.809675
vt 0.412231 0.802872
vt 0.414023 0.794995
vt 0.014272 0.979959
vt 0.019656 0.983783
vt 0.015775 0.989281
vt 0.664838 0.740086
vt 0.661216 0.735274
vt 0.672521 0.746404
vt 0.804944 0.848121
vt 0.861964 0.353540
vt 0.861944 0.351592
vt 0.864471 0.351416
vt 0.030042 0.930360
vt 0.034648 0.920875
vt 0.039147 0.927697
vt 0.390164 0.777757
vt 0.391577 0.779067
vt 0.390181 0.779564
vt 0.703788 0.835952
vt 0.700655 0.838892
vt 0.700950 0.834589
vt 0.550710 0.877523
vt 0.551658 0.880676
vt 0.542710 0.880102
vt 0.807438 0.743499
vt 0.805203 0.735548
vt 0.814537 0.737097
vt 0.402627 0.768907
vt 0.413079 0.776027
vt 0.404393 0.774564
vt 0.108487 0.835666
vt 0.104203 0.829328
vt 0.108487 0.809502
vt 0.828958 0.743687
vt 0.826033 0.746002
vt 0.830808 0.721115
vt 0.703557 0.820311
vt 0.701545 0.824716
vt 0.702250 0.821276
vt 0.682180 0.721149
vt 0.684736 0.731359
vt 0.678432 0.723558
vt 0.975332 0.486449
vt 0.976473 0.489612
vt 0.974063 0.491832
vt 0.438381 0.811685
vt 0.439842 0.814605
vt 0.426258 0.814595
vt 0.239688 0.777164
vt 0.241033 0.769934
vt 0.242119 0.773597
vt 0.379840 0.765354
vt 0.377727 0.770701
vt 0.459924 0.771476
vt 0.460035 0.773762
vt 0.841334 0.795502
vt 0.841970 0.803209
vt 0.211805 0.948461
vt 0.208221 0.953525
vt 0.211598 0.945722
vt 0.242569 0.574432
vt 0.245277 0.576520
vt 0.035991 0.985503
vt 0.038647 0.981298
vt 0.042961 0.987866
vt 0.407355 0.705911
vt 0.411161 0.710233
vt 0.407286 0.709514
vt 0.975157 0.671490
vt 0.972347 0.666339
vt 0.976235 0.668927
vt 0.666518 0.790185
vt 0.670816 0.794707
vt 0.552112 0.934216
vt 0.548603 0.934296
vt 0.556171 0.926476
vt 0.556370 0.912027
vt 0.556710 0.909128
vt 0.556948 0.909003
vt 0.559404 0.913552
vt 0.552917 0.912938
vt 0.551360 0.944165
vt 0.551406 0.944814
vt 0.682214 0.790614
vt 0.681439 0.784924
vt 0.687779 0.797280
vt 0.702725 0.824034
vt 0.705689 0.820285
vt 0.631134 0.695030
vt 0.640488 0.690368
vt 0.642822 0.694144
vt 0.847299 0.357477
vt 0.843340 0.357477
vt 0.845045 0.354568
vt 0.048131 0.971218
vt 0.043003 0.973084
vt 0.812359 0.725210
vt 0.819545 0.720658
vt 0.819413 0.721639
vt 0.816932 0.730889
vt 0.440953 0.691059
vt 0.449036 0.694953
vt 0.447728 0.700781
vt 0.531404 0.942649
vt 0.977479 0.491061
vt 0.245505 0.442397
vt 0.245746 0.429681
vt 0.245746 0.445518
vt 0.418976 0.756086
vt 0.407318 0.763147
vt 0.405781 0.751581
vt 0.835190 0.814497
vt 0.828062 0.810403
vt 0.555515 0.894719
vt 0.554499 0.897302
vt 0.551169 0.898038
vt 0.898008 0.970760
vt 0.898008 0.980415
vt 0.894401 0.977438
vt 0.107908 0.984864
vt 0.105684 0.981835
vt 0.105297 0.978515
vt 0.543635 0.920212
vt 0.534570 0.919966
vt 0.199015 0.959427
vt 0.195789 0.968498
vt 0.546676 0.942622
vt 0.550156 0.943646
vt 0.641316 0.711503
vt 0.625423 0.725544
vt 0.629948 0.708909
vt 0.542314 0.888735
vt 0.549648 0.884110
vt 0.543021 0.895326
vt 0.547654 0.897913
vt 0.710872 0.346652
vt 0.713186 0.343755
vt 0.713186 0.349174
vt 0.548201 0.960744
vt 0.549654 0.955879
vt 0.553111 0.960191
vt 0.213045 0.935006
vt 0.209706 0.931019
vt 0.214716 0.922762
vt 0.546895 0.923739
vt 0.547827 0.920494
vt 0.550993 0.924397
vt 0.887331 0.979595
vt 0.888569 0.974964
vt 0.888802 0.980024
vt 0.243021 0.785354
vt 0.244479 0.787387
vt 0.241306 0.787666
vt 0.890605 0.970760
vt 0.890605 0.973985
vt 0.887297 0.972005
vt 0.823743 0.351613
vt 0.826801 0.356936
vt 0.824186 0.356296
vt 0.678634 0.751732
vt 0.669512 0.760823
vt 0.674826 0.750768
vt 0.402295 0.780253
vt 0.789732 0.756209
vt 0.788529 0.747499
vt 0.794540 0.752848
vt 0.611511 0.720742
vt 0.618170 0.717463
vt 0.617349 0.725672
vt 0.026485 0.970190
vt 0.027093 0.979273
vt 0.398732 0.784256
vt 0.381839 0.716436
vt 0.379835 0.719271
vt 0.377377 0.717386
vt 0.665141 0.757939
vt 0.656972 0.760591
vt 0.663885 0.755132
vt 0.556990 0.890033
vt 0.557524 0.887705
vt 0.559716 0.890245
vt 0.682698 0.744497
vt 0.684888 0.749763
vt 0.400869 0.754370
vt 0.401901 0.763623
vt 0.394609 0.759633
vt 0.446149 0.771086
vt 0.445524 0.775631
vt 0.800893 0.770343
vt 0.805359 0.765146
vt 0.806306 0.770441
vt 0.537310 0.925694
vt 0.781210 0.818284
vt 0.785006 0.816094
vt 0.796896 0.778239
vt 0.055962 0.926686
vt 0.048651 0.915937
vt 0.055752 0.920155
vt 0.414723 0.706276
vt 0.556127 0.913713
vt 0.976868 0.486296
vt 0.801342 0.853127
vt 0.793913 0.853281
vt 0.433186 0.736889
vt 0.434031 0.746630
vt 0.439585 0.703200
vt 0.435505 0.713044
vt 0.428707 0.731289
vt 0.804184 0.823751
vt 0.810012 0.823368
vt 0.453559 0.774600
vt 0.451276 0.772422
vt 0.823164 0.852590
vt 0.386111 0.744079
vt 0.385444 0.746164
vt 0.383200 0.744561
vt 0.379072 0.756401
vt 0.377069 0.756462
vt 0.379872 0.753872
vt 0.451280 0.759184
vt 0.448106 0.758543
vt 0.448287 0.756360
vt 0.777034 0.721068
vt 0.780600 0.735777
vt 0.777569 0.731584
vt 0.244077 0.766737
vt 0.243788 0.763309
vt 0.245783 0.764169
vt 0.223308 0.952202
vt 0.224010 0.954579
vt 0.223099 0.954541
vt 0.421270 0.669599
vt 0.416739 0.668184
vt 0.420403 0.642303
vt 0.425671 0.643588
vt 0.621642 0.745968
vt 0.614721 0.744071
vt 0.618650 0.736816
vt 0.556497 0.908960
vt 0.556975 0.908386
vt 0.420237 0.684738
vt 0.424351 0.679788
vt 0.396274 0.794973
vt 0.554469 0.876427
vt 0.555007 0.879946
vt 0.804390 0.777838
vt 0.501037 0.729144
vt 0.499472 0.725734
vt 0.500023 0.724130
vt 0.028214 0.915330
vt 0.027225 0.921650
vt 0.201069 0.968698
vt 0.690479 0.723006
vt 0.784384 0.962351
vt 0.780334 0.961038
vt 0.781761 0.968096
vt 0.780116 0.968007
vt 0.781256 0.959164
vt 0.615817 0.749723
vt 0.423521 0.696768
vt 0.413088 0.691663
vt 0.418297 0.689868
vt 0.369615 0.767394
vt 0.546304 0.901569
vt 0.549643 0.901827
vt 0.808556 0.854102
vt 0.649709 0.705018
vt 0.652295 0.712245
vt 0.225165 0.963741
vt 0.076360 0.982343
vt 0.073244 0.979208
vt 0.074998 0.975909
vt 0.502968 0.768741
vt 0.504682 0.766160
vt 0.504682 0.770915
vt 0.073137 0.974608
vt 0.074340 0.973433
vt 0.375873 0.721055
vt 0.809724 0.792788
vt 0.514369 0.952023
vt 0.518143 0.947115
vt 0.523359 0.950630
vt 0.871207 0.979198
vt 0.875707 0.969802
vt 0.875707 0.980410
vt 0.886658 0.220224
vt 0.887218 0.223129
vt 0.883822 0.221232
vt 0.787981 0.726623
vt 0.786096 0.739025
vt 0.776806 0.835328
vt 0.782236 0.826058
vt 0.780700 0.840028
vt 0.036988 0.933704
vt 0.527469 0.939581
vt 0.528825 0.935474
vt 0.532721 0.938109
vt 0.703652 0.860747
vt 0.700655 0.857934
vt 0.703652 0.855495
vt 0.706274 0.857815
vt 0.703652 0.858964
vt 0.703983 0.855853
vt 0.461535 0.692145
vt 0.455240 0.698148
vt 0.458444 0.691133
vt 0.816069 0.735261
vt 0.815807 0.737247
vt 0.555431 0.922703
vt 0.552042 0.920935
vt 0.377512 0.762641
vt 0.374955 0.765856
vt 0.755329 0.214650
vt 0.755562 0.221169
vt 0.754218 0.222564
vt 0.441930 0.752660
vt 0.444172 0.755289
vt 0.440524 0.756845
vt 0.690116 0.741449
vt 0.551118 0.949163
vt 0.555695 0.949132
vt 0.409885 0.796607
vt 0.962938 0.180892
vt 0.965543 0.178500
vt 0.559788 0.953034
vt 0.561946 0.951449
vt 0.564051 0.955391
vt 0.974057 0.189940
vt 0.975707 0.192165
vt 0.973591 0.194416
vt 0.209626 0.964889
vt 0.212970 0.970295
vt 0.449378 0.772309
vt 0.451984 0.775688
vt 0.450349 0.775210
vt 0.741812 0.969048
vt 0.743243 0.965829
vt 0.742910 0.970393
vt 0.740794 0.963655
vt 0.742471 0.964440
vt 0.826001 0.833764
vt 0.825975 0.829900
vt 0.826261 0.830116
vt 0.840412 0.892507
vt 0.837131 0.897192
vt 0.837561 0.892550
vt 0.546599 0.948270
vt 0.541773 0.951327
vt 0.545699 0.954363
vt 0.535191 0.952657
vt 0.528518 0.948688
vt 0.539173 0.949292
vt 0.389221 0.795089
vt 0.394281 0.792513
vt 0.394087 0.782191
vt 0.521740 0.907070
vt 0.249684 0.979413
vt 0.458325 0.774952
vt 0.193644 0.986960
vt 0.193716 0.978333
vt 0.198181 0.982289
vt 0.449269 0.676005
vt 0.442564 0.682819
vt 0.429458 0.670834
vt 0.220820 0.944054
vt 0.393436 0.751977
vt 0.394124 0.745284
vt 0.205935 0.948865
vt 0.204003 0.956219
vt 0.201229 0.955440
vt 0.404429 0.703552
vt 0.401737 0.706317
vt 0.245552 0.715639
vt 0.245552 0.723006
vt 0.243899 0.720430
vt 0.551974 0.940307
vt 0.397765 0.767446
vt 0.406923 0.700438
vt 0.405122 0.699242
vt 0.428594 0.810783
vt 0.543776 0.938260
vt 0.539594 0.938908
vt 0.535920 0.979026
vt 0.529352 0.975339
vt 0.538458 0.975495
vt 0.108579 0.858687
vt 0.107560 0.859154
vt 0.106603 0.856901
vt 0.051429 0.963238
vt 0.053601 0.968090
vt 0.451548 0.753670
vt 0.452440 0.755327
vt 0.447695 0.755283
vt 0.029879 0.937876
vt 0.025412 0.944020
vt 0.022383 0.938140
vt 0.501664 0.734300
vt 0.499472 0.735383
vt 0.499655 0.732570
vt 0.501664 0.731772
vt 0.225291 0.931179
vt 0.224684 0.937238
vt 0.222128 0.930875
vt 0.109746 0.988961
vt 0.192899 0.941344
vt 0.178665 0.948909
vt 0.175311 0.935077
vt 0.424457 0.716286
vt 0.818318 0.701776
vt 0.821350 0.702686
vt 0.819738 0.720447
vt 0.423350 0.805649
vt 0.778090 0.967675
vt 0.394846 0.725947
vt 0.447844 0.775388
vt 0.452308 0.776979
vt 0.783259 0.854495
vt 0.785876 0.843974
vt 0.790114 0.854742
vt 0.674566 0.783339
vt 0.680818 0.779694
vt 0.541801 0.903403
vt 0.544335 0.902101
vt 0.551142 0.904757
vt 0.561230 0.916262
vt 0.561194 0.919880
vt 0.560189 0.919099
vt 0.886296 0.972853
vt 0.812543 0.774326
vt 0.378829 0.760141
vt 0.376844 0.758358
vt 0.395675 0.740743
vt 0.387086 0.731276
vt 0.392764 0.731143
vt 0.220684 0.943641
vt 0.824800 0.769346
vt 0.828275 0.768723
vt 0.264577 0.975099
vt 0.268228 0.968330
vt 0.270571 0.979376
vt 0.045024 0.935112
vt 0.050478 0.941485
vt 0.815917 0.815638
vt 0.675075 0.768842
vt 0.245803 0.466101
vt 0.245803 0.469929
vt 0.244858 0.467106
vt 0.503053 0.757437
vt 0.504770 0.761181
vt 0.502968 0.760710
vt 0.524531 0.942864
vt 0.525842 0.940460
vt 0.455452 0.769689
vt 0.526327 0.950950
vt 0.528802 0.960914
vt 0.521661 0.958379
vt 0.241742 0.777722
vt 0.242003 0.782758
vt 0.522454 0.936002
vt 0.513792 0.935077
vt 0.671257 0.801633
vt 0.675498 0.810109
vt 0.465691 0.785152
vt 0.461993 0.795078
vt 0.664313 0.740932
vt 0.666619 0.745206
vt 0.711975 0.351357
vt 0.548356 0.914815
vt 0.793063 0.766740
vt 0.036449 0.942167
vt 0.027020 0.949389
vt 0.221150 0.919293
vt 0.212781 0.901518
vt 0.218205 0.901069
vt 0.782544 0.723095
vt 0.801945 0.747427
vt 0.822101 0.742631
vt 0.816748 0.736966
vt 0.036350 0.913782
vt 0.381249 0.761985
vt 0.381119 0.758125
vt 0.805302 0.836088
vt 0.541703 0.940669
vt 0.775143 0.979819
vt 0.777265 0.984674
vt 0.714202 0.353413
vt 0.716776 0.353643
vt 0.716207 0.355400
vt 0.549190 0.916428
vt 0.548971 0.918236
vt 0.546824 0.917901
vt 0.012727 0.943001
vt 0.005206 0.940899
vt 0.543070 0.883384
vt 0.532980 0.935084
vt 0.537669 0.877352
vt 0.773286 0.718844
vt 0.774279 0.727994
vt 0.795424 0.758386
vt 0.797791 0.760411
vt 0.795602 0.763720
vt 0.455824 0.765283
vt 0.646272 0.769975
vt 0.642620 0.773511
vt 0.641131 0.764252
vt 0.892308 0.221550
vt 0.891514 0.218513
vt 0.461993 0.677841
vt 0.243286 0.593699
vt 0.243286 0.597157
vt 0.241579 0.596903
vt 0.798707 0.745477
vt 0.803264 0.722745
vt 0.550029 0.930011
vt 0.542751 0.930947
vt 0.843277 0.683597
vt 0.853426 0.676914
vt 0.860473 0.678280
vt 0.382473 0.778423
vt 0.543912 0.959319
vt 0.528382 0.934713
vt 0.702513 0.830024
vt 0.455413 0.753716
vt 0.459876 0.759606
vt 0.560345 0.903000
vt 0.558876 0.901898
vt 0.562251 0.903022
vt 0.376094 0.744707
vt 0.108455 0.962942
vt 0.109024 0.967240
vt 0.065888 0.958053
vt 0.058702 0.960605
vt 0.390256 0.713145
vt 0.387176 0.717750
vt 0.792159 0.723017
vt 0.791181 0.739328
vt 0.547272 0.938503
vt 0.655067 0.782882
vt 0.036318 0.951577
vt 0.681985 0.691295
vt 0.676250 0.687014
vt 0.680262 0.684314
vt 0.864399 0.356351
vt 0.675947 0.699160
vt 0.039736 0.943765
vt 0.038926 0.949111
vt 0.684856 0.713196
vt 0.647969 0.760973
vt 0.652654 0.762204
vt 0.693423 0.707974
vt 0.688139 0.695851
vt 0.430416 0.717483
vt 0.433235 0.703207
vt 0.859385 0.640993
vt 0.857408 0.641005
vt 0.860802 0.635936
vt 0.375486 0.751202
vt 0.645700 0.753590
vt 0.648450 0.747350
vt 0.560505 0.959784
vt 0.685836 0.772331
vt 0.681580 0.772094
vt 0.690271 0.764585
vt 0.809782 0.801619
vt 0.812159 0.808801
vt 0.010222 0.984335
vt 0.182186 0.961301
vt 0.184405 0.966931
vt 0.180069 0.963289
vt 0.456230 0.749872
vt 0.448750 0.748659
vt 0.447430 0.747240
vt 0.655149 0.700863
vt 0.656718 0.707100
vt 0.453921 0.754844
vt 0.425600 0.667747
vt 0.072718 0.969889
vt 0.076288 0.970777
vt 0.074233 0.972133
vt 0.755821 0.249464
vt 0.754218 0.249269
vt 0.755821 0.246982
vt 0.441604 0.748969
vt 0.439936 0.752423
vt 0.440659 0.748861
vt 0.396262 0.778995
vt 0.392962 0.777905
vt 0.396445 0.778400
vt 0.536781 0.957536
vt 0.543252 0.901090
vt 0.541756 0.901455
vt 0.538223 0.899133
vt 0.556306 0.902269
vt 0.557906 0.904105
vt 0.245555 0.445612
vt 0.245644 0.445567
vt 0.245746 0.445756
vt 0.438002 0.759335
vt 0.448549 0.762130
vt 0.851001 0.978063
vt 0.853106 0.969802
vt 0.853106 0.981170
vt 0.791448 0.795877
vt 0.525374 0.909883
vt 0.780508 0.970504
vt 0.779225 0.970164
vt 0.017107 0.948250
vt 0.549440 0.938769
vt 0.553530 0.936081
vt 0.238966 0.781286
vt 0.240278 0.770645
vt 0.770002 0.969380
vt 0.769330 0.975929
vt 0.769018 0.969989
vt 0.190535 0.969100
vt 0.557891 0.906371
vt 0.558151 0.904265
vt 0.558434 0.904155
vt 0.561493 0.906812
vt 0.181349 0.931656
vt 0.201849 0.961735
vt 0.218940 0.931504
vt 0.446654 0.752298
vt 0.245746 0.499220
vt 0.245168 0.497350
vt 0.245746 0.494978
vt 0.706655 0.860566
vt 0.105118 0.858232
vt 0.429411 0.682742
vt 0.428926 0.687890
vt 0.835710 0.677110
vt 0.706525 0.819713
vt 0.558808 0.915657
vt 0.389322 0.768219
vt 0.975380 0.494616
vt 0.974693 0.495931
vt 0.030129 0.959834
vt 0.022084 0.966654
vt 0.782897 0.965529
vt 0.063255 0.951854
vt 0.429129 0.694448
vt 0.434155 0.693251
vt 0.411686 0.779969
vt 0.466038 0.760027
vt 0.468744 0.777151
vt 0.020871 0.922871
vt 0.012209 0.926405
vt 0.014826 0.922047
vt 0.200285 0.932583
vt 0.199047 0.943323
vt 0.194417 0.930480
vt 0.413594 0.811078
vt 0.970009 0.193456
vt 0.042785 0.919827
vt 0.438782 0.751766
vt 0.674143 0.831902
vt 0.679438 0.828799
vt 0.679234 0.858247
vt 0.673821 0.859919
vt 0.105674 0.861803
vt 0.104203 0.860420
vt 0.105761 0.860763
vt 0.791520 0.846984
vt 0.850420 0.670657
vt 0.844595 0.673304
vt 0.426970 0.696679
vt 0.428211 0.703554
vt 0.970574 0.678507
vt 0.623460 0.737144
vt 0.783236 0.750895
vt 0.783979 0.757449
vt 0.781094 0.756117
vt 0.833028 0.821529
vt 0.828577 0.820140
vt 0.668120 0.819198
vt 0.671534 0.816576
vt 0.671472 0.831686
vt 0.854582 0.665432
vt 0.851079 0.665767
vt 0.853166 0.660559
vt 0.693181 0.746241
vt 0.689449 0.747778
vt 0.696194 0.738447
vt 0.367221 0.764766
vt 0.369611 0.764110
vt 0.736324 0.980405
vt 0.736789 0.971638
vt 0.424103 0.691430
vt 0.426164 0.690767
vt 0.640482 0.778892
vt 0.637557 0.773251
vt 0.788696 0.761380
vt 0.972665 0.183156
vt 0.973653 0.184012
vt 0.971266 0.185762
vt 0.452468 0.759723
vt 0.450501 0.763002
vt 0.422105 0.717641
vt 0.407398 0.718064
vt 0.104296 0.858149
vt 0.677808 0.745325
vt 0.790975 0.814897
vt 0.229589 0.947549
vt 0.229714 0.944794
vt 0.232178 0.952298
vt 0.400147 0.708476
vt 0.504867 0.676115
vt 0.503886 0.673544
vt 0.504867 0.672540
vt 0.550138 0.954347
vt 0.550489 0.952739
vt 0.554461 0.955193
vt 0.977668 0.496239
vt 0.425060 0.759690
vt 0.431681 0.772756
vt 0.415793 0.766842
vt 0.785726 0.765599
vt 0.678381 0.808690
vt 0.685589 0.822928
vt 0.380241 0.782842
vt 0.558043 0.885254
vt 0.061079 0.929916
vt 0.556332 0.914401
vt 0.452563 0.751804
vt 0.449818 0.750759
vt 0.452411 0.797138
vt 0.456535 0.801416
vt 0.449410 0.804222
vt 0.812167 0.782696
vt 0.558133 0.904165
vt 0.686999 0.689016
vt 0.692468 0.687562
vt 0.695995 0.692579
vt 0.820914 0.789108
vt 0.815650 0.738700
vt 0.815126 0.748531
vt 0.808568 0.750753
vt 0.195436 0.946898
vt 0.184225 0.948143
vt 0.856400 0.653879
vt 0.814884 0.757927
vt 0.814902 0.757404
vt 0.815529 0.757858
vt 0.821320 0.758116
vt 0.820419 0.750052
vt 0.676543 0.788123
vt 0.610265 0.822395
vt 0.607096 0.821643
vt 0.839602 0.675506
vt 0.833649 0.670665
vt 0.504902 0.428378
vt 0.504210 0.426823
vt 0.504902 0.426377
vt 0.699493 0.728710
vt 0.692922 0.732385
vt 0.812591 0.765707
vt 0.816074 0.768612
vt 0.816873 0.773367
vt 0.376383 0.760355
vt 0.407190 0.768974
vt 0.003089 0.978985
vt 0.006643 0.971823
vt 0.220680 0.940291
vt 0.245783 0.788102
vt 0.245782 0.789954
vt 0.386848 0.712810
vt 0.658762 0.719276
vt 0.961160 0.182210
vt 0.808056 0.814664
vt 0.052807 0.948820
vt 0.200159 0.975488
vt 0.453872 0.807219
vt 0.000341 0.937383
vt 0.007079 0.933819
vt 0.245709 0.466101
vt 0.244858 0.464339
vt 0.245709 0.461526
vt 0.749175 0.311949
vt 0.750264 0.314043
vt 0.748220 0.312394
vt 0.537020 0.888190
vt 0.535648 0.882900
vt 0.251140 0.972977
vt 0.706655 0.855495
vt 0.460096 0.804749
vt 0.464459 0.799031
vt 0.839962 0.354154
vt 0.843340 0.351416
vt 0.843004 0.355227
vt 0.504770 0.755168
vt 0.800126 0.764423
vt 0.399837 0.781152
vt 0.773905 0.967462
vt 0.771707 0.967087
vt 0.545756 0.970549
vt 0.537905 0.962998
vt 0.545779 0.970468
vt 0.525278 0.937365
vt 0.245168 0.491998
vt 0.244858 0.488048
vt 0.245168 0.481800
vt 0.640260 0.697889
vt 0.839895 0.682686
vt 0.964015 0.181650
vt 0.450104 0.707298
vt 0.454078 0.704321
vt 0.452571 0.710996
vt 0.031808 0.984693
vt 0.032921 0.980188
vt 0.500872 0.810679
vt 0.502217 0.811780
vt 0.042600 0.913736
vt 0.801659 0.757625
vt 0.459681 0.695974
vt 0.214606 0.949657
vt 0.242030 0.524702
vt 0.240720 0.524702
vt 0.241832 0.523124
vt 0.837636 0.661719
vt 0.832421 0.659823
vt 0.454879 0.689000
vt 0.847508 0.354262
vt 0.848344 0.354078
vt 0.847299 0.357335
vt 0.635369 0.777764
vt 0.630655 0.769671
vt 0.674594 0.692302
vt 0.105246 0.965502
vt 0.103555 0.972077
vt 0.103918 0.966277
vt 0.816718 0.828529
vt 0.714587 0.358978
vt 0.713988 0.354548
vt 0.652600 0.775445
vt 0.765334 0.971023
vt 0.767160 0.976574
vt 0.763274 0.976705
vt 0.559931 0.911041
vt 0.103981 0.986978
vt 0.102551 0.990332
vt 0.513633 0.959067
vt 0.514020 0.968303
vt 0.508928 0.966417
vt 0.617700 0.732662
vt 0.460811 0.767922
vt 0.461503 0.763420
vt 0.785178 0.749566
vt 0.965954 0.179619
vt 0.634360 0.763791
vt 0.238966 0.757929
vt 0.244421 0.748822
vt 0.244421 0.763309
vt 0.668285 0.747906
vt 0.817895 0.777843
vt 0.821410 0.773801
vt 0.556654 0.901705
vt 0.557406 0.899836
vt 0.449061 0.716687
vt 0.779176 0.766581
vt 0.389601 0.742218
vt 0.733732 0.979816
vt 0.737764 0.966789
vt 0.435771 0.721742
vt 0.754695 0.315077
vt 0.554421 0.901476
vt 0.555109 0.899523
vt 0.825620 0.781900
vt 0.400320 0.815580
vt 0.807191 0.758952
vt 0.502084 0.804290
vt 0.502227 0.806879
vt 0.502486 0.809169
vt 0.552128 0.903314
vt 0.512619 0.930929
vt 0.816494 0.694579
vt 0.821931 0.694304
vt 0.406370 0.787101
vt 0.544224 0.875588
vt 0.973087 0.210441
vt 0.975923 0.213621
vt 0.385275 0.743348
vt 0.382224 0.743505
vt 0.380744 0.739908
vt 0.380403 0.778428
vt 0.034751 0.972293
vt 0.034398 0.973884
vt 0.057818 0.980790
vt 0.053580 0.975020
vt 0.064304 0.966162
vt 0.005807 0.955912
vt 0.002397 0.951777
vt 0.007308 0.947788
vt 0.033194 0.964783
vt 0.666507 0.707742
vt 0.076343 0.969582
vt 0.859117 0.632860
vt 0.202970 0.980493
vt 0.196922 0.987808
vt 0.030426 0.989916
vt 0.036113 0.992362
vt 0.029611 0.992970
vt 0.466585 0.755036
vt 0.469999 0.760000
vt 0.041581 0.929651
vt 0.041321 0.931945
vt 0.558317 0.880964
vt 0.558059 0.878593
vt 0.561613 0.880572
vt 0.773177 0.964953
vt 0.850082 0.635258
vt 0.849294 0.684157
vt 0.043634 0.962201
vt 0.850632 0.351416
vt 0.850778 0.353487
vt 0.771581 0.963501
vt 0.452275 0.696346
vt 0.244858 0.519176
vt 0.245804 0.518787
vt 0.245804 0.520581
vt 0.836998 0.807332
vt 0.559327 0.924835
vt 0.558374 0.923895
vt 0.559695 0.922893
vt 0.542973 0.977064
vt 0.545726 0.970641
vt 0.548442 0.976441
vt 0.460461 0.767647
vt 0.461681 0.759072
vt 0.253084 0.976741
vt 0.501906 0.728870
vt 0.977668 0.486648
vt 0.530703 0.940691
vt 0.109206 0.989872
vt 0.458097 0.776982
vt 0.035190 0.970188
vt 0.039117 0.965821
vt 0.773197 0.980398
vt 0.770092 0.977055
vt 0.772237 0.972597
vt 0.852507 0.669883
vt 0.222012 0.930928
vt 0.221907 0.931380
vt 0.072015 0.971778
vt 0.557781 0.877042
vt 0.560933 0.877039
vt 0.501070 0.725599
vt 0.504717 0.730384
vt 0.075200 0.982758
vt 0.819671 0.720737
vt 0.227411 0.963626
vt 0.230989 0.967094
vt 0.227586 0.966994
vt 0.226836 0.965038
vt 0.399677 0.772843
vt 0.841486 0.890369
vt 0.504491 0.671285
vt 0.647956 0.688762
vt 0.705579 0.837716
vt 0.551911 0.972555
vt 0.556208 0.964733
vt 0.563212 0.964174
vt 0.813003 0.705705
vt 0.504280 0.798359
vt 0.226248 0.963781
vt 0.224629 0.957412
vt 0.754218 0.239855
vt 0.755715 0.234877
vt 0.755715 0.242292
vt 0.245820 0.975188
vt 0.247961 0.982806
vt 0.409834 0.701272
vt 0.504656 0.443423
vt 0.502861 0.446341
vt 0.502763 0.443542
vt 0.254051 0.978361
vt 0.814204 0.757936
vt 0.681421 0.825884
vt 0.674450 0.819169
vt 0.675086 0.814912
vt 0.221901 0.930887
vt 0.825723 0.811621
vt 0.848396 0.357829
vt 0.850778 0.357374
vt 0.521746 0.979243
vt 0.528113 0.981074
vt 0.814974 0.758961
vt 0.815406 0.764666
vt 0.107274 0.861270
vt 0.108579 0.863183
vt 0.463531 0.773223
vt 0.683108 0.756059
vt 0.261603 0.979376
vt 0.382458 0.731773
vt 0.840232 0.821579
vt 0.840939 0.812719
vt 0.561178 0.919074
vt 0.562212 0.920847
vt 0.559438 0.919462
vt 0.559326 0.919013
vt 0.551276 0.940169
vt 0.027604 0.984033
vt 0.023994 0.990239
vt 0.420388 0.688708
vt 0.461656 0.771234
vt 0.462336 0.768392
vt 0.798131 0.724265
vt 0.241848 0.792408
vt 0.239226 0.793277
vt 0.238966 0.790666
vt 0.014430 0.968160
vt 0.454404 0.759486
vt 0.545742 0.970596
vt 0.537755 0.971214
vt 0.216309 0.945012
vt 0.673938 0.774301
vt 0.671130 0.779776
vt 0.667919 0.777215
vt 0.653335 0.692465
vt 0.654244 0.684542
vt 0.660265 0.690434
vt 0.828207 0.679651
vt 0.072069 0.976310
vt 0.840158 0.897471
vt 0.840670 0.901956
vt 0.829533 0.666575
vt 0.557604 0.899014
vt 0.557596 0.897571
vt 0.560549 0.897875
vt 0.455266 0.750453
vt 0.459508 0.756019
vt 0.453880 0.750686
vt 0.522504 0.918552
vt 0.665116 0.806720
vt 0.668016 0.810977
vt 0.049831 0.953386
vt 0.043315 0.943370
vt 0.782813 0.796083
vt 0.222038 0.930843
vt 0.376019 0.753613
vt 0.969618 0.186992
vt 0.968577 0.191730
vt 0.038229 0.953542
vt 0.738774 0.967233
vt 0.662480 0.712907
vt 0.037629 0.956976
vt 0.037095 0.960032
vt 0.398937 0.787084
vt 0.829913 0.676045
vt 0.828157 0.672269
vt 0.000000 0.974218
vt 0.671000 0.808422
vt 0.002808 0.965912
vt 0.513202 0.942110
vt 0.965011 0.185163
vt 0.962943 0.184139
vt 0.962879 0.182930
vt 0.558119 0.904075
vt 0.431109 0.723239
vt 0.176003 0.910434
vt 0.180317 0.908722
vt 0.220327 0.940542
vt 0.220348 0.940189
vt 0.856647 0.354328
vt 0.858361 0.357651
vt 0.856693 0.358860
vt 0.458317 0.735114
vt 0.468745 0.753139
vt 0.458300 0.745166
vt 0.894311 0.215786
vt 0.886824 0.214012
vt 0.893947 0.211439
vt 0.666369 0.685930
vt 0.825494 0.840442
vt 0.649876 0.734647
vt 0.826598 0.829863
vt 0.231494 0.934061
vt 0.231692 0.941218
vt 0.449122 0.770450
vt 0.449320 0.765859
vt 0.670013 0.788223
vt 0.458157 0.773090
vt 0.392564 0.781066
vt 0.958749 0.185202
vt 0.958692 0.182872
vt 0.959573 0.183136
vt 0.826773 0.676468
vt 0.682984 0.782505
vt 0.686156 0.784548
vt 0.825193 0.357972
vt 0.821866 0.355691
vt 0.706524 0.838012
vt 0.706311 0.824258
vt 0.978594 0.213215
vt 0.827490 0.353636
vt 0.827662 0.358823
vt 0.076234 0.978028
vt 0.608623 0.827182
vt 0.609292 0.823846
vt 0.522146 0.973577
vt 0.678581 0.777221
vt 0.684483 0.778170
vt 0.447511 0.727427
vt 0.500003 0.719145
vt 0.500962 0.714345
vt 0.501315 0.718648
vt 0.245745 0.502581
vt 0.245039 0.501337
vt 0.962547 0.185174
vt 0.786063 0.823562
vt 0.520249 0.929806
vt 0.451007 0.770187
vt 0.077507 0.970297
vt 0.840461 0.356891
vt 0.396371 0.714129
vt 0.667461 0.722255
vt 0.748391 0.315704
vt 0.559671 0.921238
vt 0.248324 0.968941
vt 0.252852 0.968330
vt 0.517388 0.923661
vt 0.814933 0.756741
vt 0.978594 0.183880
vt 0.977429 0.186138
vt 0.550686 0.918448
vt 0.554364 0.919442
vt 0.556828 0.920336
vt 0.175375 0.955832
vt 0.818704 0.781358
vt 0.104871 0.974510
vt 0.740245 0.962798
vt 0.564051 0.917836
vt 0.662663 0.779803
vt 0.645259 0.758546
vt 0.842748 0.644829
vt 0.846488 0.631405
vt 0.834898 0.722090
vt 0.889111 0.218930
vt 0.658338 0.803771
vt 0.653460 0.794340
vt 0.656693 0.795769
vt 0.652072 0.785942
vt 0.241579 0.592203
vt 0.241880 0.576520
vt 0.245239 0.580419
vt 0.974673 0.680736
vt 0.972662 0.680587
vt 0.453855 0.764193
vt 0.771151 0.981735
vt 0.626049 0.705763
vt 0.395536 0.775673
vt 0.395692 0.771329
vt 0.775041 0.967792
vt 0.778832 0.968667
vt 0.684741 0.856506
vt 0.557688 0.906747
vt 0.023354 0.994223
vt 0.409521 0.690068
vt 0.545286 0.919988
vt 0.503931 0.539957
vt 0.503931 0.542606
vt 0.501634 0.539987
vt 0.385186 0.737953
vt 0.818241 0.765373
vt 0.823687 0.764061
vt 0.504656 0.446920
vt 0.389197 0.799061
vt 0.379800 0.726091
vt 0.770150 0.973243
vt 0.975579 0.201481
vt 0.530606 0.915531
vt 0.695731 0.720480
vt 0.699902 0.719790
vt 0.040667 0.952339
vt 0.825209 0.756232
vt 0.415041 0.684702
vt 0.768034 0.979747
vt 0.684780 0.765549
vt 0.688817 0.755989
vt 0.974740 0.674025
vt 0.454748 0.709270
vt 0.202327 0.978834
vt 0.171820 0.943790
vt 0.166628 0.944650
vt 0.511188 0.950366
vt 0.460829 0.756397
vt 0.463158 0.762509
vt 0.505058 0.972401
vt 0.511330 0.975016
vt 0.773784 0.972663
vt 0.824755 0.701395
vt 0.827025 0.693816
vt 0.975976 0.500646
vt 0.502968 0.742978
vt 0.503433 0.735651
vt 0.504873 0.740824
vt 0.062755 0.976416
vt 0.859235 0.351416
vt 0.864471 0.358034
vt 0.862776 0.355931
vt 0.609983 0.827301
vt 0.859235 0.355670
vt 0.021185 0.917212
vt 0.857141 0.661164
vt 0.687214 0.818285
vt 0.685184 0.804916
vt 0.693903 0.821386
vt 0.412305 0.671287
vt 0.414328 0.667557
vt 0.416000 0.678079
vt 0.253947 0.981127
vt 0.821094 0.323575
vt 0.818882 0.321170
vt 0.821094 0.318825
vt 0.626895 0.755896
vt 0.631238 0.752130
vt 0.106329 0.987817
vt 0.549891 0.874925
vt 0.245476 0.593699
vt 0.245476 0.596195
vt 0.243286 0.595152
vt 0.781463 0.743993
vt 0.783002 0.736897
vt 0.417135 0.683613
vt 0.238252 0.792154
vt 0.235515 0.793894
vt 0.235197 0.792692
vt 0.815658 0.766732
vt 0.189911 0.929341
vt 0.237313 0.523535
vt 0.239190 0.523124
vt 0.237345 0.524947
vt 0.245772 0.469929
vt 0.245772 0.477319
vt 0.245300 0.474542
vt 0.826280 0.821349
vt 0.826150 0.818216
vt 0.455847 0.768430
vt 0.557577 0.899404
vt 0.559727 0.899961
vt 0.631385 0.699672
vt 0.503811 0.796737
vt 0.518003 0.917926
vt 0.048921 0.986030
vt 0.239190 0.524986
vt 0.239956 0.523124
vt 0.240720 0.524986
vt 0.659765 0.816292
vt 0.379964 0.714491
vt 0.776932 0.969201
vt 0.231016 0.793404
vt 0.623595 0.701230
vt 0.688553 0.805173
vt 0.231447 0.921905
vt 0.889589 0.215668
vt 0.444304 0.748805
vt 0.686118 0.356048
vt 0.685755 0.352201
vt 0.687294 0.351647
vt 0.219179 0.943676
vt 0.557391 0.896222
vt 0.020082 0.996173
vt 0.007315 0.995449
vt 0.379252 0.743291
vt 0.853443 0.669548
vt 0.855144 0.673588
vt 0.407689 0.780766
vt 0.819220 0.822346
vt 0.824018 0.820410
vt 0.451913 0.763996
vt 0.375991 0.725718
vt 0.034482 0.996173
vt 0.029209 0.994346
vt 0.850261 0.969981
vt 0.850291 0.969837
vt 0.848446 0.978864
vt 0.457035 0.750765
vt 0.504717 0.709743
vt 0.391420 0.774801
vt 0.370513 0.758393
vt 0.826284 0.829488
vt 0.107103 0.963813
vt 0.716776 0.358880
vt 0.716766 0.359012
vt 0.217026 0.937631
vt 0.373597 0.742696
vt 0.464690 0.766397
vt 0.465601 0.767024
vt 0.464929 0.771995
vt 0.787215 0.833535
vt 0.244858 0.456991
vt 0.245681 0.448459
vt 0.245681 0.461526
vt 0.783507 0.973628
vt 0.784384 0.981866
vt 0.779960 0.973704
vt 0.251534 0.972054
vt 0.254051 0.970278
vt 0.042205 0.921731
vt 0.371796 0.744370
vt 0.562013 0.885219
vt 0.558235 0.883203
vt 0.794864 0.738444
vt 0.245722 0.488953
vt 0.245575 0.486013
vt 0.245722 0.481800
vt 0.556331 0.914429
vt 0.222118 0.930594
vt 0.223383 0.918751
vt 0.225160 0.919088
vt 0.446831 0.756691
vt 0.448765 0.758670
vt 0.737004 0.985075
vt 0.738126 0.979329
vt 0.740146 0.984478
vt 0.700655 0.851245
vt 0.695566 0.852968
vt 0.894472 0.218581
vt 0.648840 0.739074
vt 0.457282 0.778146
vt 0.836949 0.841952
vt 0.830659 0.842781
vt 0.779882 0.845419
vt 0.503951 0.708212
vt 0.562656 0.899127
vt 0.442777 0.748758
vt 0.451732 0.728690
vt 0.648018 0.784694
vt 0.649672 0.779942
vt 0.851353 0.628981
vt 0.646459 0.681805
vt 0.388371 0.772767
vt 0.977373 0.414120
vt 0.977373 0.432251
vt 0.974234 0.420075
vt 0.776572 0.987083
vt 0.408485 0.659699
vt 0.839912 0.905654
vt 0.535040 0.938207
vt 0.033314 0.978559
vt 0.247065 0.969035
vt 0.242054 0.794672
vt 0.860364 0.627068
vt 0.017489 0.961763
vt 0.461830 0.776201
vt 0.469834 0.784646
vt 0.908227 0.977912
vt 0.911289 0.970760
vt 0.911289 0.979574
vt 0.376846 0.730415
vt 0.245766 0.478083
vt 0.245725 0.479635
vt 0.244858 0.479672
vt 0.975570 0.196738
vt 0.884490 0.219683
vt 0.854084 0.668051
vt 0.833980 0.736130
vt 0.816865 0.853991
vt 0.823043 0.853022
vt 0.283896 0.981385
vt 0.277851 0.972873
vt 0.283896 0.968330
vt 0.245772 0.757472
vt 0.244421 0.756699
vt 0.245772 0.754895
vt 0.827662 0.351416
vt 0.501664 0.735494
vt 0.502746 0.731772
vt 0.502958 0.735494
vt 0.740048 0.978829
vt 0.740955 0.979601
vt 0.741077 0.983641
vt 0.449151 0.760445
vt 0.228008 0.900946
vt 0.232178 0.901275
vt 0.964193 0.176505
vt 0.244858 0.473972
vt 0.245245 0.474020
vt 0.245300 0.478083
vt 0.455572 0.813523
vt 0.558199 0.928207
vt 0.810831 0.694635
vt 0.238252 0.794240
vt 0.965954 0.178359
vt 0.968569 0.176138
vt 0.968569 0.185202
vt 0.102494 0.971510
vt 0.503083 0.451356
vt 0.456265 0.677391
vt 0.448013 0.648252
vt 0.453320 0.649174
vt 0.825462 0.840733
vt 0.219951 0.940328
vt 0.043375 0.994117
vt 0.741407 0.977650
vt 0.449402 0.814630
vt 0.761898 0.973828
vt 0.376755 0.774137
vt 0.036012 0.966086
vt 0.445923 0.750422
vt 0.220425 0.939444
vt 0.220798 0.936806
vt 0.452056 0.778155
vt 0.503052 0.441116
vt 0.841486 0.904498
vt 0.610885 0.827000
vt 0.861944 0.358217
vt 0.859235 0.355379
vt 0.861944 0.351416
vt 0.244858 0.522780
vt 0.245712 0.520581
vt 0.245712 0.523124
vt 0.751570 0.315882
vt 0.680236 0.768032
vt 0.834625 0.684714
vt 0.537148 0.937205
vt 0.503369 0.811462
vt 0.504280 0.813755
vt 0.778441 0.971254
vt 0.777411 0.971440
vt 0.805063 0.694469
vt 0.538400 0.938340
vt 0.556095 0.934593
vt 0.220334 0.940559
vt 0.858040 0.672085
vt 0.855347 0.670481
vt 0.855405 0.669101
vt 0.856288 0.668849
vt 0.239198 0.726374
vt 0.243437 0.724496
vt 0.976235 0.680443
vt 0.504210 0.424408
vt 0.504636 0.421486
vt 0.504636 0.426377
vt 0.830667 0.848292
vt 0.710872 0.357508
vt 0.712119 0.355539
vt 0.712119 0.358528
vt 0.736715 0.986688
vt 0.606285 0.820325
vt 0.821333 0.353791
vt 0.766766 0.969283
vt 0.854444 0.669317
vt 0.755562 0.224413
vt 0.754682 0.225531
vt 0.743243 0.983922
vt 0.720653 0.359012
vt 0.716776 0.356538
vt 0.718119 0.355258
vt 0.651376 0.680139
vt 0.504526 0.731772
vt 0.374765 0.740191
vt 0.555051 0.919026
vt 0.657460 0.680276
vt 0.210754 0.942291
vt 0.109376 0.963235
vt 0.414185 0.679767
vt 0.710930 0.705623
vt 0.712036 0.705023
vt 0.712036 0.709098
vt 0.781795 0.785490
vt 0.107744 0.855563
vt 0.242054 0.789954
vt 0.185127 0.907104
vt 0.618143 0.760289
vt 0.892035 0.226194
vt 0.820897 0.307094
vt 0.820897 0.311103
vt 0.818882 0.310410
vt 0.666909 0.749694
vt 0.508231 0.930552
vt 0.830208 0.750738
vt 0.504890 0.679921
vt 0.503886 0.677670
vt 0.504890 0.676115
vt 0.245239 0.593699
vt 0.751570 0.313906
vt 0.751570 0.316008
vt 0.040902 0.935072
vt 0.236988 0.788838
vt 0.778528 0.972507
vt 0.239190 0.525129
vt 0.846059 0.351416
vt 0.688335 0.776506
vt 0.610885 0.805160
vt 0.843340 0.358895
vt 0.245300 0.469929
vt 0.245575 0.489020
vt 0.245168 0.484459
vt 0.245575 0.481800
vt 0.720653 0.353294
vt 0.894472 0.229778
vt 0.105478 0.969880
vt 0.659975 0.734873
vt 0.556398 0.917065
vt 0.106036 0.962917
vt 0.104637 0.963693
vt 0.630451 0.774886
vt 0.077507 0.972235
vt 0.245691 0.446039
vt 0.245573 0.445969
vt 0.245627 0.445756
vt 0.504915 0.961941
vt 0.645899 0.757943
vt 0.971678 0.680841
vt 0.504873 0.745483
vt 0.205544 0.931210
vt 0.195815 0.904284
vt 0.201466 0.903143
vt 0.245555 0.446039
vt 0.609597 0.813020
vt 0.769910 0.964326
vt 0.840717 0.720144
vt 0.536769 0.940086
vt 0.826820 0.762828
vt 0.819793 0.313585
vt 0.860802 0.675252
vt 0.605738 0.822145
vt 0.687294 0.356701
vt 0.552306 0.902238
vt 0.190330 0.905614
vt 0.661544 0.981025
vt 0.661446 0.994924
vt 0.652585 0.962109
vt 0.245039 0.504516
vt 0.245483 0.502581
vt 0.245483 0.507542
vt 0.499847 0.811778
vt 0.820943 0.318825
vt 0.818882 0.315809
vt 0.820943 0.313585
vt 0.828328 0.853312
vt 0.819838 0.720641
vt 0.965934 0.182055
vt 0.965104 0.185202
vt 0.245766 0.481800
vt 0.557105 0.918688
vt 0.778877 0.690612
vt 0.783374 0.691739
vt 0.712128 0.356396
vt 0.207162 0.902214
vt 0.839222 0.691192
vt 0.841969 0.689994
vt 0.415494 0.641023
vt 0.788351 0.692707
vt 0.793702 0.693495
vt 0.411046 0.639777
vt 0.458283 0.649955
vt 0.799313 0.694087
vt 0.431185 0.644852
vt 0.436826 0.646068
vt 0.442476 0.647209
vt 0.690224 0.854734
vt 0.169218 0.913991
vt 0.172277 0.912203
vt 0.774956 0.689349
vt 0.223317 0.900877
vt 0.664467 0.982439
vt 0.659948 0.950550
vt 0.664467 0.950336
vt 0.769018 0.716236
vt 0.771693 0.687979
vt 0.656001 0.950785
vt 0.831670 0.693123
vt 0.668618 0.861486
vt 0.305861 0.876563
vt 0.301109 0.868979
vt 0.312894 0.857997
vt 0.314880 0.864284
vt 0.324281 0.900457
vt 0.322870 0.905184
vt 0.321078 0.906231
vt 0.779876 0.926477
vt 0.787756 0.947926
vt 0.773992 0.925630
vt 0.662258 0.870338
vt 0.659707 0.863940
vt 0.667461 0.868098
vt 0.431261 0.840150
vt 0.420862 0.833961
vt 0.426568 0.826840
vt 0.682835 0.899795
vt 0.678966 0.906964
vt 0.671117 0.899328
vt 0.775023 0.893489
vt 0.769018 0.881821
vt 0.778210 0.876928
vt 0.976962 0.866448
vt 0.977424 0.871103
vt 0.974444 0.877598
vt 0.429316 0.884136
vt 0.437535 0.886512
vt 0.433233 0.907906
vt 0.804957 0.892694
vt 0.796151 0.892884
vt 0.803281 0.881108
vt 0.624704 0.938056
vt 0.637295 0.932682
vt 0.638151 0.942206
vt 0.659631 0.915958
vt 0.666668 0.918745
vt 0.658661 0.929407
vt 0.829361 0.949504
vt 0.823662 0.944628
vt 0.832058 0.943918
vt 0.836813 0.946170
vt 0.434678 0.913946
vt 0.437977 0.910741
vt 0.446433 0.913171
vt 0.448292 0.899889
vt 0.439561 0.904901
vt 0.445312 0.881090
vt 0.814500 0.893922
vt 0.808748 0.909021
vt 0.817252 0.908380
vt 0.818571 0.922204
vt 0.798613 0.953136
vt 0.804261 0.942367
vt 0.805695 0.951950
vt 0.620238 0.908800
vt 0.623903 0.920988
vt 0.615589 0.923358
vt 0.647556 0.943688
vt 0.302424 0.886852
vt 0.312930 0.897281
vt 0.306580 0.906485
vt 0.445088 0.867011
vt 0.449230 0.876369
vt 0.785434 0.888391
vt 0.786751 0.900195
vt 0.436992 0.877628
vt 0.440007 0.854565
vt 0.429151 0.855063
vt 0.790362 0.875931
vt 0.404729 0.858089
vt 0.407887 0.871564
vt 0.403114 0.869549
vt 0.629644 0.909598
vt 0.629907 0.918319
vt 0.982382 0.082988
vt 0.988507 0.085820
vt 0.987624 0.087898
vt 0.395848 0.838286
vt 0.382709 0.851989
vt 0.378433 0.839389
vt 0.811222 0.880494
vt 0.818870 0.879892
vt 0.654275 0.941385
vt 0.665862 0.939659
vt 0.654967 0.950336
vt 0.414573 0.825190
vt 0.818948 0.869816
vt 0.810946 0.863192
vt 0.822962 0.860164
vt 0.794155 0.945088
vt 0.787082 0.922609
vt 0.799812 0.903655
vt 0.801417 0.913234
vt 0.638832 0.874307
vt 0.631887 0.871135
vt 0.643672 0.861486
vt 0.649184 0.931487
vt 0.784866 0.909745
vt 0.779728 0.917192
vt 0.776834 0.907447
vt 0.634927 0.895267
vt 0.636072 0.885030
vt 0.642847 0.892600
vt 0.419774 0.880329
vt 0.418969 0.885727
vt 0.414366 0.877086
vt 0.330009 0.859103
vt 0.334837 0.851510
vt 0.330855 0.865901
vt 0.770084 0.898794
vt 0.671248 0.910465
vt 0.684025 0.917547
vt 0.398794 0.826658
vt 0.388932 0.830342
vt 0.383089 0.825695
vt 0.651845 0.894503
vt 0.645063 0.882312
vt 0.648546 0.919085
vt 0.658613 0.908340
vt 0.399622 0.821566
vt 0.641756 0.950336
vt 0.422467 0.857591
vt 0.413513 0.866092
vt 0.399846 0.843853
vt 0.434582 0.815580
vt 0.439161 0.821799
vt 0.425994 0.818701
vt 0.791784 0.954858
vt 0.806008 0.922727
vt 0.793060 0.922287
vt 0.813321 0.941337
vt 0.952763 0.053854
vt 0.954854 0.044667
vt 0.959756 0.052585
vt 0.772262 0.911045
vt 0.676867 0.924969
vt 0.302747 0.876844
vt 0.069050 0.923548
vt 0.068632 0.929037
vt 0.065888 0.936790
vt 0.346085 0.938235
vt 0.346307 0.944603
vt 0.326355 0.928570
vt 0.338318 0.930541
vt 0.806632 0.867674
vt 0.652408 0.862223
vt 0.816385 0.955906
vt 0.812560 0.950145
vt 0.822558 0.954767
vt 0.326479 0.918705
vt 0.819963 0.950146
vt 0.831159 0.951576
vt 0.662441 0.895466
vt 0.448667 0.848766
vt 0.440224 0.833378
vt 0.451450 0.842706
vt 0.679037 0.882873
vt 0.684999 0.889018
vt 0.802935 0.958654
vt 0.409426 0.837618
vt 0.626468 0.892025
vt 0.621709 0.893297
vt 0.621450 0.873760
vt 0.978145 0.077108
vt 0.967885 0.077701
vt 0.969129 0.070188
vt 0.829467 0.869100
vt 0.451450 0.860739
vt 0.649143 0.873549
vt 0.437508 0.838761
vt 0.333227 0.850098
vt 0.416284 0.817734
vt 0.833020 0.915948
vt 0.827434 0.916711
vt 0.826685 0.891701
vt 0.322682 0.857500
vt 0.984921 0.006165
vt 0.978576 0.009941
vt 0.985222 0.000000
vt 0.451141 0.910840
vt 0.450144 0.912533
vt 0.828023 0.925104
vt 0.345993 0.884793
vt 0.351161 0.896955
vt 0.334652 0.890331
vt 0.379971 0.833435
vt 0.421371 0.895202
vt 0.367221 0.845411
vt 0.656057 0.886370
vt 0.790197 0.910484
vt 0.667155 0.882924
vt 0.639040 0.921390
vt 0.837130 0.863543
vt 0.776718 0.870161
vt 0.785572 0.868700
vt 0.643950 0.907798
vt 0.780305 0.862931
vt 0.791996 0.861403
vt 0.204944 0.887424
vt 0.201216 0.876378
vt 0.209841 0.871208
vt 0.215932 0.884263
vt 0.151770 0.927618
vt 0.143159 0.930806
vt 0.146993 0.919944
vt 0.147981 0.876410
vt 0.141718 0.876807
vt 0.146009 0.872272
vt 0.192192 0.849920
vt 0.196084 0.848622
vt 0.199946 0.848563
vt 0.093899 0.939268
vt 0.097581 0.929749
vt 0.103069 0.945935
vt 0.230276 0.863957
vt 0.232843 0.876772
vt 0.223882 0.873787
vt 0.098858 0.899866
vt 0.106123 0.904500
vt 0.094240 0.911330
vt 0.183305 0.852368
vt 0.187551 0.846526
vt 0.913711 0.935138
vt 0.909766 0.940369
vt 0.900762 0.929449
vt 0.586530 0.921575
vt 0.606726 0.919755
vt 0.593860 0.924414
vt 0.121352 0.948711
vt 0.112982 0.946643
vt 0.121439 0.938334
vt 0.925249 0.962056
vt 0.919909 0.969727
vt 0.912937 0.959888
vt 0.931701 0.899402
vt 0.936271 0.894160
vt 0.940608 0.909030
vt 0.098038 0.920069
vt 0.106510 0.915071
vt 0.129374 0.939705
vt 0.122903 0.928927
vt 0.948522 0.946400
vt 0.956245 0.951779
vt 0.948068 0.958334
vt 0.174411 0.874975
vt 0.192284 0.865717
vt 0.193963 0.873976
vt 0.117006 0.956863
vt 0.130991 0.954452
vt 0.898609 0.918093
vt 0.911771 0.920054
vt 0.568515 0.944219
vt 0.571273 0.935638
vt 0.576587 0.945660
vt 0.926492 0.886537
vt 0.936134 0.889033
vt 0.925281 0.888851
vt 0.217377 0.795080
vt 0.216300 0.800358
vt 0.210467 0.798097
vt 0.941383 0.962074
vt 0.946296 0.967020
vt 0.934177 0.970760
vt 0.935289 0.962115
vt 0.226430 0.810492
vt 0.228718 0.827944
vt 0.217922 0.807312
vt 0.137727 0.946586
vt 0.138672 0.933021
vt 0.206045 0.818792
vt 0.210611 0.807618
vt 0.213279 0.828244
vt 0.204147 0.808410
vt 0.129858 0.962917
vt 0.131183 0.915760
vt 0.124135 0.913347
vt 0.133342 0.900779
vt 0.172867 0.842865
vt 0.124942 0.866750
vt 0.122135 0.864854
vt 0.134095 0.864545
vt 0.220940 0.861100
vt 0.230994 0.849148
vt 0.238167 0.847422
vt 0.228292 0.832214
vt 0.240411 0.838599
vt 0.216012 0.833080
vt 0.211827 0.849569
vt 0.947875 0.927540
vt 0.955727 0.927299
vt 0.950299 0.933423
vt 0.185789 0.884388
vt 0.224263 0.839873
vt 0.219967 0.825097
vt 0.228249 0.883844
vt 0.107346 0.952373
vt 0.141699 0.958931
vt 0.146477 0.947910
vt 0.202802 0.822133
vt 0.205433 0.833180
vt 0.919475 0.945325
vt 0.933040 0.945767
vt 0.930685 0.952320
vt 0.180311 0.888895
vt 0.190609 0.898079
vt 0.174659 0.892738
vt 0.231674 0.893732
vt 0.223338 0.891220
vt 0.126149 0.882277
vt 0.130952 0.871029
vt 0.135160 0.878187
vt 0.141105 0.867338
vt 0.136364 0.870372
vt 0.905225 0.950913
vt 0.901554 0.940337
vt 0.117513 0.881982
vt 0.123733 0.872092
vt 0.939448 0.916712
vt 0.932066 0.916308
vt 0.928321 0.909276
vt 0.577835 0.938540
vt 0.904188 0.963772
vt 0.090373 0.920885
vt 0.923883 0.934898
vt 0.935975 0.929700
vt 0.939433 0.937435
vt 0.200385 0.899620
vt 0.192387 0.891514
vt 0.915072 0.901691
vt 0.922732 0.901430
vt 0.201646 0.868359
vt 0.201303 0.859491
vt 0.925849 0.920223
vt 0.111540 0.905011
vt 0.108958 0.881779
vt 0.214826 0.888874
vt 0.149138 0.889892
vt 0.103149 0.879948
vt 0.234607 0.788838
vt 0.235197 0.793422
vt 0.231016 0.793422
vt 0.219063 0.850359
vt 0.211304 0.856293
vt 0.122687 0.902682
vt 0.116016 0.919985
vt 0.609324 0.960135
vt 0.601756 0.963011
vt 0.590311 0.957477
vt 0.114275 0.864368
vt 0.105825 0.935374
vt 0.138678 0.918943
vt 0.588217 0.874925
vt 0.583565 0.888059
vt 0.572233 0.896012
vt 0.199510 0.885509
vt 0.237901 0.855724
vt 0.245519 0.856990
vt 0.239563 0.866090
vt 0.116376 0.911336
vt 0.140596 0.899636
vt 0.168946 0.884759
vt 0.171281 0.877909
vt 0.172622 0.883169
vt 0.169745 0.857756
vt 0.106007 0.925641
vt 0.954291 0.917198
vt 0.946736 0.915577
vt 0.946374 0.906826
vt 0.916929 0.920689
vt 0.903813 0.901585
vt 0.919643 0.889459
vt 0.940176 0.951777
vt 0.106760 0.868267
vt 0.106357 0.864514
vt 0.600669 0.949690
vt 0.208406 0.899311
vt 0.222632 0.794681
vt 0.145705 0.903930
vt 0.245505 0.429681
vt 0.244963 0.444135
vt 0.244858 0.437807
vt 0.955203 0.935415
vt 0.577156 0.905375
vt 0.565691 0.922129
vt 0.564051 0.913077
vt 0.115698 0.871337
vt 0.600817 0.906059
vt 0.608868 0.905781
vt 0.680261 0.351647
vt 0.680261 0.357710
vt 0.674640 0.357517
vt 0.131177 0.927595
vt 0.245505 0.448459
vt 0.908516 0.896403
vt 0.915321 0.889579
vt 0.151596 0.940424
vt 0.105890 0.957617
vt 0.504128 0.605856
vt 0.504588 0.613925
vt 0.503729 0.608832
vt 0.966972 0.061146
vt 0.973860 0.070498
vt 0.150099 0.887665
vt 0.957893 0.042391
vt 0.960079 0.037634
vt 0.961118 0.048807
vt 0.170938 0.875269
vt 0.166628 0.884814
vt 0.152291 0.892765
vt 0.154192 0.905863
vt 0.152665 0.902067
vt 0.951972 0.896101
vt 0.944728 0.888979
vt 0.954236 0.894191
vt 0.916867 0.978849
vt 0.914098 0.976398
vt 0.914184 0.970760
vt 0.916867 0.975178
vt 0.502752 0.472354
vt 0.503970 0.464043
vt 0.504697 0.474426
vt 0.502826 0.459625
vt 0.074522 0.922376
vt 0.072524 0.928707
vt 0.070874 0.945903
vt 0.066414 0.949953
vt 0.068832 0.936890
vt 0.071859 0.937275
vt 0.336560 0.853319
vt 0.343660 0.842704
vt 0.900534 0.900835
vt 0.894327 0.911135
vt 0.891289 0.911387
vt 0.503774 0.478152
vt 0.205006 0.816346
vt 0.198763 0.846765
vt 0.202656 0.838303
vt 0.338251 0.926401
vt 0.340455 0.931509
vt 0.503424 0.451356
vt 0.504641 0.454228
vt 0.502763 0.455326
vt 0.404783 0.869526
vt 0.400535 0.869758
vt 0.400261 0.867494
vt 0.355067 0.831845
vt 0.356015 0.835862
vt 0.350351 0.836543
vt 0.976800 0.019009
vt 0.974995 0.019579
vt 0.980939 0.074605
vt 0.347889 0.887128
vt 0.352362 0.942805
vt 0.350693 0.943840
vt 0.350653 0.938177
vt 0.353317 0.941719
vt 0.504724 0.755168
vt 0.502968 0.751044
vt 0.504724 0.745483
vt 0.167352 0.858797
vt 0.078762 0.918872
vt 0.080332 0.913736
vt 0.084432 0.915455
vt 0.171241 0.835422
vt 0.174360 0.828417
vt 0.356015 0.902156
vt 0.501502 0.628475
vt 0.503760 0.628818
vt 0.424572 0.908313
vt 0.426172 0.905973
vt 0.427155 0.912195
vt 0.330407 0.920788
vt 0.326925 0.915986
vt 0.974219 0.026521
vt 0.969271 0.027865
vt 0.967061 0.964679
vt 0.968998 0.965105
vt 0.967122 0.968683
vt 0.501502 0.635350
vt 0.504373 0.633360
vt 0.504373 0.639109
vt 0.324106 0.906589
vt 0.755584 0.203202
vt 0.755584 0.214650
vt 0.754218 0.204972
vt 0.395133 0.891578
vt 0.390586 0.895285
vt 0.395008 0.871762
vt 0.397054 0.874705
vt 0.952523 0.150909
vt 0.952523 0.171057
vt 0.949931 0.167386
vt 0.352751 0.905276
vt 0.354231 0.907208
vt 0.755688 0.246982
vt 0.754218 0.244379
vt 0.755688 0.242292
vt 0.607187 0.903487
vt 0.325043 0.901052
vt 0.710872 0.352578
vt 0.712046 0.351358
vt 0.712046 0.355539
vt 0.072134 0.918401
vt 0.610730 0.934858
vt 0.608202 0.937532
vt 0.608171 0.929376
vt 0.502763 0.416868
vt 0.504905 0.412334
vt 0.504905 0.421486
vt 0.333419 0.864870
vt 0.891415 0.915634
vt 0.886296 0.920215
vt 0.346832 0.876552
vt 0.345616 0.878094
vt 0.988871 0.081655
vt 0.985492 0.079008
vt 0.806580 0.854742
vt 0.814086 0.855559
vt 0.837130 0.938910
vt 0.383517 0.884725
vt 0.795830 0.870198
vt 0.367441 0.836252
vt 0.911289 0.976730
vt 0.914098 0.970760
vt 0.914098 0.978855
vt 0.372451 0.853113
vt 0.372917 0.866672
vt 0.835162 0.871284
vt 0.832628 0.889419
vt 0.629918 0.945739
vt 0.323081 0.873304
vt 0.680922 0.933053
vt 0.672456 0.936050
vt 0.445263 0.908054
vt 0.835429 0.919184
vt 0.378320 0.875704
vt 0.612700 0.905825
vt 0.611511 0.886588
vt 0.625909 0.867016
vt 0.342362 0.838948
vt 0.680258 0.876850
vt 0.327242 0.849640
vt 0.635840 0.861569
vt 0.956877 0.035517
vt 0.450300 0.906616
vt 0.321973 0.927968
vt 0.347938 0.905902
vt 0.334258 0.899126
vt 0.326198 0.896456
vt 0.445723 0.827151
vt 0.791706 0.959164
vt 0.386677 0.816602
vt 0.962539 0.066888
vt 0.969663 0.980639
vt 0.240947 0.878065
vt 0.239738 0.886460
vt 0.348313 0.834492
vt 0.352204 0.831176
vt 0.832885 0.856052
vt 0.578466 0.917308
vt 0.580861 0.919903
vt 0.577049 0.919082
vt 0.089724 0.900501
vt 0.571024 0.955380
vt 0.580519 0.958527
vt 0.177831 0.829902
vt 0.113746 0.930583
vt 0.245572 0.873978
vt 0.220664 0.802739
vt 0.564722 0.935059
vt 0.172749 0.850968
vt 0.220677 0.900877
vt 0.182344 0.900877
vt 0.090098 0.929355
vt 0.154192 0.947866
vt 0.147408 0.901046
vt 0.901340 0.970760
vt 0.901340 0.980085
vt 0.898008 0.976880
vt 0.204693 0.802936
vt 0.225475 0.799769
vt 0.700655 0.849067
vt 0.707303 0.838892
vt 0.707303 0.855495
vt 0.605585 0.956061
vt 0.289541 0.982265
vt 0.283896 0.975693
vt 0.289541 0.968330
vt 0.895982 0.930518
vt 0.569396 0.897929
vt 0.084432 0.924838
vt 0.089573 0.913736
vt 0.089573 0.928793
vt 0.578711 0.899679
vt 0.898439 0.955908
vt 0.100358 0.950268
vt 0.935014 0.885929
vt 0.942020 0.891171
vt 0.070382 0.952765
vt 0.067093 0.951600
vt 0.244421 0.743763
vt 0.245700 0.738705
vt 0.245700 0.751821
vt 0.956245 0.900126
vt 0.988871 0.000658
vt 0.072770 0.950994
vt 0.170464 0.850727
vt 0.977424 0.880982
vt 0.889026 0.922032
vt 0.908572 0.893189
vt 0.504046 0.408090
vt 0.078716 0.963502
vt 0.077398 0.965301
vt 0.068802 0.956532
vt 0.610730 0.907548
vt 0.608115 0.924552
vt 0.075337 0.956883
vt 0.080202 0.962730
vt 0.504641 0.458684
vt 0.504909 0.487067
vt 0.503192 0.489891
vt 0.501634 0.488322
vt 0.502859 0.475792
vt 0.502340 0.494076
vt 0.504909 0.493939
vt 0.504588 0.631925
vt 0.502038 0.633360
vt 0.354065 0.948355
vt 0.350558 0.951007
vt 0.504777 0.766160
vt 0.502968 0.765635
vt 0.504777 0.761180
vt 0.969663 0.961053
vt 0.084432 0.967831
vt 0.972605 0.870010
vt 0.974444 0.866448
vt 0.974444 0.884216
vt 0.971210 0.884127
vt 0.083013 0.969582
s 1
usemtl Material.141
f 827/638/265 412/639/265 411/640/265
f 776/641/266 828/642/266 829/643/266
f 720/644/267 412/645/267 841/646/267
f 412/645/268 720/644/268 716/647/268
f 721/648/269 414/649/269 722/650/269
f 414/649/270 721/648/270 727/651/270
f 841/652/271 412/639/271 827/638/271
f 415/653/272 717/654/272 722/655/272
f 416/656/273 418/657/273 417/658/273
f 722/655/274 414/659/274 419/660/274
f 415/653/275 810/661/275 417/658/275
f 810/661/276 415/653/276 811/662/276
f 723/663/277 767/664/278 419/660/279
f 722/655/280 811/662/280 415/653/280
f 811/662/281 722/655/281 419/660/281
f 767/664/282 723/663/282 413/665/282
f 419/660/283 785/666/283 420/667/283
f 767/664/278 785/666/284 419/660/279
f 717/654/285 418/657/286 416/656/287
f 414/659/288 723/663/288 419/660/288
f 727/651/289 723/668/289 414/649/289
f 723/668/290 727/651/290 725/669/290
f 719/670/291 411/640/291 412/639/291
f 719/670/292 821/671/292 411/640/292
f 821/671/293 719/670/293 416/656/293
f 717/654/285 416/656/287 719/670/294
f 418/657/295 717/654/295 415/653/295
f 417/658/296 418/657/296 415/653/296
f 832/672/297 422/673/297 833/674/297
f 833/674/298 422/673/298 423/675/298
f 423/675/299 848/676/299 833/674/299
f 848/676/300 423/675/300 801/677/300
f 749/678/301 834/679/301 424/680/301
f 834/679/302 749/678/302 845/681/302
f 422/673/303 832/672/303 827/682/303
f 422/673/304 827/682/304 411/683/304
f 777/684/305 850/685/305 849/686/305
f 426/687/306 777/684/306 778/688/306
f 777/684/307 426/687/307 425/689/307
f 763/690/308 778/688/308 779/691/308
f 423/675/309 802/692/309 801/677/309
f 749/678/310 787/693/310 799/694/310
f 787/693/311 749/678/311 424/680/311
f 411/683/312 821/695/312 822/696/312
f 823/697/313 422/673/313 411/683/313
f 411/683/314 822/696/314 823/697/314
f 423/675/315 422/673/315 825/698/315
f 802/692/316 788/699/316 787/693/316
f 423/675/317 788/699/317 802/692/317
f 423/675/318 825/698/318 788/699/318
f 427/700/319 416/656/319 417/658/319
f 426/687/320 763/690/320 769/701/320
f 769/701/321 768/702/321 426/687/321
f 770/703/322 766/704/322 771/705/322
f 766/704/323 770/703/323 474/706/323
f 429/707/324 430/708/324 812/709/324
f 438/710/325 435/711/325 428/712/325
f 436/713/326 440/714/326 437/715/326
f 434/716/327 483/717/327 431/718/327
f 483/717/328 434/716/328 428/712/328
f 812/709/329 434/719/329 431/720/329
f 434/716/330 812/721/330 813/722/330
f 432/723/331 429/707/332 439/724/332
f 464/725/333 767/726/333 772/727/333
f 764/728/334 468/729/334 768/730/334
f 439/731/335 436/713/335 432/732/335
f 425/689/336 768/702/336 772/727/336
f 768/702/337 425/689/337 426/687/337
f 434/716/338 438/710/338 428/712/338
f 436/713/339 715/733/339 440/714/339
f 715/734/340 436/735/340 439/724/340
f 430/708/341 429/707/341 432/723/341
f 442/736/342 852/737/342 853/738/342
f 444/739/343 804/740/344 746/741/345
f 804/742/346 444/743/346 443/744/346
f 795/745/347 746/741/347 796/746/347
f 746/741/348 795/745/348 444/739/348
f 445/747/349 854/748/349 2036/749/349
f 408/750/350 410/751/350 837/752/350
f 408/750/351 790/753/351 442/736/351
f 790/753/352 408/750/352 837/752/352
f 442/736/353 2187/754/353 408/750/353
f 2188/755/354 445/756/354 2185/757/354
f 409/758/355 2187/754/355 446/759/355
f 446/759/356 2187/754/356 797/760/356
f 446/761/357 445/756/357 409/762/357
f 448/763/358 805/764/358 443/744/358
f 805/764/359 448/763/359 2031/765/359
f 2186/766/360 857/767/360 449/768/360
f 448/763/361 747/769/362 2031/765/363
f 773/770/364 748/771/364 774/772/364
f 748/771/365 773/770/365 447/773/365
f 450/774/366 2185/757/366 445/756/366
f 780/775/367 844/776/367 781/777/367
f 844/776/368 780/775/368 839/778/368
f 782/779/369 2186/780/369 449/781/369
f 2142/782/370 2186/783/370 782/784/370
f 840/785/371 2142/782/371 782/784/371
f 409/762/372 445/756/372 2188/755/372
f 2186/766/373 2185/757/373 857/767/373
f 448/763/374 774/772/374 747/769/374
f 838/786/375 847/787/375 791/788/375
f 803/789/376 791/788/376 792/790/376
f 803/789/377 792/790/377 441/791/377
f 838/786/378 791/788/378 803/789/378
f 780/775/379 743/792/380 783/793/381
f 743/792/382 780/775/382 447/794/382
f 743/792/383 784/795/383 783/793/383
f 792/790/384 798/796/385 800/797/386
f 798/796/387 792/790/387 421/798/387
f 793/799/388 2030/800/388 443/744/388
f 443/744/389 444/743/390 793/799/391
f 441/791/392 800/797/392 795/745/392
f 444/743/390 794/801/393 793/799/391
f 2030/800/394 2035/802/395 474/706/396
f 474/706/397 775/803/397 744/804/397
f 743/792/398 770/805/398 765/806/398
f 770/805/399 743/792/399 775/807/399
f 443/744/400 744/804/400 448/763/400
f 744/804/401 443/744/401 2030/800/401
f 753/808/402 732/809/403 757/810/404
f 732/809/403 753/808/402 454/811/405
f 435/711/406 729/812/406 728/813/406
f 432/723/407 807/814/407 430/708/407
f 1952/815/408 2032/816/408 433/817/408
f 1952/815/409 435/818/409 728/819/409
f 751/820/410 736/821/410 758/822/410
f 736/821/411 751/820/412 460/823/413
f 436/713/414 437/715/414 731/824/414
f 755/825/415 737/826/416 759/827/417
f 737/826/418 755/825/418 458/828/418
f 806/829/419 813/830/419 815/831/419
f 813/722/420 806/832/420 434/716/420
f 436/713/421 809/833/421 432/732/421
f 2033/834/422 738/835/422 760/836/422
f 738/835/423 2033/834/423 2034/837/423
f 435/711/424 808/838/424 729/812/424
f 808/838/425 435/711/425 438/710/425
f 454/811/426 451/839/426 452/840/426
f 452/840/427 732/809/427 454/811/427
f 732/809/428 452/840/428 2034/841/428
f 455/842/429 1963/843/429 451/839/429
f 451/839/430 734/844/430 455/842/430
f 734/844/431 451/839/431 454/811/431
f 456/845/432 1970/846/432 1963/847/432
f 1963/847/433 735/848/433 456/845/433
f 735/848/434 1963/847/434 455/849/434
f 457/850/435 1964/851/435 1965/852/435
f 1965/852/436 733/853/436 457/850/436
f 1970/846/437 733/853/438 1965/852/439
f 1970/846/437 456/845/440 733/853/438
f 458/828/441 1969/854/441 1964/851/441
f 1964/851/442 737/826/442 458/828/442
f 737/826/443 1964/851/443 457/850/443
f 1968/855/444 739/856/444 459/857/444
f 739/856/445 1968/855/445 460/858/445
f 459/859/446 453/860/446 1968/861/446
f 1969/862/447 736/863/447 460/858/447
f 736/863/448 1969/862/448 458/864/448
f 460/858/449 1968/855/449 1969/862/449
f 2034/841/450 452/840/451 453/860/452
f 453/860/452 738/865/453 2034/841/450
f 738/865/454 453/860/454 459/859/454
f 433/866/455 742/867/455 731/824/455
f 438/710/456 806/832/456 808/838/456
f 806/832/457 438/710/457 434/716/457
f 427/868/458 461/869/458 824/870/458
f 462/871/459 463/872/459 420/667/459
f 1961/873/460 1962/874/460 464/875/460
f 1962/876/461 465/877/461 462/878/461
f 465/879/462 816/880/462 463/872/462
f 466/881/463 427/700/463 467/882/463
f 824/870/464 461/869/464 1953/883/464
f 466/884/465 461/869/465 427/868/465
f 788/699/466 826/885/466 786/886/466
f 468/887/467 1955/888/467 464/725/467
f 469/889/468 786/886/468 470/890/468
f 1956/891/469 1953/892/469 471/893/469
f 1960/894/470 2035/802/470 472/895/470
f 766/896/471 473/897/471 1954/898/471
f 1954/899/472 764/900/473 766/901/474
f 764/900/475 1955/888/475 468/887/475
f 2035/802/476 475/902/476 474/706/476
f 1954/903/477 473/904/477 1957/905/477
f 476/906/478 1959/907/479 817/908/480
f 477/909/481 479/910/481 480/911/481
f 1962/912/482 477/909/482 1958/913/482
f 471/914/483 461/869/483 481/915/483
f 1952/815/484 1956/916/484 471/917/484
f 433/918/485 1954/919/485 1956/891/485
f 1952/815/486 433/817/486 1956/916/486
f 1954/899/487 437/715/487 440/714/487
f 466/884/488 478/920/488 482/921/488
f 476/922/489 482/921/489 478/920/489
f 471/914/490 428/712/490 435/711/490
f 471/923/491 435/924/491 1952/925/491
f 461/869/492 466/884/492 481/915/492
f 482/921/493 481/915/493 466/884/493
f 1954/899/494 433/866/494 437/715/494
f 1955/888/495 764/900/495 1954/899/495
f 1954/899/496 440/714/496 1955/888/496
f 1953/892/497 1956/891/497 1957/926/497
f 1956/891/498 1954/919/498 1957/926/498
f 825/698/499 1953/883/499 826/885/499
f 1953/883/500 825/698/500 824/870/500
f 472/895/501 469/927/501 1960/894/501
f 475/902/502 473/904/502 474/706/502
f 470/928/503 1960/894/503 469/927/503
f 473/904/504 475/902/504 1957/905/504
f 766/704/505 474/706/505 473/904/505
f 818/929/506 476/906/506 817/908/507
f 476/906/506 818/929/506 484/930/508
f 479/910/509 439/724/332 429/707/332
f 471/914/510 481/915/510 428/712/510
f 461/869/511 471/914/511 1953/883/511
f 485/931/512 476/922/512 484/932/512
f 476/922/513 485/931/513 482/921/513
f 715/734/514 439/724/514 479/910/514
f 715/733/515 1955/888/515 440/714/515
f 428/712/516 482/921/516 485/931/516
f 482/921/517 428/712/517 481/915/517
f 478/933/518 466/881/518 467/882/518
f 1958/934/519 1959/907/519 819/935/519
f 465/877/520 463/936/520 462/878/520
f 810/661/521 463/872/521 816/880/521
f 463/872/522 810/661/522 420/667/522
f 1962/937/523 462/938/523 464/725/523
f 715/733/524 479/939/524 1961/940/524
f 1955/888/525 1961/940/525 464/725/525
f 1961/940/526 1955/888/526 715/733/526
f 475/902/527 1960/894/527 1957/905/527
f 1960/894/528 475/902/528 2035/802/528
f 1957/905/529 1960/894/529 470/928/529
f 470/928/530 1953/941/530 1957/905/530
f 826/885/531 470/890/531 786/886/531
f 470/890/532 826/885/532 1953/883/532
f 485/931/533 484/932/533 431/718/533
f 812/709/534 480/911/534 429/707/534
f 480/911/535 812/709/535 818/942/535
f 428/712/536 485/931/536 483/717/536
f 431/718/537 483/717/537 485/931/537
f 479/910/538 429/707/538 480/911/538
f 480/911/539 817/943/540 477/909/541
f 1961/940/542 479/939/542 1962/937/542
f 477/909/543 1962/912/543 479/910/543
f 1958/934/544 819/935/544 465/879/544
f 467/882/545 427/700/545 417/658/545
f 816/880/546 467/882/546 417/658/546
f 467/882/547 816/880/548 819/935/549
f 1962/944/550 1958/945/550 465/946/550
f 1970/947/551 486/948/551 1963/949/551
f 487/950/552 1969/951/552 488/952/552
f 489/953/553 1965/954/553 1964/955/553
f 1965/954/554 489/953/554 1970/956/554
f 490/957/555 491/958/555 492/959/555
f 493/960/556 490/957/556 494/961/556
f 495/962/557 493/963/557 496/964/557
f 495/962/558 497/965/558 493/963/558
f 498/966/559 497/965/560 499/967/561
f 1971/968/562 498/966/562 499/967/562
f 500/969/563 491/958/563 490/957/563
f 501/970/564 1966/971/565 1967/972/566
f 1967/972/567 502/973/567 498/974/567
f 1967/972/568 1966/971/568 502/973/568
f 503/975/569 504/976/569 505/977/569
f 506/978/570 507/979/570 508/980/570
f 509/981/571 494/961/571 510/982/571
f 499/967/572 495/962/572 511/983/572
f 1971/984/573 499/985/573 453/986/573
f 487/987/574 512/988/574 1969/989/574
f 512/990/575 510/982/575 492/959/575
f 513/991/576 500/969/576 490/957/576
f 494/961/577 496/992/577 493/960/577
f 513/993/578 497/965/578 502/994/578
f 513/993/579 493/963/579 497/965/579
f 497/995/580 495/996/580 499/997/580
f 514/998/581 515/999/581 516/1000/581
f 515/999/582 514/998/582 500/969/582
f 513/993/583 517/1001/583 518/1002/583
f 517/1001/584 513/993/584 502/994/584
f 500/969/585 518/1003/585 515/999/585
f 518/1003/586 500/969/586 513/991/586
f 503/975/587 519/1004/587 504/976/587
f 503/975/588 514/1005/588 520/1006/588
f 521/1007/589 507/979/589 506/978/589
f 1963/949/590 486/948/590 522/1008/590
f 1964/955/591 1969/989/591 512/988/591
f 512/988/592 489/953/592 1964/955/592
f 488/952/593 453/1009/593 499/967/593
f 487/950/594 510/1010/594 512/1011/594
f 502/994/595 497/965/560 498/966/559
f 513/991/596 490/957/596 493/960/596
f 495/962/597 509/1012/597 511/983/597
f 511/983/598 509/1012/598 487/950/598
f 1967/972/599 498/974/599 1971/1013/599
f 501/970/564 1972/1014/600 1966/971/565
f 501/1015/601 507/1016/601 523/1017/601
f 494/961/602 490/957/602 492/959/602
f 514/998/603 491/958/603 500/969/603
f 452/1018/604 451/1019/604 522/1020/604
f 1963/949/605 522/1008/605 451/1021/605
f 1968/1022/606 488/952/606 1969/951/606
f 489/1023/607 486/948/607 1970/947/607
f 524/1024/608 522/1008/608 486/948/608
f 505/1025/609 492/959/609 491/958/609
f 489/1026/610 492/1027/610 505/1028/610
f 514/998/611 505/1025/611 491/958/611
f 524/1029/612 1967/972/612 1971/1013/612
f 522/1030/613 524/1029/613 1971/1013/613
f 489/1023/614 508/1031/614 486/948/614
f 489/1026/615 512/1032/615 492/1027/615
f 508/1031/616 525/1033/617 524/1024/618
f 524/1024/619 486/948/619 508/1031/619
f 1972/1034/620 517/1035/620 502/1036/620
f 502/973/621 1966/971/621 1972/1014/621
f 1971/1013/622 452/1037/622 522/1030/622
f 1971/1013/623 453/1038/623 452/1037/623
f 488/952/624 1968/1022/624 453/1009/624
f 526/1039/625 527/1040/625 528/1041/625
f 529/1042/626 1974/1043/626 527/1040/626
f 1973/1044/627 1974/1045/627 529/1046/627
f 530/1047/628 526/1048/628 531/1049/628
f 532/1050/629 1974/1045/629 1973/1044/629
f 533/1051/630 534/1052/630 532/1053/630
f 535/1054/631 1974/1045/631 532/1050/631
f 532/1053/632 534/1052/632 535/1055/632
f 533/1051/633 536/1056/633 534/1052/633
f 531/1049/634 536/1057/634 537/1058/634
f 531/1059/635 526/1060/635 538/1061/635
f 529/1042/636 526/1039/636 530/1062/636
f 536/1057/637 538/1063/637 539/1064/637
f 529/1042/638 527/1040/638 526/1039/638
f 526/1065/639 528/1066/639 538/1067/639
f 532/1053/640 540/1068/640 541/1069/640
f 533/1051/641 532/1053/641 541/1069/641
f 531/1049/642 538/1063/642 536/1057/642
f 536/1056/643 539/1070/644 534/1052/645
f 516/1000/646 531/1049/646 537/1058/646
f 531/1049/647 516/1000/647 515/999/647
f 530/1062/648 517/1001/648 529/1042/648
f 517/1001/649 530/1062/649 518/1002/649
f 531/1049/650 518/1003/650 530/1047/650
f 518/1003/651 531/1049/651 515/999/651
f 537/1071/652 519/1004/653 520/1006/654
f 542/1072/655 533/1051/655 541/1069/655
f 540/1068/656 542/1072/656 541/1069/656
f 523/1073/657 1973/1044/657 1972/1014/657
f 517/1035/658 1972/1034/658 1973/1074/658
f 1973/1074/659 529/1075/659 517/1035/659
f 542/1072/660 543/1076/660 504/976/660
f 505/977/661 504/976/661 508/1031/661
f 533/1051/662 542/1072/662 519/1004/662
f 504/976/663 519/1004/663 542/1072/663
f 520/1006/664 519/1004/664 503/975/664
f 514/1005/665 503/975/665 505/977/665
f 537/1071/666 520/1006/666 516/1077/666
f 520/1006/667 514/1005/667 516/1077/667
f 519/1004/653 537/1071/652 533/1051/668
f 537/1071/669 536/1056/669 533/1051/669
f 542/1072/670 506/1078/670 543/1076/670
f 508/980/671 507/979/671 525/1079/671
f 540/1080/672 1973/1044/672 521/1007/672
f 521/1081/673 506/1078/673 542/1072/673
f 521/1081/674 542/1072/674 540/1068/674
f 532/1050/675 1973/1044/675 540/1080/675
f 543/1076/676 506/1078/676 508/1031/676
f 543/1076/677 508/1031/677 504/976/677
f 508/1031/678 489/1023/678 505/977/678
f 525/1033/617 1967/1082/679 524/1024/618
f 525/1033/680 501/1015/680 1967/1082/680
f 523/1073/681 1972/1014/681 501/970/681
f 507/1016/682 501/1015/682 525/1033/682
f 521/1007/683 1973/1044/683 523/1073/683
f 523/1073/684 507/979/684 521/1007/684
f 1980/1083/685 1974/1045/685 535/1054/685
f 535/1054/686 544/1084/686 1980/1083/686
f 544/1085/687 535/1086/687 534/1087/687
f 1983/1088/688 545/1089/688 546/1090/688
f 1987/1091/689 546/1092/689 1979/1093/689
f 547/1094/690 548/1095/691 549/1096/692
f 550/1097/693 551/1098/693 549/1099/693
f 552/1100/694 553/1101/694 554/1102/694
f 555/1103/695 552/1100/695 556/1104/695
f 557/1105/696 558/1106/696 556/1104/696
f 559/1107/697 560/1108/697 1990/1109/697
f 1977/1110/698 1994/1111/698 561/1112/698
f 562/1113/699 563/1114/699 1994/1111/699
f 564/1115/700 1990/1116/700 1995/1117/700
f 560/1108/701 559/1107/702 565/1118/703
f 566/1119/704 565/1118/704 559/1107/704
f 567/1120/705 1978/1121/705 1975/1122/705
f 1975/1122/706 568/1123/706 567/1120/706
f 569/1124/707 570/1125/707 1977/1126/707
f 528/1041/708 557/1105/708 538/1127/708
f 527/1040/709 557/1105/709 528/1041/709
f 557/1105/710 527/1040/710 558/1106/710
f 571/1128/711 558/1106/712 527/1040/713
f 2022/1129/714 1980/1083/714 572/1130/714
f 544/1084/715 572/1130/715 1980/1083/715
f 573/1131/716 2023/1132/716 574/1133/716
f 572/1130/717 575/1134/717 2022/1129/717
f 576/1135/718 577/1136/718 578/1137/718
f 579/1138/719 580/1139/719 581/1140/719
f 1984/1141/720 1985/1142/720 582/1143/720
f 582/1143/721 583/1144/721 1984/1141/721
f 584/1145/722 1985/1146/722 1986/1147/722
f 584/1145/723 582/1148/723 1985/1146/723
f 585/1149/724 582/1143/724 584/1150/724
f 584/1145/725 1986/1147/725 586/1151/725
f 586/1151/726 585/1152/726 584/1145/726
f 1981/1153/727 574/1154/727 587/1155/727
f 587/1155/728 1982/1156/728 1981/1153/728
f 588/1157/729 578/1137/729 589/1158/729
f 589/1158/730 546/1159/730 588/1157/730
f 546/1159/731 1988/1160/731 588/1157/731
f 590/1161/732 591/1162/732 1987/1091/732
f 1988/1163/733 1987/1091/733 591/1162/733
f 592/1164/734 549/1096/734 548/1095/734
f 585/1149/735 544/1165/735 582/1143/735
f 583/1144/736 582/1143/736 544/1165/736
f 557/1166/737 593/1167/737 538/1063/737
f 594/1168/738 595/1169/738 593/1167/738
f 594/1170/739 556/1104/739 554/1102/739
f 566/1119/740 559/1107/740 596/1171/740
f 583/1144/741 596/1171/741 559/1107/741
f 1990/1109/742 1991/1172/742 559/1107/742
f 1991/1172/743 1984/1141/743 559/1107/743
f 1984/1141/744 583/1144/744 559/1107/744
f 597/1173/745 581/1174/745 598/1175/745
f 549/1096/746 592/1164/746 597/1173/746
f 547/1176/747 599/1177/747 571/1178/747
f 555/1179/748 571/1180/748 599/1181/748
f 600/1182/749 601/1183/749 602/1184/749
f 553/1185/750 552/1186/750 603/1187/750
f 603/1188/751 604/1189/751 601/1183/751
f 601/1183/752 604/1189/752 602/1184/752
f 600/1182/753 605/1190/753 606/1191/753
f 1978/1192/754 607/1193/754 1975/1194/754
f 608/1195/755 1993/1196/755 1975/1194/755
f 609/1197/756 568/1123/756 1993/1198/756
f 1976/1199/757 610/1200/757 611/1201/757
f 611/1201/758 1977/1126/758 1976/1199/758
f 1976/1202/759 1977/1110/759 612/1203/759
f 612/1203/760 613/1204/760 1976/1202/760
f 562/1205/761 614/1206/761 615/1207/761
f 614/1208/762 562/1209/762 616/1210/762
f 2018/1211/763 617/1212/763 618/1213/763
f 617/1214/764 2018/1215/764 619/1216/764
f 1989/1217/765 620/1218/765 621/1219/765
f 620/1220/766 1989/1221/766 622/1222/766
f 1994/1111/767 1977/1110/767 623/1223/767
f 570/1125/768 623/1224/768 1977/1126/768
f 563/1225/769 624/1226/769 561/1227/769
f 625/1228/770 610/1229/770 626/1230/770
f 625/1228/771 626/1230/772 627/1231/773
f 626/1230/772 628/1232/774 627/1231/773
f 1978/1192/775 2021/1233/775 607/1193/775
f 610/1234/776 613/1204/776 1992/1235/776
f 583/1144/777 629/1236/777 596/1171/777
f 534/1237/778 583/1144/778 544/1165/778
f 617/1212/779 630/1238/779 618/1213/779
f 614/1206/780 631/1239/780 632/1240/780
f 631/1241/781 620/1220/781 622/1222/781
f 631/1241/782 622/1222/782 632/1242/782
f 620/1243/783 633/1244/783 634/1245/783
f 633/1244/784 617/1214/784 619/1216/784
f 633/1244/785 619/1216/786 634/1245/787
f 596/1246/788 616/1210/788 566/1247/788
f 616/1210/789 596/1246/789 614/1208/789
f 538/1063/790 595/1169/790 539/1064/790
f 617/1214/791 635/1248/791 595/1169/791
f 635/1248/792 636/1249/792 539/1064/792
f 631/1241/793 636/1250/793 620/1220/793
f 637/1251/794 636/1252/794 631/1253/794
f 636/1254/795 633/1255/795 620/1256/795
f 631/1257/796 629/1258/796 637/1259/796
f 583/1144/797 534/1237/797 629/1236/797
f 565/1260/798 566/1247/798 616/1210/798
f 623/1224/799 570/1125/799 565/1260/799
f 611/1201/800 625/1261/801 567/1262/802
f 567/1262/803 568/1263/803 611/1201/803
f 570/1125/804 569/1124/804 609/1264/804
f 568/1263/805 609/1264/805 569/1124/805
f 1979/1265/806 638/1266/806 639/1267/806
f 1974/1045/807 1980/1083/807 548/1095/807
f 592/1164/808 548/1095/808 1980/1083/808
f 1980/1083/809 2022/1129/809 597/1173/809
f 597/1173/810 592/1164/810 1980/1083/810
f 2023/1132/811 573/1131/811 578/1268/811
f 580/1269/812 579/1270/812 2022/1129/812
f 589/1271/813 578/1268/813 1981/1272/813
f 1981/1272/814 1982/1273/814 589/1271/814
f 585/1149/815 572/1274/815 544/1165/815
f 640/1275/816 586/1276/816 641/1277/816
f 641/1277/817 575/1278/817 640/1275/817
f 587/1155/818 574/1154/818 641/1277/818
f 591/1279/819 590/1280/819 587/1155/819
f 638/1266/820 545/1089/820 1983/1088/820
f 1979/1093/821 590/1161/821 1987/1091/821
f 639/1281/822 590/1280/822 1979/1282/822
f 550/1097/823 581/1283/823 1984/1284/823
f 1985/1285/824 1984/1284/824 581/1283/824
f 1985/1285/825 581/1283/825 577/1286/825
f 576/1135/826 1986/1287/826 577/1136/826
f 546/1159/827 1987/1288/827 1988/1160/827
f 581/1283/828 550/1097/828 598/1289/828
f 547/1290/829 549/1099/829 551/1098/829
f 571/1128/711 555/1103/830 558/1106/712
f 571/1291/831 527/1292/831 548/1095/831
f 1974/1045/832 548/1095/832 527/1292/832
f 547/1094/690 571/1291/833 548/1095/691
f 603/1188/834 601/1183/834 2018/1293/834
f 601/1183/835 600/1182/835 1989/1294/835
f 600/1182/836 606/1191/836 562/1295/836
f 606/1296/837 563/1114/837 562/1113/837
f 1991/1297/838 1990/1116/838 606/1298/838
f 563/1299/839 606/1300/839 624/1301/839
f 606/1298/840 605/1302/840 1991/1297/840
f 1984/1284/841 551/1098/841 550/1097/841
f 626/1230/842 1992/1303/842 2021/1304/842
f 610/1229/843 1992/1303/843 626/1230/843
f 2021/1304/844 628/1232/844 626/1230/844
f 2021/1233/845 1992/1305/845 613/1306/845
f 604/1189/846 599/1307/846 602/1184/846
f 547/1290/847 551/1098/847 599/1307/847
f 555/1103/848 556/1104/848 558/1106/848
f 552/1308/849 555/1309/849 604/1189/849
f 556/1310/850 593/1167/850 557/1166/850
f 556/1104/851 552/1100/851 554/1102/851
f 555/1309/852 599/1307/852 604/1189/852
f 603/1188/853 552/1308/853 604/1189/853
f 605/1302/854 1984/1311/854 1991/1297/854
f 1984/1311/855 605/1302/855 551/1312/855
f 605/1190/856 602/1184/856 551/1098/856
f 600/1182/857 602/1184/857 605/1190/857
f 602/1184/858 599/1307/858 551/1098/858
f 596/1246/859 629/1313/859 614/1208/859
f 631/1239/860 614/1206/860 629/1314/860
f 635/1248/861 633/1244/861 636/1249/861
f 534/1052/645 539/1070/644 636/1315/862
f 595/1169/863 635/1248/863 539/1064/863
f 594/1168/864 642/1316/864 595/1169/864
f 534/1052/645 636/1315/862 637/1317/862
f 629/1258/865 534/1318/865 637/1259/865
f 617/1214/866 633/1244/866 635/1248/866
f 627/1319/867 567/1262/802 625/1261/801
f 627/1320/868 1978/1121/868 567/1120/868
f 569/1124/869 611/1201/869 568/1263/869
f 569/1124/870 1977/1126/870 611/1201/870
f 1975/1194/871 607/1193/871 608/1195/871
f 1993/1198/872 568/1123/872 1975/1122/872
f 561/1112/873 612/1203/873 1977/1110/873
f 561/1227/874 564/1115/874 608/1195/874
f 610/1234/875 1976/1202/875 613/1204/875
f 610/1200/876 625/1261/876 611/1201/876
f 1993/1198/877 560/1108/877 609/1197/877
f 560/1108/878 1995/1321/878 1990/1109/878
f 609/1264/879 565/1260/879 570/1125/879
f 565/1118/703 609/1197/880 560/1108/701
f 616/1210/881 623/1224/881 565/1260/881
f 623/1224/882 616/1210/882 1994/1322/882
f 562/1209/883 1994/1322/882 616/1210/882
f 561/1112/884 1994/1111/884 563/1114/884
f 560/1323/885 1993/1196/885 1995/1117/885
f 1995/1117/886 1993/1196/886 564/1115/886
f 607/1193/887 2021/1233/887 613/1306/887
f 607/1193/888 613/1306/888 608/1195/888
f 608/1195/889 613/1306/889 612/1324/889
f 612/1324/890 561/1227/890 608/1195/890
f 564/1115/891 1993/1196/891 608/1195/891
f 561/1227/892 624/1226/892 564/1115/892
f 624/1226/893 606/1298/893 1990/1116/893
f 624/1226/894 1990/1116/894 564/1115/894
f 615/1207/895 643/1325/895 562/1205/895
f 1996/1326/896 644/1327/896 645/1328/896
f 1989/1329/897 646/1330/897 644/1327/897
f 647/1331/898 648/1332/898 2002/1333/898
f 643/1325/899 615/1207/900 649/1334/901
f 632/1240/902 649/1334/902 615/1207/902
f 650/1335/903 1997/1336/903 1998/1337/903
f 1998/1337/904 651/1338/904 650/1335/904
f 652/1339/905 653/1340/905 1996/1341/905
f 1997/1342/906 654/1343/906 1998/1344/906
f 655/1345/907 656/1346/907 1998/1344/907
f 657/1347/908 651/1338/908 656/1348/908
f 1999/1349/909 2001/1350/909 658/1351/909
f 658/1351/910 1996/1341/910 1999/1349/910
f 1999/1352/911 1996/1326/911 659/1353/911
f 659/1353/912 660/1354/912 1999/1352/912
f 644/1355/913 1996/1341/913 661/1356/913
f 653/1340/914 661/1356/914 1996/1341/914
f 646/1357/915 648/1332/915 645/1358/915
f 662/1359/916 2001/1360/916 663/1361/916
f 662/1359/917 663/1361/917 664/1362/917
f 663/1361/918 665/1363/918 664/1362/918
f 1997/1342/919 2000/1364/919 654/1343/919
f 2001/1365/920 660/1354/920 666/1366/920
f 649/1367/921 632/1242/921 622/1222/921
f 661/1356/922 653/1340/923 649/1367/922
f 658/1351/924 662/1368/924 650/1369/924
f 650/1369/925 651/1370/925 658/1351/925
f 653/1340/926 652/1339/926 657/1371/926
f 651/1370/927 657/1371/927 652/1339/927
f 600/1372/928 646/1330/928 1989/1329/928
f 646/1373/929 600/1374/929 648/1375/929
f 663/1376/930 666/1377/930 2000/1364/930
f 2001/1365/931 666/1366/931 663/1378/931
f 2000/1364/932 665/1379/932 663/1376/932
f 2000/1364/933 666/1377/933 660/1380/933
f 664/1381/934 650/1369/934 662/1368/934
f 664/1382/935 1997/1336/935 650/1335/935
f 652/1339/936 658/1351/936 651/1370/936
f 652/1339/937 1996/1341/937 658/1351/937
f 1998/1344/938 654/1343/938 655/1345/938
f 656/1348/939 651/1338/939 1998/1337/939
f 645/1328/940 659/1353/940 1996/1326/940
f 645/1358/941 647/1331/941 655/1345/941
f 2001/1365/942 1999/1352/942 660/1354/942
f 2001/1350/943 662/1368/943 658/1351/943
f 656/1348/944 643/1325/944 657/1347/944
f 643/1325/945 2002/1383/945 562/1205/945
f 657/1371/946 649/1367/946 653/1340/946
f 649/1334/901 657/1347/947 643/1325/899
f 622/1222/948 661/1356/922 649/1367/922
f 661/1356/949 622/1222/949 644/1355/949
f 1989/1329/950 644/1327/950 622/1384/950
f 645/1328/951 644/1327/951 646/1330/951
f 643/1325/952 656/1348/952 2002/1383/952
f 2002/1333/953 656/1346/953 647/1331/953
f 654/1343/954 2000/1364/954 660/1380/954
f 654/1343/955 660/1380/955 655/1345/955
f 655/1345/956 660/1380/956 659/1385/956
f 659/1385/957 645/1358/957 655/1345/957
f 647/1331/958 656/1346/958 655/1345/958
f 645/1358/959 648/1332/959 647/1331/959
f 648/1332/960 600/1386/960 562/1387/960
f 648/1332/961 562/1387/961 2002/1333/961
f 632/1240/962 615/1207/962 614/1206/962
f 621/1219/963 667/1388/963 1989/1217/963
f 2003/1389/964 668/1390/964 669/1391/964
f 2018/1392/965 670/1393/965 668/1390/965
f 671/1394/966 672/1395/967 2009/1396/968
f 667/1388/969 621/1219/969 673/1397/969
f 634/1398/970 673/1397/970 621/1219/970
f 674/1399/971 2004/1400/971 2005/1401/971
f 2005/1401/972 675/1402/972 674/1399/972
f 676/1403/973 677/1404/973 2003/1405/973
f 2004/1406/974 678/1407/975 2005/1408/976
f 679/1409/977 680/1410/977 2005/1408/977
f 681/1411/978 675/1402/978 680/1412/978
f 2008/1413/979 2006/1414/979 682/1415/979
f 682/1415/980 2003/1405/981 2008/1413/982
f 2008/1416/983 2003/1389/983 683/1417/983
f 683/1417/984 684/1418/984 2008/1416/984
f 668/1419/985 2003/1405/985 685/1420/985
f 677/1404/986 685/1420/986 2003/1405/986
f 670/1421/987 672/1395/987 669/1422/987
f 686/1423/988 2006/1424/988 687/1425/988
f 686/1423/989 687/1425/989 688/1426/989
f 689/1427/990 2004/1428/990 688/1426/990
f 2004/1406/991 2020/1429/991 678/1407/991
f 2006/1430/992 684/1418/992 2007/1431/992
f 673/1432/993 634/1245/787 619/1216/786
f 685/1420/994 677/1404/995 673/1432/996
f 682/1415/997 686/1433/998 674/1434/999
f 674/1434/1000 675/1435/1000 682/1415/1000
f 677/1404/1001 676/1403/1001 681/1436/1001
f 675/1435/1002 681/1436/1002 676/1403/1002
f 601/1437/1003 670/1393/1003 2018/1392/1003
f 670/1438/1004 601/1439/1004 672/1440/1004
f 687/1441/1005 2007/1442/1005 2020/1429/1005
f 2006/1430/1006 2007/1431/1006 687/1443/1006
f 2020/1429/1007 2004/1406/1007 689/1444/1007
f 2020/1429/1008 2007/1442/1008 684/1445/1008
f 688/1446/1009 674/1434/999 686/1433/998
f 688/1447/1010 2004/1400/1010 674/1399/1010
f 676/1403/1011 682/1415/1011 675/1435/1011
f 676/1403/1012 2003/1405/981 682/1415/980
f 2005/1408/976 678/1407/975 679/1409/1013
f 680/1412/1014 675/1402/1014 2005/1401/1014
f 669/1391/1015 683/1417/1015 2003/1389/1015
f 669/1422/1016 671/1394/1016 679/1409/1016
f 2006/1430/1017 2008/1416/1017 684/1418/1017
f 2006/1414/1018 686/1433/1018 682/1415/1018
f 680/1412/1019 667/1388/1019 681/1411/1019
f 667/1388/1020 2009/1448/1020 1989/1217/1020
f 681/1436/1021 673/1432/996 677/1404/995
f 673/1397/1022 681/1411/1022 667/1388/1022
f 619/1216/786 685/1420/1023 673/1432/993
f 685/1420/1024 619/1216/1024 668/1419/1024
f 2018/1392/1025 668/1390/1025 619/1449/1025
f 669/1391/1026 668/1390/1026 670/1393/1026
f 667/1388/1027 680/1412/1027 2009/1448/1027
f 2009/1396/968 680/1410/1028 671/1394/966
f 678/1407/1029 2020/1429/1029 684/1445/1029
f 678/1407/1030 684/1445/1030 679/1409/1030
f 679/1409/1031 684/1445/1031 683/1450/1031
f 683/1450/1032 669/1422/1032 679/1409/1032
f 671/1394/1033 680/1410/1033 679/1409/1033
f 669/1422/1034 672/1395/1034 671/1394/1034
f 672/1395/1035 601/1451/1035 1989/1452/1035
f 672/1395/1036 1989/1452/1036 2009/1396/1036
f 634/1245/1037 621/1453/1037 620/1243/1037
f 618/1213/1038 690/1454/1038 2018/1211/1038
f 2012/1455/1039 2016/1456/1039 691/1457/1039
f 554/1102/1040 692/1458/1040 2016/1456/1040
f 693/1459/1041 694/1460/1041 2017/1461/1041
f 690/1454/1042 618/1213/1042 695/1462/1042
f 630/1238/1043 695/1462/1043 618/1213/1043
f 696/1463/1044 2010/1464/1044 2013/1465/1044
f 2013/1465/1045 697/1466/1045 696/1463/1045
f 698/1467/1046 699/1468/1047 2012/1469/1047
f 2010/1470/1048 700/1471/1048 2013/1472/1048
f 701/1473/1049 2014/1474/1049 2013/1472/1049
f 702/1475/1050 697/1466/1050 2014/1476/1050
f 703/1477/1051 2015/1478/1051 704/1479/1051
f 704/1479/1052 2012/1469/1052 703/1477/1052
f 703/1480/1053 2012/1455/1053 705/1481/1053
f 705/1481/1054 706/1482/1054 703/1480/1054
f 2016/1483/1055 2012/1469/1056 707/1484/1057
f 699/1468/1047 707/1484/1058 2012/1469/1047
f 692/1485/1059 694/1460/1059 691/1486/1059
f 708/1487/1060 2015/1478/1060 709/1488/1060
f 708/1489/1061 709/1490/1061 710/1491/1061
f 711/1492/1062 2010/1493/1062 710/1491/1062
f 2010/1470/1063 2019/1494/1063 700/1471/1063
f 2015/1495/1064 706/1482/1064 2011/1496/1064
f 707/1484/1065 630/1497/1065 712/1498/1065
f 707/1484/1066 699/1468/1066 695/1499/1066
f 704/1479/1067 708/1487/1068 696/1500/1069
f 696/1500/1069 697/1501/1070 704/1479/1067
f 699/1468/1071 698/1467/1071 702/1502/1071
f 697/1501/1072 702/1502/1072 698/1467/1072
f 553/1101/1073 692/1458/1073 554/1102/1073
f 692/1485/1074 553/1185/1074 694/1460/1074
f 709/1490/1075 2011/1503/1075 2019/1504/1075
f 2015/1495/1076 2011/1496/1076 709/1505/1076
f 2019/1494/1077 2010/1470/1077 711/1506/1077
f 2019/1494/1078 2011/1507/1078 706/1508/1078
f 710/1509/1079 696/1500/1069 708/1487/1068
f 710/1510/1080 2010/1464/1080 696/1463/1080
f 698/1467/1081 704/1479/1081 697/1501/1081
f 698/1511/1082 2012/1512/1082 704/1513/1082
f 2013/1472/1083 700/1471/1083 701/1473/1083
f 2014/1476/1084 697/1466/1084 2013/1465/1084
f 691/1457/1085 705/1481/1085 2012/1455/1085
f 691/1486/1086 693/1459/1086 701/1473/1086
f 2015/1495/1087 703/1480/1087 706/1482/1087
f 2015/1478/1088 708/1487/1088 704/1479/1088
f 2014/1476/1089 690/1454/1089 702/1475/1089
f 690/1454/1090 2017/1514/1090 2018/1211/1090
f 702/1502/1091 695/1499/1091 699/1468/1091
f 695/1462/1092 702/1475/1092 690/1454/1092
f 630/1497/1093 707/1484/1093 695/1499/1093
f 707/1484/1057 712/1498/1094 2016/1483/1055
f 554/1102/1095 2016/1456/1095 712/1515/1095
f 691/1457/1096 2016/1456/1096 692/1458/1096
f 690/1454/1097 2014/1476/1097 2017/1514/1097
f 2017/1461/1098 2014/1474/1098 693/1459/1098
f 700/1471/1099 2019/1494/1099 706/1508/1099
f 700/1471/1100 706/1508/1100 701/1473/1100
f 701/1473/1101 706/1508/1101 705/1516/1101
f 705/1516/1102 691/1486/1102 701/1473/1102
f 693/1459/1103 2014/1474/1103 701/1473/1103
f 691/1486/1104 694/1460/1104 693/1459/1104
f 694/1460/1105 553/1185/1105 2018/1517/1105
f 694/1460/1106 2018/1517/1106 2017/1461/1106
f 712/1515/1107 594/1170/1107 554/1102/1107
f 2018/1517/1108 553/1185/1108 603/1187/1108
f 630/1497/1109 713/1518/1109 712/1498/1109
f 630/1497/1110 617/1214/1110 713/1518/1110
f 556/1310/1111 594/1168/1111 593/1167/1111
f 593/1167/1112 595/1169/1112 538/1063/1112
f 1982/1519/1113 638/1266/1113 1983/1088/1113
f 638/1520/1114 1982/1156/1114 639/1281/1114
f 638/1266/1115 1979/1265/1115 545/1089/1115
f 545/1089/1116 1979/1265/1116 546/1090/1116
f 586/1276/1117 591/1279/1117 641/1277/1117
f 591/1162/1118 586/1151/1118 1988/1163/1118
f 639/1281/1119 587/1155/1119 590/1280/1119
f 639/1281/1120 1982/1156/1120 587/1155/1120
f 573/1131/1121 1981/1272/1121 578/1268/1121
f 573/1521/1122 574/1154/1122 1981/1153/1122
f 1986/1147/1123 1988/1163/1123 586/1151/1123
f 588/1157/1124 1988/1160/1124 1986/1287/1124
f 588/1157/1125 1986/1287/1125 576/1135/1125
f 576/1135/1126 578/1137/1126 588/1157/1126
f 1983/1522/1127 589/1271/1127 1982/1273/1127
f 1983/1523/1128 546/1159/1128 589/1158/1128
f 641/1277/1129 591/1279/1129 587/1155/1129
f 575/1278/1130 572/1274/1130 640/1275/1130
f 579/1270/1131 597/1173/1131 2022/1129/1131
f 579/1524/1132 581/1525/1132 597/1526/1132
f 577/1136/1133 1986/1287/1133 1985/1527/1133
f 577/1286/1134 581/1283/1134 580/1528/1134
f 578/1268/1135 580/1269/1135 2023/1132/1135
f 580/1529/1136 578/1137/1136 577/1136/1136
f 709/1490/1137 711/1492/1137 710/1491/1137
f 2019/1504/1138 711/1492/1138 709/1490/1138
f 687/1425/1139 689/1427/1139 688/1426/1139
f 2020/1429/1140 689/1444/1140 687/1441/1140
f 2000/1364/1141 1997/1342/1141 665/1379/1141
f 665/1363/1142 1997/1530/1142 664/1362/1142
f 2021/1531/1143 1978/1121/1143 628/1532/1143
f 628/1532/1144 1978/1121/1144 627/1320/1144
f 642/1316/1145 617/1214/1145 595/1169/1145
f 642/1316/1146 594/1168/1146 712/1498/1146
f 598/1289/828 550/1097/828 549/1099/828
f 597/1173/745 598/1175/745 549/1096/745
f 640/1275/1147 572/1274/1147 585/1149/1147
f 585/1152/1148 586/1151/1148 640/1533/1148
f 574/1154/1149 575/1278/1149 641/1277/1149
f 575/1134/1150 574/1133/1150 2023/1132/1150
f 2022/1129/1151 2023/1132/1151 580/1269/1151
f 2023/1132/1152 2022/1129/1152 575/1134/1152
f 713/1518/1153 617/1214/1153 642/1316/1153
f 713/1518/1154 642/1316/1154 712/1498/1154
f 487/950/1155 509/1012/1155 510/1010/1155
f 510/982/1156 494/961/1156 492/959/1156
f 495/962/1157 714/1534/1157 509/1012/1157
f 714/1535/1158 494/961/1158 509/981/1158
f 511/983/1159 487/950/1159 488/952/1159
f 499/1536/1160 511/1537/1160 488/1538/1160
f 494/961/1161 714/1535/1161 496/992/1161
f 495/962/1162 496/964/1162 714/1534/1162
f 716/1539/1163 2024/1540/1163 2029/1541/1163
f 724/1542/1164 2029/1543/1164 2026/1544/1164
f 2029/1543/1165 724/1542/1165 718/1545/1165
f 717/1546/1166 718/1547/1166 724/1548/1166
f 718/1547/1167 717/1546/1167 719/1549/1167
f 716/1550/1168 720/1551/1168 2114/1552/1168
f 716/1539/1169 2114/1553/1169 2024/1540/1169
f 727/1554/1170 721/1555/1170 2027/1556/1170
f 725/1557/1171 2028/1558/1171 2025/1559/1171
f 2027/1556/1172 724/1542/1172 2026/1544/1172
f 724/1542/1173 2027/1556/1173 721/1555/1173
f 721/1560/1174 717/1546/1174 724/1548/1174
f 717/654/1175 721/1555/1175 722/655/1175
f 2116/1561/1176 725/1557/1176 2025/1559/1176
f 725/1557/1177 2116/1561/1177 726/1562/1177
f 726/1563/1178 723/668/1178 725/669/1178
f 723/1564/1179 726/1565/1179 828/642/1179
f 725/1557/1180 727/1554/1180 2028/1558/1180
f 727/1554/1181 2027/1556/1181 2028/1558/1181
f 718/1545/1182 716/1566/1182 2029/1543/1182
f 719/1549/1183 716/647/1183 718/1547/1183
f 716/647/1184 719/1549/1184 412/645/1184
f 728/819/1185 2032/816/1185 1952/815/1185
f 730/1567/1186 820/1568/1186 752/1569/1186
f 728/813/1187 761/1570/1187 753/1571/1187
f 731/824/1188 809/833/1188 436/713/1188
f 809/833/1189 731/824/1189 740/1572/1189
f 740/1573/1190 807/814/1190 809/1574/1190
f 807/814/1191 740/1573/1191 741/1575/1191
f 2032/1576/1192 742/1577/1192 433/1578/1192
f 731/824/1193 437/715/1193 433/866/1193
f 731/824/1194 762/1579/1194 751/1580/1194
f 762/1579/1195 731/824/1195 742/867/1195
f 2032/816/1196 757/1581/1196 2033/1582/1196
f 740/1572/1197 758/1583/1197 755/1584/1197
f 741/1575/1198 759/1585/1198 750/1586/1198
f 742/1587/1199 760/836/1199 756/1588/1199
f 733/853/1200 750/1589/1201 457/850/1202
f 750/1589/1203 733/853/1203 820/1590/1203
f 734/1591/1204 754/1592/1204 455/849/1204
f 754/1592/1205 734/1591/1205 761/1593/1205
f 735/848/1206 752/1594/1206 456/845/1206
f 752/1594/1207 735/848/1207 754/1592/1207
f 756/1588/1208 739/1595/1208 762/1596/1208
f 739/1595/1209 756/1588/1209 459/1597/1209
f 744/804/1210 773/770/1210 448/763/1210
f 744/804/1211 775/803/1211 773/770/1211
f 744/804/1212 2030/800/394 474/706/396
f 803/789/1213 789/1598/1213 843/1599/1213
f 441/791/1214 789/1598/1214 803/789/1214
f 745/1600/1215 789/1598/1215 441/791/1215
f 797/760/1216 853/738/1216 855/1601/1216
f 2031/765/1217 804/742/1217 805/764/1217
f 804/740/344 2031/1602/1218 746/741/345
f 450/1603/1219 2036/749/1219 856/1604/1219
f 748/1605/1220 447/794/1220 780/775/1220
f 782/779/1221 748/1605/1221 781/777/1221
f 748/1605/1222 782/779/1222 449/781/1222
f 857/1606/1223 747/769/1223 774/772/1223
f 747/769/1224 857/1606/1224 856/1604/1224
f 749/678/1225 421/798/1225 830/1607/1225
f 845/681/1226 749/678/1226 830/1607/1226
f 749/678/1227 799/694/1227 421/798/1227
f 421/798/1228 799/694/1228 798/796/1228
f 728/819/1229 757/1581/1229 2032/816/1229
f 757/1581/1230 728/819/1230 753/1608/1230
f 731/824/1231 758/1583/1231 740/1572/1231
f 758/1583/1232 731/824/1232 751/1580/1232
f 740/1573/1233 759/1585/1233 741/1575/1233
f 759/1585/1234 740/1573/1234 755/1609/1234
f 2032/816/1235 760/1610/1235 742/1611/1235
f 760/1610/1236 2032/816/1236 2033/1582/1236
f 733/853/1237 752/1594/1237 820/1590/1237
f 752/1612/1238 733/1613/1238 456/1614/1238
f 734/1591/1239 753/1615/1239 761/1593/1239
f 753/808/1240 734/844/1240 454/811/1240
f 754/1592/1241 735/848/1241 455/849/1241
f 751/820/412 739/1595/1242 460/823/413
f 739/1595/1243 751/820/1243 762/1596/1243
f 732/809/1244 2033/1616/1244 757/810/1244
f 2033/834/1245 732/1617/1245 2034/837/1245
f 736/821/1246 755/825/1247 758/822/1248
f 755/825/1247 736/821/1246 458/828/1249
f 750/1589/1201 737/826/1250 457/850/1202
f 737/826/416 750/1589/1251 759/827/417
f 738/835/1252 756/1588/1252 760/836/1252
f 756/1588/1253 738/835/1253 459/1597/1253
f 741/1575/1254 820/1618/1254 814/1619/1254
f 750/1586/1255 820/1618/1255 741/1575/1255
f 729/812/1256 761/1570/1256 728/813/1256
f 761/1570/1257 729/812/1257 754/1620/1257
f 730/1621/1258 754/1620/1258 729/812/1258
f 754/1620/1259 730/1621/1259 752/1622/1259
f 756/1623/1260 762/1579/1260 742/867/1260
f 784/795/1261 763/690/1261 779/691/1261
f 763/690/1262 784/795/1262 765/806/1262
f 763/690/1263 771/1624/1263 769/701/1263
f 765/806/1264 771/1624/1264 763/690/1264
f 768/730/1265 769/1625/1265 764/728/1265
f 770/805/1266 771/1624/1266 765/806/1266
f 772/727/1267 850/685/1267 425/689/1267
f 850/685/1268 772/727/1268 413/1626/1268
f 413/1626/1269 772/727/1269 767/726/1269
f 772/727/1270 468/887/1270 464/725/1270
f 767/726/1271 464/725/1271 462/938/1271
f 462/1627/1272 785/1628/1272 767/1629/1272
f 772/1630/1273 768/730/1273 468/729/1273
f 773/770/1274 774/772/1274 448/763/1274
f 2185/757/1275 450/774/1275 857/767/1275
f 770/703/1276 775/803/1276 474/706/1276
f 447/794/1277 775/807/1277 743/792/1277
f 775/803/1278 447/773/1278 773/770/1278
f 774/772/1279 449/1631/1279 857/1606/1279
f 449/1631/1280 774/772/1280 748/771/1280
f 771/1624/1281 764/900/1281 769/701/1281
f 764/1632/473 771/705/1282 766/704/474
f 776/1633/1283 413/665/1283 723/663/1283
f 828/1634/1284 776/1635/1284 723/1636/1284
f 835/1637/1285 849/686/1285 851/1638/1285
f 849/686/1286 835/1637/1286 777/684/1286
f 776/641/1287 829/643/1288 851/1638/1289
f 777/684/1290 835/1637/1290 836/1639/1290
f 778/688/1291 777/684/1291 836/1639/1291
f 778/688/1292 763/690/1292 426/687/1292
f 846/1640/1293 778/688/1293 836/1639/1293
f 778/688/1294 846/1640/1294 779/691/1294
f 780/775/1295 781/777/1295 748/1605/1295
f 780/775/379 783/793/381 839/778/1296
f 784/795/1297 743/792/1297 765/806/1297
f 842/1641/1298 784/795/1299 831/1642/1300
f 784/795/1299 842/1641/1298 783/793/1301
f 783/793/1302 842/1641/1302 839/778/1302
f 844/776/1303 782/779/1303 781/777/1303
f 782/779/1304 844/776/1304 840/1643/1304
f 779/691/1305 831/1642/1305 784/795/1305
f 831/1642/1306 779/691/1306 846/1640/1306
f 785/1628/1307 462/1627/1307 420/1644/1307
f 472/1645/1308 799/694/1308 469/889/1308
f 786/886/1309 799/694/1309 787/693/1309
f 799/694/1310 786/886/1310 469/889/1310
f 786/886/1311 787/693/1311 788/699/1311
f 790/753/1312 858/1646/1312 852/737/1312
f 830/1607/1313 791/788/1314 847/787/1315
f 791/788/1314 830/1607/1313 421/798/1316
f 792/790/1317 791/788/1317 421/798/1317
f 792/790/384 800/797/386 441/791/1318
f 2030/800/1319 793/799/1319 2035/802/1319
f 794/1647/1320 800/797/1320 472/1645/1320
f 472/895/1321 793/799/1321 794/801/1321
f 793/799/1322 472/895/1322 2035/802/1322
f 795/745/1323 745/1600/1323 441/791/1323
f 795/745/1324 796/746/1324 745/1600/1324
f 797/760/1325 2187/754/1325 442/736/1325
f 800/797/1326 798/796/1327 472/1645/1328
f 444/739/1329 800/797/1329 794/1647/1329
f 800/797/1330 444/739/1330 795/745/1330
f 446/759/1331 855/1601/1331 854/1648/1331
f 798/796/1327 799/694/1332 472/1645/1328
f 848/676/1333 801/677/1333 834/679/1333
f 801/677/1334 424/680/1334 834/679/1334
f 787/693/1335 801/677/1335 802/692/1335
f 801/677/1336 787/693/1336 424/680/1336
f 803/789/1337 843/1599/1337 838/786/1337
f 805/764/1338 804/742/1338 443/744/1338
f 806/1649/1339 814/1650/1339 730/1651/1339
f 814/1650/1340 806/1649/1340 815/1652/1340
f 808/838/1341 730/1621/1341 729/812/1341
f 808/838/1342 806/832/1342 730/1621/1342
f 809/1574/1343 807/814/1343 432/723/1343
f 810/661/1344 811/662/1344 420/667/1344
f 811/662/1345 419/660/1345 420/667/1345
f 813/830/1346 812/709/1346 430/708/1346
f 815/831/1347 430/708/1348 807/814/1349
f 430/708/1348 815/831/1347 813/830/1350
f 1958/934/1351 817/908/1351 1959/907/1351
f 817/908/1352 1958/934/1352 477/1653/1352
f 1959/907/479 476/906/478 478/933/1353
f 818/942/1354 431/720/1354 484/1654/1354
f 818/942/1355 817/943/540 480/911/539
f 1959/907/1356 467/882/547 819/935/549
f 467/882/1357 1959/907/1357 478/933/1357
f 810/661/1358 816/880/1358 417/658/1358
f 818/942/1359 812/709/1359 431/720/1359
f 819/935/1360 816/880/1360 465/879/1360
f 814/1655/1361 820/1656/1361 730/1657/1361
f 814/1619/1362 815/831/1362 741/1575/1362
f 815/1658/1363 807/1659/1363 741/1660/1363
f 822/696/1364 821/695/1364 416/1661/1364
f 427/868/1365 822/696/1365 416/1661/1365
f 822/696/1366 427/868/1366 823/697/1366
f 824/870/1367 823/697/1367 427/868/1367
f 823/697/1368 825/698/1368 422/673/1368
f 825/698/1369 823/697/1369 824/870/1369
f 825/698/1370 826/885/1370 788/699/1370
f 413/1626/1371 849/686/1371 850/685/1371
f 849/686/1372 413/1626/1372 776/641/1372
f 850/685/1373 777/684/1373 425/689/1373
f 851/1638/1374 849/686/1374 776/641/1374
f 852/737/1375 442/736/1375 790/753/1375
f 852/737/1376 745/1600/1376 853/738/1376
f 745/1600/1377 852/737/1377 789/1598/1377
f 854/748/1378 445/747/1378 446/1662/1378
f 854/748/1379 2031/765/1379 2036/749/1379
f 2031/1602/1380 854/1648/1380 746/741/1380
f 745/1600/1381 855/1601/1381 853/738/1381
f 855/1601/1382 745/1600/1382 796/746/1382
f 853/738/1383 797/760/1383 442/736/1383
f 2036/749/1384 450/1603/1384 445/747/1384
f 2036/749/1385 747/769/1385 856/1604/1385
f 747/769/362 2036/749/1386 2031/765/363
f 856/1604/1387 857/1606/1387 450/1603/1387
f 858/1646/1388 790/753/1388 837/752/1388
f 852/737/1389 843/1599/1389 789/1598/1389
f 843/1599/1390 852/737/1390 858/1646/1390
f 854/1648/1391 796/746/1391 746/741/1391
f 796/746/1392 854/1648/1392 855/1601/1392
f 855/1601/1393 446/759/1393 797/760/1393
f 827/638/1394 859/1663/1394 860/1664/1394
f 1221/1665/1395 829/643/1395 828/642/1395
f 720/644/1396 841/646/1396 860/1666/1396
f 860/1666/1397 1161/1667/1397 720/644/1397
f 1165/1668/1398 1166/1669/1399 862/1670/1400
f 862/1670/1400 1170/1671/1398 1165/1668/1398
f 841/652/1401 827/638/1401 860/1664/1401
f 863/1672/1402 1166/1669/1402 1162/1673/1402
f 864/1674/1403 865/1675/1403 866/1676/1403
f 1166/1669/1404 867/1677/1404 862/1670/1404
f 863/1672/1405 865/1675/1405 1254/1678/1405
f 1254/1678/1406 1255/1679/1406 863/1672/1406
f 1167/1680/1407 867/1677/1407 1212/1681/1407
f 1166/1669/1408 863/1672/1408 1255/1679/1408
f 1255/1679/1409 867/1677/1409 1166/1669/1409
f 1212/1681/1410 861/1682/1410 1167/1680/1410
f 867/1677/1411 868/1683/1411 1230/1684/1411
f 1212/1681/1412 867/1677/1412 1230/1684/1412
f 1162/1673/1413 864/1674/1414 866/1676/1415
f 862/1670/1416 867/1677/1416 1167/1680/1416
f 1170/1685/1417 862/1686/1417 1167/1687/1417
f 1167/1687/1418 1169/1688/1418 1170/1685/1418
f 1164/1689/1419 860/1664/1419 859/1663/1419
f 1164/1689/1420 859/1663/1420 1265/1690/1420
f 1265/1690/1421 864/1674/1421 1164/1689/1421
f 1162/1673/1413 1164/1689/1422 864/1674/1414
f 866/1676/1423 863/1672/1423 1162/1673/1423
f 865/1675/1424 863/1672/1424 866/1676/1424
f 832/672/1425 833/674/1425 870/1691/1425
f 833/674/1426 871/1692/1426 870/1691/1426
f 871/1692/1427 833/674/1427 848/676/1427
f 848/676/1428 1246/1693/1428 871/1692/1428
f 1193/1694/1429 872/1695/1429 834/679/1429
f 834/679/1430 845/681/1430 1193/1694/1430
f 870/1691/1431 827/682/1431 832/672/1431
f 870/1691/1432 859/1696/1432 827/682/1432
f 1222/1697/1433 1271/1698/1433 1272/1699/1433
f 874/1700/1434 1223/1701/1435 1222/1697/1436
f 1222/1697/1436 873/1702/1437 874/1700/1434
f 1208/1703/1438 1224/1704/1438 1223/1701/1438
f 871/1692/1439 1246/1693/1439 1247/1705/1439
f 1193/1706/1440 1244/1707/1440 1232/1708/1440
f 1232/1708/1441 872/1709/1441 1193/1706/1441
f 859/1663/1442 1266/1710/1442 1265/1690/1442
f 1267/1711/1443 859/1663/1443 870/1712/1443
f 859/1663/1444 1267/1711/1444 1266/1710/1444
f 871/1692/1445 1269/1713/1445 870/1691/1445
f 1247/1714/1446 1232/1708/1446 1233/1715/1446
f 871/1692/1447 1247/1705/1448 1233/1716/1449
f 871/1692/1447 1233/1716/1449 1269/1713/1450
f 875/1717/1451 865/1675/1451 864/1674/1451
f 874/1700/1452 1214/1718/1452 1208/1703/1452
f 1214/1718/1453 874/1700/1453 1213/1719/1453
f 1215/1720/1454 1216/1721/1454 1211/1722/1454
f 1211/1722/1455 919/1723/1455 1215/1720/1455
f 877/1724/1456 1256/1725/1456 878/1726/1456
f 886/1727/1457 876/1728/1457 883/1729/1457
f 884/1730/1458 885/1731/1458 888/1732/1458
f 882/1733/1459 879/1734/1459 928/1735/1459
f 928/1735/1460 876/1736/1460 882/1733/1460
f 1256/1737/1461 879/1734/1461 882/1733/1461
f 882/1738/1462 1257/1739/1462 1256/1725/1462
f 880/1740/1463 887/1741/1463 877/1742/1463
f 909/1743/1464 1217/1744/1464 1212/1745/1464
f 1209/1746/1465 1213/1719/1465 913/1747/1465
f 887/1741/1466 880/1740/1466 884/1730/1466
f 873/1702/1467 1217/1744/1467 1213/1719/1467
f 1213/1719/1468 874/1700/1468 873/1702/1468
f 882/1733/1469 876/1736/1469 886/1748/1469
f 884/1730/1470 888/1732/1470 1160/1749/1470
f 1160/1749/1471 887/1741/1472 884/1730/1473
f 878/1750/1474 880/1740/1474 877/1742/1474
f 890/1751/1475 1274/1752/1475 1273/1753/1475
f 892/1754/1476 1189/1755/1476 1249/1756/1476
f 1249/1756/1477 891/1757/1477 892/1754/1477
f 1240/1758/1478 1241/1759/1479 1189/1755/1480
f 1189/1755/1480 892/1754/1481 1240/1758/1478
f 2037/1760/1482 1276/1761/1482 1275/1762/1482
f 2145/1763/1483 837/752/1483 410/751/1483
f 2145/1763/1484 890/1751/1484 1235/1764/1484
f 1235/1764/1485 837/752/1485 2145/1763/1485
f 890/1765/1486 2145/1766/1486 2144/1767/1486
f 2038/1768/1487 2141/1769/1487 2037/1760/1487
f 2140/1770/1488 893/1771/1488 2144/1767/1488
f 893/1771/1489 1242/1772/1489 2144/1767/1489
f 893/1771/1490 2140/1770/1490 2037/1760/1490
f 895/1773/1491 891/1774/1491 2122/1775/1491
f 2122/1775/1492 1190/1776/1492 895/1773/1492
f 2143/1777/1493 1279/1778/1493 2141/1779/1493
f 895/1773/1494 1190/1776/1494 1191/1780/1494
f 1218/1781/1495 1219/1782/1495 1192/1783/1495
f 1192/1783/1496 894/1784/1496 1218/1781/1496
f 897/1785/1497 2037/1786/1497 2141/1787/1497
f 1225/1788/1498 1226/1789/1498 844/776/1498
f 844/776/1499 839/778/1499 1225/1788/1499
f 1227/1790/1500 896/1791/1500 2143/1777/1500
f 2143/1792/1501 2142/782/1501 1227/1793/1501
f 2142/782/1502 840/785/1502 1227/1793/1502
f 2140/1770/1503 2038/1768/1503 2037/1760/1503
f 896/1791/1504 1279/1778/1504 2143/1777/1504
f 895/1773/1505 1191/1780/1506 1219/1782/1507
f 838/786/1508 1236/1794/1508 847/787/1508
f 1248/1795/1509 1237/1796/1509 1236/1794/1509
f 1248/1795/1510 889/1797/1510 1237/1796/1510
f 838/786/1511 1248/1795/1511 1236/1794/1511
f 1225/1788/1512 1228/1798/1513 1186/1799/1514
f 1186/1799/1515 894/1784/1515 1225/1788/1515
f 1186/1799/1516 1228/1798/1516 1229/1800/1516
f 1237/1801/1517 1245/1802/1517 1243/1803/1517
f 1243/1803/1518 869/1804/1518 1237/1801/1518
f 1238/1805/1519 891/1757/1519 2121/1806/1519
f 891/1757/1520 1238/1805/1520 892/1754/1520
f 889/1807/1521 1240/1758/1521 1245/1802/1521
f 892/1754/1522 1238/1805/1523 1239/1808/1524
f 2121/1806/1525 919/1809/1525 2124/1810/1525
f 919/1723/1526 1187/1811/1526 1220/1812/1526
f 1186/1799/1527 1210/1813/1527 1215/1720/1527
f 1215/1720/1528 1220/1812/1528 1186/1799/1528
f 891/1757/1529 895/1814/1529 1187/1815/1529
f 1187/1815/1530 2121/1806/1530 891/1757/1530
f 1197/1816/1531 1201/1817/1531 1175/1818/1531
f 1175/1818/1532 899/1819/1532 1197/1816/1532
f 883/1729/1533 1171/1820/1533 1172/1821/1533
f 880/1822/1534 878/1726/1534 1251/1823/1534
f 2119/1824/1535 881/1825/1535 2120/1826/1535
f 2119/1827/1536 1171/1820/1536 883/1729/1536
f 1195/1828/1537 1202/1829/1537 1179/1830/1537
f 1179/1830/1538 905/1831/1539 1195/1828/1540
f 884/1730/1541 1174/1832/1541 885/1731/1541
f 1199/1833/1542 1203/1834/1543 1180/1835/1544
f 1180/1835/1545 903/1836/1545 1199/1833/1545
f 1250/1837/1546 1259/1838/1546 1257/1739/1546
f 1257/1739/1547 882/1738/1547 1250/1837/1547
f 884/1730/1548 880/1740/1548 1253/1839/1548
f 2123/1840/1549 1204/1841/1549 1181/1842/1549
f 1181/1842/1550 898/1843/1550 2123/1840/1550
f 883/1729/1551 1172/1821/1551 1252/1844/1551
f 1252/1844/1552 886/1727/1552 883/1729/1552
f 899/1845/1553 2057/1846/1553 2053/1847/1553
f 2057/1846/1554 899/1845/1554 1175/1848/1554
f 1175/1849/1555 898/1850/1555 2057/1851/1555
f 900/1852/1556 2053/1847/1556 2051/1853/1556
f 2053/1847/1557 900/1852/1557 1177/1854/1557
f 1177/1854/1558 899/1845/1558 2053/1847/1558
f 901/1855/1559 2051/1856/1559 2048/1857/1559
f 2051/1856/1560 901/1855/1560 1178/1858/1560
f 1178/1858/1561 900/1859/1561 2051/1856/1561
f 902/1860/1562 1207/1861/1562 2052/1862/1562
f 1207/1861/1563 902/1860/1563 1176/1863/1563
f 2048/1857/1564 1207/1861/1565 1176/1863/1566
f 2048/1857/1564 1176/1863/1566 901/1855/1567
f 903/1864/1568 2052/1862/1568 2055/1865/1568
f 2052/1862/1569 903/1864/1569 1180/1866/1569
f 1180/1866/1570 902/1860/1570 2052/1862/1570
f 2054/1867/1571 904/1868/1571 1182/1869/1571
f 1182/1869/1572 905/1831/1572 2054/1867/1572
f 904/1868/1573 2054/1867/1573 2058/1870/1573
f 2055/1871/1574 905/1831/1574 1179/1830/1574
f 1179/1830/1575 903/1836/1575 2055/1871/1575
f 905/1831/1576 2055/1871/1576 2054/1867/1576
f 898/1850/1577 2058/1870/1578 2057/1851/1579
f 2058/1870/1578 898/1850/1577 1181/1872/1580
f 1181/1872/1581 904/1868/1581 2058/1870/1581
f 881/1825/1582 1174/1873/1582 1185/1874/1582
f 886/1875/1583 1252/1876/1584 1250/1837/1585
f 1250/1877/1585 882/1733/1586 886/1748/1583
f 875/1878/1587 1268/1879/1587 906/1880/1587
f 907/1881/1588 868/1882/1589 908/1883/1590
f 2045/1884/1591 909/1743/1591 2047/1885/1591
f 2047/1885/1592 907/1881/1592 910/1886/1592
f 910/1887/1593 908/1888/1593 1260/1889/1593
f 911/1890/1594 912/1891/1594 875/1717/1594
f 1268/1879/1595 2039/1892/1595 906/1880/1595
f 911/1893/1596 875/1878/1596 906/1880/1596
f 1233/1715/1597 1231/1894/1597 1270/1895/1597
f 913/1747/1598 909/1743/1598 2043/1896/1598
f 914/1897/1599 915/1898/1599 1231/1894/1599
f 2040/1899/1600 916/1900/1600 2039/1901/1600
f 2046/1902/1601 917/1903/1601 2124/1810/1601
f 1211/1722/1602 2042/1904/1602 918/1905/1602
f 2042/1904/1603 1211/1722/1603 1209/1746/1603
f 1209/1746/1604 913/1747/1604 2043/1896/1604
f 2124/1810/1605 919/1809/1606 920/1906/1607
f 2042/1907/1608 2041/1908/1608 918/1909/1608
f 921/1910/1609 1261/1911/1609 2125/1912/1609
f 922/1913/1610 925/1914/1610 924/1915/1610
f 2047/1885/1611 2044/1916/1611 922/1913/1611
f 2039/1917/1612 916/1918/1612 906/1919/1612
f 2119/1824/1613 916/1900/1613 2040/1899/1613
f 881/1825/1614 2040/1899/1614 2042/1920/1614
f 2119/1824/1615 2040/1899/1615 881/1825/1615
f 2042/1904/1616 888/1732/1616 885/1731/1616
f 923/1921/1617 927/1922/1617 921/1910/1617
f 927/1922/1618 923/1921/1618 911/1890/1618
f 916/1923/1619 883/1924/1619 876/1925/1619
f 916/1900/1620 2119/1824/1620 883/1926/1620
f 911/1927/1621 926/1928/1621 927/1929/1621
f 926/1928/1622 911/1927/1622 906/1919/1622
f 2042/1920/1623 885/1930/1623 881/1825/1623
f 2043/1896/1624 2042/1904/1624 1209/1746/1624
f 2042/1904/1625 2043/1896/1625 888/1732/1625
f 2039/1901/1626 2041/1931/1626 2040/1899/1626
f 2040/1899/1627 2041/1931/1627 2042/1920/1627
f 1269/1932/1628 1270/1895/1628 2039/1933/1628
f 2039/1933/1629 1268/1934/1629 1269/1932/1629
f 917/1903/1630 2046/1902/1630 914/1897/1630
f 920/1906/1631 919/1809/1631 918/1909/1631
f 915/1898/1632 914/1897/1632 2046/1902/1632
f 918/1909/1633 2041/1908/1633 920/1906/1633
f 1211/1722/1634 918/1905/1634 919/1723/1634
f 1262/1935/1635 1261/1911/1636 921/1910/1635
f 921/1910/1635 929/1936/1637 1262/1935/1635
f 924/1915/1638 877/1742/1638 887/1741/1638
f 916/1937/1639 876/1938/1639 926/1939/1639
f 926/1928/1640 906/1919/1640 916/1918/1640
f 930/1940/1641 929/1936/1641 921/1910/1641
f 921/1941/1642 927/1929/1642 930/1942/1642
f 1160/1749/1471 924/1915/1643 887/1741/1472
f 1160/1749/1644 888/1732/1644 2043/1896/1644
f 926/1928/1645 876/1736/1645 927/1929/1645
f 930/1942/1646 927/1929/1646 876/1736/1646
f 923/1921/1647 912/1891/1647 911/1890/1647
f 2044/1943/1648 1263/1944/1649 2125/1912/1650
f 910/1886/1651 907/1881/1651 908/1883/1651
f 1254/1678/1652 1260/1889/1652 908/1888/1652
f 908/1888/1653 868/1683/1653 1254/1678/1653
f 2047/1885/1654 909/1743/1654 907/1881/1654
f 1160/1749/1655 2045/1884/1655 924/1915/1655
f 2043/1896/1656 909/1743/1656 2045/1884/1656
f 2045/1884/1657 1160/1749/1657 2043/1896/1657
f 920/1906/1658 2041/1908/1658 2046/1902/1658
f 2046/1902/1659 2124/1810/1605 920/1906/1607
f 2041/1908/1660 915/1898/1660 2046/1902/1660
f 915/1898/1661 2041/1908/1661 2039/1933/1661
f 1270/1895/1662 1231/1894/1662 915/1898/1662
f 915/1898/1663 2039/1933/1663 1270/1895/1663
f 930/1942/1664 879/1734/1664 929/1945/1664
f 1256/1725/1665 877/1724/1665 925/1946/1665
f 925/1946/1666 1262/1935/1666 1256/1725/1666
f 876/1736/1667 928/1735/1667 930/1942/1667
f 879/1734/1668 930/1942/1668 928/1735/1668
f 924/1915/1669 925/1914/1669 877/1742/1669
f 925/1946/1670 922/1947/1671 1261/1911/1670
f 2045/1884/1672 2047/1885/1672 924/1915/1672
f 922/1913/1673 924/1915/1673 2047/1885/1673
f 2044/1943/1648 910/1887/1674 1263/1944/1649
f 912/1891/1675 865/1675/1675 875/1717/1675
f 1260/1889/1676 865/1675/1676 912/1891/1676
f 912/1891/1677 1263/1944/1677 1260/1889/1677
f 2047/1885/1678 910/1886/1678 2044/1916/1678
f 2048/1948/1679 2051/1949/1679 931/1950/1679
f 932/1951/1680 933/1952/1680 2055/1953/1680
f 934/1954/1681 2052/1955/1681 1207/1956/1681
f 1207/1956/1682 2048/1957/1682 934/1954/1682
f 935/1958/1683 937/1959/1683 936/1960/1683
f 938/1961/1684 939/1962/1684 935/1963/1684
f 940/1964/1685 941/1965/1685 938/1961/1685
f 940/1964/1686 938/1961/1686 942/1966/1686
f 943/1967/1687 944/1968/1687 942/1969/1687
f 2056/1970/1688 944/1971/1688 943/1972/1688
f 945/1973/1689 935/1958/1689 936/1960/1689
f 946/1974/1690 2049/1975/1691 2050/1976/1692
f 2049/1975/1693 943/1972/1693 947/1977/1693
f 2049/1975/1694 947/1977/1694 2050/1976/1694
f 948/1978/1695 950/1979/1695 949/1980/1695
f 951/1981/1696 953/1982/1696 952/1983/1696
f 954/1984/1697 955/1985/1697 939/1962/1697
f 944/1986/1698 956/1987/1698 940/1988/1698
f 2056/1970/1699 2058/1989/1699 944/1971/1699
f 932/1951/1700 2055/1953/1700 957/1990/1700
f 957/1991/1701 937/1959/1701 955/1992/1701
f 958/1993/1702 935/1963/1702 945/1994/1702
f 939/1962/1703 938/1961/1703 941/1965/1703
f 958/1993/1704 947/1995/1704 942/1966/1704
f 958/1993/1705 942/1966/1705 938/1961/1705
f 942/1996/1706 944/1997/1706 940/1998/1706
f 959/1999/1707 961/2000/1707 960/2001/1707
f 960/2001/1708 945/1973/1708 959/1999/1708
f 958/1993/1709 963/2002/1709 962/2003/1709
f 962/2003/1710 947/1995/1710 958/1993/1710
f 945/1994/1711 960/2004/1711 963/2002/1711
f 963/2002/1712 958/1993/1712 945/1994/1712
f 948/1978/1713 949/1980/1713 964/2005/1713
f 948/2006/1714 965/2007/1714 959/1999/1714
f 966/2008/1715 951/1981/1715 952/1983/1715
f 2051/1949/1716 967/2009/1716 931/1950/1716
f 2052/2010/1717 957/1990/1717 2055/1953/1717
f 957/1991/1718 2052/1955/1718 934/1954/1718
f 933/2011/1719 944/1971/1719 2058/1989/1719
f 932/1951/1720 957/1990/1720 955/1985/1720
f 947/2012/1721 943/1967/1721 942/1969/1721
f 958/1993/1722 938/1961/1722 935/1963/1722
f 940/1964/1723 956/2013/1723 954/1984/1723
f 956/2013/1724 932/1951/1724 954/1984/1724
f 2049/1975/1725 2056/1970/1725 943/1972/1725
f 946/1974/1690 2050/1976/1692 2060/2014/1726
f 946/2015/1727 968/2016/1727 952/1983/1727
f 939/2017/1728 937/1959/1729 935/1958/1730
f 959/1999/1731 945/1973/1731 936/1960/1731
f 2057/2018/1732 967/2019/1732 2053/2020/1732
f 2051/2021/1733 2053/2022/1733 967/2023/1733
f 2054/2024/1734 2055/1953/1734 933/1952/1734
f 934/2025/1735 2048/1948/1735 931/1950/1735
f 969/2026/1736 931/2027/1736 967/2028/1736
f 950/2029/1737 936/1960/1737 937/1959/1737
f 934/1954/1738 950/2029/1739 937/1959/1740
f 959/1999/1741 936/1960/1741 950/2029/1741
f 969/2026/1742 2056/2030/1742 2049/2031/1742
f 967/2019/1743 2056/1970/1743 969/2032/1743
f 934/2033/1744 931/2034/1744 953/2035/1744
f 934/1954/1738 937/1959/1740 957/1991/1745
f 953/1982/1746 969/2026/1746 970/2036/1746
f 969/2026/1747 953/1982/1747 931/2027/1747
f 2060/2014/1748 947/1977/1748 962/2037/1748
f 947/1977/1749 2060/2014/1749 2050/1976/1749
f 2056/1970/1750 967/2019/1750 2057/2018/1750
f 2056/1970/1751 2057/2018/1751 2058/1989/1751
f 933/2011/1752 2058/1989/1752 2054/2038/1752
f 971/2039/1753 973/2040/1753 972/2041/1753
f 974/2042/1754 972/2043/1754 2059/2044/1754
f 2061/2045/1755 974/2042/1755 2059/2044/1755
f 975/2046/1756 976/2047/1756 971/2039/1756
f 977/2048/1757 2061/2049/1757 2059/2050/1757
f 978/2051/1758 977/2048/1758 979/2052/1758
f 980/2053/1759 977/2048/1759 2059/2050/1759
f 977/2048/1760 980/2053/1760 979/2052/1760
f 978/2054/1761 979/2055/1761 981/2056/1761
f 976/2057/1762 982/2058/1762 981/2056/1762
f 976/2047/1763 983/2059/1763 971/2039/1763
f 974/2060/1764 975/2046/1764 971/2039/1764
f 981/2056/1765 984/2061/1765 983/2062/1765
f 974/2060/1766 971/2039/1766 972/2041/1766
f 971/2039/1767 983/2059/1767 973/2040/1767
f 977/2048/1768 986/2063/1768 985/2064/1768
f 978/2051/1769 986/2063/1769 977/2048/1769
f 976/2057/1770 981/2056/1770 983/2062/1770
f 981/2056/1771 979/2055/1772 984/2061/1773
f 961/2000/1774 982/2058/1774 976/2057/1774
f 976/2057/1775 960/2001/1775 961/2000/1775
f 975/2046/1776 974/2060/1776 962/2003/1776
f 962/2003/1777 963/2002/1777 975/2046/1777
f 976/2047/1778 975/2046/1778 963/2002/1778
f 963/2002/1779 960/2004/1779 976/2047/1779
f 982/2065/1780 965/2066/1781 964/2005/1782
f 987/2067/1783 986/2063/1783 978/2051/1783
f 985/2064/1784 986/2063/1784 987/2067/1784
f 968/2016/1785 2060/2068/1785 2061/2049/1785
f 962/2037/1786 2061/2045/1786 2060/2014/1786
f 2061/2045/1787 962/2037/1787 974/2042/1787
f 987/2067/1788 949/2069/1788 988/2070/1788
f 950/2071/1789 953/1982/1789 949/2069/1789
f 978/2072/1790 964/2005/1790 987/2073/1790
f 949/1980/1791 987/2073/1791 964/2005/1791
f 965/2066/1792 948/1978/1792 964/2005/1792
f 959/1999/1793 950/2029/1793 948/2006/1793
f 982/2058/1794 961/2000/1794 965/2007/1794
f 965/2007/1795 961/2000/1795 959/1999/1795
f 964/2005/1782 978/2072/1796 982/2065/1780
f 982/2065/1797 978/2072/1797 981/2074/1797
f 987/2067/1798 988/2070/1798 951/1981/1798
f 953/1982/1799 970/2036/1799 952/1983/1799
f 985/2075/1800 966/2076/1800 2061/2077/1800
f 966/2008/1801 987/2067/1801 951/1981/1801
f 966/2008/1802 985/2064/1802 987/2067/1802
f 977/2078/1803 985/2075/1803 2061/2077/1803
f 988/2070/1804 953/1982/1804 951/1981/1804
f 988/2070/1805 949/2069/1805 953/1982/1805
f 953/1982/1806 950/2071/1806 934/2079/1806
f 970/2036/1807 969/2026/1807 2049/2031/1807
f 970/2036/1808 2049/2031/1808 946/2015/1808
f 968/2016/1809 946/2015/1809 2060/2068/1809
f 952/1983/1810 970/2036/1810 946/2015/1810
f 966/2076/1811 968/2080/1811 2061/2077/1811
f 968/2080/1812 966/2076/1812 952/2081/1812
f 989/2082/1813 980/2053/1813 2059/2050/1813
f 980/2053/1814 989/2082/1814 990/2083/1814
f 990/2084/1815 979/2055/1815 980/2085/1815
f 991/2086/1816 2071/2087/1816 2069/2088/1816
f 2070/2089/1817 2103/2090/1817 2071/2091/1817
f 992/2092/1818 994/2093/1819 993/2094/1820
f 995/2095/1821 994/2093/1821 996/2096/1821
f 997/2097/1822 999/2098/1822 998/2099/1822
f 1000/2100/1823 1001/2101/1823 997/2102/1823
f 1002/2103/1824 1001/2101/1824 1003/2104/1824
f 1004/2105/1825 2078/2106/1825 1005/2107/1825
f 2067/2108/1826 1006/2109/1826 2066/2110/1826
f 2065/2111/1827 2066/2112/1827 1007/2113/1827
f 1008/2114/1828 2077/2115/1828 2078/2106/1828
f 1005/2116/1829 1009/2117/1830 1004/2118/1831
f 1010/2119/1832 1004/2118/1832 1009/2117/1832
f 1011/2120/1833 2062/2121/1833 1012/2122/1833
f 2062/2121/1834 1011/2120/1834 1013/2123/1834
f 1014/2124/1835 2067/2125/1835 1015/2126/1835
f 973/2040/1836 983/2059/1836 1002/2103/1836
f 972/2041/1837 973/2040/1837 1002/2103/1837
f 1002/2103/1838 1003/2104/1838 972/2041/1838
f 1016/2127/1839 972/2128/1840 1003/2129/1841
f 2107/2130/1842 1017/2131/1842 989/2082/1842
f 990/2083/1843 989/2082/1843 1017/2131/1843
f 2104/2132/1844 1018/2133/1844 2110/2134/1844
f 1017/2131/1845 2107/2130/1845 1019/2135/1845
f 1020/2136/1846 1022/2137/1846 1021/2138/1846
f 1023/2139/1847 1025/2140/1847 1024/2141/1847
f 1026/2142/1848 1027/2143/1848 2108/2144/1848
f 1027/2143/1849 1026/2142/1849 1028/2145/1849
f 1029/2146/1850 2105/2147/1850 2108/2144/1850
f 1029/2146/1851 2108/2144/1851 1027/2143/1851
f 1030/2148/1852 1029/2146/1852 1027/2143/1852
f 1029/2146/1853 1031/2149/1853 2105/2147/1853
f 1031/2149/1854 1029/2146/1854 1030/2148/1854
f 2068/2150/1855 1032/2151/1855 1018/2133/1855
f 1032/2151/1856 2068/2150/1856 2106/2152/1856
f 1033/2153/1857 1034/2154/1857 1022/2155/1857
f 1034/2156/1858 1033/2157/1858 2071/2087/1858
f 2071/2091/1859 1033/2158/1859 2072/2159/1859
f 1035/2160/1860 2070/2161/1860 1036/2162/1860
f 2072/2159/1861 1036/2163/1861 2070/2089/1861
f 1037/2164/1862 993/2094/1862 994/2093/1862
f 1030/2148/1863 1027/2143/1863 990/2165/1863
f 1028/2145/1864 990/2165/1864 1027/2143/1864
f 1002/2103/1865 983/2059/1865 1038/2166/1865
f 1039/2167/1866 1038/2168/1866 1040/2169/1866
f 1039/2170/1867 999/2171/1867 1001/2101/1867
f 1010/2119/1868 1041/2172/1868 1004/2118/1868
f 1028/2173/1869 1004/2174/1869 1041/2175/1869
f 2078/2106/1870 1004/2105/1870 2074/2176/1870
f 2074/2176/1871 1004/2105/1871 1026/2177/1871
f 1026/2177/1872 1004/2105/1872 1028/2178/1872
f 1042/2179/1873 1043/2180/1873 1025/2140/1873
f 994/2093/1874 1042/2179/1874 1037/2164/1874
f 992/2092/1875 1016/2181/1875 1044/2182/1875
f 1000/2183/1876 1044/2182/1876 1016/2181/1876
f 1045/2184/1877 1047/2185/1877 1046/2186/1877
f 998/2099/1878 1048/2187/1878 997/2097/1878
f 1048/2187/1879 1046/2186/1879 1049/2188/1879
f 1046/2186/1880 1047/2185/1880 1049/2188/1880
f 1045/2184/1881 1051/2189/1881 1050/2190/1881
f 1012/2191/1882 2062/2192/1882 1052/2193/1882
f 1053/2194/1883 2062/2192/1883 2063/2195/1883
f 1054/2196/1884 2063/2197/1884 1013/2123/1884
f 2064/2198/1885 1055/2199/1885 2076/2200/1885
f 1055/2199/1886 2064/2198/1886 2067/2125/1886
f 2064/2198/1887 1056/2201/1887 2067/2125/1887
f 1056/2201/1888 2064/2198/1888 1057/2202/1888
f 2065/2203/1889 1059/2204/1889 1058/2205/1889
f 1058/2206/1890 1060/2207/1890 2065/2208/1890
f 2073/2209/1891 1062/2210/1891 1061/2211/1891
f 1061/2212/1892 1063/2213/1892 2073/2214/1892
f 2084/2215/1893 1065/2216/1893 1064/2217/1893
f 1064/2218/1894 1066/2219/1894 2084/2220/1894
f 2066/2221/1895 1067/2222/1895 2067/2125/1895
f 1015/2126/1896 2067/2125/1896 1067/2222/1896
f 1007/2223/1897 1006/2109/1897 1068/2224/1897
f 1069/2225/1898 1070/2226/1898 2076/2200/1898
f 1069/2227/1899 1071/2228/1900 1070/2229/1901
f 1070/2229/1901 1071/2228/1900 1072/2230/1902
f 1012/2191/1903 1052/2193/1903 1073/2231/1903
f 2076/2200/1904 2075/2232/1904 1057/2202/1904
f 1028/2173/1905 1041/2175/1905 1074/2233/1905
f 979/2055/1906 990/2084/1906 1028/2173/1906
f 1061/2211/1907 1062/2210/1907 1075/2234/1907
f 1058/2235/1908 1077/2236/1908 1076/2237/1908
f 1076/2237/1909 1066/2238/1909 1064/2239/1909
f 1076/2237/1910 1077/2236/1910 1066/2238/1910
f 1064/2217/1911 1079/2240/1911 1078/2241/1911
f 1078/2242/1912 1063/2213/1912 1061/2212/1912
f 1078/2241/1913 1079/2240/1914 1063/2243/1915
f 1041/2172/1916 1010/2119/1916 1060/2244/1916
f 1060/2244/1917 1058/2245/1917 1041/2172/1917
f 983/2062/1918 984/2061/1918 1040/2169/1918
f 1061/2246/1919 1040/2169/1919 1080/2247/1919
f 1080/2247/1920 984/2061/1920 1081/2248/1920
f 1076/2249/1921 1064/2250/1921 1081/2251/1921
f 1082/2252/1922 1076/2253/1922 1081/2248/1922
f 1081/2248/1923 1064/2254/1923 1078/2255/1923
f 1076/2253/1924 1082/2252/1924 1074/2233/1924
f 1028/2173/1925 1074/2233/1925 979/2055/1925
f 1009/2117/1926 1060/2244/1926 1010/2119/1926
f 1067/2256/1927 1009/2117/1927 1015/2257/1927
f 1055/2258/1928 1011/2120/1929 1069/2227/1930
f 1011/2120/1931 1055/2258/1931 1013/2123/1931
f 1015/2257/1932 1054/2196/1932 1014/2259/1932
f 1013/2123/1933 1014/2259/1933 1054/2196/1933
f 2103/2260/1934 1084/2261/1934 1083/2262/1934
f 2059/2263/1935 993/2264/1935 989/2265/1935
f 1037/2266/1936 989/2082/1936 993/2267/1936
f 989/2082/1937 1042/2268/1937 2107/2130/1937
f 1042/2268/1938 989/2082/1938 1037/2266/1938
f 2110/2269/1939 1022/2155/1939 2104/2270/1939
f 1024/2271/1940 2107/2130/1940 1023/2272/1940
f 1034/2154/1941 2068/2273/1941 1022/2155/1941
f 2068/2273/1942 1034/2154/1942 2106/2274/1942
f 1030/2275/1943 990/2276/1943 1017/2277/1943
f 1085/2278/1944 1086/2279/1944 1031/2149/1944
f 1086/2280/1945 1085/2281/1945 1019/2135/1945
f 1032/2282/1946 1086/2279/1946 1018/2283/1946
f 1036/2162/1947 1032/2282/1947 1035/2160/1947
f 1083/2284/1948 991/2086/1948 2069/2088/1948
f 2103/2260/1949 2070/2161/1949 1035/2160/1949
f 1084/2261/1950 2103/2260/1950 1035/2160/1950
f 995/2095/1951 1026/2285/1951 1025/2140/1951
f 2108/2286/1952 1025/2140/1952 1026/2285/1952
f 2108/2287/1953 1021/2288/1953 1025/2289/1953
f 1020/2290/1954 1021/2288/1954 2105/2291/1954
f 2071/2091/1955 2072/2159/1955 2070/2089/1955
f 1025/2140/1956 1043/2180/1956 995/2095/1956
f 992/2092/1957 996/2096/1957 994/2093/1957
f 1016/2127/1839 1003/2129/1841 1000/2292/1958
f 1016/2127/1959 993/2264/1959 972/2128/1959
f 2059/2263/1960 972/2128/1960 993/2264/1960
f 992/2092/1818 993/2094/1820 1016/2181/1961
f 1048/2187/1962 2073/2293/1962 1046/2186/1962
f 1046/2186/1963 2084/2294/1963 1045/2184/1963
f 1045/2184/1964 2065/2111/1964 1051/2189/1964
f 1051/2189/1965 2065/2111/1965 1007/2113/1965
f 2074/2295/1966 1051/2189/1966 2078/2296/1966
f 1007/2113/1967 1068/2297/1967 1051/2189/1967
f 1051/2189/1968 2074/2295/1968 1050/2190/1968
f 1026/2298/1969 995/2299/1969 996/2300/1969
f 1070/2301/1970 1073/2302/1970 2075/2303/1970
f 2076/2304/1971 1070/2301/1971 2075/2303/1971
f 1073/2302/1972 1070/2301/1972 1072/2305/1972
f 1073/2302/1973 1057/2306/1973 2075/2303/1973
f 1049/2188/1974 1047/2185/1974 1044/2182/1974
f 992/2092/1975 1044/2182/1975 996/2096/1975
f 1000/2100/1976 1003/2104/1976 1001/2101/1976
f 997/2097/1977 1049/2188/1977 1000/2183/1977
f 1001/2101/1978 1002/2103/1978 1038/2166/1978
f 1001/2101/1979 999/2171/1979 997/2102/1979
f 1000/2183/1980 1049/2188/1980 1044/2182/1980
f 1048/2187/1981 1049/2188/1981 997/2097/1981
f 1050/2190/1982 2074/2295/1982 1026/2285/1982
f 1026/2285/1983 996/2096/1983 1050/2190/1983
f 1050/2190/1984 996/2096/1984 1047/2185/1984
f 1045/2184/1985 1050/2190/1985 1047/2185/1985
f 1047/2185/1986 996/2096/1986 1044/2182/1986
f 1041/2175/1987 1058/2307/1987 1074/2233/1987
f 1076/2253/1988 1074/2233/1988 1058/2307/1988
f 1080/2247/1989 1081/2248/1989 1078/2255/1989
f 979/2055/1772 1081/2248/1772 984/2061/1773
f 1040/2169/1990 984/2061/1990 1080/2247/1990
f 1039/2167/1991 1040/2169/1991 1087/2308/1991
f 979/2055/1772 1082/2252/1772 1081/2248/1772
f 1074/2233/1992 1082/2252/1992 979/2055/1992
f 1061/2212/1993 1080/2309/1993 1078/2242/1993
f 1071/2228/1994 1069/2227/1930 1011/2120/1929
f 1071/2228/1995 1011/2120/1995 1012/2122/1995
f 1014/2259/1996 1013/2123/1996 1055/2258/1996
f 1014/2124/1997 1055/2199/1997 2067/2125/1997
f 2062/2192/1998 1053/2194/1998 1052/2193/1998
f 2063/2197/1999 2062/2121/1999 1013/2123/1999
f 1006/2310/2000 2067/2125/2000 1056/2201/2000
f 1006/2311/2001 1053/2312/2001 1008/2313/2001
f 2076/2200/2002 1057/2202/2002 2064/2198/2002
f 2076/2200/2003 1055/2199/2003 1069/2225/2003
f 2063/2197/2004 1054/2196/2004 1005/2116/2004
f 1005/2107/2005 2078/2106/2005 2077/2115/2005
f 1054/2196/2006 1015/2257/2006 1009/2117/2006
f 1009/2117/1830 1005/2116/1829 1054/2196/2007
f 1060/2244/2008 1009/2117/2008 1067/2256/2008
f 1067/2222/2009 2066/2221/2010 1060/2207/2011
f 2065/2208/2012 1060/2207/2011 2066/2221/2010
f 1006/2109/2013 1007/2223/2013 2066/2110/2013
f 1005/2107/2014 2077/2115/2014 2063/2195/2014
f 2077/2115/2015 1008/2114/2015 2063/2195/2015
f 1052/2314/2016 1057/2315/2016 1073/2316/2016
f 1052/2314/2017 1053/2312/2017 1057/2315/2017
f 1053/2312/2018 1056/2317/2018 1057/2315/2018
f 1056/2317/2019 1053/2312/2019 1006/2311/2019
f 1008/2114/2020 1053/2194/2020 2063/2195/2020
f 1006/2318/2021 1008/2319/2021 1068/2320/2021
f 1068/2321/2022 2078/2106/2022 1051/2322/2022
f 1068/2321/2023 1008/2114/2023 2078/2106/2023
f 1059/2204/2024 2065/2203/2024 1088/2323/2024
f 2083/2324/2025 1089/2325/2025 2082/2326/2025
f 2084/2327/2026 2082/2328/2026 1090/2329/2026
f 1091/2330/2027 2088/2331/2027 1092/2332/2027
f 1088/2333/2028 1093/2334/2029 1059/2335/2030
f 1077/2236/2031 1059/2335/2031 1093/2334/2031
f 1094/2336/2032 2080/2337/2032 2079/2338/2032
f 2080/2337/2033 1094/2336/2033 1095/2339/2033
f 1096/2340/2034 2083/2341/2034 1097/2342/2034
f 2079/2343/2035 2080/2344/2035 1098/2345/2035
f 1099/2346/2036 2080/2344/2036 2086/2347/2036
f 1100/2348/2037 2086/2349/2037 1095/2339/2037
f 2081/2350/2038 1101/2351/2038 2087/2352/2038
f 1101/2351/2039 2081/2350/2039 2083/2341/2039
f 2081/2353/2040 1102/2354/2040 2083/2355/2040
f 1102/2356/2041 2081/2350/2041 1103/2357/2041
f 2082/2358/2042 1104/2359/2042 2083/2341/2042
f 1097/2342/2043 2083/2341/2043 1104/2359/2043
f 1090/2360/2044 1089/2361/2044 1092/2362/2044
f 1105/2363/2045 1106/2364/2045 2087/2352/2045
f 1105/2365/2046 1107/2366/2046 1106/2367/2046
f 1106/2367/2047 1107/2366/2047 1108/2368/2047
f 2079/2343/2048 1098/2345/2048 1109/2369/2048
f 2087/2370/2049 2085/2371/2049 1103/2372/2049
f 1093/2334/2050 1066/2238/2050 1077/2236/2050
f 1104/2373/2051 1093/2334/2052 1097/2374/2053
f 1101/2375/2054 1094/2336/2054 1105/2365/2054
f 1094/2336/2055 1101/2375/2055 1095/2339/2055
f 1097/2374/2056 1100/2348/2056 1096/2376/2056
f 1095/2339/2057 1096/2376/2057 1100/2348/2057
f 1045/2184/2058 2084/2294/2058 1090/2377/2058
f 1090/2377/2059 1092/2378/2059 1045/2184/2059
f 1106/2379/2060 1109/2380/2060 2085/2371/2060
f 2087/2370/2061 1106/2379/2061 2085/2371/2061
f 1109/2381/2062 1106/2382/2062 1108/2383/2062
f 1109/2380/2063 1103/2372/2063 2085/2371/2063
f 1107/2366/2064 1105/2365/2064 1094/2336/2064
f 1107/2366/2065 1094/2336/2065 2079/2338/2065
f 1096/2376/2066 1095/2339/2066 1101/2375/2066
f 1096/2340/2067 1101/2351/2067 2083/2341/2067
f 2080/2344/2068 1099/2346/2068 1098/2345/2068
f 2086/2349/2069 2080/2337/2069 1095/2339/2069
f 1089/2384/2070 2083/2385/2070 1102/2386/2070
f 1089/2361/2071 1099/2387/2071 1091/2388/2071
f 2087/2352/2072 1103/2357/2072 2081/2350/2072
f 2087/2352/2073 1101/2351/2073 1105/2363/2073
f 2086/2349/2074 1100/2348/2074 1088/2333/2074
f 1088/2323/2075 2065/2203/2075 2088/2331/2075
f 1100/2348/2076 1097/2374/2076 1093/2334/2076
f 1093/2334/2029 1088/2333/2028 1100/2348/2077
f 1066/2238/2078 1093/2334/2052 1104/2373/2051
f 1104/2359/2079 2082/2358/2079 1066/2219/2079
f 2084/2220/2080 1066/2219/2080 2082/2358/2080
f 1089/2389/2081 1090/2390/2081 2082/2391/2081
f 1088/2323/2082 2088/2331/2082 2086/2347/2082
f 2088/2331/2083 1091/2330/2083 2086/2347/2083
f 1098/2392/2084 1103/2372/2084 1109/2380/2084
f 1098/2392/2085 1099/2387/2085 1103/2372/2085
f 1099/2387/2086 1102/2393/2086 1103/2372/2086
f 1102/2393/2087 1099/2387/2087 1089/2361/2087
f 1091/2330/2088 1099/2346/2088 2086/2347/2088
f 1089/2361/2089 1091/2388/2089 1092/2362/2089
f 1092/2378/2090 2065/2111/2090 1045/2184/2090
f 1092/2378/2091 2088/2394/2091 2065/2111/2091
f 1077/2236/2092 1058/2235/2092 1059/2335/2092
f 1065/2216/2093 2084/2215/2093 1110/2395/2093
f 2089/2396/2094 1111/2397/2094 2091/2398/2094
f 2073/2293/2095 2091/2399/2095 1112/2400/2095
f 1113/2401/2096 1115/2402/2097 1114/2403/2098
f 1110/2395/2099 1116/2404/2099 1065/2216/2099
f 1079/2240/2100 1065/2216/2100 1116/2404/2100
f 1117/2405/2101 2090/2406/2101 1118/2407/2101
f 2090/2406/2102 1117/2405/2102 1119/2408/2102
f 1120/2409/2103 2089/2410/2103 1121/2411/2103
f 1118/2412/2104 2090/2413/2105 1122/2414/2106
f 1123/2415/2107 2090/2413/2107 2095/2416/2107
f 1124/2417/2108 2095/2418/2108 1119/2408/2108
f 1125/2419/2109 1126/2420/2109 2092/2421/2109
f 1126/2420/2110 1125/2419/2111 2089/2410/2112
f 1125/2422/2113 1127/2423/2113 2089/2396/2113
f 1127/2423/2114 1125/2422/2114 1128/2424/2114
f 2091/2425/2115 1129/2426/2115 2089/2410/2115
f 1121/2411/2116 2089/2410/2116 1129/2426/2116
f 1112/2427/2117 1111/2397/2117 1114/2428/2117
f 1130/2429/2118 1131/2430/2118 2092/2421/2118
f 1130/2431/2119 1132/2432/2119 1131/2433/2119
f 1133/2434/2120 1132/2432/2120 1118/2407/2120
f 1118/2412/2121 1122/2414/2121 2093/2435/2121
f 2092/2436/2122 2094/2437/2122 1128/2424/2122
f 1116/2404/2123 1063/2243/1915 1079/2240/1914
f 1129/2438/2124 1116/2404/2125 1121/2439/2126
f 1126/2440/2127 1117/2405/2128 1130/2431/2129
f 1117/2405/2130 1126/2440/2130 1119/2408/2130
f 1121/2439/2131 1124/2417/2131 1120/2441/2131
f 1119/2408/2132 1120/2441/2132 1124/2417/2132
f 1046/2186/2133 2073/2293/2133 1112/2400/2133
f 1112/2400/2134 1114/2442/2134 1046/2186/2134
f 1131/2443/2135 2093/2444/2135 2094/2437/2135
f 2092/2436/2136 1131/2443/2136 2094/2437/2136
f 2093/2435/2137 1133/2445/2137 1118/2412/2137
f 2093/2444/2138 1128/2424/2138 2094/2437/2138
f 1132/2432/2139 1130/2431/2129 1117/2405/2128
f 1132/2432/2140 1117/2405/2140 1118/2407/2140
f 1120/2441/2141 1119/2408/2141 1126/2440/2141
f 1120/2409/2142 1126/2420/2110 2089/2410/2112
f 2090/2413/2105 1123/2415/2143 1122/2414/2106
f 2095/2418/2144 2090/2406/2144 1119/2408/2144
f 1111/2446/2145 2089/2447/2145 1127/2448/2145
f 1111/2397/2146 1123/2449/2146 1113/2450/2146
f 2092/2436/2147 1128/2424/2147 1125/2422/2147
f 2092/2421/2148 1126/2420/2148 1130/2429/2148
f 2095/2418/2149 1124/2417/2149 1110/2395/2149
f 1110/2451/2150 2084/2452/2150 1115/2402/2150
f 1124/2417/2151 1121/2439/2126 1116/2404/2125
f 1116/2404/2152 1110/2395/2152 1124/2417/2152
f 1063/2243/1915 1116/2404/2123 1129/2438/2153
f 1129/2426/2154 2091/2425/2154 1063/2213/2154
f 2073/2214/2155 1063/2213/2155 2091/2425/2155
f 1111/2397/2156 1112/2427/2156 2091/2398/2156
f 1110/2451/2157 1115/2402/2157 2095/2416/2157
f 1115/2402/2097 1113/2401/2096 2095/2416/2158
f 1122/2453/2159 1128/2424/2159 2093/2444/2159
f 1122/2453/2160 1123/2449/2160 1128/2424/2160
f 1123/2449/2161 1127/2423/2161 1128/2424/2161
f 1127/2423/2162 1123/2449/2162 1111/2397/2162
f 1113/2401/2163 1123/2415/2163 2095/2416/2163
f 1111/2397/2164 1113/2450/2164 1114/2428/2164
f 1114/2403/2165 2084/2452/2165 1046/2454/2165
f 1114/2403/2166 1115/2402/2166 2084/2452/2166
f 1079/2240/2167 1064/2217/2167 1065/2216/2167
f 1062/2455/2168 2073/2456/2168 1134/2457/2168
f 2096/2458/2169 1135/2459/2169 2101/2460/2169
f 999/2171/2170 2101/2461/2170 1136/2462/2170
f 1137/2463/2171 2100/2464/2171 1138/2465/2171
f 1134/2466/2172 1139/2467/2172 1062/2210/2172
f 1075/2234/2173 1062/2210/2173 1139/2467/2173
f 1140/2468/2174 1142/2469/2174 1141/2470/2174
f 1142/2469/2175 1140/2468/2175 1143/2471/2175
f 1144/2472/2176 2096/2473/2177 1145/2474/2177
f 1141/2475/2178 1142/2476/2178 1146/2477/2178
f 1147/2478/2179 1142/2476/2179 2102/2479/2179
f 1148/2480/2180 2102/2481/2180 1143/2471/2180
f 2099/2482/2181 1149/2483/2181 2098/2484/2181
f 1149/2483/2182 2099/2482/2182 2096/2473/2182
f 2099/2485/2183 1150/2486/2183 2096/2458/2183
f 1150/2487/2184 2099/2482/2184 1151/2488/2184
f 2101/2461/2185 1152/2489/2186 2096/2473/2187
f 1145/2474/2177 2096/2473/2177 1152/2489/2188
f 1136/2490/2189 1135/2491/2189 1138/2492/2189
f 1153/2493/2190 1154/2494/2190 2098/2484/2190
f 1153/2495/2191 1155/2496/2191 1154/2497/2191
f 1156/2498/2192 1155/2496/2192 1141/2470/2192
f 1141/2475/2193 1146/2477/2193 2109/2499/2193
f 2098/2484/2194 2097/2500/2194 1151/2488/2194
f 1152/2489/2195 1157/2501/2195 1075/2502/2195
f 1152/2503/2196 1139/2467/2196 1145/2504/2196
f 1149/2505/2197 1140/2468/2198 1153/2495/2199
f 1140/2468/2198 1149/2505/2197 1143/2471/2200
f 1145/2504/2201 1148/2480/2201 1144/2506/2201
f 1143/2471/2202 1144/2506/2202 1148/2480/2202
f 998/2507/2203 999/2508/2203 1136/2509/2203
f 1136/2490/2204 1138/2492/2204 998/2510/2204
f 1154/2511/2205 2109/2512/2205 2097/2513/2205
f 2098/2514/2206 1154/2511/2206 2097/2513/2206
f 2109/2499/2207 1156/2515/2207 1141/2475/2207
f 2109/2516/2208 1151/2517/2208 2097/2518/2208
f 1155/2496/2209 1153/2495/2199 1140/2468/2198
f 1155/2496/2210 1140/2468/2210 1141/2470/2210
f 1144/2506/2211 1143/2471/2211 1149/2505/2211
f 1144/2472/2212 1149/2483/2212 2096/2473/2212
f 1142/2476/2213 1147/2478/2213 1146/2477/2213
f 2102/2481/2214 1142/2469/2214 1143/2471/2214
f 1135/2459/2215 2096/2458/2215 1150/2486/2215
f 1135/2459/2216 1147/2519/2216 1137/2520/2216
f 2098/2484/2217 1151/2488/2217 2099/2482/2217
f 2098/2484/2218 1149/2483/2218 1153/2493/2218
f 2102/2481/2219 1148/2480/2219 1134/2466/2219
f 1134/2457/2220 2073/2456/2220 2100/2464/2220
f 1148/2480/2221 1145/2504/2221 1139/2467/2221
f 1139/2467/2222 1134/2466/2222 1148/2480/2222
f 1075/2234/2223 1139/2467/2223 1152/2503/2223
f 1152/2489/2186 2101/2461/2185 1157/2501/2224
f 999/2171/2225 1157/2501/2225 2101/2461/2225
f 1135/2521/2226 1136/2462/2226 2101/2461/2226
f 1134/2457/2227 2100/2464/2227 2102/2479/2227
f 2100/2464/2228 1137/2463/2228 2102/2479/2228
f 1146/2522/2229 1151/2517/2229 2109/2516/2229
f 1146/2522/2230 1147/2519/2230 1151/2517/2230
f 1147/2519/2231 1150/2486/2231 1151/2517/2231
f 1150/2486/2232 1147/2519/2232 1135/2459/2232
f 1137/2463/2233 1147/2478/2233 2102/2479/2233
f 1135/2491/2234 1137/2523/2234 1138/2492/2234
f 1138/2465/2235 2073/2456/2235 998/2524/2235
f 1138/2465/2236 2100/2464/2236 2073/2456/2236
f 1157/2501/2237 999/2171/2237 1039/2170/2237
f 2073/2293/2238 1048/2187/2238 998/2099/2238
f 1075/2502/2239 1157/2501/2239 1158/2525/2239
f 1075/2234/2240 1158/2526/2240 1061/2211/2240
f 1001/2101/2241 1038/2166/2241 1039/2170/2241
f 1038/2166/2242 983/2059/2242 1040/2527/2242
f 2106/2528/2243 991/2086/2243 1083/2284/2243
f 1083/2529/2244 1084/2530/2244 2106/2152/2244
f 1083/2262/2245 2069/2531/2245 2103/2260/2245
f 2069/2088/2246 2071/2087/2246 2103/2532/2246
f 1031/2149/2247 1086/2279/2247 1036/2162/2247
f 1036/2162/2248 2072/2533/2248 1031/2149/2248
f 1084/2261/2249 1035/2160/2249 1032/2282/2249
f 1084/2530/2250 1032/2151/2250 2106/2152/2250
f 2104/2270/2251 1022/2155/2251 2068/2273/2251
f 2104/2132/2252 2068/2150/2252 1018/2133/2252
f 2105/2291/2253 1031/2534/2253 2072/2159/2253
f 1033/2158/2254 2105/2291/2254 2072/2159/2254
f 1033/2158/2255 1020/2290/2255 2105/2291/2255
f 1020/2535/2256 1033/2153/2256 1022/2155/2256
f 991/2086/2257 2106/2528/2257 1034/2156/2257
f 991/2086/2258 1034/2156/2258 2071/2087/2258
f 1086/2279/2259 1032/2282/2259 1036/2162/2259
f 1019/2135/2260 1085/2281/2260 1017/2131/2260
f 1023/2272/2261 2107/2130/2261 1042/2268/2261
f 1023/2139/2262 1042/2179/2262 1025/2140/2262
f 1021/2288/2263 2108/2287/2263 2105/2291/2263
f 1021/2138/2264 1024/2141/2264 1025/2140/2264
f 1022/2536/2265 2110/2134/2265 1024/2271/2265
f 1024/2141/2266 1021/2138/2266 1022/2137/2266
f 1154/2497/2267 1155/2496/2267 1156/2498/2267
f 2109/2512/2268 1154/2511/2268 1156/2537/2268
f 1131/2433/2269 1132/2432/2269 1133/2434/2269
f 2093/2538/2270 1131/2539/2270 1133/2540/2270
f 1109/2369/2271 1108/2541/2271 2079/2343/2271
f 1108/2368/2272 1107/2366/2272 2079/2338/2272
f 1073/2231/2273 1072/2542/2273 1012/2191/2273
f 1072/2230/2274 1071/2228/2274 1012/2122/2274
f 1087/2308/2275 1040/2169/2275 1061/2246/2275
f 1087/2543/2276 1157/2501/2276 1039/2170/2276
f 1043/2180/1956 994/2093/1956 995/2095/1956
f 1042/2179/1873 994/2093/1873 1043/2180/1873
f 1085/2544/2277 1030/2275/2277 1017/2277/2277
f 1030/2148/2278 1085/2278/2278 1031/2149/2278
f 1018/2133/2279 1086/2280/2279 1019/2135/2279
f 1019/2135/2280 2110/2134/2280 1018/2133/2280
f 2107/2130/2281 1024/2271/2281 2110/2134/2281
f 2110/2134/2282 1019/2135/2282 2107/2130/2282
f 1158/2545/2283 1087/2308/2283 1061/2246/2283
f 1158/2525/2284 1157/2501/2284 1087/2543/2284
f 932/1951/2285 955/1985/2285 954/1984/2285
f 955/1992/2286 937/1959/1729 939/2017/1728
f 940/1964/2287 954/1984/2287 1159/2546/2287
f 1159/2546/2288 954/1984/2288 939/1962/2288
f 956/2013/2289 933/1952/2289 932/1951/2289
f 944/1986/2290 933/2547/2290 956/1987/2290
f 939/1962/2291 941/1965/2291 1159/2546/2291
f 940/1964/2292 1159/2546/2292 941/1965/2292
f 1161/2548/2293 2111/2549/2293 2113/2550/2293
f 1168/2551/2294 2112/2552/2294 2111/2553/2294
f 2111/2553/2295 1163/2554/2295 1168/2551/2295
f 1162/2555/2296 1168/2556/2296 1163/2557/2296
f 1163/2557/2297 1164/2558/2297 1162/2555/2297
f 1161/2559/2298 2114/1552/2298 720/1551/2298
f 1161/2560/2299 2113/2561/2299 2114/2562/2299
f 1170/1671/2300 2115/2563/2300 1165/1668/2300
f 1169/2564/2301 2117/2565/2301 2118/2566/2301
f 2115/2563/2302 2112/2552/2303 1168/2551/2304
f 1168/2551/2304 1165/1668/2305 2115/2563/2302
f 1165/1668/2306 1168/2551/2306 1162/1673/2306
f 1162/1673/2307 1166/1669/2307 1165/1668/2307
f 2116/1561/2308 2117/2565/2308 1169/2564/2308
f 1169/2564/2309 726/1562/2309 2116/1561/2309
f 726/1565/2310 1169/1688/2310 1167/1687/2310
f 1167/1687/2311 828/642/2311 726/1565/2311
f 1169/2564/2312 2118/2566/2312 1170/1671/2312
f 1170/1671/2313 2118/2566/2313 2115/2563/2313
f 1163/2554/2314 2111/2553/2314 1161/2567/2314
f 1164/2558/2315 1163/2557/2315 1161/2568/2315
f 1161/2568/2316 860/2569/2316 1164/2558/2316
f 1171/2570/2317 2119/1824/2317 2120/1826/2317
f 1173/2571/2318 1196/2572/2318 1264/2573/2318
f 1171/1820/2319 1197/2574/2319 1205/2575/2319
f 1174/1832/2320 884/1730/2320 1253/1839/2320
f 1253/1839/2321 1183/2576/2321 1174/1832/2321
f 1183/2576/2322 1253/1839/2322 1251/2577/2322
f 1251/2577/2323 1184/2578/2323 1183/2576/2323
f 2120/1826/2324 881/1825/2324 1185/1874/2324
f 1174/1873/2325 881/1825/2325 885/1930/2325
f 1174/1832/2326 1195/2579/2326 1206/2580/2326
f 1206/2581/2327 1185/2582/2327 1174/2583/2327
f 2120/1826/2328 2123/1840/2328 1201/2584/2328
f 1183/2576/2329 1199/2585/2329 1202/2586/2329
f 1184/2587/2330 1194/2588/2330 1203/2589/2330
f 1185/1874/2331 1200/2590/2331 1204/1841/2331
f 1176/2591/2332 902/2592/2333 1194/2593/2334
f 1194/2594/2335 1264/2595/2335 1176/2596/2335
f 1177/2597/2336 900/2598/2336 1198/2599/2336
f 1198/2600/2337 1205/2601/2337 1177/2602/2337
f 1178/2603/2338 901/2604/2338 1196/2605/2338
f 1196/2606/2339 1198/2607/2339 1178/2608/2339
f 1200/2609/2340 1206/2610/2340 1182/1869/2340
f 1182/2611/2341 904/2612/2341 1200/2590/2341
f 1187/1811/2342 895/1773/2342 1218/1781/2342
f 1187/1811/2343 1218/1781/2343 1220/1812/2343
f 1187/1815/2344 919/1809/2344 2121/1806/2344
f 1248/1795/2345 843/1599/2345 1234/2613/2345
f 889/1797/2346 1248/1795/2346 1234/2613/2346
f 1188/2614/2347 889/1807/2347 1234/2615/2347
f 1242/1772/2348 1277/2616/2348 1274/2617/2348
f 1190/2618/2349 2122/2619/2349 1249/1756/2349
f 1249/1756/2350 1189/1755/2350 1190/2618/2350
f 897/2620/2351 1278/2621/2352 1276/1761/2353
f 1192/1783/2354 1225/1788/2354 894/1784/2354
f 1227/1790/2355 1226/1789/2356 1192/1783/2357
f 1192/1783/2357 896/1791/2358 1227/1790/2355
f 1279/1778/2359 1219/1782/1507 1191/1780/1506
f 1191/1780/2360 1278/2622/2360 1279/1778/2360
f 1193/1694/2361 830/1607/2361 869/2623/2361
f 845/681/2362 830/1607/2362 1193/1694/2362
f 1193/1694/2363 869/2623/2363 1244/2624/2363
f 869/1804/2364 1243/1803/2364 1244/1707/2364
f 1171/2570/2365 2120/1826/2365 1201/2584/2365
f 1201/2584/2366 1197/2625/2366 1171/2570/2366
f 1174/1832/2367 1183/2576/2367 1202/2586/2367
f 1202/2586/2368 1195/2579/2368 1174/1832/2368
f 1183/2626/2369 1184/2587/2369 1203/2589/2369
f 1203/2627/2370 1199/2585/2370 1183/2576/2370
f 2120/1826/2371 1185/1874/2371 1204/1841/2371
f 1204/1841/2372 2123/1840/2372 2120/1826/2372
f 1176/2628/2373 1264/2629/2373 1196/2605/2373
f 1196/2605/2374 901/2604/2374 1176/2628/2374
f 1177/2630/2375 1205/2631/2375 1197/2632/2375
f 1197/2633/2376 899/1845/2376 1177/1854/2376
f 1198/2599/2377 900/2598/2377 1178/2634/2377
f 1195/1828/1540 905/1831/1539 1182/1869/2378
f 1182/1869/2379 1206/2610/2379 1195/1828/2379
f 1175/1818/2380 1201/1817/2380 2123/2635/2380
f 2123/1840/2381 898/1843/2381 1175/2636/2381
f 1179/1830/2382 1202/1829/2383 1199/1833/2384
f 1199/1833/2384 903/1836/2385 1179/1830/2382
f 1194/2593/2334 902/2592/2333 1180/1835/2386
f 1180/1835/1544 1203/1834/1543 1194/2593/2387
f 1181/1842/2388 1204/1841/2388 1200/2590/2388
f 1200/2590/2389 904/2612/2389 1181/1842/2389
f 1184/2587/2390 1258/2637/2390 1264/2573/2390
f 1194/2588/2391 1184/2587/2391 1264/2573/2391
f 1172/1821/2392 1171/1820/2392 1205/2575/2392
f 1205/2575/2393 1198/2638/2393 1172/1821/2393
f 1173/2639/2394 1172/1821/2394 1198/2638/2394
f 1198/2640/2395 1196/2641/2395 1173/2642/2395
f 1200/2590/2396 1185/1874/2396 1206/2643/2396
f 1229/1800/2397 1224/1704/2397 1208/1703/2397
f 1208/1703/2398 1210/1813/2398 1229/1800/2398
f 1208/1703/2399 1214/1718/2399 1216/1721/2399
f 1210/1813/2400 1208/1703/2400 1216/1721/2400
f 1213/1719/2401 1209/1746/2401 1214/1718/2401
f 1215/1720/2402 1210/1813/2402 1216/1721/2402
f 1217/1744/2403 873/1702/2403 1272/1699/2403
f 1272/1699/2404 861/2644/2404 1217/1744/2404
f 861/2644/2405 1212/1745/2405 1217/1744/2405
f 1217/1744/2406 909/1743/2406 913/1747/2406
f 1212/1745/2407 907/1881/2407 909/1743/2407
f 907/1881/2408 1212/1745/2408 1230/2645/2408
f 1217/1744/2409 913/1747/2409 1213/1719/2409
f 1218/1781/2410 895/1773/2410 1219/1782/2410
f 2141/1779/2411 1279/1778/2411 897/2646/2411
f 1215/1720/2412 919/1723/2412 1220/1812/2412
f 894/1784/2413 1186/1799/2413 1220/1812/2413
f 1220/1812/2414 1218/1781/2414 894/1784/2414
f 1219/1782/2415 1279/1778/2415 896/1791/2415
f 896/1791/2416 1192/1783/2416 1219/1782/2416
f 1216/1721/2417 1214/1718/2417 1209/1746/2417
f 1209/1746/2418 1211/1722/2418 1216/1721/2418
f 828/642/2419 1167/1687/2419 1221/1665/2419
f 1167/1680/2420 861/1682/2420 1221/2647/2420
f 835/1637/2421 851/1638/2421 1271/1698/2421
f 1271/1698/2422 1222/1697/2422 835/1637/2422
f 1221/1665/2423 851/1638/1289 829/643/1288
f 1222/1697/2424 836/1639/2424 835/1637/2424
f 1223/1701/2425 836/1639/2425 1222/1697/2425
f 1223/1701/2426 874/1700/2426 1208/1703/2426
f 846/1640/2427 836/1639/2427 1223/1701/2427
f 1223/1701/2428 1224/1704/2428 846/1640/2428
f 1225/1788/2429 1192/1783/2429 1226/1789/2429
f 1225/1788/1512 839/778/2430 1228/1798/1513
f 1229/1800/2431 1210/1813/2431 1186/1799/2431
f 842/1641/2432 831/1642/2432 1229/1800/2432
f 1229/1800/2433 1228/1798/2433 842/1641/2433
f 1228/1798/2434 839/778/2434 842/1641/2434
f 844/776/2435 1226/1789/2435 1227/1790/2435
f 1227/1790/2436 840/1643/2436 844/776/2436
f 1224/1704/2437 1229/1800/2437 831/1642/2437
f 831/1642/2438 846/1640/2438 1224/1704/2438
f 1230/2645/2439 868/1882/1589 907/1881/1588
f 917/1903/2440 914/1897/2441 1244/1707/2442
f 1231/1894/2443 1232/1708/2443 1244/1707/2443
f 1244/1707/2442 914/1897/2441 1231/1894/2444
f 1231/1894/2445 1233/1715/2445 1232/1708/2445
f 1235/1764/2446 1273/1753/2446 858/1646/2446
f 830/1607/2447 847/787/2448 1236/1794/2449
f 1236/1794/2449 869/2623/2450 830/1607/2447
f 1237/1801/2451 869/1804/2451 1236/2648/2451
f 1237/1801/1517 889/1807/2452 1245/1802/1517
f 2121/1806/2453 2124/1810/2453 1238/1805/2453
f 1239/1808/2454 917/1903/2454 1245/1802/2454
f 917/1903/2455 1239/1808/1524 1238/1805/1523
f 1238/1805/2456 2124/1810/2456 917/1903/2456
f 1240/1758/2457 889/1807/2457 1188/2614/2457
f 1240/1758/2458 1188/2614/2458 1241/1759/2458
f 1242/1772/2459 890/1765/2459 2144/1767/2459
f 1245/1802/2460 917/1903/2460 1243/1803/2460
f 892/1754/2461 1239/1808/2461 1245/1802/2461
f 1245/1802/2462 1240/1758/2462 892/1754/2462
f 893/1771/2463 1275/1762/2463 1277/2616/2463
f 1243/1803/2464 917/1903/2464 1244/1707/2464
f 848/676/2465 834/679/2465 1246/1693/2465
f 1246/1693/2466 834/679/2466 872/1695/2466
f 1232/1708/2467 1247/1714/2467 1246/2649/2467
f 1246/2649/2468 872/1709/2468 1232/1708/2468
f 1248/1795/2469 838/786/2469 843/1599/2469
f 2122/2619/2470 891/1757/2470 1249/1756/2470
f 1250/1837/2471 1173/2571/2471 1258/2637/2471
f 1258/2637/2472 1259/1838/2472 1250/1837/2472
f 1252/2650/2473 1172/2651/2473 1173/2652/2473
f 1252/1876/2474 1173/2571/2474 1250/1837/2474
f 1253/1839/2475 880/1740/2475 1251/2577/2475
f 1254/1678/2476 868/1683/2476 1255/1679/2476
f 1255/1679/2477 868/1683/2477 867/1677/2477
f 1257/1739/2478 878/1726/2478 1256/1725/2478
f 1259/1838/2479 1251/1823/2480 878/1726/2481
f 878/1726/2481 1257/1739/2482 1259/1838/2479
f 2044/1943/2483 2125/1912/2483 1261/1911/2483
f 1261/1911/2484 922/1947/2484 2044/1943/2484
f 2125/1912/2485 923/1921/2485 921/1910/2485
f 1262/1935/2486 929/1936/2486 879/2653/2486
f 1262/1935/2487 925/1946/1670 1261/1911/1670
f 2125/1912/2488 1263/1944/2488 912/1891/2488
f 912/1891/2489 923/1921/2489 2125/1912/2489
f 1254/1678/2490 865/1675/2490 1260/1889/2490
f 1262/1935/2491 879/2653/2491 1256/1725/2491
f 1263/1944/2492 910/1887/2492 1260/1889/2492
f 1258/2637/2493 1173/2571/2493 1264/2573/2493
f 1258/2637/2494 1184/2587/2494 1259/1838/2494
f 1259/1838/2495 1184/2587/2495 1251/1823/2495
f 1266/2654/2496 864/2655/2497 1265/2656/2498
f 875/1878/2499 864/2655/2497 1266/2654/2496
f 1266/2654/2500 1267/2657/2500 875/1878/2500
f 1268/1879/2501 875/1878/2501 1267/2657/2501
f 1267/1711/2502 870/1712/2502 1269/2658/2502
f 1269/2658/2503 1268/2659/2503 1267/1711/2503
f 1269/1932/2504 1233/1715/2504 1270/1895/2504
f 861/2644/2505 1272/1699/2506 1271/1698/2507
f 1271/1698/2507 1221/1665/2508 861/2644/2505
f 1272/1699/2509 873/1702/2509 1222/1697/2509
f 851/1638/1289 1221/1665/2423 1271/1698/2510
f 1273/1753/2511 1235/1764/2511 890/1751/2511
f 1273/1753/2512 1274/1752/2512 1188/2660/2512
f 1188/2660/2513 1234/2613/2513 1273/1753/2513
f 1275/1762/2514 893/1771/2514 2037/1760/2514
f 1275/1762/2515 1276/1761/2515 1190/2618/2515
f 1190/2618/2516 1189/1755/2516 1275/1762/2516
f 1188/2614/2517 1274/2617/2517 1277/2616/2517
f 1277/2616/2518 1241/1759/2518 1188/2614/2518
f 1274/2617/2519 890/1765/2519 1242/1772/2519
f 1276/1761/2353 2037/1760/2520 897/2620/2351
f 1276/1761/2521 1278/2621/2521 1191/2661/2521
f 1191/1780/2522 1190/1776/2522 1276/2662/2522
f 1278/2622/2523 897/2646/2523 1279/1778/2523
f 858/1646/2524 837/752/2524 1235/1764/2524
f 1273/1753/2525 1234/2613/2525 843/1599/2525
f 843/1599/2526 858/1646/2526 1273/1753/2526
f 1275/1762/2527 1189/1755/2527 1241/1759/2527
f 1241/1759/2528 1277/2616/2528 1275/1762/2528
f 1277/2616/2529 1242/1772/2529 893/1771/2529
f 1329/2663/2530 1331/2664/2530 1286/2665/2530
f 1280/2666/2531 1287/2667/2531 1321/2668/2531
f 1326/2669/2532 1323/2670/2532 1288/2671/2532
f 1326/2669/2533 1289/2672/2533 1282/2673/2533
f 1290/2674/2534 1289/2672/2534 1326/2669/2534
f 1281/2675/2535 1326/2669/2535 1282/2673/2535
f 2126/2676/2536 1291/2677/2536 1316/2678/2536
f 1284/2679/2537 1316/2678/2537 1291/2677/2537
f 1303/2680/2538 1283/2681/2538 1292/2682/2538
f 1285/2683/2539 1286/2665/2539 1280/2666/2539
f 1285/2683/2540 1315/2684/2540 1291/2685/2540
f 1286/2665/2541 1285/2683/2541 1291/2685/2541
f 1296/2686/2542 1313/2687/2542 1295/2688/2542
f 1298/2689/2543 1320/2690/2543 1297/2691/2543
f 2127/2692/2544 1299/2693/2545 1300/2694/2546
f 1300/2694/2547 1299/2693/2547 2126/2676/2547
f 1302/2695/2548 1301/2696/2548 1313/2697/2548
f 1324/2698/2549 1303/2699/2549 1292/2700/2549
f 1290/2674/2550 1338/2701/2550 1305/2702/2550
f 1337/2703/2551 1305/2702/2551 1338/2701/2551
f 1337/2703/2552 1306/2704/2553 1336/2705/2554
f 1336/2705/2555 1308/2706/2555 1337/2703/2555
f 1336/2707/2556 1309/2708/2556 1308/2709/2556
f 1319/2710/2557 1298/2711/2557 1310/2712/2557
f 1310/2712/2558 1298/2711/2558 1297/2713/2558
f 1303/2699/2559 1310/2712/2559 1311/2714/2559
f 1311/2715/2560 2127/2692/2560 1300/2694/2560
f 2126/2676/2561 1303/2680/2561 1300/2694/2561
f 1294/2716/2562 1305/2702/2562 1295/2688/2562
f 1325/2717/2563 1319/2710/2563 1293/2718/2563
f 1295/2688/2564 1304/2719/2564 1296/2686/2564
f 1308/2706/2565 1296/2686/2565 1304/2719/2565
f 1335/2720/2566 1295/2688/2566 1313/2687/2566
f 1302/2695/2567 1309/2708/2567 1299/2721/2567
f 2126/2676/2568 1309/2722/2568 1330/2723/2568
f 1299/2721/2569 1301/2696/2569 1302/2695/2569
f 1301/2724/2570 1299/2693/2545 2127/2692/2544
f 1313/2697/2571 1296/2725/2571 1302/2695/2571
f 1296/2725/2572 1308/2709/2572 1302/2695/2572
f 1309/2708/2573 1302/2695/2573 1308/2709/2573
f 1300/2694/2574 1303/2680/2574 1311/2715/2574
f 1333/2726/2575 1332/2727/2576 1312/2728/2577
f 1295/2688/2578 1305/2702/2578 1304/2719/2578
f 1305/2702/2579 1294/2716/2579 1312/2728/2579
f 2126/2676/2580 1283/2681/2580 1303/2680/2580
f 1314/2729/2581 2127/2692/2581 1311/2715/2581
f 1327/2730/2582 1290/2674/2582 1288/2671/2582
f 1286/2665/2583 1291/2685/2583 1329/2663/2583
f 1287/2731/2584 1306/2704/2584 1288/2671/2584
f 1306/2704/2585 1287/2731/2585 1307/2732/2585
f 1291/2685/2586 1330/2733/2586 1329/2663/2586
f 1307/2734/2587 1330/2733/2587 1309/2708/2587
f 1309/2722/2588 2126/2676/2588 1299/2693/2588
f 1298/2735/2589 1334/2736/2589 1320/2737/2589
f 1297/2691/2590 1290/2674/2590 1332/2727/2590
f 1312/2728/2591 1341/2738/2592 1333/2726/2593
f 1314/2739/2594 1311/2714/2594 1310/2712/2594
f 1291/2685/2595 1315/2684/2595 1284/2740/2595
f 2126/2676/2596 1316/2678/2596 1283/2681/2596
f 1325/2717/2597 1298/2711/2597 1319/2710/2597
f 1303/2699/2598 1319/2710/2598 1310/2712/2598
f 1334/2741/2599 1298/2742/2599 1317/2743/2599
f 1321/2668/2600 1287/2667/2600 1323/2744/2600
f 1328/2745/2601 1323/2670/2601 1326/2669/2601
f 1322/2746/2602 1321/2668/2602 1323/2744/2602
f 1323/2744/2603 1287/2667/2603 1288/2747/2603
f 1318/2748/2604 1303/2699/2604 1324/2698/2604
f 1317/2749/2605 1298/2711/2605 1325/2717/2605
f 1319/2710/2606 1303/2699/2606 1318/2748/2606
f 1293/2718/2607 1319/2710/2607 1318/2748/2607
f 1281/2675/2608 1328/2745/2608 1326/2669/2608
f 1288/2671/2609 1290/2674/2609 1326/2669/2609
f 1306/2704/2610 1327/2730/2610 1288/2671/2610
f 1337/2703/2611 1338/2701/2611 1306/2704/2611
f 1322/2746/2612 1323/2744/2612 1328/2750/2612
f 1329/2663/2613 1307/2734/2613 1287/2667/2613
f 1287/2667/2614 1331/2664/2614 1329/2663/2614
f 1307/2734/2615 1329/2663/2615 1330/2733/2615
f 2126/2676/2616 1330/2723/2616 1291/2677/2616
f 1287/2667/2617 1280/2666/2617 1331/2664/2617
f 1331/2664/2618 1280/2666/2618 1286/2665/2618
f 1320/2690/2619 1290/2674/2619 1297/2691/2619
f 1320/2751/2620 1289/2752/2620 1290/2753/2620
f 1332/2754/2621 1290/2755/2621 1305/2756/2621
f 1332/2754/2622 1305/2756/2622 1312/2757/2622
f 1297/2691/2623 1332/2727/2576 1333/2726/2575
f 1289/2758/2624 1320/2759/2624 1334/2741/2624
f 1294/2716/2566 1295/2688/2566 1335/2720/2566
f 1307/2734/2625 1309/2708/2625 1336/2707/2625
f 1336/2705/2554 1306/2704/2553 1307/2732/2626
f 1304/2719/2627 1305/2702/2627 1337/2703/2627
f 1337/2703/2628 1308/2706/2628 1304/2719/2628
f 1306/2704/2629 1338/2701/2630 1327/2730/2631
f 1290/2674/2632 1327/2730/2631 1338/2701/2630
f 1310/2712/2633 1297/2713/2633 1339/2760/2633
f 1339/2760/2634 1314/2739/2634 1310/2712/2634
f 1339/2760/2635 1297/2713/2635 1340/2761/2635
f 1333/2726/2593 1341/2738/2592 1297/2691/2636
f 1297/2691/2637 1341/2738/2637 1342/2762/2637
f 1297/2691/2638 1342/2762/2638 1340/2763/2638
f 1399/2764/2639 1400/2765/2639 1367/2766/2639
f 1406/2767/2640 2236/2768/2640 1409/2769/2640
f 1388/2770/2641 1351/2771/2641 1385/2772/2641
f 1376/2773/2642 1373/2774/2642 2129/2775/2642
f 1372/2776/2643 1360/2777/2643 1361/2778/2643
f 1391/2779/2644 1350/2780/2644 1369/2781/2644
f 1358/2782/2645 1359/2783/2646 1366/2784/2647
f 1399/2764/2648 1398/2785/2648 1368/2786/2648
f 1347/2787/2649 1354/2788/2649 1378/2789/2649
f 1371/2790/2650 1370/2791/2650 1364/2792/2650
f 1344/2793/2651 1345/2794/2651 1388/2770/2651
f 1398/2795/2652 1370/2791/2652 1371/2790/2652
f 1387/2796/2653 1381/2797/2653 1361/2778/2653
f 1350/2798/2654 1351/2771/2654 1368/2786/2654
f 1354/2788/2655 1347/2787/2655 1377/2799/2655
f 1348/2800/2656 1354/2788/2656 1377/2799/2656
f 2130/2801/2657 1378/2789/2657 1354/2788/2657
f 1384/2802/2658 1739/2803/2658 1390/2804/2658
f 1361/2778/2659 1382/2805/2659 1396/2806/2659
f 1390/2804/2660 1388/2770/2661 1385/2772/2662
f 1370/2807/2663 1366/2784/2647 1359/2783/2646
f 1360/2777/2664 1394/2808/2664 1353/2809/2664
f 1395/2810/2665 1374/2811/2665 1394/2808/2665
f 2128/2812/2666 1373/2774/2666 1365/2813/2666
f 1369/2781/2667 1392/2814/2667 1391/2779/2667
f 1368/2815/2668 1351/2816/2668 1389/2817/2668
f 1363/2818/2669 2129/2819/2669 1362/2820/2669
f 2130/2821/2670 1365/2813/2670 1346/2822/2670
f 1380/2823/2671 1386/2824/2671 1365/2813/2671
f 1743/2825/2672 1744/2826/2673 1356/2827/2674
f 1387/2828/2675 1356/2827/2675 1381/2829/2675
f 1368/2786/2676 1369/2830/2676 1350/2798/2676
f 1397/2831/2677 1375/2832/2677 1358/2782/2677
f 1382/2805/2678 1353/2809/2678 1352/2833/2678
f 1376/2773/2679 1372/2834/2679 1373/2774/2679
f 1348/2835/2680 1343/2836/2680 1349/2837/2680
f 1371/2790/2681 1362/2820/2681 2130/2801/2681
f 1358/2782/2682 1366/2784/2682 1367/2766/2682
f 1388/2838/2683 1345/2839/2683 1352/2833/2683
f 1351/2771/2684 1388/2770/2685 1353/2840/2686
f 1880/2841/2687 1902/2842/2688 2226/2843/2689
f 1383/2844/2690 1385/2772/2690 1350/2798/2690
f 1364/2792/2691 1375/2845/2691 1363/2818/2691
f 1356/2827/2692 1380/2823/2692 1381/2829/2692
f 1902/2842/2688 1880/2841/2687 1903/2846/2693
f 2227/2847/2694 1905/2848/2694 2232/2849/2694
f 1389/2817/2695 1351/2816/2684 1353/2850/2686
f 1353/2809/2696 1388/2838/2696 1352/2833/2696
f 1359/2851/2697 1364/2792/2697 1370/2791/2697
f 1393/2852/2698 1349/2837/2698 1343/2836/2698
f 1384/2802/2699 1390/2804/2699 1385/2772/2699
f 1349/2853/2700 1354/2788/2700 1348/2800/2700
f 1369/2781/2701 1371/2790/2701 1392/2814/2701
f 1353/2854/2702 1400/2855/2702 1389/2856/2702
f 1381/2829/2703 1380/2823/2703 1365/2813/2703
f 1350/2798/2704 1393/2852/2704 1343/2836/2704
f 1360/2777/2705 1395/2810/2705 1394/2808/2705
f 1868/2857/2706 1411/2858/2706 1409/2859/2706
f 1905/2848/2707 2227/2847/2707 1906/2860/2707
f 2128/2861/2708 2130/2801/2708 1362/2820/2708
f 2130/2801/2709 1346/2862/2709 1378/2789/2709
f 1365/2813/2710 1373/2774/2710 1372/2834/2710
f 1349/2853/2711 1391/2779/2711 1354/2788/2711
f 2130/2801/2712 1392/2814/2712 1371/2790/2712
f 2183/2863/2713 1390/2804/2713 1739/2803/2713
f 1391/2864/2714 1349/2837/2714 1393/2852/2714
f 1357/2865/2677 1397/2831/2677 1358/2782/2677
f 1381/2797/2715 1372/2776/2715 1361/2778/2715
f 1398/2785/2716 1399/2764/2716 1370/2807/2716
f 1354/2788/2717 1391/2779/2717 1392/2814/2717
f 1353/2809/2718 1367/2866/2718 1400/2867/2718
f 1343/2836/2719 1383/2844/2719 1350/2798/2719
f 1369/2781/2720 1398/2795/2720 1371/2790/2720
f 1384/2802/2721 1385/2772/2721 1383/2844/2721
f 1398/2785/2722 1369/2830/2722 1368/2786/2722
f 1738/2868/2723 1741/2869/2723 1746/2870/2723
f 1350/2798/2724 1391/2864/2724 1393/2852/2724
f 2129/2819/2725 2128/2861/2725 1362/2820/2725
f 1386/2824/2726 1355/2871/2726 1365/2813/2726
f 1359/2783/2727 1358/2782/2727 1375/2832/2727
f 1365/2872/2728 1355/2873/2728 1346/2874/2728
f 1394/2808/2729 1367/2866/2729 1353/2809/2729
f 1375/2845/2730 1364/2792/2730 1359/2851/2730
f 1365/2813/2731 1372/2834/2731 1381/2829/2731
f 1361/2778/2732 1360/2777/2732 1382/2805/2732
f 1399/2764/2733 1368/2786/2733 1400/2765/2733
f 1374/2811/2734 1395/2810/2735 1403/2875/2736
f 1357/2865/2737 1358/2782/2737 1367/2766/2737
f 1367/2766/2738 1374/2876/2738 1357/2865/2738
f 1410/2877/2739 1411/2858/2739 1868/2857/2739
f 1364/2792/2740 1362/2820/2740 1371/2790/2740
f 1396/2806/2741 1379/2878/2741 1361/2778/2741
f 1379/2878/2742 1387/2796/2742 1361/2778/2742
f 1385/2772/2743 1351/2771/2743 1350/2798/2743
f 1344/2793/2744 1388/2770/2661 1390/2804/2660
f 1362/2820/2745 1364/2792/2745 1363/2818/2745
f 2130/2801/2746 1354/2788/2746 1392/2814/2746
f 1382/2805/2747 1360/2777/2747 1353/2809/2747
f 1394/2808/2748 1374/2811/2748 1367/2866/2748
f 1352/2833/2749 1396/2806/2749 1382/2805/2749
f 1412/2879/2750 1443/2880/2751 1434/2881/2752
f 1427/2882/2753 1408/2883/2753 1425/2884/2753
f 1422/2885/2754 1420/2886/2754 1374/2876/2754
f 1375/2845/2755 1421/2887/2755 1363/2818/2755
f 1422/2888/2756 1430/2889/2756 1433/2890/2756
f 1416/2891/2757 1417/2892/2757 1363/2818/2757
f 1442/2893/2758 1434/2881/2752 1443/2880/2751
f 1423/2894/2759 1445/2895/2759 1447/2896/2759
f 1425/2897/2760 1871/2898/2760 1405/2899/2760
f 1420/2886/2761 1433/2900/2762 1431/2901/2763
f 1908/2902/2764 2227/2847/2764 2228/2903/2764
f 1368/2815/2765 1389/2817/2765 1400/2904/2765
f 1436/2905/2766 1422/2888/2766 1415/2906/2766
f 2219/2907/2767 2242/2908/2767 1408/2883/2767
f 1405/2899/2768 1430/2889/2769 1439/2909/2770
f 1434/2881/2771 1410/2910/2771 1412/2879/2771
f 1401/2911/2772 1402/2912/2772 1360/2777/2772
f 1747/2913/2773 1347/2787/2774 1748/2914/2775
f 1426/2915/2776 1427/2916/2776 1405/2899/2776
f 1409/2769/2777 1430/2889/2777 1406/2767/2777
f 2135/2917/2778 1432/2918/2779 1418/2919/2780
f 1436/2905/2781 1415/2906/2781 1438/2920/2781
f 2133/2921/2782 1418/2919/2783 1446/2922/2784
f 1417/2892/2785 2134/2923/2785 2135/2924/2785
f 1399/2764/2786 1366/2784/2786 1370/2807/2786
f 1366/2784/2787 1399/2764/2787 1367/2766/2787
f 2227/2847/2788 1908/2902/2788 1906/2860/2788
f 1417/2892/2789 1428/2925/2789 1429/2926/2789
f 2229/2927/2790 1910/2928/2790 1881/2929/2790
f 2129/2819/2791 1363/2818/2791 1417/2892/2791
f 1432/2918/2792 2219/2907/2792 1408/2883/2792
f 1414/2930/2793 1426/2915/2793 1438/2920/2793
f 1433/2900/2762 1420/2886/2761 1422/2885/2794
f 1425/2897/2795 2241/2931/2795 1871/2898/2795
f 1424/2932/2796 1401/2933/2796 1376/2773/2796
f 1395/2810/2735 1360/2777/2797 1403/2875/2736
f 1437/2934/2798 1423/2894/2798 1447/2896/2798
f 2242/2908/2799 2239/2935/2799 1408/2883/2799
f 1419/2936/2800 1446/2922/2800 1418/2919/2800
f 1430/2889/2801 1422/2888/2801 1436/2905/2801
f 2240/2937/2802 1750/2938/2802 1405/2899/2802
f 2133/2921/2803 1376/2773/2803 2129/2775/2803
f 1412/2879/2804 1869/2939/2805 2237/2940/2806
f 2134/2923/2807 1417/2892/2807 1429/2926/2807
f 1407/2941/2808 2237/2940/2808 1870/2942/2808
f 1868/2857/2809 1869/2943/2809 1410/2877/2809
f 1424/2944/2810 1423/2894/2811 1402/2912/2812
f 1435/2945/2813 2134/2923/2813 1429/2926/2813
f 1430/2889/2814 1409/2769/2814 1433/2890/2814
f 1407/2941/2815 1429/2926/2815 1428/2925/2815
f 1438/2920/2816 1439/2909/2816 1436/2905/2816
f 2134/2923/2817 1435/2945/2817 2219/2946/2817
f 1417/2892/2818 2135/2924/2818 2131/2947/2818
f 2181/2948/2819 1744/2826/2673 1743/2825/2672
f 1430/2889/2769 1405/2899/2768 1406/2767/2820
f 2170/2949/2821 2177/2950/2821 1748/2914/2821
f 1402/2912/2822 1423/2894/2822 1437/2934/2822
f 1441/2951/2823 1431/2901/2823 1411/2858/2823
f 1421/2952/2824 1375/2832/2824 1440/2953/2824
f 1910/2928/2825 2229/2927/2825 1917/2954/2825
f 1372/2776/2826 1401/2911/2826 1360/2777/2826
f 2237/2940/2806 1407/2941/2827 1412/2879/2804
f 2241/2955/2828 1425/2884/2828 1408/2883/2828
f 2240/2937/2829 1405/2899/2829 1871/2898/2829
f 1413/2956/2830 1426/2915/2830 1414/2930/2830
f 1445/2895/2831 1413/2956/2831 1447/2896/2831
f 1432/2918/2779 2135/2917/2778 2134/2957/2832
f 1446/2922/2833 1419/2936/2833 1445/2958/2833
f 1433/2900/2834 1411/2858/2834 1431/2901/2834
f 1416/2891/2835 1363/2818/2835 1442/2893/2835
f 1397/2831/2836 1440/2953/2837 1375/2832/2838
f 1405/2899/2839 1439/2909/2839 1426/2915/2839
f 1419/2936/2840 1413/2959/2840 1445/2958/2840
f 1746/2870/2841 1747/2913/2842 1738/2868/2843
f 1401/2911/2844 1424/2944/2810 1402/2912/2812
f 1411/2858/2845 1433/2900/2845 1409/2859/2845
f 1418/2919/2846 2131/2960/2846 2135/2917/2846
f 1357/2865/2847 1420/2886/2848 1397/2831/2836
f 1441/2951/2849 1434/2961/2850 1440/2953/2851
f 1409/2859/2852 2236/2962/2852 1868/2857/2852
f 1360/2777/2853 1404/2963/2853 1403/2875/2853
f 1428/2925/2854 1417/2892/2854 1416/2891/2854
f 1427/2916/2855 1425/2897/2855 1405/2899/2855
f 1403/2875/2856 1437/2934/2856 1415/2906/2856
f 1440/2953/2857 1420/2886/2857 1441/2951/2857
f 1426/2915/2858 1413/2956/2858 1427/2916/2858
f 2241/2955/2859 1408/2883/2859 2239/2935/2859
f 1401/2933/2860 1372/2834/2860 1376/2773/2860
f 1408/2883/2861 1427/2882/2861 1432/2918/2861
f 1418/2919/2862 1427/2882/2862 1419/2936/2862
f 2219/2907/2863 1432/2918/2779 2134/2957/2832
f 2129/2819/2864 1417/2892/2864 2133/2964/2864
f 1891/2965/2865 2231/2966/2865 2221/2967/2865
f 2231/2966/2866 1891/2965/2866 1913/2968/2866
f 1428/2925/2867 1412/2879/2867 1407/2941/2867
f 1357/2865/2868 1374/2876/2868 1420/2886/2868
f 1467/2969/2869 1340/2761/2869 1466/2970/2870
f 1481/2971/2871 1491/2972/2871 1466/2973/2871
f 1456/2974/2872 1457/2975/2872 1469/2976/2872
f 1469/2976/2873 1470/2977/2873 1456/2974/2873
f 1448/2978/2874 1469/2979/2874 1483/2980/2874
f 1473/2981/2875 1449/2982/2875 1448/2983/2875
f 1460/2984/2876 1472/2985/2876 1471/2986/2876
f 1471/2986/2877 1459/2987/2877 1460/2984/2877
f 2137/2988/2878 1472/2989/2878 1460/2990/2878
f 1460/2990/2879 2136/2991/2879 1479/2992/2879
f 2138/2993/2880 2127/2692/2880 1314/2729/2880
f 1451/2994/2881 1475/2995/2881 1470/2977/2881
f 1470/2977/2882 1448/2983/2882 1468/2996/2882
f 1462/2997/2883 1489/2998/2883 1456/2974/2883
f 1473/2999/2884 1476/3000/2884 1452/3001/2884
f 1452/3001/2885 1449/3002/2885 1473/2999/2885
f 1454/3003/2886 1452/3001/2886 1476/3000/2886
f 1476/3000/2887 1474/3004/2887 1454/3003/2887
f 1340/2763/2888 1481/2971/2888 1466/2973/2888
f 1484/3005/2889 1485/3006/2889 1463/3007/2889
f 1485/3008/2890 1484/3009/2890 1477/3010/2890
f 1455/3011/2891 1477/3010/2891 1487/3012/2891
f 1477/3010/2892 1455/3011/2892 1453/3013/2892
f 1466/2970/2893 1491/3014/2893 1489/2998/2893
f 1459/2987/2894 1301/2696/2894 1460/2984/2894
f 2127/2692/2895 1460/2990/2895 1301/2724/2895
f 2127/2692/2896 2138/2993/2896 1460/2990/2896
f 1461/3015/2897 1479/2992/2897 2136/2991/2897
f 1479/2992/2898 1461/3015/2899 1475/3016/2900
f 1467/2969/2901 1314/2739/2901 1339/2760/2901
f 2138/2993/2902 1490/3017/2903 1461/3015/2904
f 1465/3018/2905 1312/2728/2905 1463/3007/2905
f 1294/2716/2906 1463/3007/2906 1312/2728/2906
f 1312/2728/2907 1465/3018/2907 1488/3019/2907
f 1484/3005/2908 1463/3007/2909 1335/2720/2910
f 1335/2720/2910 1313/2687/2911 1484/3005/2908
f 1459/2987/2912 1486/3020/2912 1301/2696/2912
f 1313/2697/2913 1301/2696/2913 1464/3021/2913
f 1489/2998/2914 1491/3014/2914 1456/2974/2914
f 1339/2760/2915 1340/2761/2869 1467/2969/2869
f 1462/2997/2916 1461/3022/2916 1490/3023/2916
f 1490/3023/2917 1489/2998/2917 1462/2997/2917
f 1469/2976/2918 1448/2983/2918 1470/2977/2918
f 1480/3024/2919 1482/3025/2919 1458/3026/2919
f 1482/3025/2920 1480/3024/2920 1483/3027/2920
f 1471/2986/2921 1450/3028/2921 1455/3011/2921
f 1450/3028/2922 1471/2986/2922 1472/2985/2922
f 2137/2988/2923 2191/3029/2923 1478/3030/2923
f 1478/3030/2924 1472/2989/2924 2137/2988/2924
f 1461/3022/2925 1462/2997/2925 1470/2977/2925
f 1470/2977/2926 1475/2995/2926 1461/3022/2926
f 1480/3031/2927 1458/3032/2927 1465/3018/2927
f 1465/3018/2928 1476/3000/2928 1473/2999/2928
f 1476/3000/2929 1465/3018/2930 1463/3007/2931
f 1463/3007/2931 1474/3004/2932 1476/3000/2929
f 1485/3006/2933 1454/3003/2933 1474/3004/2933
f 1485/3008/2934 1477/3010/2934 1453/3013/2934
f 1487/3012/2935 1486/3020/2935 1459/2987/2935
f 1486/3020/2936 1487/3012/2936 1477/3010/2936
f 1475/3016/2937 1451/3033/2937 2191/3029/2937
f 2191/3029/2938 2137/2988/2939 1475/3016/2900
f 1462/2997/2940 1456/2974/2940 1470/2977/2940
f 1472/2985/2941 1478/3034/2941 1450/3028/2941
f 1475/3016/2900 2137/2988/2939 1479/2992/2898
f 1460/2990/2942 1479/2992/2942 2137/2988/2942
f 1473/2999/2943 1480/3031/2943 1465/3018/2943
f 1482/3035/2944 1483/2980/2944 1469/2979/2944
f 1341/2738/2945 1458/3032/2945 1481/2971/2945
f 1458/3032/2946 1482/3035/2946 1481/2971/2946
f 1457/3036/2947 1482/3035/2947 1469/2979/2947
f 1482/3035/2948 1491/2972/2948 1481/2971/2948
f 1480/3024/2949 1473/2981/2949 1483/3027/2949
f 1448/2983/2950 1483/3027/2950 1473/2981/2950
f 1470/2977/2951 1468/2996/2951 1451/2994/2951
f 1312/2728/2952 1488/3019/2952 1341/2738/2952
f 1294/2716/2953 1335/2720/2910 1463/3007/2909
f 1464/3021/2954 1484/3009/2954 1313/2697/2954
f 1484/3009/2955 1464/3021/2955 1477/3010/2955
f 1454/3037/2956 1485/3008/2956 1453/3013/2956
f 1485/3006/2957 1474/3004/2957 1463/3007/2957
f 1477/3010/2958 1464/3021/2958 1486/3020/2958
f 1486/3020/2959 1464/3021/2959 1301/2696/2959
f 1459/2987/2960 1471/2986/2960 1487/3012/2960
f 1455/3011/2961 1487/3012/2961 1471/2986/2961
f 1342/2762/2962 1481/2971/2962 1340/2763/2962
f 1342/2762/2963 1341/2738/2963 1481/2971/2963
f 1488/3019/2964 1458/3032/2964 1341/2738/2964
f 1488/3019/2965 1465/3018/2965 1458/3032/2965
f 1467/2969/2966 1466/2970/2966 1489/2998/2966
f 1490/3023/2967 1467/2969/2967 1489/2998/2967
f 1314/2739/2968 1467/2969/2968 1490/3023/2968
f 1490/3017/2903 2138/2993/2902 1314/2729/2969
f 1461/3015/2970 2136/2991/2970 2138/2993/2970
f 1460/2990/2971 2138/2993/2971 2136/2991/2971
f 1491/3014/2972 1457/2975/2972 1456/2974/2972
f 1482/3035/2973 1457/3036/2973 1491/2972/2973
f 1495/3038/2974 1496/3039/2974 1501/3040/2974
f 1501/3040/2975 2162/3041/2975 1495/3038/2975
f 2139/3042/2976 2147/3043/2976 1494/3044/2976
f 2147/3043/2977 2139/3042/2977 1496/3039/2977
f 1496/3039/2978 1502/3045/2978 2147/3043/2978
f 2167/3046/2979 2165/3047/2979 1494/3044/2979
f 2165/3047/2980 2139/3042/2980 1494/3044/2980
f 1506/3048/2981 1509/3049/2981 1516/3050/2981
f 1506/3048/2982 1579/3051/2982 1509/3049/2982
f 2162/3052/2983 1492/3053/2983 1538/3054/2983
f 1538/3054/2984 1525/3055/2984 2162/3052/2984
f 1503/3056/2985 1620/3057/2985 2146/3058/2985
f 1588/3059/2986 1621/3060/2986 1622/3061/2986
f 1538/3054/2987 1492/3053/2987 1497/3062/2987
f 1497/3062/2988 1509/3049/2988 1538/3054/2988
f 1576/3063/2989 2168/3064/2989 2163/3065/2989
f 2163/3065/2990 1578/3066/2990 1576/3063/2990
f 1574/3067/2991 1504/3068/2991 2164/3069/2991
f 1605/3070/2992 2164/3069/2992 1504/3068/2992
f 1596/3071/2993 1536/3072/2993 1507/3073/2993
f 1592/3074/2994 1623/3075/2994 1593/3076/2994
f 1592/3074/2995 1535/3077/2995 1598/3078/2995
f 1525/3079/2996 1537/3080/2996 1495/3081/2996
f 1495/3038/2997 2162/3041/2997 1525/3082/2997
f 1626/3083/2998 1565/3084/2998 1564/3085/2998
f 1564/3085/2999 1566/3086/2999 1632/3087/2999
f 1621/3060/3000 1568/3088/3000 1567/3089/3000
f 1567/3089/3001 1631/3090/3001 1621/3060/3001
f 1600/3091/3002 1599/3092/3002 2169/3093/3002
f 2184/3094/3003 1513/3095/3003 2169/3096/3003
f 1605/3097/3004 1508/3098/3004 1553/3099/3004
f 1553/3099/3005 1552/3100/3005 1605/3097/3005
f 2164/3069/3006 1552/3101/3007 1493/3102/3006
f 1542/3103/3008 1543/3104/3008 2140/3105/3008
f 2140/3105/3009 2144/3106/3009 1542/3103/3009
f 1524/3107/3010 1515/3108/3010 1555/3109/3010
f 1555/3109/3011 1554/3110/3011 1524/3107/3011
f 1544/3111/3012 2141/3112/3012 2038/3113/3012
f 2038/3113/3013 1545/3114/3013 1544/3111/3013
f 2143/3115/3014 2141/3112/3014 1548/3116/3014
f 2143/3115/3015 1548/3116/3015 1546/3117/3015
f 2142/3118/3016 2143/3115/3016 1546/3117/3016
f 1513/3119/3017 1547/3120/3017 1601/3121/3017
f 1601/3121/3018 1600/3091/3018 1513/3119/3018
f 1603/3122/3019 1551/3123/3019 1602/3124/3019
f 1514/3125/3020 1530/3126/3020 1604/3127/3020
f 1604/3127/3021 1603/3122/3021 1514/3125/3021
f 1604/3128/3022 1515/3108/3022 1527/3129/3022
f 1515/3130/3023 1604/3127/3023 1530/3126/3023
f 1506/3048/3024 1516/3050/3024 1551/3123/3024
f 1551/3123/3025 1549/3131/3025 1506/3048/3025
f 1508/3132/3026 1605/3133/3026 1504/3134/3026
f 1531/3135/3027 1517/3136/3028 1539/3137/3029
f 1531/3135/3030 1539/3137/3030 1519/3138/3030
f 1531/3135/3031 1519/3138/3031 1529/3139/3031
f 1494/3140/3032 1573/3141/3032 1512/3142/3032
f 1498/3143/3033 1560/3144/3033 1569/3145/3033
f 1560/3146/3034 1498/3147/3034 2167/3046/3034
f 2167/3046/3035 1563/3148/3035 1560/3146/3035
f 1504/3134/3036 1575/3149/3036 1508/3132/3036
f 1518/3150/3037 1511/3151/3037 1570/3152/3037
f 1511/3151/3038 1518/3150/3038 1523/3153/3038
f 1533/3154/3039 1523/3153/3039 1575/3149/3039
f 1523/3153/3040 1533/3154/3040 1511/3151/3040
f 1523/3153/3041 1524/3107/3041 1508/3132/3041
f 1508/3132/3042 1575/3149/3042 1523/3153/3042
f 1529/3155/3043 1527/3129/3043 1518/3150/3043
f 1518/3150/3044 1531/3156/3044 1529/3155/3044
f 1503/3056/3045 2146/3058/3046 1595/3157/3047
f 1595/3157/3048 1594/3158/3048 1503/3056/3048
f 1502/3159/3049 1537/3160/3049 1586/3161/3049
f 1505/3162/3050 1522/3163/3050 1526/3164/3050
f 1521/3165/3051 1522/3163/3051 1517/3136/3051
f 1517/3136/3052 1571/3166/3052 1521/3165/3052
f 1583/3167/3053 1597/3168/3053 1507/3073/3053
f 1507/3073/3054 1582/3169/3054 1583/3167/3054
f 1527/3129/3055 1523/3153/3055 1518/3150/3055
f 1524/3107/3056 1523/3153/3056 1527/3129/3056
f 1527/3129/3057 1515/3108/3057 1524/3107/3057
f 1583/3167/3058 1521/3165/3058 1571/3166/3058
f 1571/3166/3059 1584/3170/3060 1583/3167/3061
f 1528/3171/3062 1584/3172/3062 1532/3173/3062
f 1580/3174/3063 1525/3055/3064 1538/3054/3065
f 1538/3054/3066 1579/3051/3066 1580/3174/3066
f 1519/3138/3067 1550/3175/3067 1549/3131/3067
f 1593/3176/3068 1620/3057/3068 1503/3056/3068
f 1592/3177/3069 1593/3176/3069 1503/3056/3069
f 1528/3171/3070 1532/3173/3071 1589/3178/3072
f 1589/3178/3072 1588/3059/3073 1528/3171/3070
f 1631/3090/3074 1565/3179/3074 1626/3180/3074
f 1565/3179/3075 1631/3090/3075 1567/3089/3075
f 1572/3181/3076 1578/3066/3076 2163/3065/3076
f 2163/3065/3076 1499/3182/3076 1572/3181/3076
f 1569/3183/3077 1572/3181/3077 1499/3182/3077
f 1534/3184/3078 1507/3073/3079 1597/3168/3080
f 1536/3072/3081 1585/3185/3081 1587/3186/3081
f 1587/3186/3082 1507/3073/3082 1536/3072/3082
f 1534/3184/3083 1597/3168/3083 1528/3187/3083
f 1534/3184/3084 1528/3187/3084 1588/3188/3084
f 1534/3184/3085 1588/3188/3085 1622/3189/3085
f 1592/3074/3086 1598/3078/3086 1623/3075/3086
f 1598/3078/3087 1535/3077/3087 1536/3072/3087
f 1630/3190/3088 1534/3191/3088 1622/3192/3088
f 1535/3193/3089 1586/3161/3089 1585/3194/3089
f 1585/3185/3090 1536/3072/3090 1535/3077/3090
f 1522/3163/3091 1505/3162/3091 1550/3175/3091
f 1539/3137/3092 1522/3163/3093 1550/3175/3094
f 1550/3175/3095 1519/3138/3095 1539/3137/3095
f 1522/3163/3093 1539/3137/3092 1517/3136/3096
f 2144/3106/3097 2145/3195/3097 1541/3196/3097
f 1541/3196/3098 1542/3103/3098 2144/3106/3098
f 1543/3197/3099 1542/3198/3099 1553/3199/3099
f 1553/3199/3100 1554/3110/3100 1543/3197/3100
f 2038/3200/3101 2140/3105/3101 1543/3104/3101
f 1543/3197/3102 1545/3201/3102 2038/3202/3102
f 1544/3203/3103 1545/3204/3103 1556/3205/3103
f 1546/3206/3104 1548/3207/3104 1558/3208/3104
f 1558/3208/3105 1557/3209/3105 1546/3206/3105
f 2190/3210/3106 1546/3206/3106 1557/3209/3106
f 1557/3209/3107 2184/3211/3107 2190/3210/3107
f 1545/3212/3108 1555/3213/3108 1556/3214/3108
f 1601/3121/3109 1547/3120/3109 1602/3124/3109
f 1547/3215/3110 1558/3216/3111 1556/3217/3112
f 1556/3217/3112 1514/3218/3113 1547/3215/3110
f 1549/3131/3114 1551/3123/3114 1519/3138/3114
f 1550/3175/3115 1505/3162/3115 1506/3048/3115
f 1506/3048/3116 1549/3131/3116 1550/3175/3116
f 1602/3124/3117 1547/3120/3117 1514/3125/3117
f 1552/3219/3118 1553/3199/3119 1542/3198/3120
f 1542/3198/3120 1541/3220/3121 1552/3219/3118
f 1493/3102/3122 1552/3101/3122 1541/3221/3122
f 1541/3221/3123 2189/3222/3123 1493/3102/3123
f 1554/3110/3124 1555/3109/3124 1545/3201/3124
f 1545/3201/3125 1543/3197/3125 1554/3110/3125
f 1554/3223/3126 1553/3099/3126 1508/3098/3126
f 1508/3132/3127 1524/3107/3127 1554/3110/3127
f 1557/3224/3128 1558/3216/3128 1547/3215/3128
f 1547/3215/3129 1513/3095/3129 1557/3224/3129
f 2184/3094/3130 1557/3224/3130 1513/3095/3130
f 1530/3126/3131 1555/3225/3131 1515/3130/3131
f 1556/3217/3132 1555/3226/3132 1530/3227/3132
f 1556/3217/3133 1530/3227/3133 1514/3218/3133
f 1544/3228/3134 1556/3229/3134 1558/3208/3134
f 1558/3208/3135 1548/3207/3135 1544/3228/3135
f 1563/3230/3136 1494/3140/3136 1512/3142/3136
f 1512/3231/3137 1561/3232/3137 1563/3233/3137
f 1569/3183/3138 2166/3234/3138 1498/3235/3138
f 1512/3231/3139 1624/3236/3139 1627/3237/3139
f 1627/3237/3140 1561/3232/3140 1512/3231/3140
f 1510/3238/3141 1577/3239/3142 1559/3240/3143
f 1563/3148/3144 2167/3046/3144 1494/3044/3144
f 1563/3233/3145 1561/3232/3145 1560/3241/3145
f 1566/3086/3146 1559/3240/3146 1562/3242/3146
f 1627/3237/3147 1562/3242/3147 1561/3232/3147
f 1569/3183/3148 1562/3242/3148 1578/3066/3148
f 1578/3066/3149 1562/3242/3149 1559/3240/3149
f 2146/3058/3150 1620/3057/3150 1629/3243/3150
f 1565/3084/3151 1510/3238/3141 1564/3085/3152
f 1510/3244/3153 1565/3179/3153 1590/3245/3153
f 1590/3245/3154 1533/3154/3154 1510/3244/3154
f 1625/3246/3155 1566/3086/3155 1562/3242/3155
f 1562/3242/3156 1627/3237/3156 1625/3246/3156
f 1564/3085/3152 1510/3238/3141 1559/3240/3143
f 1567/3089/3157 1568/3088/3157 1589/3178/3157
f 1589/3178/3158 1591/3247/3158 1567/3089/3158
f 1588/3059/3159 1568/3088/3159 1621/3060/3159
f 1511/3151/3160 1533/3154/3160 1590/3245/3160
f 1590/3245/3161 1591/3247/3161 1511/3151/3161
f 1566/3086/3162 1625/3246/3162 1632/3087/3162
f 1575/3248/3163 1510/3249/3163 1533/3250/3163
f 1577/3251/3164 1510/3244/3165 1575/3149/3166
f 1570/3152/3167 1531/3156/3167 1518/3150/3167
f 1511/3151/3168 1532/3173/3168 1570/3152/3168
f 1571/3166/3169 1517/3136/3028 1531/3135/3027
f 1531/3156/3170 1570/3152/3170 1571/3252/3170
f 1561/3232/3171 1562/3242/3171 1569/3183/3171
f 1572/3253/3172 1569/3254/3172 1578/3255/3172
f 2146/3058/3173 1628/3256/3173 1573/3141/3173
f 1626/3257/3174 1564/3258/3174 1632/3259/3174
f 1564/3085/3175 1559/3240/3175 1566/3086/3175
f 1628/3256/3176 2146/3058/3176 1629/3243/3176
f 2147/3260/3177 2146/3058/3177 1573/3141/3177
f 1573/3141/3178 1494/3140/3178 2147/3260/3178
f 1628/3256/3179 1624/3261/3179 1512/3142/3179
f 1512/3142/3180 1573/3141/3180 1628/3256/3180
f 1500/3262/3181 1574/3067/3181 2164/3069/3181
f 1504/3263/3182 1574/3264/3182 1576/3265/3182
f 1576/3063/3183 1577/3239/3183 1504/3068/3183
f 1575/3149/3166 1504/3134/3184 1577/3251/3164
f 1574/3067/3185 1500/3262/3185 2168/3064/3185
f 2168/3064/3186 1576/3063/3186 1574/3067/3186
f 1577/3239/3187 1576/3063/3187 1578/3066/3187
f 1560/3241/3188 1561/3232/3188 1569/3183/3188
f 1577/3239/3189 1578/3066/3189 1559/3240/3189
f 1509/3049/3190 1579/3051/3190 1538/3054/3190
f 1579/3051/3191 1506/3048/3191 1505/3162/3191
f 1540/3266/3192 1580/3174/3192 1581/3267/3192
f 1580/3174/3063 1540/3266/3193 1525/3055/3064
f 1579/3051/3194 1505/3162/3194 1526/3164/3194
f 1526/3164/3195 1580/3174/3195 1579/3051/3195
f 1581/3267/3196 1520/3268/3196 1582/3169/3196
f 1582/3169/3197 1587/3186/3197 1581/3267/3197
f 1520/3268/3198 1526/3164/3198 1522/3163/3198
f 1522/3163/3199 1521/3165/3199 1520/3268/3199
f 1495/3038/3200 1537/3269/3200 1502/3045/3200
f 1540/3270/3201 1537/3271/3201 1525/3272/3201
f 1581/3267/3202 1580/3174/3202 1526/3164/3202
f 1526/3164/3203 1520/3268/3203 1581/3267/3203
f 1502/3159/3204 1586/3161/3204 1595/3157/3204
f 1595/3157/3205 2147/3260/3205 1502/3159/3205
f 1583/3167/3206 1582/3169/3206 1520/3268/3206
f 1520/3268/3207 1521/3165/3207 1583/3167/3207
f 1597/3168/3208 1583/3167/3061 1584/3170/3060
f 1584/3170/3060 1528/3187/3209 1597/3168/3208
f 1570/3152/3210 1532/3173/3210 1584/3172/3210
f 1584/3172/3211 1571/3252/3211 1570/3152/3211
f 1540/3266/3212 1587/3186/3212 1585/3185/3212
f 1585/3194/3213 1537/3160/3213 1540/3273/3213
f 1503/3056/3214 1594/3158/3214 1592/3177/3214
f 1585/3194/3215 1586/3161/3215 1537/3160/3215
f 1587/3186/3216 1540/3266/3216 1581/3267/3216
f 1587/3186/3217 1582/3169/3217 1507/3073/3217
f 1588/3059/3218 1589/3178/3218 1568/3088/3218
f 1591/3247/3219 1589/3178/3219 1532/3173/3219
f 1532/3173/3220 1511/3151/3220 1591/3247/3220
f 1591/3247/3221 1590/3245/3221 1565/3179/3221
f 1565/3179/3222 1567/3089/3222 1591/3247/3222
f 1594/3158/3223 1595/3157/3223 1586/3161/3223
f 2147/3260/3224 1595/3157/3047 2146/3058/3046
f 1594/3158/3225 1586/3161/3225 1535/3193/3225
f 1535/3193/3226 1592/3177/3226 1594/3158/3226
f 1534/3184/3078 1630/3274/3227 1596/3071/3228
f 1596/3071/3228 1507/3073/3079 1534/3184/3078
f 1596/3071/3229 1598/3078/3229 1536/3072/3229
f 1630/3274/3230 1623/3075/3230 1598/3078/3230
f 1598/3078/3231 1596/3071/3231 1630/3274/3231
f 1496/3039/3232 1495/3038/3232 1502/3045/3232
f 1569/3183/3233 1499/3182/3233 2166/3234/3233
f 1509/3049/3234 1497/3062/3234 1599/3092/3234
f 1516/3050/3235 1509/3049/3235 1600/3091/3235
f 1599/3092/3236 1600/3091/3236 1509/3049/3236
f 1516/3050/3237 1601/3121/3237 1551/3123/3237
f 1600/3091/3238 1601/3121/3238 1516/3050/3238
f 1603/3122/3239 1602/3124/3239 1514/3125/3239
f 1601/3121/3240 1602/3124/3240 1551/3123/3240
f 1529/3139/3241 1519/3138/3241 1603/3122/3241
f 1519/3138/3242 1551/3123/3242 1603/3122/3242
f 1527/3129/3243 1529/3155/3243 1604/3128/3243
f 1603/3122/3244 1604/3127/3244 1529/3139/3244
f 1605/3097/3245 1552/3100/3245 2164/3275/3245
f 1513/3119/3246 1600/3091/3246 2169/3093/3246
f 410/751/3247 2189/3222/3247 2145/1763/3247
f 2149/3276/3248 1321/2668/3248 2150/3277/3248
f 1282/2673/3249 2151/3278/3249 2152/3279/3249
f 2160/3280/3250 1281/2675/3250 2152/3279/3250
f 1282/2673/3251 2152/3279/3251 1281/2675/3251
f 2148/3281/3252 2156/3282/3252 2153/3283/3252
f 1315/2684/3253 1616/3284/3253 1284/2740/3253
f 2153/3283/3254 1606/3285/3254 2148/3281/3254
f 1616/3284/3255 1315/2684/3255 1610/3286/3255
f 1617/3287/3256 2154/3288/3256 1608/3289/3256
f 1285/2683/3257 1280/2666/3257 1609/3290/3257
f 1321/2668/3258 2149/3276/3258 1609/3290/3258
f 1607/3291/3259 2151/3292/3259 1289/3293/3259
f 2148/3281/3260 1619/3294/3261 1283/2681/3262
f 1606/3285/3263 2155/3295/3264 1612/3296/3265
f 1614/3297/3266 1293/2718/3266 1318/2748/3266
f 1289/2758/3267 1334/2741/3267 1607/3298/3267
f 1282/2673/3268 1289/2672/3268 2151/3278/3268
f 1285/2683/3269 2157/3299/3269 1610/3286/3269
f 2159/3300/3270 1615/3301/3270 1328/2750/3270
f 2156/3282/3271 1617/3302/3271 1608/3303/3271
f 1283/2681/3272 1316/2678/3272 1618/3304/3272
f 1618/3304/3273 1316/2678/3274 1284/2679/3275
f 1612/3296/3265 1619/3294/3276 1606/3285/3263
f 1293/2718/3277 1613/3305/3277 1325/2717/3277
f 2155/3306/3278 1614/3297/3278 1612/3307/3278
f 1317/2749/3279 1325/2717/3279 1613/3305/3279
f 1607/3298/3267 1334/2741/3267 1317/2743/3267
f 1321/2668/3280 1322/2746/3280 2150/3277/3280
f 1328/2745/3281 1281/2675/3281 2159/3308/3281
f 1321/2668/3282 1609/3290/3282 1280/2666/3282
f 2149/3276/3283 2157/3299/3283 1609/3290/3283
f 1285/2683/3284 1609/3290/3284 2157/3299/3284
f 1285/2683/3285 1610/3286/3285 1315/2684/3285
f 2154/3288/3286 1610/3286/3286 2157/3299/3286
f 1318/2748/3287 1324/2698/3287 1612/3307/3287
f 1317/2749/3288 1613/3305/3288 1611/3309/3288
f 1317/2749/3289 1611/3309/3289 1607/3310/3289
f 1612/3307/3290 1324/2698/3290 1292/2700/3290
f 2158/3311/3291 1613/3305/3292 1614/3297/3293
f 1612/3307/3294 1614/3297/3294 1318/2748/3294
f 1613/3305/3295 2158/3311/3295 1611/3309/3295
f 2155/3306/3296 2158/3311/3296 1614/3297/3296
f 1613/3305/3292 1293/2718/3297 1614/3297/3293
f 2159/3308/3298 1281/2675/3298 2160/3280/3298
f 1322/2746/3299 1328/2750/3299 2150/3277/3299
f 1615/3301/3300 2150/3277/3300 1328/2750/3300
f 2154/3288/3301 1616/3284/3301 1610/3286/3301
f 1616/3284/3302 2154/3288/3302 1617/3287/3302
f 2156/3282/3303 1618/3304/3303 1617/3302/3303
f 1284/2740/3304 1616/3284/3304 1617/3287/3304
f 1617/3302/3305 1618/3304/3273 1284/2679/3275
f 2148/3281/3306 1618/3304/3306 2156/3282/3306
f 2148/3281/3260 1606/3285/3307 1619/3294/3261
f 1283/2681/3308 1618/3304/3308 2148/3281/3308
f 1612/3296/3309 1292/2682/3309 1619/3294/3309
f 1619/3294/3310 1292/2682/3310 1283/2681/3310
f 1638/3312/3311 1643/3313/3311 2149/3314/3311
f 2149/3314/3312 2150/3315/3312 1638/3312/3312
f 1634/3316/3313 2152/3317/3313 2151/3318/3313
f 2151/3318/3314 1635/3319/3314 1634/3316/3314
f 1645/3320/3315 2160/3321/3315 2152/3322/3315
f 2152/3317/3316 1634/3316/3316 1645/3323/3316
f 2161/3324/3317 2153/3325/3317 2156/3326/3317
f 1633/3327/3318 1606/3328/3318 2153/3325/3318
f 2153/3325/3319 2161/3324/3319 1633/3327/3319
f 1637/3329/3320 1641/3330/3320 1608/3331/3320
f 1608/3332/3321 2154/3333/3321 1637/3334/3321
f 2151/3335/3322 1607/3336/3322 1635/3337/3322
f 1633/3327/3323 1642/3338/3323 2155/3339/3323
f 2155/3339/3324 1606/3328/3324 1633/3327/3324
f 1646/3340/3325 1615/3341/3325 2159/3342/3325
f 2159/3343/3326 1639/3344/3326 1646/3345/3326
f 1641/3330/3327 2161/3324/3327 2156/3326/3327
f 2156/3326/3328 1608/3331/3328 1641/3330/3328
f 1640/3346/3329 2157/3347/3329 2149/3314/3329
f 2149/3314/3330 1643/3313/3330 1640/3346/3330
f 1640/3346/3331 1637/3334/3331 2154/3333/3331
f 2154/3333/3332 2157/3347/3332 1640/3346/3332
f 1644/3348/3333 1635/3349/3333 1607/3350/3333
f 1607/3351/3334 1611/3352/3334 1644/3353/3334
f 1636/3354/3335 1644/3353/3335 1611/3352/3335
f 1611/3352/3336 2158/3355/3336 1636/3354/3336
f 1642/3356/3337 1636/3354/3337 2158/3355/3337
f 2158/3355/3338 2155/3357/3338 1642/3356/3338
f 1639/3344/3339 2159/3343/3339 2160/3358/3339
f 2160/3358/3340 1645/3359/3340 1639/3344/3340
f 1646/3340/3341 1638/3312/3341 2150/3315/3341
f 2150/3315/3342 1615/3341/3342 1646/3340/3342
f 1638/3360/3343 1625/3361/3343 1643/3362/3343
f 1621/3363/3344 1634/3364/3344 1635/3365/3344
f 1635/3365/3345 1622/3366/3345 1621/3363/3345
f 1631/3367/3346 1645/3368/3346 1634/3364/3346
f 1634/3364/3347 1621/3363/3347 1631/3367/3347
f 1620/3369/3348 1633/3370/3348 2161/3371/3348
f 2161/3371/3349 1629/3372/3349 1620/3369/3349
f 1641/3373/3350 1637/3374/3350 1624/3375/3350
f 1624/3375/3351 1628/3376/3351 1641/3373/3351
f 1642/3377/3352 1633/3370/3352 1620/3369/3352
f 1620/3369/3353 1593/3378/3353 1642/3377/3353
f 1646/3379/3354 1639/3380/3354 1626/3381/3354
f 1626/3381/3355 1632/3382/3356 1646/3379/3357
f 2161/3371/3358 1641/3373/3358 1628/3376/3358
f 1628/3376/3359 1629/3372/3359 2161/3371/3359
f 1627/3383/3360 1640/3384/3360 1643/3362/3360
f 1643/3362/3361 1625/3361/3361 1627/3383/3361
f 1637/3374/3362 1640/3384/3362 1627/3383/3362
f 1627/3383/3363 1624/3375/3363 1637/3374/3363
f 1635/3365/3364 1644/3385/3364 1630/3386/3364
f 1630/3386/3365 1622/3366/3365 1635/3365/3365
f 1644/3385/3366 1636/3387/3366 1623/3388/3366
f 1623/3388/3367 1630/3386/3367 1644/3385/3367
f 1636/3387/3368 1642/3377/3368 1593/3378/3368
f 1593/3378/3369 1623/3388/3369 1636/3387/3369
f 1626/3381/3370 1639/3380/3370 1645/3368/3370
f 1645/3368/3371 1631/3367/3371 1626/3381/3371
f 1638/3360/3372 1646/3379/3357 1632/3382/3356
f 1632/3382/3373 1625/3361/3373 1638/3360/3373
f 1650/3389/3374 1660/3390/3375 1653/3391/3376
f 1650/3389/3374 1653/3391/3376 1710/3392/3377
f 2162/3052/3378 1682/3393/3379 1492/3053/3380
f 1682/3393/3379 2162/3052/3378 1669/3394/3381
f 1647/3395/3382 1694/3396/3382 1751/3397/3382
f 1719/3398/3383 1753/3399/3383 1752/3400/3383
f 1682/3393/3384 1497/3062/3384 1492/3053/3384
f 1497/3062/3385 1682/3393/3385 1653/3391/3385
f 1707/3401/3386 2163/3065/3386 2168/3064/3386
f 2163/3065/3387 1707/3401/3387 1709/3402/3387
f 1705/3403/3388 2164/3069/3388 1648/3404/3388
f 1735/3405/3389 1648/3404/3389 2164/3069/3389
f 1727/3406/3390 1651/3407/3390 1680/3408/3390
f 1723/3409/3391 1724/3410/3391 1754/3411/3391
f 1723/3409/3392 1729/3412/3392 1679/3413/3392
f 1669/3394/3393 1501/3414/3393 1681/3415/3393
f 1501/3040/3394 1669/3416/3394 2162/3041/3394
f 1757/3417/3395 1695/3418/3395 1696/3419/3395
f 1695/3418/3396 1763/3420/3396 1697/3421/3396
f 1752/3400/3397 1698/3422/3397 1699/3423/3397
f 1698/3424/3398 1752/3425/3398 1762/3426/3398
f 1730/3427/3399 2169/3093/3400 1599/3092/3401
f 1657/3428/3402 1731/3429/3403 1685/3430/3404
f 1731/3429/3403 1657/3428/3402 1730/3431/3405
f 1733/3432/3406 1732/3433/3407 1688/3434/3408
f 1658/3435/3409 1734/3436/3409 1674/3437/3409
f 1734/3436/3410 1658/3435/3410 1733/3432/3410
f 1734/3436/3411 1671/3438/3411 1659/3439/3411
f 1659/3439/3412 1674/3437/3412 1734/3436/3412
f 1650/3440/3413 1688/3434/3413 1660/3441/3413
f 1688/3434/3414 1650/3440/3414 1686/3442/3414
f 1652/3443/3415 1648/3404/3415 1735/3405/3415
f 1675/3444/3416 1683/3445/3416 1661/3446/3416
f 1675/3444/3417 1663/3447/3417 1683/3445/3417
f 1675/3444/3418 1673/3448/3418 1663/3447/3418
f 2165/3449/3419 1656/3450/3420 1704/3451/3421
f 1498/3235/3422 1700/3452/3422 1690/3453/3422
f 1690/3454/3423 2167/3046/3423 1498/3147/3423
f 2167/3046/3424 1690/3454/3424 1693/3455/3424
f 1648/3404/3425 1652/3443/3425 1706/3456/3425
f 1662/3457/3426 1701/3458/3426 1655/3459/3426
f 1655/3459/3427 1667/3460/3427 1662/3457/3427
f 1677/3461/3428 1706/3456/3428 1667/3460/3428
f 1667/3460/3429 1655/3459/3429 1677/3461/3429
f 1667/3460/3430 1652/3443/3430 1668/3462/3430
f 1652/3443/3431 1667/3460/3431 1706/3456/3431
f 1673/3448/3432 1662/3463/3432 1671/3438/3432
f 1662/3463/3433 1673/3448/3433 1675/3444/3433
f 1647/3395/3434 1726/3464/3434 1694/3396/3434
f 1726/3464/3435 1647/3395/3435 1725/3465/3435
f 1496/3466/3436 1717/3467/3436 1681/3415/3436
f 1649/3468/3437 1670/3469/3437 1666/3470/3437
f 1665/3471/3438 1661/3446/3438 1666/3470/3438
f 1661/3446/3439 1665/3471/3439 1702/3472/3439
f 1714/3473/3440 1651/3474/3440 1728/3475/3440
f 1651/3474/3441 1714/3473/3441 1713/3476/3441
f 1671/3477/3442 1662/3457/3442 1667/3460/3442
f 1668/3462/3443 1671/3477/3443 1667/3460/3443
f 1671/3438/3444 1668/3478/3444 1659/3439/3444
f 1714/3473/3445 1702/3472/3445 1665/3471/3445
f 1702/3472/3446 1714/3473/3447 1715/3479/3448
f 1672/3480/3449 1676/3481/3449 1715/3479/3449
f 1711/3482/3450 1682/3393/3450 1669/3394/3450
f 1682/3393/3451 1711/3482/3451 1710/3392/3451
f 1663/3447/3452 1686/3442/3452 1687/3483/3452
f 1724/3410/3453 1647/3395/3453 1751/3397/3453
f 1723/3409/3454 1647/3395/3454 1724/3410/3454
f 1672/3480/3455 1720/3484/3455 1676/3481/3455
f 1720/3484/3456 1672/3480/3457 1719/3398/3458
f 1762/3426/3459 1757/3417/3459 1696/3419/3459
f 1696/3419/3460 1698/3424/3460 1762/3426/3460
f 1703/3485/3461 2163/3065/3461 1709/3402/3461
f 2163/3065/3462 1703/3485/3462 1499/3182/3462
f 1700/3452/3463 1499/3182/3463 1703/3485/3463
f 1678/3486/3464 1728/3475/3464 1651/3474/3464
f 1680/3408/3465 1718/3487/3465 1716/3488/3465
f 1718/3487/3466 1680/3408/3466 1651/3407/3466
f 1678/3486/3467 1672/3480/3467 1728/3475/3467
f 1678/3486/3468 1719/3398/3468 1672/3480/3468
f 1678/3486/3469 1753/3399/3469 1719/3398/3469
f 1723/3409/3470 1754/3411/3470 1729/3412/3470
f 1729/3412/3471 1680/3408/3471 1679/3413/3471
f 1761/3489/3472 1753/3399/3472 1678/3486/3472
f 1679/3413/3473 1716/3488/3473 1717/3467/3473
f 1716/3488/3474 1679/3413/3474 1680/3408/3474
f 1666/3470/3475 1687/3483/3475 1649/3468/3475
f 1683/3445/3476 1687/3483/3476 1666/3470/3476
f 1687/3483/3477 1683/3445/3477 1663/3447/3477
f 1666/3470/3478 1661/3446/3478 1683/3445/3478
f 1731/3429/3479 1732/3433/3480 1685/3430/3481
f 1686/3442/3482 1663/3447/3482 1688/3434/3482
f 1687/3483/3483 1650/3440/3483 1649/3468/3483
f 1650/3440/3484 1687/3483/3484 1686/3442/3484
f 1732/3433/3485 1658/3435/3485 1685/3430/3485
f 1693/3490/3486 1656/3450/3486 2165/3449/3486
f 1656/3450/3487 1693/3490/3487 1691/3491/3487
f 1700/3452/3488 1498/3235/3488 2166/3234/3488
f 1656/3450/3489 1758/3492/3489 1755/3493/3489
f 1758/3492/3490 1656/3450/3491 1691/3491/3492
f 1654/3494/3493 1689/3495/3493 1708/3496/3493
f 1693/3455/3494 2165/3047/3494 2167/3046/3494
f 1693/3490/3495 1690/3497/3495 1691/3491/3495
f 1697/3421/3496 1692/3498/3496 1689/3495/3496
f 1758/3492/3490 1691/3491/3492 1692/3499/3497
f 1700/3452/3498 1709/3402/3498 1692/3498/3498
f 1709/3402/3499 1689/3495/3499 1692/3498/3499
f 1694/3396/3500 1760/3500/3500 1751/3397/3500
f 1696/3419/3501 1695/3418/3501 1654/3494/3501
f 1654/3494/3502 1721/3501/3502 1696/3419/3502
f 1721/3501/3503 1654/3494/3503 1677/3461/3503
f 1756/3502/3504 1692/3498/3505 1697/3421/3506
f 1692/3499/3507 1756/3503/3507 1758/3492/3507
f 1695/3418/3508 1689/3495/3508 1654/3494/3508
f 1698/3422/3509 1720/3484/3509 1699/3423/3509
f 1720/3504/3510 1698/3424/3510 1722/3505/3510
f 1719/3398/3511 1752/3400/3511 1699/3423/3511
f 1655/3459/3512 1721/3501/3512 1677/3461/3512
f 1721/3501/3513 1655/3459/3513 1722/3505/3513
f 1697/3421/3506 1763/3420/3514 1756/3502/3504
f 1706/3456/3515 1677/3461/3515 1654/3494/3515
f 1708/3496/3516 1706/3456/3516 1654/3494/3516
f 1701/3506/3517 1662/3463/3517 1675/3444/3517
f 1655/3459/3518 1701/3458/3518 1676/3507/3518
f 1702/3472/3519 1675/3444/3519 1661/3446/3519
f 1675/3444/3520 1702/3472/3520 1701/3506/3520
f 1691/3491/3521 1700/3508/3521 1692/3499/3521
f 1703/3485/3522 1709/3402/3522 1700/3452/3522
f 1694/3509/3523 1704/3451/3523 1759/3510/3523
f 1757/3417/3524 1763/3420/3524 1695/3418/3524
f 1695/3418/3525 1697/3421/3525 1689/3495/3525
f 1759/3510/3526 1760/3511/3526 1694/3509/3526
f 2139/3512/3527 1704/3451/3527 1694/3509/3527
f 1704/3451/3528 2139/3512/3528 2165/3449/3528
f 1759/3510/3529 1656/3450/3529 1755/3493/3529
f 1656/3450/3420 1759/3510/3530 1704/3451/3421
f 1500/3262/3531 2164/3069/3531 1705/3403/3531
f 1648/3404/3532 1707/3401/3532 1705/3403/3532
f 1707/3401/3533 1648/3404/3533 1708/3496/3533
f 1706/3456/3534 1708/3496/3534 1648/3404/3534
f 1705/3403/3535 2168/3064/3535 1500/3262/3535
f 2168/3064/3536 1705/3403/3536 1707/3401/3536
f 1708/3496/3537 1709/3402/3537 1707/3401/3537
f 1690/3497/3538 1700/3508/3538 1691/3491/3538
f 1708/3496/3539 1689/3495/3539 1709/3402/3539
f 1653/3391/3540 1682/3393/3540 1710/3392/3540
f 1710/3392/3541 1649/3513/3541 1650/3389/3541
f 1684/3514/3542 1712/3515/3542 1711/3482/3542
f 1711/3482/3543 1669/3394/3543 1684/3514/3543
f 1710/3392/3544 1670/3516/3544 1649/3513/3544
f 1670/3516/3545 1710/3392/3545 1711/3482/3545
f 1712/3515/3546 1713/3517/3546 1664/3518/3546
f 1713/3517/3547 1712/3515/3547 1718/3487/3547
f 1664/3519/3548 1666/3470/3548 1670/3469/3548
f 1666/3470/3549 1664/3519/3549 1665/3471/3549
f 1501/3040/3550 1496/3039/3550 1681/3520/3550
f 1684/3514/3551 1669/3394/3551 1681/3415/3551
f 1712/3515/3552 1670/3516/3552 1711/3482/3552
f 1670/3516/3553 1712/3515/3553 1664/3518/3553
f 1496/3466/3554 1726/3464/3554 1717/3467/3554
f 1726/3521/3555 1496/3522/3555 2139/3523/3555
f 1714/3473/3556 1664/3519/3557 1713/3476/3558
f 1664/3519/3557 1714/3473/3556 1665/3471/3559
f 1728/3475/3560 1715/3479/3448 1714/3473/3447
f 1715/3479/3448 1728/3475/3560 1672/3480/3561
f 1701/3506/3562 1715/3479/3562 1676/3481/3562
f 1715/3479/3563 1701/3506/3563 1702/3472/3563
f 1684/3514/3564 1716/3488/3564 1718/3487/3564
f 1716/3488/3565 1684/3514/3565 1681/3415/3565
f 1647/3395/3566 1723/3409/3567 1725/3465/3568
f 1716/3488/3569 1681/3415/3569 1717/3467/3569
f 1718/3487/3570 1712/3515/3570 1684/3514/3570
f 1718/3487/3571 1651/3407/3571 1713/3517/3571
f 1719/3398/3458 1699/3423/3572 1720/3484/3456
f 1722/3505/3573 1676/3507/3573 1720/3504/3573
f 1676/3507/3574 1722/3505/3574 1655/3459/3574
f 1722/3505/3575 1696/3419/3575 1721/3501/3575
f 1696/3419/3576 1722/3505/3576 1698/3424/3576
f 1725/3465/3577 1717/3467/3577 1726/3464/3577
f 2139/3524/3578 1694/3396/3578 1726/3464/3578
f 1725/3465/3579 1679/3413/3579 1717/3467/3579
f 1679/3413/3580 1725/3465/3568 1723/3409/3567
f 1678/3486/3581 1727/3525/3582 1761/3489/3583
f 1727/3525/3582 1678/3486/3581 1651/3474/3584
f 1727/3525/3585 1680/3526/3585 1729/3527/3585
f 1761/3489/3586 1729/3527/3586 1754/3528/3586
f 1729/3527/3587 1761/3489/3587 1727/3525/3587
f 1700/3452/3588 2166/3234/3588 1499/3182/3588
f 1653/3391/3589 1599/3092/3589 1497/3062/3589
f 1660/3390/3590 1730/3427/3590 1653/3391/3590
f 1599/3092/3591 1653/3391/3591 1730/3427/3591
f 1660/3441/3592 1688/3434/3592 1731/3429/3592
f 1730/3431/3593 1660/3441/3593 1731/3429/3593
f 1733/3432/3406 1658/3435/3594 1732/3433/3407
f 1731/3429/3479 1688/3434/3595 1732/3433/3480
f 1673/3448/3596 1733/3432/3597 1663/3447/3598
f 1663/3447/3599 1733/3432/3599 1688/3434/3599
f 1671/3438/3600 1734/3436/3600 1673/3448/3600
f 1733/3432/3597 1673/3448/3596 1734/3436/3601
f 1657/3529/3602 2169/3093/3400 1730/3427/3399
f 2170/3530/3603 1346/2822/3604 1749/3531/3605
f 1345/2794/3606 1344/2793/3606 1736/3532/3606
f 1436/2905/3607 1439/2909/3607 1430/2889/3607
f 2170/3530/3603 1749/3531/3605 2176/3533/3608
f 1429/2926/3609 1407/2941/3609 1435/2945/3609
f 1440/2953/3610 1434/2961/3610 1421/2952/3610
f 1360/2777/3611 1402/2912/3611 1404/2963/3611
f 1356/2827/3612 1387/2828/3612 1743/2825/3612
f 1345/2839/3613 2171/3534/3613 1352/2833/3613
f 1442/2893/3614 1363/2818/3614 1421/2887/3614
f 1374/2811/3615 1403/2875/3615 1444/3535/3615
f 1443/2880/3616 1416/2891/3616 1442/2893/3616
f 1924/3536/3617 2230/3537/3617 2234/3538/3617
f 1377/2799/3618 1347/2787/3619 1746/2870/3620
f 1380/2823/3621 1742/3539/3621 1386/2824/3621
f 1406/2767/3622 1750/2938/3622 1867/3540/3622
f 1737/3541/3623 1379/2878/3623 1396/2806/3623
f 2177/2950/3624 2174/3542/3624 1747/2913/3624
f 1870/2942/3625 2219/2946/3625 1435/2945/3625
f 2182/3543/3626 1390/2804/3626 2183/2863/3626
f 2230/3537/3627 1924/3536/3627 1914/3544/3627
f 2175/3545/3628 1742/3539/3628 1744/2826/3628
f 1424/2944/3629 1445/2895/3629 1423/2894/3629
f 1749/3531/3630 1346/2822/3630 1355/2871/3630
f 1411/2858/3631 1410/2877/3631 1441/2951/3631
f 1447/2896/3632 1413/2956/3632 1414/2930/3632
f 1427/2882/3633 1418/2919/3633 1432/2918/3633
f 1441/2951/2849 1410/2877/3634 1434/2961/2850
f 1415/2906/3635 1437/2934/3635 1438/2920/3635
f 1444/3535/3636 1403/2875/3636 1415/2906/3636
f 1438/2920/3637 1437/2934/3637 1447/2896/3637
f 1746/2870/3620 1741/2869/3638 1377/2799/3618
f 2238/3546/3639 2219/2946/3639 1870/2942/3639
f 1412/2879/3640 1428/2925/3641 1443/2880/3642
f 1410/2910/3643 1869/2939/3643 1412/2879/3643
f 1416/2891/3644 1443/2880/3642 1428/2925/3641
f 1440/2953/2837 1397/2831/2836 1420/2886/2848
f 2179/3547/3645 1740/3548/3645 2178/3549/3645
f 1419/2936/3646 1427/2882/3646 1413/2959/3646
f 1404/2963/3647 1402/2912/3647 1437/2934/3647
f 1383/2844/3648 1740/3548/3648 2179/3547/3648
f 1438/2920/3649 1426/2915/3649 1439/2909/3649
f 1374/2811/3650 1444/3535/3650 1422/2888/3650
f 1404/2963/3651 1437/2934/3651 1403/2875/3651
f 1870/2942/3652 1435/2945/3652 1407/2941/3652
f 1744/2826/3653 1380/2823/3653 1356/2827/3653
f 1446/2922/3654 1445/2958/3654 1424/2932/3654
f 1747/2913/3655 2174/3542/3655 1738/2868/3655
f 1745/3550/3656 1736/3532/3656 1344/2793/3656
f 1444/3535/3657 1415/2906/3657 1422/2888/3657
f 1417/2892/3658 2131/2947/3658 2133/2964/3658
f 1379/2878/3659 1743/3551/3659 1387/2796/3659
f 1914/3552/3660 2233/3553/3660 2230/3554/3660
f 2233/3553/3661 1914/3552/3661 1911/3555/3661
f 1441/2951/3662 1420/2886/3662 1431/2901/3662
f 1379/2878/3663 2180/3556/3663 1743/3551/3663
f 2179/3557/3664 1774/3558/3664 1769/3559/3664
f 1769/3560/3665 1739/3561/3665 2179/3562/3665
f 2171/3563/3666 1736/3564/3666 1765/3565/3666
f 1765/3565/3667 1766/3566/3667 2171/3563/3667
f 1736/3567/3668 1745/3568/3668 1776/3569/3668
f 1776/3569/3669 1765/3570/3669 1736/3567/3669
f 2173/3571/3670 2177/3572/3670 2172/3573/3670
f 2172/3574/3671 2176/3575/3671 1764/3576/3671
f 1764/3576/3672 2173/3577/3672 2172/3574/3672
f 2174/3578/3673 1772/3579/3673 1768/3580/3673
f 1768/3580/3674 1738/3581/3674 2174/3578/3674
f 2171/3563/3675 1766/3566/3675 1737/3582/3675
f 2175/3583/3676 1773/3584/3676 1764/3576/3676
f 1764/3576/3677 2176/3575/3677 2175/3583/3677
f 2182/3585/3678 2183/3586/3678 1777/3587/3678
f 1777/3587/3679 1770/3588/3679 2182/3585/3679
f 2177/3572/3680 2173/3571/3680 1772/3579/3680
f 1772/3579/3681 2174/3578/3681 2177/3572/3681
f 2179/3589/3682 2178/3590/3682 1771/3591/3682
f 1771/3592/3683 1774/3558/3683 2179/3557/3683
f 1738/3581/3684 1768/3580/3684 1771/3593/3684
f 1771/3593/3685 2178/3594/3685 1738/3581/3685
f 1737/3582/3686 1766/3566/3686 1775/3595/3686
f 1775/3595/3687 2180/3596/3687 1737/3582/3687
f 2180/3596/3688 1775/3595/3688 1767/3597/3688
f 1767/3597/3689 2181/3598/3689 2180/3596/3689
f 2181/3598/3690 1767/3597/3690 1773/3599/3690
f 1773/3584/3691 2175/3583/3691 2181/3600/3691
f 1745/3568/3692 2182/3585/3692 1770/3588/3692
f 1770/3588/3693 1776/3569/3693 1745/3568/3693
f 1739/3601/3694 1769/3602/3694 1777/3587/3694
f 1777/3587/3695 2183/3586/3695 1739/3601/3695
f 1769/3559/3696 1774/3558/3696 1756/3603/3696
f 1766/3604/3697 1765/3605/3698 1752/3606/3698
f 1752/3606/3699 1753/3607/3699 1766/3604/3699
f 1765/3605/3700 1776/3608/3700 1762/3609/3700
f 1762/3609/3701 1752/3606/3698 1765/3605/3698
f 2173/3610/3702 1764/3611/3702 1751/3612/3702
f 1751/3612/3703 1760/3613/3703 2173/3610/3703
f 1755/3614/3704 1768/3615/3704 1772/3616/3704
f 1772/3616/3705 1759/3617/3705 1755/3614/3705
f 1751/3612/3706 1764/3611/3706 1773/3618/3706
f 1773/3618/3707 1724/3619/3707 1751/3612/3707
f 1757/3620/3708 1770/3621/3708 1777/3622/3708
f 1777/3622/3709 1763/3623/3709 1757/3620/3709
f 1759/3617/3710 1772/3616/3710 2173/3610/3710
f 2173/3610/3711 1760/3613/3711 1759/3617/3711
f 1774/3558/3712 1771/3592/3712 1758/3624/3712
f 1758/3624/3713 1756/3603/3713 1774/3558/3713
f 1758/3624/3714 1771/3592/3714 1768/3615/3714
f 1768/3615/3715 1755/3614/3715 1758/3624/3715
f 1761/3625/3716 1775/3626/3716 1766/3604/3716
f 1766/3604/3717 1753/3607/3717 1761/3625/3717
f 1754/3627/3718 1767/3628/3718 1775/3626/3718
f 1775/3626/3719 1761/3625/3719 1754/3627/3719
f 1724/3619/3720 1773/3618/3720 1767/3628/3720
f 1767/3628/3721 1754/3627/3721 1724/3619/3721
f 1776/3608/3722 1770/3621/3722 1757/3620/3722
f 1757/3620/3723 1762/3609/3723 1776/3608/3723
f 1763/3623/3724 1777/3622/3724 1769/3559/3724
f 1769/3559/3725 1756/3603/3725 1763/3623/3725
f 2145/1763/3726 2189/3222/3726 1541/3221/3726
f 1548/3116/3727 2141/3112/3727 1544/3111/3727
f 2190/3629/3728 2142/3118/3728 1546/3117/3728
f 2184/3094/3729 2169/3096/3730 1657/3630/3731
f 1735/3405/3732 1786/3631/3732 1652/3443/3732
f 1786/3632/3733 1735/3633/3733 1785/3634/3733
f 2164/3069/3006 1493/3102/3006 1785/3635/3734
f 1779/3636/3735 409/3637/3735 1780/3638/3735
f 409/3637/3736 1779/3636/3736 2187/3639/3736
f 1668/3640/3737 1788/3641/3737 1659/3642/3737
f 1788/3643/3738 1668/3478/3738 1787/3644/3738
f 1781/3645/3739 2188/3646/3739 2185/3647/3739
f 2188/3648/3740 1781/3649/3740 1782/3650/3740
f 2186/3651/3741 1784/3652/3741 2185/3647/3741
f 2186/3651/3742 1783/3653/3742 1784/3652/3742
f 2142/3118/3743 1783/3653/3743 2186/3651/3743
f 2187/754/3744 1778/3654/3744 408/750/3744
f 1778/3655/3745 2187/3639/3745 1779/3636/3745
f 1780/3656/3746 1786/3631/3746 1779/3657/3746
f 1786/3631/3747 1780/3656/3747 1787/3658/3747
f 2188/3659/3748 1780/3638/3748 409/3637/3748
f 1780/3660/3749 2188/3648/3749 1782/3650/3749
f 1781/3649/3750 1789/3661/3750 1782/3650/3750
f 1783/3662/3751 1791/3663/3751 1784/3664/3751
f 1791/3663/3752 1783/3662/3752 1790/3665/3752
f 2190/3210/3753 1790/3666/3753 1783/3667/3753
f 1790/3666/3754 2190/3210/3754 2184/3211/3754
f 1782/3650/3755 1789/3661/3755 1788/3643/3755
f 1685/3430/3756 1789/3661/3756 1791/3663/3756
f 1789/3661/3757 1685/3430/3757 1658/3435/3757
f 1785/3635/3758 1779/3657/3758 1786/3631/3758
f 1779/3657/3759 1785/3635/3759 1778/3654/3759
f 1493/3102/3760 1778/3654/3760 1785/3635/3760
f 1778/3654/3761 1493/3102/3761 2189/3222/3761
f 1787/3644/3762 1782/3650/3762 1788/3643/3762
f 1782/3650/3763 1787/3644/3763 1780/3660/3763
f 1787/3658/3764 1652/3443/3764 1786/3631/3764
f 1652/3443/3765 1787/3658/3765 1668/3462/3765
f 1790/3668/3766 1685/3669/3766 1791/3670/3766
f 1685/3669/3767 1790/3668/3767 1657/3630/3767
f 2184/3094/3729 1657/3630/3731 1790/3668/3768
f 1674/3437/3769 1659/3439/3769 1788/3643/3769
f 1789/3671/3770 1674/3672/3770 1788/3673/3770
f 1789/3661/3771 1658/3435/3771 1674/3437/3771
f 1781/3649/3772 1791/3663/3772 1789/3661/3772
f 1791/3663/3773 1781/3649/3773 1784/3664/3773
f 1735/3633/3774 2164/3674/3774 1785/3634/3774
f 410/751/3775 408/750/3775 2189/3222/3775
f 408/750/3776 1778/3654/3776 2189/3222/3776
f 1784/3652/3777 1781/3645/3777 2185/3647/3777
f 2190/3629/3778 1783/3653/3778 2142/3118/3778
f 2209/3675/3779 1448/2983/3779 1449/2982/3779
f 2213/3676/3780 1794/3677/3780 2191/3029/3780
f 1794/3677/3781 2213/3676/3781 2210/3678/3781
f 1449/3002/3782 1792/3679/3782 2209/3680/3782
f 2212/3681/3783 1792/3679/3783 1449/3002/3783
f 1449/3002/3784 1452/3001/3784 2212/3681/3784
f 1453/3013/3785 1793/3682/3785 1454/3037/3785
f 1793/3682/3786 1453/3013/3786 2211/3683/3786
f 1793/3684/3787 1452/3685/3787 1454/3686/3787
f 1452/3001/3788 1793/3687/3788 2212/3681/3788
f 1453/3013/3789 1455/3011/3789 2211/3683/3789
f 1455/3011/3790 2210/3688/3790 2211/3683/3790
f 2210/3688/3791 1455/3011/3791 1450/3028/3791
f 1450/3028/3792 1794/3689/3792 2210/3688/3792
f 1794/3677/3793 1478/3030/3793 2191/3029/3793
f 1794/3689/3794 1450/3028/3794 1478/3034/3794
f 2217/3690/3795 1795/3691/3795 1448/2983/3795
f 1468/2996/3796 1795/3691/3796 2216/3692/3796
f 2216/3692/3797 2215/3693/3797 1451/2994/3797
f 2214/3694/3798 2213/3676/3798 2191/3029/3798
f 2214/3694/3799 1451/3033/3799 2215/3695/3799
f 2191/3029/3800 1451/3033/3800 2214/3694/3800
f 2216/3692/3801 1451/2994/3801 1468/2996/3801
f 1468/2996/3802 1448/2983/3802 1795/3691/3802
f 2217/3690/3803 1448/2983/3803 2209/3675/3803
f 1796/3696/3804 1797/3697/3804 1798/3698/3804
f 1799/3699/3805 1800/3700/3805 1798/3698/3805
f 1798/3701/3806 1797/3702/3806 1861/3703/3806
f 1801/3704/3807 1802/3705/3807 1852/3706/3807
f 1852/3707/3808 1829/3708/3808 1801/3709/3808
f 2196/3710/3809 2205/3711/3809 2195/3712/3809
f 2194/3713/3810 2208/3714/3810 2195/3712/3810
f 2195/3712/3811 1803/3715/3811 2194/3713/3811
f 2195/3712/3812 2205/3711/3812 1803/3715/3812
f 2206/3716/3813 2205/3711/3814 2196/3710/3815
f 2196/3710/3815 2193/3717/3816 2206/3716/3813
f 1804/3718/3817 2198/3719/3817 1805/3720/3817
f 1804/3718/3818 2197/3721/3818 2198/3719/3818
f 1837/3722/3819 2202/3723/3819 2201/3724/3819
f 2201/3724/3820 2204/3725/3820 1837/3722/3820
f 2193/3717/3821 2203/3726/3821 2199/3727/3821
f 2203/3726/3822 2193/3717/3822 2196/3710/3822
f 1823/3728/3823 1855/3729/3823 1802/3705/3823
f 1802/3705/3824 1801/3704/3824 1823/3728/3824
f 1842/3730/3825 1841/3731/3825 1831/3732/3825
f 1831/3732/3826 1807/3733/3826 1842/3730/3826
f 1831/3732/3827 1829/3734/3827 1852/3706/3827
f 1852/3706/3828 1807/3733/3828 1831/3732/3828
f 1839/3735/3829 1838/3736/3829 1809/3737/3829
f 1809/3737/3830 1806/3738/3830 1839/3735/3830
f 1826/3739/3831 1810/3740/3831 1796/3696/3831
f 1796/3696/3832 1798/3698/3832 1826/3739/3832
f 1846/3741/3833 1812/3742/3833 1811/3743/3833
f 1811/3743/3834 1845/3744/3834 1846/3741/3834
f 1813/3745/3835 1800/3700/3836 1814/3746/3837
f 1856/3747/3838 1814/3746/3837 1800/3700/3836
f 1848/3748/3839 1857/3749/3839 1858/3750/3839
f 1858/3750/3840 1817/3751/3840 1848/3748/3840
f 1819/3752/3841 1817/3751/3841 1858/3750/3841
f 1858/3750/3842 1859/3753/3842 1819/3752/3842
f 1866/3754/3843 2218/3755/3843 2192/3756/3843
f 2192/3756/3844 1850/3757/3844 1866/3754/3844
f 1821/3758/3845 2192/3756/3845 2218/3755/3845
f 1821/3758/3846 2218/3755/3846 1865/3759/3846
f 1821/3758/3847 1865/3759/3847 1864/3760/3847
f 1821/3758/3848 1864/3760/3848 1860/3761/3848
f 1823/3728/3849 1821/3762/3849 1860/3763/3849
f 1860/3763/3850 1855/3729/3850 1823/3728/3850
f 1855/3729/3851 1862/3764/3851 1802/3705/3851
f 1853/3765/3852 1808/3766/3852 1839/3735/3852
f 1808/3766/3853 1853/3765/3853 1811/3767/3853
f 1856/3747/3854 1799/3699/3854 1861/3768/3854
f 1862/3769/3855 1863/3770/3855 1853/3765/3855
f 1863/3770/3856 1861/3771/3856 1797/3772/3856
f 1797/3772/3857 1853/3765/3857 1863/3770/3857
f 1852/3706/3858 1802/3705/3858 1862/3764/3858
f 1862/3769/3859 1854/3773/3859 1852/3774/3859
f 1797/3772/3860 1796/3775/3860 1845/3776/3860
f 1845/3776/3861 1811/3767/3861 1797/3772/3861
f 1807/3777/3862 1854/3773/3862 1842/3778/3862
f 1843/3779/3863 2204/3725/3863 2201/3724/3863
f 2201/3724/3864 1805/3720/3864 1843/3779/3864
f 2200/3780/3865 1804/3718/3865 1805/3720/3865
f 1805/3720/3866 2201/3724/3866 2200/3780/3866
f 1812/3742/3867 1834/3781/3867 1808/3782/3867
f 1808/3782/3868 1811/3743/3868 1812/3742/3868
f 1848/3748/3869 1849/3783/3869 1815/3784/3869
f 1815/3784/3870 1814/3746/3870 1848/3748/3870
f 1818/3785/3871 1816/3786/3871 1817/3751/3871
f 1817/3751/3872 1819/3752/3872 1818/3785/3872
f 1851/3787/3873 1818/3785/3873 1819/3752/3873
f 1819/3752/3874 1850/3788/3874 1851/3787/3874
f 1820/3789/3875 2207/3790/3875 2192/3756/3875
f 2192/3756/3876 1821/3758/3876 1820/3789/3876
f 1822/3791/3877 1820/3792/3877 1821/3762/3877
f 1821/3762/3878 1823/3728/3878 1822/3791/3878
f 1825/3793/3879 1824/3794/3879 1810/3740/3879
f 1810/3740/3880 1826/3739/3880 1825/3793/3880
f 1828/3795/3881 1827/3796/3881 1823/3728/3881
f 1801/3709/3882 1829/3708/3882 1828/3797/3882
f 1799/3699/3883 1856/3747/3883 1800/3700/3883
f 2198/3719/3884 2199/3727/3885 2203/3726/3886
f 2199/3727/3885 2198/3719/3884 2197/3721/3887
f 1798/3698/3888 1800/3700/3888 1813/3745/3888
f 1813/3745/3889 1826/3739/3889 1798/3698/3889
f 1799/3699/3890 1798/3698/3890 1861/3768/3890
f 1828/3795/3891 1829/3734/3892 1831/3732/3893
f 1831/3732/3893 1830/3798/3894 1828/3795/3891
f 1840/3799/3895 1832/3800/3896 1809/3801/3897
f 1809/3801/3897 1838/3802/3898 1840/3799/3895
f 1814/3746/3899 1815/3784/3899 1835/3803/3899
f 1835/3803/3900 1813/3745/3900 1814/3746/3900
f 1846/3804/3901 1810/3740/3901 1824/3794/3901
f 1824/3794/3902 1847/3805/3902 1846/3804/3902
f 1833/3806/3903 1834/3781/3903 1812/3742/3903
f 1812/3742/3904 1836/3807/3904 1833/3806/3904
f 1835/3803/3905 1825/3793/3905 1826/3739/3905
f 1826/3739/3906 1813/3745/3906 1835/3803/3906
f 1827/3796/3907 1822/3791/3907 1823/3728/3907
f 1823/3728/3908 1801/3704/3908 1828/3795/3908
f 1841/3731/3909 1844/3808/3909 1830/3798/3909
f 1830/3798/3910 1831/3732/3910 1841/3731/3910
f 1849/3783/3911 2206/3809/3911 2193/3810/3911
f 2193/3810/3912 1815/3784/3912 1849/3783/3912
f 1818/3785/3913 1803/3811/3913 2205/3812/3913
f 2205/3812/3914 1816/3786/3914 1818/3785/3914
f 2194/3813/3915 1803/3811/3915 1818/3785/3915
f 1818/3814/3916 1851/3815/3916 2194/3816/3916
f 2195/3817/3917 2208/3818/3917 2207/3790/3917
f 2207/3790/3918 1820/3789/3918 2195/3817/3918
f 2196/3819/3919 2195/3820/3919 1820/3792/3919
f 1820/3792/3920 1822/3791/3920 2196/3819/3920
f 2197/3821/3921 1804/3822/3922 1824/3794/3923
f 1824/3794/3923 1825/3793/3924 2197/3821/3921
f 2198/3823/3925 2203/3824/3925 1827/3796/3925
f 1827/3796/3926 1828/3795/3926 2198/3823/3926
f 1830/3798/3927 1805/3825/3927 2198/3823/3927
f 2198/3823/3928 1828/3795/3928 1830/3798/3928
f 1837/3826/3929 2204/3827/3929 1832/3800/3929
f 1832/3800/3930 1840/3799/3930 1837/3826/3930
f 1815/3784/3931 2193/3810/3931 2199/3828/3931
f 2199/3828/3932 1835/3803/3932 1815/3784/3932
f 1847/3829/3933 2200/3830/3933 2201/3831/3933
f 2201/3831/3934 1836/3807/3934 1847/3829/3934
f 1836/3807/3935 2201/3831/3935 2202/3832/3935
f 2202/3832/3936 1833/3806/3936 1836/3807/3936
f 2199/3828/3937 2197/3821/3937 1825/3793/3937
f 1825/3793/3938 1835/3803/3938 2199/3828/3938
f 2203/3824/3939 2196/3819/3939 1822/3791/3939
f 1822/3791/3940 1827/3796/3940 2203/3824/3940
f 1843/3833/3941 1805/3825/3941 1830/3798/3941
f 1830/3798/3942 1844/3808/3942 1843/3833/3942
f 1808/3834/3943 1834/3835/3943 1838/3836/3943
f 1838/3837/3944 1839/3838/3944 1808/3839/3944
f 1853/3765/3945 1842/3778/3945 1854/3773/3945
f 1834/3781/3946 1833/3806/3946 1840/3840/3946
f 1840/3840/3947 1838/3841/3947 1834/3781/3947
f 1840/3840/3948 1833/3806/3949 2202/3832/3950
f 2202/3832/3950 1837/3842/3951 1840/3840/3948
f 1806/3843/3952 1809/3801/3953 1841/3731/3954
f 1841/3731/3955 1842/3730/3955 1806/3843/3955
f 1809/3801/3956 1832/3800/3956 1844/3808/3956
f 1844/3808/3957 1841/3731/3954 1809/3801/3953
f 1844/3808/3958 1832/3800/3959 2204/3827/3960
f 2204/3827/3960 1843/3833/3961 1844/3808/3958
f 1853/3765/3962 1839/3735/3962 1806/3738/3962
f 1806/3738/3963 1842/3778/3963 1853/3765/3963
f 1845/3844/3964 1796/3845/3964 1810/3846/3964
f 1810/3740/3965 1846/3804/3965 1845/3847/3965
f 1811/3767/3966 1853/3765/3966 1797/3772/3966
f 1847/3829/3967 1836/3807/3967 1812/3742/3967
f 1812/3742/3968 1846/3741/3968 1847/3829/3968
f 1824/3848/3969 1804/3849/3969 2200/3830/3969
f 2200/3830/3970 1847/3829/3970 1824/3848/3970
f 1814/3746/3971 1856/3747/3971 1857/3749/3971
f 1857/3749/3972 1848/3748/3972 1814/3746/3972
f 1817/3751/3973 1816/3786/3973 1849/3783/3973
f 1849/3783/3974 1848/3748/3974 1817/3751/3974
f 1849/3783/3975 1816/3786/3975 2205/3812/3975
f 2205/3812/3976 2206/3809/3976 1849/3783/3976
f 1850/3788/3977 1819/3752/3977 1859/3753/3977
f 1859/3753/3978 1866/3850/3978 1850/3788/3978
f 1850/3757/3979 2192/3756/3979 2207/3790/3979
f 2207/3790/3980 1851/3851/3980 1850/3757/3980
f 1851/3851/3981 2207/3790/3981 2208/3818/3981
f 2208/3818/3982 2194/3852/3982 1851/3851/3982
f 1852/3774/3983 1854/3773/3983 1807/3777/3983
f 1853/3765/3984 1854/3773/3984 1862/3769/3984
f 1862/3764/3985 1792/3679/3985 2212/3681/3985
f 2210/3678/3986 1857/3749/3987 1856/3747/3988
f 2214/3694/3989 1866/3850/3989 1859/3753/3989
f 1855/3729/3990 1792/3679/3990 1862/3764/3990
f 1855/3729/3991 1860/3763/3991 2209/3680/3991
f 2209/3680/3992 1792/3679/3992 1855/3729/3992
f 2211/3683/3993 2210/3688/3993 1856/3853/3993
f 1856/3747/3994 1861/3768/3994 2211/3854/3994
f 1793/3855/3995 1861/3771/3995 1863/3770/3995
f 1862/3769/3996 2212/3856/3996 1793/3855/3996
f 1857/3749/3987 2210/3678/3986 2213/3676/3997
f 2213/3676/3998 1858/3750/3998 1857/3749/3998
f 1858/3750/3999 2213/3676/3999 2214/3694/3999
f 2214/3694/4000 1859/3753/4000 1858/3750/4000
f 2216/3692/4001 2218/3755/4001 1866/3754/4001
f 1866/3754/4002 2215/3693/4002 2216/3692/4002
f 2209/3675/4003 1860/3761/4003 1864/3760/4003
f 1864/3760/4004 2217/3690/4005 2209/3675/4006
f 1862/3769/4007 1793/3855/4007 1863/3770/4007
f 1793/3855/4008 2211/3857/4008 1861/3771/4008
f 1865/3759/4009 1795/3691/4009 2217/3690/4009
f 2217/3690/4005 1864/3760/4004 1865/3759/4010
f 2218/3755/4011 2216/3692/4011 1795/3691/4011
f 1795/3691/4012 1865/3759/4012 2218/3755/4012
f 1866/3850/4013 2214/3694/4013 2215/3695/4013
f 1446/2922/2784 1376/2773/4014 2133/2921/2782
f 1348/2800/4015 1741/2869/4015 2178/3858/4015
f 2176/3533/4016 1742/3539/4017 2175/3545/4018
f 1418/2919/4019 2133/2921/4019 2131/2960/4019
f 2179/3859/4020 1739/3860/4020 1383/3861/4020
f 1742/3539/4021 1749/3531/4021 1355/2871/4021
f 1345/2839/4022 1736/3862/4022 2171/3534/4022
f 1348/2835/4023 1740/3548/4023 1343/2836/4023
f 1438/2920/4024 1447/2896/4024 1414/2930/4024
f 1346/2862/4025 2170/2949/4026 1748/2914/4027
f 1383/2844/4028 1343/2836/4028 1740/3548/4028
f 1348/2800/4029 2178/3858/4029 1740/3863/4029
f 1376/2773/4030 1446/2922/4030 1424/2932/4030
f 1737/3541/4031 1352/2833/4031 2171/3534/4031
f 1742/3539/4017 2176/3533/4016 1749/3531/4032
f 1352/2833/3623 1737/3541/3623 1396/2806/3623
f 1383/2844/4033 1739/2803/4033 1384/2802/4033
f 1748/2914/2775 1347/2787/2774 1378/2789/4034
f 1434/2881/4035 1442/2893/4035 1421/2887/4035
f 2231/2966/4036 1903/2846/4036 1880/2841/4036
f 1346/2862/4025 1748/2914/4027 1378/2789/4037
f 1903/2846/4038 2231/2966/4038 1913/2968/4038
f 1390/2804/4039 2182/3543/4039 1344/2793/4039
f 2170/2949/4040 2172/3864/4040 2177/2950/4040
f 1379/2878/4041 1737/3541/4041 2180/3556/4041
f 1348/2800/4042 1377/2799/4042 1741/2869/4042
f 2182/3543/4043 1745/3550/4043 1344/2793/4043
f 1905/2848/4044 1901/3865/4044 1900/3866/4044
f 1897/3867/4045 1898/3868/4045 1899/3869/4045
f 1899/3869/4046 1900/3866/4046 1901/3865/4046
f 1742/3539/4047 1380/2823/4047 1744/2826/4047
f 1929/3870/4048 1895/3871/4048 1894/3872/4048
f 1893/3873/4049 1894/3874/4049 1895/3875/4049
f 1347/2787/4050 1747/2913/2842 1746/2870/2841
f 2230/3876/4051 1920/3877/4051 2228/3878/4051
f 1888/3879/4052 1884/3880/4052 1912/3881/4052
f 1738/2868/4053 2178/3858/4053 1741/2869/4053
f 1742/3539/4054 1355/2871/4054 1386/2824/4054
f 1923/3882/4055 1887/3883/4055 1888/3884/4055
f 1872/3885/4056 1904/3886/4056 1874/3887/4056
f 2177/2950/4057 1747/2913/4057 1748/2914/4057
f 1750/2938/4058 1406/2767/4058 1405/2899/4058
f 1875/3888/4059 1939/3889/4059 1874/3887/4059
f 2231/3890/4060 1880/3891/4061 2227/3892/4062
f 1899/3869/4063 1942/3893/4063 1943/3894/4063
f 1899/3869/4064 1938/3895/4064 1942/3893/4064
f 1903/2846/4065 1886/3896/4065 1902/2842/4065
f 1900/3866/4066 1899/3869/4066 1898/3868/4066
f 1934/3897/4067 1876/3898/4068 1890/3899/4069
f 1889/3900/4070 1890/3899/4069 1876/3898/4068
f 2228/3878/4071 2234/3901/4071 2230/3876/4071
f 2234/3901/4072 2228/3878/4072 2226/3902/4072
f 1940/3903/4073 1930/3904/4073 1932/3905/4073
f 1873/3906/4074 1922/3907/4074 1872/3908/4074
f 1874/3909/4075 1939/3910/4075 1873/3906/4075
f 1909/3911/4076 1906/2860/4077 1908/2902/4078
f 1890/3899/4079 1913/2968/4079 1891/2965/4079
f 1913/2968/4080 1890/3899/4080 1889/3900/4080
f 1923/3882/4081 1902/2842/4081 1886/3896/4081
f 1902/2842/4082 1923/3882/4082 1924/3536/4082
f 1896/3912/4083 2224/3913/4083 1898/3868/4083
f 2225/3914/4084 1898/3868/4084 2224/3913/4084
f 2232/2849/4085 1900/3866/4085 2225/3914/4085
f 1894/3872/4086 2223/3915/4086 1929/3870/4086
f 2224/3913/4087 1896/3912/4087 2235/3916/4087
f 1900/3866/4088 2232/2849/4088 1905/2848/4088
f 1888/3917/4089 1911/3555/4089 1914/3552/4089
f 1913/2968/4090 1904/3886/4090 1903/2846/4090
f 1927/3918/4091 2221/2967/4091 1925/3919/4091
f 1875/3888/4092 1876/3898/4092 1934/3897/4092
f 1906/2860/4093 1901/3865/4093 1905/2848/4093
f 1904/3886/4094 1913/2968/4094 1889/3900/4094
f 1894/3874/4095 1879/3920/4095 2222/3921/4095
f 1879/3920/4096 1894/3874/4096 1892/3922/4096
f 2223/3915/4097 1894/3872/4097 2222/3923/4097
f 2221/2967/4098 1927/3918/4098 1891/2965/4098
f 1908/2902/4099 1918/3924/4099 1909/3911/4099
f 1934/3897/4100 1939/3889/4100 1875/3888/4100
f 1941/3925/4101 1873/3906/4101 1939/3910/4101
f 1874/3887/4102 1889/3900/4102 1876/3898/4102
f 1938/3895/4103 1901/3865/4103 1933/3926/4103
f 1901/3865/4104 1938/3895/4104 1899/3869/4104
f 1873/3906/4105 1941/3925/4105 1931/3927/4105
f 1930/3904/4106 1940/3903/4106 1878/3928/4106
f 1919/3929/4107 1909/3911/4107 1918/3924/4107
f 1872/3908/4108 1874/3909/4108 1873/3906/4108
f 1926/3930/4109 1891/2965/4110 1927/3918/4111
f 1884/3880/4112 1888/3879/4112 1887/3931/4112
f 1877/3932/4113 1930/3904/4113 1878/3928/4113
f 1930/3904/4114 1877/3932/4114 1907/3933/4114
f 1898/3868/4115 1897/3867/4115 1896/3912/4115
f 1895/3871/4116 1929/3870/4117 1928/3934/4118
f 1920/3935/4119 1908/3936/4119 2228/3937/4119
f 1908/3936/4120 1920/3935/4120 1921/3938/4120
f 2225/3939/4121 2224/3940/4121 1879/3941/4121
f 2227/3892/4062 2232/3942/4122 2231/3890/4060
f 2223/3943/4123 2224/3940/4123 2235/3944/4123
f 2224/3940/4124 2223/3943/4124 2222/3945/4124
f 2230/3876/4125 2229/3946/4125 1881/3947/4125
f 1925/3948/4126 2225/3939/4127 1879/3941/4128
f 1906/2860/4077 1909/3911/4076 1907/3933/4129
f 1743/3551/4130 2180/3556/4130 2181/3949/4130
f 2175/3545/4131 1744/2826/4131 2181/2948/4131
f 1875/3888/4132 1874/3887/4132 1876/3898/4132
f 2224/3940/4133 2222/3945/4133 1879/3941/4133
f 1901/3865/4134 1906/2860/4134 1877/3932/4134
f 1878/3928/4135 1901/3865/4135 1877/3932/4135
f 1901/3865/4136 1878/3928/4136 1933/3926/4136
f 1936/3950/4137 1926/3930/4137 1893/3873/4137
f 1936/3950/4138 1895/3875/4138 1937/3951/4138
f 1909/3911/4139 1930/3904/4139 1907/3933/4139
f 1930/3904/4140 1909/3911/4140 1883/3952/4140
f 1883/3953/4141 1919/3954/4141 1932/3955/4141
f 2232/3942/4142 2225/3939/4142 2221/3956/4142
f 1909/3911/4143 1919/3929/4143 1883/3952/4143
f 1904/3886/4144 1872/3885/4144 1886/3896/4144
f 1916/3957/4145 1885/3958/4145 1915/3959/4145
f 1885/3958/4146 1916/3957/4146 1882/3960/4146
f 2229/3946/4147 2230/3876/4147 2233/3961/4147
f 2226/3902/4148 2227/3892/4148 1880/3891/4148
f 1884/3880/4149 1887/3931/4149 1931/3927/4149
f 1899/3869/4150 2220/3962/4150 1897/3867/4150
f 1884/3963/4151 1915/3959/4151 1912/3964/4151
f 1915/3959/4152 1884/3963/4152 1916/3957/4152
f 1931/3927/4153 1932/3955/4153 1919/3954/4153
f 1912/3964/4154 1917/2954/4154 1911/3555/4154
f 1917/2954/4155 1912/3964/4155 1915/3959/4155
f 1917/2954/4156 2233/3553/4157 1911/3555/4158
f 2233/3553/4157 1917/2954/4156 2229/2927/4159
f 1882/3960/4160 1918/3965/4161 1885/3958/4162
f 1918/3965/4163 1882/3960/4163 1919/3966/4163
f 1885/3958/4164 1921/3938/4164 1910/2928/4164
f 1921/3938/4165 1885/3958/4162 1918/3965/4161
f 1921/3938/4166 1881/2929/4167 1910/2928/4168
f 1881/2929/4167 1921/3938/4166 1920/3935/4169
f 1931/3927/4170 1882/3967/4170 1916/3968/4170
f 1882/3967/4171 1931/3927/4171 1919/3954/4171
f 1922/3969/4172 1886/3896/4172 1872/3885/4172
f 1886/3896/4173 1922/3969/4173 1923/3882/4173
f 1887/3931/4174 1873/3906/4174 1931/3927/4174
f 1924/3536/4175 1888/3884/4175 1914/3544/4175
f 1888/3884/4176 1924/3536/4176 1923/3882/4176
f 1902/2842/4177 2234/3538/4177 2226/2843/4177
f 2234/3538/4178 1902/2842/4178 1924/3536/4178
f 1890/3899/4179 1935/3970/4179 1934/3897/4179
f 1935/3970/4180 1890/3899/4180 1926/3930/4180
f 1893/3873/4181 1927/3918/4181 1892/3922/4181
f 1927/3918/4182 1893/3873/4182 1926/3930/4182
f 1927/3918/4183 1879/3920/4183 1892/3922/4183
f 1879/3920/4184 1927/3918/4184 1925/3919/4184
f 1928/3934/4118 1937/3971/4185 1895/3871/4116
f 1937/3971/4185 1928/3934/4118 1944/3972/4186
f 1887/3883/4187 1923/3882/4187 1922/3969/4187
f 1926/3930/4188 1936/3950/4188 1935/3970/4188
f 2226/3902/4189 2228/3878/4189 2227/3892/4189
f 1895/3875/4190 1936/3950/4190 1893/3873/4190
f 1944/3972/4191 1897/3973/4191 2220/3974/4191
f 1928/3934/4192 1896/3975/4192 1897/3973/4192
f 1896/3975/4193 1928/3934/4193 1929/3870/4193
f 1897/3973/4194 1944/3972/4194 1928/3934/4194
f 1899/3869/4195 1943/3894/4195 2220/3962/4195
f 1931/3927/4196 1916/3968/4196 1884/3880/4196
f 1933/3926/4197 1878/3928/4197 1940/3903/4197
f 1929/3870/4198 2235/3976/4198 1896/3975/4198
f 2235/3976/4199 1929/3870/4199 2223/3915/4199
f 2225/3939/4127 1925/3948/4126 2221/3956/4200
f 1886/3896/4201 1903/2846/4201 1904/3886/4201
f 1940/3977/4202 1931/3927/4202 1941/3925/4202
f 1922/3907/4203 1873/3906/4203 1887/3931/4203
f 1877/3932/4204 1906/2860/4204 1907/3933/4204
f 1920/3877/4205 2230/3876/4205 1881/3947/4205
f 2221/3956/4206 2231/3890/4206 2232/3942/4206
f 1930/3904/4207 1883/3952/4207 1932/3905/4207
f 1931/3927/4208 1940/3977/4208 1932/3955/4208
f 1917/2954/4209 1885/3958/4210 1910/2928/4211
f 1885/3958/4210 1917/2954/4209 1915/3959/4212
f 1894/3874/4213 1893/3873/4213 1892/3922/4213
f 1891/2965/4110 1926/3930/4109 1890/3899/4214
f 1940/3903/4215 2236/2768/4216 1867/3540/4217
f 2237/2940/4218 1934/3897/4218 1935/3970/4218
f 1911/3555/4219 1888/3917/4219 1912/3964/4219
f 1898/3868/4220 2225/3914/4220 1900/3866/4220
f 2242/2908/4221 1937/3971/4221 1944/3972/4221
f 1933/3926/4222 1940/3903/4222 1867/3540/4222
f 1933/3926/4223 1750/2938/4223 1938/3895/4223
f 1750/2938/4224 1933/3926/4224 1867/3540/4224
f 1889/3900/4225 1874/3887/4225 1904/3886/4225
f 1918/3924/4226 1908/2902/4226 1921/3978/4226
f 1869/2939/4227 1934/3897/4227 2237/2940/4227
f 1934/3897/4228 1869/2939/4228 1939/3889/4228
f 1868/3979/4229 1941/3925/4229 1939/3910/4229
f 1940/3903/4230 1868/3980/4230 2236/2768/4230
f 1935/3970/4231 2238/3546/4231 2237/2940/4231
f 2238/3546/4232 1935/3970/4232 1936/3950/4232
f 1936/3950/4233 2242/3981/4233 2238/3546/4233
f 2242/3981/4234 1936/3950/4234 1937/3951/4234
f 2241/2955/4235 1944/3972/4235 2220/3974/4235
f 1944/3972/4236 2241/2955/4236 2239/2935/4236
f 1750/2938/4237 1942/3893/4237 1938/3895/4237
f 1942/3893/4238 1750/2938/4238 2240/2937/4238
f 1940/3977/4239 1941/3925/4239 1868/3979/4239
f 1868/3979/4240 1939/3910/4240 1869/3982/4240
f 1943/3894/4241 2240/2937/4241 1871/2898/4241
f 2240/2937/4242 1943/3894/4242 1942/3893/4242
f 2220/3962/4243 1871/2898/4243 2241/2931/4243
f 1871/2898/4244 2220/3962/4244 1943/3894/4244
f 1944/3972/4245 2239/2935/4245 2242/2908/4245
f 2250/3983/4246 1948/3984/4246 1946/3985/4246
f 1946/3985/4247 1947/3986/4247 2250/3983/4247
f 1946/3985/4248 1948/3984/4248 1945/3987/4248
f 1947/3988/4249 1946/3989/4249 2243/3990/4249
f 2243/3990/4250 2252/3991/4250 1947/3988/4250
f 1948/3992/4251 2250/3993/4251 2244/3994/4251
f 2244/3994/4252 2245/3995/4252 1948/3992/4252
f 2245/3996/4253 2246/3997/4253 2247/3998/4253
f 2245/3996/4254 2247/3998/4254 1945/3999/4254
f 2245/4000/4255 1945/4001/4255 1948/4002/4255
f 1946/3989/4256 1945/4003/4256 2247/4004/4256
f 2247/4004/4257 2243/3990/4257 1946/3989/4257
f 2249/4005/4258 2247/3998/4258 2246/3997/4258
f 2246/3997/4259 2248/4006/4259 2249/4005/4259
f 2250/3983/4260 1950/4007/4260 1951/4008/4260
f 1950/4007/4261 2250/3983/4261 1947/3986/4261
f 1950/4007/4262 1949/4009/4262 1951/4008/4262
f 1947/3988/4263 2251/4010/4263 1950/4011/4263
f 2251/4010/4264 1947/3988/4264 2252/3991/4264
f 1951/4012/4265 2244/3994/4265 2250/3993/4265
f 2244/3994/4266 1951/4012/4266 2253/4013/4266
f 2253/4013/4267 2254/4014/4267 2255/4015/4267
f 2253/4013/4268 1949/4016/4268 2254/4014/4268
f 2253/4013/4269 1951/4012/4269 1949/4016/4269
f 1950/4017/4270 2254/4018/4270 1949/4019/4270
f 2254/4020/4271 1950/4011/4271 2251/4010/4271
f 2256/4021/4272 2255/4015/4272 2254/4014/4272
f 2255/4015/4273 2256/4021/4273 2257/4022/4273
f 1870/2942/4274 2237/2940/4274 2238/3546/4274
f 2236/2768/4216 1406/2767/4275 1867/3540/4217
f 2130/2821/4276 2128/2812/4276 1365/2813/4276
f 2128/2812/4277 2129/2775/4277 1373/2774/4277
f 2170/3530/4278 2176/3533/4278 2172/4023/4278
f 2219/2907/4279 2238/4024/4279 2242/2908/4279
f 3024/4025/4280 2358/4026/4280 3167/4027/4280
f 2370/4028/4281 3409/4029/4281 3380/4030/4281
f 2448/4031/4282 3157/4032/4283 2510/4033/4284
f 2440/4034/4285 2916/4035/4285 2367/4036/4285
f 2438/4037/4286 3172/4038/4286 3271/4039/4286
f 2326/4040/4287 3077/4041/4287 3045/4042/4287
f 2296/4043/4288 2802/4044/4288 3126/4045/4288
f 2978/4046/4289 2294/4047/4289 3085/4048/4289
f 2560/4049/4290 3081/4050/4290 2828/4051/4290
f 3114/4052/4291 2996/4053/4291 2278/4054/4291
f 2657/4055/4292 3099/4056/4292 2476/4057/4292
f 2307/4058/4293 3170/4059/4293 3297/4060/4293
f 2486/4061/4294 2261/4062/4295 2286/4063/4296
f 2771/4064/4297 3098/4065/4297 2980/4066/4297
f 2676/4067/4298 3233/4068/4298 2639/4069/4298
f 2667/4070/4299 2668/4071/4299 3267/4072/4299
f 2781/4073/4300 3420/4074/4300 3441/4075/4300 3110/4076/4300
f 2480/4077/4301 2300/4078/4301 2873/4079/4301
f 3149/4080/4302 2865/4081/4303 3247/4082/4304
f 3318/4083/4305 2318/4084/4305 2693/4085/4305
f 2791/4086/4306 2750/4087/4306 2416/4088/4306
f 3014/4089/4307 2901/4090/4307 3094/4091/4307
f 2357/4092/4308 3073/4093/4309 2358/4026/4310
f 3139/4094/4311 2971/4095/4311 2369/4096/4311
f 3024/4025/4312 2357/4092/4312 2358/4026/4312
f 3036/4097/4313 2355/4098/4313 2864/4099/4313
f 3137/4100/4314 3186/4101/4314 2419/4102/4314
f 2800/4103/4315 2380/4104/4315 3234/4105/4315
f 2835/4106/4316 2599/4107/4316 3183/4108/4316
f 3025/4109/4317 2363/4110/4317 2992/4111/4317
f 2418/4112/4318 3034/4113/4318 2872/4114/4318
f 2761/4115/4319 2496/4116/4319 2940/4117/4319
f 3334/4118/4320 2352/4119/4320 2353/4120/4320
f 3172/4121/4321 2944/4122/4321 2527/4123/4321
f 2433/4124/4322 2520/4125/4322 2322/4126/4322
f 2566/4127/4323 2579/4128/4323 2416/4129/4323
f 2899/4130/4324 2506/4131/4324 3201/4132/4324
f 2960/4133/4325 3198/4134/4325 3188/4135/4325
f 2312/4136/4326 2962/4137/4327 2569/4138/4328
f 2372/4139/4329 2373/4140/4330 3121/4141/4331
f 3316/4142/4332 2587/4143/4332 2377/4144/4332
f 2613/4145/4333 2377/4144/4333 2378/4146/4333
f 2382/4147/4334 2383/4148/4334 3162/4149/4334
f 3062/4150/4335 2373/4140/4335 2372/4139/4335
f 2849/4151/4336 2481/4152/4336 3300/4153/4336
f 3299/4154/4337 2887/4155/4337 2391/4156/4337
f 2953/4157/4338 3063/4158/4338 2424/4159/4338
f 3461/4160/4339 2944/4161/4339 3410/4162/4339
f 2449/4163/4340 2450/4164/4340 2955/4165/4340
f 3006/4166/4341 2689/4167/4341 2916/4035/4341
f 2868/4168/4342 2291/4169/4342 3096/4170/4342
f 2756/4171/4343 2404/4172/4343 3168/4173/4343
f 3173/4174/4344 3475/4175/4344 3403/4176/4344 3210/4177/4344
f 2455/4178/4345 3154/4179/4345 2955/4165/4345
f 2632/4180/4346 2449/4181/4346 3063/4158/4346
f 3031/4182/4347 3034/4113/4347 2418/4112/4347
f 3156/4183/4348 3155/4184/4348 3164/4185/4348
f 3206/4186/4349 3059/4187/4349 2334/4188/4349
f 3348/4189/4350 2911/4190/4350 3413/4191/4350
f 2568/4192/4351 2426/4193/4351 3306/4194/4351
f 2733/4195/4352 3233/4196/4352 3066/4197/4352
f 2428/4198/4353 2767/4199/4353 2430/4200/4353
f 3236/4201/4354 3090/4202/4354 3389/4203/4354 3476/4204/4354
f 3070/4205/4355 2434/4206/4355 2435/4207/4355
f 2847/4208/4356 2437/4209/4356 2730/4210/4356
f 3253/4211/4357 3013/4212/4357 2479/4213/4357
f 3250/4214/4358 2552/4215/4358 2551/4216/4358
f 3149/4080/4302 2922/4217/4359 2865/4081/4303
f 2985/4218/4360 2273/4219/4361 2274/4220/4362
f 2750/4087/4363 3261/4221/4363 2416/4088/4363
f 2460/4222/4364 3323/4223/4364 3214/4224/4364
f 2461/4225/4365 2716/4226/4365 2715/4227/4365
f 3321/4228/4366 2565/4229/4366 2463/4230/4366
f 2467/4231/4367 2636/4232/4367 2468/4233/4367
f 2829/4234/4368 2278/4054/4368 2996/4053/4368
f 3432/4235/4369 3385/4236/4369 2406/4237/4369
f 3132/4238/4370 3163/4239/4370 3005/4240/4370
f 2932/4241/4371 3478/4242/4371 3457/4243/4371 2671/4244/4371
f 3443/4245/4372 3444/4246/4372 2444/4247/4372
f 2940/4117/4373 3062/4150/4373 3008/4248/4373
f 3340/4249/4374 2848/4250/4374 2487/4251/4374
f 2487/4252/4375 2490/4253/4375 3091/4254/4375
f 2906/4255/4376 3333/4256/4376 3055/4257/4376
f 2845/4258/4377 3115/4259/4377 2673/4260/4377
f 3079/4261/4378 3324/4262/4378 2501/4263/4378
f 3464/4264/4379 3398/4265/4379 2786/4266/4379 2445/4267/4379
f 2628/4268/4380 2673/4260/4380 2629/4269/4380
f 3311/4270/4381 2506/4131/4381 3052/4271/4381
f 3311/4270/4382 2505/4272/4382 2506/4131/4382
f 2697/4273/4383 3164/4185/4383 2541/4274/4383
f 2508/4275/4384 3337/4276/4384 3052/4271/4384
f 2865/4081/4385 2274/4220/4385 2958/4277/4385
f 3300/4153/4386 3253/4211/4386 3182/4278/4386
f 2555/4279/4387 2670/4280/4387 2939/4281/4387
f 2510/4033/4388 3239/4282/4388 2630/4283/4388
f 3299/4154/4389 2267/4284/4389 2515/4285/4389
f 2723/4286/4390 2724/4287/4390 2801/4288/4390
f 2524/4289/4391 3219/4290/4391 3058/4291/4391
f 2743/4292/4392 3172/4038/4392 2682/4293/4392
f 3004/4294/4393 2638/4295/4393 2676/4296/4393
f 2263/4297/4394 2771/4064/4394 2980/4066/4394
f 2584/4298/4395 2941/4299/4395 2399/4300/4395
f 3135/4301/4396 3063/4158/4396 2717/4302/4396
f 3261/4221/4397 2751/4303/4397 2695/4304/4397
f 3400/4305/4398 3401/4306/4398 2533/4307/4398
f 2859/4308/4399 2576/4309/4399 2534/4310/4399
f 2537/4311/4400 2492/4312/4401 2870/4313/4402
f 2541/4274/4403 3164/4185/4403 3031/4182/4403
f 2853/4314/4404 2432/4315/4404 3125/4316/4404
f 2673/4260/4405 3024/4025/4405 2845/4258/4405
f 3304/4317/4406 2647/4318/4406 2544/4319/4406
f 2856/4320/4407 2857/4321/4407 2954/4322/4407
f 2881/4323/4408 2647/4324/4408 2711/4325/4408
f 2633/4326/4409 3060/4327/4409 2953/4157/4409
f 2292/4328/4410 2410/4329/4410 2843/4330/4410
f 2970/4331/4411 2356/4332/4411 2723/4286/4411
f 3347/4333/4412 3366/4334/4412 3264/4335/4412 3238/4336/4412
f 3177/4337/4413 3200/4338/4413 2999/4339/4413
f 3039/4340/4414 2320/4341/4414 3038/4342/4414
f 2406/4343/4415 3101/4344/4415 2651/4345/4415
f 2951/4346/4416 2271/4347/4417 2269/4348/4418
f 3306/4349/4419 2567/4350/4419 2568/4351/4419
f 2812/4352/4420 2895/4353/4421 3075/4354/4422
f 2260/4355/4423 2402/4356/4423 3020/4357/4423
f 2810/4358/4424 2603/4359/4424 3102/4360/4424
f 2259/4361/4425 2503/4362/4425 2502/4363/4425
f 3092/4364/4426 3333/4256/4426 2501/4263/4426
f 3069/4365/4427 2336/4366/4427 3116/4367/4427
f 2436/4368/4428 2634/4369/4428 2943/4370/4428
f 3029/4371/4429 3009/4372/4429 2270/4373/4429
f 3110/4076/4430 2867/4374/4430 2551/4216/4430
f 3198/4375/4431 2960/4376/4431 2874/4377/4431
f 2493/4378/4432 2596/4379/4432 3192/4380/4432
f 3290/4381/4433 3163/4382/4433 3132/4383/4433
f 2585/4384/4434 2364/4385/4434 2362/4386/4434
f 3020/4357/4435 2267/4284/4435 3299/4154/4435
f 2601/4387/4436 2918/4388/4436 3141/4389/4436
f 3000/4390/4437 2746/4391/4437 3295/4392/4437
f 3181/4393/4438 2405/4394/4438 3180/4395/4438
f 2430/4396/4439 2609/4397/4439 2821/4398/4439
f 2305/4399/4440 2787/4400/4440 3151/4401/4440
f 3197/4402/4441 3174/4403/4441 2814/4404/4441
f 2844/4405/4442 2310/4406/4442 2622/4407/4442
f 2772/4408/4443 2666/4409/4443 3120/4410/4443
f 3003/4411/4444 3171/4412/4445 2793/4413/4446
f 3018/4414/4447 2536/4415/4447 2535/4416/4447
f 3229/4417/4448 3206/4186/4448 2523/4418/4448
f 3006/4166/4449 2439/4419/4449 2686/4420/4449
f 2636/4232/4450 2530/4421/4450 2877/4422/4450
f 2963/4423/4451 2964/4424/4451 3273/4425/4451
f 2938/4426/4452 2399/4300/4452 3220/4427/4452
f 3289/4428/4453 3086/4429/4453 2659/4430/4453
f 2379/4431/4454 3119/4432/4454 2314/4433/4454
f 2851/4434/4455 3153/4435/4455 2643/4436/4455
f 3075/4354/4456 3191/4437/4456 2644/4438/4456
f 2956/4439/4457 2342/4440/4457 3294/4441/4457
f 3454/4442/4458 3361/4443/4458 2776/4444/4458 2611/4445/4458
f 2544/4319/4459 2647/4318/4459 2646/4446/4459
f 3384/4447/4460 2911/4190/4460 3469/4448/4460
f 2649/4449/4461 3202/4450/4461 2305/4451/4461
f 2422/4452/4462 3197/4402/4462 2588/4453/4462
f 2832/4454/4463 2349/4455/4463 3213/4456/4463
f 3004/4457/4464 3132/4458/4464 3005/4459/4464
f 2959/4460/4465 2659/4430/4465 2595/4461/4465
f 2417/4462/4466 2582/4463/4466 3344/4464/4466 3345/4465/4466
f 2443/4466/4467 2354/4467/4467 2777/4468/4467
f 3045/4042/4468 3077/4041/4468 2664/4469/4468
f 2665/4470/4469 3120/4410/4469 2666/4409/4469
f 3008/4471/4470 3062/4472/4470 2372/4473/4470
f 3143/4474/4471 3237/4475/4471 2915/4476/4471
f 2468/4233/4472 2329/4477/4472 2827/4478/4472
f 2412/4479/4473 2679/4480/4473 3152/4481/4473
f 2410/4482/4474 2497/4483/4474 2757/4484/4474
f 2364/4485/4475 2365/4486/4475 2566/4487/4475
f 2696/4488/4476 3320/4489/4476 2697/4273/4476
f 2523/4418/4477 3206/4186/4477 2334/4188/4477
f 2837/4490/4478 3269/4491/4478 2565/4229/4478
f 2326/4040/4479 2701/4492/4479 2927/4493/4479
f 2883/4494/4480 2705/4495/4480 3165/4496/4480
f 3205/4497/4481 2331/4498/4481 3081/4050/4481
f 3159/4499/4482 3081/4050/4482 2707/4500/4482
f 2708/4501/4483 3286/4502/4483 2709/4503/4483
f 3455/4504/4484 3422/4505/4484 3037/4506/4485
f 3317/4507/4486 2610/4508/4486 2710/4509/4486
f 3281/4510/4487 2762/4511/4487 2542/4512/4487
f 2713/4513/4488 3332/4514/4488 2714/4515/4488
f 2715/4516/4489 2716/4517/4489 2624/4518/4489
f 2719/4519/4490 3241/4520/4490 2720/4521/4490
f 3332/4522/4491 2721/4523/4491 2722/4524/4491
f 2740/4525/4492 3341/4526/4493 2288/4527/4494
f 2405/4394/4495 2733/4528/4495 3180/4395/4495
f 2825/4529/4496 2826/4530/4496 2618/4531/4496
f 3146/4532/4497 3166/4533/4497 2656/4534/4497
f 2730/4210/4498 3153/4435/4498 2851/4434/4498
f 2570/4535/4499 3049/4536/4499 2634/4369/4499
f 2639/4069/4500 3233/4068/4500 2473/4537/4500
f 2920/4538/4501 2574/4539/4501 3173/4540/4501
f 2736/4541/4502 3226/4542/4502 2737/4543/4502
f 3363/4544/4503 3362/4545/4503 2546/4546/4503
f 2740/4525/4504 2741/4547/4504 2816/4548/4504
f 2720/4521/4505 3241/4520/4505 3332/4514/4505
f 3252/4549/4506 2818/4550/4506 2500/4551/4506
f 2453/4552/4507 2919/4553/4507 3102/4360/4507
f 2541/4274/4508 2696/4488/4508 2697/4273/4508
f 2454/4554/4509 2431/4555/4510 2337/4556/4511
f 3324/4262/4512 3058/4291/4512 2931/4557/4512
f 3117/4558/4513 2801/4288/4513 2400/4559/4513
f 3154/4179/4514 2871/4560/4514 2356/4332/4514
f 3151/4401/4515 2787/4400/4515 2767/4199/4515
f 2630/4283/4516 2846/4561/4516 2510/4033/4516
f 2768/4562/4517 2344/4563/4517 2630/4283/4517
f 3234/4105/4518 2380/4104/4518 2635/4564/4518
f 3462/4565/4519 3454/4442/4519 2611/4445/4519
f 2666/4409/4520 2772/4408/4520 2773/4566/4520
f 2951/4346/4521 2950/4567/4521 2905/4568/4521
f 2480/4077/4522 2301/4569/4522 2425/4570/4522
f 3123/4571/4523 2355/4098/4524 2283/4572/4525
f 3283/4573/4526 2301/4569/4526 2480/4077/4526
f 2597/4574/4527 2735/4575/4527 3250/4214/4527
f 3188/4135/4528 3287/4576/4528 2688/4577/4528
f 3110/4076/4529 3441/4075/4529 3369/4578/4529
f 3089/4579/4530 2279/4580/4530 2346/4581/4530
f 2528/4582/4531 2612/4583/4531 2993/4584/4531
f 2620/4585/4532 2621/4586/4532 3258/4587/4532
f 2548/4588/4533 2590/4589/4533 2518/4590/4533
f 2796/4591/4534 2534/4592/4534 2797/4593/4534
f 3350/4594/4535 3423/4595/4535 2799/4596/4535
f 2466/4597/4536 2941/4598/4536 3506/4599/4536 2457/4600/4536
f 2903/4601/4537 2861/4602/4538 2409/4603/4539
f 2412/4479/4540 3081/4050/4540 2560/4049/4540
f 3363/4544/4541 2560/4049/4541 3362/4545/4541
f 3361/4443/4542 2808/4604/4542 3412/4605/4542
f 2808/4604/4543 2418/4112/4543 2872/4114/4543
f 2399/4606/4544 2466/4597/4544 2745/4607/4544
f 2974/4608/4545 2843/4330/4545 2410/4329/4545
f 2601/4387/4546 3215/4609/4546 3327/4610/4546
f 2871/4560/4547 2456/4611/4548 2259/4361/4549
f 2773/4612/4550 2830/4613/4550 2831/4614/4550
f 2335/4615/4551 2596/4379/4551 2805/4616/4551
f 3269/4491/4552 2837/4490/4552 2319/4617/4552
f 2310/4406/4553 2844/4405/4553 3178/4618/4553
f 2859/4308/4554 2847/4619/4554 2575/4620/4554
f 2847/4619/4555 2848/4250/4556 2575/4620/4557
f 2851/4621/4558 3315/4622/4558 2487/4251/4558
f 2860/4623/4559 2847/4619/4559 2859/4308/4559
f 2903/4601/4560 3293/4624/4560 2861/4602/4560
f 2258/4625/4561 2977/4626/4561 2398/4627/4561
f 2334/4188/4562 3238/4628/4562 2523/4418/4562
f 2355/4098/4563 3036/4097/4564 3060/4327/4565
f 2353/4629/4566 2707/4500/4567 2577/4630/4568
f 2796/4591/4569 2536/4415/4569 2534/4592/4569
f 2867/4374/4570 3110/4076/4570 2335/4631/4570
f 3165/4496/4571 2654/4632/4571 2883/4494/4571
f 2883/4494/4572 2654/4632/4572 3129/4633/4572
f 2955/4165/4573 2970/4331/4574 2449/4163/4575
f 3336/4634/4576 2515/4285/4576 2267/4284/4576
f 3161/4635/4577 2890/4636/4577 2892/4637/4577
f 2382/4638/4578 2892/4639/4578 2891/4640/4578
f 2892/4637/4579 2988/4641/4579 2893/4642/4579
f 2901/4090/4580 3277/4643/4580 2574/4539/4580
f 2456/4611/4581 2282/4644/4582 2259/4361/4583
f 2753/4645/4584 3146/4646/4584 2897/4647/4584
f 3207/4648/4585 2368/4649/4585 2898/4650/4585
f 2889/4651/4586 3005/4652/4586 3163/4653/4586
f 2700/4654/4587 2826/4530/4587 2516/4655/4587
f 2561/4656/4588 2734/4657/4588 2822/4658/4588
f 3192/4380/4589 2913/4659/4589 2493/4378/4589
f 3286/4660/4590 2907/4661/4590 2709/4662/4590
f 2520/4663/4591 2518/4664/4591 2390/4665/4591
f 2908/4666/4592 3046/4667/4592 2663/4668/4592
f 2518/4669/4593 2738/4670/4593 2390/4671/4593
f 3295/4392/4594 3406/4672/4594 3353/4673/4594
f 2596/4379/4595 2370/4028/4595 3192/4380/4595
f 2764/4674/4596 2542/4512/4596 2763/4675/4596
f 2742/4676/4597 2522/4677/4597 2743/4292/4597
f 3292/4678/4598 2348/4679/4598 2346/4680/4598
f 2481/4152/4599 3013/4212/4599 3300/4153/4599
f 2806/4681/4600 2809/4682/4601 2703/4683/4602
f 2741/4547/4603 2310/4406/4603 3223/4684/4603
f 3419/4685/4604 3469/4448/4604 2911/4190/4605 2912/4686/4605
f 2732/4687/4606 2336/4366/4607 2843/4330/4608
f 2545/4688/4609 3214/4224/4609 2711/4689/4609
f 3087/4690/4610 3039/4691/4610 2759/4692/4610
f 2918/4388/4611 3327/4610/4611 2828/4051/4611
f 2605/4693/4612 2606/4694/4612 2604/4695/4612
f 3288/4696/4613 3299/4154/4613 2660/4697/4613
f 2687/4698/4614 3196/4699/4614 3195/4700/4614
f 3216/4701/4615 2860/4702/4615 2859/4703/4615
f 2435/4207/4616 2619/4704/4616 3242/4705/4616
f 3452/4706/4617 2909/4707/4617 3428/4708/4617
f 2843/4330/4608 2868/4168/4618 2732/4687/4606
f 3240/4709/4619 2483/4710/4619 3194/4711/4619
f 2928/4712/4620 3133/4713/4620 2927/4493/4620
f 2928/4712/4621 3326/4714/4621 3133/4713/4621
f 2790/4715/4622 2421/4716/4622 3078/4717/4622
f 3078/4717/4623 2326/4040/4623 2927/4493/4623
f 2759/4718/4624 2411/4719/4624 2974/4608/4624
f 3004/4720/4625 2320/4341/4625 2555/4279/4625
f 2506/4131/4626 2935/4721/4626 3201/4132/4626
f 2891/4722/4627 2383/4148/4627 2382/4147/4627
f 2683/4723/4628 3287/4576/4628 3006/4166/4628
f 2416/4088/4629 3261/4221/4629 2566/4487/4629
f 3176/4724/4630 2287/4725/4630 2571/4726/4630
f 2994/4727/4631 2264/4728/4631 2306/4729/4631
f 3098/4065/4632 2771/4064/4632 3350/4594/4632 3463/4730/4632
f 3104/4731/4633 3114/4052/4633 3103/4732/4633
f 2403/4733/4634 3266/4734/4634 3095/4735/4634
f 2852/4736/4635 2379/4431/4635 2949/4737/4635
f 2585/4738/4636 2365/4739/4636 2364/4740/4636
f 2599/4107/4637 2597/4574/4637 3126/4045/4637
f 2911/4190/4638 3348/4189/4638 3481/4741/4638 2932/4241/4638
f 3021/4742/4639 2500/4551/4639 2818/4550/4639
f 2494/4743/4640 2852/4736/4640 3296/4744/4640
f 3069/4365/4641 2674/4745/4641 2793/4413/4641
f 2402/4356/4642 2267/4284/4642 3020/4357/4642
f 2965/4746/4643 3185/4747/4643 3092/4364/4643
f 2327/4748/4644 2968/4749/4644 2553/4750/4644
f 2603/4751/4645 2602/4752/4645 2464/4753/4645
f 2594/4754/4646 3265/4755/4646 2959/4460/4646
f 3303/4756/4647 3057/4757/4647 2458/4758/4647
f 2371/4759/4648 2532/4760/4648 3106/4761/4648
f 3280/4762/4649 2986/4763/4649 2642/4764/4649
f 2489/4765/4650 3280/4762/4650 2642/4764/4650
f 3128/4766/4651 2669/4767/4651 2973/4768/4651
f 2694/4769/4652 2364/4485/4652 2695/4304/4652
f 2311/4770/4653 3032/4771/4653 2616/4772/4653
f 2380/4104/4654 2381/4773/4654 2635/4564/4654
f 2783/4774/4655 3431/4775/4655 3359/4776/4655 2582/4463/4655
f 3116/4367/4656 3254/4777/4656 3069/4365/4656
f 2490/4778/4657 2487/4251/4657 3315/4622/4657
f 3182/4278/4658 2672/4779/4658 3094/4091/4658
f 3140/4780/4659 3195/4700/4659 2369/4781/4659
f 3097/4782/4660 2820/4783/4661 2904/4784/4662
f 3202/4450/4663 2340/4785/4663 2824/4786/4663
f 2281/4787/4664 2352/4788/4664 2280/4789/4664
f 2612/4790/4665 2681/4791/4665 3248/4792/4665
f 3231/4793/4666 2720/4521/4666 3332/4514/4666
f 3251/4794/4667 2337/4556/4667 2431/4555/4667
f 2528/4582/4668 3012/4795/4668 2842/4796/4668
f 2478/4797/4669 3148/4798/4670 2324/4799/4671
f 3456/4800/4672 3098/4065/4672 3463/4730/4672
f 2347/4801/4673 2484/4802/4673 2486/4061/4673
f 2898/4803/4674 2261/4804/4675 2486/4805/4676
f 2929/4806/4677 2510/4033/4677 2388/4807/4677
f 2445/4267/4678 2786/4266/4678 2323/4808/4678
f 2476/4057/4679 3099/4056/4680 3341/4526/4681
f 3007/4809/4682 3341/4526/4493 2740/4525/4492
f 3341/4526/4683 3007/4809/4684 2476/4057/4685
f 3120/4810/4686 3008/4811/4686 2372/4812/4686
f 2558/4813/4687 2512/4814/4687 2770/4815/4687
f 3130/4816/4688 2498/4817/4688 3077/4041/4688
f 2421/4716/4689 3077/4041/4689 3078/4717/4689
f 3287/4576/4690 3188/4135/4690 2690/4818/4690
f 3015/4819/4691 2420/4820/4691 2882/4821/4691
f 3018/4414/4692 3019/4822/4692 3325/4823/4692
f 2755/4824/4693 2978/4046/4693 2979/4825/4693
f 3043/4826/4694 2492/4312/4694 2623/4827/4694
f 3167/4027/4695 2586/4828/4695 2561/4829/4695
f 2606/4830/4696 3029/4371/4696 3030/4831/4696
f 2708/4501/4697 2709/4503/4697 2663/4832/4697
f 2541/4274/4698 3031/4182/4698 2547/4833/4698
f 2647/4318/4699 3031/4182/4699 2646/4446/4699
f 2955/4165/4700 3230/4834/4701 2455/4178/4702
f 2341/4835/4703 2371/4759/4703 2913/4659/4703
f 3114/4052/4704 2278/4054/4704 2279/4580/4704
f 2962/4137/4705 2961/4836/4706 2569/4138/4707
f 2266/4837/4708 2710/4509/4708 3498/4838/4708 2313/4839/4708
f 2517/4840/4709 2700/4654/4709 2516/4655/4709
f 2754/4841/4710 2746/4391/4710 3000/4390/4710
f 3042/4842/4711 3335/4843/4711 2767/4199/4711
f 2501/4263/4712 3324/4262/4712 2931/4557/4712
f 2596/4379/4713 2747/4844/4713 2370/4028/4713
f 3084/4845/4714 3012/4795/4714 2521/4846/4714
f 2665/4470/4715 2666/4409/4715 2773/4566/4715
f 2269/4348/4716 3067/4847/4716 2867/4374/4716
f 2572/4848/4717 3185/4747/4717 2965/4746/4717
f 2461/4225/4718 2936/4849/4718 3048/4850/4718
f 2527/4851/4719 2944/4852/4719 3147/4853/4719
f 2881/4854/4720 2880/4855/4720 3051/4856/4720
f 2853/4314/4721 2446/4857/4722 2766/4858/4723
f 3053/4859/4724 2918/4388/4724 2331/4498/4724
f 3205/4497/4725 3053/4859/4725 2331/4498/4725
f 3055/4257/4726 3056/4860/4726 2906/4255/4726
f 3337/4276/4727 3222/4861/4727 3311/4270/4727
f 3337/4276/4728 3311/4270/4728 3052/4271/4728
f 2433/4862/4729 2548/4588/4730 2520/4863/4731
f 3144/4864/4732 2615/4865/4732 2785/4866/4732
f 2688/4577/4733 3287/4576/4733 3196/4699/4733
f 2856/4320/4734 2855/4867/4734 2857/4321/4734
f 2441/4868/4735 2309/4869/4735 2442/4870/4735
f 2677/4871/4736 2638/4295/4736 3017/4872/4736
f 2731/4873/4737 2520/4125/4737 2390/4671/4737
f 2423/4874/4738 2588/4875/4738 3197/4876/4738
f 2298/4877/4739 3100/4878/4739 2754/4841/4739
f 2543/4879/4740 2342/4440/4740 3255/4880/4740
f 3263/4881/4741 2662/4882/4741 2314/4883/4741
f 2939/4281/4742 2670/4280/4742 2475/4884/4742
f 2916/4035/4743 2855/4867/4743 2367/4036/4743
f 3455/4504/4484 3076/4885/4744 3422/4505/4484
f 2906/4255/4745 3328/4886/4745 3079/4261/4745
f 2422/4452/4746 3035/4887/4746 3174/4403/4746
f 2769/4888/4747 2513/4889/4747 2440/4034/4747
f 3256/4890/4748 3310/4891/4748 2559/4892/4748
f 2278/4054/4749 3292/4893/4749 2346/4581/4749
f 2749/4894/4750 2792/4895/4750 2791/4086/4750
f 2276/4896/4751 2315/4897/4751 3200/4338/4751
f 2279/4580/4752 2278/4054/4752 2346/4581/4752
f 2920/4538/4753 3263/4898/4753 2573/4899/4753
f 2700/4654/4754 2819/4900/4754 3227/4901/4754
f 3255/4880/4755 2342/4440/4755 3092/4364/4755
f 3092/4364/4756 2504/4902/4757 2965/4746/4758
f 3093/4903/4759 2657/4055/4759 3075/4354/4759
f 2961/4836/4760 2341/4835/4760 3054/4904/4760
f 2984/4905/4761 3027/4906/4761 2846/4907/4761
f 2874/4377/4762 2698/4908/4762 3198/4375/4762
f 2509/4909/4763 2865/4081/4763 2922/4217/4763
f 3054/4904/4764 2341/4835/4764 3411/4910/4764 3354/4911/4764
f 2274/4220/4765 2303/4912/4765 2958/4277/4765
f 3099/4056/4766 3224/4913/4766 3189/4914/4766
f 3108/4915/4767 2567/4350/4767 3306/4349/4767
f 3108/4915/4768 2896/4916/4768 2567/4350/4768
f 2283/4572/4769 2554/4917/4769 3221/4918/4769
f 2808/4604/4770 2646/4446/4770 2418/4112/4770
f 2392/4919/4771 2393/4920/4771 2571/4921/4771
f 2408/4922/4772 2829/4234/4772 2996/4053/4772
f 2730/4923/4773 2761/4115/4773 3153/4924/4773
f 2757/4925/4774 3087/4690/4774 2759/4692/4774
f 2484/4926/4775 2485/4927/4776 2486/4928/4777
f 2598/4929/4778 2445/4267/4778 2834/4930/4778
f 2436/4368/4779 2943/4370/4779 2292/4931/4779
f 2360/4932/4780 2811/4933/4780 3127/4934/4780
f 2362/4935/4781 2813/4936/4782 3174/4937/4783
f 2654/4632/4784 2304/4938/4784 3023/4939/4784
f 2459/4940/4785 2769/4888/4785 2440/4034/4785
f 2466/4597/4786 3279/4941/4786 2745/4607/4786
f 2719/4942/4787 2997/4943/4787 2902/4944/4787
f 3333/4945/4788 3208/4946/4788 2908/4947/4788
f 3115/4259/4789 2674/4745/4789 3254/4777/4789
f 2588/4948/4790 2423/4949/4790 3184/4950/4790
f 2886/4951/4791 3017/4952/4791 3278/4953/4791
f 2789/4954/4792 3326/4714/4793 3076/4885/4794
f 3322/4955/4795 3134/4956/4795 3284/4957/4795
f 2280/4789/4796 3291/4958/4796 3136/4959/4796
f 3389/4960/4797 3352/4961/4797 3136/4962/4797
f 2703/4683/4798 3102/4360/4798 2739/4963/4798
f 3102/4360/4799 2359/4964/4799 2453/4552/4799
f 2496/4116/4800 3062/4150/4800 2940/4117/4800
f 2930/4965/4801 3238/4966/4801 2334/4967/4801
f 2502/4363/4802 3183/4108/4802 2782/4968/4802
f 2505/4272/4803 3156/4183/4803 3309/4969/4803
f 3315/4622/4804 2643/4970/4804 2642/4971/4804
f 2446/4857/4805 3125/4316/4805 3142/4972/4805
f 3457/4243/4806 2702/4973/4806 2956/4439/4806 3450/4974/4806
f 2509/4909/4807 2274/4220/4807 2865/4081/4807
f 2624/4518/4808 3018/4414/4808 3325/4823/4808
f 2780/4975/4809 2727/4976/4809 3018/4414/4809
f 2536/4977/4810 3018/4978/4810 2727/4979/4810
f 3175/4980/4811 3269/4491/4811 2287/4725/4811
f 2707/4500/4812 3081/4050/4812 3152/4481/4812
f 3459/4981/4813 3351/4982/4813 3090/4983/4813 2829/4984/4813
f 3115/4259/4814 3254/4777/4814 3116/4367/4814
f 2311/4770/4815 2616/4772/4815 2982/4985/4815
f 2564/4986/4816 2260/4355/4816 2319/4617/4816
f 3179/4987/4817 3317/4507/4817 2710/4509/4817
f 2686/4420/4818 2683/4723/4818 3006/4166/4818
f 3303/4756/4819 2458/4758/4819 2807/4988/4819
f 3045/4989/4820 3046/4990/4820 3185/4991/4820
f 2908/4666/4821 3208/4992/4821 3046/4667/4821
f 2464/4753/4822 2602/4752/4822 3228/4993/4822
f 2745/4607/4823 2285/4994/4824 3268/4995/4825
f 2632/4180/4826 2953/4157/4826 3060/4327/4826
f 3210/4177/4827 3403/4176/4828 3417/4996/4828
f 2264/4728/4829 2354/4467/4829 2443/4466/4829
f 3184/4997/4830 3137/4100/4830 2588/4453/4830
f 3248/4792/4831 2526/4998/4831 2612/4790/4831
f 3229/4417/4832 2914/4999/4832 3206/4186/4832
f 3063/4158/4833 3135/4301/4833 3184/4950/4833
f 3120/4410/4834 3193/5000/4834 3008/5001/4834
f 2569/4138/4835 2343/5002/4835 2934/5003/4835
f 3067/4847/4836 2597/4574/4836 3250/4214/4836
f 2850/5004/4837 2851/4621/4837 2487/4251/4837
f 2472/5005/4838 3200/4338/4838 3177/4337/4838
f 2812/4352/4839 3075/4354/4839 2644/4438/4839
f 2798/5006/4840 2550/5007/4840 3221/4918/4840
f 2947/5008/4841 2733/4528/4841 2405/4394/4841
f 2265/5009/4842 3117/5010/4843 2358/4026/4844
f 2990/5011/4845 2904/5012/4845 2905/5013/4845
f 2491/5014/4846 2765/5015/4846 3329/5016/4846
f 3026/5017/4847 2843/4330/4847 2336/4366/4847
f 2587/4143/4848 2429/5018/4848 2604/4695/4848
f 2630/4283/4849 3239/4282/4849 2387/5019/4849
f 2914/4999/4850 3267/4072/4850 3021/4742/4850
f 2789/4954/4851 2420/4820/4851 2790/4715/4851
f 2762/4511/4852 2763/4675/4852 2542/4512/4852
f 3024/4025/4853 2673/4260/4853 2628/4268/4853
f 3253/4211/4854 2479/4213/4854 2478/4797/4854
f 2424/4159/4855 3063/4158/4855 3071/5020/4855
f 2328/5021/4856 2451/5022/4856 3187/5023/4856 2395/5024/4856
f 2465/5025/4857 3258/5026/4857 2952/5027/4857
f 2482/5028/4858 2904/4784/4858 2820/4783/4858
f 3116/4367/4859 2732/4687/4859 3096/4170/4859
f 2782/4968/4860 3183/4108/4860 2724/4287/4860
f 3407/5029/4861 2662/4882/4861 3376/5030/4861
f 2549/5031/4862 2317/5032/4862 2258/4625/4862
f 2730/4210/4863 2437/4209/4863 3118/5033/4863
f 3062/4150/4864 2655/5034/4864 2705/4495/4864
f 2607/5035/4865 2608/5036/4865 3138/5037/4865
f 2427/5038/4866 3260/5039/4866 2827/4478/4866
f 2396/5040/4867 2397/5041/4867 2752/5042/4867
f 2887/5043/4868 2981/5044/4868 2391/5045/4868
f 2530/5046/4869 2529/5047/4870 3223/4684/4871
f 2530/5046/4869 3223/4684/4871 2877/5048/4872
f 3419/4685/4604 2928/4712/4873 2927/4493/4873 3469/4448/4604
f 3264/5049/4874 3271/4039/4874 2744/5050/4874
f 2434/4206/4875 2737/5051/4876 3226/5052/4877
f 2549/5031/4878 3220/5053/4878 3061/5054/4878
f 3330/5055/4879 2507/5056/4879 2309/4869/4879
f 3144/4864/4880 2785/4866/4880 2333/5057/4880
f 2546/4546/4881 2406/4237/4881 3385/4236/4881 3363/4544/4881
f 2773/5058/4882 2772/5059/4882 2830/5060/4882
f 3111/5061/4883 2854/5062/4883 2620/4585/4883
f 2299/5063/4884 3243/5064/4884 3119/4432/4884
f 2952/5027/4885 2621/5065/4885 3228/4993/4885
f 2840/5066/4886 2310/4406/4887 2741/4547/4888
f 2740/4525/4889 2840/5066/4889 2741/4547/4889
f 2302/5067/4890 3126/4045/4890 2802/4044/4890
f 2459/4940/4891 3303/4756/4891 2769/4888/4891
f 2937/5068/4892 3225/5069/4892 2938/5070/4892
f 3264/5049/4893 2744/5050/4893 3238/4628/4893
f 2662/5071/4894 2379/4431/4894 2314/4433/4894
f 2719/5072/4895 3240/5073/4895 3241/5074/4895
f 3242/4705/4896 2860/4702/4896 3216/4701/4896
f 3379/5075/4897 3418/5076/4897 3276/5077/4897
f 2386/5078/4898 3193/5000/4898 2665/4470/4898
f 2470/5079/4899 2471/5080/4899 2875/5081/4899
f 2953/4157/4900 2424/4159/4900 2301/4569/4900
f 2939/4281/4901 3059/4187/4901 3132/4383/4901
f 2755/4824/4902 2524/4289/4902 3079/4261/4902
f 2333/5057/4903 2332/5082/4903 2608/5036/4903
f 3014/4089/4904 3094/4091/4904 2672/4779/4904
f 2623/4827/4905 2833/5083/4905 2538/5084/4905
f 3039/4340/4906 2911/5085/4906 2320/4341/4906
f 3362/4545/4907 2560/4049/4908 2828/4051/4908 3346/5086/4907
f 3027/5087/4909 2448/4031/4282 2510/4033/4284
f 2303/4912/4910 3178/4618/4910 2844/4405/4910
f 3442/5088/4911 3462/4565/4911 2611/4445/4911
f 2770/5089/4912 2807/4988/4912 2558/5090/4912
f 3082/5091/4913 2983/5092/4913 2627/5093/4913
f 2882/4821/4914 2753/4645/4915 2897/4647/4916
f 2282/4644/4917 2456/4611/4917 3028/5094/4917
f 3090/4983/4918 3351/4982/4918 3352/5095/4918
f 2344/5096/4919 2768/5097/4919 3160/5098/4919
f 2444/4247/4920 3393/5099/4920 3443/4245/4920
f 3295/4392/4921 3397/5100/4922 3414/5101/4922 2593/5102/4923
f 3092/4364/4924 2501/4263/4924 3255/4880/4924
f 2515/4285/4925 2887/4155/4925 3299/4154/4925
f 2289/5103/4926 3321/4228/4926 2268/5104/4926
f 2660/5105/4927 3170/4059/4927 2393/4920/4927
f 3370/5106/4928 3437/5107/4928 2625/5108/4928
f 2804/5109/4929 2625/5108/4930 2626/5110/4931
f 2869/5111/4932 2649/4449/4932 2870/4313/4932
f 2640/5112/4933 3072/5113/4933 3139/4094/4933
f 3416/5114/4934 2407/5115/4934 2693/4085/4934 3376/5030/4934
f 3142/4972/4935 2962/4137/4327 2312/4136/4326
f 2967/5116/4936 2362/5117/4936 2694/5118/4936
f 2317/5032/4937 2549/5031/4937 2798/5006/4937
f 2300/4078/4938 2470/5079/4938 3143/4474/4938
f 2878/5119/4939 2877/5048/4939 2637/5120/4939
f 3251/4794/4940 3169/5121/4940 3390/5122/4940 3388/5123/4940
f 2479/4213/4941 3143/4474/4941 2915/4476/4941
f 2742/4676/4942 2743/4292/4942 2841/5124/4942
f 3181/4393/4943 2817/5125/4943 2405/4394/4943
f 2622/4407/4944 2958/4277/4944 2844/4405/4944
f 2270/4373/4945 3168/4173/4945 2840/5066/4945
f 2269/4348/4946 2597/4574/4946 3067/4847/4946
f 3026/5126/4947 2839/5127/4947 2292/4931/4947
f 2970/4331/4948 3154/4179/4948 2356/4332/4948
f 2669/4767/4949 3225/5069/4949 2511/5128/4949
f 2716/4517/4950 2713/5129/4950 2714/5130/4950
f 2401/5131/4951 3263/4898/4951 2920/4538/4951
f 2575/4620/4952 2848/4250/4952 2576/4309/4952
f 3062/4150/4953 3209/5132/4953 2373/4140/4953
f 2480/4077/4954 2425/4570/4954 2300/4078/4954
f 2460/4222/4955 3214/4224/4955 2969/5133/4955
f 2597/4574/4956 2836/5134/4956 2735/4575/4956
f 3177/4337/4957 2999/4339/4957 2556/5135/4957
f 2838/5136/4958 2319/4617/4959 2260/4355/4960
f 2627/5093/4961 2297/5137/4961 3003/4411/4961
f 2297/5138/4962 3097/5139/4962 2766/4858/4962
f 2300/4078/4963 2425/4570/4963 2739/4963/4963
f 2342/4440/4964 2543/4879/4964 3294/4441/4964
f 2563/5140/4965 2954/5141/4965 2858/5142/4965
f 2670/4280/4966 2555/4279/4966 2320/4341/4966
f 3280/5143/4967 2489/5144/4967 2653/5145/4967
f 2330/5146/4968 2704/5147/4968 3053/4859/4968
f 2382/4147/4969 3162/4149/4969 3161/5148/4969
f 2908/4666/4970 2663/4668/4970 3055/5149/4970
f 3199/5150/4971 2983/5092/4971 2822/5151/4971
f 2762/5152/4972 3281/5153/4972 3131/5154/4972
f 2522/4677/4973 3238/4628/4973 2744/5050/4973
f 2813/5155/4974 2512/4814/4974 2558/4813/4974
f 2615/4865/4975 2784/5156/4975 2785/4866/4975
f 2656/4534/4976 3166/4533/4976 2705/4495/4976
f 3278/4953/4977 2733/4528/4977 3066/5157/4977
f 2488/5158/4978 2796/5159/4978 3340/4249/4978
f 3396/5160/4979 2519/5161/4979 3076/4885/4979 3426/5162/4979
f 2907/4661/4980 3105/5163/4980 3328/4886/4980
f 2751/5164/4981 2975/5165/4981 2695/5166/4981
f 3165/4496/4982 3044/5167/4982 2654/4632/4982
f 2655/5034/4983 3062/4150/4983 2496/4116/4983
f 3416/5114/4984 3376/5030/4984 2662/4882/4984 2401/5168/4984
f 3384/4447/4985 3413/4191/4985 2911/4190/4985
f 2545/4688/4986 2711/4689/4986 2917/5169/4986
f 2778/5170/4987 3001/5171/4987 2607/5172/4987
f 3472/5173/4988 3474/5174/4988 3289/4428/4988
f 3476/4204/4989 3291/5175/4989 3477/5176/4989
f 2551/4216/4990 2781/4073/4990 3110/4076/4990
f 2542/4512/4991 2764/4674/4991 3294/4441/4991
f 3294/4441/4992 2543/4879/4992 2542/4512/4992
f 2370/4028/4993 2747/4844/4993 3402/5177/4993 3409/4029/4993
f 2784/5156/4994 2774/5178/4994 2431/4555/4994
f 2590/5179/4995 3001/5171/4995 2738/4670/4995
f 2402/4356/4996 3331/5180/4996 2267/4284/4996
f 2644/4438/4997 2869/5111/4997 2492/4312/4997
f 2261/4062/4295 2530/4421/4998 2286/4063/4296
f 3120/5181/4999 2372/5182/4999 3121/5183/4999
f 3305/5184/5000 3222/5185/5000 3297/4060/5000
f 2816/4548/5001 2741/4547/5001 3223/4684/5001
f 2380/4104/5002 2554/4917/5002 2381/4773/5002
f 3045/4042/5003 3185/4747/5003 2572/4848/5003
f 3045/4042/5004 2572/4848/5004 2326/4040/5004
f 2574/4539/5005 3094/4091/5005 2901/4090/5005
f 2389/5186/5006 2731/4873/5006 2390/4671/5006
f 2475/4884/5007 2334/4188/5008 3059/4187/5009
f 3248/5187/5010 2681/5188/5010 2900/5189/5010
f 2508/5190/5011 2899/5191/5011 2507/5056/5011
f 3255/4880/5012 2501/4263/5012 2931/4557/5012
f 2923/5192/5013 2985/4218/5013 2509/4909/5013
f 3301/5193/5014 2581/5194/5014 2972/5195/5014
f 2552/4215/5015 3250/4214/5015 2413/5196/5015
f 2584/4298/5016 2399/4300/5016 2938/4426/5016
f 2526/5197/5017 2900/5198/5017 3147/4853/5017
f 2987/5199/5018 3099/4056/5018 2657/4055/5018
f 2580/5200/5019 3301/5201/5019 2748/5202/5019
f 2776/4444/5020 2829/4984/5020 2408/5203/5020
f 2718/5204/5021 2717/5205/5021 2363/4110/5021
f 2345/5206/5022 3065/5207/5022 3112/5208/5022
f 2409/4603/5023 2979/5209/5023 2655/5034/5023
f 2691/5210/5024 2440/4034/5024 2976/5211/5024
f 2516/4655/5025 2826/4530/5026 2469/5212/5027
f 3304/5213/5028 2917/5169/5028 2711/4689/5028
f 2507/5056/5029 2899/5191/5029 2308/5214/5029
f 3170/4059/5030 3305/5184/5030 3297/4060/5030
f 2455/4178/5031 2456/4611/4548 2871/4560/4547
f 3033/5215/5032 2616/5216/5032 3032/5217/5032
f 3341/4526/5033 2736/4541/5033 2376/5218/5033
f 3458/5219/5034 3388/5123/5034 3307/5220/5034
f 3446/5221/5035 3447/5222/5036 3310/4891/5037
f 2825/4529/5038 2618/4531/5038 3144/4864/5038
f 2537/4311/4400 2833/5083/5039 2492/4312/4401
f 2273/4219/4361 2985/4218/4360 2896/4916/5040
f 3036/4097/5041 2607/5172/5041 3138/5223/5041
f 2449/4163/5042 3302/5224/5042 2450/4164/5042
f 2478/4797/4669 3232/5225/5043 3148/4798/4670
f 2310/4406/5044 3178/4618/5044 2637/5120/5044
f 3318/4083/5045 3305/5184/5045 2318/4084/5045
f 2503/4362/5046 3183/4108/5047 2502/4363/5048
f 2503/4362/5046 2835/4106/5049 3183/4108/5047
f 2736/5226/5050 3189/5227/5050 3226/5052/5050
f 3124/5228/5051 2355/4098/4524 3060/4327/5052
f 2792/4895/5053 2750/4087/5053 2791/4086/5053
f 3195/4700/5054 3140/4780/5054 2453/4552/5054
f 2647/4324/5055 3304/5229/5055 2711/4325/5055
f 3342/5230/5056 2577/4630/5056 2678/5231/5056
f 3068/5232/5057 2286/4063/5057 2467/4231/5057
f 2943/5233/5058 2410/4329/5058 2292/4328/5058
f 2774/5178/5059 2775/5234/5059 2431/4555/5059
f 3334/4118/5060 2577/5235/5060 3313/5236/5060
f 3291/5175/5061 3313/5236/5061 3342/5237/5061
f 3291/5175/5062 3334/4118/5062 3313/5236/5062
f 2280/4789/5063 3334/5238/5063 3291/4958/5063
f 2979/4825/5064 2409/5239/5064 2755/4824/5064
f 3431/4775/5065 2783/4774/5065 3502/5240/5065 3519/5241/5065
f 3056/4860/5066 3328/4886/5066 2906/4255/5066
f 3047/5242/5067 2629/4269/5067 3096/4170/5067
f 3222/4861/5068 2600/5243/5068 3141/4389/5068
f 2912/4686/5069 2911/4190/5069 3087/4690/5069
f 2655/5034/5070 2656/4534/5070 2705/4495/5070
f 3443/4245/5071 2467/4231/5071 3444/4246/5071
f 2375/5244/5072 2613/4145/5072 3070/5245/5072
f 3104/4731/5073 2668/4071/5073 3114/4052/5073
f 3270/5246/5074 2348/5247/5074 2675/5248/5074
f 2411/4719/5075 3039/4340/5075 3038/4342/5075
f 2475/4884/5076 2670/4280/5076 2671/5249/5076
f 2570/4535/5077 3448/5250/5077 3439/5251/5077 3049/4536/5077
f 2879/5252/5078 2293/5253/5079 2349/5254/5078
f 2338/5255/5080 3171/5256/5080 2272/5257/5080
f 2443/4466/5081 3268/4995/5081 2264/4728/5081
f 2343/5002/5082 2910/5258/5082 2570/4535/5082
f 3247/4082/5083 2865/4081/5083 2866/5259/5083
f 2344/4563/5084 2846/4561/5084 2630/4283/5084
f 2719/4942/5085 2720/5260/5085 2997/4943/5085
f 2393/4920/5086 2307/4058/5086 2948/5261/5086
f 2571/4726/5087 2393/5262/5087 2948/5263/5087
f 3391/5264/5088 3289/4428/5089 2327/5265/5089 3381/5266/5088
f 2265/5009/5090 2284/5267/5090 2801/5268/5090
f 2913/4659/5091 3192/4380/5091 3479/5269/5091 3483/5270/5091
f 3183/4108/5092 2599/4107/5092 2302/5067/5092
f 2828/4051/5093 3081/4050/5093 2331/4498/5093
f 3395/5271/5094 3486/5272/5094 3277/5273/5094
f 3082/5091/5095 2561/4829/5095 2983/5092/5095
f 2797/5274/5096 2576/4309/5096 2848/4250/5096
f 2307/4058/5097 3297/4060/5097 2885/5275/5097
f 2897/4647/5098 3015/4819/5098 2882/4821/5098
f 2947/5008/5099 2628/4268/5099 2629/4269/5099
f 3263/4881/5100 2314/4883/5100 3249/5276/5100
f 2594/4754/5101 2959/4460/5101 2351/5277/5101
f 2842/5278/5102 2682/5279/5102 2681/5188/5102
f 2859/4308/5103 2534/4310/5103 3002/5280/5103
f 3478/4242/5104 2932/4241/5104 3481/4741/5104
f 2744/5050/5105 2743/4292/5105 2522/4677/5105
f 2354/4467/5106 2389/5186/5106 3080/5281/5106
f 3228/5282/5107 2621/5283/5107 2464/5284/5107
f 2468/4233/5108 2876/5285/5108 2329/4477/5108
f 3365/5286/5109 3366/4334/5109 3319/5287/5109
f 3415/5288/5110 3365/5286/5110 3319/5287/5110
f 3182/4278/5111 3094/4091/5111 2573/4899/5111
f 3377/5289/5112 3386/5290/5112 2531/5291/5113
f 2265/5009/5114 2991/5292/5114 2363/5293/5114
f 2382/4147/5115 3161/5148/5115 2945/5294/5115
f 2934/5003/5116 2634/4369/5116 2436/4368/5116
f 3122/5295/5117 2773/4612/5117 2831/4614/5117
f 3122/5296/5118 2665/4470/5118 2773/4566/5118
f 2875/5081/5119 2628/4268/5120 2405/4394/5121
f 2377/4144/5122 2587/4143/5122 2378/4146/5122
f 2664/4469/5123 2708/5297/5123 3045/4042/5123
f 2362/5298/5124 2364/4485/5124 2694/4769/5124
f 2686/4420/5125 2684/5299/5125 2683/4723/5125
f 2990/5011/5126 2493/4378/5127 2432/4315/5128
f 3013/4212/5129 2481/4152/5129 2873/4079/5129
f 2311/4770/5130 3329/5016/5130 2765/5015/5130
f 3364/5300/5131 2926/5301/5131 2595/4461/5131 3448/5250/5131
f 2725/5302/5132 3019/5303/5132 2462/5304/5132
f 3436/5305/5133 2662/4882/5133 3407/5029/5133
f 3358/5306/5134 2973/4768/5134 3394/5307/5134
f 2894/5308/5135 2902/4944/5135 2893/4642/5135
f 3277/5273/5136 3486/5272/5136 3440/5309/5136 3173/5310/5136
f 2624/5311/5137 2714/5312/5137 3122/5295/5137
f 2624/4518/5138 2780/4975/5138 3018/4414/5138
f 3161/4635/5139 2652/5313/5139 2890/4636/5139
f 2391/5045/5140 2318/4084/5140 3170/4059/5140
f 2628/4268/5141 2471/5080/5141 3024/4025/5141
f 3125/4316/5142 2532/4760/5142 2962/4137/5142
f 2324/4799/5143 3148/4798/5143 3014/4089/5143
f 2582/4463/5144 3359/4776/5145 3360/5314/5146
f 3296/5315/5147 2852/5316/5147 3468/5317/5147 3356/5318/5147
f 3180/4395/5148 2499/5319/5148 3181/4393/5148
f 3194/4711/5149 2386/5320/5149 3240/4709/5149
f 3241/5074/5150 3240/5073/5150 2386/5321/5150
f 2349/4455/5151 2276/5322/5151 3213/4456/5151
f 2419/4102/5152 3186/4101/5153 2718/5323/5154
f 2275/5324/5155 2497/5325/5155 2410/5326/5155
f 3100/4878/5156 2415/5327/5156 2746/4391/5156
f 2800/4103/5157 2317/5032/5158 3221/4918/5159
f 3024/4025/5160 3082/5091/5160 2845/4258/5160
f 2837/4490/5161 2565/4229/5161 3321/4228/5161
f 2353/4120/5162 2352/4119/5162 3322/5328/5162
f 2771/4064/5163 3296/5315/5163 3383/5329/5163 3424/5330/5163
f 3113/5331/5164 2459/5332/5164 2367/5333/5164
f 2462/5334/5165 2383/4148/5165 2936/5335/5165
f 2379/4431/5166 3246/5336/5166 3119/4432/5166
f 2755/4824/5167 2498/4817/5167 2978/4046/5167
f 3037/4506/5168 2757/4925/5169 2497/5325/5170
f 3018/4414/5171 2535/4416/5171 3019/4822/5171
f 2439/5337/5172 3274/5338/5172 2685/5339/5172
f 2270/4373/5173 2376/5218/5173 3029/4371/5173
f 3377/5289/5112 2553/4750/5174 3386/5290/5112
f 2945/5294/5175 2892/5340/5175 2382/4147/5175
f 2775/5234/5176 2593/5102/5176 2592/5341/5176
f 2733/4528/5177 2473/4537/5177 3233/4068/5177
f 2445/4267/5178 2444/4247/5178 3444/4246/5178 3464/4264/5178
f 2562/5342/5179 2540/5343/5180 2539/5344/5181
f 3358/5306/5182 3394/5307/5182 3010/5345/5182
f 3097/5139/5183 2853/4314/5183 2766/4858/5183
f 3398/4265/5184 2827/4478/5184 3433/5346/5184
f 2875/5081/5119 2405/4394/5121 2817/5125/5185
f 2527/5347/5186 2681/5188/5186 3172/5348/5186
f 2750/4087/5187 2751/4303/5187 3261/4221/5187
f 2299/5063/5188 2849/4151/5188 3243/5064/5188
f 2452/5349/5189 2968/4749/5189 2659/5350/5189
f 2766/4858/4723 2446/4857/4722 2272/5257/5190
f 3169/5121/5191 2592/5341/5191 3408/5351/5191 3427/5352/5191
f 2465/5025/5192 3259/5353/5192 2458/5354/5192
f 2591/5355/5193 2684/5299/5193 2686/4420/5193
f 2274/4220/5194 2509/4909/5194 2985/4218/5194
f 3007/4809/5195 2740/4525/5195 2368/5356/5195
f 2485/5357/5196 2898/4803/4674 2486/4805/4676
f 2675/5248/5197 3101/4344/5197 3041/5358/5197
f 2758/5359/5198 2427/5038/5198 2329/4477/5198
f 2329/4477/5199 2876/5285/5199 2878/5360/5199
f 2463/4230/5200 2565/4229/5200 3175/4980/5200
f 2438/5361/5201 3271/5362/5201 3429/5363/5201 3349/5364/5201
f 3478/4242/5202 3481/4741/5202 2957/5365/5202
f 2593/5102/5203 2754/4841/5204 3000/4390/5205
f 3235/5366/5206 2321/5367/5206 2634/4369/5206
f 2938/5368/5207 3220/5053/5207 2549/5031/5207
f 2591/5355/5208 2685/5369/5208 3274/5370/5208
f 2298/4877/5209 3244/5371/5209 3100/4878/5209
f 2547/5372/5210 2881/5373/5210 3051/5374/5210
f 2290/5375/5211 2934/5003/5211 2436/4368/5211
f 3113/5376/5212 2620/4585/5212 3258/4587/5212
f 3387/5377/5213 2277/5378/5213 2519/5161/5213 3396/5160/5213
f 2635/4564/5214 3119/4432/5214 3246/5336/5214
f 2429/5018/5215 2605/4693/5215 2604/4695/5215
f 2894/5308/5216 2893/4642/5216 2988/4641/5216
f 3251/4794/5217 2431/4555/5217 3169/5121/5217
f 3286/4660/5218 3105/5163/5218 2907/4661/5218
f 2267/4284/5219 3331/5180/5219 3022/5379/5219
f 2471/5080/5220 2919/4553/5220 3024/4025/5220
f 2989/5380/5221 2339/5381/5221 2477/5382/5221
f 2859/4308/5222 2575/4620/5222 2576/4309/5222
f 2980/4066/5223 3098/4065/5223 3225/5069/5223
f 3356/5318/5224 3383/5329/5224 3296/5315/5224
f 3160/5098/5225 2567/4350/5225 2896/4916/5225
f 2795/5383/5226 2276/5322/5227 2472/5384/5228
f 2756/4171/5229 2958/4277/5229 2622/4407/5229
f 2888/5385/5230 2795/5383/5226 2472/5384/5228
f 3475/4175/5231 3173/4174/5231 3440/5386/5231
f 2265/5009/5232 2801/5268/5232 3117/5010/5232
f 3269/4491/5233 2838/5136/4958 2571/4726/5234
f 2583/5387/5235 2894/5308/5235 2988/4641/5235
f 2894/5388/5236 2583/5389/5236 2483/4710/5236
f 2701/4492/5237 2326/4040/5237 2572/4848/5237
f 2789/4954/4792 3133/4713/5238 3326/4714/4793
f 2809/4682/5239 2807/4988/5239 2458/4758/5239
f 3318/4083/5240 2600/5390/5240 3305/5184/5240
f 3453/5391/5241 3484/5392/5241 2651/5393/5241
f 3235/5366/5242 2634/4369/5242 3049/4536/5242
f 3006/4166/5243 3287/4576/5243 2689/4167/5243
f 2967/5394/5244 2514/5395/5244 2512/5396/5244
f 2935/4721/5245 3309/4969/5245 2862/5397/5245
f 2811/5398/5246 2812/4352/5246 3127/5399/5246
f 2556/5135/5247 2998/5400/5248 2388/4807/5249
f 2998/5400/5248 2350/5401/5250 2388/4807/5249
f 3035/4887/5251 2419/4102/5251 2585/4384/5251
f 2801/4288/5252 2284/5402/5252 2723/4286/5252
f 2613/4145/5253 2375/5244/5253 2377/4144/5253
f 2800/4103/5254 3234/4105/5254 2258/4625/5254
f 3358/5306/5255 3010/5345/5255 3374/5403/5255
f 2266/4837/5256 3010/5345/5256 3179/4987/5256
f 3322/4955/5257 3284/4957/5257 2707/4500/5257
f 3284/4957/5258 3159/4499/5258 2707/4500/5258
f 2331/4498/5259 2918/4388/5259 2828/4051/5259
f 2612/4583/5260 2611/5404/5260 2993/4584/5260
f 2365/4486/5261 3025/4109/5261 2566/4487/5261
f 2831/5405/5262 2830/5060/5262 2779/5406/5262
f 3115/4259/5263 3003/4411/5263 2674/4745/5263
f 3054/4904/5264 3354/4911/5264 3405/5407/5264
f 3190/5408/5265 2619/4704/5265 2435/4207/5265
f 3129/4633/5266 3023/4939/5266 2578/5409/5266
f 3209/5132/5267 3129/4633/5267 2578/5409/5267
f 2910/5258/5268 2343/5002/5269 3404/5410/5270 3470/5411/5268
f 2343/5002/5271 2570/4535/5271 2934/5003/5271
f 2411/4719/5272 3038/4342/5272 3083/5412/5272
f 3257/5413/5273 2942/5414/5273 2407/5115/5273
f 3026/5126/5274 3069/5415/5274 2839/5127/5274
f 2306/4729/5275 2745/4607/5275 3279/4941/5275
f 3200/4338/5276 2315/4897/5277 2999/4339/5278
f 2904/5012/5279 2432/4315/5279 3097/5139/5279
f 2397/5041/5280 3127/5399/5281 2760/5416/5282
f 2793/5417/5283 3171/5256/5283 2338/5255/5283
f 3243/5064/5284 2849/4151/5285 3300/4153/5286
f 3472/5173/5287 3391/5264/5287 3235/5366/5287
f 2532/4760/5288 2371/4759/5289 2961/4836/5290
f 3103/4732/5291 3114/4052/5291 2279/4580/5291
f 3085/4048/5292 3146/4646/5292 2656/5418/5292
f 3357/5419/5293 3460/5420/5293 3204/5421/5293
f 3461/4160/5294 2969/5133/5294 3204/5421/5294 3460/5420/5294
f 3389/5422/5295 3090/4983/5295 3352/5095/5295
f 3398/4265/5296 3433/5346/5296 2786/4266/5296
f 3124/5228/5297 2924/5423/5297 2554/4917/5297
f 2982/4985/5298 2616/4772/5298 3495/5424/5298 3508/5425/5298
f 3270/5246/5299 3232/5225/5299 3089/4579/5299
f 2732/4687/5300 3116/4367/5300 2336/4366/5300
f 3400/5426/5301 3371/5427/5301 2511/5128/5301
f 2840/5066/4886 2404/4172/5302 2310/4406/4887
f 2404/4172/5303 2622/4407/5303 2310/4406/5303
f 2854/5428/5304 2856/5429/5304 2954/5430/5304
f 2904/5012/5305 2990/5011/5305 2432/4315/5305
f 2970/5431/5306 2723/5432/5307 3308/5433/5308
f 3040/5434/5309 2474/5435/5309 3272/5436/5309
f 3188/4135/5310 3198/4134/5310 2690/4818/5310
f 3106/4761/5311 2532/4760/5311 3125/4316/5311
f 2407/5115/5312 3318/4083/5312 2693/4085/5312
f 3114/4052/5313 2993/4584/5313 2996/4053/5313
f 2333/5057/5314 2608/5036/5314 2607/5035/5314
f 2922/4217/5315 3149/4080/5315 2448/5437/5315
f 2350/5401/5316 2929/4806/5316 2388/4807/5316
f 3424/5330/5317 2799/4596/5317 3423/4595/5317
f 3311/4270/5318 3222/4861/5318 2704/5147/5318
f 3197/4402/5319 2422/4452/5319 3174/4403/5319
f 2789/4954/5320 2790/4715/5320 3133/4713/5320
f 2306/4729/5321 2285/4994/5321 2745/4607/5322
f 2552/4215/5323 2909/4707/5323 3452/4706/5323 3434/5438/5323
f 2916/4035/5324 2691/5210/5324 2439/4419/5324
f 3062/4150/5325 2883/4494/5325 3129/4633/5325
f 3194/5439/5326 2940/4117/5326 3008/4248/5326
f 2426/4193/5327 2568/4192/5327 2925/5440/5327
f 2561/4829/5328 2822/5151/5328 2983/5092/5328
f 2918/4388/5329 2601/4387/5329 3327/4610/5329
f 2669/4767/5330 3262/5441/5330 3011/5442/5330
f 2858/5443/5331 2453/4552/5331 2563/5444/5331
f 2339/5381/5332 2645/5445/5332 3191/4437/5332
f 3071/5020/5333 2739/4963/5333 2425/4570/5333
f 3073/4093/4309 2972/5446/5334 2358/4026/4310
f 2676/4067/5335 2677/5447/5335 3233/4068/5335
f 2340/4785/5336 2869/5111/5336 2644/4438/5336
f 2944/4161/5337 2438/5448/5337 3349/5449/5337 3373/5450/5337
f 3475/4175/5338 3440/5386/5338 3215/5451/5338
f 3202/4450/5339 2648/5452/5339 2803/5453/5339
f 3373/5450/5340 3410/4162/5340 2944/4161/5340
f 3053/4859/5341 2704/5147/5341 3141/4389/5341
f 2728/5454/5342 3245/5455/5342 2722/4524/5342
f 2717/5456/5343 3186/4101/5343 3135/5457/5343
f 3070/5245/5344 2613/4145/5344 2434/5458/5344
f 3063/4158/5345 3184/4950/5345 3071/5020/5345
f 3102/4360/5346 2919/4553/5346 2739/4963/5346
f 3221/4918/5347 2550/5007/5347 3123/4571/5347
f 3048/5459/5348 2721/4523/5348 3332/4522/5348
f 2721/4523/5349 2936/5460/5349 2728/5454/5349
f 2838/5136/4958 3269/4491/5233 2319/4617/4959
f 2892/4637/5350 2945/5461/5350 3161/4635/5350
f 3123/4571/5351 2864/4099/5351 2355/4098/5351
f 2748/5462/5352 3072/5113/5352 2641/5463/5352
f 2657/4055/5353 3093/4903/5353 2987/5199/5353
f 2295/5464/5354 2882/4821/5354 2420/4820/5354
f 2630/4283/5355 2387/5019/5355 2768/4562/5355
f 2340/4785/5356 3282/5465/5356 2824/4786/5356
f 3270/5246/5357 2675/5248/5357 3232/5225/5357
f 3282/5465/5358 2484/4926/5358 2823/5466/5358
f 2484/4926/4775 3282/5465/5359 2485/4927/4776
f 2277/5378/5360 2420/4820/5360 2519/5161/5360
f 2410/4329/5361 2759/4718/5361 2974/4608/5361
f 2755/4824/5362 3286/4660/5362 2498/4817/5362
f 2632/4180/5363 3302/5467/5363 2449/4181/5363
f 2958/4277/5364 2303/4912/5364 2844/4405/5364
f 2779/5468/5365 3316/5469/5365 2780/5470/5365
f 3361/4443/5366 3412/4605/5366 2776/4444/5366
f 3120/5471/5367 3121/5472/5367 3338/4989/5367
f 3461/4160/5368 3460/5420/5368 3147/5473/5368 2944/4161/5368
f 2778/5170/5369 3080/5281/5369 2738/4670/5369
f 2332/5082/5370 3138/5037/5370 2608/5036/5370
f 2400/4559/5371 2302/5067/5371 2589/5474/5371
f 2273/4219/5372 2896/4916/5372 3108/4915/5372
f 2308/5214/5373 2761/4115/5373 2442/4870/5373
f 2303/4912/5374 2273/4219/5374 3178/4618/5374
f 3218/5475/5375 3219/4290/5375 2524/4289/5375
f 2687/4698/5376 2858/5443/5376 2874/5476/5376
f 2997/4943/5377 2720/5260/5377 3231/5477/5377
f 2492/4312/5378 2869/5111/5378 2870/4313/5378
f 3051/5478/5379 2762/5152/5379 3131/5154/5379
f 2984/4905/5380 2846/4907/5380 2344/5096/5380
f 2314/4433/5381 3119/4432/5381 3249/5479/5381
f 2427/5038/5382 2827/4478/5382 2329/4477/5382
f 3159/4499/5383 3205/4497/5383 3081/4050/5383
f 2578/5409/5384 2756/4171/5384 2617/5480/5384
f 2652/5481/5385 2653/5145/5385 2489/5144/5385
f 2897/4647/5386 2294/4047/5387 3015/4819/5388
f 3415/5288/5389 3430/5482/5389 3271/5362/5389 3264/4335/5389
f 3162/4149/5390 3091/5483/5390 3314/5484/5390
f 3330/5055/5391 2508/5190/5391 2507/5056/5391
f 2861/5485/5392 2862/5397/5392 3219/4290/5392
f 2915/4476/5393 3237/4475/5393 2818/4550/5393
f 2593/5102/5394 3414/5101/5394 3343/5486/5394 2592/5341/5394
f 3365/5286/5395 3264/4335/5395 3366/4334/5395
f 3120/5487/5396 3338/5488/5396 2772/5059/5396
f 2763/4675/5397 2880/4855/5397 2712/5489/5397
f 3214/5490/5398 3323/5491/5398 2763/4675/5398
f 3396/5160/5399 3426/5162/5399 3037/4506/5399 2497/5325/5399
f 2896/4916/5400 2344/5096/5400 3160/5098/5400
f 2547/4833/5401 3031/4182/5401 2647/4318/5401
f 2603/4359/5402 2359/4964/5402 3102/4360/5402
f 2355/4098/4524 3124/5228/5051 2283/4572/4525
f 2360/4932/5403 3127/4934/5403 2396/5492/5403
f 2444/4247/5404 3028/5094/5404 3375/5493/5404 3393/5099/5404
f 2654/4632/5405 3044/5167/5405 2304/4938/5405
f 3020/4357/5406 3299/4154/5406 3288/4696/5406
f 2784/5156/5407 2431/4555/4510 2454/4554/4509
f 2492/4312/5408 2833/5083/5408 2623/4827/5408
f 3030/4831/5409 3029/4371/5409 2376/5218/5409
f 2504/4902/5410 2702/4973/5410 2701/4492/5410
f 3025/4109/5411 2992/4111/5411 2579/5494/5411
f 2416/4129/5412 2579/4128/5412 2580/5200/5412
f 2287/4725/5413 3269/4491/5413 2571/4726/5413
f 2566/4487/5414 3025/4109/5414 2579/5494/5414
f 2258/4625/5415 2938/5368/5415 2549/5031/5415
f 2778/5170/5416 2607/5172/5416 3036/4097/5416
f 3224/5495/5417 2619/4704/5417 3190/5408/5417
f 2606/4830/5418 3009/4372/5418 3029/4371/5418
f 3209/5132/5419 2617/5480/5419 2373/4140/5419
f 3209/5132/5420 2578/5409/5420 2617/5480/5420
f 2842/5496/5421 2681/4791/5421 2612/4790/5421
f 2830/5060/5422 2429/5018/5422 2779/5406/5422
f 2286/4063/5423 3068/5232/5423 2486/4061/5423
f 2657/4055/5424 2476/4057/5424 3339/5497/5424
f 3233/4068/5425 2886/4951/5425 3066/5157/5425
f 2644/4438/5426 3191/4437/5426 2645/5445/5426
f 2730/4923/5427 3118/5498/5427 2761/4115/5427
f 2885/5275/5428 3337/5499/5428 2508/5500/5428
f 3121/4141/4331 2373/4140/4330 3009/4372/5429
f 2762/4511/5430 2880/4855/5430 2763/4675/5430
f 2880/4855/5431 2762/4511/5431 3051/4856/5431
f 3149/4080/5432 2795/5383/5432 2888/5385/5432
f 2469/5212/5433 2826/4530/5433 2825/4529/5433
f 2305/4399/5434 3151/4401/5434 3298/5501/5434
f 3099/4056/4680 2736/4541/5435 3341/4526/4681
f 2598/4929/5436 2835/4106/5436 2503/4362/5436
f 2524/4289/5437 3324/4262/5437 3079/4261/5437
f 3138/5037/5438 2332/5082/5438 2450/4164/5438
f 3017/4872/5439 2638/4295/5439 3016/5502/5439
f 3175/5503/5440 2287/5504/5441 2361/5505/5442
f 2361/5505/5442 2287/5504/5441 3176/5506/5443
f 3190/5408/5444 2434/4206/5444 3226/5052/5444
f 2434/4206/5445 3190/5408/5445 2435/4207/5445
f 2260/4355/5446 2964/4424/5446 2402/4356/5446
f 2752/5507/5447 2397/5508/5447 2540/5509/5447
f 2362/4386/5448 3035/4887/5448 2585/4384/5448
f 2437/4209/5449 3242/5510/5449 2619/5511/5449
f 3223/4684/5450 2310/4406/5450 2637/5120/5450
f 2318/4084/5451 3305/5184/5451 3170/4059/5451
f 2366/5512/5452 3113/5376/5452 2367/4036/5452
f 3019/5303/5453 2725/5302/5453 3325/5513/5453
f 3165/4496/5454 3166/4533/5454 3312/5514/5454
f 2499/5319/5455 3040/5515/5455 3272/5516/5455
f 3307/5220/5456 2347/4801/5456 2486/4061/5456
f 3340/4249/5457 2487/4251/5457 3091/5517/5457
f 2490/4778/5458 3315/4622/5458 2986/5518/5458
f 2801/4288/5459 2302/5067/5460 2400/4559/5461
f 2451/5022/5462 2562/5342/5462 3491/5519/5462 3187/5023/5462
f 2924/5423/5463 2633/4326/5463 3283/4573/5463
f 3137/4100/5464 3135/5457/5464 3186/4101/5464
f 2507/5056/5465 2442/4870/5465 2309/4869/5465
f 2776/4444/5466 3412/4605/5466 3425/5520/5466 2829/4984/5466
f 2757/4925/5169 3276/5077/5467 3087/4690/5468
f 2321/5367/5469 2531/5521/5469 2943/4370/5469
f 3246/5336/5470 2494/4743/5470 2263/5522/5470
f 2506/4131/5471 2505/4272/5471 3309/4969/5471
f 2623/4827/5472 2760/5416/5472 3043/4826/5472
f 2999/4339/5473 2998/5400/5473 2556/5135/5473
f 3283/4573/5474 2480/4077/5474 2481/4152/5474
f 2931/4557/5475 2696/4488/5475 3131/5523/5475
f 2708/5524/5476 2664/5525/5476 3286/5526/5476
f 3109/5527/5477 2675/5248/5477 3041/5358/5477
f 3307/5220/5478 3211/5528/5478 2447/5529/5478
f 3476/4204/5479 3477/5176/5479 3236/4201/5479
f 2574/4539/5480 3277/4643/5480 3173/4540/5480
f 3307/5220/5481 2486/4061/5481 3068/5232/5481
f 3193/5000/5482 2386/5078/5482 3008/5001/5482
f 2435/4207/5483 3216/4701/5483 3070/4205/5483
f 2439/5337/5484 2691/5530/5484 3274/5338/5484
f 2757/5531/5485 2759/4718/5485 2410/4329/5485
f 2431/4555/5486 2775/5234/5486 2592/5341/5486
f 3014/4089/5487 2325/5532/5487 2901/4090/5487
f 2535/4416/5488 2536/4415/5488 2796/4591/5488
f 2796/5159/5489 2462/5304/5489 2535/5533/5489
f 2337/4556/5490 2456/4611/5490 2454/4554/5490
f 2587/4143/5491 2604/4695/5491 3064/5534/5491
f 2378/4146/5492 2587/4143/5492 3064/5534/5492
f 2525/5535/5493 3156/4183/5493 2697/4273/5493
f 2755/4824/5494 3105/5163/5494 3286/4660/5494
f 2631/5536/5495 2758/5537/5495 2878/5119/5495
f 3075/4354/5496 2657/4055/5496 3339/5497/5496
f 2837/4490/5497 3095/4735/5497 2564/4986/5497
f 2998/5400/5498 3088/5538/5498 2350/5401/5498
f 2868/4168/5499 2843/4330/5499 2974/4608/5499
f 2755/4824/5500 3079/4261/5500 3328/4886/5500
f 2803/5539/5501 2447/5529/5501 2804/5109/5501
f 2756/4171/5502 2622/4407/5502 2404/4172/5502
f 2398/4627/5503 2263/5522/5503 3285/5540/5503
f 2916/4035/5504 2440/4034/5504 2691/5210/5504
f 2598/4929/5505 2834/4930/5505 2835/4106/5505
f 3072/5541/5506 2748/5202/5506 3301/5201/5506
f 2898/5542/5507 2368/5356/5507 2261/5543/5507
f 2851/4434/5508 2850/5544/5509 2730/4210/5510
f 2847/4208/5511 2730/4210/5510 2850/5544/5509
f 3001/5171/5512 2590/5179/5512 2469/5545/5512
f 2291/4169/5513 2411/4719/5513 3083/5412/5513
f 2838/5136/5514 2392/5546/5514 2571/4726/5514
f 2920/4538/5515 2573/4899/5515 2574/4539/5515
f 2841/5124/5516 3012/4795/5516 2742/4676/5516
f 3164/4185/5517 2280/4789/5517 3034/4113/5517
f 2271/4347/5518 2951/4346/5518 2482/5028/5518
f 2406/4343/5519 3041/5358/5519 3101/4344/5519
f 2272/5257/5520 2312/4136/5520 2338/5255/5520
f 2802/4044/5521 2589/5474/5521 2302/5067/5521
f 3232/5225/5043 3109/5527/5522 3148/4798/4670
f 2296/4043/5523 2269/4348/5523 2271/4347/5523
f 2948/5261/5524 2307/4058/5524 2885/5275/5524
f 3033/5547/5525 2396/5492/5525 2752/5548/5525
f 3166/5549/5526 3146/4646/5526 2753/4645/5526
f 2514/5395/5527 2695/5550/5527 2975/5551/5527
f 2832/5552/5528 3112/5208/5528 2879/5553/5528
f 2878/5360/5529 2876/5285/5529 2877/4422/5529
f 2636/4232/5530 2877/4422/5530 2876/5285/5530
f 3196/4699/5531 2369/4781/5531 3195/4700/5531
f 2488/5158/5532 3091/5517/5532 3162/5554/5532
f 2821/5555/5533 3431/4775/5533 3519/5241/5533 3504/5556/5533
f 3008/5001/5534 2386/5078/5534 3194/5557/5534
f 3472/5173/5535 3289/4428/5535 3391/5264/5535
f 3054/4904/5536 3405/5407/5536 3404/5410/5270 2343/5002/5269
f 2797/5558/5537 2848/5559/5537 3340/5560/5537
f 2832/5561/5538 2879/5252/5078 2349/5254/5078
f 3237/4475/5539 2817/5125/5539 2818/4550/5539
f 2942/5414/5540 2600/5390/5540 3318/4083/5540
f 2983/5092/5541 3199/5150/5541 2297/5137/5541
f 3111/5562/5542 2856/5429/5542 2854/5428/5542
f 3097/5139/5543 2432/4315/5543 2853/4314/5543
f 2698/4908/5544 2689/5563/5544 2690/5564/5544
f 3282/5465/5545 2823/5466/5545 2824/4786/5545
f 3002/5280/5546 2534/4310/5546 2536/4977/5546
f 2640/5112/5547 2749/5565/5547 2641/5463/5547
f 2911/4190/5548 2932/4241/5548 2671/4244/5548
f 3065/5207/5549 2879/5553/5549 3112/5208/5549
f 3000/4390/5550 3295/4392/4921 2593/5102/4923
f 2856/5429/5551 3111/5562/5551 2921/5566/5551
f 2950/5567/5552 2990/5011/5552 2905/5013/5552
f 2660/5105/5553 3299/5568/5553 3170/4059/5553
f 2813/4936/5554 2967/5394/5554 2512/5396/5554
f 2729/5569/5555 2870/4313/5555 3275/5570/5555
f 2268/5104/5556 2463/4230/5556 2360/4932/5556
f 2756/4171/5557 2866/5259/5557 2958/4277/5557
f 2729/5569/5558 3275/5570/5558 2863/5571/5558
f 2367/4036/5559 2459/4940/5559 2440/4034/5559
f 2399/4606/5560 3061/5054/5560 3220/5053/5560
f 3262/5572/5561 2584/5573/5561 3011/5574/5561
f 3060/4327/5562 2633/4326/5562 2924/5423/5562
f 2733/4528/5563 3278/4953/5563 3040/5515/5563
f 3190/5408/5564 3226/5052/5564 3189/5227/5564
f 2985/4218/5565 2923/5192/5565 2984/4905/5565
f 2811/5398/5566 3175/5503/5566 2895/4353/5566
f 2892/5340/5567 2893/5575/5567 2891/4722/5567
f 2902/5576/5568 3245/5577/5568 2728/5578/5568
f 2308/5214/5569 3201/5579/5569 2495/5580/5569
f 3025/4109/5570 2365/4486/5570 2585/5581/5570
f 2261/5543/5571 2529/5047/5571 2530/5046/5571
f 2942/5582/5572 3215/4609/5572 2601/4387/5572
f 2842/5583/5573 2612/5584/5573 2528/5585/5573
f 2469/5212/5574 2607/5035/5574 3001/5586/5574
f 2516/4655/5025 2469/5212/5027 2794/5587/5575
f 3285/5540/5576 2937/5588/5577 2938/5368/5578
f 2687/5589/5579 2960/5590/5579 2688/5591/5579
f 3392/5592/5580 3427/5352/5580 3211/5528/5580
f 2982/4985/5581 2614/5593/5581 2311/4770/5581
f 2538/5084/5582 2562/5342/5582 2623/4827/5582
f 2562/5342/5583 2539/5344/5583 2623/4827/5583
f 2629/4269/5584 3047/5242/5584 2947/5008/5584
f 3118/5498/5585 2442/4870/5585 2761/4115/5585
f 2743/4292/5586 2682/4293/5586 2841/5124/5586
f 2917/5594/5587 3204/5595/5587 2545/5596/5587
f 2306/4729/5321 2264/4728/5588 2285/4994/5321
f 3004/4720/5589 2555/4279/5589 3132/4383/5589
f 2857/5597/5590 2916/5598/5590 2698/5599/5590
f 3445/5600/5591 3372/5601/5591 3260/5039/5591
f 2493/4378/5592 2371/4759/5592 3106/4761/5592
f 3172/4038/5593 2743/4292/5593 3271/4039/5593
f 2527/5347/5594 2900/5189/5594 2681/5188/5594
f 2689/4167/5595 2698/5602/5595 2916/4035/5595
f 2670/4280/5596 2911/5085/5596 2671/5249/5596
f 2991/5292/5597 2265/5009/5597 2972/5446/5597
f 2718/5204/5598 2363/4110/5598 3025/4109/5598
f 2922/4217/5599 2448/5437/5599 3027/4906/5599
f 2583/5387/5600 2988/4641/5600 2890/4636/5600
f 3242/5510/5601 2437/4209/5601 2847/4208/5601
f 2977/4626/5602 3246/5336/5602 2263/5522/5602
f 2323/4808/5603 2836/5134/5603 2834/4930/5603
f 2700/4654/5604 3227/4901/5604 2826/4530/5604
f 2591/5355/5605 3274/5370/5605 2975/5551/5605
f 3310/4891/5037 3447/5222/5036 3480/5603/5606 2650/5604/5606
f 2922/4217/5607 2923/5192/5607 2509/4909/5607
f 2857/4321/5608 2855/4867/5608 2916/4035/5608
f 2956/4439/5609 2702/4973/5609 2342/4440/5609
f 2650/5604/5610 3480/5603/5610 3453/5391/5610 2651/5393/5610
f 3234/4105/5611 2635/4564/5611 3246/5336/5611
f 3319/5287/5612 3294/4441/5612 2764/4674/5612
f 3165/4496/5613 2706/5605/5613 3044/5167/5613
f 3230/4834/4701 2955/4165/4700 2332/5082/5614
f 2352/4119/5615 3134/5606/5615 3322/5328/5615
f 3357/5419/5616 3147/5473/5616 3460/5420/5616
f 2531/5291/5617 3386/5290/5617 3387/5377/5617 2275/5324/5617
f 3115/4259/5618 2627/5093/5618 3003/4411/5618
f 2732/4687/5619 2868/4168/5619 3096/4170/5619
f 2381/4773/5620 2299/5063/5620 3119/4432/5620
f 2445/4267/5621 2323/4808/5621 2834/4930/5621
f 2739/4963/5622 2471/5080/5622 2470/5079/5622
f 3268/4995/5623 2798/5006/5623 3061/5054/5623
f 2303/4912/5624 2274/4220/5624 2273/4219/5624
f 2913/4659/5625 2371/4759/5625 2493/4378/5625
f 3284/4957/5626 3205/4497/5627 3159/4499/5628
f 2505/4272/5629 3205/4497/5627 3284/4957/5626
f 3155/4184/5630 2505/4272/5630 3284/4957/5630
f 2935/4721/5631 2862/5397/5631 3293/5607/5631
f 2304/4938/5632 3044/5167/5632 3213/4456/5632
f 3287/4576/5633 2684/5299/5633 3196/4699/5633
f 3426/5162/5634 3455/4504/5634 3037/4506/5634
f 2959/4460/5635 2452/5608/5635 2659/4430/5635
f 2302/5067/5636 2599/4107/5636 3126/4045/5636
f 2981/5044/5637 2693/4085/5637 2391/5045/5637
f 2964/4424/5638 2564/4986/5638 3266/4734/5638
f 2281/4787/5639 3284/4957/5639 3134/4956/5639
f 3134/4956/5640 2352/4788/5640 2281/4787/5640
f 2361/5505/5641 3093/4903/5641 3075/4354/5641
f 3021/4742/5642 3267/4072/5642 2500/4551/5642
f 2381/4773/5643 2924/5423/5643 2299/5063/5643
f 2989/5380/5644 2485/4927/5645 3282/5465/5646
f 2810/5609/5647 2458/5610/5647 3259/5611/5647
f 2514/5395/5648 2967/5394/5648 2695/5550/5648
f 3436/5305/5649 3407/5029/5649 2693/4085/5649
f 2463/5612/5650 3175/5503/5650 2811/5398/5650
f 2572/4848/5651 2965/4746/5651 2701/4492/5651
f 2668/4071/5652 2521/4846/5652 3114/4052/5652
f 2449/4181/5653 3308/5433/5654 3063/4158/5655
f 3067/4847/5656 3250/4214/5656 2551/4216/5656
f 3320/4489/5657 2525/5535/5657 2697/4273/5657
f 2900/5198/5658 2527/4851/5658 3147/4853/5658
f 2920/4538/5659 3173/4540/5659 3210/5613/5659
f 2968/4749/5660 2420/4820/5660 2277/5378/5660
f 2490/4778/5661 2986/5518/5661 3314/5614/5661
f 3091/4254/5662 2490/4253/5662 3314/5615/5662
f 3112/5616/5663 2832/4454/5663 2706/5605/5663
f 2863/5571/5664 3275/5570/5664 3158/5617/5664
f 3128/4766/5665 2680/5618/5665 3262/5441/5665
f 3219/4290/5666 2862/5397/5666 3058/4291/5666
f 3058/4291/5667 2862/5397/5667 2525/5535/5667
f 2452/5349/5668 2295/5464/5668 2968/4749/5668
f 2809/4682/5669 2458/4758/5669 2810/4358/5669
f 2555/4279/5670 2939/4281/5670 3132/4383/5670
f 2884/5619/5671 2474/5435/5671 3040/5434/5671
f 2814/5620/5672 2813/4936/5672 2806/4681/5672
f 3129/4633/5673 3209/5132/5673 3062/4150/5673
f 2386/5621/5674 2665/5622/5674 2714/5623/5674
f 3234/4105/5675 2977/4626/5675 2258/4625/5675
f 3022/5379/5676 3273/4425/5676 3150/5624/5676
f 3456/4800/5677 3463/4730/5677 3150/5624/5677
f 3036/4097/5678 3302/5467/5679 2632/4180/5680
f 3432/4235/5681 3485/5625/5681 2412/4479/5681
f 2943/4370/5682 2275/5626/5682 2410/5627/5682
f 2865/4081/5683 2958/4277/5683 2866/5259/5683
f 3124/5228/5684 2554/4917/5684 2283/4572/5684
f 2675/5248/5685 2559/5628/5686 3101/4344/5687
f 3436/5305/5688 3435/5629/5688 2949/5630/5689 2662/4882/5689
f 3036/4097/5678 3138/5223/5690 3302/5467/5679
f 3096/4170/5691 2629/4269/5691 3116/4367/5691
f 3113/5376/5692 3258/4587/5692 3057/4757/5692
f 2897/4647/5693 3146/4646/5693 2294/4047/5693
f 3085/4048/5694 2294/4047/5694 3146/4646/5694
f 2769/4888/5695 2512/5396/5695 2514/5395/5695
f 2793/5417/5696 2839/5127/5696 3069/5415/5696
f 3131/5523/5697 3281/4510/5697 2931/4557/5697
f 2488/5158/5698 2462/5304/5698 2796/5159/5698
f 2875/5081/5699 2817/5125/5699 3237/4475/5699
f 3129/4633/5700 2654/4632/5700 3023/4939/5700
f 2975/5551/5701 2513/4889/5701 2514/5395/5701
f 2633/4326/5702 2953/4157/5702 2301/4569/5702
f 2339/5381/5703 3282/5465/5703 2340/4785/5703
f 2946/5631/5704 2291/4169/5704 3083/5412/5704
f 2778/5170/5705 3036/4097/5705 2864/4099/5705
f 3222/4861/5706 3141/4389/5706 2704/5147/5706
f 2672/4779/5707 3253/4211/5707 2324/4799/5707
f 2799/4596/5708 3022/5379/5708 3150/5624/5708
f 2267/4284/5709 3022/5379/5709 2799/4596/5709
f 2269/4348/4418 2867/4374/5710 2951/4346/4416
f 3432/4235/5711 2406/4237/5711 3485/5625/5711
f 2414/5632/5712 3212/5633/5712 2909/4707/5712
f 2767/4199/5713 3335/4843/5714 2430/4200/5715
f 2366/5512/5716 2921/5634/5716 3111/5061/5716
f 3392/5592/5717 3169/5121/5717 3427/5352/5717
f 2582/4463/5718 3360/5314/5718 3344/4464/5718
f 3061/5054/5719 2745/4607/4823 3268/4995/4825
f 2776/4444/5720 2408/5203/5720 2611/4445/5720
f 3011/5574/5721 2584/5573/5721 2938/5368/5721
f 2492/4312/5722 3043/4826/5722 2644/4438/5722
f 2325/5532/5723 2788/5635/5723 2901/4090/5723
f 2790/4715/5724 3015/4819/5724 2421/4716/5724
f 3381/5266/5725 2327/5265/5725 2553/5636/5725 3377/5637/5725
f 3451/5638/5726 3347/5639/5726 3238/4966/5726 2930/4965/5726
f 3450/5640/5727 3451/5638/5727 2930/4965/5727
f 2540/5343/5728 2397/5041/5728 2539/5344/5728
f 3165/4496/5729 3312/5514/5729 2706/5605/5729
f 2521/4846/5730 2668/4071/5730 2667/4070/5730
f 3082/5091/5731 3024/4025/5731 3167/4027/5731
f 2286/4063/5732 2636/4232/5732 2467/4231/5732
f 2548/4588/4730 2518/4590/5733 2520/4863/4731
f 2469/5212/5734 2590/4589/5734 2794/5587/5734
f 3100/4878/5735 2746/4391/5735 2754/4841/5735
f 3356/5318/5736 3336/4634/5736 3383/5329/5736
f 2735/4575/5737 2413/5196/5737 3250/4214/5737
f 2946/5631/5738 3047/5242/5738 2291/4169/5738
f 2694/5641/5739 2695/5550/5739 2967/5394/5739
f 2537/4311/5740 2538/5084/5740 2833/5083/5740
f 2931/4557/5741 3320/4489/5741 2696/4488/5741
f 2905/4568/5742 2482/5028/5742 2951/4346/5742
f 2747/4844/5743 2596/4379/5743 2335/4615/5743
f 3316/5469/5744 2727/5642/5744 2780/5470/5744
f 2872/4114/5745 3034/4113/5745 2280/4789/5745
f 3013/4212/5746 2873/4079/5746 2479/4213/5746
f 2975/5551/5747 2976/5211/5747 2513/4889/5747
f 3174/4403/5748 3035/4887/5748 2362/4386/5748
f 3017/4952/5749 2884/5643/5749 3278/4953/5749
f 3126/4045/5750 2597/4574/5750 2269/4348/5750
f 2438/4037/5751 2944/5644/5751 3172/4038/5751
f 3430/5482/5752 3429/5363/5752 3271/5362/5752
f 2909/4707/5753 3212/5633/5753 3445/5600/5753 3473/5645/5753
f 2749/4894/5754 2791/4086/5754 2748/5646/5754
f 2763/4675/5755 2712/5489/5755 3214/5490/5755
f 2703/4683/5756 3071/5020/5756 2423/4949/5756
f 3196/4699/5757 2684/5299/5757 2369/4781/5757
f 2526/5197/5758 3147/4853/5758 3357/5647/5758 3355/5648/5758
f 2699/5649/5759 3317/4507/5759 3179/4987/5759
f 2278/4054/5760 3236/5650/5760 3292/4893/5760
f 3296/5315/5761 2771/4064/5761 2263/4297/5761
f 2780/5470/5762 2624/5311/5762 2831/4614/5762
f 2751/5651/5763 2750/5652/5763 2792/5653/5763
f 3331/5180/5764 2964/4424/5765 2963/4423/5766
f 2820/4783/5767 2933/5654/5767 2271/4347/5767
f 2483/5655/5768 3153/5656/5768 2940/5657/5768
f 3153/5658/5769 2483/5659/5769 2374/5660/5769
f 2517/4840/5770 2590/4589/5770 2548/4588/5770
f 2719/4942/5771 2902/4944/5771 2894/5308/5771
f 2627/5093/5772 2983/5092/5772 2297/5137/5772
f 2589/5474/5773 2802/4044/5773 2933/5654/5773
f 2652/5661/5774 3314/5484/5774 2653/5662/5774
f 3162/4149/5775 3314/5484/5775 2652/5661/5775
f 2529/5047/5776 2816/4548/5776 3223/4684/5776
f 2637/5120/5777 3178/4618/5777 2631/5536/5777
f 3380/4030/5778 2387/5019/5778 3482/5663/5778
f 2278/4054/5779 3090/5664/5779 3236/5650/5779
f 3297/4060/5780 3222/5185/5781 3337/5499/5782
f 3063/4158/5655 3308/5433/5654 2717/4302/5783
f 3164/4185/5784 2281/4787/5784 2280/4789/5784
f 2774/5178/5785 2784/5156/5785 2615/4865/5785
f 2788/5665/5786 3346/5086/5786 3399/5666/5786
f 3225/5069/5787 3011/5442/5788 2938/5070/5789
f 2618/4531/5790 3107/5667/5790 2298/4877/5790
f 3282/5465/5646 2339/5381/5791 2989/5380/5644
f 2618/4531/5792 2298/4877/5792 3144/4864/5792
f 2904/4784/5793 2482/5028/5793 2905/4568/5793
f 2813/5668/5794 2557/5669/5794 2806/5670/5794
f 3355/5671/5795 2544/4319/5795 2646/4446/5795 3442/5088/5795
f 3442/5088/5796 2646/4446/5796 3462/4565/5796
f 2915/4476/5797 3252/4549/5797 2479/4213/5797
f 2973/4768/5798 3382/5672/5798 3368/5673/5798 2262/5674/5798
f 2272/5257/5799 2446/4857/5799 3142/4972/5799
f 3167/4027/5800 2561/4829/5800 3082/5091/5800
f 3259/5675/5801 2602/5676/5801 2603/4359/5801
f 3064/5677/5802 2613/5678/5802 2378/5679/5802
f 2737/5051/5803 2613/5678/5803 3064/5677/5803
f 2729/5569/5804 2863/5571/5804 3505/5680/5804 3499/5681/5804
f 3397/5100/5805 3295/4392/5805 3353/4673/5805
f 2878/5360/5806 2758/5359/5806 2329/4477/5806
f 3293/5607/5807 2862/5397/5807 2861/5485/5807
f 2884/5619/5808 3040/5434/5808 3278/5682/5808
f 3194/5439/5809 2483/5683/5809 2940/4117/5809
f 2369/4781/5810 2684/5299/5810 2640/5684/5810
f 2568/4192/5811 2567/5685/5811 2815/5686/5811
f 2592/5341/5812 3343/5486/5812 3437/5107/5812
f 2870/4313/5813 2649/4449/5813 3275/5570/5813
f 2330/5146/5814 3053/4859/5814 3205/4497/5814
f 2849/4151/5815 2924/5423/5815 3283/4573/5815
f 3048/5459/5816 2936/5460/5816 2721/4523/5816
f 3174/4937/5817 2813/4936/5817 2814/5620/5817
f 2343/5002/5818 2961/4836/5818 3054/4904/5818
f 2774/5178/5819 2593/5102/5819 2775/5234/5819
f 3097/4782/4660 3199/5687/5820 2820/4783/4661
f 2377/5688/5821 2727/5642/5821 3316/5469/5821
f 2369/4096/5822 2640/5112/5822 3139/4094/5822
f 3107/5667/5823 3244/5371/5823 2298/4877/5823
f 2868/4168/5824 2974/4608/5825 2291/4169/5826
f 2319/4617/5827 2837/4490/5827 2564/4986/5827
f 2696/4488/5828 2541/4274/5828 3131/5523/5828
f 2448/4031/5829 3177/4337/5829 3157/4032/5829
f 2563/5444/5830 2453/4552/5830 2359/4964/5830
f 3178/4618/5831 2273/4219/5831 2631/5536/5831
f 3039/4691/5832 3087/4690/5832 2911/4190/5832
f 3482/5663/5833 3479/5269/5833 3192/4380/5833 2370/4028/5833
f 2650/5604/5834 2651/5393/5834 3101/5689/5834
f 3072/5113/5835 2971/4095/5835 3139/4094/5835
f 3197/5690/5836 2814/5620/5836 2806/4681/5836
f 2461/4225/5837 3325/5513/5837 2725/5302/5837
f 3302/5467/5838 3138/5223/5838 2450/5691/5838
f 2304/4938/5839 2795/5383/5839 3149/4080/5839
f 3103/4732/5840 3232/5225/5840 2478/4797/5840
f 2903/4601/4537 2409/4603/4539 2655/5034/5841
f 3251/4794/5842 3028/5094/5842 2456/4611/5842
f 2393/4920/5843 3170/4059/5843 2307/4058/5843
f 3191/4437/5844 2477/5382/5844 2339/5381/5844
f 2624/4518/5845 3325/4823/5845 2715/4516/5845
f 2758/5359/5846 2426/4193/5846 2427/5038/5846
f 3176/5506/5847 2948/5692/5847 3093/4903/5847
f 3093/4903/5848 2948/5692/5848 2658/5693/5848
f 2885/5275/5849 3330/5694/5849 2948/5261/5849
f 3348/4189/5850 3413/4191/5850 2927/4493/5850
f 3384/4447/5851 3469/4448/5851 2927/4493/5851
f 2285/4994/5852 2264/4728/5852 3268/4995/5852
f 2479/4213/5853 3252/4549/5853 2478/4797/5853
f 2513/4889/5854 2769/4888/5854 2514/5395/5854
f 3247/4082/5855 2304/4938/5855 3149/4080/5855
f 2669/4767/5856 3128/4766/5856 3262/5441/5856
f 2429/5018/5857 2830/5060/5857 2605/4693/5857
f 3143/4474/5858 2470/5079/5858 2875/5081/5858
f 2443/4466/5859 3123/4571/5859 2550/5007/5859
f 3031/4182/5860 2418/4112/5860 2646/4446/5860
f 2261/5543/5861 2368/5356/5861 2529/5047/5861
f 2626/5110/5862 3042/4842/5863 2787/4400/5864
f 3230/4834/5865 2784/5156/5865 2454/4554/5865
f 2476/4057/5866 2477/5382/5866 3339/5497/5866
f 2262/5674/5867 3128/4766/5867 2973/4768/5867
f 2276/5322/5868 2349/4455/5868 2315/5695/5868
f 2777/4468/5869 3080/5281/5869 2778/5170/5869
f 3206/4186/5870 2914/4999/5870 2474/5696/5870
f 2538/5697/5871 2537/5698/5871 2729/5699/5871
f 2770/5089/5872 2769/4888/5872 3303/4756/5872
f 3305/5184/5873 2600/5390/5873 3222/5185/5873
f 2976/5211/5874 2440/4034/5874 2513/4889/5874
f 2890/4636/5875 2988/4641/5875 2892/4637/5875
f 2716/4226/5876 3048/4850/5876 2713/5700/5876
f 3075/4354/5877 3339/5497/5877 3191/4437/5877
f 2591/5355/5878 2975/5551/5878 2751/5651/5878
f 2812/4352/5879 2644/4438/5879 3043/4826/5879
f 3233/4068/5880 2677/5447/5880 2886/4951/5880
f 2733/4528/5881 2499/5319/5881 3180/4395/5881
f 2889/4651/5882 3016/5502/5882 2638/4295/5882
f 2871/4560/5883 2259/4361/5883 2356/4332/5883
f 2723/4286/5884 2782/4968/5884 2724/4287/5884
f 3262/5572/5885 2680/5701/5885 2584/5573/5885
f 2803/5539/5886 2804/5109/5886 2626/5110/5886
f 2583/5389/5887 2374/5702/5887 2483/4710/5887
f 3045/4042/5888 2708/5297/5888 2663/5703/5888
f 2800/4103/5157 2258/4625/5889 2317/5032/5158
f 3027/4906/5890 2923/5192/5890 2922/4217/5890
f 2494/4743/5891 3246/5336/5891 2852/4736/5891
f 2278/4054/5892 2829/4234/5892 3090/5664/5892
f 2624/4518/5893 2716/4517/5893 2714/5130/5893
f 3438/5704/5894 3049/4536/5894 3439/5251/5894
f 3221/4918/5159 2554/4917/5895 2800/4103/5157
f 3162/4149/5896 2383/4148/5896 2488/5705/5896
f 2881/5373/5897 2547/5372/5897 2647/5706/5897
f 3277/5273/5898 2788/5665/5898 3399/5666/5898 3395/5271/5898
f 2454/4554/5899 2455/4178/5900 3230/4834/5901
f 2474/5696/5902 2914/4999/5902 3272/5516/5902
f 3149/4080/5903 2888/5385/5903 2448/5437/5903
f 2770/5089/5904 3303/4756/5904 2807/4988/5904
f 2948/5261/5905 3330/5694/5905 2658/5707/5905
f 2631/5536/5906 3306/4349/5906 2758/5537/5906
f 2942/5414/5907 3257/5413/5907 3215/5451/5907
f 2356/4332/5908 2782/4968/5908 2723/4286/5908
f 2334/4188/5909 2475/4884/5909 2671/5249/5909
f 2758/5359/5910 3306/4194/5910 2426/4193/5910
f 2857/4321/5911 2698/5602/5911 2874/5476/5911
f 3048/4850/5912 2716/4226/5912 2461/4225/5912
f 3253/4211/5913 2672/4779/5913 3182/4278/5913
f 3252/4549/5914 2500/4551/5914 3104/4731/5914
f 2886/4951/5915 3278/4953/5915 3066/5157/5915
f 2312/4136/5916 2569/4138/5916 3217/5708/5916
f 2684/5299/5917 3074/5709/5917 2640/5684/5917
f 2389/5186/5918 2354/4467/5919 2994/4727/5920
f 2561/4829/5921 2586/4828/5921 2734/5710/5921
f 2424/4159/5922 2425/4570/5922 2301/4569/5922
f 2936/4849/5923 2725/5302/5923 2462/5304/5923
f 2552/4215/5924 2781/4073/5924 2551/4216/5924
f 2935/4721/5925 2506/4131/5925 3309/4969/5925
f 2590/4589/5926 2517/4840/5926 2794/5587/5926
f 2591/5355/5927 3074/5709/5927 2684/5299/5927
f 3242/4705/5928 3216/4701/5928 2435/4207/5928
f 2753/5711/5929 2345/5712/5929 3166/5713/5929
f 3261/4221/5930 2364/4485/5930 2566/4487/5930
f 3143/4474/5931 2873/4079/5931 2300/4078/5931
f 2406/4343/5932 2546/5714/5932 3041/5358/5932
f 2633/4326/5933 2301/4569/5933 3283/4573/5933
f 2305/4399/5934 2803/5539/5934 2787/4400/5934
f 3397/5715/5935 3353/5716/5935 3335/5717/5935
f 3064/5534/5936 2604/4695/5936 3030/5718/5936
f 2398/4627/5937 2977/4626/5937 2263/5522/5937
f 2405/4394/5938 2628/4268/5938 2947/5008/5938
f 2843/4330/5939 3026/5017/5939 2292/4328/5939
f 2845/4258/5940 3082/5091/5940 2627/5093/5940
f 2884/5619/5941 3016/5502/5941 3290/5719/5941
f 3281/4510/5942 3255/4880/5942 2931/4557/5942
f 2473/4537/5943 2946/5631/5943 3083/5412/5943
f 3112/5616/5944 2706/5605/5944 3312/5514/5944
f 2692/5720/5945 2981/5044/5945 2887/5043/5945
f 3334/4118/5946 2353/4120/5946 2577/5235/5946
f 2290/5375/5947 3217/5708/5947 2934/5003/5947
f 2451/5022/5948 2328/5021/5948 2540/5343/5948
f 2401/5168/5949 2662/4882/5949 3263/4881/5949
f 2734/4657/5950 2589/5474/5950 2933/5654/5950
f 2735/4575/5951 2414/5632/5951 2413/5196/5951
f 2942/5582/5952 2601/4387/5952 2600/5243/5952
f 3458/5219/5953 3251/4794/5953 3388/5123/5953
f 3158/5721/5954 2305/4399/5954 3298/5501/5954
f 2354/4467/5955 3080/5281/5955 2777/4468/5955
f 2906/4255/5956 3079/4261/5956 2501/4263/5956
f 3104/4731/5957 3103/4732/5957 2478/4797/5957
f 2282/4644/5958 2598/4929/5958 2503/4362/5958
f 2779/5406/5959 2429/5018/5959 3316/4142/5959
f 2747/5722/5960 3110/4076/5960 3369/4578/5960 3402/5723/5960
f 2320/5724/5961 3004/5725/5961 3038/5726/5961
f 2515/4285/5962 3336/4634/5962 2887/4155/5962
f 2986/5727/5963 3315/5728/5963 2642/5729/5963
f 3272/5516/5964 2914/4999/5964 3021/4742/5964
f 3251/4794/5965 3458/5219/5965 3375/5493/5965 3028/5094/5965
f 2403/4733/5966 2765/5015/5966 2491/5014/5966
f 2656/5418/5967 2979/4825/5967 3085/4048/5967
f 2880/4855/5968 2881/4854/5968 2712/5489/5968
f 2484/4802/5969 2347/4801/5970 2447/5529/5971
f 2713/5730/5972 3048/5459/5972 3332/4522/5972
f 3415/5288/5973 3319/5287/5973 3323/5491/5973 3430/5482/5973
f 3430/5482/5974 3323/5491/5974 3429/5363/5974
f 3168/4173/5975 2404/4172/5975 2840/5066/5975
f 2348/5247/5976 2559/5628/5686 2675/5248/5685
f 2769/4888/5977 2770/5089/5977 2512/5396/5977
f 2463/4230/5978 2811/4933/5978 2360/4932/5978
f 2803/5453/5979 2648/5452/5979 2823/5466/5979
f 3078/4717/5980 2927/4493/5980 3133/4713/5980
f 3185/5731/5981 3046/5732/5981 3208/5733/5981
f 2375/5734/5982 2726/5735/5982 2377/5736/5982
f 2658/5693/5983 3330/5055/5983 2309/4869/5983
f 3032/4771/5984 2311/4770/5984 2268/5104/5984
f 2464/5737/5985 2854/5062/5985 2359/4964/5985
f 2595/4461/5986 2659/4430/5986 3086/4429/5986
f 2830/5060/5987 2772/5059/5987 2605/4693/5987
f 2342/4440/5988 2702/4973/5988 2504/4902/5988
f 2879/5252/5989 2452/5608/5989 2293/5253/5989
f 2680/5618/5990 2262/5674/5990 2316/5738/5990 3496/5739/5990
f 3214/4224/5991 2712/5740/5991 2711/4689/5991
f 2446/4857/5992 2853/4314/5992 3125/4316/5992
f 2705/4495/5993 2883/4494/5993 3062/4150/5993
f 2914/4999/5994 3084/4845/5994 2667/4070/5994
f 3373/5450/5995 2969/5133/5995 3410/4162/5995
f 2333/5057/5996 2607/5035/5996 2825/4529/5996
f 2259/4361/4583 2282/4644/4582 2503/4362/5997
f 2643/4970/5998 3153/5658/5998 2374/5660/5998
f 3425/5741/5999 3459/5742/5999 2829/5743/5999
f 3199/5150/6000 3097/5744/6000 2297/5137/6000
f 3450/4974/6001 2956/4439/6001 3451/5745/6001
f 3451/5745/6002 2956/4439/6002 3294/4441/6002 3347/4333/6002
f 2658/5693/6003 2987/5199/6003 3093/4903/6003
f 2858/5443/6004 2857/4321/6004 2874/5476/6004
f 2417/4462/6005 2415/5327/6005 2783/4774/6005
f 2272/5257/6006 3142/4972/6006 2312/4136/6006
f 2293/5253/6007 2315/4897/6008 2349/5254/6009
f 2315/4897/6010 3265/4755/6010 2594/4754/6010
f 2783/4774/6011 2415/5327/6011 2394/5746/6011 3502/5240/6011
f 2687/5589/6012 2874/5747/6012 2960/5590/6012
f 3249/5479/6013 3182/4278/6013 2573/4899/6013
f 3221/4918/6014 2317/5032/6014 2798/5006/6014
f 2787/4400/6015 3042/4842/6015 2767/4199/6015
f 2960/4133/6016 3188/4135/6016 2688/4577/6016
f 2270/4373/6017 2373/4140/6018 3168/4173/6019
f 2717/5748/6020 2718/5749/6020 3186/5750/6020
f 2787/4400/5864 2803/5539/6021 2626/5110/5862
f 3023/4939/6022 2304/4938/6022 3247/4082/6022
f 3247/4082/6023 2866/5259/6023 3023/4939/6023
f 2674/4745/6024 3003/4411/4444 2793/4413/4446
f 2581/5194/6025 2991/5751/6025 2972/5195/6025
f 3143/4474/6026 2875/5081/6026 3237/4475/6026
f 2362/4935/4781 2967/5394/6027 2813/4936/4782
f 2976/5752/6028 3274/5338/6028 2691/5530/6028
f 3189/5227/6029 3224/5495/6029 3190/5408/6029
f 3454/4442/6030 2646/4446/6030 2808/4604/6030 3361/4443/6030
f 2592/5341/6031 3370/5106/6031 3408/5351/6031
f 2539/5344/6032 2760/5416/6032 2623/4827/6032
f 3290/4381/6033 3132/4383/6033 3059/4187/6033
f 2968/4749/6034 2295/5464/6034 2420/4820/6034
f 3289/4428/6035 2659/4430/6035 2327/5265/6035
f 2260/4355/6036 2564/4986/6036 2964/4424/6036
f 3309/4969/6037 3156/4183/6037 2525/5535/6037
f 2429/5018/6038 2587/4143/6038 3316/4142/6038
f 2869/5111/6039 3202/4450/6039 2649/4449/6039
f 2293/5253/6040 2452/5608/6040 2959/4460/6040
f 3331/5180/6041 2963/4423/6041 3022/5379/6041
f 3295/4392/6042 2417/4462/6043 3345/4465/6044 3406/4672/6044
f 2896/4916/6045 2984/4905/6045 2344/5096/6045
f 2964/4424/6046 3266/4734/6046 2403/4733/6046
f 3232/5225/6047 3103/4732/6047 2279/4580/6047
f 2358/4026/4844 3117/5010/4843 2586/4828/6048
f 2753/4645/4915 2882/4821/4914 2345/5206/6049
f 2931/4557/6050 3058/4291/6050 3320/4489/6050
f 2927/4493/6051 2702/4973/6051 2957/5365/6051
f 2396/5492/6052 3032/4771/6052 2360/4932/6052
f 2731/4873/6053 2995/5753/6053 3510/5754/6053 3500/5755/6053
f 3330/5694/6054 2885/5275/6054 2508/5500/6054
f 2620/4585/6055 2464/5737/6055 2621/4586/6055
f 2396/5040/6056 3127/5399/5281 2397/5041/5280
f 2781/4073/6057 3449/5756/6057 3420/4074/6057
f 3238/4628/6058 2522/4677/6058 2523/4418/6058
f 3150/5624/6059 3273/4425/6059 2533/5757/6059
f 3232/5225/6060 2675/5248/6060 3109/5527/6060
f 2820/4783/6061 2822/4658/6061 2933/5654/6061
f 3275/5570/6062 2649/4449/6062 3158/5617/6062
f 2855/4867/6063 2366/5512/6063 2367/4036/6063
f 2531/5521/6064 2275/5626/6064 2943/4370/6064
f 2356/4332/6065 2502/4363/6065 2782/4968/6065
f 2840/5066/6066 2740/4525/6066 2288/4527/6066
f 2703/4683/6067 2810/4358/6067 3102/4360/6067
f 2368/5356/6068 2816/4548/6068 2529/5047/6068
f 3009/4372/6069 2373/4140/6069 2270/4373/6069
f 3112/5208/6070 3166/5549/6070 2345/5206/6070
f 2659/4430/6071 2968/5758/6071 2327/5265/6071
f 2755/4824/6072 3218/5475/6072 2524/4289/6072
f 2765/5015/6073 3321/4228/6074 2289/5103/6075
f 3099/4056/6076 3118/5498/6076 3224/4913/6076
f 2441/4868/6077 3118/5498/6077 3099/4056/6077
f 3153/4924/6078 2761/4115/6078 2940/4117/6078
f 2498/4817/6079 3130/4816/6079 2978/4046/6079
f 3308/5433/6080 2265/5009/6081 2363/5293/6082
f 2454/4554/5899 2456/4611/6083 2455/4178/5900
f 2463/4230/6084 2268/5104/6084 3321/4228/6084
f 2683/4723/6085 2684/5299/6085 3287/4576/6085
f 3229/4417/6086 2522/4677/6086 2742/4676/6086
f 2473/4537/6087 3038/4342/6087 2639/4069/6087
f 2366/5512/6088 2855/4867/6088 2856/4320/6088
f 3227/4901/6089 3107/5667/6089 2618/4531/6089
f 2375/5734/6090 2859/4703/6091 3002/5759/6092
f 2817/5125/6093 3181/4393/6093 2818/4550/6093
f 3407/5029/6094 3376/5030/6094 2693/4085/6094
f 2873/4079/6095 3143/4474/6095 2479/4213/6095
f 3432/4235/6096 2412/4479/6096 3385/4236/6096
f 2297/5137/6097 2766/5760/6097 3171/4412/6097
f 2613/5678/6098 2737/5051/4876 2434/4206/4875
f 3128/4766/6099 2262/5674/6099 2680/5618/6099
f 2801/4288/5459 2724/4287/6100 2302/5067/5460
f 3184/4950/6101 2423/4949/6101 3071/5020/6101
f 3199/5687/6102 2822/4658/6102 2820/4783/6102
f 2965/4746/6103 2504/4902/6103 2701/4492/6103
f 3452/4706/6104 3428/4708/6104 2925/5440/6104
f 2791/5761/6105 2580/5200/6105 2748/5202/6105
f 2882/4821/6106 2295/5464/6106 3065/5207/6106
f 2930/5762/6107 2334/4188/6107 2671/5249/6107
f 3303/4756/6108 2459/4940/6108 3057/4757/6108
f 2478/4797/6109 3252/4549/6109 3104/4731/6109
f 2425/4570/6110 2424/4159/6110 3071/5020/6110
f 2678/5231/6111 3152/4481/6111 2679/4480/6111
f 2937/5068/6112 2980/4066/6112 3225/5069/6112
f 3290/5719/6113 2474/5435/6113 2884/5619/6113
f 3378/5763/6114 3470/5411/6114 2926/5301/6115
f 2813/4936/6116 2558/5090/6116 2557/5764/6116
f 2637/5120/6117 2631/5536/6117 2878/5119/6117
f 3058/4291/6118 2525/5535/6118 3320/4489/6118
f 2718/5204/6119 3025/4109/6119 2585/5581/6119
f 2412/4479/6120 3152/4481/6120 3081/4050/6120
f 2511/5128/6121 3421/5765/6121 3471/5766/6121 2669/4767/6121
f 3453/5391/6122 2679/4480/6122 3484/5392/6122
f 2554/4917/6123 2924/5423/6123 2381/4773/6123
f 2919/4553/6124 2971/5767/6124 3024/4025/6124
f 3148/4798/6125 2325/5532/6125 3014/4089/6125
f 2439/5337/6126 2685/5339/6126 2686/5768/6126
f 2806/4681/6127 2557/5764/6128 2807/4988/6129
f 2426/4193/6130 2925/5440/6130 2427/5038/6130
f 2427/5038/6131 2925/5440/6131 3260/5039/6131
f 2733/4528/6132 2946/5631/6132 2473/4537/6132
f 3319/5287/6133 2764/4674/6133 3323/5491/6133
f 2729/5569/6134 2537/4311/6134 2870/4313/6134
f 2304/4938/6135 3213/4456/6135 2795/5383/6135
f 2978/4046/6136 3130/4816/6136 2294/4047/6136
f 3061/5054/6137 2399/4606/6137 2745/4607/6137
f 2842/4796/6138 3012/4795/6138 2841/5124/6138
f 2481/4152/6139 2480/4077/6139 2873/4079/6139
f 3032/4771/6140 2268/5104/6140 2360/4932/6140
f 2890/5769/6141 2374/5702/6141 2583/5389/6141
f 3438/5704/6142 3439/5251/6142 3086/4429/6142
f 2936/5335/6143 2383/4148/6143 2891/4722/6143
f 3300/4153/6144 3013/4212/6144 3253/4211/6144
f 3156/4183/6145 3164/4185/6145 2697/4273/6145
f 2728/5454/6146 2722/4524/6146 2721/4523/6146
f 3378/5763/6114 2910/5258/6147 3470/5411/6114
f 3108/4915/6148 3306/4349/6148 2631/5536/6148
f 2977/4626/6149 3234/4105/6149 3246/5336/6149
f 2972/5446/6150 2265/5009/6150 2358/4026/6150
f 3074/5770/6151 2749/5565/6151 2640/5112/6151
f 2312/4136/6152 3217/5708/6153 2290/5375/6154
f 2518/5771/6155 2590/5772/6155 2738/5773/6155
f 2294/4047/5387 2421/4716/6156 3015/4819/5388
f 3461/4160/6157 3410/4162/6157 2969/5133/6157
f 3364/5300/6158 3448/5250/6158 2570/4535/6158 2910/5258/6158
f 3283/4573/6159 2481/4152/6159 2849/4151/6159
f 3338/5774/6160 3121/5775/6160 3009/5776/6160
f 2881/4323/6161 2711/4325/6161 2712/5777/6161
f 2836/5134/6162 2323/4808/6162 2735/4575/6162
f 3122/5295/6163 2831/4614/6163 2624/5311/6163
f 3059/4187/6164 2474/5696/6164 3290/4381/6164
f 2279/4580/6165 3089/4579/6165 3232/5225/6165
f 2322/4126/6166 2520/4125/6166 2731/4873/6166
f 2989/5380/6167 3007/4809/6167 3207/5778/6167
f 2738/4670/6168 3001/5171/6168 2778/5170/6168
f 3085/4048/6169 2979/4825/6169 2978/4046/6169
f 2819/4900/6170 3107/5667/6170 3227/4901/6170
f 2889/4651/6171 2638/4295/6171 3005/4652/6171
f 3210/4177/6172 2401/5168/6172 2920/5779/6172
f 2340/4785/6173 2645/5445/6173 2339/5381/6173
f 2763/4675/6174 3323/5491/6174 2764/4674/6174
f 2921/5634/6175 2366/5512/6175 2856/4320/6175
f 2351/5277/6176 3088/5538/6176 2998/5400/6176
f 3053/4859/6177 3141/4389/6177 2918/4388/6177
f 3418/5076/6178 3419/4685/6178 2912/4686/6178 3276/5077/6178
f 3333/4256/6179 2908/5780/6179 3055/4257/6179
f 3236/4201/6180 3477/5176/6181 3446/5781/6181 3310/5782/6180
f 2315/4897/6008 2293/5253/6007 3265/4755/6182
f 2986/5518/6183 3280/5783/6183 2653/5784/6183
f 2733/4528/6184 3040/5515/6184 2499/5319/6184
f 2415/5327/6185 3100/4878/6185 3512/5785/6185 2394/5746/6185
f 3333/4256/6186 3185/4747/6186 3208/5786/6186
f 3333/4256/6187 3092/4364/6187 3185/4747/6187
f 3457/4243/6188 3450/4974/6188 2930/5787/6188 2671/4244/6188
f 3098/4065/6189 3456/4800/6189 3401/5788/6189 2511/5128/6189
f 2734/4657/6190 3117/4558/6190 2400/4559/6190
f 2852/5789/6191 2661/5790/6191 3467/5791/6191 3468/5792/6191
f 2652/5661/6192 3161/5148/6192 3162/4149/6192
f 3144/4864/6193 2774/5178/6193 2615/4865/6193
f 2616/5216/6194 3033/5215/6194 3511/5793/6194 3495/5794/6194
f 2819/4900/6195 3244/5371/6195 3107/5667/6195
f 3002/5759/6196 2726/5735/6196 2375/5734/6196
f 2952/5027/6197 3258/5026/6197 2621/5065/6197
f 2950/5567/6198 2335/4615/6198 2805/4616/6198
f 2893/5575/6199 2936/5335/6199 2891/4722/6199
f 3242/5510/6200 2847/4208/6200 2860/5795/6200
f 2676/4296/6201 2638/4295/6201 2677/4871/6201
f 3074/5709/6202 2591/5355/6202 2792/5653/6202
f 2414/5632/6203 2323/4808/6203 2786/4266/6203
f 2414/5632/6204 2786/4266/6204 3212/5633/6204
f 3287/4576/6205 2690/4818/6205 2689/4167/6205
f 2707/4500/4567 3152/4481/6206 2577/4630/4568
f 2332/5082/6207 2333/5057/6207 3230/4834/6207
f 2300/4078/6208 2739/4963/6208 2470/5079/6208
f 3069/4365/6209 3254/4777/6209 2674/4745/6209
f 2390/4671/6210 2738/4670/6210 3080/5281/6210
f 2847/4619/4555 2850/5004/6211 2848/4250/4556
f 3336/4634/6212 2267/4284/6212 2799/4596/6212
f 2687/5796/6213 3195/5797/6213 2858/5798/6213
f 3095/4735/6214 2765/5015/6214 2403/4733/6214
f 2596/4379/6215 2493/4378/6215 2805/4616/6215
f 2825/4529/6216 3144/4864/6216 2333/5057/6216
f 2992/4111/6217 2363/4110/6217 2991/5751/6217
f 2567/5685/6218 3160/5799/6218 2815/5686/6218
f 2296/4043/6219 3126/4045/6219 2269/4348/6219
f 2599/4107/6220 2836/5134/6220 2597/4574/6220
f 2364/4485/6221 3261/4221/6221 2695/4304/6221
f 3164/4185/6222 3034/4113/6222 3031/4182/6222
f 3181/4393/6223 3021/4742/6223 2818/4550/6223
f 2999/4339/6224 2594/4754/6225 2998/5400/6226
f 3379/5075/6227 3326/4714/6227 3418/5076/6227
f 2409/5239/6228 3218/5475/6228 2755/4824/6228
f 2294/4047/6229 3130/4816/6229 2421/4716/6229
f 2366/5512/6230 3111/5061/6230 3113/5376/6230
f 3322/4955/6231 2707/4500/6231 2353/4629/6231
f 2576/4309/6232 2797/5274/6232 2534/4310/6232
f 2909/4707/6233 3473/5645/6233 3428/4708/6233
f 2391/5045/6234 3170/4059/6234 3299/5568/6234
f 2311/4770/6235 2289/5103/6235 2268/5104/6235
f 2910/5258/6236 3378/5763/6236 3364/5300/6236
f 2838/5136/6237 3288/4696/6237 2392/5546/6237
f 2838/5136/6238 2260/4355/6238 3288/4696/6238
f 3098/4065/6239 2511/5128/6239 3225/5069/6239
f 3290/5800/6240 2889/5801/6240 3163/5802/6240
f 2495/5580/6241 2903/4601/6241 2496/4116/6241
f 2733/4528/6242 2947/5008/6242 2946/5631/6242
f 2737/5051/6243 3064/5677/6243 2376/5803/6243
f 2993/4584/6244 2611/5404/6244 2408/4922/6244
f 2259/4361/6245 2502/4363/6245 2356/4332/6245
f 2280/4789/6246 3136/4959/6246 2872/4114/6246
f 3263/4898/6247 3249/5479/6247 2573/4899/6247
f 3007/4809/6248 2368/5356/6248 3207/5778/6248
f 3267/4072/6249 2668/4071/6249 2500/4551/6249
f 3175/5503/6250 2361/5505/6250 2895/4353/6250
f 3072/5113/6251 2357/5804/6251 2971/4095/6251
f 3332/4522/6252 2722/4524/6252 3231/5805/6252
f 3201/5579/6253 2903/4601/6253 2495/5580/6253
f 3243/5064/5284 3300/4153/5286 3182/4278/6254
f 3249/5479/6255 3243/5064/6255 3182/4278/6255
f 3268/4995/6256 2443/4466/6256 2550/5007/6256
f 2839/5127/6257 2436/4368/6257 2292/4931/6257
f 2580/5200/6258 2581/5806/6258 3301/5201/6258
f 2447/5529/6259 2625/5108/6259 2804/5109/6259
f 2664/4469/6260 2498/4817/6260 3286/4660/6260
f 2661/5790/6261 2949/5630/6261 3435/5629/6261 3367/5807/6261
f 2346/4680/6262 3270/5808/6262 3089/5809/6262
f 2585/4384/6263 2419/4102/5152 2718/5323/5154
f 2726/5735/6264 2727/5810/6264 2377/5736/6264
f 3381/5266/6265 3377/5637/6265 2531/5521/6265 2321/5367/6265
f 2685/5369/6266 2591/5355/6266 2686/4420/6266
f 2620/4585/6267 2854/5062/6267 2464/5737/6267
f 2368/5356/6268 2740/4525/6268 2816/4548/6268
f 2839/5127/6269 2290/5375/6269 2436/4368/6269
f 3269/4491/6270 3175/4980/6270 2565/4229/6270
f 3057/5811/6271 3258/5812/6271 2465/5813/6271
f 2754/4841/5204 2593/5102/5203 2774/5178/6272
f 2841/5124/6273 2682/4293/6273 2842/4796/6273
f 3172/5348/6274 2681/5188/6274 2682/5279/6274
f 2276/5322/6275 3200/5814/6275 2472/5384/6275
f 2272/5257/6276 3171/5256/6276 2766/4858/6276
f 2714/5312/6277 2665/5815/6277 3122/5295/6277
f 2914/4999/6278 2667/4070/6278 3267/4072/6278
f 2650/5816/6279 3101/4344/6279 2559/5628/6279
f 2955/4165/6280 2450/4164/6280 2332/5082/6280
f 2743/4292/6281 2744/5050/6281 3271/4039/6281
f 2895/4353/6282 2812/4352/6282 2811/5398/6282
f 3065/5207/6283 2295/5464/6283 2879/5553/6283
f 3304/4317/6284 2544/4319/6284 2917/5817/6284
f 3133/4713/6285 2790/4715/6285 3078/4717/6285
f 3028/5094/6286 2444/4247/6286 2282/4644/6286
f 2439/4419/6287 3006/4166/6287 2916/4035/6287
f 2888/5385/6288 3177/5818/6288 2448/5437/6288
f 3201/5579/6289 2308/5214/6289 2899/5191/6289
f 2995/5753/6290 2731/4873/6291 2389/5186/5918
f 2420/4820/6292 2789/4954/6292 2519/5161/6292
f 2665/4470/6293 3193/5000/6293 3120/4410/6293
f 3446/5221/6294 3342/5230/6295 3447/5222/6296
f 3050/5819/6297 2699/5649/6298 3273/4425/6299
f 2258/4625/6300 2398/4627/6300 2938/5368/6300
f 3074/5820/6301 2792/4895/6301 2749/4894/6301
f 2324/4799/6302 3014/4089/6302 2672/4779/6302
f 2759/4718/6303 3039/4340/6303 2411/4719/6303
f 2557/5764/6304 2558/5090/6304 2807/4988/6304
f 2521/4846/6305 3012/4795/6305 2528/4582/6305
f 2351/5277/6306 2959/4460/6306 2595/4461/6306
f 3197/5690/6307 2806/4681/6307 2423/4949/6307
f 2563/5444/6308 2854/5062/6308 2954/4322/6308
f 2984/4905/6309 2923/5192/6309 3027/4906/6309
f 2564/4986/6310 3095/4735/6310 3266/4734/6310
f 2392/4919/6311 2660/5105/6311 2393/4920/6311
f 2472/5384/6312 3177/5818/6312 2888/5385/6312
f 2709/4662/6313 3056/4860/6313 2663/5703/6313
f 3202/4450/6314 2824/4786/6314 2648/5452/6314
f 2539/5344/6315 2397/5041/6315 2760/5416/6315
f 2636/4232/6316 2876/5285/6316 2468/4233/6316
f 2485/4927/6317 3207/5778/6317 2898/5542/6317
f 2263/5522/6318 2980/5821/6318 3285/5540/6318
f 2620/4585/6319 3113/5376/6319 3111/5061/6319
f 2893/5822/6320 2902/5823/6320 2728/5824/6320
f 3156/4183/6321 2505/4272/6321 3155/4184/6321
f 2812/4352/6322 2760/5416/6322 3127/5399/6322
f 2751/5651/6323 2792/5653/6323 2591/5355/6323
f 2443/4466/6324 2777/4468/6324 3123/4571/6324
f 2444/4247/6325 2445/4267/6325 2598/4929/6325
f 3246/5336/6326 2379/4431/6326 2852/4736/6326
f 2383/4148/6327 2462/5334/6327 2488/5705/6327
f 2661/5790/6328 2852/5789/6328 2949/5630/6328
f 2417/4462/6329 2783/4774/6329 2582/4463/6329
f 2600/5243/6330 2601/4387/6330 3141/4389/6330
f 2511/5128/6331 3371/5427/6331 3421/5765/6331
f 2810/4358/6332 3259/5675/6332 2603/4359/6332
f 3047/5242/6333 3096/4170/6333 2291/4169/6333
f 3157/4032/6334 3177/4337/6334 2556/5135/6334
f 3308/5825/6335 2449/4163/4575 2970/4331/4574
f 2311/4770/6336 2765/5015/6336 2289/5103/6336
f 3292/4893/6337 2559/5628/6337 2348/5247/6337
f 2634/4369/6338 2321/5367/6338 2943/4370/6338
f 2734/4657/6339 2400/4559/6339 2589/5474/6339
f 3044/5167/6340 2832/4454/6341 3213/4456/6342
f 2603/4751/6343 2464/4753/6343 2359/5826/6343
f 2476/4057/6344 2989/5380/6344 2477/5382/6344
f 3272/5516/6345 3021/4742/6345 2499/5319/6345
f 2724/4287/6346 3183/4108/6346 2302/5067/6346
f 3482/5663/6347 2387/5019/6347 3239/4282/6347 3479/5269/6347
f 3310/4891/6348 2650/5604/6348 2559/4892/6348
f 2586/4828/6349 3117/5010/6349 2734/5710/6349
f 3076/4885/4794 2519/5161/6350 2789/4954/4792
f 2826/4530/6351 3227/4901/6351 2618/4531/6351
f 3436/5305/5688 2693/4085/6352 2981/5044/6352 3435/5629/5688
f 3189/4914/6353 2736/4541/6353 3099/4056/6353
f 3065/5207/6354 2345/5206/6354 2882/4821/6354
f 2510/4033/6355 3157/4032/6355 2388/4807/6355
f 3059/4187/5009 2939/4281/6356 2475/4884/5007
f 2401/5168/6357 3210/4177/4827 3417/4996/4828 3416/5114/6358
f 2407/5115/6359 2942/5414/6359 3318/4083/6359
f 2420/4820/6360 3015/4819/6360 2790/4715/6360
f 2541/5827/6361 2547/5372/6361 3051/5374/6361
f 2907/4661/6362 3056/4860/6362 2709/4662/6362
f 3467/5791/6363 2661/5790/6363 3367/5807/6363
f 2798/5006/6364 3268/4995/6364 2550/5007/6364
f 3195/4700/6365 2453/4552/6365 2858/5443/6365
f 2912/4686/6366 3087/4690/6366 3276/5077/6366
f 2614/5593/6367 2982/4985/6367 3508/5425/6367 3494/5828/6367
f 2673/4260/6368 3115/4259/6368 3116/4367/6368
f 2507/5056/6369 2308/5214/6369 2442/4870/6369
f 3124/5228/6370 3060/4327/6370 2924/5423/6370
f 3125/4316/6371 2962/4137/6371 3142/4972/6371
f 3144/4864/6372 2298/4877/6372 2774/5178/6372
f 2924/5423/6373 2849/4151/6373 2299/5063/6373
f 2678/5231/6374 2577/4630/6374 3152/4481/6374
f 2373/4140/6018 2617/5480/6375 3168/4173/6019
f 2963/4423/6376 3273/4425/6376 3022/5379/6376
f 2975/5551/6377 3274/5370/6377 2976/5211/6377
f 2806/4681/6378 2703/4683/6378 2423/4949/6378
f 2340/4785/6379 2644/4438/6379 2645/5445/6379
f 2739/4963/6380 2919/4553/6380 2471/5080/6380
f 3297/4060/5780 3337/5499/5782 2885/5275/6381
f 3284/4957/6382 2281/4787/6382 3155/4184/6382
f 3155/4184/6383 2281/4787/6383 3164/4185/6383
f 2419/4102/6384 2422/4452/6384 3137/4100/6384
f 3176/4724/6385 2571/4726/6385 2948/5263/6385
f 3201/5579/6386 2935/5829/6386 3293/4624/6386
f 2430/4200/6387 2821/5555/6387 2428/4198/6387
f 2639/5830/6388 3004/4294/6388 2676/4296/6388
f 2723/5432/5307 2284/5267/6389 3308/5433/5308
f 3426/5162/6390 3076/4885/6390 3455/4504/6390
f 3329/5016/6391 2311/4770/6391 2614/5593/6391
f 2798/5006/6392 2549/5031/6392 3061/5054/6392
f 2578/5409/6393 2866/5259/6393 2756/4171/6393
f 3236/5831/6394 3256/5832/6394 3292/5833/6394
f 3140/4780/6395 2919/4553/6395 2453/4552/6395
f 2915/4476/6396 2818/4550/6396 3252/4549/6396
f 3471/5766/6397 2699/5649/6397 3010/5345/6397 3394/5307/6397
f 3179/4987/6398 3010/5345/6398 2699/5649/6398
f 2388/4807/6399 3157/4032/6399 2556/5135/6399
f 2308/5214/6400 2495/5580/6400 2761/4115/6400
f 2950/4567/6401 2951/4346/6401 2867/4374/6401
f 2641/5463/6402 2749/5565/6402 2748/5462/6402
f 3042/4842/6403 2626/5110/6404 3335/4843/6405
f 3395/5271/6406 3327/4610/6406 3486/5272/6406
f 3064/5834/6407 3030/4831/6407 2376/5218/6407
f 2734/4657/6408 2933/5654/6408 2822/4658/6408
f 2979/4825/6409 2656/5418/6409 2655/5835/6409
f 2746/4391/6410 2417/4462/6043 3295/4392/6042
f 2761/4115/6411 2495/5580/6411 2496/4116/6411
f 2649/5836/6412 2305/4399/6412 3158/5721/6412
f 2986/5518/6413 2653/5784/6413 3314/5614/6413
f 2500/4551/6414 2668/4071/6414 3104/4731/6414
f 2703/4683/6415 2739/4963/6415 3071/5020/6415
f 3253/4211/6416 2478/4797/6416 2324/4799/6416
f 2333/5057/6417 2785/4866/6417 3230/4834/6417
f 3216/4701/6418 2375/5734/6418 3070/4205/6418
f 3236/5837/6419 3310/5838/6419 3256/5839/6419
f 3052/4271/6420 2506/4131/6420 2899/4130/6420
f 2328/5840/6421 2752/5507/6421 2540/5509/6421
f 2836/5134/6422 2835/4106/6422 2834/4930/6422
f 3328/4886/6423 3105/5163/6423 2755/4824/6423
f 2489/5144/6424 2374/5841/6424 2890/5842/6424
f 2867/4374/6425 2335/4631/6425 2950/4567/6425
f 2536/4977/6426 2727/4979/6426 3002/5280/6426
f 2482/5028/6427 2820/4783/6427 2271/4347/6427
f 2496/4116/6428 2903/4601/6428 2655/5034/6428
f 2526/4998/6429 2611/4445/6429 2612/4790/6429
f 3012/4795/6430 3084/4845/6430 2742/4676/6430
f 3211/5528/6431 2625/5108/6431 2447/5529/6431
f 2936/4849/6432 2461/4225/6432 2725/5302/6432
f 3214/4224/6433 2545/4688/6433 2969/5133/6433
f 2994/4727/5920 2995/5753/6290 2389/5186/5918
f 2341/4835/6434 3465/5843/6435 3411/4910/6436
f 2648/5452/6437 2824/4786/6437 2823/5466/6437
f 3384/4447/6438 2927/4493/6438 3413/4191/6438
f 2687/5589/6439 2688/5591/6439 3196/5844/6439
f 2989/5380/6440 2476/4057/4685 3007/4809/4684
f 2643/4970/6441 2489/5845/6441 2642/4971/6441
f 3115/4259/6442 2845/4258/6442 2627/5093/6442
f 2398/4627/6443 3285/5540/5576 2938/5368/5578
f 2545/5596/6444 3204/5595/6444 2969/5846/6444
f 3005/4459/6445 2638/5847/6445 3004/4457/6445
f 2854/5062/6446 2563/5444/6446 2359/4964/6446
f 3418/5076/6447 3326/4714/6447 2928/4712/6447 3419/4685/6447
f 2461/4225/6448 2715/4227/6448 3325/5513/6448
f 3281/4510/6449 2543/4879/6449 3255/4880/6449
f 3471/5766/6450 3394/5307/6450 2973/4768/6450 2669/4767/6450
f 2823/5466/6451 2447/5848/6451 2803/5453/6451
f 3467/5791/6452 3367/5807/6452 2692/5720/6452
f 2971/4095/6453 2357/5804/6453 3024/5849/6453
f 2984/4905/6454 2896/4916/6454 2985/4218/6454
f 3400/5426/6455 2533/5757/6455 3371/5427/6455
f 2699/5649/6456 2533/5757/6456 3273/4425/6456
f 2421/4716/6457 3130/4816/6457 3077/4041/6457
f 3011/5442/5788 3225/5069/5787 2669/4767/6458
f 2271/4347/6459 2933/5654/6459 2296/4043/6459
f 3123/4571/6460 2283/4572/6460 3221/4918/6460
f 3049/4536/6461 3438/5704/6461 3474/5174/6461 3235/5366/6461
f 3084/4845/6462 2914/4999/6462 3229/4417/6462
f 2348/4679/6463 3270/5808/6463 2346/4680/6463
f 2952/5027/6464 2602/4752/6464 3259/5353/6464
f 3067/4847/6465 2551/4216/6465 2867/4374/6465
f 3131/5154/6466 2541/5850/6466 3051/5478/6466
f 3179/4987/6467 2710/4509/6467 2266/4837/6467
f 2629/4269/6468 2673/4260/6468 3116/4367/6468
f 3425/5741/6469 2872/5851/6469 3459/5742/6469
f 3459/4981/6470 2872/4114/6470 3136/4959/6470 3351/4982/6470
f 2459/4940/6471 3113/5376/6471 3057/4757/6471
f 2893/5852/6472 2728/5853/6472 2936/5854/6472
f 3229/4417/6473 2523/4418/6473 2522/4677/6473
f 3339/5497/6474 2477/5382/6474 3191/4437/6474
f 2458/5855/6475 3057/5811/6475 2465/5813/6475
f 3075/4354/4422 2895/4353/4421 2361/5505/6476
f 2498/4817/6477 2664/4469/6477 3077/4041/6477
f 2698/4908/6478 2690/5564/6478 3198/4375/6478
f 3004/4294/6479 2639/5830/6479 3038/5856/6479
f 2580/5857/6480 2579/5494/6480 2581/5194/6480
f 3362/4545/4907 3346/5086/4907 2788/5665/6481 2546/4546/6481
f 2640/5112/6482 2641/5463/6482 3072/5113/6482
f 2735/4575/6483 2323/4808/6483 2414/5632/6483
f 2516/4655/5025 2794/5587/5575 2517/4840/6484
f 2953/4157/6485 2632/4180/6485 3063/4158/6485
f 2604/4695/6486 2606/4694/6486 3030/5718/6486
f 2504/4902/4757 3092/4364/4756 2342/4440/6487
f 2297/5137/6488 3171/4412/6488 3003/4411/6488
f 3027/5087/6489 2510/4033/6489 2846/4561/6489
f 2987/5199/6490 2441/4868/6490 3099/4056/6490
f 3472/5173/6491 3235/5366/6491 3474/5174/6491
f 3140/4780/6492 2971/5767/6492 2919/4553/6492
f 3350/4594/6493 2771/4064/6493 3423/4595/6493
f 2280/4789/6494 2352/4788/6494 3334/5238/6494
f 2605/4693/6495 3338/5488/6495 2606/4694/6495
f 3338/5858/6496 3009/4372/6496 2606/4830/6496
f 3219/4290/6497 3218/5475/6497 2409/5239/6497
f 3219/4290/6498 2409/5239/6498 2861/5485/6498
f 2839/5127/6499 2338/5255/6499 2290/5375/6500
f 2465/5025/6501 2952/5027/6501 3259/5353/6501
f 2544/4319/6502 3204/5859/6502 2917/5817/6502
f 3231/5805/6503 2722/4524/6503 3245/5455/6503
f 2605/4693/6504 2772/5059/6504 3338/5488/6504
f 2737/4543/6505 2376/5218/6505 2736/4541/6505
f 2877/5048/6506 3223/4684/6506 2637/5120/6506
f 2432/4315/6507 3106/4761/6507 3125/4316/6507
f 3370/5106/6508 2592/5341/6508 3437/5107/6508
f 2635/4564/6509 2381/4773/6509 3119/4432/6509
f 3109/5527/6510 3041/5358/6510 3148/4798/6510
f 2402/4356/6511 2964/4424/5765 3331/5180/5764
f 2521/4846/6512 2993/4584/6512 3114/4052/6512
f 3317/4507/6513 3050/5819/6513 2610/4508/6513
f 2742/4676/6514 3084/4845/6514 3229/4417/6514
f 2375/5734/6090 3216/4701/6515 2859/4703/6091
f 2704/5147/6516 2330/5146/6516 3311/4270/6516
f 2693/4085/6517 2318/4084/6517 2391/5045/6517
f 2757/4925/5169 3037/4506/5168 3276/5077/5467
f 2705/4495/6518 3166/4533/6518 3165/4496/6518
f 2276/5322/6519 2795/5383/6519 3213/4456/6519
f 2521/4846/6520 2528/4582/6520 2993/4584/6520
f 2806/4681/6127 2807/4988/6129 2809/4682/6521
f 2442/4870/6522 3118/5498/6522 2441/4868/6522
f 2950/5567/6523 2805/4616/6523 2990/5011/6523
f 2869/5111/6524 2340/4785/6524 3202/4450/6524
f 2800/4103/6525 2554/4917/6525 2380/4104/6525
f 3321/4228/6526 3095/4735/6526 2837/4490/6526
f 3037/4506/6527 3422/4505/6527 3379/5075/6527 3276/5077/6527
f 2879/5553/6528 2295/5464/6528 2452/5349/6528
f 2901/4090/6529 2788/5635/6529 3277/4643/6529
f 2886/4951/6530 2677/5447/6530 3017/4952/6530
f 3072/5860/6531 3301/5193/6531 3073/5861/6531
f 3095/4735/6532 3321/4228/6074 2765/5015/6073
f 2505/4272/5629 2330/5146/6533 3205/4497/5627
f 3078/4717/6534 3077/4041/6534 2326/4040/6534
f 3169/5121/6535 2431/4555/6535 2592/5341/6535
f 3273/4425/6299 2964/4424/6536 3050/5819/6297
f 2288/4527/6537 3341/4526/6538 2270/4373/6539
f 3341/4526/6538 2376/5218/6540 2270/4373/6539
f 2961/4836/5290 2371/4759/5289 2341/4835/6541
f 2273/4219/6542 3108/4915/6542 2631/5536/6542
f 3296/4744/6543 2263/5522/6543 2494/4743/6543
f 3052/5862/6544 2899/5191/6544 2508/5190/6544
f 2652/5481/6545 2489/5144/6545 2890/5842/6545
f 3324/4262/6546 2524/4289/6546 3058/4291/6546
f 3202/4450/6547 2803/5453/6547 2305/4451/6547
f 2851/4621/6548 2643/4970/6548 3315/4622/6548
f 2579/5494/6549 2992/4111/6549 2581/5194/6549
f 3019/5303/6550 2535/5533/6550 2462/5304/6550
f 2578/5409/6551 3023/4939/6551 2866/5259/6551
f 2955/4165/6552 3154/4179/6552 2970/4331/6552
f 2471/5080/6553 2628/4268/6553 2875/5081/6553
f 2315/4897/5277 2594/4754/6554 2999/4339/5278
f 2546/5714/6555 2788/5635/6555 3041/5358/6555
f 3176/5506/6556 3093/4903/6556 2361/5505/6556
f 3355/5671/6557 3442/5088/6557 2611/4445/6557 2526/4998/6557
f 2760/5416/6558 2812/4352/6558 3043/4826/6558
f 3462/4565/6559 2646/4446/6559 3454/4442/6559
f 2777/4468/6560 2864/4099/6560 3123/4571/6560
f 3445/5600/6561 3212/5633/6561 3372/5601/6561
f 3245/5863/6562 2902/4944/6562 2997/4943/6562
f 2973/5864/6563 3374/5865/6563 3382/5866/6563
f 3166/5549/6564 3112/5208/6564 3312/5867/6564
f 2451/5022/6565 2540/5343/5180 2562/5342/5179
f 3307/5220/6566 2447/5529/6566 2347/4801/6566
f 2810/4358/6567 2703/4683/4602 2809/4682/4601
f 3285/5540/6568 2980/5821/6568 2937/5588/6568
f 3380/4030/6569 3482/5663/6569 2370/4028/6569
f 3464/4264/6570 2468/4233/6570 2827/4478/6570 3398/4265/6570
f 2788/5635/6571 2325/5532/6571 3041/5358/6571
f 2399/4606/6572 2941/4598/6572 2466/4597/6572
f 2485/4927/6573 2989/5380/6573 3207/5778/6573
f 3224/4913/6574 3118/5498/6574 2437/5868/6574
f 2619/5511/6575 3224/5869/6575 2437/4209/6575
f 2617/5480/6576 2756/4171/6576 3168/4173/6576
f 3340/4249/6577 3091/5517/6577 2488/5158/6577
f 2389/5186/6578 2390/4671/6578 3080/5281/6578
f 3083/5412/6579 3038/4342/6579 2473/4537/6579
f 3311/4270/6580 2330/5146/6580 2505/4272/6580
f 2298/4877/6581 2754/4841/6581 2774/5178/6581
f 2797/5558/6582 3340/5560/6582 2796/5870/6582
f 3230/4834/6583 2785/4866/6583 2784/5156/6583
f 2553/4750/6584 2968/4749/6584 2277/5378/6584
f 3288/4696/6585 2260/4355/6585 3020/4357/6585
f 2667/4070/6586 3084/4845/6586 2521/4846/6586
f 2293/5253/6587 2959/4460/6587 3265/4755/6587
f 3387/5377/6588 3396/5160/6588 2497/5325/6588 2275/5324/6588
f 2699/5649/6589 3050/5819/6589 3317/4507/6589
f 2594/4754/6225 2351/5277/6590 2998/5400/6226
f 2610/4508/6591 2403/4733/6591 2966/5871/6591
f 3056/4860/6592 3055/4257/6592 2663/5703/6592
f 2966/5871/6593 2491/5014/6593 3487/5872/6593 3507/5873/6593
f 3135/5457/6594 3137/4100/6594 3184/4997/6594
f 2286/4063/6595 2530/4421/6595 2636/4232/6595
f 3347/4333/6596 3294/4441/6596 3319/5287/6596 3366/4334/6596
f 3358/5874/6597 3374/5865/6597 2973/5864/6597
f 3148/4798/6598 3041/5358/6598 2325/5532/6598
f 2416/4129/6599 2580/5200/6599 2791/5761/6599
f 2780/5470/6600 2831/4614/6600 2779/5468/6600
f 3332/4514/6601 3241/4520/6601 2714/4515/6601
f 2706/5605/6602 2832/4454/6341 3044/5167/6340
f 3301/5193/6603 2972/5195/6603 3073/5861/6603
f 2993/4584/6604 2408/4922/6604 2996/4053/6604
f 2270/4373/6605 2840/5066/6605 2288/4527/6605
f 2282/4644/6606 2444/4247/6606 2598/4929/6606
f 2971/4095/6607 3140/5875/6607 2369/4096/6607
f 2726/5876/6608 3002/5280/6608 2727/4979/6608
f 2863/5877/6609 3158/5721/6609 3298/5501/6609
f 3046/5878/6610 3045/4042/6610 2663/5703/6610
f 2284/5267/6611 2265/5009/6081 3308/5433/6080
f 2413/5196/6612 2414/5632/6612 2909/4707/6612
f 2569/4138/4707 2961/4836/4706 2343/5002/6613
f 2823/5879/6614 2484/4802/5969 2447/5529/5971
f 3201/5579/6615 3293/4624/6615 2903/4601/6615
f 3032/4771/6616 2396/5492/6616 3033/5547/6616
f 3292/5833/6617 3256/5832/6617 2559/5880/6617
f 2990/5011/6618 2805/4616/6618 2493/4378/6618
f 2949/5630/6619 2379/5881/6619 2662/4882/6619
f 3072/5113/6620 3073/5882/6620 2357/5804/6620
f 3228/4993/6621 2602/4752/6621 2952/5027/6621
f 2781/4073/6622 2552/4215/6622 3434/5438/6622 3449/5756/6622
f 2291/4169/5826 2974/4608/5825 2411/4719/6623
f 3239/4282/6624 2510/4033/6624 2929/4806/6624
f 2573/4899/6625 3094/4091/6625 2574/4539/6625
f 2607/5035/6626 2469/5212/6626 2825/4529/6626
f 2643/4970/6627 2374/5660/6627 2489/5845/6627
f 3167/4027/6628 2358/4026/6628 2586/4828/6628
f 3251/4794/6629 2456/4611/6629 2337/4556/6629
f 2610/4508/6630 2964/4424/6630 2403/4733/6630
f 3050/5819/6631 2964/4424/6631 2610/4508/6631
f 2907/4661/6632 3328/4886/6632 3056/4860/6632
f 2403/4733/6633 2491/5014/6633 2966/5871/6633
f 3309/4969/6634 2525/5535/6634 2862/5397/6634
f 2413/5196/6635 2909/4707/6635 2552/4215/6635
f 3333/4256/6636 2906/4255/6636 2501/4263/6636
f 3169/5121/6637 3392/5592/6637 3390/5122/6637
f 3241/5883/6638 2386/5621/6638 2714/5623/6638
f 3281/4510/6639 2542/4512/6639 2543/4879/6639
f 2351/5277/6640 2595/4461/6640 2926/5301/6640
f 2858/5443/6641 2954/4322/6641 2857/4321/6641
f 2793/5417/6642 2338/5255/6499 2839/5127/6499
f 2994/4727/6643 2354/4467/6643 2264/4728/6643
f 3288/4696/6644 2660/4697/6644 2392/5546/6644
f 2997/4943/6645 3231/5477/6645 3245/5863/6645
f 3047/5242/6646 2946/5631/6646 2947/5008/6646
f 2934/5003/6647 2570/4535/6647 2634/4369/6647
f 3313/5884/6648 2577/4630/6648 3342/5230/6648
f 3137/4100/6649 2422/4452/6649 2588/4453/6649
f 2987/5199/6650 2309/4869/6650 2441/4868/6650
f 2658/5693/6651 2309/4869/6651 2987/5199/6651
f 2491/5014/6652 3329/5016/6652 3517/5885/6652 3487/5872/6652
f 2850/5004/6653 2487/4251/6653 2848/4250/6653
f 3290/5719/6654 3016/5502/6654 2889/4651/6654
f 2455/4178/6655 2871/4560/6655 3154/4179/6655
f 2701/4492/6656 2702/4973/6656 2927/4493/6656
f 3151/5886/6657 2767/5887/6657 2428/5888/6657
f 2719/5889/6658 2894/5890/6658 3240/5891/6658
f 3240/4709/6659 2894/5388/6659 2483/4710/6659
f 3212/5633/6660 2786/4266/6660 3433/5346/6660 3372/5601/6660
f 2679/4480/6661 2412/4479/6661 3485/5625/6661 3484/5392/6661
f 2929/4806/6662 3483/5270/6662 3479/5269/6662 3239/4282/6662
f 2887/5043/6663 3468/5792/6663 3467/5791/6663 2692/5720/6663
f 2350/5401/6664 3465/5843/6665 3483/5270/6666 2929/4806/6666
f 3060/4327/4565 3036/4097/4564 2632/4180/6667
f 2957/5365/6668 2702/4973/6668 3457/4243/6668 3478/4242/6668
f 2678/5231/6669 2679/4480/6669 3453/5391/6669 3480/5603/6669
f 3308/5433/6670 2363/5293/6670 2717/4302/6670
f 3342/5230/6295 2678/5231/6671 3480/5603/6671 3447/5222/6296
f 3291/5175/6672 3342/5237/6672 3446/5781/6181 3477/5176/6181
f 2925/5440/6673 3473/5645/6673 3445/5600/6673 3260/5039/6673
f 2468/4233/6674 3464/4264/6674 3444/4246/6674 2467/4231/6674
f 2290/5375/6154 2338/5255/6675 2312/4136/6152
f 3327/4610/6676 3215/4609/6676 3440/5309/6676 3486/5272/6676
f 2595/4461/6677 3086/4429/6677 3439/5251/6677 3448/5250/6677
f 3086/4429/6678 3289/4428/6678 3474/5174/6678 3438/5704/6678
f 3415/5288/6679 3264/4335/6679 3365/5286/6679
f 2815/5686/6680 3449/5756/6680 3434/5438/6680 2568/4192/6680
f 2568/4192/6681 3434/5438/6681 3452/4706/6681 2925/5440/6681
f 2925/5440/6682 3428/4708/6682 3473/5645/6682
f 2533/5757/6683 2699/5649/6683 3471/5766/6683 3421/5765/6683
f 2815/5686/6684 3160/5799/6684 3441/4075/6684 3420/4074/6684
f 2815/5686/6685 3420/4074/6685 3449/5756/6685
f 2407/5115/6686 3416/5114/6358 3417/4996/4828 3257/5413/6687
f 2651/5393/6688 3484/5392/6688 3485/5625/6688 2406/4237/6688
f 2808/4604/6689 2872/4114/6689 3425/5520/6689 3412/4605/6689
f 2350/5401/6664 3411/4910/6690 3465/5843/6665
f 3016/5502/6691 2884/5619/6691 3017/4872/6691
f 3211/5528/6692 3427/5352/6692 3408/5351/6692 2625/5108/6692
f 2926/5301/6693 3470/5411/6693 3404/5410/6694 2351/5277/6695
f 3088/5538/6696 2351/5277/6695 3404/5410/6694 3405/5407/6696
f 3215/5451/6697 3257/5413/6697 3403/4176/6697 3475/4175/6697
f 3257/5413/6687 3417/4996/4828 3403/4176/4828
f 2387/5019/6698 3409/4029/6698 3402/5177/6698 2768/4562/6698
f 2336/4366/6699 3069/4365/6699 3026/5017/6699
f 3150/5624/6700 2533/5757/6700 3401/5788/6700 3456/4800/6700
f 3335/4843/6405 2626/5110/6404 3414/5101/6701 3397/5100/6701
f 3327/4610/6702 3395/5271/6702 3399/5666/6702 2828/4051/6702
f 2467/4231/6703 3443/4245/6703 3393/5099/6703
f 3211/5528/6704 3390/5122/6704 3392/5592/6704
f 3291/5175/6705 3476/4204/6705 3389/4203/6705 3136/5892/6705
f 3307/5220/6706 3388/5123/6706 3390/5122/6706 3211/5528/6706
f 2553/4750/6707 2277/5378/6707 3387/5377/6707 3386/5290/6707
f 2320/4341/6708 2911/5085/6708 2670/4280/6708
f 2799/4596/6709 3424/5330/6709 3383/5329/6709 3336/4634/6709
f 2415/5327/6710 2417/4462/6710 2746/4391/6710
f 3035/4887/6711 2422/4452/6711 2419/4102/6711
f 2387/5019/6712 3380/4030/6712 3409/4029/6712
f 3076/4885/6713 3326/4714/6713 3379/5075/6713 3422/4505/6713
f 3059/5893/6714 3206/5894/6714 2474/5895/6714
f 2335/4631/6715 3110/4076/6715 2747/5722/6715
f 2836/5134/6716 2599/4107/6716 2835/4106/6716
f 2864/4099/6717 2777/4468/6717 2778/5170/6717
f 2962/4137/6718 2532/4760/6718 2961/4836/6718
f 2467/4231/6719 3393/5099/6719 3375/5493/6719 3068/5232/6719
f 3307/5220/6720 3068/5232/6720 3375/5493/6720 3458/5219/6720
f 3391/5264/5088 3381/5266/5088 2321/5367/6721 3235/5366/6721
f 2933/5654/6722 2802/4044/6722 2296/4043/6722
f 3010/5345/6723 3382/5672/6723 3374/5403/6723
f 2432/4315/5128 2493/4378/5127 3106/4761/6724
f 2581/5194/6725 2992/4111/6725 2991/5751/6725
f 3260/5039/6726 3372/5601/6726 3433/5346/6726 2827/4478/6726
f 2533/5757/6727 3421/5765/6727 3371/5427/6727
f 2625/5108/6728 3408/5351/6728 3370/5106/6728
f 3160/5799/6729 3369/4578/6729 3441/4075/6729
f 2768/5896/6730 3402/5723/6730 3369/4578/6730 3160/5799/6730
f 3010/5345/6731 2266/4837/6731 3368/5673/6731 3382/5672/6731
f 2692/5720/6732 3367/5807/6732 3435/5629/6732 2981/5044/6732
f 3119/4432/6733 3243/5064/6733 3249/5479/6733
f 2341/4835/6434 2913/4659/6434 3483/5270/6434 3465/5843/6435
f 2926/5301/6734 3364/5300/6734 3378/5763/6734
f 2560/4049/6735 3363/4544/6735 3385/4236/6735 2412/4479/6735
f 3424/5330/6736 3423/4595/6736 2771/4064/6736
f 2609/5897/6737 3360/5314/5146 3359/4776/5145
f 2821/5555/6738 2609/5897/6738 3359/4776/6738 3431/4775/6738
f 3400/5426/6739 2511/5128/6739 3401/5788/6739
f 3336/4634/6740 3356/5318/6740 3468/5317/6740 2887/4155/6740
f 2544/5898/6741 3355/5899/6741 3357/5419/6741 3204/5421/6741
f 2569/4138/6742 2934/5003/6742 3217/5708/6742
f 3088/5538/6743 3405/5407/6743 3354/4911/6743
f 3088/5538/6744 3354/4911/6744 3411/4910/6744 2350/5401/6744
f 3335/5717/6745 3353/5716/6745 3406/5900/6745
f 3136/4962/6746 3352/4961/6746 3351/4473/6746
f 3150/5624/6747 3463/4730/6747 3350/4594/6747 2799/4596/6747
f 2460/5901/6748 3349/5364/6748 3429/5363/6748 3323/5491/6748
f 2969/5133/6749 3373/5450/6749 3349/5449/6749 2460/4222/6749
f 2517/4840/6750 2548/4588/6750 3490/5902/6750 3488/5903/6750
f 2927/4493/6751 2957/5365/6751 3481/4741/6751 3348/4189/6751
f 3248/5904/6752 2900/5198/6752 2526/5197/6752
f 2499/5319/6753 3021/4742/6753 3181/4393/6753
f 2828/4051/6754 3399/5666/6754 3346/5086/6754
f 3335/4843/5714 3406/4672/6755 3345/4465/6755 2430/4200/5715
f 2430/4200/6756 3345/4465/6756 3344/4464/6756 2609/5897/6756
f 2609/5897/6757 3344/4464/6757 3360/5314/6757
f 2625/5108/6758 3437/5107/6758 3343/5486/6758
f 2626/5110/4931 2625/5108/4930 3343/5486/6759 3414/5101/6759
f 2710/4509/6760 2610/4508/6760 3493/5905/6760 3498/4838/6760
f 2863/5877/6761 3298/5501/6761 3516/5906/6761 3505/5907/6761
f 2941/4598/6762 2584/5573/6762 3492/5908/6762 3506/4599/6762
f 2819/4900/6763 2700/4654/6763 3497/5909/6763 3503/5910/6763
f 2584/5573/6764 2680/5701/6764 3496/5911/6764 3492/5908/6764
f 2322/4126/6765 2731/4873/6765 3500/5755/6765 3145/5912/6765
f 3100/4878/6766 3244/5371/6766 3514/5913/6766 3512/5785/6766
f 2306/4729/6767 3279/4941/6767 3515/5914/6767 3203/5915/6767
f 2995/5753/6768 2994/4727/6768 3509/5916/6768 3510/5754/6768
f 2562/5342/6769 2538/5084/6769 3489/5917/6769 3491/5519/6769
f 3033/5547/6770 2752/5548/6770 3501/5918/6770 3511/5919/6770
f 2610/4508/6771 2966/5871/6771 3507/5873/6771 3493/5905/6771
f 2700/4654/6772 2517/4840/6772 3488/5903/6772 3497/5909/6772
f 2538/5084/6773 2729/5569/6773 3499/5681/6773 3489/5917/6773
f 2548/4588/6774 2433/4862/6774 2384/5920/6774 3490/5902/6774
f 2262/5674/6775 3368/5673/6775 3518/5921/6775 2316/5738/6775
f 3298/5922/6776 3151/5886/6776 3513/5923/6776 3516/5924/6776
f 2433/4862/6777 2322/5925/6777 3145/5926/6777 2384/5920/6777
f 3151/5886/6778 2428/5888/6778 2385/5927/6778 3513/5923/6778
f 3279/4941/6779 2466/4597/6779 2457/4600/6779 3515/5914/6779
f 3244/5371/6780 2819/4900/6780 3503/5910/6780 3514/5913/6780
f 3368/5673/6781 2266/4837/6781 2313/4839/6781 3518/5921/6781
f 2428/4198/6782 2821/5555/6782 3504/5556/6782 2385/5928/6782
f 2752/5042/6783 2328/5021/6783 2395/5024/6783 3501/5929/6783
f 3329/5016/6784 2614/5593/6784 3494/5828/6784 3517/5885/6784
f 2994/4727/6785 2306/4729/6785 3203/5915/6785 3509/5916/6785
f 3744/5930/6786 3786/5931/6786 3799/5932/6786 3780/5933/6786
f 3712/5934/6787 3671/5935/6787 3713/5936/6787
f 3702/5937/6788 3728/5938/6788 3735/5939/6788
f 3719/5940/6789 3658/5941/6789 3661/5942/6789
f 3521/5943/6790 3732/5944/6790 3531/5945/6790
f 3799/5946/6791 3724/5947/6791 3704/5948/6791
f 3717/5949/6792 3804/5950/6792 3567/5951/6792
f 3699/5952/6793 3622/5953/6793 3715/5954/6793
f 3552/5955/6794 3653/5956/6794 3777/5957/6794
f 3523/5958/6795 3718/5959/6795 3812/5960/6795
f 3768/5961/6796 3733/5962/6796 3745/5963/6796
f 3526/5964/6797 3787/5965/6797 3528/5966/6797
f 3801/5967/6798 3561/5968/6798 3776/5969/6798
f 3707/5970/6799 3801/5967/6799 3776/5969/6799
f 3662/5971/6800 3802/5972/6801 3795/5973/6802
f 3728/5974/6803 3796/5975/6803 3734/5976/6803
f 3523/5958/6804 3741/5977/6804 3766/5978/6804
f 3766/5978/6805 3742/5979/6805 3731/5980/6805
f 3798/5981/6806 3562/5982/6806 3656/5983/6806
f 3794/5984/6807 3790/5985/6807 3723/5986/6807
f 3733/5962/6808 3563/5987/6808 3745/5963/6808
f 3765/5988/6809 3672/5989/6809 3752/5990/6809
f 3747/5991/6810 3735/5992/6810 3734/5976/6810
f 3554/5993/6811 3718/5959/6811 3810/5994/6811
f 3753/5995/6812 3653/5956/6812 3552/5955/6812
f 3536/5996/6813 3767/5997/6813 3521/5943/6813
f 3812/5960/6814 3718/5959/6814 3736/5998/6814
f 3797/5999/6815 3715/6000/6815 3714/6001/6815
f 3790/5985/6816 3794/5984/6816 3558/6002/6816
f 3558/6002/6817 3564/6003/6817 3790/5985/6817
f 3559/6004/6818 3807/6005/6818 3705/6006/6818
f 3545/6007/6819 3771/6008/6819 3779/6009/6819
f 3784/6010/6820 3703/6011/6820 3741/5977/6820
f 3740/6012/6821 3763/6013/6821 3757/6014/6821
f 3531/5945/6822 3732/5944/6822 3773/6015/6822
f 3548/6016/6823 3520/6017/6823 3772/6018/6823
f 3782/6019/6824 3702/5937/6824 3655/6020/6824
f 3540/6021/6825 3766/5978/6825 3721/6022/6825
f 3803/6023/6826 3550/6024/6826 3559/6025/6826
f 3563/5987/6827 3534/6026/6827 3740/6012/6827
f 3809/6027/6828 3725/6028/6828 3706/6029/6828
f 3711/6030/6829 3738/6031/6829 3808/6032/6829
f 3699/6033/6830 3716/6034/6830 3622/6035/6830
f 3556/6036/6831 3813/6037/6831 3789/6038/6831
f 3796/5975/6832 3777/5957/6832 3653/5956/6832
f 3706/6029/6833 3746/6039/6833 3717/5949/6833
f 3793/6040/6834 3724/5947/6834 3786/6041/6834
f 3547/6042/6835 3760/6043/6835 3700/6044/6835
f 3709/6045/6836 3808/6032/6837 3535/6046/6838
f 3526/5964/6839 3708/6047/6839 3566/6048/6839
f 3753/5995/6840 3552/5955/6840 3767/5997/6840
f 3723/6049/6841 3773/6015/6841 3547/6042/6841
f 3745/5963/6842 3563/5987/6842 3530/6050/6842
f 3754/6051/6843 3743/6052/6843 3737/6053/6843
f 3530/6054/6844 3791/6055/6844 3710/6056/6844
f 3747/5991/6845 3753/5995/6845 3536/5996/6845
f 3798/5981/6846 3722/6057/6846 3782/6019/6846
f 3701/6058/6847 3720/6059/6847 3721/6022/6847
f 3726/6060/6848 3701/6058/6848 3731/5980/6848
f 3770/6061/6849 3542/6062/6849 3781/6063/6849
f 3539/6064/6850 3725/6028/6850 3735/5939/6850
f 3773/6015/6851 3710/6056/6852 3531/5945/6853
f 3557/6065/6854 3793/6040/6854 3786/6041/6854
f 3765/5988/6855 3549/6066/6855 3744/5930/6855
f 3708/6047/6856 3526/5964/6857 3534/6026/6858
f 3787/5965/6859 3793/6040/6859 3557/6065/6859
f 3543/6067/6860 3758/6068/6860 3739/6069/6860
f 3702/5937/6861 3725/6028/6861 3655/6020/6861
f 3537/6070/6862 3776/6071/6862 3698/6072/6862
f 3698/6072/6863 3814/6073/6863 3537/6070/6863
f 3802/5972/6801 3662/5971/6800 3777/5957/6864
f 3524/6074/6865 3520/6017/6865 3548/6016/6865
f 3705/6075/6866 3658/5941/6866 3719/5940/6866
f 3543/6076/6867 3669/6077/6867 3529/6078/6867
f 3545/6007/6868 3760/6043/6868 3547/6042/6868
f 3698/6072/6869 3527/6079/6869 3814/6073/6869
f 3529/6078/6870 3759/6080/6870 3801/5967/6870
f 3801/5967/6871 3663/6081/6871 3529/6078/6871
f 3709/6045/6872 3568/6082/6872 3566/6048/6872
f 3746/6083/6873 3804/6084/6873 3717/6085/6873
f 3761/6086/6874 3750/6087/6874 3799/5946/6874
f 3739/6088/6875 3798/5981/6875 3656/5983/6875
f 3550/6024/6876 3803/6023/6876 3738/6031/6876
f 3737/6053/6877 3545/6007/6877 3664/6089/6877
f 3551/6090/6878 3555/6091/6878 3565/6092/6878
f 3726/6060/6879 3731/5980/6879 3561/5968/6879
f 3743/6052/6880 3699/6033/6880 3715/6000/6880
f 3654/6093/6881 3550/6094/6881 3533/6095/6881
f 3772/6018/6882 3525/6096/6882 3548/6016/6882
f 3536/5996/6883 3746/6083/6883 3539/6097/6883
f 3760/6043/6884 3545/6007/6885 3779/6009/6886
f 3803/6023/6887 3805/6098/6887 3535/6046/6887
f 3785/6099/6888 3804/6084/6888 3746/6083/6888
f 3541/6100/6889 3813/6037/6889 3556/6036/6889
f 3559/6025/6890 3705/6075/6890 3805/6098/6890
f 3528/5966/6891 3740/6012/6891 3534/6026/6891
f 3793/6040/6892 3787/5965/6893 3566/6048/6894
f 3710/6056/6852 3773/6015/6851 3768/6101/6895
f 3660/6102/6896 3751/6103/6896 3544/6104/6896
f 3750/6105/6897 3780/5933/6897 3799/5932/6897
f 3563/5987/6898 3733/5962/6898 3534/6026/6898
f 3733/5962/6899 3790/5985/6899 3564/6003/6899
f 3729/6106/6900 3730/6107/6900 3755/6108/6900
f 3560/6109/6901 3762/6110/6901 3795/5973/6901
f 3731/5980/6902 3668/6111/6902 3561/5968/6902
f 3780/5933/6903 3750/6105/6903 3556/6036/6903
f 3657/6112/6904 3665/6113/6904 3522/6114/6904
f 3800/6115/6905 3700/6044/6905 3760/6043/6905
f 3726/6060/6906 3562/5982/6906 3701/6058/6906
f 3806/6116/6907 3716/6034/6907 3699/6033/6907
f 3722/6057/6908 3728/5938/6908 3782/6019/6908
f 3800/6115/6909 3779/6009/6909 3542/6117/6909
f 3805/6098/6910 3719/5940/6910 3775/6118/6910
f 3810/5994/6911 3811/6119/6911 3809/6027/6911
f 3741/5977/6912 3544/6104/6912 3742/5979/6912
f 3703/6011/6913 3525/6096/6913 3544/6104/6913
f 3704/5948/6914 3568/6082/6914 3546/6120/6914
f 3733/5962/6915 3538/6121/6915 3534/6026/6915
f 3655/6020/6916 3811/6119/6916 3720/6059/6916
f 3525/6096/6917 3772/6018/6917 3549/6122/6917
f 3567/5951/6918 3736/5998/6918 3554/5993/6918
f 3567/5951/6919 3791/6123/6919 3569/6124/6919
f 3808/6032/6920 3783/6125/6920 3558/6002/6920
f 3530/6050/6921 3563/5987/6921 3757/6014/6921
f 3810/5994/6922 3540/6021/6922 3811/6119/6922
f 3655/6020/6923 3720/6059/6923 3782/6019/6923
f 3530/6126/6924 3757/6127/6924 3569/6124/6924
f 3538/6121/6925 3783/6125/6925 3708/6047/6925
f 3895/6128/6926 3909/6129/6926 3678/6130/6926
f 3678/6130/6927 3879/6131/6927 3895/6128/6927
f 3853/6132/6928 3880/6133/6928 3831/6134/6928
f 3636/6135/6929 3884/6136/6929 3837/6137/6929
f 3642/6138/6930 3639/6139/6930 3829/6140/6930
f 3913/6141/6931 3832/6142/6931 3851/6143/6931
f 3821/6144/6932 3877/6145/6932 3818/6146/6932
f 3598/6147/6933 3838/6148/6933 3857/6149/6933
f 3642/6138/6934 3886/6150/6934 3697/6151/6934
f 3898/6152/6935 3836/6153/6935 3822/6154/6935
f 3612/6155/6936 3841/6156/6936 3608/6157/6936
f 3848/6158/6937 3850/6159/6937 3916/6160/6937
f 3872/6161/6938 3882/6162/6938 3878/6163/6938
f 3912/6164/6939 3859/6165/6939 3883/6166/6939
f 3600/6167/6940 3857/6149/6940 3870/6168/6940
f 3892/6169/6941 3916/6160/6941 3587/6170/6941
f 3617/6171/6942 3874/6172/6942 3694/6173/6942
f 3680/6174/6943 3595/6175/6943 3574/6176/6943
f 3621/6177/6944 3848/6158/6944 3882/6178/6944
f 3822/6154/6945 3875/6179/6945 3618/6180/6945
f 3590/6181/6946 3852/6182/6946 3572/6183/6946
f 3849/6184/6947 3687/6185/6947 3596/6186/6947
f 3903/6187/6948 3911/6188/6949 3823/6189/6950
f 3610/6190/6951 3620/6191/6951 3621/6192/6951
f 3621/6192/6952 3854/6193/6952 3610/6190/6952
f 3681/6194/6953 3846/6195/6953 3904/6196/6953
f 3817/6197/6954 3820/6198/6954 3880/6133/6954
f 3686/6199/6955 3885/6200/6955 3863/6201/6955
f 3576/6202/6956 3885/6200/6956 3686/6199/6956
f 3872/6203/6957 3621/6177/6957 3882/6178/6957
f 3817/6197/6958 3892/6169/6958 3820/6198/6958
f 3583/6204/6959 3581/6205/6959 3844/6206/6959
f 3697/6151/6960 3886/6150/6960 3684/6207/6960
f 3818/6146/6961 3879/6131/6961 3678/6130/6961
f 3601/6208/6962 3867/6209/6962 3899/6210/6962
f 3821/6144/6963 3571/6211/6963 3901/6212/6963
f 3591/6213/6964 3901/6212/6964 3845/6214/6964
f 3845/6214/6965 3857/6215/6965 3591/6213/6965
f 3863/6201/6966 3580/6216/6966 3611/6217/6966
f 3605/6218/6967 3902/6219/6967 3582/6220/6967
f 3907/6221/6968 3680/6174/6968 3574/6176/6968
f 3872/6161/6969 3854/6193/6969 3621/6192/6969
f 3845/6214/6970 3575/6222/6970 3674/6223/6970
f 3818/6146/6971 3825/6224/6971 3879/6131/6971
f 3619/6225/6972 3850/6159/6972 3621/6177/6972
f 3817/6197/6973 3878/6226/6973 3882/6178/6973
f 3817/6197/6974 3843/6227/6974 3878/6226/6974
f 3625/6228/6975 3686/6199/6975 3816/6229/6975
f 3834/6230/6976 3830/6231/6976 3607/6232/6976
f 3609/6233/6977 3826/6234/6977 3876/6235/6977
f 3694/6236/6978 3874/6237/6978 3825/6224/6978
f 3585/6238/6979 3868/6239/6979 3689/6240/6979
f 3695/6241/6980 3837/6137/6980 3910/6242/6980
f 3893/6243/6981 3570/6244/6981 3836/6153/6981
f 3585/6238/6982 3890/6245/6982 3606/6246/6982
f 3827/6247/6983 3603/6248/6983 3586/6249/6983
f 3578/6250/6984 3852/6182/6985 3608/6157/6986
f 3893/6243/6987 3878/6163/6987 3843/6251/6987
f 3674/6223/6988 3863/6201/6988 3885/6200/6988
f 3600/6167/6989 3591/6252/6989 3857/6149/6989
f 3599/6253/6990 3891/6254/6991 3592/6255/6992
f 3902/6256/6993 3577/6257/6993 3895/6128/6993
f 3860/6258/6994 3914/6259/6994 3586/6249/6994
f 3589/6260/6995 3595/6175/6995 3682/6261/6995
f 3824/6262/6996 3586/6249/6996 3603/6248/6996
f 3599/6253/6990 3592/6255/6992 3830/6231/6997
f 3675/6263/6998 3838/6148/6998 3890/6245/6998
f 3890/6245/6999 3838/6148/6999 3889/6264/6999
f 3895/6128/7000 3879/6131/7000 3835/6265/7000
f 3592/6255/7001 3582/6220/7001 3617/6171/7001
f 3574/6176/7002 3909/6129/7002 3907/6221/7002
f 3884/6136/7003 3636/6135/7003 3685/6266/7003
f 3681/6267/7004 3889/6264/7004 3598/6147/7004
f 3592/6255/7005 3891/6254/7005 3605/6218/7005
f 3690/6268/7006 3676/6269/7006 3615/6270/7006
f 3611/6217/7007 3573/6271/7007 3864/6272/7007
f 3846/6195/7008 3674/6223/7008 3904/6196/7008
f 3585/6238/7009 3844/6206/7009 3819/6273/7009
f 3898/6152/7010 3834/6230/7010 3836/6153/7010
f 3914/6259/7011 3596/6186/7011 3912/6164/7011
f 3593/6274/7012 3581/6205/7012 3587/6170/7012
f 3888/6275/7013 3875/6276/7014 3906/6277/7015
f 3834/6230/7016 3893/6243/7016 3836/6153/7016
f 3855/6278/7017 3867/6209/7017 3601/6208/7017
f 3850/6159/7018 3851/6143/7018 3579/6279/7018
f 3880/6133/7019 3820/6198/7020 3614/6280/7021
f 3884/6281/7022 3685/6282/7022 3594/6283/7022
f 3892/6169/7023 3817/6197/7023 3882/6178/7023
f 3601/6208/7024 3868/6239/7024 3606/6246/7024
f 3909/6129/7025 3895/6128/7025 3869/6284/7025
f 3606/6246/7026 3868/6239/7026 3585/6238/7026
f 3856/6285/7027 3832/6286/7027 3913/6287/7027
f 3870/6168/7028 3584/6288/7028 3593/6274/7028
f 3614/6280/7029 3583/6204/7029 3862/6289/7029
f 3887/6290/7030 3679/6291/7030 3597/6292/7030
f 3603/6248/7031 3891/6254/7031 3599/6253/7031
f 3688/6293/7032 3886/6150/7032 3595/6175/7032
f 3859/6165/7033 3912/6164/7033 3596/6186/7033
f 3689/6240/7034 3844/6206/7034 3585/6238/7034
f 3579/6279/7035 3832/6142/7035 3915/6294/7035
f 3826/6295/7036 3613/6296/7036 3604/6297/7036
f 3916/6160/7037 3892/6169/7037 3848/6158/7037
f 3881/6298/7038 3618/6180/7038 3588/6299/7038
f 3588/6299/7039 3860/6258/7039 3881/6298/7039
f 3616/6300/7040 3596/6186/7040 3914/6259/7040
f 3607/6232/7041 3908/6301/7041 3854/6193/7041
f 3885/6200/7042 3904/6196/7042 3674/6223/7042
f 3834/6230/7043 3898/6152/7043 3599/6253/7043
f 3615/6302/7044 3676/6303/7044 3855/6278/7044
f 3894/6304/7045 3906/6277/7045 3572/6183/7045
f 3895/6128/7046 3835/6265/7046 3900/6305/7046
f 3900/6305/7047 3902/6256/7047 3895/6128/7047
f 3827/6247/7048 3883/6166/7048 3613/6296/7048
f 3825/6224/7049 3874/6237/7049 3835/6265/7049
f 3903/6187/7050 3690/6306/7050 3911/6188/7050
f 3831/6134/7051 3614/6280/7051 3871/6307/7051
f 3608/6308/7052 3648/6309/7052 3612/6310/7052
f 3611/6217/7053 3864/6272/7053 3682/6261/7053
f 3678/6130/7054 3589/6260/7054 3864/6272/7054
f 3582/6220/7055 3900/6311/7055 3617/6171/7055
f 3594/6283/7056 3815/6312/7056 3853/6313/7056
f 3853/6313/7057 3831/6314/7057 3594/6283/7057
f 3855/6278/7058 3905/6315/7058 3615/6302/7058
f 3612/6155/7059 3866/6316/7059 3839/6317/7059
f 3690/6318/7060 3615/6319/7060 3842/6320/7060
f 3675/6263/7061 3870/6168/7061 3838/6148/7061
f 3820/6198/7062 3892/6169/7062 3897/6321/7062
f 3889/6264/7063 3681/6267/7063 3615/6302/7063
f 3828/6322/7064 3648/6309/7064 3608/6308/7064
f 3827/6247/7065 3613/6296/7065 3605/6218/7065
f 3860/6258/7066 3586/6249/7066 3881/6298/7066
f 3693/6323/7067 3847/6324/7067 3616/6300/7067
f 3880/6133/7068 3853/6132/7068 3873/6325/7068
f 3914/6259/7069 3912/6164/7069 3586/6249/7069
f 3592/6255/7070 3617/6171/7070 3908/6301/7070
f 3607/6232/7071 3830/6231/7071 3908/6301/7071
f 3870/6168/7072 3915/6294/7072 3600/6167/7072
f 3621/6177/7073 3620/6326/7073 3619/6225/7073
f 3553/6327/7074 3774/6328/7074 3612/6329/7074
f 3533/6095/7075 3647/6330/7076 3633/6331/7077
f 3628/6332/7078 3685/6266/7078 3636/6135/7078
f 3659/6333/7079 3635/6334/7079 3623/6335/7079
f 3635/6336/7080 3679/6291/7080 3623/6337/7080
f 3602/6338/7081 3527/6339/7081 3696/6340/7081
f 3887/6341/7082 3647/6342/7082 3623/6343/7082
f 3624/6344/7083 3755/6345/7083 3644/6346/7083
f 3644/6346/7084 3865/6347/7084 3624/6344/7084
f 3625/6348/7085 3716/6349/7085 3806/6350/7085
f 3625/6348/7086 3816/6351/7086 3716/6349/7086
f 3650/6352/7087 3758/6068/7087 3543/6067/7087
f 3867/6353/7088 3758/6068/7088 3650/6352/7088
f 3676/6354/7089 3560/6355/7090 3652/6356/7091
f 3855/6357/7092 3676/6354/7092 3652/6356/7092
f 3626/6358/7093 3813/6037/7093 3637/6359/7093
f 3637/6360/7094 3888/6361/7094 3626/6362/7094
f 3625/6348/7095 3806/6350/7095 3627/6363/7095
f 3627/6364/7096 3686/6199/7096 3625/6228/7096
f 3683/6365/7097 3639/6139/7097 3622/6366/7097
f 3814/6073/7098 3602/6367/7098 3628/6368/7098
f 3629/6369/7099 3714/6370/7099 3639/6371/7099
f 3639/6372/7100 3642/6373/7100 3629/6374/7100
f 3807/6375/7101 3847/6376/7101 3631/6377/7101
f 3632/6378/7102 3748/6379/7102 3730/6107/7102
f 3632/6378/7103 3730/6107/7103 3729/6106/7103
f 3849/6380/7104 3654/6093/7104 3633/6331/7104
f 3634/6381/7105 3665/6113/7105 3657/6112/7105
f 3643/6382/7106 3707/6383/7106 3636/6384/7106
f 3636/6384/7107 3837/6385/7107 3643/6382/7107
f 3739/6069/7108 3758/6068/7108 3652/6356/7108
f 3758/6068/7109 3867/6353/7109 3652/6356/7109
f 3716/6386/7110 3816/6387/7110 3622/6388/7110
f 3637/6360/7111 3588/6299/7111 3888/6361/7111
f 3641/6389/7112 3688/6293/7112 3680/6174/7112
f 3680/6174/7113 3635/6336/7113 3641/6389/7113
f 3899/6390/7114 3663/6391/7114 3695/6392/7114
f 3729/6393/7115 3624/6394/7115 3684/6207/7115
f 3727/6395/7116 3665/6113/7116 3634/6381/7116
f 3866/6396/7117 3774/6328/7117 3756/6397/7117
f 3640/6398/7118 3666/6399/7118 3667/6400/7118
f 3696/6401/7119 3527/6079/7119 3815/6402/7119
f 3641/6403/7120 3749/6404/7120 3748/6379/7120
f 3748/6379/7121 3632/6378/7121 3641/6403/7121
f 3648/6405/7122 3712/6406/7122 3553/6407/7122
f 3553/6408/7123 3612/6409/7123 3648/6410/7123
f 3815/6402/7124 3527/6079/7124 3638/6411/7124
f 3692/6412/7125 3815/6413/7125 3638/6414/7125
f 3644/6415/7126 3755/6416/7126 3670/6417/7126
f 3644/6415/7127 3670/6417/7127 3697/6418/7127
f 3697/6419/7128 3865/6420/7128 3644/6421/7128
f 3532/6422/7129 3727/6395/7129 3645/6423/7129
f 3727/6424/7130 3839/6425/7130 3645/6426/7130
f 3839/6317/7131 3866/6316/7131 3645/6427/7131
f 3647/6330/7132 3533/6095/7132 3781/6063/7132
f 3638/6411/7133 3671/5935/7133 3648/6428/7133
f 3692/6429/7134 3638/6430/7134 3648/6431/7134
f 3650/6352/7135 3529/6432/7135 3899/6390/7135
f 3651/6433/7136 3861/6434/7136 3677/6435/7136
f 3677/6436/7137 3634/6437/7137 3651/6438/7137
f 3630/6439/7138 3813/6037/7138 3626/6358/7138
f 3917/6440/7139 3630/6441/7139 3626/6362/7139
f 3651/6442/7140 3673/6443/7140 3789/6038/7140
f 3789/6038/7141 3630/6439/7141 3651/6442/7141
f 3847/6444/7142 3807/6005/7142 3616/6445/7142
f 3520/6017/7143 3763/6446/7143 3778/6447/7143
f 3735/5992/7144 3728/5974/7144 3734/5976/7144
f 3786/5931/7145 3744/5930/7145 3549/6066/7145
f 3707/5970/7146 3776/5969/7146 3537/6448/7146
f 3730/6449/7147 3670/6417/7147 3755/6416/7147
f 3801/5967/7148 3759/6080/7148 3561/5968/7148
f 3767/5997/7149 3664/6089/7149 3732/5944/7149 3521/5943/7149
f 3664/6089/7150 3547/6042/7150 3773/6015/7150
f 3763/6446/7151 3520/6017/7151 3524/6074/7151 3757/6127/7151
f 3554/5993/7152 3736/5998/7152 3718/5959/7152
f 3788/6450/7153 3812/5960/7153 3736/5998/7153
f 3793/6040/7154 3566/6048/7154 3568/6082/7154
f 3568/6082/7155 3704/5948/7155 3793/6040/7155
f 3656/5983/7156 3669/6077/7156 3739/6088/7156
f 3800/6115/7157 3770/6451/7157 3700/6044/7157
f 3551/6090/7158 3550/6024/7158 3738/6031/7158
f 3629/6452/7159 3670/6453/7159 3714/6454/7159
f 3792/6455/7160 3771/6008/7160 3749/6456/7160
f 3777/5957/7161 3806/6116/7161 3552/5955/7161
f 3525/6096/7162 3765/6457/7162 3752/6458/7162
f 3703/6011/7163 3784/6010/7163 3548/6016/7163
f 3784/6010/7164 3741/5977/7164 3523/5958/7164
f 3784/6010/7165 3523/5958/7165 3812/5960/7165
f 3710/6459/7166 3745/5963/7166 3530/6050/7166
f 3740/6012/7167 3757/6014/7167 3563/5987/7167
f 3524/6074/7168 3788/6450/7168 3757/6127/7168
f 3704/5948/7169 3546/6120/7169 3761/6086/7169 3799/5946/7169
f 3525/6096/7170 3703/6011/7170 3548/6016/7170
f 3522/6114/7171 3769/6460/7171 3789/6038/7171 3657/6112/7171
f 3731/5980/7172 3742/5979/7172 3751/6103/7172
f 3733/5962/7173 3564/6003/7173 3538/6121/7173
f 3666/6399/7174 3806/6116/7174 3777/5957/7174
f 3528/5966/7175 3763/6013/7175 3740/6012/7175
f 3741/5977/7176 3742/5979/7176 3766/5978/7176
f 3557/6065/7177 3772/6461/7177 3778/6462/7177
f 3664/6089/7178 3773/6015/7178 3732/5944/7178
f 3764/6463/7179 3796/5975/7179 3728/5974/7179
f 3744/5930/7180 3769/6460/7180 3672/5989/7180
f 3713/5936/7181 3752/5990/7181 3672/5989/7181
f 3535/6046/7182 3805/6098/7182 3775/6118/7182
f 3660/6102/7183 3698/6464/7183 3668/6111/7183
f 3790/5985/7184 3768/5961/7184 3723/5986/7184
f 3790/5985/7185 3733/5962/7185 3768/5961/7185
f 3539/6097/7186 3735/5992/7186 3747/5991/7186
f 3721/6022/7187 3766/5978/7187 3701/6058/7187
f 3714/6001/7188 3670/6417/7188 3797/5999/7188
f 3704/5948/7189 3724/5947/7189 3793/6040/7189
f 3771/6008/7190 3792/6455/7190 3779/6009/7190
f 3748/6465/7191 3670/6417/7191 3730/6449/7191
f 3534/6026/6858 3526/5964/6857 3528/5966/7192
f 3788/6450/7193 3736/5998/7193 3569/6124/7193
f 3785/6099/7194 3521/5943/7194 3531/5945/7194
f 3668/6111/7195 3776/5969/7195 3561/5968/7195
f 3778/6447/7196 3772/6018/7196 3520/6017/7196
f 3555/6091/7197 3700/6466/7197 3770/6467/7197
f 3745/5963/7198 3710/6459/7198 3768/5961/7198
f 3759/6080/7199 3726/6060/7199 3561/5968/7199
f 3532/6422/7200 3665/6113/7200 3727/6395/7200
f 3801/5967/7201 3707/5970/7201 3663/6081/7201
f 3706/6029/7202 3725/6028/7202 3539/6064/7202
f 3669/6077/7203 3562/5982/7204 3726/6060/7205
f 3550/6024/7206 3565/6092/7206 3533/6468/7206
f 3541/6100/7207 3661/6469/7207 3813/6037/7207
f 3541/6470/7208 3761/6086/7208 3661/5942/7208
f 3566/6048/7209 3708/6047/7209 3783/6125/7209
f 3804/6084/7210 3531/5945/7210 3791/6055/7210
f 3700/6044/7211 3723/6049/7211 3547/6042/7211
f 3564/6003/7212 3558/6002/7212 3538/6121/7212
f 3524/6074/7213 3784/6010/7213 3812/5960/7213
f 3524/6074/7214 3812/5960/7214 3788/6450/7214
f 3797/5999/7215 3771/6008/7215 3737/6053/7215
f 3535/6046/6838 3775/6118/7216 3709/6045/6836
f 3767/5997/7217 3552/5955/7217 3754/6051/7217
f 3562/5982/7218 3782/6019/7218 3720/6059/7218
f 3789/6038/7219 3673/6443/7219 3657/6112/7219
f 3787/5965/7220 3778/6462/7220 3763/6013/7220 3528/5966/7220
f 3525/6096/7221 3549/6122/7221 3765/6457/7221
f 3797/5999/7222 3670/6417/7222 3771/6008/7222
f 3717/5949/7223 3567/5951/7223 3554/5993/7223
f 3764/6463/7224 3802/5972/7224 3796/5975/7224
f 3785/6099/7225 3531/5945/7225 3804/6084/7225
f 3706/6029/7226 3717/5949/7226 3810/5994/7226
f 3810/5994/7227 3809/6027/7227 3706/6029/7227
f 3791/6055/7228 3531/5945/7228 3710/6056/7228
f 3797/5999/7229 3743/6052/7229 3715/6000/7229
f 3737/6053/7230 3743/6052/7230 3797/5999/7230
f 3782/6019/7231 3728/5938/7231 3702/5937/7231
f 3566/6048/7232 3783/6125/7232 3808/6032/7232 3709/6045/7232
f 3778/6462/7233 3787/5965/7233 3557/6065/7233
f 3753/5995/7234 3767/5997/7234 3536/5996/7234
f 3538/6121/7235 3558/6002/7235 3783/6125/7235
f 3660/6102/7236 3668/6111/7236 3751/6103/7236
f 3734/5976/7237 3796/5975/7237 3653/5956/7237
f 3735/5939/7238 3725/6028/7238 3702/5937/7238
f 3803/6023/7239 3559/6025/7239 3805/6098/7239
f 3799/5946/7240 3786/6041/7240 3724/5947/7240
f 3754/6051/7241 3664/6089/7241 3767/5997/7241
f 3540/6021/7242 3523/5958/7242 3766/5978/7242
f 3768/6101/7243 3773/6015/7243 3723/6049/7243
f 3544/6104/7244 3741/5977/7244 3703/6011/7244
f 3779/6009/7245 3792/6455/7245 3542/6117/7245
f 3550/6024/7246 3551/6090/7246 3565/6092/7246
f 3777/5957/7247 3796/5975/7247 3802/5972/7247
f 3541/6100/7248 3750/6105/7248 3761/6471/7248
f 3545/6007/7249 3737/6053/7249 3771/6008/7249
f 3559/6025/7250 3550/6024/7250 3654/6472/7250
f 3654/6093/7251 3807/6005/7251 3559/6004/7251
f 3542/6062/7252 3792/6473/7252 3659/6333/7252
f 3739/6088/7253 3669/6077/7253 3543/6076/7253
f 3705/6075/7254 3719/5940/7254 3805/6098/7254
f 3734/5976/7255 3653/5956/7255 3753/5995/7255
f 3753/5995/7256 3747/5991/7256 3734/5976/7256
f 3776/5969/7257 3668/6111/7257 3698/6464/7257
f 3548/6016/7258 3784/6010/7258 3524/6074/7258
f 3746/6039/7259 3706/6029/7259 3539/6064/7259
f 3669/6077/7260 3759/6080/7260 3529/6078/7260
f 3536/5996/7261 3521/5943/7261 3785/6099/7261
f 3536/5996/7262 3785/6099/7262 3746/6083/7262
f 3545/6007/7263 3547/6042/7263 3664/6089/7263
f 3546/6120/7264 3568/6082/7264 3775/6118/7264
f 3759/6080/7265 3669/6077/7265 3726/6060/7265
f 3811/6119/7266 3540/6021/7266 3721/6022/7266
f 3742/5979/7267 3544/6104/7267 3751/6103/7267
f 3659/6333/7268 3781/6063/7268 3542/6062/7268
f 3811/6119/7269 3721/6022/7269 3720/6059/7269
f 3670/6417/7270 3748/6465/7270 3749/6456/7270 3771/6008/7270
f 3722/6474/7271 3764/6463/7271 3728/5974/7271
f 3754/6051/7272 3552/5955/7272 3743/6052/7272
f 3565/6092/7273 3555/6091/7273 3770/6467/7273
f 3713/5936/7274 3698/6072/7274 3660/6475/7274
f 3713/5936/7275 3660/6475/7275 3752/5990/7275
f 3522/6114/7276 3532/6422/7276 3756/6476/7276 3774/6477/7276
f 3668/6111/7277 3731/5980/7277 3751/6103/7277
f 3700/6466/7278 3555/6091/7278 3794/5984/7278
f 3552/5955/7279 3699/6033/7279 3743/6052/7279
f 3656/5983/7280 3562/5982/7204 3669/6077/7203
f 3766/5978/7281 3731/5980/7281 3701/6058/7281
f 3553/6478/7282 3522/6114/7282 3774/6477/7282
f 3539/6097/7283 3747/5991/7283 3536/5996/7283
f 3554/5993/7284 3810/5994/7284 3717/5949/7284
f 3779/6009/6886 3800/6115/7285 3760/6043/6884
f 3709/6045/7286 3775/6118/7286 3568/6082/7286
f 3556/6036/7287 3750/6105/7287 3541/6100/7287
f 3557/6065/7288 3786/6041/7288 3772/6461/7288
f 3661/5942/7289 3761/6086/7290 3546/6120/7291
f 3661/5942/7289 3546/6120/7291 3719/5940/7292
f 3567/6479/7293 3804/6084/7293 3791/6055/7293
f 3546/6120/7294 3775/6118/7294 3719/5940/7294
f 3566/6048/6894 3787/5965/6893 3526/5964/7295
f 3560/6480/7296 3722/6057/7296 3739/6088/7296
f 3527/6079/7297 3698/6072/7297 3713/5936/7297
f 3713/5936/7298 3671/5935/7298 3527/6079/7298
f 3780/5933/7299 3789/6038/7300 3769/6460/7301
f 3769/6460/7301 3744/5930/7302 3780/5933/7299
f 3700/6044/7303 3794/6481/7303 3723/6049/7303
f 3781/6063/7304 3533/6095/7304 3565/6482/7304
f 3565/6482/7305 3770/6061/7305 3781/6063/7305
f 3711/6030/7306 3551/6090/7306 3738/6031/7306
f 3712/6406/7307 3522/6483/7307 3553/6407/7307
f 3662/5971/7308 3667/6400/7308 3666/6399/7308
f 3666/6399/7309 3777/5957/7309 3662/5971/7309
f 3752/6458/7310 3660/6102/7310 3544/6104/7310
f 3754/6051/7311 3737/6053/7311 3664/6089/7311
f 3769/6460/7312 3522/6114/7312 3672/5989/7312
f 3718/5959/7313 3523/5958/7313 3540/6021/7313
f 3739/6088/7314 3722/6057/7314 3798/5981/7314
f 3722/6474/7315 3560/6109/7315 3795/5973/7315 3764/6463/7315
f 3532/6422/7316 3522/6114/7316 3665/6113/7316
f 3795/5973/7317 3802/5972/7317 3764/6463/7317
f 3809/6027/7318 3811/6119/7318 3655/6020/7318 3725/6028/7318
f 3556/6036/7319 3789/6038/7319 3780/5933/7319
f 3806/6116/7320 3699/6033/7320 3552/5955/7320
f 3794/5984/7321 3555/6091/7321 3551/6090/7321
f 3551/6090/7322 3558/6002/7322 3794/5984/7322
f 3765/5988/7323 3744/5930/7323 3672/5989/7323
f 3896/6484/7324 3620/6485/7324 3825/6224/7324 3877/6145/7324
f 3711/6030/7325 3558/6002/7325 3551/6090/7325
f 3800/6115/7326 3542/6117/7326 3770/6451/7326
f 3807/6375/7327 3658/6486/7327 3705/6487/7327
f 3562/5982/7328 3720/6059/7328 3701/6058/7328
f 3544/6104/7329 3525/6096/7329 3752/6458/7329
f 3708/6047/7330 3534/6026/7330 3538/6121/7330
f 3772/6018/7331 3786/6488/7331 3549/6122/7331
f 3738/6031/7332 3803/6023/7332 3535/6046/7332
f 3535/6046/7333 3808/6032/7333 3738/6031/7333
f 3567/5951/7334 3569/6124/7334 3736/5998/7334
f 3558/6002/7335 3711/6030/7335 3808/6032/7335
f 3782/6019/7336 3562/5982/7336 3798/5981/7336
f 3672/5989/7337 3522/6114/7337 3712/5934/7337
f 3672/5989/7338 3712/5934/7338 3713/5936/7338
f 3810/5994/7339 3718/5959/7339 3540/6021/7339
f 3569/6124/7340 3791/6123/7340 3530/6126/7340
f 3757/6127/7341 3788/6450/7341 3569/6124/7341
f 3884/6136/7342 3862/6289/7342 3689/6240/7342
f 3692/6489/7343 3648/6490/7343 3828/6491/7343
f 3681/6267/7344 3598/6147/7344 3846/6492/7344
f 3893/6493/7345 3572/6183/7345 3570/6494/7345
f 3865/6495/7346 3697/6151/7346 3684/6207/7346
f 3829/6140/7347 3639/6139/7347 3683/6365/7347
f 3829/6140/7348 3886/6150/7348 3642/6138/7348
f 3868/6239/7349 3910/6242/7349 3689/6240/7349
f 3877/6145/7350 3825/6224/7350 3818/6146/7350
f 3818/6146/7351 3678/6130/7351 3571/6211/7351
f 3617/6171/7352 3694/6173/7352 3908/6301/7352
f 3881/6298/7353 3898/6152/7353 3618/6180/7353
f 3833/6496/7354 3850/6159/7354 3579/6279/7354
f 3896/6484/7355 3913/6287/7355 3851/6497/7355
f 3855/6278/7356 3606/6246/7356 3905/6315/7356
f 3609/6233/7357 3907/6221/7357 3577/6257/7357
f 3609/6233/7358 3577/6257/7358 3826/6234/7358
f 3688/6293/7359 3595/6175/7359 3680/6174/7359
f 3674/6223/7360 3575/6222/7360 3863/6201/7360
f 3587/6170/7361 3916/6160/7361 3833/6496/7361
f 3587/6170/7362 3897/6321/7362 3892/6169/7362
f 3620/6485/7363 3694/6236/7363 3825/6224/7363
f 3854/6193/7364 3908/6301/7364 3610/6190/7364
f 3573/6271/7365 3575/6222/7365 3901/6212/7365
f 3901/6212/7366 3571/6211/7366 3573/6271/7366
f 3817/6197/7367 3880/6133/7367 3843/6227/7367
f 3834/6230/7368 3599/6253/7368 3830/6231/7368
f 3899/6210/7369 3910/6242/7369 3868/6239/7369
f 3884/6136/7370 3910/6242/7370 3837/6137/7370
f 3862/6289/7371 3583/6204/7371 3844/6206/7371
f 3848/6158/7372 3621/6177/7372 3850/6159/7372
f 3872/6161/7373 3607/6232/7373 3854/6193/7373
f 3583/6204/7374 3897/6321/7374 3587/6170/7374
f 3583/6204/7375 3587/6170/7375 3581/6205/7375
f 3577/6257/7376 3902/6256/7376 3826/6234/7376
f 3821/6144/7377 3818/6146/7377 3571/6211/7377
f 3877/6145/7378 3821/6144/7378 3913/6287/7378
f 3877/6145/7379 3913/6287/7379 3896/6484/7379
f 3842/6498/7380 3681/6194/7380 3904/6196/7380
f 3574/6176/7381 3589/6260/7381 3909/6129/7381
f 3692/6489/7382 3828/6491/7382 3815/6312/7382
f 3899/6210/7383 3868/6239/7383 3601/6208/7383
f 3610/6190/7384 3908/6301/7384 3694/6173/7384
f 3873/6499/7385 3853/6313/7385 3852/6182/7385
f 3858/6500/7386 3886/6150/7386 3688/6293/7386
f 3600/6167/7387 3915/6294/7387 3832/6142/7387
f 3846/6195/7388 3857/6215/7388 3845/6214/7388
f 3579/6279/7389 3915/6294/7389 3833/6496/7389
f 3863/6201/7390 3575/6222/7390 3580/6216/7390
f 3874/6237/7391 3617/6501/7391 3900/6305/7391
f 3874/6237/7392 3900/6305/7392 3835/6265/7392
f 3843/6227/7393 3880/6133/7393 3873/6325/7393
f 3916/6160/7394 3850/6159/7394 3833/6496/7394
f 3571/6211/7395 3864/6272/7395 3573/6271/7395
f 3863/6201/7396 3611/6217/7396 3816/6229/7396
f 3570/6494/7397 3572/6183/7397 3906/6277/7397
f 3581/6205/7398 3584/6288/7398 3819/6273/7398
f 3682/6261/7399 3886/6150/7399 3829/6140/7399
f 3902/6219/7400 3900/6311/7400 3582/6220/7400
f 3684/6207/7401 3886/6150/7401 3858/6500/7401
f 3889/6264/7402 3838/6148/7402 3598/6147/7402
f 3876/6235/7403 3826/6234/7403 3604/6502/7403
f 3593/6274/7404 3584/6288/7404 3581/6205/7404
f 3586/6249/7405 3883/6166/7405 3827/6247/7405
f 3588/6299/7406 3618/6180/7406 3875/6179/7406
f 3894/6304/7407 3572/6183/7407 3578/6250/7407
f 3832/6142/7408 3856/6503/7409 3600/6167/7410
f 3895/6128/7411 3577/6257/7411 3869/6284/7411
f 3592/6255/7412 3605/6218/7412 3582/6220/7412
f 3574/6176/7413 3595/6175/7413 3589/6260/7413
f 3884/6136/7414 3689/6240/7414 3910/6242/7414
f 3824/6262/7415 3881/6298/7415 3586/6249/7415
f 3892/6169/7416 3882/6178/7416 3848/6158/7416
f 3573/6271/7417 3580/6216/7417 3575/6222/7417
f 3677/6435/7418 3578/6250/7418 3608/6157/7418
f 3590/6504/7419 3843/6227/7419 3873/6325/7419
f 3579/6279/7420 3851/6143/7420 3832/6142/7420
f 3852/6182/7421 3853/6313/7421 3828/6491/7421
f 3694/6173/7422 3620/6191/7422 3610/6190/7422
f 3904/6196/7423 3911/6188/7423 3842/6498/7423
f 3605/6218/7424 3891/6254/7424 3603/6248/7424 3827/6247/7424
f 3682/6261/7425 3864/6272/7425 3589/6260/7425
f 3834/6230/7426 3872/6161/7426 3878/6163/7426
f 3834/6230/7427 3607/6232/7427 3872/6161/7427
f 3575/6222/7428 3845/6214/7428 3901/6212/7428
f 3578/6250/7429 3572/6183/7429 3852/6182/7429
f 3889/6264/7430 3615/6302/7430 3905/6315/7430
f 3675/6263/7431 3819/6273/7431 3584/6288/7431
f 3899/6390/7432 3867/6353/7432 3650/6352/7432
f 3887/6290/7433 3609/6233/7433 3876/6235/7433
f 3678/6130/7434 3864/6272/7434 3571/6211/7434
f 3597/6292/7435 3680/6174/7435 3907/6221/7435
f 3871/6307/7436 3614/6280/7436 3862/6289/7436
f 3862/6289/7437 3594/6505/7437 3871/6307/7437
f 3907/6221/7438 3909/6129/7438 3869/6284/7438
f 3604/6297/7439 3883/6166/7439 3859/6165/7439
f 3590/6181/7440 3873/6499/7440 3852/6182/7440
f 3904/6196/7441 3885/6200/7441 3911/6188/7441
f 3887/6290/7442 3597/6292/7442 3609/6233/7442
f 3691/6506/7443 3859/6507/7443 3687/6508/7443
f 3595/6175/7444 3886/6150/7444 3682/6261/7444
f 3823/6189/6950 3911/6188/6949 3840/6509/7445
f 3596/6186/7446 3616/6300/7446 3849/6184/7446
f 3597/6292/7447 3679/6291/7447 3680/6174/7447
f 3601/6208/7448 3606/6246/7448 3855/6278/7448
f 3614/6280/7021 3820/6198/7020 3897/6321/7449
f 3860/6258/7450 3616/6300/7450 3914/6259/7450
f 3862/6289/7451 3884/6136/7451 3594/6505/7451
f 3840/6509/7452 3911/6188/7452 3885/6200/7452
f 3693/6323/7453 3616/6300/7453 3860/6258/7453
f 3600/6167/7410 3856/6503/7409 3591/6252/7454
f 3856/6285/7455 3821/6144/7455 3901/6212/7455
f 3592/6255/7456 3908/6301/7456 3830/6231/7456
f 3846/6195/7457 3845/6214/7457 3674/6223/7457
f 3602/6338/7458 3696/6340/7458 3685/6266/7458
f 3899/6210/7459 3695/6241/7459 3910/6242/7459
f 3588/6299/7460 3875/6179/7460 3888/6361/7460
f 3824/6262/7461 3599/6253/7461 3881/6298/7461
f 3675/6263/7462 3584/6288/7462 3870/6168/7462
f 3894/6304/7463 3578/6250/7463 3677/6435/7463
f 3677/6435/7464 3861/6434/7464 3894/6304/7464
f 3599/6253/7465 3824/6262/7465 3603/6248/7465
f 3893/6493/7466 3590/6181/7466 3572/6183/7466
f 3681/6194/7467 3842/6498/7467 3615/6510/7467
f 3611/6217/7468 3580/6216/7468 3573/6271/7468
f 3604/6511/7469 3859/6512/7469 3876/6513/7469
f 3815/6312/7470 3828/6491/7470 3853/6313/7470
f 3611/6217/7471 3829/6140/7471 3816/6229/7471
f 3589/6260/7472 3678/6130/7472 3909/6129/7472
f 3606/6246/7473 3890/6245/7473 3905/6315/7473
f 3819/6273/7474 3844/6206/7474 3581/6205/7474
f 3816/6229/7475 3829/6140/7475 3683/6365/7475
f 3859/6165/7476 3596/6186/7476 3687/6185/7476
f 3591/6213/7477 3856/6285/7477 3901/6212/7477
f 3577/6257/7478 3907/6221/7478 3869/6284/7478
f 3821/6144/7479 3856/6285/7479 3913/6287/7479
f 3888/6275/7013 3906/6277/7015 3917/6514/7480
f 3878/6163/7481 3893/6243/7481 3834/6230/7481
f 3887/6515/7482 3876/6516/7482 3691/6517/7482
f 3825/6224/7483 3835/6265/7483 3879/6131/7483
f 3609/6233/7484 3597/6292/7484 3907/6221/7484
f 3840/6509/7485 3885/6200/7485 3576/6202/7485
f 3906/6518/7486 3875/6179/7486 3822/6154/7486
f 3611/6217/7487 3682/6261/7487 3829/6140/7487
f 3860/6258/7488 3588/6299/7488 3693/6323/7488
f 3593/6274/7489 3587/6170/7489 3833/6496/7489
f 3865/6495/7490 3684/6207/7490 3624/6394/7490
f 3594/6283/7491 3831/6314/7491 3871/6519/7491
f 3831/6134/7492 3880/6133/7492 3614/6280/7492
f 3915/6294/7493 3593/6274/7493 3833/6496/7493
f 3915/6294/7494 3870/6168/7494 3593/6274/7494
f 3612/6155/7495 3839/6317/7495 3841/6156/7495
f 3911/6188/7496 3690/6306/7496 3842/6498/7496
f 3844/6206/7497 3689/6240/7497 3862/6289/7497
f 3906/6277/7498 3894/6304/7498 3917/6514/7498
f 3677/6435/7499 3608/6157/7499 3841/6156/7499
f 3822/6154/7500 3618/6180/7500 3898/6152/7500
f 3585/6238/7501 3819/6273/7502 3890/6245/7503
f 3691/6520/7504 3876/6521/7504 3859/6522/7504
f 3816/6229/7505 3686/6199/7505 3863/6201/7505
f 3613/6296/7506 3826/6295/7506 3902/6219/7506
f 3902/6219/7507 3605/6218/7507 3613/6296/7507
f 3870/6168/7508 3857/6149/7508 3838/6148/7508
f 3604/6297/7509 3613/6296/7509 3883/6166/7509
f 3846/6492/7510 3598/6147/7510 3857/6149/7510
f 3614/6280/7511 3897/6321/7511 3583/6204/7511
f 3850/6159/7512 3619/6225/7512 3851/6143/7512
f 3675/6263/7513 3890/6245/7503 3819/6273/7502
f 3594/6283/7514 3685/6282/7514 3696/6523/7514
f 3696/6523/7515 3815/6312/7515 3594/6283/7515
f 3893/6243/7516 3843/6251/7516 3590/6524/7516
f 3586/6249/7517 3912/6164/7517 3883/6166/7517
f 3896/6525/7518 3851/6143/7518 3619/6225/7518
f 3687/6185/7519 3633/6526/7519 3647/6342/7519 3691/6527/7519
f 3890/6245/7520 3889/6264/7520 3905/6315/7520
f 3828/6491/7521 3608/6157/6986 3852/6182/6985
f 3620/6326/7522 3896/6525/7522 3619/6225/7522
f 3822/6154/7523 3836/6153/7523 3570/6244/7523
f 3822/6154/7524 3570/6244/7524 3906/6518/7524
f 3881/6298/7525 3599/6253/7525 3898/6152/7525
f 3628/6368/7526 3636/6384/7526 3537/6070/7526 3814/6073/7526
f 3560/6355/7527 3676/6354/7527 3646/6528/7527 3762/6529/7527
f 3622/6530/7528 3816/6531/7528 3683/6532/7528
f 3623/6335/7529 3781/6063/7529 3659/6333/7529
f 3679/6533/7530 3887/6341/7530 3623/6343/7530
f 3602/6367/7531 3814/6073/7531 3527/6079/7531
f 3623/6335/7532 3647/6330/7532 3781/6063/7532
f 3624/6534/7533 3729/6106/7533 3755/6108/7533
f 3652/6356/7091 3560/6355/7090 3739/6069/7534
f 3807/6005/7535 3654/6093/7535 3849/6380/7535 3616/6445/7535
f 3676/6354/7536 3690/6535/7536 3646/6528/7536
f 3684/6207/7537 3858/6500/7537 3632/6536/7537 3729/6393/7537
f 3622/5953/7538 3639/6537/7538 3715/5954/7538
f 3628/6332/7539 3602/6338/7539 3685/6266/7539
f 3789/6038/7540 3813/6037/7540 3630/6439/7540
f 3630/6441/7541 3917/6440/7541 3894/6538/7541
f 3631/6377/7542 3658/6486/7542 3807/6375/7542
f 3847/6324/7543 3693/6323/7543 3631/6539/7543
f 3658/6486/7544 3631/6377/7544 3637/6359/7544 3661/6469/7544
f 3654/6093/7545 3533/6095/7075 3633/6331/7077
f 3633/6526/7546 3687/6185/7546 3849/6184/7546
f 3634/6437/7547 3677/6436/7547 3841/6540/7547
f 3637/6360/7548 3631/6539/7548 3693/6323/7548 3588/6299/7548
f 3749/6404/7549 3641/6403/7549 3635/6334/7549 3792/6473/7549
f 3635/6334/7550 3659/6333/7550 3792/6473/7550
f 3635/6336/7551 3680/6174/7551 3679/6291/7551
f 3636/6384/7552 3707/6383/7552 3537/6070/7552
f 3652/6356/7553 3867/6353/7553 3855/6357/7553
f 3637/6359/7554 3813/6037/7554 3661/6469/7554
f 3646/6528/7555 3649/6541/7555 3662/6542/7555 3795/6543/7555
f 3841/6156/7556 3839/6317/7556 3727/6544/7556 3634/6545/7556
f 3649/6541/7557 3646/6528/7557 3903/6546/7557
f 3903/6546/7558 3823/6547/7558 3649/6541/7558
f 3899/6390/7559 3529/6432/7559 3663/6391/7559
f 3639/6371/7560 3714/6370/7560 3715/6548/7560
f 3666/6549/7561 3640/6550/7561 3627/6363/7561 3806/6350/7561
f 3866/6396/7562 3612/6329/7562 3774/6328/7562
f 3627/6363/7563 3640/6550/7563 3576/6551/7563 3686/6552/7563
f 3840/6553/7564 3576/6551/7564 3640/6550/7564 3667/6554/7564
f 3688/6293/7565 3641/6389/7565 3632/6536/7565 3858/6500/7565
f 3629/6374/7566 3642/6373/7566 3697/6418/7566 3670/6417/7566
f 3756/6397/7567 3532/6555/7567 3645/6556/7567 3866/6396/7567
f 3638/6411/7568 3527/6079/7568 3671/5935/7568
f 3707/6383/7569 3643/6382/7569 3695/6557/7569 3663/6558/7569
f 3795/6543/7570 3762/6529/7570 3646/6528/7570
f 3690/6535/7571 3903/6546/7571 3646/6528/7571
f 3647/6342/7572 3887/6341/7572 3691/6527/7572
f 3673/6443/7573 3651/6442/7573 3634/6381/7573 3657/6112/7573
f 3643/6559/7574 3837/6560/7574 3695/6561/7574
f 3671/6562/7575 3712/6406/7575 3648/6405/7575
f 3823/6547/7576 3840/6563/7576 3649/6541/7576
f 3650/6352/7577 3543/6067/7577 3529/6432/7577
f 3861/6564/7578 3651/6565/7578 3630/6566/7578 3894/6567/7578
f 3626/6362/7579 3888/6361/7579 3917/6440/7579
f 3667/6568/7580 3662/6542/7580 3649/6541/7580
f 3667/6568/7581 3649/6541/7581 3840/6563/7581
