# Blender 4.0.2
# www.blender.org
mtllib FootballerRigged-bl.mtl
o Footballer.001
v -0.268788 3.862196 0.330066
v -0.606040 3.842211 0.068723
v -0.020124 3.850876 0.353006
v -0.211765 5.569090 0.435674
v -0.183338 5.662669 0.365306
v -0.290278 5.732193 -0.252701
v -0.373457 5.825937 0.035293
v -0.565059 5.711472 0.175040
v -0.457269 5.625903 0.341578
v -0.675918 5.645440 0.203044
v -0.509637 5.687188 0.262098
v -0.544634 5.766140 -0.034828
v -0.631141 5.729332 -0.087709
v -0.309362 4.433111 0.440467
v -0.331525 5.371149 0.490448
v -0.300175 5.085692 0.548666
v -0.250734 4.733739 0.563731
v -0.275896 5.425845 -0.407534
v -0.281289 5.110874 -0.469934
v -0.616578 5.449304 0.402716
v -0.905766 5.069700 0.265988
v -1.122863 5.281971 -0.094141
v -1.184983 5.119523 -0.093035
v -1.104105 5.217868 0.141965
v -1.107610 5.119967 -0.251372
v -0.812635 4.854499 -0.260335
v -1.143072 5.083063 0.095404
v -0.865681 4.876819 0.156870
v -0.985993 5.060734 -0.344010
v -0.889884 4.951956 -0.333514
v -0.995218 4.966413 0.209061
v -1.043653 5.262759 -0.221730
v -0.877656 5.185825 -0.306618
v -0.342739 4.183734 0.320595
v -0.409016 3.964042 0.322444
v -0.693176 4.357070 -0.140834
v -0.640196 4.277755 0.045516
v -0.730219 3.857131 -0.184433
v -0.651159 3.929277 0.088866
v -0.321863 4.311209 -0.581290
v -0.572466 4.311445 -0.411248
v -0.350170 3.897749 -0.609410
v -0.631499 3.809539 -0.427567
v -1.008201 4.623502 0.057710
v -0.950298 4.620419 -0.087976
v -0.974876 4.672705 -0.242951
v -1.000659 4.575373 0.061885
v -1.196733 4.659665 0.125067
v -1.318242 4.741172 0.023962
v -1.341226 4.812160 -0.209634
v -1.227731 4.789288 -0.375621
v -0.963360 4.620308 -0.276184
v -1.097395 4.721575 -0.371362
v -0.731274 5.192410 0.368599
v -0.661144 5.645792 -0.197540
v -0.717430 5.712334 -0.070529
v -0.697428 5.520098 -0.286871
v -0.826709 5.658652 -0.069719
v -0.810077 5.426011 0.331082
v -0.781661 5.610596 0.201397
v -0.608472 5.279402 -0.331955
v -0.636718 4.726996 0.283742
v -0.700771 4.869953 0.162518
v -0.803301 4.983937 0.242785
v -0.628648 4.555752 0.216465
v -0.691457 4.923377 -0.257453
v -0.649572 4.758388 -0.266459
v -0.698600 4.855550 -0.066244
v -0.978918 5.468098 0.186527
v -1.004248 5.517547 -0.066677
v -0.894610 5.572549 0.200360
v -0.970297 5.400161 -0.206637
v -1.071270 5.404901 -0.080169
v -0.799418 5.183811 0.324659
v -0.921309 5.340304 0.277316
v -1.025686 5.162914 0.209851
v -1.058542 5.337296 0.167592
v -0.978059 5.250321 0.246202
v -1.281880 4.576433 0.000122
v -1.260878 4.594151 -0.371609
v -1.169922 4.572283 -0.361733
v -1.363958 4.574484 -0.126207
v -1.462194 4.387715 -0.322854
v -1.489054 4.399181 -0.221255
v -1.446350 4.478414 -0.203718
v -1.426997 4.312569 -0.399235
v -1.423780 4.461371 -0.340115
v -1.203516 4.418869 -0.389255
v -1.361922 4.408752 -0.411553
v -1.282170 4.323406 -0.384457
v -1.193250 4.307140 -0.312833
v -1.149646 4.409251 -0.291153
v -1.644884 4.131297 -0.343089
v -1.355765 3.982646 -0.117145
v -1.359560 4.003050 -0.401883
v -1.638539 4.090713 -0.146718
v -1.589665 4.051896 -0.077195
v -1.550991 4.304340 -0.112885
v -1.437609 3.999785 -0.054835
v -1.396639 3.991427 -0.101651
v -1.402702 4.261471 -0.050958
v -1.288852 4.533950 -0.399696
v -1.397714 4.533588 -0.329673
v -1.178330 4.500798 -0.373864
v -1.371311 4.595110 -0.292901
v -1.535738 4.083168 -0.449515
v -1.664680 4.126998 -0.213445
v -1.733035 3.909292 -0.360369
v -1.754310 3.909302 -0.254932
v -1.510691 3.821197 -0.398797
v -1.644217 3.867021 -0.441846
v -1.671138 3.844521 -0.142176
v -1.716361 3.895795 -0.188808
v -1.511314 3.741565 -0.108947
v -1.084447 4.542712 0.012524
v -1.493652 3.762172 -0.178753
v -1.166197 4.449684 -0.031179
v -1.300410 4.220312 -0.109965
v -1.799985 3.477812 -0.408474
v -1.762984 3.374934 -0.398642
v -1.834625 3.398385 -0.424898
v -1.653897 3.586770 -0.378041
v -1.736612 3.616165 -0.414257
v -1.814188 3.667294 -0.349812
v -1.729319 3.421723 -0.159504
v -1.759636 3.605568 -0.169338
v -1.892959 3.376602 -0.215560
v -1.771145 3.341462 -0.166643
v -1.883942 3.504097 -0.286238
v -1.826918 3.660689 -0.233302
v -1.907613 3.407807 -0.374437
v -1.930997 3.398039 -0.299569
v -1.636116 3.541010 -0.155807
v -1.679839 3.554294 -0.144643
v -1.592251 3.796162 -0.095810
v -1.484789 4.015531 -0.054849
v -1.837296 3.224971 -0.109501
v -1.821705 2.834569 -0.100563
v -1.832765 2.863804 -0.125944
v -1.742534 3.184508 -0.276380
v -1.718777 3.239046 -0.259836
v -1.738788 3.143749 -0.240187
v -1.796276 3.080547 -0.220358
v -1.815792 3.137355 -0.267904
v -1.883253 3.188417 -0.477512
v -1.950061 3.084999 -0.478736
v -2.008152 3.070553 -0.511655
v -1.814242 3.260045 -0.461680
v -1.922498 3.252568 -0.479891
v -1.882377 3.324229 -0.452107
v -1.803081 3.311529 -0.449513
v -1.972286 3.033698 -0.139686
v -2.000231 2.902953 -0.160743
v -1.969816 2.846222 -0.231385
v -1.987245 2.948522 -0.259488
v -1.953404 2.942670 -0.227690
v -1.968472 2.843693 -0.187406
v -2.040554 2.901911 -0.177616
v -2.039334 2.972202 -0.178791
v -1.988713 2.722927 -0.190883
v -2.028323 2.788070 -0.182914
v -2.033929 2.797183 -0.234169
v -2.042183 2.826646 -0.230048
v -1.762607 3.292909 -0.391957
v -1.812604 3.078064 -0.049132
v -1.782435 2.949020 -0.055012
v -1.808926 2.977223 -0.040846
v -1.807131 3.011100 -0.041347
v -1.804676 2.943781 -0.119301
v -1.789448 3.016156 -0.139472
v -1.774974 2.936098 -0.096924
v -1.755375 3.036534 -0.117673
v -1.762118 3.001451 -0.101439
v -1.775626 3.036798 -0.152734
v -1.874693 3.115428 -0.120220
v -1.912301 3.172849 -0.149237
v -1.862136 3.037172 -0.103992
v -1.849754 3.069581 -0.074883
v -1.862087 2.978309 -0.081330
v -1.824069 2.902442 -0.055532
v -1.815310 2.901421 -0.127124
v -1.779399 2.885885 -0.096871
v -1.868937 2.864702 -0.090111
v -1.865337 2.920523 -0.079068
v -1.719317 3.158634 -0.191722
v -1.953080 3.284624 -0.430257
v -2.018503 3.164988 -0.468839
v -1.995978 3.235148 -0.407609
v -2.035116 3.049781 -0.186231
v -1.736653 3.107642 -0.160404
v -1.756811 3.091424 -0.197401
v -1.786216 3.217744 -0.366777
v -1.937045 3.014509 -0.310813
v -1.944864 3.049057 -0.393453
v -1.876863 3.096617 -0.296492
v -1.959802 3.073190 -0.438797
v -1.880519 3.147620 -0.386361
v -1.876944 3.035390 -0.213382
v -1.904395 3.008698 -0.217032
v -1.904242 2.669588 -0.201093
v -1.933815 2.734408 -0.199849
v -2.038134 2.817652 -0.181452
v -1.953892 2.659072 -0.260381
v -1.998325 2.728418 -0.239720
v -1.941259 2.740715 -0.246382
v -1.901855 2.672764 -0.240935
v -2.053155 2.984204 -0.239700
v -2.040382 2.958653 -0.256409
v -2.053856 2.946190 -0.228892
v -2.066266 3.060228 -0.419219
v -2.053634 3.031291 -0.438423
v -2.076687 3.019929 -0.411570
v -2.072083 3.014430 -0.332992
v -2.052009 2.986931 -0.353075
v -2.073591 2.982513 -0.325149
v -2.048668 2.902318 -0.228141
v -1.942897 2.941465 -0.195442
v -1.965433 2.656140 -0.245888
v -1.929240 2.630113 -0.236763
v -1.954072 2.650844 -0.189456
v -1.922724 2.627455 -0.204158
v -1.975892 3.210504 -0.232062
v -2.073377 3.038993 -0.451596
v -2.072966 3.053254 -0.283883
v -2.070146 2.963375 -0.265457
v -2.080038 3.075671 -0.371735
v -2.072261 3.010750 -0.360348
v -2.009664 3.219629 -0.356885
v -2.007907 3.217026 -0.317023
v -1.986719 3.211706 -0.274725
v -1.812361 2.838872 -0.072393
v -1.835200 2.850679 -0.062169
v -1.849278 3.005880 -0.058615
v -1.844656 2.973752 -0.056031
v -2.059308 3.120385 -0.455030
v -2.037056 2.897904 -0.263622
v -2.042227 2.895475 -0.354275
v -1.998217 2.849585 -0.339133
v -1.982190 2.962487 -0.325814
v -1.989007 2.837941 -0.297239
v -1.979258 2.957919 -0.293421
v -2.067541 2.895951 -0.280125
v -2.007571 2.690483 -0.321090
v -2.057521 2.770339 -0.296644
v -2.062744 2.783168 -0.348276
v -2.070940 2.815180 -0.341145
v -1.931961 2.693502 -0.325467
v -1.969863 2.757320 -0.312339
v -2.022128 2.786442 -0.274215
v -2.067225 2.802629 -0.292345
v -2.012662 2.696889 -0.362261
v -1.976657 2.765973 -0.355624
v -1.936832 2.701414 -0.365278
v -2.072268 2.899352 -0.331367
v -1.966683 2.619323 -0.379404
v -1.923490 2.601673 -0.375753
v -1.956429 2.611341 -0.328956
v -1.918948 2.597706 -0.341890
v -1.914536 2.650694 -0.376373
v -2.037717 2.938181 -0.362939
v -2.041428 2.942291 -0.447903
v -2.003310 2.896906 -0.437266
v -1.987595 3.001463 -0.412107
v -1.995252 2.882905 -0.399286
v -1.986256 2.991395 -0.382270
v -2.066321 2.937688 -0.378920
v -2.014293 2.744714 -0.432069
v -2.061423 2.819907 -0.405120
v -2.065576 2.831554 -0.450955
v -2.072147 2.864743 -0.441380
v -1.946692 2.749092 -0.434185
v -1.981653 2.808536 -0.418313
v -2.027170 2.833243 -0.383389
v -2.069428 2.849852 -0.398740
v -2.021839 2.754212 -0.469182
v -1.987445 2.820001 -0.458522
v -1.950690 2.759339 -0.470227
v -2.070099 2.944512 -0.426587
v -1.983567 2.682358 -0.490693
v -1.943508 2.662056 -0.488965
v -1.974646 2.671406 -0.445311
v -1.939270 2.655530 -0.453774
v -2.028800 2.989076 -0.449647
v -2.000990 2.968732 -0.514697
v -1.975866 3.041244 -0.499224
v -1.998221 2.954635 -0.480977
v -1.978113 3.034271 -0.471342
v -2.069715 2.994200 -0.462466
v -2.031058 2.836218 -0.510683
v -2.059063 2.886263 -0.489091
v -2.062058 2.902807 -0.531395
v -2.067504 2.930122 -0.521814
v -1.956953 2.833097 -0.515470
v -1.996864 2.905288 -0.498711
v -2.064966 2.917944 -0.481172
v -2.014217 2.854611 -0.557080
v -2.034315 2.845855 -0.542496
v -2.001491 2.917588 -0.533635
v -1.969475 2.847049 -0.547379
v -2.067566 3.001437 -0.504782
v -2.005282 2.792737 -0.561204
v -1.973731 2.767893 -0.562256
v -1.998769 2.776014 -0.524445
v -1.968694 2.761176 -0.533763
v -2.058398 3.081423 -0.488163
v -2.075063 3.068170 -0.452221
v -1.313064 4.482898 -0.414503
v -0.969731 5.238336 -0.279058
v -0.148015 5.725902 0.366054
v -0.339486 5.750651 0.228269
v -0.227011 5.747783 0.321695
v -0.268559 5.690561 0.308822
v -0.060615 5.710277 0.399942
v -0.340239 5.867938 0.115515
v -0.389250 5.815018 0.113607
v -0.289591 5.839648 -0.047312
v -0.299033 5.804239 0.236597
v -0.262713 5.894050 -0.010038
v -0.066574 5.917921 -0.065399
v -0.322068 5.881065 0.050520
v -0.934704 4.647003 0.067330
v -1.116583 4.741263 0.158140
v -1.248867 4.851068 0.080520
v -1.019122 4.795869 -0.361150
v -0.957690 4.571157 -0.023467
v -1.331221 4.784003 -0.091441
v -1.102568 4.621050 0.100112
v -1.253413 4.700107 0.082633
v -1.181384 4.772445 -0.388395
v -1.309404 4.809520 -0.279586
v -0.940224 4.592785 -0.232275
v -0.995697 4.658608 -0.318674
v -1.173697 4.893502 -0.366977
v -1.291616 4.932698 -0.167029
v -0.896776 4.699631 -0.275775
v -0.303996 4.561805 -0.519606
v -0.622126 4.540040 -0.313344
v -0.420892 4.076240 0.255053
v -0.633731 4.064104 0.030490
v -0.602699 4.008548 -0.429578
v -0.316506 4.037845 -0.631563
v -0.223142 4.654502 0.510366
v -1.354197 4.818035 -0.206333
v -1.087331 4.716760 -0.382817
v -1.324330 4.745629 0.035764
v -0.991924 4.562194 0.066255
v -1.201172 4.656054 0.142104
v -1.233560 4.791457 -0.392951
v -0.947494 4.619742 -0.285113
v -0.927260 4.558490 -0.067118
v -1.186757 4.774495 -0.403625
v -1.319544 4.818452 -0.287965
v -0.927743 4.598267 -0.237676
v -1.061694 4.591434 0.100443
v -0.988590 4.651931 -0.331895
v -0.278053 4.952609 -0.487545
v -0.626760 5.157100 -0.347646
v -0.278412 4.795841 -0.508823
v -0.647041 5.028608 -0.331660
v -0.455124 5.741833 -0.182477
v -0.484115 5.209157 -0.420414
v -0.479516 5.059794 -0.418038
v -0.465011 4.791371 -0.445834
v -0.474605 4.914078 -0.451399
v -0.477066 5.479972 -0.354745
v -0.470418 4.307510 -0.494860
v -0.476069 4.025428 -0.544072
v -0.507577 4.554945 -0.468572
v -0.172410 5.736833 -0.239451
v -0.166723 5.436937 -0.401336
v -0.148751 5.103654 -0.472208
v -0.142799 4.938128 -0.498651
v -0.119708 4.341343 -0.585952
v -0.116594 4.058206 -0.663188
v -0.119458 3.911822 -0.647381
v -0.127808 4.582726 -0.532880
v -0.136750 4.786929 -0.535836
v -0.542878 5.732621 -0.132785
v -0.624845 4.834046 0.348231
v -0.531918 4.795181 0.440620
v -0.581233 5.071657 0.454498
v -0.215459 4.053603 0.334870
v -0.210784 3.947708 0.372241
v -0.151272 4.294363 0.434021
v -0.356034 4.311782 0.359891
v -0.674029 4.470979 0.003819
v -0.635569 4.413664 0.145594
v -0.488508 4.235496 0.218021
v -0.521409 4.078689 0.169053
v -0.530344 3.963035 0.225420
v -0.493989 4.507152 0.345345
v -0.510005 4.693371 0.404082
v -0.481545 4.360145 0.299559
v -0.274750 4.905921 0.568179
v -0.416505 4.935076 0.515940
v -0.157347 4.171491 0.373976
v -0.681860 4.195043 -0.082652
v -0.690576 4.192609 -0.198656
v -1.207435 4.961051 0.068976
v -1.228348 5.017687 -0.170756
v -1.081061 4.864489 0.172916
v -1.112307 4.991137 -0.332146
v -0.662903 5.703705 0.075136
v -0.564775 5.757060 0.084193
v -1.128850 5.270642 0.016570
v -1.180128 5.120391 -0.002271
v -1.282703 4.905720 -0.027742
v -1.229275 4.999379 -0.017125
v -0.702315 5.699278 0.073636
v -1.007101 5.514713 0.045834
v -1.080065 5.393285 0.031579
v -0.808764 5.658258 0.064907
v -1.343571 4.775114 -0.045079
v -0.329691 5.601657 0.367875
v -0.388239 5.495374 0.404081
v -0.423906 5.406784 0.433034
v -0.605623 5.209771 0.420401
v -0.546644 5.183635 0.453747
v -0.694602 4.983135 0.340228
v -0.055305 5.581140 0.449985
v -0.063299 5.863130 -0.089475
v -0.055831 5.735847 -0.229530
v -0.012001 4.415072 0.477946
v -0.005959 4.792474 -0.524423
v -0.045336 5.345732 0.528832
v -0.032332 5.086044 0.589545
v -0.017690 4.748633 0.580899
v -0.033078 5.445897 -0.362587
v -0.011987 5.093707 -0.463036
v -0.016783 3.925675 0.395252
v -0.011892 4.165446 0.399360
v -0.004470 4.351377 -0.595893
v 0.004336 3.898672 -0.658854
v -0.057445 5.643685 0.407339
v -0.005089 4.585317 -0.521048
v -0.011666 4.012345 0.400292
v 0.000087 4.057947 -0.678081
v -0.014684 4.637614 0.521264
v -0.008065 4.925764 -0.478285
v -0.011739 4.280595 0.449698
v -0.023585 4.914658 0.597380
v -0.169750 5.590622 -0.333828
v -0.283891 5.584560 -0.341102
v -0.044703 5.597632 -0.312962
v -0.211839 3.999778 0.359500
v -0.412839 4.020279 0.306113
v -0.669484 3.978359 0.065495
v -0.543279 4.006936 0.194043
v -0.633393 3.862342 -0.430605
v -0.497637 3.864371 -0.538243
v -0.013802 3.969942 0.399775
v 0.102072 5.584848 0.443038
v 0.067743 5.675275 0.371197
v 0.177619 5.746261 -0.197768
v 0.250548 5.840037 0.082351
v 0.451601 5.755416 0.207727
v 0.344787 5.666172 0.360396
v 0.568544 5.699259 0.240670
v 0.394482 5.732354 0.283509
v 0.421686 5.802862 0.027154
v 0.497233 5.780089 -0.001270
v 0.287039 4.444118 0.446053
v 0.238352 5.399761 0.503819
v 0.234036 5.111648 0.560816
v 0.217182 4.750839 0.571872
v 0.201352 5.449375 -0.364745
v 0.248487 5.138715 -0.448689
v 0.543427 5.475732 0.429047
v 0.978270 5.216473 0.017473
v 0.934254 5.656838 -0.194998
v 1.029511 5.569785 -0.311606
v 1.052246 5.491819 -0.056963
v 0.887222 5.603770 -0.409874
v 0.725833 5.233681 -0.486087
v 1.097458 5.435074 -0.185784
v 0.945311 5.094943 -0.164808
v 0.763548 5.529802 -0.482441
v 0.725373 5.379847 -0.509528
v 1.059613 5.215472 -0.126999
v 0.810844 5.661417 -0.282587
v 0.673630 5.528389 -0.346951
v 0.323344 4.192101 0.325088
v 0.379266 3.980249 0.308305
v 0.691413 4.382447 -0.132373
v 0.623507 4.298975 0.055759
v 0.629747 3.946525 0.086513
v 0.325153 4.308644 -0.582280
v 0.587142 4.317830 -0.409050
v 0.360093 3.875194 -0.630577
v 0.668013 3.780488 -0.404512
v 0.955196 5.038956 -0.616026
v 1.098214 5.008918 -0.498106
v 1.269300 5.140790 -0.444419
v 1.298347 5.308467 -0.496094
v 1.183257 5.479485 -0.628918
v 1.013492 5.481672 -0.739060
v 0.888615 5.178507 -0.710259
v 0.925695 5.364192 -0.748015
v 0.777019 5.205348 0.285713
v 0.505613 5.722455 -0.082370
v 0.571204 5.778212 0.031989
v 0.503537 5.656784 -0.155131
v 0.645629 5.764873 0.063175
v 0.809227 5.433662 0.307810
v 0.680923 5.666100 0.250280
v 0.510467 5.381757 -0.280581
v 0.632043 4.781107 0.288370
v 0.707318 4.941753 0.130689
v 0.882713 5.096519 0.028361
v 0.615236 4.597849 0.233187
v 0.659846 5.042875 -0.272295
v 0.643805 4.833835 -0.266194
v 0.693896 4.952487 -0.097687
v 0.902453 5.588553 0.167509
v 0.799068 5.745042 -0.004024
v 0.805321 5.634354 0.248120
v 0.732688 5.704451 -0.169315
v 0.869076 5.709342 -0.094601
v 0.858546 5.229697 0.192000
v 0.926088 5.425654 0.177834
v 1.035040 5.379550 -0.020993
v 0.995371 5.541440 0.051237
v 0.988262 5.400948 0.077204
v 1.296221 5.185264 -0.610285
v 1.094925 5.355405 -0.870041
v 1.030146 5.288638 -0.854320
v 1.303461 5.283094 -0.725081
v 1.359239 5.268003 -1.012763
v 1.404601 5.261274 -0.919752
v 1.355908 5.294083 -0.863618
v 1.337268 5.206664 -1.104908
v 1.285829 5.324507 -0.977787
v 1.088954 5.206501 -0.992238
v 1.226442 5.278062 -1.059440
v 1.201171 5.157301 -1.069410
v 1.144993 5.084947 -0.993699
v 1.090113 5.129312 -0.903489
v 1.615559 5.113700 -1.125164
v 1.447739 4.814536 -0.927489
v 1.387604 4.902051 -1.192747
v 1.662833 5.028429 -0.949827
v 1.645462 4.958239 -0.890663
v 1.516733 5.175602 -0.853736
v 1.528973 4.847017 -0.870738
v 1.485139 4.834672 -0.913940
v 1.412545 5.061558 -0.797391
v 1.121867 5.338871 -0.941778
v 1.245749 5.362233 -0.914860
v 1.050497 5.247636 -0.916267
v 1.224497 5.376390 -0.837443
v 1.511473 5.053472 -1.230495
v 1.660835 5.086794 -1.004981
v 1.770682 4.955056 -1.215298
v 1.811012 4.938319 -1.116998
v 1.590447 4.798772 -1.257310
v 1.688086 4.902066 -1.297053
v 1.779905 4.821328 -1.021220
v 1.794094 4.895712 -1.054601
v 1.676286 4.659289 -1.005257
v 1.147672 5.054861 -0.576290
v 1.639082 4.687289 -1.063920
v 1.210953 5.055883 -0.685940
v 1.320445 4.999779 -0.855011
v 1.973757 4.609272 -1.394643
v 1.977910 4.501003 -1.412254
v 2.030069 4.556166 -1.436916
v 1.807846 4.641614 -1.320030
v 1.866088 4.708769 -1.353431
v 1.931918 4.769279 -1.284219
v 1.977998 4.472501 -1.167924
v 1.939334 4.650108 -1.125788
v 2.132520 4.509866 -1.249673
v 2.043017 4.419261 -1.202278
v 2.065574 4.636453 -1.278402
v 1.968936 4.740678 -1.176553
v 2.103559 4.581138 -1.392893
v 2.143201 4.563809 -1.326744
v 1.851584 4.541108 -1.120572
v 1.889157 4.567393 -1.110072
v 1.733826 4.736404 -0.984121
v 1.566636 4.879504 -0.870461
v 2.083101 4.257348 -1.229223
v 2.155724 4.328063 -1.188452
v 2.254211 3.973624 -1.286166
v 2.050156 4.294668 -1.350333
v 2.012558 4.329891 -1.316303
v 2.068181 4.248366 -1.327607
v 2.146890 4.210009 -1.332726
v 2.135426 4.279453 -1.362967
v 2.137802 4.401137 -1.553444
v 2.234979 4.335699 -1.591319
v 2.286707 4.353456 -1.632256
v 2.052646 4.433983 -1.510860
v 2.150759 4.474096 -1.540388
v 2.094400 4.515448 -1.489100
v 2.026783 4.472469 -1.483057
v 2.340392 4.218156 -1.286110
v 2.407655 4.117921 -1.347325
v 2.385733 4.072390 -1.428442
v 2.337619 4.150795 -1.394932
v 2.394090 4.059153 -1.387245
v 2.441592 4.136812 -1.367404
v 2.415593 4.199082 -1.347652
v 2.454280 3.960585 -1.428084
v 2.429155 3.870884 -1.431645
v 2.469269 4.032107 -1.404928
v 2.461066 4.054595 -1.451495
v 2.459104 4.083035 -1.439639
v 2.007650 4.426368 -1.430084
v 2.196583 4.173466 -1.172145
v 2.230218 4.080433 -1.193704
v 2.216595 4.109956 -1.184009
v 2.222533 4.067710 -1.277791
v 2.179223 4.130865 -1.274193
v 2.202467 4.043919 -1.256037
v 2.145201 4.130435 -1.244297
v 2.166888 4.098037 -1.239843
v 2.156708 4.146947 -1.279432
v 2.262692 4.197236 -1.288137
v 2.226249 4.247917 -1.234447
v 2.234797 4.320589 -1.248559
v 2.245408 4.169587 -1.240964
v 2.228468 4.186612 -1.202569
v 2.270489 4.111863 -1.236792
v 2.267397 4.023401 -1.231151
v 2.245574 4.036093 -1.298722
v 2.224136 4.001015 -1.271223
v 2.314862 4.015670 -1.279323
v 2.294176 4.061242 -1.252006
v 2.054726 4.242435 -1.275326
v 2.177330 4.502760 -1.486549
v 2.271538 4.431254 -1.564612
v 2.238429 4.470212 -1.483587
v 2.383055 4.268146 -1.331428
v 2.094673 4.196460 -1.262204
v 2.111492 4.198748 -1.304038
v 2.060602 4.362829 -1.430517
v 2.281006 4.228004 -1.451249
v 2.259699 4.281433 -1.520355
v 2.199958 4.273983 -1.407824
v 2.255939 4.319520 -1.557728
v 2.167640 4.342124 -1.478560
v 2.237946 4.199829 -1.346882
v 2.271712 4.187734 -1.360771
v 2.393643 3.882507 -1.445738
v 2.398229 3.951408 -1.428147
v 2.468166 4.061895 -1.395709
v 2.451491 3.980850 -1.473791
v 2.393624 3.971000 -1.471222
v 2.382462 3.893872 -1.482466
v 2.411985 4.229655 -1.403304
v 2.405949 4.205917 -1.425558
v 2.428096 4.193574 -1.404317
v 2.361811 4.345066 -1.552775
v 2.356596 4.318966 -1.578415
v 2.386996 4.311515 -1.558365
v 2.400254 4.286130 -1.484841
v 2.387551 4.258602 -1.510205
v 2.414379 4.256490 -1.486948
v 2.438881 4.152373 -1.416079
v 2.334804 4.137934 -1.363651
v 2.445509 3.905192 -1.497960
v 2.423311 3.865707 -1.493624
v 2.448131 3.882608 -1.444811
v 2.424730 3.853035 -1.462802
v 2.401134 3.856098 -1.453361
v 2.263414 4.398677 -1.322077
v 2.369362 4.336680 -1.590492
v 2.397164 4.309297 -1.426759
v 2.429747 4.223930 -1.435519
v 2.378396 4.352891 -1.504335
v 2.396297 4.289436 -1.511959
v 2.266434 4.449718 -1.441200
v 2.273624 4.437233 -1.403900
v 2.264464 4.414139 -1.363291
v 2.275637 3.966329 -1.264875
v 2.294425 3.983340 -1.253776
v 2.253590 4.125942 -1.205866
v 2.261136 4.094962 -1.212470
v 2.327261 4.404320 -1.568422
v 2.422780 4.152341 -1.450048
v 2.389233 4.112142 -1.532534
v 2.337607 4.203032 -1.485048
v 2.393175 4.088219 -1.495284
v 2.342932 4.190116 -1.455323
v 2.448105 4.166477 -1.469135
v 2.457159 3.970117 -1.563224
v 2.479714 4.054847 -1.521011
v 2.469781 4.080578 -1.566804
v 2.467468 4.110543 -1.551327
v 2.386025 3.944211 -1.559509
v 2.400935 4.012657 -1.531681
v 2.478124 4.086323 -1.508284
v 2.451428 3.987600 -1.600953
v 2.395556 4.033307 -1.570915
v 2.379832 3.962622 -1.595479
v 2.441101 4.183543 -1.517296
v 2.433149 3.904725 -1.635912
v 2.400524 3.871244 -1.633661
v 2.436543 3.881611 -1.589349
v 2.404457 3.857882 -1.602212
v 2.378886 3.888107 -1.573697
v 2.389613 4.212022 -1.532660
v 2.357887 4.179538 -1.612349
v 2.311814 4.260316 -1.556097
v 2.362936 4.154902 -1.579623
v 2.320022 4.243746 -1.530574
v 2.379708 4.191400 -1.541979
v 2.412807 4.226595 -1.550646
v 2.422340 4.047350 -1.653364
v 2.392947 3.956520 -1.667704
v 2.444443 4.126234 -1.609888
v 2.435092 4.149117 -1.650418
v 2.431363 4.178909 -1.632120
v 2.358505 4.025252 -1.647837
v 2.372802 4.088006 -1.618421
v 2.442532 4.154467 -1.595717
v 2.393712 4.073296 -1.696556
v 2.418573 4.067578 -1.686548
v 2.366129 4.110031 -1.653806
v 2.351441 4.044500 -1.679453
v 2.404442 4.245479 -1.594307
v 2.404482 3.993839 -1.724685
v 2.375275 3.959687 -1.725335
v 2.409135 3.969813 -1.683941
v 2.380646 3.943854 -1.693408
v 2.346447 4.274386 -1.599261
v 2.315256 4.260883 -1.664556
v 2.269892 4.311800 -1.626108
v 2.324336 4.239248 -1.636397
v 2.279911 4.299850 -1.601861
v 2.379567 4.298023 -1.613718
v 2.390043 4.153943 -1.702648
v 2.364622 4.077318 -1.716120
v 2.375346 4.140473 -1.683847
v 2.402399 4.204257 -1.669924
v 2.390970 4.230199 -1.705543
v 2.388273 4.254331 -1.688870
v 2.322356 4.123268 -1.701274
v 2.336891 4.199080 -1.667707
v 2.398260 4.232843 -1.653585
v 2.383351 4.171352 -1.730355
v 2.329903 4.220133 -1.697713
v 2.322613 4.148165 -1.728655
v 2.366689 4.313681 -1.651621
v 2.371701 4.117218 -1.761147
v 2.351325 4.083025 -1.766569
v 2.378876 4.091059 -1.730529
v 2.354706 4.068303 -1.740992
v 2.333536 4.377218 -1.611351
v 2.360550 4.363421 -1.582626
v 1.151967 5.318821 -0.996571
v 0.738154 5.618190 -0.320318
v 0.026272 5.734651 0.370143
v 0.221484 5.773465 0.247053
v 0.104669 5.764435 0.329477
v 0.152292 5.711691 0.318696
v 0.212960 5.878119 0.155559
v 0.267410 5.832516 0.152594
v 0.166619 5.845118 0.001389
v 0.175409 5.822596 0.253702
v 0.134003 5.895842 0.035679
v 0.193815 5.888521 0.095702
v 1.026616 5.019178 -0.424663
v 1.197504 5.144121 -0.349496
v 1.239519 5.327028 -0.368486
v 0.846124 5.373705 -0.675019
v 1.021657 5.023358 -0.553599
v 1.240767 5.399425 -0.557186
v 1.189296 5.076331 -0.465047
v 1.284536 5.218587 -0.463504
v 0.973298 5.451746 -0.748207
v 1.123106 5.493638 -0.674682
v 0.898443 5.126481 -0.689825
v 0.884235 5.242393 -0.724999
v 0.945252 5.525993 -0.654009
v 1.131082 5.522268 -0.509531
v 0.814817 5.193962 -0.637323
v 0.297153 4.573865 -0.513770
v 0.615005 4.580810 -0.311932
v 0.399008 4.085207 0.255426
v 0.620576 4.076520 0.032316
v 0.687758 4.036174 -0.201420
v 0.614414 4.000690 -0.425770
v 0.334261 4.021862 -0.650288
v 0.194630 4.666322 0.516104
v 1.194062 5.488831 -0.625825
v 0.912993 5.360853 -0.757137
v 1.308022 5.309364 -0.486004
v 1.096647 4.992879 -0.501160
v 1.282340 5.132565 -0.435183
v 1.009194 5.494205 -0.751845
v 0.871222 5.174143 -0.713461
v 0.978194 5.018116 -0.585981
v 0.969689 5.462992 -0.759411
v 1.124991 5.509152 -0.677604
v 0.883984 5.126610 -0.687397
v 1.163499 5.033857 -0.473899
v 0.873607 5.240020 -0.737298
v 1.191214 5.394581 -0.541634
v 0.262766 4.976261 -0.474898
v 0.551759 5.266236 -0.317507
v 0.273864 4.814306 -0.500007
v 0.596677 5.139206 -0.321009
v 0.333287 5.773462 -0.114715
v 0.423885 5.272377 -0.382638
v 0.442279 5.119925 -0.392763
v 0.459649 4.835121 -0.432274
v 0.456767 4.967913 -0.433864
v 0.364029 5.538169 -0.274422
v 0.477465 4.308123 -0.494164
v 0.498268 4.009639 -0.552099
v 0.503605 4.580128 -0.458526
v 0.060856 5.744029 -0.212055
v 0.098692 5.446370 -0.370408
v 0.122591 5.114823 -0.462561
v 0.128180 4.946791 -0.494487
v 0.110757 4.343710 -0.584820
v 0.121407 4.046601 -0.675488
v 0.130455 3.897964 -0.659283
v 0.118736 4.587264 -0.530696
v 0.126867 4.793759 -0.532494
v 0.414989 5.772939 -0.054189
v 0.609369 4.887627 0.355613
v 0.497506 4.846414 0.464572
v 0.546837 5.106645 0.460847
v 0.191546 4.059412 0.327463
v 0.179216 3.959604 0.352496
v 0.128010 4.297999 0.435961
v 0.335746 4.322206 0.365329
v 0.660762 4.506285 0.009330
v 0.614484 4.442281 0.159733
v 0.472153 4.249597 0.225332
v 0.501076 4.089109 0.172252
v 0.504165 3.979793 0.217225
v 0.476941 4.533319 0.358099
v 0.486134 4.737404 0.424797
v 0.464652 4.377755 0.308475
v 0.226279 4.928403 0.578748
v 0.365289 4.974287 0.534265
v 0.135254 4.174715 0.375760
v 0.674702 4.213059 -0.057846
v 1.170221 5.391261 -0.297650
v 1.054213 5.553618 -0.443591
v 1.142554 5.208854 -0.252260
v 0.885587 5.549717 -0.552068
v 0.547881 5.754350 0.127589
v 0.446903 5.796787 0.129224
v 0.996834 5.600598 -0.121911
v 1.070026 5.526098 -0.242959
v 1.199586 5.433895 -0.421751
v 1.135631 5.469939 -0.342066
v 0.585273 5.753771 0.131860
v 0.853098 5.696087 0.079209
v 0.933252 5.654692 -0.020586
v 0.683973 5.729270 0.139566
v 1.276229 5.377864 -0.531524
v 0.219188 5.629214 0.380753
v 0.286323 5.529241 0.419908
v 0.329286 5.444598 0.450706
v 0.584068 5.223890 0.417124
v 0.506268 5.205735 0.462084
v 0.699889 5.031241 0.307990
v 0.079622 5.598100 -0.300803
v 0.186496 5.603091 -0.284826
v 0.184634 4.008509 0.343761
v 0.386466 4.032852 0.296872
v 0.643552 3.993067 0.065612
v 0.708146 3.918361 -0.186680
v 0.520474 4.020627 0.190358
v 0.662933 3.840151 -0.415452
v 0.535168 3.832367 -0.538742
v 0.283054 2.748779 1.256811
v 0.532527 2.723874 1.250858
v 0.633017 2.616760 1.190017
v 0.182872 2.350066 1.013487
v 0.110747 2.518812 1.173464
v 0.168606 2.719172 1.221975
v 0.211142 2.472929 1.381638
v 0.351285 2.529670 1.402714
v 0.529550 2.419138 1.433484
v 0.664742 2.523963 1.118005
v 0.637736 2.282969 1.326144
v 0.186248 2.312096 1.365936
v 0.283288 2.245879 0.913297
v 0.510878 2.279697 0.907542
v 0.584546 1.895797 1.713611
v 0.470045 2.079887 1.619175
v 0.333980 2.084162 1.638857
v 0.708840 1.909751 1.449960
v 0.619432 2.229941 1.082509
v 0.247299 1.951054 1.355737
v 0.285371 1.943124 1.244533
v 0.276996 1.779774 1.576411
v 0.259939 1.996050 1.495100
v 0.338463 2.171513 0.991066
v 0.465406 2.196428 1.580943
v 0.630865 2.109845 1.488755
v 0.492055 2.369884 1.506368
v 0.338284 2.395901 1.530790
v 0.318650 2.217225 1.616446
v 0.200045 2.221143 1.423744
v 0.650013 1.840416 1.274398
v 0.514156 1.802533 1.232801
v 0.684763 1.915191 1.613507
v 0.336581 1.876752 1.693002
v 0.569461 1.610951 1.277108
v 0.137958 2.647511 1.161274
v 0.128710 2.418707 1.129676
v 0.655430 2.368666 0.985582
v 0.439837 2.227032 0.935713
v 0.537112 2.201834 1.005494
v 0.626933 2.248331 1.213449
v 0.308707 2.746650 1.261077
v 0.367980 2.758848 1.271825
v 0.412604 2.550667 1.404104
v 0.360030 2.237587 0.936248
v 0.546363 2.265713 0.918745
v 0.547410 2.468529 1.396713
v 0.572353 2.314603 1.414351
v 0.448004 2.755661 1.274669
v 0.279480 2.417459 1.451016
v 0.193464 2.276946 1.392611
v 0.299625 2.538292 1.397859
v 0.632636 2.048714 1.490351
v 0.693618 1.913629 1.554801
v 0.662412 2.485101 1.084867
v 0.475478 1.887420 1.704546
v 0.320242 2.295336 1.591507
v 0.469105 2.272093 1.567521
v 0.591490 2.262564 1.432133
v 0.693361 1.699932 1.299013
v 0.778896 1.742541 1.500737
v 0.757936 1.755924 1.569493
v 0.766106 1.751525 1.533662
v -0.639806 2.325418 0.852611
v -0.868421 2.303349 0.751912
v -0.929394 2.223299 0.628837
v -0.417110 2.034577 0.545963
v -0.430840 2.136192 0.773643
v -0.517548 2.309876 0.852611
v -0.606447 2.006457 0.911546
v -0.748451 2.048470 0.889921
v -0.909339 1.922561 0.800538
v -0.924056 2.160723 0.524629
v -0.939590 1.848354 0.622686
v -0.557263 1.867107 0.862286
v -0.465445 1.970767 0.389221
v -0.680841 2.003857 0.315168
v -0.779405 1.284710 0.512608
v -0.806219 1.471961 0.693405
v -0.732102 1.461160 0.809992
v -0.759252 1.518522 0.351679
v -0.833263 1.898397 0.416504
v -0.477145 1.617329 0.714748
v -0.463512 1.342078 0.666861
v -0.570909 1.527676 0.772922
v -0.534927 1.882503 0.427897
v -0.860681 1.587435 0.765034
v -0.888441 1.598681 0.567316
v -0.903264 1.825566 0.841495
v -0.791065 1.836741 0.945394
v -0.783501 1.582099 0.897822
v -0.596034 1.748545 0.885064
v -0.613915 1.625091 0.316137
v -0.485855 1.642270 0.390609
v -0.810939 1.382162 0.415100
v -0.614656 1.290988 0.699938
v -0.388297 1.517115 0.257808
v -0.460110 2.263457 0.786997
v -0.419955 2.058864 0.697779
v -0.852770 2.060265 0.361638
v -0.617157 1.945088 0.348307
v -0.727688 1.901251 0.372542
v -0.885645 1.865835 0.528361
v -0.664970 2.321882 0.846689
v -0.725507 2.329486 0.839266
v -0.805029 2.069109 0.873334
v -0.543979 1.955152 0.380403
v -0.716035 1.986778 0.308107
v -0.914829 1.992097 0.785270
v -0.920154 1.832800 0.724428
v -0.800991 2.325289 0.812685
v -0.697012 1.915232 0.924251
v -0.577718 1.819286 0.876589
v -0.699881 2.060021 0.909233
v -0.844451 1.559729 0.523033
v -0.794874 1.432095 0.396224
v -0.906217 2.135585 0.483842
v -0.706939 1.287471 0.595006
v -0.800200 1.674825 0.933554
v -0.892704 1.666737 0.812711
v -0.929756 1.772146 0.698637
v -0.531913 1.543848 0.207593
v -0.694709 1.392319 0.216261
v -0.720740 1.339613 0.259739
v -0.707400 1.368361 0.240619
v -0.166391 0.501764 -0.110700
v -0.235482 0.402248 -0.094802
v -0.070525 0.450389 0.146254
v -0.033762 0.540552 -0.087229
v -0.318890 0.420871 0.060424
v -0.228885 0.427378 0.186440
v -0.294689 0.419178 0.147043
v -0.116074 0.438942 0.171307
v -0.414210 1.249770 0.046504
v -0.514619 1.090346 0.057851
v -0.686127 1.188869 0.212721
v -0.388310 1.014884 0.534394
v -0.256920 1.101378 0.470296
v -0.218187 1.268064 0.173234
v -0.299009 1.268099 0.086684
v -0.626563 0.973840 0.416447
v -0.497768 0.981161 0.531611
v -0.673892 1.026269 0.304202
v -0.649029 1.305918 0.152599
v -0.476287 1.446849 0.133769
v -0.089184 0.532204 -0.121237
v -0.322264 0.842154 -0.016703
v -0.218385 0.884317 -0.010697
v -0.251897 0.742091 0.359555
v -0.163013 0.797253 0.309466
v -0.414512 0.778050 0.055116
v -0.443213 0.696578 0.255499
v -0.126302 0.900165 0.056915
v -0.468362 0.720533 0.155190
v -0.342196 0.702400 0.363134
v -0.037186 0.466390 0.124516
v -0.565860 0.975460 0.129653
v -0.658707 1.237423 0.180485
v -0.499516 1.033653 0.086081
v -0.350335 0.813899 0.030468
v -0.582272 0.972937 0.463272
v -0.417521 0.690352 0.305175
v -0.451016 0.996747 0.524640
v -0.305050 0.720817 0.355615
v -0.744890 1.260266 0.296779
v -0.438511 1.340613 0.077033
v -0.327091 1.419348 0.195985
v -0.586518 1.188325 0.096494
v 0.735344 0.757272 1.955114
v 0.759914 0.763585 2.084213
v 0.467474 0.788919 2.057652
v 0.639133 0.697411 1.873997
v 0.683243 0.894321 2.174163
v 0.529680 0.888357 2.183209
v 0.600593 0.908129 2.207732
v 0.474329 0.820731 2.104594
v 0.755129 1.388367 1.458157
v 0.802455 1.384024 1.640825
v 0.775315 1.631854 1.671657
v 0.339538 1.495226 1.789435
v 0.316955 1.414536 1.641677
v 0.538797 1.323118 1.396810
v 0.656092 1.336711 1.405763
v 0.572830 1.583055 1.890536
v 0.404576 1.553751 1.863401
v 0.692247 1.586748 1.832971
v 0.803996 1.634909 1.538018
v 0.721005 1.575295 1.338984
v 0.699416 0.713799 1.893966
v 0.750798 1.085993 1.753369
v 0.686400 1.037269 1.675371
v 0.401896 1.173967 1.917878
v 0.392095 1.114325 1.818888
v 0.744702 1.154338 1.867687
v 0.596774 1.233474 2.007222
v 0.578226 1.014325 1.642604
v 0.693448 1.213137 1.968377
v 0.450657 1.219181 1.990817
v 0.465485 0.766881 2.016941
v 0.409281 1.257299 1.508428
v 0.772382 1.397847 1.781838
v 0.786251 1.621014 1.609116
v 0.770251 1.358845 1.691500
v 0.728177 1.115019 1.802939
v 0.509039 1.574857 1.886220
v 0.541320 1.237088 2.016072
v 0.383477 1.525273 1.828457
v 0.435558 1.198616 1.957281
v 0.740956 1.751293 1.658608
v 0.744843 1.466653 1.398653
v 0.584034 1.487572 1.318242
v 0.812993 1.503445 1.597345
v 0.012634 3.021331 -0.517310
v -0.031052 3.726475 0.372857
v -0.084384 3.090386 0.534502
v 0.017880 2.850812 -0.165229
v -0.027589 2.847529 0.007351
v 0.008081 3.244062 -0.625754
v -0.114096 3.305172 0.636975
v -0.108407 3.429980 0.605101
v -0.065576 3.590345 0.485936
v -0.003755 2.850137 -0.170733
v 0.019532 2.855048 0.041742
v 0.235368 2.544388 0.453706
v 0.231048 3.746610 0.345527
v 0.502405 2.983908 -0.285270
v 0.497674 3.052425 -0.338724
v 0.620536 2.681421 0.331974
v 0.465911 3.816785 0.189163
v 0.301119 3.218897 -0.566614
v 0.299971 3.304471 0.825130
v 0.606336 3.329898 0.671061
v -0.047938 2.954350 0.775856
v 0.308448 3.528136 -0.592933
v 0.631084 3.513155 -0.315494
v 0.690573 3.666940 -0.072518
v 0.460171 3.194942 -0.454329
v 0.718919 3.176319 0.100168
v 0.718162 3.530538 0.168595
v 0.693562 3.361775 -0.100801
v 0.536319 2.828727 0.010051
v 0.649979 2.937791 0.126338
v 0.613030 2.974952 -0.041715
v 0.614574 3.691204 0.169033
v 0.631601 3.737343 0.042126
v 0.216967 2.814627 -0.255827
v 0.503692 2.876050 -0.118260
v 0.708235 3.586006 0.088907
v 0.778111 2.946638 0.521900
v 0.709597 3.463913 -0.015052
v 0.666048 3.579930 -0.195284
v 0.731979 3.370200 0.093194
v 0.728058 3.180206 0.626929
v 0.408284 3.398914 0.722938
v 0.732609 2.708603 0.567914
v 0.429194 2.605603 0.325736
v 0.541997 2.591369 0.360895
v 0.225611 2.758287 -0.083643
v 0.217410 2.917360 -0.437077
v 0.712173 3.268980 -0.000909
v 0.349616 2.755894 -0.093483
v 0.240010 3.878257 0.306737
v 0.459014 3.890005 0.194802
v 0.587358 3.869599 0.071582
v 0.630910 3.687551 -0.397653
v 0.660949 3.799636 -0.146334
v 0.314697 3.741879 -0.602375
v 0.507591 3.471758 -0.464029
v 0.489883 3.689314 -0.509080
v 0.600567 3.152681 -0.233213
v 0.607737 3.096513 -0.167466
v 0.572507 3.217532 -0.305058
v 0.216201 3.780648 0.302760
v 0.460344 3.817174 0.182644
v 0.636800 3.743112 0.021453
v 0.681197 3.676756 -0.090939
v 0.620935 3.529221 -0.316938
v 0.302972 3.548532 -0.581482
v 0.503372 3.488183 -0.459209
v 0.167425 3.237790 0.857830
v -0.055786 3.333419 0.630130
v 0.039704 3.032623 0.855771
v 0.107589 3.118986 0.906181
v -0.067799 3.265110 0.617065
v 0.305979 3.154385 0.980227
v 0.437659 3.186364 0.981322
v 0.205700 3.127883 0.941687
v 0.623171 3.137026 0.933494
v 0.734168 3.007846 0.809413
v -0.037565 3.411672 0.615846
v 0.745306 3.328422 0.452473
v 0.735426 3.111691 0.244894
v -0.042369 3.451648 0.596655
v -0.019768 2.859329 0.674380
v 0.030246 3.621217 0.459933
v 0.442426 3.766223 0.260635
v 0.048305 3.584779 0.480556
v 0.218580 3.691604 0.411133
v 0.033086 3.548970 0.529560
v 0.337847 2.973676 -0.429482
v 0.376662 2.830039 -0.217283
v 0.425080 2.780718 -0.055501
v 0.567064 2.729463 0.237935
v 0.678789 2.872398 0.293025
v 0.762609 3.006582 0.421298
v 0.368155 2.652870 0.152346
v 0.234593 2.670846 0.137264
v 0.499292 2.688443 0.192651
v 0.779729 2.876231 0.626012
v 0.734646 3.094620 0.718729
v 0.420074 3.305954 0.799116
v 0.601072 3.271726 0.785413
v 0.457207 2.487053 0.443357
v 0.430568 2.385747 0.521724
v 0.253974 2.628262 0.339175
v 0.104661 2.781747 0.305472
v 0.663315 2.600899 0.492130
v 0.705981 2.791021 0.446470
v 0.575316 2.527751 0.469018
v 0.010856 3.397117 -0.624285
v 0.313453 3.359275 -0.576988
v 0.469786 3.315957 -0.462294
v 0.557504 3.326546 -0.364072
v 0.687691 3.432158 -0.183649
v 0.705836 3.525542 -0.089331
v 0.219950 3.786666 0.311993
v 0.244915 2.543864 0.508951
v 0.690637 2.726410 0.702806
v 0.042637 2.898665 0.824007
v 0.206317 2.865691 1.142269
v 0.142309 2.835475 1.091769
v 0.643811 2.642339 0.622591
v 0.401260 2.335332 0.735118
v 0.552911 2.378657 0.761772
v 0.520042 2.379900 0.765885
v 0.346680 3.024861 1.075496
v 0.098036 2.754069 1.065964
v 0.074681 2.697789 1.016058
v 0.090588 2.596181 0.926547
v 0.274470 2.364429 0.754869
v 0.220944 2.446546 0.564447
v 0.740831 2.848816 0.976285
v 0.765360 2.703118 0.839444
v 0.637322 2.454979 0.607667
v 0.008030 2.843562 0.918847
v 0.217840 2.996601 1.106678
v 0.486058 2.996308 1.111133
v 0.099877 2.922832 1.029355
v 0.000280 2.730423 0.808441
v 0.034467 2.634288 0.701189
v 0.754471 2.581496 0.721693
v 0.649390 2.940005 1.057367
v 0.337293 3.015444 1.135022
v 0.234897 2.459146 0.574960
v 0.723360 2.844317 0.967122
v 0.744154 2.713185 0.836375
v 0.624831 2.469903 0.614333
v 0.030504 2.847663 0.923088
v 0.229326 2.985580 1.091195
v 0.477836 2.984074 1.095723
v 0.113599 2.916627 1.021699
v 0.020146 2.738028 0.818734
v 0.430512 2.397516 0.532107
v 0.178644 2.960103 1.067174
v 0.731161 2.594121 0.719022
v 0.633902 2.927774 1.042967
v 0.340265 3.001712 1.116499
v -0.305263 2.410027 0.101556
v -0.357838 3.656832 0.379126
v -0.436228 3.010896 -0.455686
v -0.428144 3.087098 -0.485185
v -0.643760 2.578245 -0.101233
v -0.556896 3.732141 0.210293
v -0.266021 3.238402 -0.601589
v -0.584491 3.019774 0.653419
v -0.821456 3.071207 0.409762
v -0.207000 2.747037 0.653818
v -0.268179 3.561924 -0.607975
v -0.562600 3.562454 -0.402337
v -0.701962 3.651366 -0.149173
v -0.395028 3.235339 -0.544371
v -0.721463 3.121593 -0.178999
v -0.779784 3.432382 0.004015
v -0.670381 3.361462 -0.282029
v -0.502939 2.805729 -0.272808
v -0.638420 2.887022 -0.204686
v -0.571329 2.964212 -0.305101
v -0.697278 3.589520 0.096201
v -0.681753 3.689646 -0.003075
v -0.176231 2.818572 -0.355411
v -0.453471 2.877936 -0.348245
v -0.751194 3.512250 -0.041441
v -0.886276 2.761823 0.095560
v -0.723396 3.430840 -0.178660
v -0.643117 3.604143 -0.286511
v -0.771124 3.307665 -0.128152
v -0.914668 2.946579 0.278425
v -0.660724 3.125472 0.551568
v -0.829562 2.522570 0.075812
v -0.453215 2.509708 -0.063892
v -0.568657 2.483961 -0.077064
v -0.199277 2.745189 -0.226925
v -0.180668 2.926200 -0.491808
v -0.710459 3.242723 -0.233366
v -0.308394 2.747832 -0.294122
v -0.426069 3.538497 -0.521151
v -0.531844 3.183183 -0.412523
v -0.548085 3.113374 -0.373800
v -0.497006 3.260967 -0.449301
v -0.465320 2.969041 0.716388
v -0.172805 3.272486 0.623388
v -0.323298 2.788929 0.710238
v -0.412063 2.844451 0.749268
v -0.157308 3.217009 0.607521
v -0.176611 2.599956 0.386499
v -0.622185 2.815758 0.738988
v -0.747801 2.830487 0.696022
v -0.514800 2.823550 0.741733
v -0.899763 2.800004 0.573078
v -0.946376 2.720473 0.382989
v -0.185803 3.349918 0.612516
v -0.864281 3.142831 0.170577
v -0.775560 3.011963 -0.080421
v -0.172769 3.402832 0.596488
v -0.187092 2.673832 0.522958
v -0.163903 3.581284 0.473451
v -0.569132 3.644050 0.259310
v -0.214489 3.516725 0.493149
v -0.381173 3.574512 0.427424
v -0.225569 3.472980 0.535361
v -0.293313 2.991817 -0.514090
v -0.324906 2.838996 -0.387243
v -0.385576 2.768399 -0.292328
v -0.568913 2.655552 -0.149440
v -0.708959 2.770833 -0.094804
v -0.846066 2.852668 0.031647
v -0.359869 2.600005 -0.147631
v -0.239444 2.620732 -0.085761
v -0.491902 2.627540 -0.168265
v -0.913351 2.659985 0.164080
v -0.920926 2.832733 0.332568
v -0.686399 3.007305 0.580952
v -0.846953 2.977372 0.493625
v -0.503538 2.357939 -0.008150
v -0.491901 2.235982 0.037731
v -0.295780 2.530290 0.034074
v -0.170782 2.699027 0.140000
v -0.726552 2.447574 -0.001061
v -0.774845 2.641705 0.004654
v -0.627571 2.387035 -0.013958
v -0.271052 3.389682 -0.607223
v -0.393840 3.371559 -0.540363
v -0.475694 3.383398 -0.473510
v -0.638179 3.452455 -0.328411
v -0.694404 3.511520 -0.218766
v -0.308546 3.731125 0.348845
v -0.910073 2.605422 0.460646
v -0.836756 2.493171 0.214948
v -0.327312 2.654294 0.664432
v -0.580780 2.650418 0.771554
v -0.544665 2.474733 0.816142
v -0.464422 2.463845 0.784472
v -0.528369 2.115547 0.219673
v -0.684463 2.146674 0.203818
v -0.655186 2.146526 0.219363
v -0.848194 2.608105 0.619413
v -0.404491 2.396345 0.751227
v -0.359317 2.360653 0.697481
v -0.332335 2.295846 0.580598
v -0.419692 2.136472 0.290834
v -0.193308 0.293515 -0.167641
v -0.317088 2.279049 0.168306
v -0.980224 2.513416 0.478528
v -0.975532 2.426083 0.295556
v -0.722255 2.270962 0.063024
v -0.289623 2.568004 0.712679
v -0.561830 2.622477 0.831213
v -0.812443 2.607306 0.732451
v -0.420018 2.598353 0.794865
v -0.231675 2.490618 0.582075
v -0.215234 2.427041 0.441283
v -0.884953 2.350383 0.162794
v -0.940826 2.572382 0.609830
v -0.683323 2.617519 0.811771
v -0.335156 2.287242 0.176698
v -0.960301 2.512381 0.475150
v -0.955110 2.436630 0.303762
v -0.714579 2.282733 0.078048
v -0.312020 2.567201 0.707430
v -0.565656 2.614027 0.807974
v -0.798178 2.601121 0.717856
v -0.429024 2.591055 0.778910
v -0.254248 2.492727 0.584782
v -0.496704 2.243479 0.050655
v -0.508503 2.606554 0.802306
v -0.863795 2.363225 0.172659
v -0.920091 2.565873 0.598674
v -0.678336 2.610962 0.790032
v -0.283277 3.855116 0.333564
v -0.502185 3.853794 0.222619
v -0.618727 3.841958 0.080321
v -0.572054 3.736916 -0.432931
v -0.662913 3.793943 -0.159799
v -0.281539 3.775233 -0.602706
v -0.429799 3.744740 -0.522891
v -0.296683 3.731735 0.336629
v -0.546874 3.737483 0.206154
v -0.678572 3.694164 -0.016872
v -0.686992 3.657677 -0.154697
v -0.555116 3.577481 -0.395901
v -0.264654 3.581347 -0.594066
v -0.424033 3.553801 -0.511836
v 0.790674 0.656749 2.241359
v 0.646849 0.751682 2.376747
v 0.470722 0.681018 2.033401
v 0.750541 0.637542 1.990107
v 0.435586 0.324333 2.681170
v 0.521468 0.466038 2.610457
v 0.460978 0.336875 2.537771
v 0.505704 0.447074 2.447504
v 0.490793 0.355263 2.433558
v 0.889153 0.368502 2.507926
v 0.845899 0.467262 2.503656
v 0.670537 0.305727 1.871258
v 0.458750 0.164083 2.700309
v 0.864783 0.264430 2.798378
v 0.716958 0.386937 2.889212
v 0.806006 0.427631 2.762700
v 0.564352 0.342237 2.893648
v 0.727191 0.306732 2.927220
v 0.441676 0.244658 2.700862
v 0.483630 0.314623 2.820729
v 0.476156 0.240239 2.866469
v 0.517459 0.281712 2.404634
v 0.559260 0.307480 2.276306
v 0.566720 0.254500 2.258426
v 0.572989 0.285713 2.005595
v 0.562194 0.343600 2.019695
v 0.661473 0.335466 1.859344
v 0.649422 0.389184 1.885870
v 0.907676 0.377001 2.039393
v 0.881511 0.436779 2.067133
v 0.905164 0.345806 2.242476
v 0.877738 0.403853 2.262152
v 0.446109 0.188647 2.705910
v 0.460621 0.197463 2.556840
v 0.460517 0.249330 2.555040
v 0.914663 0.321075 2.479251
v 0.922524 0.303304 2.647868
v 0.904752 0.341433 2.644149
v 0.866048 0.285365 2.805353
v 0.850936 0.324692 2.792985
v 0.738233 0.265162 2.940400
v 0.577849 0.235158 2.946237
v 0.572495 0.276163 2.932696
v 0.524231 0.227803 2.393383
v 0.477761 0.199226 2.878157
v 0.669913 0.229361 2.943783
v 0.654230 0.290878 2.941069
v 0.640409 0.363292 2.902717
v 0.663217 0.249668 2.954394
v 0.802559 0.316832 2.862490
v 0.756161 0.413432 2.831397
v 0.821819 0.256342 2.860620
v 0.820181 0.277222 2.870722
v 0.453690 0.315045 2.768973
v 0.449280 0.239297 2.787476
v 0.452504 0.190564 2.796869
v 0.549924 0.325077 2.135962
v 0.559306 0.268443 2.120868
v 0.726601 0.411827 1.856458
v 0.743418 0.360809 1.833489
v 0.847515 0.445339 2.615925
v 0.635926 0.503863 2.658220
v 0.771934 0.486763 2.639819
v 0.824192 0.576366 2.292831
v 0.497869 0.495502 2.329701
v 0.505678 0.526441 2.190483
v 0.514299 0.530341 2.047566
v 0.613082 0.511439 1.929359
v 0.845709 0.582760 2.111060
v 0.518882 0.538947 2.502250
v 0.764110 0.557885 2.545464
v 0.642357 0.571358 2.576339
v 0.806949 0.575790 2.052663
v 0.780738 0.564156 1.996775
v 0.685938 0.525734 1.909862
v -0.295374 0.301961 -0.033410
v -0.315972 0.388157 0.161869
v -0.177955 0.388294 0.218086
v 0.017147 0.415977 0.077001
v -0.093900 0.371734 -0.197203
v -0.246380 0.146561 0.600201
v -0.293260 0.251241 0.461274
v -0.176490 0.142258 0.471895
v -0.174127 0.224510 0.349435
v -0.135994 0.144525 0.369707
v -0.483000 0.041328 0.187134
v -0.467440 0.148096 0.186163
v 0.078275 -0.000953 0.016908
v -0.163436 -0.013989 0.517132
v -0.616014 -0.007305 0.629263
v -0.600951 0.133635 0.578206
v -0.594813 0.137915 0.418409
v -0.481189 0.137432 0.682844
v -0.617013 0.056505 0.620338
v -0.247797 0.070090 0.630585
v -0.369144 0.131163 0.681264
v -0.378069 0.065378 0.738480
v -0.123008 0.064764 0.349042
v -0.077548 0.068994 0.219447
v -0.061314 0.015264 0.213811
v 0.088832 0.027956 0.008306
v 0.081580 0.086686 0.003789
v 0.106175 0.039845 -0.168476
v 0.095607 0.104319 -0.164936
v -0.008361 0.034017 -0.267589
v -0.010577 0.099248 -0.270947
v -0.198069 0.015751 -0.189510
v -0.198892 0.081363 -0.181281
v -0.321489 -0.000968 -0.021097
v -0.324973 0.063716 -0.003420
v -0.243306 0.015760 0.645094
v -0.160960 0.010857 0.519772
v -0.169932 0.060131 0.506171
v -0.474446 -0.013213 0.161162
v -0.584160 -0.022414 0.290343
v -0.576034 0.019006 0.289013
v -0.638776 -0.013022 0.449219
v -0.627364 0.028219 0.439376
v -0.625467 0.014407 0.633753
v -0.503685 0.034617 0.740609
v -0.499132 0.074440 0.723671
v -0.110299 0.010754 0.349131
v -0.378645 0.026569 0.756222
v -0.568305 0.064270 0.678076
v -0.547817 0.135050 0.639656
v -0.575390 0.023144 0.692739
v -0.633992 0.039497 0.523411
v -0.598586 0.143557 0.504197
v -0.635274 -0.023983 0.524854
v -0.644588 -0.003019 0.528650
v -0.313952 0.137508 0.659154
v -0.307554 0.067872 0.693932
v -0.306358 0.021092 0.710775
v 0.028416 -0.004972 0.104288
v 0.017213 0.077704 0.109531
v 0.029046 0.022545 0.109150
v 0.053355 0.103409 -0.239998
v 0.056546 0.037679 -0.243028
v -0.535808 0.133460 0.276712
v -0.416454 0.255539 0.421058
v -0.502800 0.197116 0.330171
v -0.335829 0.231622 0.004838
v -0.103444 0.250504 0.250791
v -0.026272 0.270870 0.131316
v 0.061289 0.280191 0.011881
v 0.087142 0.292480 -0.155859
v -0.229195 0.230231 -0.160769
v -0.239339 0.291717 0.362999
v -0.451009 0.248930 0.243793
v -0.383921 0.295851 0.338216
v -0.146669 0.253668 -0.201647
v -0.085262 0.277000 -0.228233
v 0.048112 0.304462 -0.223361
v 0.002739 5.990432 0.550605
v -0.027391 6.034757 0.565189
v -0.081165 6.045809 0.557823
v -0.026932 5.965265 0.541098
v -0.158674 5.982328 0.546817
v -0.133848 6.029411 0.562691
v -0.126162 5.959531 0.537887
v -0.776517 4.807240 -0.035507
v -0.714025 5.043577 0.325341
v -0.723485 5.034044 -0.278147
v -0.782497 5.289100 -0.298776
v -0.707430 4.931610 0.047122
v -0.704733 4.932386 0.046789
v -0.935959 5.604620 -0.063099
v -0.929373 5.610530 0.056931
v -0.711506 4.824626 0.004212
v -0.835050 5.428319 -0.255251
v -0.875498 5.520707 -0.185399
v -1.175887 4.704789 0.098981
v -1.260810 4.836349 -0.235873
v -1.284054 4.803518 -0.102176
v -1.332077 3.973200 -0.198708
v -1.203934 4.226034 -0.140644
v -1.041153 4.755027 -0.337001
v -1.151338 4.806916 -0.345698
v -1.258433 4.759244 0.027324
v -1.063147 4.442062 -0.155396
v -1.457573 3.763251 -0.196837
v -1.601992 3.534895 -0.227293
v -1.715266 3.314361 -0.262929
v -1.959739 2.727267 -0.174275
v -1.974133 2.735788 -0.255946
v -2.017985 2.811098 -0.255810
v -1.930891 2.650966 -0.177901
v -1.851877 2.839144 -0.104492
v -1.746875 3.175552 -0.145816
v -1.781832 2.895053 -0.063515
v -1.788455 2.856693 -0.065250
v -1.797575 2.846583 -0.098614
v -1.893152 3.041754 -0.152008
v -1.870943 3.032872 -0.134422
v -1.848862 2.961173 -0.119255
v -1.866287 2.872201 -0.116474
v -1.857747 2.911555 -0.125537
v -2.016450 2.971263 -0.347382
v -1.951542 2.951118 -0.166917
v -1.923985 3.007911 -0.160801
v -1.915210 2.645250 -0.246803
v -1.997830 2.803397 -0.163725
v -1.993128 2.894133 -0.252924
v -1.980175 2.874017 -0.168576
v -2.043888 2.799702 -0.369569
v -1.933362 2.611107 -0.311568
v -1.983740 2.692746 -0.299083
v -1.997015 2.707099 -0.381614
v -1.904752 2.641955 -0.327024
v -1.941296 2.629598 -0.397799
v -2.008439 2.883880 -0.268759
v -2.046245 2.851833 -0.467816
v -1.953119 2.670063 -0.429912
v -1.991003 2.746268 -0.412104
v -1.959236 2.692921 -0.505600
v -1.933318 2.711202 -0.484822
v -2.002248 2.765057 -0.484978
v -2.021430 2.920574 -0.368854
v -1.979005 2.773056 -0.510294
v -1.954230 2.798897 -0.563951
v -2.030127 2.927224 -0.543615
v -2.010590 2.834952 -0.492508
v -2.016800 2.903406 -0.467539
v -1.984534 2.788439 -0.572930
v -2.031001 3.008669 -0.522447
v -2.018550 2.964208 -0.454239
v -2.005643 3.009676 -0.440640
v -1.942477 2.793266 -0.525530
v -1.924882 2.700114 -0.442388
v -1.901454 2.641240 -0.200577
v -1.766709 3.039301 -0.077758
v -1.775431 2.989227 -0.065142
v -0.140093 5.715983 0.359828
v -0.249144 5.880029 0.007141
v -0.279894 5.792413 0.234010
v -0.313988 5.854002 0.113109
v -0.296002 5.867765 0.056399
v -0.209364 5.740619 0.313816
v -0.676876 4.523901 -0.097488
v -0.718364 4.027727 -0.205819
v -0.869410 4.647334 -0.124575
v -0.912045 4.562536 -0.120299
v -0.925509 4.560780 -0.109515
v -0.698520 4.687390 -0.065206
v -0.738991 3.915183 -0.193931
v 0.714193 3.862998 -0.173824
v 0.655526 3.813530 -0.134561
v 0.736486 5.087517 0.264760
v 0.724682 5.046769 -0.060515
v 0.720152 5.043711 -0.053237
v 0.630402 5.250020 -0.330797
v 0.593765 5.530453 -0.261807
v 0.733179 5.771078 0.051263
v 0.612542 5.659359 -0.167584
v 0.713525 4.913074 -0.025729
v 0.651531 5.724866 -0.073537
v 1.245662 5.289647 -0.468074
v 1.228432 4.970953 -0.876341
v 1.413210 4.816374 -1.006023
v 1.227151 5.175032 -0.430198
v 1.097279 5.468281 -0.614004
v 1.089582 5.049678 -0.472516
v 0.887157 5.344073 -0.688240
v 0.960294 5.441848 -0.687817
v 1.073350 5.049347 -0.760687
v 0.970597 5.085165 -0.568276
v 0.900586 5.207142 -0.655312
v 1.982322 4.396184 -1.296679
v 1.602100 4.678411 -1.077464
v 1.808350 4.539308 -1.187203
v 2.429522 3.949136 -1.408332
v 2.439780 4.029213 -1.379338
v 2.423552 3.981779 -1.484809
v 2.360252 4.176822 -1.426568
v 2.386010 4.129230 -1.436931
v 2.437311 4.065863 -1.466492
v 2.229747 4.002182 -1.237022
v 2.280126 3.972867 -1.293797
v 2.304591 4.027569 -1.301933
v 2.274976 4.009222 -1.310321
v 2.281180 4.061351 -1.298142
v 2.319808 4.281476 -1.582472
v 2.301044 4.181334 -1.309341
v 2.403175 3.876050 -1.497406
v 2.431049 3.906723 -1.509809
v 2.397894 4.086209 -1.361466
v 2.344975 4.143116 -1.334475
v 2.418951 3.868227 -1.570751
v 2.438905 3.957554 -1.539427
v 2.429696 3.995146 -1.614896
v 2.410430 4.173775 -1.537449
v 2.442510 4.092948 -1.580427
v 2.361621 4.229388 -1.506132
v 2.375015 3.911448 -1.618947
v 2.446107 4.049951 -1.491657
v 2.402668 3.908284 -1.648023
v 2.400486 4.129885 -1.456431
v 2.406951 4.163575 -1.658677
v 2.404424 4.034854 -1.631767
v 2.374759 4.237342 -1.612584
v 2.375557 3.997238 -1.733494
v 2.354094 3.975130 -1.668085
v 2.349533 3.998385 -1.705942
v 2.412712 4.119493 -1.582120
v 2.350762 4.242293 -1.707004
v 2.322267 4.103339 -1.757223
v 2.351897 4.108057 -1.771651
v 2.358998 4.174728 -1.739781
v 2.344878 4.249361 -1.610023
v 2.327189 4.309981 -1.662905
v 2.361967 4.197803 -1.640463
v 2.305363 3.989692 -1.298970
v 2.213057 4.048356 -1.213055
v 2.256889 4.100472 -1.276694
v 2.248918 3.971098 -1.250610
v 2.162501 4.127841 -1.206571
v 2.248957 4.176455 -1.271984
v 2.321084 4.084589 -1.721265
v 2.190542 4.083755 -1.210167
v 0.088216 5.755558 0.320798
v 0.157461 5.810587 0.248366
v 0.019682 5.724005 0.363577
v -0.060121 5.709678 0.380189
v 0.188708 5.861285 0.151891
v -0.065549 5.902501 -0.050732
v 0.122243 5.879988 0.051106
v 0.169708 5.872114 0.099916
v 0.806740 5.070441 -0.311857
v 0.879936 5.066717 -0.543800
v 0.675852 4.565708 -0.103557
v 0.691141 4.228673 -0.211159
v 0.938427 5.036670 -0.617778
v 0.697579 4.756007 -0.076401
v 0.777780 5.727004 0.143491
v 0.209752 2.174437 1.191178
v 0.361394 1.749994 1.344094
v -0.455059 1.696335 0.640401
v -0.394231 1.528070 0.516568
v -0.487395 1.820481 0.664052
v -0.181550 1.252432 0.319213
v -0.181601 1.252572 0.319270
v -0.230126 1.333999 0.336451
v -0.089048 0.878563 0.165331
v -0.143911 1.137511 0.278134
v 0.398231 1.362412 1.436735
v 0.467972 1.031392 1.676685
v 0.412719 1.446433 1.391563
v -0.078158 2.942003 0.311233
v 0.578866 3.865734 0.061157
v 0.608182 3.703123 -0.398915
v 0.004009 3.814006 -0.593730
v 0.344075 3.755296 -0.571970
v 0.448352 3.886631 0.190254
v 0.227892 3.882827 0.305205
v 0.018381 2.764935 0.576674
v -0.037044 2.956563 0.327478
v 0.147004 2.494413 0.854237
v 0.199451 2.985060 1.018947
v 0.255279 3.020650 1.054595
v 0.707364 2.795608 0.776192
v 0.672812 2.919510 0.904643
v 0.129629 2.662392 0.611650
v 0.057173 2.941033 0.870114
v 0.405365 2.510777 0.476988
v 0.067849 2.780617 0.715915
v 0.162299 2.979832 1.000311
v 0.553272 2.542172 0.527110
v 0.449105 3.016134 1.073967
v 0.559179 2.965259 1.023122
v 0.054718 2.643126 0.710816
v 0.012440 2.865740 -0.321390
v -0.097260 3.483713 0.564029
v -0.033570 3.718138 0.387235
v -0.119617 3.072624 0.525237
v -0.112896 3.396055 0.626152
v -0.112599 3.249632 0.619515
v -0.079315 3.527546 0.512937
v 0.010031 3.568073 -0.623457
v -0.348922 2.224875 0.464597
v -0.885023 2.532968 0.295819
v -0.273608 2.467664 0.314149
v -0.237567 2.430104 0.442356
v -0.293499 2.630256 0.616538
v -0.468949 2.368844 0.047223
v -0.333251 2.389426 0.142212
v -0.265442 2.546634 0.468474
v -0.471963 2.637846 0.748225
v -0.513106 2.633621 0.751421
v -0.756233 2.441831 0.133861
v -0.627782 2.380729 0.049515
v -0.768060 2.638779 0.719048
v -0.673714 2.646746 0.759106
v 0.009569 3.583710 -0.611694
v -0.553944 3.749609 -0.426231
v -0.309430 3.790429 -0.571973
v -0.488543 3.856458 0.214276
v -0.659696 3.806535 -0.144795
v -0.020719 3.844258 0.358614
v 0.005307 3.791948 -0.610509
v 0.544655 0.711726 1.919405
v 0.793565 0.428427 1.873706
v 0.577521 0.229610 2.256845
v 0.750315 0.330226 1.847646
v 0.911501 0.344054 2.041685
v 0.909896 0.314475 2.239168
v 0.471535 0.174934 2.554900
v 0.920488 0.282510 2.641918
v 0.536860 0.203529 2.390765
v 0.464490 0.169706 2.796495
v 0.487475 0.181057 2.869819
v 0.584585 0.215244 2.936037
v 0.917284 0.295435 2.463455
v 0.740405 0.243708 2.929632
v 0.584478 0.258245 2.017201
v 0.570969 0.243536 2.115885
v 0.807514 0.375898 1.855707
v 0.810984 0.344143 1.871953
v 0.806364 0.632037 2.084993
v 0.476065 0.635761 2.242267
v 0.510755 0.714540 2.321518
v 0.725857 0.724952 2.346987
v 0.510366 0.570111 2.051724
v 0.594551 0.622297 1.934479
v 0.660955 0.618004 1.914734
v 0.724164 0.638516 1.940493
v 0.781986 0.631882 2.040411
v 0.755193 0.551362 1.936834
v -0.005360 0.510092 0.005689
v -0.024074 0.301446 -0.253658
v -0.063470 -0.011774 0.212072
v 0.097677 0.009525 -0.157660
v 0.048403 0.007344 -0.229000
v -0.198042 -0.016552 -0.178826
v -0.316753 -0.032406 -0.019034
v -0.244339 -0.011762 0.639092
v -0.574766 -0.041941 0.291900
v -0.629278 -0.032977 0.449564
v -0.569636 0.001167 0.685411
v -0.377009 0.005851 0.748342
v -0.113278 -0.016311 0.345363
v -0.461305 -0.039344 0.153530
v -0.498300 0.013027 0.733480
v -0.310958 -0.002395 0.708306
v -0.015049 0.003726 -0.249642
v -0.340170 0.358545 0.084887
v -0.074285 0.348605 0.181970
v 0.049049 0.318636 0.015332
v 0.002634 0.448855 -0.151571
v -0.142147 0.324548 -0.190739
v -0.057559 0.433654 -0.188366
v 0.028397 0.440230 -0.086583
v -0.037412 5.948826 0.651966
v -0.078699 5.947286 0.663537
v -0.033568 5.953046 0.651409
v 0.027991 5.957738 0.616683
v 0.029218 5.960192 0.610942
v 0.029354 5.947815 0.648176
v 0.031977 5.949375 0.645692
v -0.076036 5.958210 0.526655
v -0.119345 5.944713 0.650043
v -0.078589 5.944223 0.665419
v -0.123509 5.947818 0.648528
v -0.184787 5.949448 0.605921
v -0.183590 5.947115 0.611719
v -0.188071 5.938328 0.640529
v -0.185424 5.937032 0.643136
v 0.059863 5.771582 0.305236
v 0.099524 6.276387 0.051334
v -0.183858 5.759345 0.299520
v -0.260153 6.258330 0.042895
v -0.026728 5.417882 0.326958
v -0.030776 5.700542 0.367415
v 0.202639 5.685091 0.173293
v 0.209699 6.352917 0.164535
v -0.063535 5.416035 0.326094
v -0.089700 5.697584 0.366032
v -0.311057 5.659302 0.161231
v 0.100455 6.651278 0.102701
v -0.382610 6.323179 0.150638
v 0.121549 6.691195 0.162691
v 0.128302 6.749180 0.471154
v -0.301010 6.631121 0.093281
v -0.328778 6.668587 0.152125
v -0.048259 6.579668 0.799032
v -0.355724 6.724878 0.459798
v -0.178614 6.573123 0.795973
v -0.028121 6.028392 0.789456
v 0.029154 6.039335 0.735586
v -0.142994 6.022625 0.786761
v -0.198494 6.027905 0.730245
v 0.020480 6.325262 0.009262
v 0.148926 5.910427 0.282794
v 0.199180 6.319133 0.143026
v 0.148057 5.657744 0.260543
v -0.184518 6.314969 0.004453
v -0.284520 5.888666 0.272616
v -0.367767 6.290668 0.129724
v -0.258154 5.637350 0.251012
v 0.044860 6.735636 0.624782
v 0.120791 6.408687 0.760167
v 0.049718 6.630969 0.732107
v -0.278624 6.719395 0.617192
v -0.327694 6.386170 0.749644
v -0.277995 6.614516 0.724418
v 0.140623 6.626874 0.125936
v 0.191443 6.682840 0.374654
v 0.071339 5.932064 0.016191
v 0.108666 5.914330 0.389932
v 0.201862 6.135117 0.465395
v 0.200978 6.072284 0.383859
v 0.166925 6.486805 0.095131
v -0.339576 6.602766 0.114670
v -0.407323 6.652779 0.360605
v -0.196864 5.918605 0.009858
v 0.177024 5.558072 0.244167
v -0.249707 5.896338 0.381519
v -0.367093 6.106551 0.452046
v -0.356149 6.044314 0.370782
v -0.350254 6.460839 0.082996
v -0.279267 5.590580 0.246031
v 0.064460 6.784794 0.513454
v -0.070658 5.272829 0.288598
v 0.028561 5.826745 0.460333
v -0.297818 6.766605 0.504954
v 0.022053 5.281628 0.286001
v 0.098503 5.828081 0.299161
v -0.164904 5.817037 0.455770
v -0.227503 5.811712 0.291515
v -0.043175 6.358005 0.809290
v -0.066239 6.651078 0.766471
v 0.313003 5.692550 0.007239
v -0.005954 6.518241 -0.006386
v 0.059186 5.938573 0.650235
v -0.008069 5.877019 0.718099
v -0.161957 6.352041 0.806503
v -0.166370 6.646051 0.764121
v -0.413724 5.656075 -0.009863
v -0.176832 6.509663 -0.010395
v -0.214293 5.924843 0.643818
v -0.144467 5.870172 0.714899
v 0.137438 6.062938 0.158529
v 0.120932 6.035270 0.129591
v -0.060137 6.266562 0.807336
v 0.004421 6.788972 0.183291
v 0.136424 6.531864 0.693706
v 0.008688 6.129100 0.054014
v 0.127922 6.721439 0.531950
v -0.279743 6.038340 0.147785
v -0.259958 6.013541 0.120392
v -0.089685 6.850062 0.412277
v -0.135853 6.262761 0.805559
v -0.063851 6.815716 0.557304
v -0.223119 6.777548 0.177952
v -0.352454 6.507318 0.682236
v 0.013912 6.024065 0.743945
v -0.155254 6.120886 0.050091
v -0.003550 6.017672 0.741853
v -0.355414 6.697172 0.520609
v -0.146416 6.847213 0.410946
v -0.175439 6.810114 0.554686
v -0.182208 6.014220 0.739343
v -0.164114 6.009611 0.738086
v 0.197088 5.800771 0.145249
v 0.159011 5.907990 0.250512
v 0.146457 6.277748 0.083891
v 0.223801 6.449284 0.309700
v 0.225207 6.482650 0.257725
v 0.231545 6.307271 0.328246
v -0.311863 5.772988 0.130935
v -0.292810 5.885308 0.239902
v 0.243324 6.234032 0.238359
v 0.208295 6.332057 0.198654
v 0.250589 6.281500 0.217636
v 0.236482 6.308236 0.217296
v 0.233071 6.339662 0.288811
v 0.256178 6.326211 0.267752
v -0.308457 6.254908 0.073217
v 0.249326 6.428727 0.340356
v -0.108361 6.819977 0.208289
v -0.031997 6.846978 0.385717
v -0.413063 6.417308 0.294757
v -0.415370 6.450490 0.242695
v -0.407411 6.275190 0.313254
v -0.407581 6.201353 0.223087
v -0.380723 6.302485 0.184834
v -0.418584 6.247902 0.201935
v -0.407224 6.275917 0.202193
v 0.002146 5.806551 0.439145
v 0.104565 5.901724 0.347640
v 0.107115 5.911815 0.365933
v -0.410326 6.307359 0.273715
v -0.430960 6.291712 0.251630
v 0.262714 5.484464 -0.050341
v -0.137270 5.568616 -0.262749
v -0.437808 6.394228 0.324234
v -0.115301 6.819628 0.208127
v -0.202200 6.838434 0.381723
v 0.236907 5.762453 0.098907
v 0.236697 5.790317 0.073672
v -0.135853 5.799630 0.435871
v -0.242599 5.884295 0.339494
v -0.246883 5.894043 0.357625
v 0.046623 5.579606 -0.256062
v -0.363442 5.425035 -0.032799
v -0.349379 5.733029 0.085097
v -0.350780 5.760837 0.059819
v 0.030524 5.709924 0.319742
v 0.078145 5.663333 0.312107
v 0.198422 6.484809 0.142677
v -0.013964 5.798795 0.623179
v -0.149334 5.700894 0.315522
v -0.191642 5.649788 0.305777
v -0.383583 6.455588 0.129022
v 0.177748 6.316212 0.639721
v -0.065779 5.949073 0.750821
v -0.126867 5.793133 0.620495
v -0.057369 6.070474 0.793776
v -0.369410 6.288740 0.626883
v 0.049018 6.509551 0.790279
v 0.081423 6.410111 0.796574
v -0.095819 5.947565 0.750116
v -0.016048 6.617092 0.024777
v -0.033128 6.571648 0.001912
v 0.026207 5.665253 -0.232379
v 0.266508 6.373674 0.213669
v -0.004411 5.798143 -0.118786
v -0.118340 6.067412 0.792345
v 0.209932 6.209885 0.275185
v -0.267866 6.493641 0.782844
v -0.290413 6.391443 0.787850
v 0.232159 6.182929 0.311766
v 0.216502 6.209188 0.371177
v 0.206476 6.109617 0.355926
v 0.211109 6.147225 0.404911
v -0.178154 6.608954 0.020974
v -0.155559 6.565501 -0.000960
v -0.114743 5.658173 -0.235669
v -0.443448 6.338029 0.197012
v -0.102930 5.793176 -0.121006
v 0.010081 6.084174 0.058441
v 0.083828 6.795760 0.334621
v 0.293816 5.722700 -0.026990
v -0.373700 6.180582 0.261492
v -0.394803 6.151452 0.297056
v 0.026994 6.682077 0.705841
v -0.384650 6.179006 0.357073
v -0.073193 6.119868 0.861116
v 0.273321 6.403931 0.272932
v 0.261492 6.311716 0.252867
v -0.364005 6.080976 0.342541
v -0.374666 6.117815 0.391167
v 0.172808 5.751747 0.193670
v -0.052575 6.370571 -0.014180
v -0.021852 6.444033 -0.018731
v 0.093933 6.786088 0.434940
v -0.152366 6.076046 0.054509
v -0.309799 6.775997 0.325385
v 0.161303 6.138970 0.190077
v 0.152478 6.081747 0.184377
v -0.396071 5.688080 -0.043247
v -0.259298 6.667704 0.699124
v 0.225407 6.370332 0.367702
v 0.048057 6.123734 0.072320
v 0.086067 6.127978 0.095936
v 0.034943 6.191535 0.049214
v 0.182711 5.334470 0.212660
v 0.246785 6.247539 0.325695
v 0.247141 6.263918 0.271813
v -0.110708 6.117985 0.860236
v -0.456020 6.367313 0.255819
v -0.434094 6.276792 0.236547
v -0.289035 5.728560 0.182824
v 0.227763 6.297254 0.317332
v 0.225014 6.256648 0.314585
v 0.132548 5.534823 0.290887
v -0.115349 6.367419 -0.015653
v -0.153025 6.437446 -0.021809
v 0.150428 5.942301 0.110563
v 0.198862 6.222657 0.507508
v 0.211717 6.340875 0.488725
v -0.323567 6.765128 0.425145
v 0.095581 6.356738 0.744971
v 0.002375 6.261111 0.763392
v -0.062216 6.303862 0.798365
v -0.314003 6.114506 0.178900
v -0.297501 6.055300 0.172445
v 0.082279 6.015396 0.659173
v 0.138930 6.063210 0.598447
v 0.197739 6.063575 0.427775
v 0.180188 6.017836 0.446087
v 0.131136 6.720522 0.221812
v -0.409470 6.338457 0.352806
v -0.194700 6.111559 0.066569
v -0.233996 6.111875 0.088415
v -0.187373 6.180378 0.043980
v -0.416459 6.214241 0.310133
v -0.415932 6.230628 0.256256
v -0.402139 6.265629 0.302553
v -0.395214 6.225508 0.300032
v -0.231854 5.516528 0.282337
v -0.280479 5.919806 0.100707
v -0.024421 6.841761 0.321598
v -0.031046 5.772243 0.414620
v -0.374845 6.193854 0.494048
v -0.398577 6.310235 0.474406
v -0.025922 6.511160 0.810000
v -0.296727 6.337042 0.735766
v 0.114420 6.266567 0.717615
v 0.093663 6.154388 0.719293
v -0.195381 6.251183 0.758752
v 0.126643 6.351734 0.047686
v 0.095599 6.362820 0.028432
v -0.137101 6.300102 0.796608
v -0.245323 5.998949 0.651486
v -0.303572 6.040993 0.588065
v -0.354106 6.035869 0.414826
v -0.333063 5.992073 0.434021
v -0.344008 6.696667 0.210663
v -0.206208 6.832634 0.317333
v -0.050038 5.595259 0.297188
v 0.247208 6.231729 0.262077
v 0.256275 6.317054 0.236827
v 0.261963 6.286661 0.233776
v -0.098604 5.768854 0.413027
v 0.170284 5.874877 0.031682
v 0.225816 5.763328 -0.048965
v 0.231712 5.809362 0.047597
v -0.194469 6.502697 0.806045
v 0.262572 5.782238 0.037429
v -0.013331 6.129529 0.782435
v -0.042081 6.177448 0.840790
v -0.055086 6.227242 0.823161
v -0.305145 6.245502 0.707771
v -0.273363 6.135961 0.710682
v -0.065093 6.107258 0.800485
v -0.071664 6.133925 0.835889
v -0.024565 6.112843 0.790617
v -0.294478 6.330591 0.037805
v -0.263833 6.344775 0.019999
v -0.069071 6.615158 0.789114
v -0.004635 6.837378 0.440329
v -0.056731 5.594923 0.297031
v -0.412321 6.198617 0.246603
v -0.428693 6.282664 0.220756
v -0.431161 6.251862 0.217513
v -0.290830 5.851721 0.020882
v -0.331527 5.735362 -0.062113
v -0.346512 5.780350 0.033951
v -0.373992 5.750298 0.022409
v -0.167490 6.121788 0.778817
v -0.146443 6.172208 0.838341
v -0.137677 6.223094 0.821224
v -0.114660 6.104768 0.799322
v -0.112455 6.131876 0.834932
v -0.053769 5.913636 0.733257
v -0.155037 6.106292 0.787555
v 0.264024 5.741883 -0.030190
v 0.092571 5.772797 0.290333
v 0.139220 5.756315 0.241778
v 0.010261 6.721426 0.102082
v -0.040367 6.701753 0.067186
v -0.161018 6.610541 0.786956
v 0.129010 5.933950 0.327953
v -0.032623 6.333708 0.769803
v -0.230988 6.826014 0.435018
v 0.243844 6.205251 0.327630
v 0.236165 6.222411 0.291860
v -0.025948 6.012780 0.756579
v -0.103386 5.911147 0.732093
v 0.219388 6.607403 0.288560
v -0.368232 5.710157 -0.045101
v 0.241440 6.335711 0.335194
v -0.215873 5.757311 0.283097
v -0.258361 5.736353 0.232449
v 0.239634 6.336294 0.215698
v -0.218362 6.709948 0.096719
v -0.164442 6.695524 0.064275
v 0.003738 6.801719 0.550695
v -0.051063 6.773312 0.635203
v -0.269012 5.913972 0.318597
v -0.168165 6.326903 0.766623
v 0.021047 5.828164 0.648099
v -0.013683 5.826143 0.698691
v -0.409393 6.172453 0.312303
v -0.401806 6.190380 0.276892
v -0.142053 6.006950 0.753855
v -0.423518 6.575124 0.273476
v 0.238980 6.367587 0.223798
v 0.244250 6.401030 0.240743
v 0.226241 6.385809 0.235082
v -0.050096 5.772248 -0.165874
v -0.420418 6.302481 0.319665
v 0.059428 5.517308 0.312199
v 0.222777 6.253761 0.235961
v 0.221733 6.542062 0.234002
v -0.413091 6.303522 0.200384
v 0.214651 6.188411 0.347747
v 0.192573 6.544839 0.149694
v 0.202792 5.840997 0.059722
v 0.280527 6.426888 0.249723
v -0.062327 6.031311 0.031091
v -0.012592 5.975152 0.018190
v -0.240904 6.789436 0.544955
v -0.187548 6.766459 0.632000
v -0.050899 6.825764 0.231058
v 0.081750 6.572701 0.044476
v 0.033242 6.400992 -0.001292
v 0.115927 6.480272 0.041695
v -0.165531 5.818806 0.643677
v -0.133015 5.820156 0.695875
v 0.236788 6.279840 0.320348
v 0.240886 6.282930 0.329912
v -0.415953 6.334704 0.208431
v -0.425331 6.367412 0.225033
v -0.405644 6.354084 0.220257
v 0.156715 5.946902 0.136101
v 0.147062 5.996357 0.155128
v -0.052729 5.772100 -0.165861
v -0.158426 5.506371 0.307088
v -0.059043 6.091223 0.794355
v -0.041742 6.111706 0.800107
v -0.389023 6.223045 0.221607
v -0.301274 5.492008 0.234552
v 0.063696 6.040120 0.078075
v -0.361166 5.558178 0.102351
v -0.416755 6.510005 0.219021
v 0.092028 5.980902 0.064743
v -0.379635 6.158574 0.333804
v 0.226690 6.294626 0.295668
v 0.210031 6.284201 0.313647
v -0.384107 6.515886 0.136164
v -0.321400 5.814690 0.047373
v -0.464395 6.389487 0.232245
v -0.074001 6.030760 0.030664
v -0.117598 5.969915 0.015573
v 0.203984 6.642025 0.410948
v 0.193160 6.327273 0.593873
v 0.164086 6.400148 0.669364
v -0.174055 6.819580 0.228168
v -0.271830 6.554950 0.036180
v 0.171825 6.046314 0.259291
v 0.168871 6.025059 0.326822
v -0.020694 6.684273 0.730040
v 0.039508 5.822461 0.394090
v -0.204289 6.389068 -0.006864
v -0.296415 6.459570 0.032020
v 0.033303 6.321814 0.772360
v 0.054214 6.362873 0.769038
v 0.259857 6.450649 0.305597
v 0.256380 6.452724 0.291928
v -0.409507 6.247391 0.305184
v -0.414337 6.250033 0.314539
v -0.285992 5.920788 0.124517
v -0.281442 5.969630 0.143253
v -0.118780 6.088223 0.792953
v -0.138295 6.106860 0.797842
v -0.202273 6.026760 0.071823
v -0.224236 5.965014 0.057368
v -0.061774 5.984554 0.771151
v -0.054230 5.968351 0.766085
v -0.399796 6.263173 0.280969
v -0.383037 6.254426 0.299732
v -0.417399 6.610826 0.396369
v -0.383690 6.298312 0.580339
v -0.365621 6.373553 0.656935
v -0.317056 6.019153 0.245090
v -0.317076 6.000667 0.315387
v -0.213254 6.674605 0.725522
v -0.172459 5.811825 0.389091
v -0.055395 5.792641 0.456579
v -0.010096 5.806732 0.501220
v -0.232616 6.308463 0.766120
v -0.257353 6.347229 0.761728
v -0.448844 6.415066 0.288969
v -0.444956 6.417512 0.275473
v 0.002945 6.163317 0.785473
v 0.048144 6.125267 0.750219
v -0.017141 5.572119 0.304481
v -0.062060 6.336513 0.805489
v -0.075956 6.301126 0.809832
v 0.068875 5.902475 0.624223
v 0.181571 6.421881 0.595999
v 0.162265 6.637813 0.585314
v -0.006205 5.985975 0.744509
v 0.054795 6.347010 0.769985
v 0.053252 6.324266 0.770709
v -0.104302 5.982419 0.770153
v -0.109941 5.965554 0.764778
v 0.030360 5.446211 0.329768
v -0.047364 6.137146 0.818181
v -0.031991 6.131792 0.830370
v 0.261200 6.428995 0.289554
v 0.267750 6.442078 0.299372
v 0.265596 6.409741 0.254142
v 0.263964 6.424503 0.273355
v 0.240235 6.385929 0.349855
v 0.224796 6.397148 0.327059
v 0.263559 6.384415 0.284001
v 0.243974 6.384068 0.293473
v 0.273703 6.379268 0.256907
v -0.078219 5.791496 0.456038
v -0.126410 5.800901 0.498455
v 0.250387 6.241510 0.236851
v 0.264471 6.293089 0.224586
v -0.187191 6.153771 0.781012
v -0.226655 6.111470 0.743772
v 0.256342 6.372185 0.292596
v -0.087451 5.568589 0.302831
v 0.176658 5.790404 -0.040664
v -0.140858 6.332558 0.803640
v -0.123708 6.298728 0.808712
v 0.218418 6.244604 0.377791
v -0.219203 5.888021 0.617426
v -0.381743 6.393598 0.582782
v -0.383671 6.610403 0.572504
v -0.158427 5.978333 0.740938
v -0.256156 6.335718 0.743590
v -0.252610 6.308908 0.763533
v -0.123240 5.438499 0.326164
v -0.136099 6.132690 0.816099
v -0.151413 6.125795 0.827568
v -0.447260 6.393425 0.272932
v -0.455539 6.405765 0.282402
v -0.448045 6.373912 0.237398
v -0.448799 6.388717 0.256632
v 0.194411 6.240729 0.216755
v 0.208195 6.264862 0.226399
v -0.424933 6.352533 0.334249
v -0.409646 6.365294 0.312173
v -0.444882 6.348845 0.267379
v -0.425826 6.350441 0.277757
v 0.185968 6.315081 0.114115
v 0.175302 6.378694 0.092714
v -0.453182 6.342772 0.239852
v -0.415279 6.208090 0.221233
v -0.433867 6.258028 0.208202
v -0.436887 6.337380 0.276331
v -0.285769 5.767198 -0.051557
v -0.390410 6.214037 0.363507
v 0.293104 5.683515 0.036436
v 0.151221 6.471986 0.705065
v 0.119834 6.330505 0.715792
v 0.208831 6.554968 0.191738
v 0.039184 6.574572 0.024211
v -0.358628 6.212964 0.203780
v -0.375195 6.235570 0.212711
v 0.198768 5.844711 0.100997
v 0.213304 6.257178 0.403006
v -0.352878 6.288029 0.101472
v -0.347645 6.352438 0.080444
v -0.014675 6.153198 0.823506
v -0.041462 6.147341 0.845359
v -0.060235 6.151999 0.873877
v 0.134032 5.622748 0.290123
v 0.034692 5.865801 -0.047331
v -0.058420 6.793909 0.159713
v 0.259331 6.444674 0.261107
v 0.270490 6.449658 0.265768
v 0.281575 6.385433 0.217498
v 0.284131 6.376981 0.224876
v -0.394408 5.649006 0.020261
v -0.361697 6.446234 0.693031
v 0.043117 5.947567 0.018639
v -0.316841 6.308580 0.705546
v -0.403246 6.524238 0.177377
v 0.001124 6.466701 0.819760
v -0.228764 6.561118 0.017924
v 0.026692 6.429055 0.821359
v -0.319567 5.818692 0.088816
v -0.387765 6.226999 0.388903
v -0.170445 6.145377 0.819851
v -0.144258 6.142180 0.842947
v -0.127400 6.148627 0.872302
v -0.242095 5.603865 0.281299
v 0.152616 6.736499 0.413305
v -0.151509 5.856452 -0.051700
v -0.160054 6.788807 0.157329
v 0.242962 6.261143 0.254499
v 0.233834 6.239862 0.270007
v -0.051654 5.697226 0.371317
v -0.445641 6.409278 0.244567
v -0.457449 6.413111 0.248689
v 0.036333 6.022110 0.057861
v -0.005970 6.036064 0.045860
v -0.085005 6.055574 0.789145
v 0.182515 5.845567 0.164030
v 0.172024 5.906285 0.154955
v -0.459779 6.348212 0.200104
v -0.461819 6.339529 0.207374
v -0.054074 6.725830 0.083303
v 0.155072 6.334655 0.074179
v -0.013979 5.638373 -0.254967
v 0.047438 6.073730 0.076377
v 0.078142 6.063253 0.095042
v -0.068130 6.481393 -0.023055
v -0.170385 5.936879 0.013491
v -0.040649 5.871066 0.734988
v -0.217355 6.455731 0.814633
v -0.239074 6.415711 0.815123
v 0.270814 6.431966 0.241161
v 0.282430 6.421357 0.235692
v 0.135004 6.667321 0.602244
v 0.191377 5.854932 0.041060
v -0.375914 6.709962 0.400904
v -0.410691 6.228325 0.239163
v -0.400214 6.208028 0.255131
v 0.112439 5.756959 0.275450
v -0.068800 5.696365 0.370915
v 0.110323 5.880419 0.316275
v 0.197734 6.368674 0.125408
v 0.172780 6.566167 0.127743
v -0.172397 6.011665 0.052811
v -0.131168 6.029816 0.042757
v 0.006654 6.814502 0.245165
v 0.237351 6.211572 0.364135
v 0.242945 6.222291 0.325566
v -0.089166 6.055366 0.789048
v 0.237343 6.238984 0.351449
v 0.236759 6.260918 0.341943
v -0.300788 5.817029 0.148296
v -0.295730 5.876991 0.140509
v 0.250176 6.198923 0.302121
v 0.241291 6.188337 0.336327
v -0.153983 6.720814 0.080959
v -0.322263 6.310690 0.062980
v 0.165839 6.246400 0.667331
v 0.143046 6.194649 0.689096
v 0.162763 5.774501 -0.096301
v 0.167553 6.689858 0.244892
v -0.071055 5.635508 -0.256306
v 0.198921 6.651428 0.268011
v -0.189255 6.061720 0.070811
v -0.219499 6.047700 0.088222
v 0.117696 5.998118 0.107067
v 0.137633 5.935118 0.070972
v -0.110568 6.479262 -0.024051
v -0.112265 5.867470 0.733308
v -0.053180 6.033257 0.801259
v -0.454849 6.395532 0.224135
v -0.465076 6.383827 0.218154
v -0.360323 6.642452 0.590623
v -0.310463 5.829742 0.029258
v 0.021652 6.461942 -0.007367
v 0.082837 6.428317 0.017251
v 0.054783 6.505842 0.011147
v -0.233383 5.739596 0.267337
v -0.244938 5.862583 0.307937
v 0.097359 6.672155 0.646900
v -0.370465 6.340146 0.112076
v -0.018777 6.133125 0.825710
v -0.022312 6.120194 0.815345
v 0.098968 6.504799 0.754566
v -0.365544 6.539139 0.115113
v 0.201619 6.572380 0.473919
v -0.230788 6.802581 0.239594
v -0.405280 6.179307 0.349057
v -0.410110 6.189503 0.310243
v 0.155290 5.969819 0.418108
v -0.407424 6.206611 0.336321
v -0.408594 6.228517 0.326801
v -0.035016 5.789386 0.441635
v 0.134127 6.761356 0.363724
v 0.240031 6.317853 0.317568
v 0.252635 6.348890 0.283476
v 0.229433 6.346051 0.317083
v 0.241111 6.365495 0.325986
v 0.243097 6.369988 0.348787
v -0.413860 6.165584 0.286541
v -0.405570 6.155861 0.321150
v -0.351877 6.220407 0.655184
v -0.325061 6.171147 0.678114
v -0.267764 5.752892 -0.106429
v 0.169291 5.886322 0.190198
v -0.378212 6.662456 0.232087
v -0.406622 6.621026 0.253804
v 0.046398 6.747542 0.151281
v 0.111324 6.436419 0.774527
v -0.252946 5.978440 0.098686
v -0.265770 5.914849 0.061576
v 0.089029 6.188075 0.076448
v -0.119128 6.029947 0.799712
v 0.185555 6.075664 0.494313
v 0.240511 6.374690 0.330957
v 0.188844 6.251005 0.599265
v -0.198587 6.450884 -0.012535
v -0.257182 6.411245 0.009273
v -0.236776 6.491203 0.004307
v -0.325482 6.650925 0.636979
v -0.164462 6.125811 0.822292
v -0.159168 6.113322 0.812134
v -0.315364 6.483997 0.744845
v -0.411023 6.541621 0.459545
v 0.033099 6.277950 0.756171
v -0.302503 5.946841 0.407334
v 0.080719 6.312454 0.746522
v -0.097496 5.786252 0.440157
v -0.357706 6.736663 0.352185
v 0.008235 6.314035 0.756380
v -0.416405 6.284896 0.302166
v -0.430444 6.314595 0.267449
v -0.408673 6.314013 0.302111
v -0.422641 6.332170 0.310413
v -0.426132 6.336390 0.333085
v -0.293953 5.858986 0.175130
v -0.259194 6.732198 0.144111
v -0.321733 6.414677 0.764367
v -0.242056 6.171453 0.068674
v -0.346287 6.048962 0.481834
v -0.074805 6.131892 0.825189
v -0.018828 5.846874 0.717538
v -0.423198 6.341367 0.315385
v -0.372018 6.222845 0.586106
v 0.117057 6.767023 0.292312
v 0.101338 6.765118 0.251666
v -0.227264 6.264879 0.750062
v -0.277595 6.294465 0.738116
v -0.206175 6.303270 0.751350
v -0.095096 6.629507 0.020245
v -0.095478 6.804495 0.590101
v -0.089746 6.338455 0.815768
v -0.062166 6.378160 0.827027
v -0.083307 6.852427 0.342130
v 0.032491 6.220719 0.757738
v 0.141100 6.114767 0.625916
v 0.270530 6.372241 0.274489
v -0.108628 6.130193 0.824396
v -0.130771 5.841255 0.714906
v 0.221288 6.404506 0.382227
v -0.013634 5.810670 0.674762
v 0.226398 6.333806 0.301863
v -0.337968 6.744177 0.281635
v -0.320253 6.743952 0.241774
v 0.143824 5.976388 0.342702
v -0.100620 6.629230 0.020115
v -0.144417 6.802037 0.588952
v -0.114017 6.337236 0.815199
v -0.145929 6.373954 0.825061
v -0.149711 6.849092 0.340572
v -0.079761 6.257489 0.828726
v -0.221004 6.207992 0.751790
v -0.093335 6.309400 0.813541
v 0.178018 6.620262 0.177971
v -0.011197 6.775961 0.613430
v -0.312175 6.092009 0.615281
v -0.450147 6.336058 0.257580
v 0.024914 5.659585 0.311904
v 0.051294 5.701872 0.308443
v -0.044472 6.311174 0.772334
v -0.409476 6.372837 0.367427
v 0.095744 5.519718 0.309495
v -0.130518 5.804807 0.671994
v -0.000981 6.630047 0.764358
v -0.080163 6.116375 0.843357
v -0.403718 6.302171 0.287079
v 0.145554 6.344500 0.682673
v 0.167225 6.345072 0.656444
v -0.288354 5.954696 0.332534
v -0.030741 5.800914 0.473181
v 0.057259 6.775441 0.205257
v 0.077531 6.742737 0.174352
v 0.221300 6.263345 0.322089
v 0.183955 6.071987 0.303935
v 0.238203 6.351477 0.332928
v 0.128563 6.108355 0.143704
v -0.116441 6.255647 0.827865
v -0.107437 6.308692 0.813211
v -0.378515 6.592320 0.164913
v -0.226416 6.765155 0.608380
v 0.223572 6.387632 0.324284
v -0.024435 6.834259 0.481368
v 0.012076 6.822274 0.489049
v -0.138352 5.651388 0.308073
v -0.168642 5.690829 0.303283
v -0.154251 6.305663 0.769759
v -0.194634 5.505139 0.302682
v 0.250289 6.233490 0.251099
v -0.229024 6.618598 0.759008
v -0.102600 6.115249 0.842831
v 0.138369 6.156178 0.137649
v 0.224645 6.443851 0.334300
v 0.223087 6.424715 0.269364
v -0.048754 5.514240 0.317453
v 0.092886 6.432225 0.790744
v 0.274146 6.344917 0.223977
v 0.261446 6.350198 0.234580
v -0.003091 5.716503 0.353360
v -0.342255 6.320008 0.671228
v -0.362623 6.318470 0.644012
v -0.014027 5.631380 0.310185
v -0.104193 5.797231 0.471439
v -0.338339 5.521388 0.160309
v 0.211602 6.641005 0.346923
v -0.275306 6.758743 0.197454
v -0.290735 6.724248 0.165711
v -0.392544 6.232525 0.307687
v -0.335038 6.045271 0.291041
v -0.418673 6.318498 0.317516
v -0.275880 6.086555 0.134098
v 0.054667 6.798182 0.259748
v 0.218254 6.391465 0.234360
v 0.215997 6.352831 0.213589
v -0.021090 6.094943 0.779217
v 0.232742 5.645592 0.113165
v 0.265296 5.669513 0.071611
v -0.013256 6.068856 0.773565
v -0.407347 6.355956 0.309481
v -0.212918 6.824796 0.476945
v -0.248364 6.809198 0.482938
v 0.002992 5.921543 -0.007355
v 0.175908 5.894933 0.115649
v -0.415046 6.200085 0.235488
v 0.173626 6.672813 0.509336
v 0.005753 6.351011 0.739190
v 0.010012 6.336124 0.765144
v 0.267028 6.410146 0.293582
v -0.290763 6.134626 0.127589
v -0.414510 6.411762 0.319304
v -0.408007 6.393029 0.254558
v -0.050844 5.514135 0.317404
v 0.041907 5.608593 0.315719
v -0.007666 6.136183 0.809356
v 0.171090 6.028972 0.494064
v 0.032710 5.886208 0.682023
v -0.303747 6.412313 0.781439
v 0.028362 6.303739 0.759800
v 0.051104 6.301779 0.758674
v -0.448642 6.308626 0.207018
v -0.437045 6.315129 0.218192
v -0.118156 5.710726 0.350660
v 0.115338 6.218619 0.721164
v -0.096746 5.627227 0.308244
v -0.421874 6.609200 0.332060
v 0.217261 6.425673 0.435449
v 0.211039 6.315641 0.207029
v 0.111427 6.606404 0.690865
v -0.277556 6.781502 0.251953
v -0.018493 6.237622 0.025560
v -0.398238 6.360513 0.219896
v -0.391156 6.322347 0.199343
v -0.156166 6.088162 0.776048
v -0.337331 5.671385 0.116786
v -0.367014 5.637774 0.056743
v -0.161075 6.061435 0.770097
v 0.230416 6.205131 0.268562
v 0.165049 5.940639 0.210590
v -0.066228 6.472087 0.819566
v 0.065852 6.388068 0.791703
v 0.000153 6.396326 0.824273
v 0.083045 6.283895 0.745661
v -0.002638 5.927768 0.711738
v -0.126983 5.915035 -0.010490
v -0.300935 5.869570 0.104282
v -0.394912 6.644269 0.495997
v -0.232361 6.339775 0.763707
v -0.210563 6.325049 0.759969
v 0.145470 6.389129 0.709270
v -0.451354 6.374077 0.276727
v -0.070865 6.729668 0.695742
v -0.150315 5.598942 0.311209
v -0.175046 6.127780 0.805429
v -0.327271 6.003951 0.482367
v -0.184270 5.875317 0.676920
v -0.101278 6.838425 0.486723
v -0.225308 6.291003 0.753848
v -0.247662 6.286779 0.751664
v 0.241811 6.264399 0.283201
v -0.301423 6.197695 0.711386
v -0.037218 6.291108 0.768834
v 0.167301 6.011850 0.279544
v 0.101902 5.722079 0.286994
v -0.410083 6.394177 0.420730
v 0.199605 6.154085 0.319148
v -0.382199 6.285857 0.193110
v -0.334939 6.583993 0.680393
v 0.099132 6.335353 0.729606
v 0.063413 6.664402 0.085839
v -0.137772 6.231634 0.022761
v 0.141897 6.604247 0.655397
v -0.393272 6.173818 0.253929
v 0.211832 6.201744 0.377304
v 0.232963 6.443158 0.299785
v 0.223612 6.440070 0.290830
v 0.276271 6.445593 0.269531
v -0.296015 5.912911 0.195266
v -0.150946 6.467834 0.817578
v -0.272502 6.371080 0.783764
v -0.209557 6.385796 0.819353
v -0.277008 6.265817 0.737213
v 0.202507 5.820329 0.123516
v -0.154614 5.920138 0.708173
v 0.219207 6.592773 0.375014
v 0.107622 6.375831 0.755497
v -0.006925 6.157906 0.793587
v -0.347883 6.364359 0.697695
v -0.166331 6.724875 0.693502
v -0.022607 6.407784 0.833224
v -0.137212 6.836620 0.485880
v 0.027713 6.025798 0.724193
v -0.082713 6.013120 0.797190
v -0.411216 6.231612 0.267879
v -0.159287 6.284978 0.765969
v -0.311583 5.987261 0.267087
v 0.035568 5.862763 0.668171
v -0.219959 5.705919 0.279443
v 0.142525 6.422645 0.731736
v 0.147451 6.749085 0.355808
v -0.040714 5.620832 0.306983
v -0.359907 6.125993 0.306020
v 0.069589 5.775324 -0.108871
v -0.029542 5.979670 0.759869
v 0.222698 6.301750 0.361276
v 0.077222 6.046851 0.681145
v 0.082496 6.094767 0.705642
v -0.297397 6.315445 0.720302
v 0.026298 6.829982 0.393902
v 0.113765 5.881604 -0.014503
v -0.264720 6.647927 0.078140
v 0.025507 5.976254 0.716178
v -0.047164 6.763304 0.120004
v 0.227772 6.302270 0.287360
v -0.363346 6.578879 0.643543
v 0.236429 6.304207 0.274189
v 0.025947 6.088145 0.747441
v 0.186451 6.566904 0.577678
v 0.165710 6.468734 0.672432
v 0.213946 6.492315 0.185077
v -0.379550 6.172052 0.363429
v 0.045101 5.840033 0.436528
v -0.421092 6.410320 0.284439
v -0.411071 6.408205 0.275939
v -0.462964 6.408479 0.252187
v 0.155985 5.845623 0.227298
v 0.153710 5.976972 0.303826
v 0.053432 6.815639 0.426602
v 0.126387 6.554414 0.070799
v -0.319502 5.792502 0.110061
v -0.020864 5.519021 0.320184
v -0.425918 6.560384 0.359878
v -0.311098 6.354809 0.745673
v -0.177219 6.149356 0.789592
v -0.017656 6.324829 0.755540
v -0.188502 6.399455 0.829331
v -0.195173 6.014608 0.718963
v 0.202816 6.184065 0.313448
v -0.087570 6.012877 0.797076
v 0.210690 6.188483 0.313835
v 0.159162 5.978881 0.180902
v 0.234310 6.442466 0.325361
v 0.226584 6.408563 0.364272
v -0.184194 5.851737 0.662985
v 0.053926 6.804980 0.477718
v 0.184232 6.179553 0.543950
v 0.080891 6.022323 0.082278
v 0.271027 5.462947 -0.009728
v -0.349362 6.397948 0.720195
v -0.081448 6.113992 0.827203
v 0.029857 5.929652 0.685721
v -0.369350 6.723138 0.343683
v -0.069016 5.619411 0.306318
v -0.174656 5.763050 -0.114552
v -0.135320 5.974359 0.757387
v -0.399611 6.270506 0.346675
v 0.112729 6.165684 0.103701
v -0.244473 6.030699 0.673597
v -0.255657 6.077790 0.697708
v -0.258819 6.815668 0.387213
v -0.233071 5.864184 -0.022611
v -0.187646 5.965552 0.711177
v -0.166320 6.757323 0.117209
v -0.401248 6.270689 0.272601
v -0.409430 6.271781 0.259035
v -0.011240 6.323664 0.745333
v -0.200747 6.076762 0.742122
v -0.400254 6.537448 0.563913
v -0.374245 6.441623 0.659763
v 0.226166 6.550405 0.309433
v -0.401747 6.461403 0.170631
v -0.046353 6.092688 0.042827
v -0.181539 5.828663 0.431175
v 0.158907 6.704065 0.497406
v -0.056715 6.131611 0.849393
v -0.043053 5.811948 0.701853
v 0.241573 6.186174 0.306052
v -0.282896 5.823590 0.216995
v -0.296427 5.954380 0.293230
v -0.285881 6.798603 0.418641
v -0.315595 6.532222 0.060428
v -0.079171 5.516092 0.318816
v 0.141074 6.287449 0.693626
v 0.146524 6.236709 0.697330
v 0.055116 5.857811 0.609904
v 0.132107 6.405853 0.048392
v 0.208179 6.186363 0.352624
v -0.181483 6.316604 0.751697
v 0.203600 6.205807 0.278989
v -0.354829 5.447563 -0.072797
v 0.224709 6.396000 0.315689
v -0.365833 6.155516 0.300106
v -0.374119 6.159121 0.300114
v -0.290912 5.948793 0.166239
v -0.093645 6.846619 0.287295
v -0.423558 6.409437 0.309925
v -0.414306 6.376386 0.349235
v 0.245628 6.409879 0.351065
v 0.249039 6.417827 0.339849
v 0.231429 6.185856 0.344784
v 0.229859 6.382892 0.308147
v 0.188895 6.684362 0.314549
v -0.287696 6.787828 0.469703
v -0.357693 6.152344 0.531235
v -0.217899 6.007318 0.075287
v 0.237034 5.374031 0.148135
v -0.100328 6.113043 0.826760
v -0.185894 5.918820 0.680659
v -0.017306 6.252718 0.776435
v -0.264645 6.146738 0.094848
v -0.187266 6.314826 0.741203
v -0.425525 6.517686 0.294143
v -0.044733 5.798360 0.672039
v -0.096393 6.090202 0.041534
v -0.073351 6.557854 -0.007112
v -0.382854 6.676865 0.484695
v -0.127712 6.128047 0.847727
v -0.102575 5.808963 0.700448
v -0.404217 6.153750 0.290900
v 0.031452 6.773335 0.579055
v -0.332603 6.263668 0.682512
v -0.333113 6.212628 0.686076
v 0.081201 5.726374 0.296864
v 0.131459 5.832253 0.270348
v -0.200582 5.844988 0.603841
v -0.305360 6.383889 0.038128
v -0.373226 6.157173 0.338983
v 0.027604 5.637798 0.308929
v -0.367177 6.177151 0.265597
v 0.137371 5.883694 0.006419
v 0.213825 6.283010 0.321161
v -0.022285 6.183647 0.806885
v 0.095749 6.084169 0.111357
v -0.408913 6.364187 0.300823
v 0.051652 6.015923 0.700709
v 0.086252 6.346464 0.751019
v 0.044221 5.789178 0.337286
v -0.083250 6.701148 0.725393
v -0.072363 6.003088 0.782434
v 0.164325 6.202326 0.651391
v -0.074067 6.181174 0.875627
v -0.136289 6.844478 0.286295
v -0.432748 6.375819 0.335148
v -0.436408 6.383413 0.323766
v -0.395915 6.154358 0.330064
v 0.081085 5.878365 0.503726
v 0.109803 5.784307 -0.094405
v -0.412366 6.350648 0.293079
v -0.006127 5.781014 0.403052
v -0.402132 6.654690 0.300683
v -0.054031 6.132543 0.811767
v 0.035006 5.825704 0.567315
v 0.032975 6.638444 0.052533
v -0.035551 6.165250 0.037899
v 0.124635 6.125181 0.667114
v 0.117078 5.974136 0.566194
v 0.168575 6.579771 0.620278
v -0.175590 6.244771 0.772722
v -0.047133 6.011545 0.762913
v -0.098303 5.795673 0.670769
v 0.213666 6.266948 0.308425
v 0.231596 6.259863 0.329656
v -0.113779 6.555823 -0.008061
v 0.268531 6.343269 0.211450
v 0.033286 5.546871 0.326766
v 0.006104 5.806661 0.603995
v -0.082654 6.155676 0.885755
v -0.266933 6.758355 0.572055
v -0.200277 5.712241 0.290260
v 0.063080 6.180150 0.746090
v 0.126394 5.701896 0.267476
v -0.259309 5.812635 0.261174
v 0.015019 6.021028 0.723835
v -0.067994 6.131305 0.872987
v 0.083878 6.250686 0.734144
v -0.138706 5.629447 0.305027
v 0.266501 6.389758 0.241851
v -0.257767 5.863850 -0.002837
v -0.066264 6.428058 0.829135
v -0.044033 5.835699 0.723131
v 0.085955 6.307001 0.745863
v 0.176258 5.522192 0.269138
v -0.387040 6.252842 0.307064
v -0.165151 6.176473 0.803533
v -0.239662 6.066346 0.103594
v 0.183625 6.019685 0.400567
v -0.216878 6.002442 0.694409
v 0.004326 5.667032 0.323131
v -0.286710 6.327739 0.742268
v 0.244055 6.415852 0.321569
v -0.171404 5.778349 0.332238
v -0.152553 6.697668 0.723767
v -0.011000 6.308999 0.754269
v -0.096161 6.001894 0.781876
v -0.038004 6.016983 0.781483
v -0.345214 6.176743 0.639436
v -0.116655 6.179036 0.874628
v -0.049476 5.877281 -0.042274
v -0.054240 5.763732 0.416639
v -0.223763 5.863073 0.496511
v -0.216200 5.767936 -0.102034
v -0.123646 5.775115 0.400295
v 0.117192 5.927602 0.496687
v 0.232306 6.428106 0.277292
v 0.165716 6.054875 0.223159
v 0.247175 6.247293 0.289165
v -0.128713 6.128792 0.810014
v -0.175720 5.815139 0.562300
v -0.230312 6.625226 0.046356
v -0.114151 6.161312 0.036023
v 0.180191 6.221939 0.180997
v -0.298780 6.103923 0.657179
v -0.063273 6.002359 0.764807
v -0.271469 5.954629 0.557072
v -0.385768 6.551938 0.607271
v -0.121170 6.007827 0.761176
v -0.384678 6.236907 0.294386
v -0.402782 6.228013 0.314772
v -0.442311 6.307580 0.194772
v -0.136084 5.538366 0.322792
v -0.146752 5.798999 0.600360
v -0.106042 6.154502 0.885207
v -0.246800 6.164593 0.738820
v -0.241368 5.683432 0.258847
v -0.182062 6.011133 0.719211
v -0.117575 6.128815 0.871824
v -0.273973 6.232719 0.725748
v -0.446369 6.353968 0.225125
v -0.146950 6.424007 0.827242
v -0.104868 5.832645 0.721700
v -0.282222 6.288516 0.737224
v -0.273014 5.499637 0.258597
v -0.334600 5.993674 0.388375
v -0.119160 5.660831 0.320234
v -0.430402 6.381990 0.305744
v -0.186455 6.300190 0.750153
v -0.131656 6.012281 0.779286
v -0.069081 5.876294 -0.042723
v -0.074861 5.762698 0.416153
v -0.264009 5.908465 0.487733
v -0.417880 6.395463 0.262037
v -0.308925 6.026345 0.208618
v -0.415113 6.214041 0.273626
v -0.340942 6.195775 0.168770
v -0.104298 6.000299 0.763844
v -0.067655 6.022611 0.026338
v -0.051912 5.778315 -0.157731
v -0.056422 5.836445 -0.084314
v -0.076625 5.872630 0.734117
v -0.095948 6.191309 0.876174
v -0.101324 6.327731 0.813371
v -0.092041 6.119119 0.864122
v -0.059093 5.680760 0.357100
v -0.085199 6.014090 0.797255
v -0.085151 6.013420 0.796642
v -0.059322 5.879213 -0.045053
v -0.118886 6.841158 0.463212
v -0.089474 6.097824 0.800270
v -0.065218 5.772321 0.426627
v -0.089520 6.098285 0.801252
v -0.049819 5.514574 0.317422
v -0.051313 5.770863 -0.167324
v -0.051456 5.772737 -0.165222
v -0.087149 6.056612 0.789363
v -0.077636 5.893168 0.733521
v -0.078592 5.912854 0.732294
v -0.119849 6.784481 0.625527
v -0.094664 6.162575 0.882942
v -0.095914 6.190493 0.876442
v -0.066949 5.793736 0.459102
v -0.044999 5.412710 0.329959
v -0.108646 6.786046 0.144685
v -0.068170 6.031345 0.030632
v -0.053341 5.594021 0.297548
v -0.092676 6.540580 -0.010684
v -0.091780 6.117740 0.855927
v -0.049789 5.513813 0.317785
v -0.077752 6.226626 0.025056
v -0.069057 5.797878 0.550306
v -0.115459 6.623095 0.783765
v -0.119970 6.800932 0.595502
v -0.106423 6.422568 0.827745
v -0.111846 6.819808 0.208825
v -0.115908 6.635776 0.775761
v -0.049702 5.511563 0.318911
v -0.064584 5.764117 0.415811
v -0.102040 6.341276 0.814884
v -0.079930 5.934438 0.743133
v -0.113026 6.563260 0.808106
v -0.113008 6.562849 0.808234
v -0.074561 6.157527 0.036933
v -0.085108 6.012810 0.796115
v -0.072603 6.117795 0.038471
v -0.116653 6.659520 0.756716
v -0.071850 6.101610 0.040989
v -0.080757 6.295708 0.005304
v -0.049985 5.518527 0.316059
v -0.074766 5.839405 0.724806
v -0.112989 6.562441 0.808310
v -0.059959 5.889461 -0.037988
v -0.087907 6.451929 -0.024263
v -0.075744 5.856484 0.730663
v -0.053485 5.596915 0.297495
v -0.053494 5.597027 0.297630
v -0.108864 6.788731 0.148239
v -0.071487 5.796878 0.670084
v -0.119560 6.825539 0.525375
v -0.119374 6.834260 0.498781
v -0.058439 5.865423 -0.055613
v -0.068213 5.803021 0.497732
v -0.068596 6.039598 0.031846
v -0.110674 6.807741 0.184710
v -0.091425 6.116337 0.843837
v -0.118194 6.847681 0.419776
v -0.086859 6.049935 0.791304
v -0.101753 6.336222 0.813470
v -0.064159 5.961389 -0.000437
v -0.093851 6.146491 0.882694
v -0.069866 5.795294 0.595704
v -0.070652 5.796201 0.631618
v -0.105757 6.409043 0.828308
v -0.104251 6.379632 0.827065
v -0.105686 6.748262 0.099416
v -0.053044 5.587813 0.298186
v -0.107032 6.436092 0.824766
v -0.060258 5.697552 0.370808
v -0.061596 5.718259 0.383541
v -0.086240 6.034617 0.797685
v -0.112956 6.561730 0.808425
v -0.070987 6.084791 0.039871
v -0.097968 6.631016 0.021344
v -0.092262 6.121984 0.867409
v -0.093101 6.134231 0.876964
v -0.043047 5.644364 -0.248924
v -0.080774 5.948246 0.749565
v -0.089819 6.488721 -0.021496
v -0.102738 6.705372 0.065548
v -0.067404 5.798726 0.469191
v -0.067667 5.800281 0.478073
v -0.067943 6.027475 0.028799
v -0.118963 6.739711 0.683578
v -0.119577 6.766807 0.651765
v -0.072964 5.812418 0.703457
v -0.105810 6.749960 0.101035
v -0.089461 6.097611 0.800197
v -0.084041 6.370925 -0.015696
v -0.085988 6.412493 -0.021644
v -0.094048 6.564872 -0.004175
v -0.083795 6.001440 0.764473
v -0.083079 5.984246 0.770751
v -0.119735 6.775130 0.640673
v -0.102875 6.707419 0.066988
v -0.098761 6.271561 0.824315
v -0.095995 6.192618 0.875353
v -0.099651 6.657331 0.036753
v -0.082741 5.977254 0.771339
v -0.088398 6.079726 0.793152
v -0.108981 6.478684 0.816683
v -0.054875 5.620587 0.306080
v -0.098841 6.273545 0.823477
v -0.076349 6.196210 0.030360
v -0.086105 6.030936 0.799806
v -0.090790 6.112644 0.824652
v -0.090956 6.113390 0.830143
v -0.089117 6.093355 0.794626
v -0.055081 5.623463 0.308696
v -0.087016 6.434033 -0.023937
v -0.116583 6.849744 0.346685
v -0.041730 5.637318 -0.289992
v -0.066501 5.788752 0.449368
v -0.066163 5.785614 0.440696
v -0.102340 6.345924 0.817730
v -0.119724 6.817733 0.549033
v -0.052018 5.565506 0.302170
v -0.117888 6.699436 0.723951
v -0.097683 6.626378 0.019099
v -0.118701 6.729432 0.694420
v -0.072169 5.803927 0.685896
v -0.084414 6.005083 0.783089
v -0.084069 6.002086 0.774789
v -0.099001 6.277085 0.822722
v -0.115423 6.848309 0.300323
v -0.082913 5.980281 0.772160
v -0.100404 6.309826 0.812480
v -0.112537 6.825288 0.226552
v -0.116004 6.850492 0.320395
v -0.082090 5.966513 0.766556
v -0.081448 5.957325 0.758838
v -0.073684 5.822807 0.712964
v -0.242203 5.294142 0.224564
v 0.226645 5.523406 -0.126906
v -0.318202 5.490849 -0.146719
v 0.247814 5.504761 -0.089680
v -0.339641 5.469658 -0.111042
v 0.108966 5.302773 0.259952
v -0.161305 5.277122 0.267523
v -0.306489 5.322446 0.163362
v -0.348714 5.359634 0.089108
v 0.066714 5.290747 0.275815
v 0.199658 5.539999 -0.161227
v -0.116732 5.273336 0.280954
v -0.290968 5.510682 -0.179067
v 0.272577 5.440669 0.031294
v -0.365296 5.402553 0.008099
v 0.001179 5.581756 -0.266628
v 0.167429 5.554189 -0.191909
v -0.091758 5.576204 -0.270007
v -0.258519 5.528737 -0.207398
v 0.147909 5.317453 0.238749
v -0.203428 5.284108 0.248592
v -0.330631 5.340112 0.127493
v 0.255397 5.395733 0.111075
v 0.267329 5.418103 0.071850
v -0.360351 5.380597 0.049025
v 0.090088 5.574205 -0.239838
v -0.180842 5.558016 -0.249690
v 0.130644 5.565671 -0.218301
v 0.212632 5.353465 0.182239
v -0.221548 5.544628 -0.231107
v -0.276802 5.307014 0.195950
v -0.024065 5.275614 0.290293
v -0.045279 5.580615 -0.271309
v 0.087163 6.788374 0.153411
v -0.351740 6.653179 0.089023
v 0.235998 6.428982 0.442218
v 0.061764 6.592088 -0.013351
v 0.063513 6.766583 0.107041
v 0.202644 6.705662 0.229493
v 0.001068 6.884056 0.427895
v 0.227126 6.355214 0.201476
v -0.014297 6.885842 0.315775
v 0.090309 6.058862 0.017462
v -0.168297 6.822048 0.126279
v -0.318329 6.753672 0.140680
v 0.237144 6.233135 0.446866
v -0.263402 6.650036 0.778646
v -0.091274 6.895918 0.305129
v -0.104955 6.796043 0.688647
v -0.329338 6.535468 0.023255
v 0.177563 6.141564 0.161396
v -0.167888 6.891961 0.392681
v -0.243804 6.474763 -0.043072
v 0.015295 6.515539 -0.051532
v 0.170134 6.645650 0.673569
v -0.428921 6.597542 0.612635
v 0.044735 6.060027 -0.004715
v 0.197631 6.553099 0.104678
v -0.451380 6.671380 0.357026
v 0.070077 6.757112 0.662690
v -0.402101 6.758520 0.348893
v 0.148040 6.728670 0.148183
v 0.224933 6.716492 0.343977
v -0.212377 6.709885 0.760557
v -0.260368 6.802019 0.616069
v -0.379653 6.299223 0.099317
v 0.229266 6.460787 0.349624
v -0.096268 6.646212 -0.025062
v -0.301356 6.780859 0.600550
v 0.215313 6.613209 0.615094
v 0.129942 6.820147 0.325339
v -0.239532 6.863595 0.486509
v -0.116139 6.655582 0.820009
v -0.174957 6.054539 -0.010454
v 0.103038 6.133565 0.048981
v -0.033029 6.183632 -0.013906
v -0.114155 6.863048 0.192834
v -0.241641 6.872300 0.415841
v -0.301299 6.673924 0.731200
v -0.003463 6.876452 0.489930
v -0.166509 6.732138 0.031969
v 0.030935 6.830053 0.582060
v -0.105194 6.784526 0.069563
v 0.153040 6.725153 0.446511
v -0.368255 6.579820 0.140389
v 0.207379 6.645785 0.382282
v -0.378120 6.494293 0.123574
v -0.421012 6.601823 0.378515
v -0.338924 6.420906 0.069637
v -0.308965 6.104738 0.170278
v -0.361182 6.713663 0.464777
v 0.221146 6.589273 0.366252
v -0.098809 6.624160 0.019949
v -0.367959 6.349357 0.108468
v 0.062988 6.452368 0.009141
v -0.231865 6.822488 0.423470
v 0.112940 6.467786 0.038948
v 0.001332 6.437657 -0.011304
v 0.037149 6.186105 0.051564
v -0.106548 6.764045 0.651064
v 0.049292 6.575158 0.030860
v 0.050411 6.637090 0.727748
v -0.423850 6.585654 0.297556
v 0.192296 6.675179 0.310278
v -0.247695 6.499962 0.012922
v -0.132171 6.842918 0.422439
v 0.000122 6.507421 -0.005150
v 0.199342 6.329247 0.134461
v -0.424258 6.534065 0.369521
v -0.147956 6.624597 0.778167
v -0.379838 6.588581 0.601451
v -0.175545 6.332891 0.000520
v -0.013004 6.829793 0.474350
v -0.162102 6.502810 -0.013250
v 0.021986 6.060063 0.040763
v 0.198889 6.245385 0.205048
v -0.117709 6.797118 0.596187
v -0.266459 6.724889 0.616719
v -0.222935 6.817772 0.475362
v 0.009398 6.101584 0.049250
v -0.037433 6.839291 0.320048
v 0.218933 6.421114 0.424631
v -0.365969 6.654316 0.557765
v -0.113928 6.815461 0.208228
v -0.403342 6.470899 0.171321
v 0.226317 6.433653 0.360515
v -0.243098 6.775990 0.561555
v 0.157961 6.485598 0.085530
v -0.145701 6.065248 0.040560
v -0.101659 6.622287 0.785362
v -0.193458 6.833751 0.325586
v 0.042677 6.751050 0.596875
v -0.120527 6.744867 0.101993
v -0.154661 6.777190 0.144024
v -0.050221 6.776234 0.140989
v -0.409202 6.355674 0.216549
v -0.384433 6.582216 0.654355
v -0.390574 6.179711 0.437964
v -0.364655 6.220405 0.192759
v 0.161953 6.609725 0.667531
v -0.347193 6.178821 0.166754
v 0.189829 6.208703 0.179498
v -0.421019 6.430029 0.332846
v 0.206611 6.564971 0.592238
v -0.001806 6.638251 0.785612
v -0.400722 6.339619 0.525004
v -0.231228 6.627392 0.780608
v 0.212593 6.358695 0.529268
v -0.419769 6.533752 0.577000
v 0.161937 6.114507 0.181042
v 0.075199 6.634356 0.740457
v 0.237513 6.425537 0.273519
v -0.419119 6.415012 0.294764
v -0.317168 6.089343 0.165501
v -0.397015 6.389668 0.574174
v -0.414876 6.410619 0.332964
v 0.162555 6.080802 0.160193
v -0.404420 6.228880 0.385307
v 0.222821 6.217815 0.436035
v -0.199108 6.027516 0.016207
v -0.308229 6.614293 0.729199
v 0.227995 6.447623 0.311669
v -0.274784 6.032444 0.096022
v 0.055677 6.036145 0.032961
v 0.198828 6.419401 0.587755
v -0.068000 6.043763 -0.002641
v -0.337284 6.275767 0.044422
v -0.180865 6.639543 0.817292
v -0.123559 6.373255 -0.065743
v -0.039035 6.102794 -0.010913
v 0.217670 6.381371 0.536262
v 0.012350 6.658045 0.793955
v -0.426374 6.565978 0.617411
v 0.209354 6.348025 0.105642
v 0.072982 6.661571 0.757114
v -0.288737 6.042621 0.089473
v 0.139330 6.061358 0.084560
v -0.426248 6.677974 0.249297
v 0.234736 6.283810 0.492294
v -0.328191 6.111006 0.147424
v -0.312849 6.058038 0.145193
v 0.171892 6.288573 0.058128
v 0.018582 6.109051 0.001314
v -0.429907 6.394677 0.375184
v 0.249233 6.437429 0.281058
v 0.243693 6.544923 0.274270
v 0.211021 6.417213 0.575910
v -0.326004 6.290103 0.072865
v -0.045917 6.384226 -0.014395
v -0.139842 6.039300 0.019496
v 0.194710 6.394423 0.543678
v -0.400444 6.628494 0.246309
v -0.398715 6.549185 0.590487
v -0.402048 6.538282 0.554830
v -0.175482 6.158568 0.047338
v -0.424998 6.517166 0.276618
v -0.415412 6.408840 0.268913
v -0.398568 6.287131 0.484991
v 0.182725 6.226851 0.178866
v -0.343357 6.199917 0.166128
v -0.236298 6.622808 0.751247
v -0.388394 6.387383 0.555091
v 0.094127 6.145612 0.093530
v -0.181788 6.026896 0.035018
v -0.282016 6.616838 0.718384
v 0.227981 6.440811 0.282690
v 0.003056 6.634490 0.758322
v -0.175398 6.811264 0.221986
v 0.128478 6.052482 0.117593
v 0.209930 6.323006 0.202424
v -0.412975 6.368562 0.364096
v 0.213623 6.313629 0.128737
v -0.404166 6.330618 0.172102
v -0.383397 6.756546 0.491059
v 0.031589 6.351392 -0.043336
v -0.202667 6.342525 -0.047119
v 0.154714 6.659042 0.095228
v 0.097231 6.810270 0.540003
v -0.045316 6.662645 0.812657
v -0.190158 6.504416 -0.057812
v 0.168912 6.085761 0.146527
v -0.089403 6.895471 0.409490
v -0.052908 6.845491 0.599120
v -0.262439 6.809781 0.165636
v -0.190767 6.838223 0.596949
v 0.244585 6.451072 0.318706
v 0.252016 6.444173 0.265003
v -0.434255 6.416821 0.303530
v -0.437577 6.402982 0.261355
v -0.388474 6.283554 0.185338
v -0.195898 6.613078 -0.026897
v -0.006748 6.602400 -0.032359
v 0.033200 6.704088 0.753686
v -0.070536 6.371078 -0.065696
v 0.015501 6.437066 -0.058359
v -0.170633 6.087808 -0.001974
v -0.366873 6.794075 0.354377
v 0.154741 6.791088 0.466736
v -0.178940 6.423525 -0.064623
v 0.040657 6.180791 0.002104
v 0.219789 6.229948 0.478727
v -0.196915 6.146410 0.004989
v -0.403213 6.226163 0.477073
v -0.421397 6.282878 0.478492
v 0.122030 6.334693 -0.000046
v -0.378268 6.703968 0.168237
v -0.189262 6.882135 0.295333
v -0.291755 6.315046 -0.006172
v -0.261441 6.349725 -0.029104
v -0.056098 6.731575 0.027877
v -0.450730 6.627594 0.323311
v -0.179013 6.798457 0.670035
v -0.068731 6.053218 -0.024545
v -0.058159 6.867265 0.210923
v 0.126159 6.565289 0.022436
v 0.132931 6.448432 0.004708
v -0.432825 6.449013 0.214163
v 0.236136 6.693094 0.368786
v -0.189892 6.856825 0.206973
v -0.250745 6.572321 -0.022726
v -0.302824 6.431540 -0.009596
v -0.409927 6.352136 0.526729
v -0.418239 6.424909 0.569396
v 0.203981 6.674689 0.578597
v 0.181845 6.358233 0.057926
v 0.223841 6.551369 0.167292
v -0.350641 6.350240 0.043366
v -0.413848 6.518568 0.143298
v -0.410222 6.197850 0.422660
v 0.238814 6.263118 0.415745
v -0.061117 6.826165 0.122466
v -0.001675 6.054991 -0.006102
v 0.071899 6.096970 0.025614
v -0.418408 6.727341 0.428140
v 0.160715 6.691919 0.637991
v -0.190184 6.043043 -0.007356
v 0.034757 6.846197 0.214311
v -0.218680 6.082541 0.023730
v 0.226464 6.671430 0.275877
v 0.075862 6.459810 -0.034322
v -0.389125 6.537524 0.094656
v -0.299351 6.820187 0.235516
v 0.237768 6.588483 0.490347
v -0.389716 6.665238 0.624469
v -0.449402 6.554026 0.472174
v 0.154837 6.781001 0.243481
v -0.359777 6.769497 0.228512
v 0.234193 6.391016 0.380325
v -0.017437 6.807081 0.653753
v 0.149853 6.117912 0.107656
v -0.296610 6.092594 0.098463
v 0.088608 6.827884 0.236333
v -0.441218 6.653389 0.510936
v 0.221353 6.692182 0.496144
v -0.384259 6.607165 0.681302
v -0.126863 6.169239 -0.013369
v -0.121375 6.880660 0.501489
v 0.105740 6.670323 0.055138
v -0.307709 6.659262 0.051413
v 0.188260 6.774901 0.370714
v 0.054988 6.867435 0.396505
v -0.015384 6.765199 0.064451
v 0.229761 6.571480 0.580972
v -0.293688 6.848837 0.388332
v -0.190173 6.777191 0.079264
v -0.446078 6.540048 0.561888
v 0.094617 6.842115 0.456364
v -0.318752 6.820595 0.483314
v -0.228172 6.043047 0.010584
v -0.267434 6.114500 0.054504
v -0.441802 6.512128 0.285810
v -0.102742 6.099035 -0.012126
v 0.186255 6.745169 0.511041
v -0.421446 6.698990 0.504497
v 0.130841 6.081747 0.077098
v -0.271664 6.067052 0.067094
v -0.155033 6.745409 0.742403
v -0.261957 6.696094 0.044498
v -0.071025 6.747703 0.745504
v -0.367016 6.203602 0.173438
v -0.056895 6.642886 0.819454
v -0.124878 6.842041 0.617503
v -0.117243 6.482432 -0.071440
v -0.090015 6.556216 -0.058061
v -0.071182 6.472358 -0.072685
v 0.049173 6.679121 0.025480
v 0.175656 6.626336 0.675855
v 0.202503 6.224524 0.179364
v 0.218542 6.367252 0.218376
v -0.389033 6.320338 0.188655
v 0.120436 6.693297 0.167220
v -0.329818 6.675825 0.166126
v 0.042558 6.363687 0.009187
v 0.149198 6.594124 0.116808
v -0.310531 6.617014 0.094903
v 0.137685 6.708500 0.531468
v -0.265914 6.035376 0.109060
v -0.059995 6.800294 0.579583
v -0.270035 6.750629 0.182489
v -0.309456 6.743360 0.520254
v -0.177464 6.795374 0.575414
v 0.225816 6.459668 0.278895
v -0.414472 6.426288 0.264062
v -0.065617 6.846747 0.370486
v 0.200711 6.482076 0.146883
v -0.173015 6.576948 0.009457
v -0.024559 6.589472 0.013233
v 0.037965 6.821204 0.396681
v -0.319092 6.757421 0.287123
v 0.098617 6.777798 0.444889
v 0.149024 6.083032 0.166890
v -0.095124 6.378418 -0.016878
v 0.210537 6.227993 0.453841
v -0.296039 6.061224 0.157059
v 0.213219 6.332239 0.498614
v -0.198484 6.086387 0.065355
v 0.162010 6.690263 0.238074
v 0.119723 6.343439 0.045046
v -0.297285 6.364460 0.034122
v -0.276101 6.327429 0.028794
v -0.066809 6.620249 0.793597
v 0.006625 6.720112 0.102851
v -0.163752 6.615385 0.791189
v -0.055100 6.707123 0.072551
v -0.144192 6.698713 0.066604
v 0.223654 6.598781 0.305792
v 0.217380 6.533261 0.204026
v -0.063491 6.819013 0.223017
v -0.068012 6.040628 0.022262
v -0.256295 6.564793 0.033151
v -0.204894 6.428302 -0.010047
v -0.392878 6.346974 0.509843
v -0.218431 6.668000 0.724154
v -0.028047 6.692351 0.719415
v 0.189957 6.450600 0.577033
v 0.164277 6.327416 0.083587
v -0.368381 6.303368 0.118651
v -0.409099 6.522035 0.190843
v -0.386845 6.201697 0.414216
v 0.225688 6.263613 0.400553
v 0.004192 6.047368 0.024156
v 0.060946 6.089353 0.075074
v -0.382674 6.697837 0.379170
v -0.081114 6.467397 -0.023023
v 0.193973 6.356072 0.119493
v 0.015089 6.806395 0.242302
v 0.200256 6.628623 0.245746
v -0.258282 6.787079 0.248641
v 0.126217 6.664349 0.614253
v -0.321484 6.652209 0.635570
v -0.260837 6.709599 0.129200
v 0.103101 6.769943 0.276072
v -0.336857 6.730915 0.257695
v 0.177165 6.572363 0.138218
v 0.008055 6.777877 0.588783
v 0.058812 6.753693 0.174603
v -0.208301 6.757743 0.622855
v 0.128973 6.126018 0.137477
v -0.280168 6.112468 0.126491
v -0.410782 6.398204 0.416319
v -0.362587 6.583522 0.644420
v 0.136605 6.608712 0.662295
v -0.113676 6.178946 0.035648
v -0.034725 6.183832 0.036710
v -0.119292 6.832177 0.489784
v 0.081212 6.651586 0.092367
v 0.145904 6.747958 0.359534
v 0.188042 6.567699 0.572096
v -0.364530 6.725707 0.346428
v -0.184653 6.725564 0.098284
v 0.108227 6.560167 0.060595
v 0.061910 6.794792 0.484088
v 0.090278 6.038977 0.067412
v -0.273097 6.802611 0.389439
v -0.309273 6.506095 0.050459
v -0.295029 6.784047 0.448182
v -0.226966 6.024806 0.060213
v -0.237108 6.122786 0.083229
v -0.059382 6.094813 0.038221
v 0.169508 6.670795 0.521217
v -0.393980 6.646191 0.487078
v -0.114052 6.845434 0.304775
v -0.410345 6.641619 0.328335
v 0.096056 6.079768 0.100786
v -0.228444 6.061857 0.082526
v -0.162904 6.709835 0.705783
v -0.229079 6.641912 0.058572
v -0.086209 6.711795 0.710452
v -0.087948 6.550569 -0.007195
v 0.026456 6.645602 0.057742
v 0.164018 6.593049 0.627131
vn -0.1187 0.6195 0.7759
vn 0.0632 0.7402 -0.6694
vn 0.0556 0.7404 -0.6699
vn 0.0562 0.7404 -0.6699
vn -0.3030 0.0910 0.9486
vn -0.3291 0.1728 0.9284
vn -0.7267 0.6845 -0.0575
vn -0.7267 0.6846 -0.0575
vn -0.7317 0.6796 -0.0528
vn -0.7214 0.6897 -0.0624
vn -0.1891 0.5488 0.8143
vn -0.2680 0.7858 0.5574
vn -0.3957 0.5861 0.7070
vn -0.3980 0.5808 0.7101
vn -0.3952 0.5868 0.7067
vn -0.3509 0.9345 0.0595
vn -0.4157 0.8429 0.3416
vn -0.4666 0.7911 0.3955
vn -0.2769 0.9070 -0.3172
vn -0.3472 0.8386 0.4197
vn -0.3163 0.9485 0.0188
vn -0.1440 0.8770 -0.4584
vn -0.1982 0.9263 -0.3205
vn -0.2742 0.9084 -0.3157
vn -0.1356 0.7332 0.6664
vn -0.1430 0.7360 0.6617
vn -0.1426 0.7359 0.6619
vn -0.2804 0.9515 -0.1268
vn -0.5753 0.6670 -0.4734
vn -0.6185 0.6286 -0.4714
vn -0.2753 0.6298 0.7263
vn -0.2386 0.6458 0.7253
vn -0.0574 0.5795 0.8130
vn -0.1356 0.7332 0.6663
vn -0.2482 0.8806 0.4036
vn -0.3662 0.8095 0.4589
vn -0.1103 0.2210 0.9690
vn -0.1486 0.1819 0.9720
vn -0.1508 0.0375 0.9879
vn -0.1181 0.0906 0.9889
vn -0.0247 -0.5643 0.8252
vn -0.0842 -0.4733 0.8769
vn -0.0990 0.3123 0.9448
vn -0.1110 0.3269 0.9385
vn 0.0369 0.4025 -0.9147
vn -0.0055 0.2077 -0.9782
vn 0.0360 0.1936 -0.9804
vn -0.0643 0.1552 -0.9858
vn -0.3353 0.0547 0.9405
vn -0.3661 -0.3831 0.8480
vn -0.4269 -0.6027 0.6742
vn -0.3408 0.4659 0.8166
vn -0.3461 0.4389 0.8292
vn -0.3236 0.4091 0.8532
vn -0.2991 0.1590 0.9409
vn -0.4342 -0.1223 0.8925
vn -0.3193 0.0409 0.9468
vn -0.3206 0.1054 0.9413
vn -0.3912 0.5957 0.7015
vn -0.2762 0.1007 -0.9558
vn -0.2476 -0.0230 -0.9686
vn -0.6051 -0.0832 -0.7918
vn -0.6715 -0.1679 -0.7218
vn -0.9340 0.3571 -0.0140
vn 0.0118 -0.4905 0.8714
vn 0.2193 0.1001 -0.9705
vn -0.6764 -0.0581 0.7343
vn -0.5721 -0.2694 0.7747
vn -0.9471 0.1827 0.2638
vn -0.8720 0.2444 0.4242
vn -0.7334 0.4366 -0.5210
vn -0.1520 0.5521 -0.8198
vn -0.4990 0.1833 -0.8470
vn -0.4432 0.3682 -0.8173
vn -0.1867 0.2361 -0.9536
vn -0.1426 0.1947 -0.9704
vn -0.5807 0.0553 0.8122
vn -0.0805 0.3488 -0.9337
vn -0.5050 0.3369 -0.7947
vn -0.8508 0.3225 -0.4149
vn -0.2234 0.2578 0.9400
vn -0.9393 -0.0523 0.3391
vn -0.9571 0.0364 0.2876
vn -0.7746 -0.0347 0.6315
vn -0.7575 -0.0686 0.6493
vn -0.9550 -0.0985 0.2799
vn -0.1022 -0.4857 0.8681
vn -0.2555 -0.2827 0.9246
vn -0.1497 -0.3538 0.9233
vn -0.3968 -0.4882 0.7773
vn -0.5652 -0.8237 -0.0458
vn -0.6607 -0.4765 0.5800
vn -0.6647 -0.3308 0.6699
vn -0.7920 -0.4936 0.3594
vn -0.8962 0.1345 -0.4227
vn -0.8987 0.1690 -0.4048
vn -0.3166 -0.4173 -0.8518
vn -0.8783 0.1157 -0.4639
vn -0.4909 0.1551 -0.8573
vn -0.4931 0.1521 -0.8566
vn -0.4841 0.1598 -0.8603
vn -0.5001 0.1471 -0.8533
vn -0.6078 -0.7887 -0.0924
vn -0.1040 0.2683 -0.9577
vn -0.1236 0.2589 -0.9580
vn -0.1217 0.2600 -0.9579
vn -0.1059 0.2667 -0.9580
vn -0.1289 -0.3699 -0.9201
vn -0.0222 -0.5022 -0.8645
vn -0.1369 -0.6036 -0.7854
vn -0.6589 -0.6974 0.2821
vn -0.3539 -0.5586 -0.7502
vn -0.6746 0.1115 -0.7297
vn -0.1584 -0.4121 0.8973
vn -0.1410 -0.3964 0.9072
vn -0.1585 -0.4126 0.8970
vn -0.3420 -0.3989 0.8509
vn -0.2820 -0.3081 0.9086
vn -0.1727 -0.4255 0.8883
vn -0.0983 0.2105 -0.9726
vn -0.0585 0.2425 -0.9684
vn -0.0730 -0.0176 -0.9972
vn -0.5040 -0.2954 0.8116
vn -0.5317 -0.3170 0.7853
vn -0.9945 0.0792 0.0693
vn -0.9672 -0.1211 0.2234
vn -0.6179 -0.4059 0.6733
vn -0.9692 -0.1238 0.2129
vn -0.9642 -0.0718 -0.2554
vn -0.9624 -0.0759 -0.2608
vn -0.9630 -0.0745 -0.2590
vn -0.8055 0.0259 -0.5920
vn -0.3205 0.0785 -0.9440
vn -0.2452 0.1365 -0.9598
vn -0.9145 -0.0257 -0.4039
vn -0.9604 0.1541 -0.2321
vn -0.7262 -0.5992 -0.3370
vn -0.7347 -0.5876 -0.3390
vn -0.7316 -0.5919 -0.3383
vn -0.7292 -0.5952 -0.3377
vn 0.2271 -0.4120 0.8824
vn -0.7309 0.5826 -0.3555
vn 0.8917 -0.3923 -0.2257
vn 0.7544 -0.4223 0.5024
vn -0.5112 -0.8570 0.0650
vn -0.5042 -0.8597 -0.0815
vn -0.5031 -0.8605 -0.0803
vn -0.4981 -0.8639 -0.0744
vn 0.1577 0.0441 -0.9865
vn -0.5321 -0.8160 -0.2260
vn -0.5310 -0.8163 -0.2276
vn -0.5311 -0.8162 -0.2275
vn -0.2722 -0.9618 -0.0289
vn -0.8784 0.3123 0.3618
vn -0.8284 0.3407 0.4445
vn -0.3528 0.5062 -0.7869
vn 0.2650 -0.9120 -0.3131
vn -0.0692 -0.9673 -0.2439
vn 0.0816 -0.1418 0.9865
vn 0.0908 -0.3999 0.9120
vn -0.9162 -0.1748 -0.3605
vn -0.8279 -0.3959 -0.3972
vn -0.9126 -0.2677 -0.3090
vn -0.3730 -0.3291 -0.8675
vn -0.3744 -0.3610 -0.8541
vn -0.4027 -0.1415 -0.9043
vn 0.2314 -0.6275 -0.7434
vn 0.1884 -0.6946 -0.6943
vn 0.2033 -0.5587 -0.8040
vn 0.2234 -0.9549 -0.1956
vn 0.3225 -0.9143 -0.2451
vn 0.2860 -0.8879 -0.3604
vn 0.2877 -0.8870 -0.3612
vn 0.2855 -0.8881 -0.3601
vn 0.2883 -0.8867 -0.3615
vn 0.0849 -0.9380 0.3360
vn 0.1883 -0.9164 0.3532
vn 0.3389 -0.9217 0.1889
vn -0.8704 -0.3432 0.3530
vn -0.4911 -0.0664 0.8686
vn -0.8797 -0.3771 0.2898
vn -0.4559 -0.5079 0.7309
vn -0.0878 -0.7440 0.6624
vn -0.2705 -0.4300 0.8614
vn -0.9189 -0.3944 0.0091
vn -0.9214 -0.3884 0.0151
vn -0.9205 -0.3906 0.0129
vn -0.9178 -0.3971 0.0065
vn -0.9000 -0.3567 0.2506
vn 0.4708 -0.1695 -0.8658
vn -0.5460 0.1688 0.8206
vn -0.5495 0.1105 0.8282
vn -0.3617 0.0377 0.9315
vn -0.3708 0.0423 0.9278
vn -0.3866 0.0503 0.9209
vn -0.2647 0.8010 -0.5370
vn -0.4519 0.4036 -0.7955
vn -0.4231 0.6654 -0.6150
vn -0.4025 0.6984 -0.5918
vn -0.3998 0.7024 -0.5888
vn -0.4366 0.8907 0.1264
vn -0.3441 0.5747 0.7425
vn -0.3282 -0.2985 0.8962
vn -0.3504 0.0321 0.9361
vn -0.5924 -0.2358 0.7704
vn -0.1782 0.1363 -0.9745
vn -0.1788 0.1286 -0.9754
vn -0.1797 0.1165 -0.9768
vn -0.9272 -0.1124 0.3573
vn 0.2868 -0.8861 0.3642
vn 0.2642 -0.8925 0.3656
vn 0.2588 -0.8939 0.3659
vn -0.9718 -0.1730 0.1602
vn -0.5605 -0.3061 -0.7695
vn -0.5740 -0.0113 -0.8188
vn -0.1770 0.1512 -0.9725
vn -0.9715 -0.0019 -0.2370
vn -0.9584 -0.2836 -0.0334
vn -0.7482 0.5698 0.3398
vn -0.7563 0.5642 0.3313
vn -0.7495 0.5688 0.3386
vn -0.6803 0.4719 -0.5608
vn -0.5961 0.4935 -0.6333
vn -0.4835 -0.3237 0.8133
vn 0.6029 -0.6460 0.4682
vn 0.8727 -0.4517 -0.1853
vn 0.9075 -0.3573 -0.2209
vn 0.2713 0.0960 -0.9577
vn -0.5980 0.3132 0.7378
vn -0.5271 0.3213 0.7867
vn -0.2455 -0.5155 0.8210
vn 0.5193 -0.6979 0.4931
vn -0.5372 -0.0460 0.8422
vn -0.4131 -0.0567 0.9089
vn -0.4204 -0.0533 0.9058
vn -0.4083 -0.0422 0.9119
vn 0.4306 -0.2983 -0.8518
vn -0.4233 -0.1699 -0.8899
vn 0.1346 -0.0489 -0.9897
vn 0.2992 -0.8827 0.3623
vn 0.2292 -0.9251 -0.3027
vn -0.6086 -0.0001 0.7935
vn -0.5315 -0.1319 0.8367
vn -0.9682 -0.1296 0.2138
vn -0.9637 -0.2381 -0.1205
vn -0.9434 -0.2965 0.1489
vn -0.9989 -0.0163 -0.0431
vn -0.7385 -0.1516 -0.6570
vn -0.8289 0.4594 0.3192
vn -0.8286 0.4605 0.3185
vn -0.8292 0.4584 0.3199
vn -0.7287 0.4461 -0.5196
vn -0.1055 -0.3752 0.9209
vn -0.5367 -0.2923 0.7915
vn -0.5506 0.2186 0.8056
vn -0.6860 0.1898 0.7024
vn -0.4978 0.3528 -0.7923
vn -0.1644 0.2345 -0.9581
vn -0.1627 0.2267 -0.9603
vn -0.1614 0.2217 -0.9617
vn -0.4169 -0.0617 0.9069
vn -0.4033 -0.0614 0.9130
vn -0.2038 0.5836 0.7860
vn -0.3664 0.9301 -0.0257
vn -0.3702 0.7453 -0.5545
vn -0.1148 0.9882 0.1015
vn -0.1686 0.9782 0.1211
vn -0.3925 0.6054 -0.6924
vn -0.3818 0.3764 -0.8441
vn -0.3258 0.1679 -0.9304
vn -0.1651 0.2370 -0.9574
vn -0.9849 0.1135 -0.1306
vn -0.9835 -0.0016 -0.1809
vn -0.9976 0.0406 0.0560
vn -0.9974 -0.0718 -0.0046
vn -0.8749 -0.3942 0.2814
vn -0.9466 -0.2559 0.1959
vn -0.6479 0.0847 0.7570
vn -0.9216 0.3880 -0.0101
vn -0.9272 0.3730 -0.0342
vn -0.4835 -0.0982 0.8698
vn -0.6417 0.0310 0.7663
vn -0.7196 0.3689 -0.5883
vn -0.8587 0.5125 -0.0094
vn -0.8565 0.5159 -0.0134
vn -0.8589 0.5121 -0.0089
vn -0.3835 0.4443 -0.8097
vn -0.5710 0.5555 -0.6044
vn -0.4395 0.8962 0.0612
vn -0.2285 0.6597 0.7159
vn -0.2902 0.8611 0.4174
vn -0.3603 0.8561 0.3705
vn -0.3705 0.6703 -0.6430
vn -0.6650 -0.0258 0.7464
vn 0.1216 0.0581 -0.9909
vn -0.9384 0.3359 -0.0807
vn -0.9151 0.2899 0.2802
vn -0.8201 0.5026 -0.2735
vn -0.7582 0.2548 -0.6001
vn 0.1499 -0.2247 -0.9628
vn 0.1109 -0.1408 -0.9838
vn 0.6123 -0.1042 -0.7838
vn 0.6135 -0.0974 -0.7837
vn 0.6137 -0.0957 -0.7837
vn 0.8417 -0.2589 -0.4738
vn -0.7742 0.5728 -0.2693
vn 0.8223 -0.4866 0.2952
vn 0.8222 -0.4867 0.2952
vn 0.8232 -0.4850 0.2952
vn 0.8852 -0.4396 -0.1521
vn 0.8934 -0.4112 -0.1813
vn -0.7437 0.2039 0.6367
vn 0.7384 -0.1084 0.6656
vn -0.5164 0.3022 -0.8012
vn 0.8563 -0.1717 -0.4871
vn 0.7965 -0.4557 -0.3974
vn -0.5373 0.3690 -0.7584
vn -0.8777 0.4590 -0.1378
vn -0.5248 0.4318 -0.7335
vn -0.5953 0.3077 -0.7422
vn 0.2569 -0.0095 -0.9664
vn 0.0871 0.1737 -0.9809
vn 0.6847 -0.5859 -0.4334
vn -0.8968 0.4037 -0.1810
vn -0.9183 0.3746 -0.1278
vn 0.2525 -0.1606 -0.9542
vn 0.1845 -0.1698 -0.9681
vn -0.5701 0.2863 -0.7700
vn -0.6053 0.2773 -0.7462
vn -0.7814 0.1148 0.6134
vn -0.8524 0.2400 0.4645
vn 0.6800 -0.3312 0.6542
vn -0.1427 -0.5273 0.8376
vn -0.5796 0.4292 -0.6927
vn -0.9134 0.3972 0.0894
vn 0.5955 -0.2557 -0.7616
vn -0.4641 0.5927 -0.6583
vn 0.6121 -0.1052 -0.7838
vn -0.5837 0.4279 -0.6900
vn 0.2553 0.1021 -0.9614
vn 0.2986 0.2860 -0.9105
vn 0.8134 -0.5441 -0.2058
vn 0.8213 -0.4883 0.2951
vn 0.2480 -0.4014 0.8817
vn -0.8873 0.4162 -0.1988
vn -0.8366 0.5367 -0.1099
vn 0.6237 -0.7360 0.2635
vn -0.0151 -0.4772 0.8787
vn 0.1063 0.0594 -0.9926
vn -0.8384 0.0265 0.5443
vn -0.1162 -0.3368 0.9344
vn -0.8711 0.4856 -0.0729
vn -0.8085 0.5674 0.1561
vn -0.8403 0.5421 -0.0059
vn 0.6899 -0.4088 0.5974
vn 0.5320 -0.6948 0.4840
vn -0.8180 0.2282 0.5280
vn -0.7962 0.5951 0.1088
vn 0.2969 -0.4610 0.8363
vn 0.2940 -0.4598 0.8379
vn 0.2954 -0.4604 0.8371
vn 0.0641 -0.1837 0.9809
vn 0.7145 -0.5999 -0.3600
vn 0.8423 -0.5051 -0.1881
vn 0.6738 -0.5930 0.4409
vn 0.8553 -0.4345 -0.2822
vn 0.6094 -0.3320 -0.7200
vn 0.3549 0.0384 -0.9341
vn 0.8103 -0.3734 -0.4516
vn 0.8357 -0.3626 -0.4125
vn -0.5379 0.2123 -0.8159
vn 0.6967 -0.4483 0.5601
vn -0.3234 -0.0027 0.9463
vn 0.7253 -0.4261 0.5408
vn -0.3465 0.0976 0.9330
vn -0.7770 0.3463 0.5256
vn -0.9275 0.3650 -0.0806
vn -0.4299 0.2375 -0.8711
vn 0.3355 -0.1922 -0.9222
vn -0.8810 0.4186 -0.2205
vn 0.2153 -0.0159 -0.9764
vn -0.4932 0.3772 -0.7839
vn 0.1918 -0.1797 0.9648
vn -0.2941 0.0026 0.9558
vn -0.9290 0.3467 -0.1292
vn -0.8330 0.3122 0.4568
vn -0.8334 0.3112 0.4567
vn -0.8338 0.3102 0.4567
vn -0.9581 0.2721 -0.0893
vn -0.9336 0.3049 -0.1884
vn 0.3052 -0.2673 -0.9140
vn 0.2404 -0.1932 -0.9513
vn -0.5832 0.1265 -0.8024
vn -0.6193 0.1743 -0.7655
vn -0.6226 0.1465 0.7687
vn -0.6198 0.1427 0.7716
vn -0.6237 0.1480 0.7676
vn -0.3348 -0.0685 0.9398
vn 0.1666 -0.2527 0.9531
vn 0.4239 -0.3779 0.8231
vn 0.8126 -0.4675 -0.3479
vn 0.7528 -0.4980 -0.4306
vn -0.2305 -0.0683 0.9707
vn -0.3337 0.1819 0.9250
vn -0.4710 0.0745 0.8790
vn -0.5313 -0.0562 0.8453
vn -0.6566 0.1007 0.7475
vn -0.8384 0.2684 0.4744
vn -0.8065 0.2808 0.5202
vn -0.8204 0.2388 0.5196
vn -0.6188 0.1413 0.7727
vn -0.6870 0.0046 0.7266
vn -0.0531 -0.1581 0.9860
vn 0.4459 -0.1555 0.8815
vn 0.7345 -0.5500 0.3976
vn 0.0172 -0.2098 0.9776
vn 0.0032 -0.2294 0.9733
vn 0.7189 -0.5739 0.3923
vn -0.0050 -0.0141 0.9999
vn -0.1920 0.0486 0.9802
vn -0.3078 0.2582 0.9157
vn 0.2938 -0.4597 0.8381
vn 0.3069 -0.1001 0.9465
vn 0.4062 -0.4726 0.7821
vn 0.3325 -0.1058 0.9372
vn 0.8907 -0.4447 0.0941
vn 0.9026 -0.4173 0.1052
vn 0.8717 0.1845 0.4540
vn 0.4480 0.1756 0.8766
vn -0.1868 0.5161 0.8359
vn 0.3328 -0.5433 -0.7708
vn -0.3453 -0.4492 -0.8240
vn 0.8793 -0.2624 -0.3975
vn 0.8810 -0.2649 -0.3919
vn 0.8815 -0.2656 -0.3903
vn 0.3245 -0.5390 -0.7772
vn 0.5262 -0.3306 -0.7835
vn 0.1614 0.0622 -0.9849
vn 0.0821 0.3200 -0.9439
vn 0.3328 -0.2189 0.9172
vn 0.5204 -0.1264 -0.8445
vn 0.6611 -0.1600 -0.7330
vn 0.6025 -0.2401 0.7612
vn -0.3842 -0.0545 0.9216
vn -0.3837 -0.0663 0.9211
vn -0.3838 -0.0650 0.9211
vn -0.5195 0.0233 0.8541
vn -0.4612 -0.2153 0.8608
vn -0.4231 -0.3590 0.8319
vn -0.7594 -0.1234 -0.6388
vn -0.4296 0.5417 -0.7225
vn 0.3710 0.0998 -0.9232
vn 0.1185 0.5747 -0.8097
vn 0.8114 -0.0390 -0.5832
vn 0.8106 -0.0433 -0.5840
vn 0.8105 -0.0439 -0.5841
vn 0.6585 0.2574 0.7072
vn 0.5208 0.3979 0.7553
vn 0.5574 0.1102 0.8229
vn 0.6067 0.1406 0.7824
vn 0.5125 -0.3289 -0.7932
vn 0.8032 -0.3703 -0.4667
vn -0.6510 -0.1573 0.7426
vn -0.7139 -0.1189 0.6900
vn -0.9277 -0.2223 0.2999
vn -0.9528 -0.0930 0.2889
vn -0.8965 -0.0526 0.4399
vn -0.9529 -0.1096 -0.2828
vn -0.9526 0.1086 0.2842
vn 0.1442 -0.2187 0.9651
vn 0.1727 -0.0742 0.9822
vn 0.6289 -0.0562 -0.7754
vn 0.5457 -0.2780 -0.7905
vn -0.0404 -0.0126 -0.9991
vn -0.9938 0.0794 -0.0773
vn -0.9676 0.1662 -0.1901
vn 0.9220 -0.2539 -0.2924
vn -0.7598 0.1988 0.6190
vn -0.5157 0.0927 0.8518
vn -0.4999 0.5038 -0.7045
vn -0.7833 0.5320 -0.3215
vn -0.4075 0.3397 -0.8477
vn -0.5735 0.1090 0.8119
vn -0.5238 0.2810 0.8042
vn 0.2805 -0.2363 0.9303
vn 0.1806 -0.3982 0.8994
vn 0.1537 0.0016 0.9881
vn 0.8385 -0.4876 -0.2431
vn 0.8750 -0.4319 -0.2189
vn 0.7536 -0.4091 -0.5146
vn 0.8171 -0.3967 -0.4182
vn 0.7941 -0.5303 -0.2968
vn 0.8389 -0.5425 0.0442
vn 0.7470 -0.4526 -0.4870
vn 0.8043 -0.5022 -0.3177
vn 0.6880 -0.6691 -0.2810
vn 0.5721 0.1783 0.8006
vn 0.6519 0.2259 0.7239
vn -0.4514 -0.1928 0.8713
vn -0.5350 -0.0926 -0.8397
vn -0.4761 -0.2757 -0.8351
vn 0.2553 0.1504 -0.9551
vn 0.2676 0.0782 -0.9603
vn -0.0606 -0.5673 0.8213
vn -0.3977 -0.2441 -0.8844
vn -0.2384 -0.6071 0.7580
vn -0.3868 -0.0744 -0.9191
vn -0.4058 -0.7134 0.5713
vn -0.3895 -0.2024 -0.8985
vn -0.3849 0.1469 -0.9112
vn -0.7420 -0.0467 -0.6688
vn 0.9387 -0.1478 -0.3114
vn -0.4235 -0.7611 -0.4912
vn -0.5904 -0.8059 0.0432
vn -0.5828 -0.8111 0.0496
vn -0.5826 -0.8112 0.0497
vn -0.5820 -0.8116 0.0502
vn 0.6240 0.0755 0.7777
vn 0.3419 0.0343 -0.9391
vn -0.6189 0.4177 0.6651
vn -0.6004 0.2985 0.7419
vn -0.5907 -0.6091 0.5292
vn -0.8596 0.0766 0.5051
vn -0.9983 0.0358 -0.0462
vn -0.9985 -0.0209 0.0509
vn -0.9931 -0.1151 0.0219
vn -0.9281 0.1779 -0.3270
vn -0.9920 -0.1072 0.0665
vn -0.9930 -0.0984 0.0646
vn -0.9921 -0.1067 0.0666
vn -0.9675 0.0757 0.2411
vn -0.9705 0.0823 0.2265
vn -0.8548 0.4768 -0.2048
vn -0.9167 0.3771 -0.1320
vn -0.9206 0.3848 0.0657
vn -0.9140 0.3101 -0.2616
vn -0.7952 0.4069 0.4495
vn -0.8260 0.2208 0.5186
vn -0.8601 0.4548 0.2311
vn -0.6951 0.2813 0.6616
vn -0.9631 0.0212 0.2682
vn -0.9836 -0.0883 0.1573
vn -0.8983 -0.4199 0.1296
vn -0.8977 -0.4207 0.1309
vn -0.8940 -0.4259 0.1388
vn -0.8437 -0.5261 0.1069
vn -0.9614 -0.2735 0.0295
vn -0.9474 -0.3165 0.0473
vn -0.2972 -0.8850 0.3583
vn 0.9748 -0.0364 0.2199
vn 0.8584 0.3282 0.3943
vn 0.9223 0.0567 0.3823
vn 0.8605 0.0202 0.5091
vn 0.9710 -0.1165 0.2088
vn 0.9594 -0.0565 0.2763
vn 0.9915 -0.0873 0.0963
vn 0.9775 -0.1742 0.1192
vn -0.5892 0.2204 0.7774
vn -0.8274 -0.0743 0.5567
vn -0.3811 0.0195 0.9243
vn -0.3805 -0.1034 0.9190
vn -0.5338 -0.1308 0.8354
vn 0.4464 -0.8947 -0.0114
vn -0.8639 -0.4549 -0.2162
vn -0.6243 -0.6557 0.4247
vn -0.0389 -0.8443 -0.5344
vn -0.0410 -0.9117 -0.4087
vn -0.1489 -0.4620 -0.8743
vn -0.0986 -0.2479 -0.9638
vn -0.3036 -0.1508 -0.9408
vn 0.5097 -0.6430 -0.5716
vn 0.3118 -0.6147 -0.7245
vn 0.8115 -0.0382 -0.5830
vn 0.9462 -0.0220 -0.3228
vn 0.9334 -0.0581 -0.3541
vn 0.8790 -0.2620 -0.3984
vn 0.7097 -0.4977 -0.4987
vn 0.5690 -0.7382 -0.3624
vn 0.6527 -0.7074 -0.2711
vn 0.6123 -0.3392 -0.7141
vn 0.8486 -0.4429 0.2894
vn 0.7922 -0.5431 -0.2784
vn 0.6645 -0.7137 0.2215
vn -0.2299 -0.6699 -0.7060
vn 0.6221 -0.7421 -0.2495
vn 0.0686 -0.5948 -0.8009
vn 0.5561 -0.8120 -0.1773
vn 0.8829 -0.3658 -0.2945
vn 0.5969 -0.6871 -0.4142
vn 0.4319 -0.7587 -0.4877
vn 0.1494 0.1966 -0.9690
vn 0.7190 -0.6261 -0.3018
vn -0.5105 0.5440 -0.6659
vn 0.1912 0.0807 -0.9782
vn 0.5879 -0.6600 -0.4678
vn 0.7498 -0.5952 -0.2889
vn 0.6821 -0.6867 0.2513
vn 0.8824 -0.3833 0.2728
vn 0.6316 -0.6245 -0.4594
vn 0.7785 -0.5057 -0.3718
vn 0.6291 -0.6845 -0.3684
vn -0.9425 0.3245 -0.0800
vn -0.7132 0.2210 0.6652
vn -0.8991 0.4325 0.0679
vn -0.8959 0.4304 -0.1100
vn -0.7395 0.5615 -0.3714
vn -0.8788 0.4155 0.2347
vn -0.8154 0.4377 -0.3789
vn -0.8935 -0.4266 0.1398
vn -0.4370 -0.1926 0.8786
vn -0.8874 -0.4607 0.0152
vn -0.6706 -0.2922 -0.6819
vn 0.6354 0.2760 0.7212
vn -0.3876 -0.3140 0.8667
vn 0.3118 0.2159 -0.9253
vn 0.9528 0.3035 -0.0117
vn 0.3148 0.1374 -0.9392
vn -0.7241 -0.2755 -0.6323
vn -0.4133 -0.0372 0.9098
vn 0.2267 -0.1050 0.9683
vn -0.9965 -0.0321 0.0771
vn -0.3843 -0.0530 0.9217
vn -0.9811 -0.1133 0.1567
vn -0.4146 -0.0646 -0.9077
vn -0.4147 -0.0647 -0.9077
vn 0.5949 -0.0706 -0.8007
vn 0.3386 -0.0200 0.9407
vn 0.7283 -0.1359 0.6716
vn 0.9928 0.0989 0.0674
vn 0.9070 0.4121 0.0872
vn 0.8653 0.4961 -0.0712
vn 0.9546 0.2748 -0.1154
vn 0.5553 0.0818 0.8276
vn 0.9656 -0.2562 -0.0443
vn 0.8498 -0.3644 0.3808
vn 0.9136 -0.2104 0.3481
vn 0.0354 -0.1159 0.9926
vn 0.4443 0.1338 -0.8859
vn 0.5124 -0.0967 -0.8533
vn 0.7566 -0.0821 0.6487
vn -0.4669 -0.1175 0.8764
vn -0.4656 -0.1294 0.8755
vn -0.4658 -0.1280 0.8756
vn -0.3150 -0.2134 0.9248
vn -0.5784 -0.4600 0.6737
vn -0.5440 -0.5375 0.6443
vn -0.7338 -0.0367 -0.6784
vn 0.4478 0.1413 0.8829
vn 0.6015 0.0346 0.7981
vn -0.4363 -0.2464 0.8654
vn -0.6468 -0.3205 -0.6920
vn -0.6814 -0.2557 -0.6858
vn 0.3292 0.2838 -0.9006
vn 0.2762 0.3066 -0.9109
vn -0.5894 0.1373 -0.7961
vn -0.7029 0.0711 -0.7077
vn 0.9860 -0.1273 -0.1072
vn -0.2225 -0.6876 -0.6912
vn -0.3722 -0.9255 -0.0708
vn -0.3597 -0.9311 -0.0608
vn 0.3390 0.1509 0.9286
vn 0.3947 0.3586 -0.8460
vn -0.9980 -0.0478 0.0423
vn -0.9956 -0.0244 0.0902
vn -0.9956 -0.0262 0.0901
vn -0.8574 -0.5140 0.0260
vn -0.8447 -0.5348 0.0212
vn -0.9682 -0.2500 0.0094
vn -0.9565 -0.2907 0.0245
vn 0.4907 -0.1800 -0.8526
vn 0.7679 -0.6211 -0.1571
vn 0.9588 -0.1779 -0.2216
vn 0.6815 -0.1336 -0.7196
vn 0.9545 -0.2532 -0.1577
vn 0.9018 0.4193 -0.1046
vn -0.8332 -0.5467 0.0829
vn -0.5475 -0.4254 0.7206
vn -0.8668 -0.4973 -0.0359
vn -0.6251 -0.2426 -0.7419
vn 0.4514 0.0853 0.8882
vn -0.3677 -0.3764 0.8504
vn 0.3203 0.2621 -0.9103
vn 0.9572 0.2535 -0.1399
vn 0.2755 0.3823 -0.8820
vn -0.5435 -0.1392 -0.8278
vn -0.4124 -0.1408 0.9001
vn 0.0923 -0.1709 0.9809
vn -0.9973 -0.0129 0.0726
vn -0.4671 -0.1164 0.8765
vn -0.9957 -0.0226 0.0904
vn -0.6015 0.0500 -0.7973
vn -0.3223 0.1939 -0.9266
vn 0.3763 0.0557 -0.9248
vn 0.1405 -0.0750 0.9872
vn 0.7007 -0.1376 0.7001
vn 0.8841 0.4671 -0.0153
vn 0.8595 0.5112 -0.0036
vn 0.8489 0.5278 -0.0277
vn 0.9589 0.2665 -0.0973
vn 0.5845 -0.0132 0.8113
vn 0.9698 -0.0714 -0.2330
vn 0.8050 -0.5927 0.0253
vn 0.9365 -0.3257 0.1302
vn -0.3162 -0.6248 0.7139
vn -0.2653 -0.2653 0.9269
vn 0.4470 0.1695 -0.8783
vn 0.7491 -0.3363 -0.5707
vn 0.6329 -0.1704 0.7553
vn 0.6324 -0.1709 0.7556
vn 0.6350 -0.1679 0.7540
vn -0.4607 -0.3038 0.8339
vn -0.5703 -0.2456 0.7838
vn -0.5660 -0.4437 0.6948
vn -0.5186 -0.5574 0.6484
vn -0.6957 0.0686 -0.7151
vn 0.4454 0.0122 0.8953
vn 0.4448 0.0218 0.8954
vn 0.4453 0.0126 0.8953
vn 0.6048 -0.0114 0.7963
vn -0.4268 -0.2962 0.8545
vn -0.5830 -0.1178 -0.8039
vn -0.5714 -0.1315 -0.8101
vn -0.5751 -0.1325 -0.8073
vn -0.5765 -0.1329 -0.8062
vn 0.3230 0.3385 -0.8838
vn 0.2934 0.3494 -0.8899
vn -0.5737 0.2051 -0.7930
vn -0.6678 0.1523 -0.7286
vn 0.9880 -0.1275 -0.0873
vn -0.2465 -0.5542 -0.7951
vn -0.4440 -0.8870 -0.1268
vn -0.3101 -0.8812 0.3567
vn 0.3877 0.0183 0.9216
vn 0.3901 0.3932 -0.8326
vn -0.9929 -0.0982 0.0678
vn -0.9967 0.0106 0.0805
vn -0.9968 0.0121 0.0789
vn -0.9973 0.0181 0.0718
vn -0.8745 -0.4821 0.0544
vn -0.8743 -0.4822 0.0546
vn -0.8742 -0.4824 0.0550
vn -0.8415 -0.5393 0.0331
vn -0.9812 -0.1929 -0.0048
vn -0.9648 -0.2623 0.0207
vn 0.7103 -0.4148 -0.5687
vn 0.7673 -0.5965 -0.2357
vn 0.9552 -0.1781 -0.2364
vn 0.6544 -0.0722 -0.7527
vn 0.6808 -0.3797 0.6264
vn 0.9278 0.3621 -0.0898
vn -0.8740 -0.4827 0.0553
vn -0.5441 -0.4249 0.7235
vn -0.8740 -0.4839 -0.0438
vn -0.5700 -0.1311 -0.8111
vn 0.4447 0.0225 0.8954
vn -0.3615 -0.4244 0.8302
vn 0.3109 0.3123 -0.8977
vn 0.9692 0.2100 -0.1282
vn 0.2924 0.4200 -0.8592
vn -0.5164 -0.0187 -0.8561
vn -0.4067 -0.2140 0.8881
vn -0.0788 -0.3823 0.9207
vn -0.9973 0.0194 0.0703
vn -0.4777 -0.1773 0.8605
vn -0.9929 -0.0996 0.0645
vn -0.5877 0.1083 -0.8018
vn -0.3304 0.2728 -0.9036
vn 0.4276 0.1502 -0.8914
vn 0.1661 -0.1725 0.9709
vn 0.6356 -0.1672 0.7537
vn 0.9143 0.4048 0.0137
vn 0.8663 0.4974 0.0453
vn 0.8570 0.5148 0.0233
vn 0.9721 0.2218 -0.0768
vn 0.5690 -0.1046 0.8156
vn 0.9737 -0.0457 -0.2234
vn 0.7805 -0.4834 0.3965
vn 0.8002 -0.2989 0.5200
vn -0.7721 -0.6291 0.0896
vn -0.0948 -0.3075 0.9468
vn 0.5095 0.2216 -0.8314
vn 0.3768 0.0224 -0.9260
vn 0.7216 -0.2598 0.6417
vn -0.3189 -0.4143 0.8524
vn -0.6012 -0.2345 0.7639
vn -0.5964 -0.4876 0.6377
vn -0.5639 -0.5724 0.5953
vn -0.4815 0.2030 -0.8526
vn -0.4815 0.2031 -0.8526
vn 0.3908 -0.0644 0.9182
vn 0.8398 -0.1171 0.5300
vn -0.3401 -0.2872 0.8954
vn -0.5693 -0.0590 -0.8200
vn -0.5927 0.0194 -0.8052
vn 0.3926 0.2501 -0.8850
vn 0.2497 0.2931 -0.9229
vn -0.4599 0.2303 -0.8576
vn -0.4592 0.2188 -0.8610
vn -0.4592 0.2194 -0.8608
vn -0.4815 0.2032 -0.8526
vn 0.9452 -0.3263 -0.0055
vn -0.4864 -0.5904 -0.6441
vn -0.6058 -0.7592 -0.2381
vn -0.3465 -0.8895 0.2980
vn 0.4194 -0.0761 0.9046
vn 0.1473 0.3632 -0.9200
vn -0.9642 0.1552 -0.2149
vn -0.9987 0.0108 -0.0489
vn -0.8812 -0.4699 -0.0521
vn -0.8840 -0.4648 -0.0510
vn -0.8845 -0.4636 -0.0525
vn -0.8809 -0.4704 -0.0523
vn -0.9805 -0.1964 0.0024
vn -0.9832 -0.1827 -0.0019
vn 0.4622 0.1376 -0.8760
vn 0.8707 -0.4891 -0.0522
vn 0.7944 -0.5171 -0.3188
vn 0.3591 -0.2746 -0.8920
vn 0.5677 -0.6066 0.5565
vn 0.9045 0.3633 -0.2234
vn -0.8850 -0.4624 -0.0536
vn -0.5617 -0.4587 0.6886
vn -0.9020 -0.4198 -0.1003
vn -0.3613 0.0058 -0.9324
vn 0.3937 0.0042 0.9192
vn -0.3087 -0.3505 0.8842
vn 0.4049 0.3140 -0.8587
vn 0.9969 0.0494 -0.0612
vn 0.2531 0.3312 -0.9090
vn -0.4849 0.0426 -0.8735
vn -0.3302 -0.2371 0.9137
vn -0.1575 -0.2417 0.9575
vn -0.9966 -0.0720 0.0407
vn -0.3177 -0.2445 0.9161
vn -0.9959 -0.0664 -0.0619
vn -0.4599 0.2309 -0.8574
vn -0.3543 0.2861 -0.8903
vn 0.3468 0.0793 -0.9346
vn -0.0866 -0.2152 0.9727
vn 0.7705 -0.1150 0.6270
vn 0.9062 0.3775 -0.1906
vn 0.8573 0.5012 -0.1173
vn 0.9121 0.4094 0.0234
vn 0.9923 0.0345 -0.1193
vn 0.8353 -0.1654 0.5242
vn 0.9599 -0.2216 -0.1715
vn 0.8186 -0.3914 0.4205
vn 0.8193 -0.3649 0.4423
vn -0.3303 0.3595 -0.8727
vn 0.8103 -0.5855 0.0245
vn -0.8967 -0.0612 -0.4384
vn -0.9680 -0.0507 0.2458
vn -0.5435 0.5118 -0.6654
vn -0.7717 0.4760 -0.4218
vn 0.5784 -0.8110 0.0877
vn 0.1213 -0.5052 0.8544
vn -0.1727 -0.9635 0.2045
vn -0.0011 -0.6558 -0.7549
vn -0.8157 0.0684 0.5744
vn -0.9842 0.0487 -0.1702
vn -0.6286 0.0356 0.7769
vn 0.0836 -0.1444 0.9860
vn 0.9834 -0.0174 0.1804
vn 0.3446 -0.1424 0.9279
vn -0.8896 0.2106 -0.4054
vn -0.0068 0.1268 -0.9919
vn 0.0642 0.1656 -0.9841
vn 0.6012 -0.0033 -0.7991
vn 0.9029 -0.4122 -0.1219
vn 0.5334 -0.2103 -0.8193
vn -0.5385 -0.1497 0.8292
vn -0.3860 0.0753 0.9194
vn 0.9569 -0.0851 0.2776
vn 0.7636 -0.4682 -0.4446
vn -0.1086 -0.2376 -0.9653
vn 0.4491 -0.6761 -0.5841
vn 0.9426 -0.1654 0.2900
vn 0.7601 -0.1924 -0.6206
vn -0.4695 -0.8743 -0.1231
vn 0.7783 -0.5663 -0.2711
vn -0.4294 -0.8958 -0.1144
vn 0.9503 -0.2649 -0.1636
vn 0.7365 -0.4156 0.5338
vn -0.2339 -0.9255 0.2978
vn 0.3109 -0.6580 0.6859
vn -0.2887 -0.7561 0.5873
vn -0.8683 0.3240 0.3755
vn -0.6908 0.4590 -0.5587
vn -0.5885 0.1959 0.7844
vn -0.9121 0.0951 0.3989
vn -0.3937 0.0344 0.9186
vn 0.5916 -0.0195 0.8060
vn 0.9443 -0.0844 0.3179
vn 0.6343 0.0832 0.7686
vn -0.9051 0.2898 0.3110
vn -0.9095 0.2568 -0.3270
vn -0.4561 0.5414 -0.7063
vn -0.9130 0.3579 -0.1958
vn 0.2962 0.1338 -0.9457
vn -0.5545 0.4634 -0.6912
vn 0.1422 0.1493 -0.9785
vn 0.9270 -0.0459 -0.3722
vn -0.5687 0.3451 -0.7466
vn 0.1466 -0.1356 -0.9799
vn 0.5460 0.7126 -0.4405
vn 0.5316 0.8434 0.0775
vn 0.4446 0.8725 0.2025
vn -0.5965 0.3371 0.7284
vn -0.6100 0.2758 0.7428
vn 0.1854 0.9823 -0.0252
vn 0.2359 0.6448 -0.7270
vn 0.4687 0.8313 0.2989
vn 0.2735 0.8396 0.4692
vn 0.5328 0.8053 0.2600
vn 0.4700 0.8370 0.2804
vn -0.7282 0.4726 0.4964
vn -0.6119 0.5461 0.5721
vn 0.0869 0.8043 0.5878
vn 0.1182 0.6885 0.7156
vn -0.2807 0.6330 -0.7215
vn -0.2075 0.3831 -0.9001
vn 0.3103 0.8205 0.4801
vn 0.3696 0.8693 0.3282
vn 0.3270 0.9374 -0.1200
vn -0.4568 0.1338 0.8795
vn -0.4747 0.2552 0.8423
vn 0.7653 -0.5891 0.2594
vn -0.8248 0.4390 0.3564
vn 0.3429 -0.2428 0.9074
vn -0.1374 0.0811 -0.9872
vn 0.1801 0.2281 -0.9568
vn -0.6145 0.5780 -0.5369
vn -0.7002 0.4989 -0.5107
vn 0.8497 -0.4315 -0.3030
vn 0.4812 -0.2496 -0.8403
vn 0.4039 -0.0992 -0.9094
vn 0.5416 -0.0556 -0.8388
vn 0.8763 -0.4296 0.2180
vn -0.1061 0.3033 -0.9470
vn -0.7777 0.5367 -0.3274
vn 0.7545 -0.4200 -0.5043
vn -0.4424 -0.8801 -0.1722
vn -0.4418 -0.8812 -0.1683
vn -0.4424 -0.8802 -0.1718
vn -0.2123 -0.9477 -0.2383
vn -0.4282 -0.8550 -0.2927
vn -0.4795 -0.6681 -0.5690
vn -0.5534 -0.8324 0.0289
vn -0.3174 -0.8738 -0.3685
vn -0.6438 -0.7642 0.0398
vn -0.3084 -0.8113 -0.4966
vn -0.6175 0.1925 -0.7627
vn -0.8007 -0.0569 -0.5963
vn -0.9659 -0.0677 -0.2500
vn -0.3292 -0.1471 0.9327
vn -0.2831 -0.1734 0.9433
vn -0.3744 -0.2689 0.8874
vn -0.6368 0.3153 0.7036
vn -0.9841 0.1628 0.0705
vn -0.9380 -0.0481 0.3433
vn -0.9164 -0.0557 -0.3964
vn -0.0494 0.1797 -0.9825
vn -0.1499 -0.1119 -0.9823
vn -0.1498 -0.1099 -0.9826
vn -0.1451 -0.1034 -0.9840
vn -0.1542 -0.1180 -0.9810
vn -0.6740 0.0636 -0.7360
vn -0.6168 0.1349 -0.7754
vn -0.1360 -0.2497 0.9587
vn -0.1351 -0.2250 0.9649
vn -0.1353 -0.2249 0.9650
vn -0.0667 -0.1914 0.9792
vn -0.3613 -0.1499 0.9203
vn -0.5287 -0.2964 0.7954
vn 0.8765 -0.3783 0.2976
vn 0.7630 -0.5197 0.3844
vn 0.2045 0.2675 -0.9416
vn 0.2379 0.0604 -0.9694
vn -0.5924 0.6494 -0.4767
vn -0.5975 0.5084 -0.6201
vn 0.8795 -0.3776 -0.2898
vn 0.8598 -0.4449 -0.2504
vn -0.3134 -0.9137 -0.2587
vn -0.7573 -0.6354 -0.1507
vn -0.5229 -0.7266 -0.4456
vn -0.4982 -0.5519 -0.6687
vn -0.4031 -0.8683 -0.2891
vn -0.4972 -0.8645 -0.0734
vn -0.5805 -0.8086 0.0963
vn -0.6459 -0.7248 -0.2399
vn 0.3004 -0.9271 0.2242
vn -0.3421 -0.9397 -0.0033
vn -0.3420 -0.9397 -0.0051
vn -0.3419 -0.9397 -0.0059
vn -0.3422 -0.9396 -0.0026
vn -0.4418 -0.8813 -0.1678
vn -0.5299 -0.8165 -0.2291
vn 0.1786 -0.8663 -0.4665
vn -0.2618 -0.8738 -0.4098
vn -0.9048 0.4036 0.1361
vn -0.8883 0.4259 0.1719
vn 0.3378 -0.2279 0.9132
vn 0.1362 -0.3122 0.9402
vn -0.3699 0.1963 0.9081
vn -0.6075 0.1003 0.7880
vn 0.6058 -0.2984 -0.7375
vn -0.0543 0.2364 -0.9701
vn -0.1776 0.1328 -0.9751
vn -0.2166 0.2109 -0.9532
vn -0.2043 0.1321 -0.9700
vn -0.4461 -0.0280 -0.8945
vn -0.3176 -0.0677 -0.9458
vn -0.1391 0.3764 -0.9160
vn -0.2089 0.4957 -0.8430
vn -0.3025 0.5414 -0.7845
vn -0.2810 0.0754 -0.9568
vn -0.2272 0.6069 -0.7616
vn -0.3469 0.8166 -0.4613
vn -0.4807 0.2184 -0.8492
vn -0.6236 0.1465 -0.7679
vn -0.3988 -0.5328 -0.7464
vn -0.7014 0.1923 -0.6863
vn -0.2434 0.2482 -0.9376
vn -0.5031 0.0162 -0.8641
vn -0.4393 0.0263 -0.8979
vn -0.4792 -0.0236 -0.8774
vn -0.3104 0.2022 -0.9288
vn -0.5752 -0.0110 -0.8179
vn 0.0172 0.8859 -0.4635
vn -0.1869 0.8142 -0.5497
vn 0.1387 0.3174 -0.9381
vn 0.2313 0.3951 -0.8891
vn 0.0768 0.5198 -0.8508
vn 0.2501 0.2794 -0.9270
vn 0.0807 0.2115 -0.9740
vn -0.0110 0.1104 -0.9938
vn 0.0733 0.0919 -0.9931
vn 0.1620 0.1613 -0.9735
vn -0.1765 0.2572 -0.9501
vn -0.1022 0.2103 -0.9723
vn -0.1830 0.0652 -0.9810
vn 0.0876 -0.0159 -0.9960
vn 0.0962 -0.0102 -0.9953
vn 0.0851 0.3038 -0.9489
vn -0.1262 -0.1041 -0.9865
vn -0.1044 -0.1219 -0.9870
vn 0.0742 0.2410 -0.9677
vn 0.1704 0.3247 -0.9303
vn -0.2978 0.7972 -0.5251
vn -0.6984 -0.2900 0.6543
vn -0.7287 -0.3648 0.5795
vn -0.6965 -0.3120 0.6462
vn -0.7291 -0.1634 0.6646
vn -0.1603 0.2315 0.9595
vn -0.1292 -0.2041 0.9704
vn -0.1344 -0.1982 0.9709
vn -0.3398 -0.4261 0.8384
vn -0.5048 -0.3007 0.8091
vn -0.9916 -0.1240 -0.0369
vn -0.7257 -0.2785 0.6292
vn -0.9720 -0.0538 0.2289
vn -0.9726 -0.0491 0.2272
vn -0.9695 -0.0699 0.2348
vn -0.9740 -0.0390 0.2234
vn -0.5892 -0.0628 0.8056
vn -0.6483 -0.0997 0.7549
vn -0.5922 -0.3100 0.7438
vn -0.7150 -0.2624 0.6481
vn -0.7138 -0.3993 0.5753
vn -0.7469 -0.3343 0.5748
vn -0.7190 0.0612 0.6923
vn -0.7149 -0.2655 0.6468
vn -0.1114 -0.1021 0.9885
vn -0.0712 -0.0357 0.9968
vn -0.3728 -0.1823 0.9098
vn -0.4146 -0.0812 0.9064
vn -0.1717 0.0057 0.9851
vn -0.9962 -0.0424 0.0757
vn -0.8251 0.3568 0.4380
vn -0.8167 0.4211 0.3946
vn -0.4842 0.0347 0.8743
vn -0.4810 0.2688 0.8345
vn -0.7164 0.3892 -0.5791
vn -0.4804 0.8760 0.0442
vn -0.3933 0.9194 0.0036
vn -0.9471 0.3173 0.0476
vn -0.9276 0.3707 0.0454
vn -0.9275 0.3709 0.0459
vn -0.9295 0.3668 0.0381
vn -0.9275 0.3710 0.0461
vn -0.7818 0.6235 0.0041
vn -0.7827 0.6223 0.0025
vn -0.7772 0.6291 0.0117
vn -0.7868 0.6172 -0.0044
vn -0.7549 0.5652 0.3326
vn -0.9183 0.2932 0.2660
vn -0.8564 0.5162 -0.0137
vn -0.3628 0.8550 0.3706
vn -0.3058 0.8994 0.3123
vn -0.1173 0.9082 0.4018
vn -0.8957 0.3182 0.3107
vn -0.3628 0.9305 0.0511
vn -0.8386 0.3337 0.4306
vn -0.8662 0.4774 0.1479
vn -0.7990 0.5977 0.0664
vn -0.1175 0.3776 0.9185
vn -0.0849 0.3935 0.9154
vn -0.0735 0.3364 0.9388
vn -0.1408 0.0665 0.9878
vn -0.4140 0.3072 0.8569
vn -0.3721 0.2866 0.8828
vn -0.7763 0.2437 0.5814
vn 0.0273 0.5144 -0.8571
vn 0.0728 0.5418 -0.8373
vn 0.0131 0.3866 -0.9221
vn 0.1089 0.5405 -0.8343
vn -0.2196 0.2277 0.9487
vn -0.1299 0.6580 0.7417
vn -0.2982 0.3805 0.8754
vn -0.9275 -0.1941 0.3195
vn -0.9579 0.1976 0.2085
vn -0.8584 0.4548 0.2374
vn -0.5954 0.4931 0.6343
vn -0.5841 0.4199 0.6946
vn -0.6151 0.1810 0.7674
vn -0.9216 -0.1942 -0.3362
vn -0.8807 0.1879 -0.4349
vn -0.8788 0.1121 -0.4639
vn -0.6193 -0.0672 -0.7823
vn -0.1276 -0.0923 0.9875
vn -0.2072 0.3955 0.8948
vn -0.1996 -0.0019 0.9799
vn -0.6976 0.5003 0.5129
vn -0.6934 0.4162 0.5882
vn -0.7571 0.2173 0.6161
vn 0.0196 0.6265 0.7792
vn 0.0485 0.7405 -0.6704
vn 0.2477 0.1186 0.9616
vn 0.2663 0.2027 0.9423
vn 0.6383 0.7665 -0.0710
vn 0.6382 0.7666 -0.0711
vn 0.6383 0.7665 -0.0711
vn 0.0949 0.5630 0.8210
vn 0.1616 0.7996 0.5784
vn 0.3078 0.5983 0.7398
vn 0.3095 0.5953 0.7415
vn 0.2966 0.6206 0.7259
vn 0.2273 0.9726 0.0496
vn 0.3162 0.8743 0.3682
vn 0.3576 0.8348 0.4185
vn 0.1857 0.9327 -0.3090
vn 0.2302 0.8665 0.4429
vn 0.1964 0.9805 0.0098
vn 0.0783 0.8947 -0.4398
vn 0.1462 0.9245 -0.3521
vn 0.2665 0.8972 -0.3520
vn 0.0301 0.7422 0.6695
vn 0.0370 0.7455 0.6655
vn 0.0369 0.7455 0.6655
vn 0.1740 0.9775 -0.1190
vn 0.5035 0.7205 -0.4768
vn 0.5591 0.6801 -0.4742
vn 0.1766 0.6525 0.7369
vn 0.1386 0.6647 0.7341
vn -0.0390 0.5804 0.8134
vn 0.0305 0.7422 0.6694
vn 0.1369 0.9142 0.3814
vn 0.2742 0.8428 0.4632
vn 0.0420 0.2294 0.9724
vn 0.0870 0.1921 0.9775
vn 0.1023 0.0506 0.9935
vn 0.0689 0.0943 0.9932
vn 0.0371 -0.5573 0.8295
vn 0.0861 -0.4696 0.8786
vn 0.0229 0.3184 0.9477
vn 0.0337 0.3341 0.9419
vn 0.1143 0.4261 -0.8974
vn 0.0545 0.2710 -0.9610
vn 0.0453 0.2670 -0.9626
vn 0.1008 0.1889 -0.9768
vn 0.2792 0.0818 0.9568
vn 0.3570 -0.3528 0.8649
vn 0.4560 -0.5717 0.6821
vn 0.2539 0.4958 0.8305
vn 0.2612 0.4693 0.8435
vn 0.2408 0.4375 0.8664
vn 0.2789 0.1823 0.9428
vn 0.4149 -0.0657 0.9075
vn 0.3042 0.1077 0.9465
vn 0.3041 0.1127 0.9459
vn 0.3105 0.5919 0.7438
vn 0.2887 0.1772 -0.9409
vn 0.2847 0.0977 -0.9536
vn 0.6247 0.0042 -0.7809
vn 0.6693 -0.0300 -0.7424
vn 0.6715 0.7410 -0.0047
vn 0.6205 -0.6996 0.3542
vn -0.7968 0.2978 -0.5257
vn 0.9383 -0.0336 0.3441
vn 0.9286 -0.2610 0.2638
vn 0.8658 0.4928 0.0868
vn 0.8662 0.4255 0.2619
vn 0.2340 0.9307 -0.2811
vn 0.1997 0.5680 -0.7984
vn 0.4294 0.4106 -0.8044
vn -0.2062 0.8389 -0.5037
vn 0.2588 0.4137 -0.8729
vn 0.1452 0.2786 -0.9494
vn 0.8712 -0.0188 0.4906
vn -0.6651 0.6069 -0.4351
vn -0.2409 0.8358 -0.4934
vn 0.4141 0.8585 -0.3026
vn 0.2017 0.1816 0.9625
vn 0.8927 -0.0588 0.4468
vn 0.9281 0.0694 0.3658
vn 0.7563 -0.0770 0.6497
vn 0.7545 -0.0795 0.6515
vn 0.7532 -0.0805 0.6528
vn 0.7550 -0.0786 0.6510
vn 0.9673 0.1527 0.2025
vn 0.2254 -0.4867 0.8440
vn 0.2368 -0.3962 0.8871
vn 0.2596 -0.3818 0.8870
vn 0.3759 -0.6063 0.7008
vn 0.6982 -0.6964 0.1658
vn 0.5447 -0.5435 0.6387
vn 0.5471 -0.5181 0.6575
vn 0.7063 -0.5746 0.4135
vn 0.9016 0.1959 -0.3856
vn 0.8770 -0.0396 -0.4788
vn 0.3397 -0.4979 -0.7980
vn 0.3532 -0.5503 -0.7566
vn 0.3616 -0.5829 -0.7276
vn 0.9412 0.0980 -0.3232
vn 0.5143 0.1978 -0.8345
vn 0.4895 0.2159 -0.8449
vn 0.7917 -0.6080 0.0590
vn 0.0478 0.2931 -0.9549
vn 0.1099 0.2697 -0.9567
vn 0.0674 -0.4454 -0.8928
vn -0.0461 -0.5707 -0.8198
vn -0.0061 -0.6097 -0.7926
vn 0.7326 -0.5291 0.4281
vn 0.3260 -0.4500 -0.8314
vn 0.7360 0.0986 -0.6697
vn 0.1556 -0.4118 0.8979
vn 0.1557 -0.4122 0.8977
vn 0.1386 -0.3968 0.9074
vn 0.3366 -0.3971 0.8538
vn 0.2739 -0.3079 0.9111
vn 0.1694 -0.4244 0.8895
vn 0.1081 0.2123 -0.9712
vn 0.0531 0.2550 -0.9655
vn 0.0935 -0.0124 -0.9955
vn 0.4902 -0.2998 0.8184
vn 0.5176 -0.3190 0.7940
vn 0.9850 0.0581 0.1623
vn 0.9494 -0.1042 0.2964
vn 0.6119 -0.4049 0.6794
vn 0.9621 -0.1178 0.2459
vn 0.9671 -0.0896 0.2380
vn 0.9623 -0.1233 0.2425
vn 0.9525 -0.0664 -0.2971
vn 0.9580 -0.0326 -0.2850
vn 0.9559 -0.0468 -0.2900
vn 0.7960 0.0188 -0.6050
vn 0.3327 0.0860 -0.9391
vn 0.2519 0.1420 -0.9573
vn 0.9326 0.0339 -0.3594
vn 0.9549 0.1235 -0.2699
vn 0.5943 0.0863 -0.7996
vn 0.5906 0.0698 -0.8040
vn 0.5921 0.0764 -0.8023
vn 0.5958 0.0936 -0.7976
vn 0.4341 -0.8192 0.3747
vn 0.2747 0.9592 -0.0661
vn -0.7535 -0.6167 -0.2279
vn -0.0959 -0.9633 0.2509
vn 0.6837 -0.3932 -0.6148
vn 0.6063 -0.3312 -0.7230
vn 0.6059 -0.3407 -0.7189
vn 0.6062 -0.3328 -0.7223
vn -0.7658 0.2979 -0.5699
vn 0.5465 -0.2186 -0.8084
vn 0.5450 -0.2187 -0.8094
vn 0.5449 -0.2187 -0.8095
vn 0.4674 -0.5477 -0.6940
vn 0.8227 0.5069 0.2573
vn 0.8145 0.4641 0.3481
vn -0.3332 0.8826 -0.3317
vn -0.1308 -0.6552 -0.7441
vn 0.1620 -0.5726 -0.8037
vn 0.5745 -0.4934 0.6531
vn 0.5866 -0.6895 0.4248
vn 0.6275 0.5050 -0.5926
vn 0.5952 0.3162 -0.7388
vn 0.6736 0.4105 -0.6146
vn -0.0313 0.3503 -0.9361
vn -0.0151 0.3217 -0.9467
vn -0.0749 0.5188 -0.8516
vn -0.3912 -0.2312 -0.8908
vn -0.3134 -0.2808 -0.9072
vn -0.4161 -0.1390 -0.8986
vn -0.0271 -0.7178 -0.6957
vn -0.1444 -0.7158 -0.6832
vn -0.1782 -0.6249 -0.7601
vn -0.1775 -0.6250 -0.7602
vn -0.1802 -0.6248 -0.7597
vn -0.1808 -0.6247 -0.7596
vn 0.3453 -0.8802 -0.3256
vn 0.2624 -0.9250 -0.2749
vn 0.0581 -0.9297 -0.3638
vn 0.9863 0.0302 -0.1620
vn 0.8528 -0.1991 0.4828
vn 0.9718 0.0395 -0.2323
vn 0.8733 -0.4746 0.1103
vn 0.5976 -0.8018 -0.0027
vn 0.7634 -0.5723 0.2995
vn 0.8703 0.1750 -0.4604
vn 0.8729 0.1772 -0.4546
vn 0.8733 0.1776 -0.4536
vn 0.8696 0.1745 -0.4618
vn 0.9639 0.0827 -0.2531
vn -0.8564 0.0412 -0.5147
vn 0.8340 0.0108 0.5517
vn 0.8385 0.0014 0.5449
vn 0.4820 -0.0473 0.8749
vn 0.5656 0.0523 0.8230
vn 0.4737 -0.0566 0.8789
vn 0.2634 0.7990 -0.5406
vn -0.0821 0.8334 -0.5465
vn 0.0011 0.9598 -0.2808
vn 0.1077 0.9221 -0.3717
vn 0.1562 0.8975 -0.4125
vn 0.0791 0.9708 0.2264
vn 0.4299 0.4333 0.7921
vn 0.5126 -0.3181 0.7975
vn 0.3919 -0.1432 0.9088
vn 0.6541 -0.1677 0.7376
vn -0.2565 0.2612 -0.9306
vn -0.4581 0.3593 -0.8130
vn -0.4216 0.3426 -0.8396
vn 0.9200 -0.0496 0.3887
vn 0.4219 -0.9016 0.0960
vn 0.2405 -0.9642 0.1121
vn 0.2485 -0.9621 0.1119
vn 0.9714 -0.1562 0.1786
vn 0.3908 -0.1983 -0.8989
vn -0.1734 -0.0342 -0.9843
vn -0.2006 0.2325 -0.9517
vn 0.9608 -0.0120 -0.2771
vn 0.9622 0.0619 -0.2651
vn 0.6358 0.6461 0.4223
vn 0.6321 0.6440 0.4309
vn 0.6400 0.6479 0.4130
vn 0.1204 0.9518 -0.2821
vn 0.0504 0.9254 -0.3757
vn 0.7994 -0.3605 0.4807
vn 0.2131 -0.9766 0.0273
vn 0.2306 -0.9728 0.0231
vn 0.2967 -0.9549 0.0069
vn -0.6313 -0.7094 -0.3133
vn -0.6980 -0.6550 -0.2896
vn -0.9099 0.1182 -0.3976
vn 0.6712 0.1435 0.7273
vn 0.7339 0.2067 0.6471
vn 0.7677 -0.5885 0.2536
vn 0.1240 -0.9911 0.0483
vn 0.7222 -0.2011 0.6618
vn 0.7662 -0.2212 0.6034
vn 0.7674 -0.2196 0.6024
vn 0.7649 -0.1681 0.6218
vn -0.8529 -0.0853 -0.5151
vn -0.1176 0.2227 -0.9678
vn -0.7265 0.0732 -0.6832
vn 0.6360 -0.7682 0.0731
vn -0.2774 -0.8119 -0.5137
vn 0.6797 0.1145 0.7245
vn 0.5288 -0.2972 0.7950
vn 0.9707 -0.1463 0.1903
vn 0.9695 -0.0811 -0.2311
vn 0.9350 -0.3404 0.0995
vn 0.9538 -0.1469 -0.2620
vn 0.5441 -0.0662 -0.8364
vn 0.7235 0.6056 0.3314
vn 0.7245 0.6045 0.3312
vn 0.7225 0.6066 0.3316
vn 0.1964 0.9539 -0.2269
vn 0.6931 -0.5055 0.5138
vn 0.7187 -0.4835 0.4996
vn 0.7932 0.0717 0.6048
vn 0.8570 0.1555 0.4913
vn -0.2452 0.8379 -0.4876
vn -0.5798 0.5625 -0.5894
vn -0.5838 0.5861 -0.5618
vn -0.5787 0.5490 -0.6031
vn 0.7937 -0.2326 0.5621
vn 0.8042 -0.2221 0.5514
vn 0.0894 0.2855 0.9542
vn 0.0039 0.9030 0.4297
vn 0.3703 0.7335 -0.5700
vn -0.0123 0.9709 0.2393
vn -0.0760 0.9716 0.2240
vn 0.0283 0.7416 -0.6702
vn -0.3144 0.8193 -0.4794
vn -0.1050 0.5968 -0.7955
vn -0.5758 0.5355 -0.6179
vn 0.9406 -0.1150 -0.3196
vn 0.9631 -0.0111 -0.2688
vn 0.9981 -0.0407 0.0471
vn 0.9847 -0.1724 -0.0268
vn 0.8531 -0.4505 0.2631
vn 0.8875 -0.3953 0.2367
vn 0.8916 0.0383 0.4511
vn 0.6512 0.7585 0.0261
vn 0.6482 0.7615 0.0002
vn 0.8684 -0.1947 0.4561
vn 0.9028 -0.0005 0.4302
vn 0.1690 0.9142 -0.3684
vn 0.5672 0.8156 0.1144
vn 0.5646 0.8174 0.1142
vn 0.5619 0.8193 0.1140
vn -0.3197 0.8345 -0.4488
vn -0.0253 0.9731 -0.2288
vn -0.0063 0.9052 0.4250
vn 0.1209 0.6317 0.7657
vn 0.2140 0.8598 0.4636
vn 0.1734 0.8533 0.4917
vn -0.1061 0.9531 -0.2835
vn 0.9338 -0.0331 0.3563
vn -0.6112 0.4378 -0.6593
vn 0.6469 0.7597 -0.0659
vn 0.8206 0.5454 0.1706
vn 0.4315 0.8902 -0.1460
vn 0.3075 0.7566 -0.5770
vn -0.4124 -0.0613 -0.9089
vn -0.3720 0.4365 -0.8192
vn -0.7933 -0.0208 -0.6085
vn -0.8345 0.0771 -0.5456
vn -0.7435 -0.1132 -0.6591
vn -0.8571 -0.4001 -0.3246
vn 0.4569 0.8751 -0.1595
vn -0.5285 -0.8217 0.2132
vn -0.5333 -0.8181 0.2153
vn -0.5281 -0.8220 0.2130
vn -0.6866 -0.7010 -0.1928
vn -0.7100 -0.6718 -0.2109
vn 0.7272 0.3282 0.6029
vn -0.5232 -0.5159 0.6783
vn -0.0433 0.8445 -0.5338
vn -0.9018 -0.3318 -0.2768
vn -0.7392 -0.5469 -0.3930
vn -0.0321 0.8936 -0.4476
vn 0.5294 0.8483 -0.0098
vn 0.1867 0.7619 -0.6202
vn 0.2400 0.7584 -0.6060
vn -0.4243 0.1235 -0.8970
vn -0.3475 0.3257 -0.8793
vn -0.6152 -0.5988 -0.5128
vn 0.6435 0.7533 -0.1358
vn 0.6840 0.7232 -0.0958
vn -0.3636 -0.0147 -0.9314
vn -0.2998 0.0075 -0.9540
vn 0.2691 0.6611 -0.7004
vn 0.3092 0.6612 -0.6836
vn 0.7964 0.2623 0.5450
vn 0.7880 0.4369 0.4338
vn -0.3769 -0.7164 0.5871
vn 0.6716 -0.7084 0.2173
vn 0.0203 0.9287 -0.3703
vn 0.6948 0.7119 0.1028
vn -0.8071 -0.1257 -0.5769
vn -0.1055 0.9727 -0.2068
vn -0.7010 -0.1783 -0.6905
vn 0.2635 0.7729 -0.5773
vn -0.7140 0.3973 -0.5765
vn -0.7721 0.4912 -0.4032
vn -0.5981 -0.7441 -0.2976
vn -0.5233 -0.8257 0.2108
vn 0.0882 -0.6637 0.7428
vn 0.5652 0.8147 -0.1298
vn 0.5572 0.8300 -0.0241
vn -0.1733 -0.9740 -0.1456
vn 0.5927 -0.7498 0.2943
vn -0.5972 0.4496 -0.6642
vn 0.9611 0.1772 0.2116
vn 0.6587 -0.6528 0.3741
vn 0.5910 0.8056 0.0417
vn 0.5595 0.7823 0.2739
vn 0.5779 0.8128 0.0733
vn -0.1681 -0.9059 0.3887
vn 0.0400 -0.9991 0.0138
vn 0.8843 0.3264 0.3339
vn 0.5491 0.7907 0.2706
vn 0.2780 -0.8433 0.4599
vn 0.2352 -0.8667 0.4399
vn 0.2345 -0.8669 0.4398
vn 0.3849 -0.6416 0.6635
vn -0.5148 -0.7275 -0.4535
vn -0.6310 -0.7343 -0.2504
vn -0.1637 -0.9819 0.0953
vn -0.7346 -0.6193 -0.2770
vn -0.7744 -0.2187 -0.5937
vn -0.5231 0.1172 -0.8442
vn -0.7002 -0.5420 -0.4648
vn -0.7194 -0.5516 -0.4221
vn 0.2565 0.5935 -0.7629
vn -0.3697 -0.8047 0.4645
vn 0.4842 -0.1008 0.8691
vn -0.4075 -0.7915 0.4555
vn 0.4675 0.0006 0.8840
vn 0.6938 0.4873 0.5303
vn 0.7050 0.7071 -0.0546
vn 0.1379 0.5867 -0.7979
vn -0.4221 -0.0829 -0.9027
vn 0.6160 0.7697 -0.1675
vn -0.3846 0.1338 -0.9133
vn 0.1641 0.7150 -0.6796
vn 0.0784 -0.4644 0.8821
vn 0.4574 -0.1098 0.8825
vn 0.7032 0.7030 -0.1063
vn 0.7434 0.4952 0.4496
vn 0.7448 0.4938 0.4488
vn 0.7441 0.4945 0.4492
vn 0.7640 0.6385 -0.0931
vn 0.7104 0.6816 -0.1754
vn -0.3664 -0.1397 -0.9199
vn -0.3405 -0.0396 -0.9394
vn 0.3307 0.5319 -0.7796
vn 0.3543 0.5797 -0.7337
vn 0.6706 0.1913 0.7167
vn 0.6708 0.1933 0.7160
vn 0.6700 0.1862 0.7187
vn 0.5164 -0.1532 0.8425
vn 0.1247 -0.5166 0.8471
vn -0.0927 -0.6977 0.7103
vn -0.6487 -0.6512 -0.3938
vn -0.5996 -0.6351 -0.4869
vn 0.4270 -0.2013 0.8816
vn 0.4021 0.0832 0.9118
vn 0.5789 0.0417 0.8144
vn 0.6732 -0.0428 0.7382
vn 0.7136 0.1690 0.6799
vn 0.7622 0.4582 0.4572
vn 0.7427 0.4419 0.5031
vn 0.7700 0.4101 0.4888
vn 0.6697 0.1843 0.7194
vn 0.7710 0.1004 0.6288
vn 0.2991 -0.3543 0.8860
vn -0.1956 -0.4969 0.8455
vn -0.4008 -0.8712 0.2836
vn 0.2513 -0.4257 0.8693
vn 0.2701 -0.4367 0.8581
vn -0.3792 -0.8851 0.2700
vn 0.1873 -0.2253 0.9561
vn 0.3340 -0.0937 0.9379
vn 0.5037 -0.0337 0.8632
vn 0.1832 -0.8914 0.4145
vn -0.0816 -0.4113 0.9078
vn -0.0513 -0.7652 0.6417
vn -0.0998 -0.4213 0.9014
vn -0.6408 -0.7667 0.0405
vn -0.6591 -0.7497 0.0602
vn -0.7728 -0.2856 0.5667
vn -0.2982 -0.2281 0.9268
vn 0.1554 0.3330 0.9300
vn -0.2666 -0.4299 -0.8626
vn 0.3106 -0.0678 -0.9481
vn -0.7915 -0.4832 -0.3743
vn -0.7910 -0.4886 -0.3682
vn -0.7911 -0.4875 -0.3695
vn -0.2618 -0.4213 -0.8683
vn -0.5207 -0.3137 -0.7940
vn -0.3644 0.2264 -0.9033
vn -0.3741 0.4767 -0.7955
vn -0.0465 -0.5432 0.8383
vn -0.5991 -0.1154 -0.7923
vn -0.6941 -0.2269 -0.6832
vn -0.3167 -0.6306 0.7086
vn 0.5532 -0.1171 0.8248
vn 0.5563 -0.1265 0.8213
vn 0.5567 -0.1277 0.8208
vn 0.6364 0.0211 0.7711
vn 0.6679 -0.2154 0.7124
vn 0.6778 -0.3512 0.6460
vn 0.6120 0.3399 -0.7141
vn 0.0603 0.8217 -0.5668
vn -0.5573 0.1630 -0.8142
vn -0.4702 0.6569 -0.5893
vn -0.8444 -0.2139 -0.4911
vn -0.8421 -0.2176 -0.4935
vn -0.8424 -0.2172 -0.4932
vn -0.5531 -0.1975 0.8094
vn -0.4668 -0.0301 0.8838
vn -0.3861 -0.3162 0.8666
vn -0.4499 -0.2990 0.8416
vn -0.5107 -0.3044 -0.8040
vn -0.6977 -0.5328 -0.4789
vn 0.7980 -0.0614 0.5996
vn 0.8317 0.0100 0.5551
vn 0.9865 0.0947 0.1338
vn 0.9619 0.2220 0.1592
vn 0.9261 0.1999 0.3200
vn 0.8548 0.3433 -0.3893
vn 0.8901 0.4022 0.2144
vn 0.1357 -0.4805 0.8665
vn 0.0623 -0.3673 0.9280
vn -0.7094 -0.1120 -0.6959
vn -0.5584 -0.2728 -0.7834
vn -0.1563 0.2423 -0.9575
vn 0.8666 0.4784 -0.1419
vn 0.7898 0.5721 -0.2211
vn -0.8128 -0.5174 -0.2679
vn 0.7482 0.3272 0.5771
vn 0.6080 0.0818 0.7897
vn 0.1416 0.8112 -0.5674
vn 0.4669 0.8563 -0.2209
vn 0.0861 0.6632 -0.7434
vn 0.6474 0.1285 0.7513
vn 0.5400 0.2637 0.7993
vn 0.0101 -0.5413 0.8408
vn 0.1523 -0.6386 0.7543
vn 0.0542 -0.2939 0.9543
vn -0.6447 -0.7041 -0.2977
vn -0.6928 -0.6747 -0.2548
vn -0.6482 -0.5365 -0.5405
vn -0.6916 -0.5733 -0.4393
vn -0.5997 -0.7119 -0.3655
vn -0.5689 -0.8214 -0.0406
vn -0.6214 -0.5791 -0.5277
vn -0.6229 -0.6859 -0.3761
vn -0.4507 -0.7974 -0.4012
vn -0.4278 -0.2562 0.8668
vn -0.5327 -0.2270 0.8153
vn 0.6532 -0.2017 0.7299
vn 0.3561 0.3271 -0.8753
vn 0.3673 0.1402 -0.9195
vn -0.4754 0.2608 -0.8402
vn -0.4624 0.1931 -0.8654
vn 0.4169 -0.6758 0.6078
vn 0.2747 0.1493 -0.9499
vn 0.5811 -0.6264 0.5195
vn 0.1983 0.3041 -0.9318
vn 0.7346 -0.6109 0.2951
vn 0.2497 0.1865 -0.9502
vn 0.1206 0.4982 -0.8586
vn 0.5633 0.4084 -0.7183
vn -0.8690 -0.4252 -0.2530
vn 0.5574 -0.3936 -0.7310
vn 0.8316 -0.4951 -0.2514
vn 0.8276 -0.5045 -0.2461
vn 0.8277 -0.5043 -0.2462
vn 0.8273 -0.5051 -0.2458
vn -0.4439 -0.3624 0.8195
vn -0.5108 0.1199 -0.8513
vn 0.5517 0.4556 0.6987
vn 0.5917 0.3241 0.7381
vn 0.8590 -0.4357 0.2688
vn 0.8600 0.2848 0.4235
vn 0.8921 0.4340 -0.1257
vn 0.9314 0.3606 -0.0500
vn 0.9538 0.2817 -0.1048
vn 0.7224 0.5997 -0.3442
vn 0.9588 0.2777 -0.0600
vn 0.9587 0.2781 -0.0598
vn 0.9563 0.2863 -0.0594
vn 0.9068 0.3891 0.1623
vn 0.9043 0.3996 0.1500
vn 0.5747 0.8075 -0.1329
vn 0.6808 0.7258 -0.0988
vn 0.7208 0.6872 0.0910
vn 0.6761 0.6960 -0.2417
vn 0.6742 0.5663 0.4741
vn 0.7813 0.3966 0.4820
vn 0.6735 0.6863 0.2746
vn 0.6685 0.3650 0.6480
vn 0.9272 0.3325 0.1723
vn 0.9624 0.2696 0.0326
vn 0.9951 -0.0519 -0.0837
vn 0.9952 -0.0612 -0.0764
vn 0.9951 -0.0532 -0.0827
vn 0.9779 -0.1623 -0.1316
vn 0.9818 0.1267 -0.1415
vn 0.9876 0.0787 -0.1360
vn 0.6533 -0.7554 0.0519
vn -0.8360 -0.4667 0.2885
vn -0.8228 -0.1385 0.5512
vn -0.7885 -0.4020 0.4655
vn -0.6940 -0.4404 0.5696
vn -0.8066 -0.5338 0.2538
vn -0.8037 -0.4920 0.3347
vn -0.8579 -0.4890 0.1574
vn -0.8101 -0.5662 0.1522
vn 0.6158 0.2418 0.7499
vn 0.8935 0.1258 0.4310
vn 0.5249 -0.0532 0.8495
vn 0.5664 -0.1614 0.8082
vn 0.6998 -0.1058 0.7065
vn -0.0971 -0.9674 -0.2338
vn 0.9075 -0.0143 -0.4198
vn 0.8854 -0.4391 0.1526
vn 0.2260 -0.6080 -0.7611
vn 0.2764 -0.6970 -0.6617
vn 0.1254 -0.1442 -0.9816
vn -0.0135 0.0476 -0.9988
vn 0.1446 0.2088 -0.9672
vn -0.3542 -0.6352 -0.6864
vn -0.3542 -0.6352 -0.6863
vn -0.2132 -0.4961 -0.8417
vn -0.8448 -0.2132 -0.4907
vn -0.9223 -0.3135 -0.2261
vn -0.9041 -0.3331 -0.2676
vn -0.7915 -0.4826 -0.3750
vn -0.5737 -0.6018 -0.5556
vn -0.3336 -0.7928 -0.5101
vn -0.4030 -0.8200 -0.4064
vn -0.5828 -0.3716 -0.7227
vn -0.5642 -0.7950 0.2228
vn -0.5898 -0.7269 -0.3519
vn -0.3141 -0.9474 0.0613
vn 0.3056 -0.3373 -0.8904
vn -0.3586 -0.8440 -0.3989
vn -0.0126 -0.3650 -0.9309
vn -0.2593 -0.8974 -0.3570
vn -0.7381 -0.6010 -0.3065
vn -0.3874 -0.7460 -0.5416
vn -0.2258 -0.7275 -0.6479
vn -0.3974 0.3467 -0.8496
vn -0.4983 -0.7664 -0.4054
vn 0.1448 0.8420 -0.5197
vn -0.3969 0.2295 -0.8887
vn -0.3992 -0.7056 -0.5854
vn -0.5348 -0.7541 -0.3812
vn -0.3338 -0.9374 0.0992
vn -0.6193 -0.7514 0.2277
vn -0.4501 -0.6932 -0.5629
vn -0.6088 -0.6661 -0.4310
vn -0.4086 -0.7672 -0.4943
vn 0.7331 0.6768 -0.0673
vn 0.7069 0.3177 0.6320
vn 0.6847 0.7206 0.1092
vn 0.6474 0.7598 -0.0603
vn 0.4065 0.8772 -0.2556
vn 0.7052 0.6578 0.2647
vn 0.5180 0.7987 -0.3063
vn 0.9952 -0.0623 -0.0756
vn 0.6413 -0.2090 0.7383
vn 0.9769 -0.0653 -0.2036
vn 0.5814 0.1654 -0.7967
vn -0.5357 -0.1752 0.8260
vn 0.6364 -0.3334 0.6956
vn -0.5441 0.2899 -0.7873
vn -0.9809 -0.1009 0.1666
vn -0.5221 0.2221 -0.8234
vn 0.6343 0.1893 -0.7496
vn 0.5714 -0.0875 0.8160
vn 0.0209 -0.4125 0.9107
vn 0.9387 0.3436 -0.0283
vn 0.5527 -0.1158 0.8253
vn 0.9688 0.2465 0.0248
vn 0.2225 0.3210 -0.9205
vn 0.2226 0.3210 -0.9205
vn 0.2227 0.3210 -0.9205
vn -0.6782 -0.1053 -0.7273
vn -0.1168 -0.3743 0.9199
vn -0.4861 -0.5660 0.6658
vn -0.9301 -0.3172 0.1850
vn -0.9575 -0.0099 0.2884
vn -0.9802 0.1187 0.1588
vn -0.9930 -0.1024 0.0596
vn -0.3732 -0.3418 0.8625
vn -0.8028 -0.5956 -0.0285
vn -0.5748 -0.7474 0.3331
vn -0.6936 -0.6278 0.3533
vn 0.2046 -0.3530 0.9130
vn -0.6288 0.1555 -0.7618
vn -0.6040 -0.0837 -0.7926
vn -0.5354 -0.5238 0.6625
vn 0.6420 -0.1299 0.7556
vn 0.6445 -0.1395 0.7518
vn 0.6448 -0.1408 0.7512
vn 0.5461 -0.2862 0.7873
vn 0.8241 -0.3424 0.4513
vn 0.8139 -0.4178 0.4037
vn 0.5504 0.4163 -0.7237
vn -0.2848 -0.2599 0.9227
vn -0.4048 -0.3949 0.8248
vn 0.6570 -0.2538 0.7099
vn 0.5676 0.1333 -0.8125
vn 0.5777 0.2029 -0.7906
vn -0.5790 0.3375 -0.7422
vn -0.5406 0.3809 -0.7501
vn 0.3338 0.5424 -0.7709
vn 0.4785 0.5070 -0.7169
vn -0.8792 -0.4741 -0.0485
vn 0.3081 -0.3594 -0.8809
vn 0.6512 -0.6598 -0.3750
vn 0.6438 -0.6720 -0.3660
vn -0.1795 -0.2197 0.9589
vn -0.6544 0.3652 -0.6621
vn 0.9386 0.3386 -0.0661
vn 0.9378 0.3470 -0.0134
vn 0.9377 0.3471 -0.0134
vn 0.9383 0.3455 -0.0140
vn 0.9702 -0.1270 -0.2062
vn 0.9649 -0.1494 -0.2158
vn 0.9758 0.1550 -0.1543
vn 0.9823 0.1106 -0.1509
vn -0.5547 -0.1494 -0.8185
vn -0.5162 -0.8155 -0.2618
vn -0.8591 -0.4811 -0.1747
vn -0.7193 -0.2146 -0.6607
vn -0.8161 -0.5616 -0.1366
vn -0.9932 0.0441 0.1077
vn 0.9708 -0.1790 -0.1596
vn 0.7929 -0.3349 0.5090
vn 0.9608 -0.0938 -0.2611
vn 0.5104 0.2059 -0.8349
vn -0.2674 -0.3124 0.9116
vn 0.6368 -0.3927 0.6636
vn -0.5652 0.3240 -0.7586
vn -0.9927 -0.1165 0.0302
vn -0.5608 0.4416 -0.7004
vn 0.3825 0.2862 -0.8785
vn 0.6049 -0.1776 0.7762
vn 0.1695 -0.4215 0.8909
vn 0.9318 0.3621 -0.0269
vn 0.6417 -0.1289 0.7560
vn 0.9372 0.3486 -0.0127
vn 0.3753 0.4699 -0.7990
vn 0.0438 0.5191 -0.8536
vn -0.5469 0.1220 -0.8282
vn 0.0931 -0.3566 0.9296
vn -0.4546 -0.5635 0.6898
vn -0.9761 0.0723 0.2051
vn -0.9667 0.1183 0.2270
vn -0.9676 0.1430 0.2079
vn -0.9904 -0.1159 0.0748
vn -0.3699 -0.4337 0.8216
vn -0.9088 -0.3881 -0.1531
vn -0.5240 -0.8483 -0.0765
vn -0.7172 -0.6874 0.1142
vn 0.6497 -0.6012 0.4651
vn 0.5193 -0.3524 0.7786
vn -0.6424 0.1845 -0.7439
vn -0.6807 -0.4567 -0.5728
vn -0.3701 -0.5791 0.7264
vn -0.3733 -0.5774 0.7261
vn -0.3694 -0.5795 0.7264
vn 0.6932 -0.2878 0.6607
vn 0.7633 -0.1812 0.6201
vn 0.8111 -0.3379 0.4774
vn 0.7984 -0.4464 0.4040
vn 0.4713 0.5037 -0.7240
vn -0.2348 -0.3767 0.8961
vn -0.2349 -0.3763 0.8962
vn -0.2377 -0.3679 0.8990
vn -0.3921 -0.4366 0.8097
vn 0.6636 -0.2992 0.6856
vn 0.4159 0.3150 -0.8531
vn 0.4089 0.2998 -0.8620
vn 0.4148 0.2997 -0.8592
vn 0.4132 0.2997 -0.8599
vn -0.5892 0.3846 -0.7106
vn -0.5671 0.4073 -0.7159
vn 0.2963 0.5958 -0.7465
vn 0.4137 0.5704 -0.7096
vn -0.8769 -0.4797 -0.0294
vn 0.2627 -0.2067 -0.9425
vn 0.6924 -0.5841 -0.4235
vn 0.6635 -0.7465 0.0503
vn -0.1790 -0.3549 0.9176
vn -0.6597 0.3947 -0.6396
vn 0.9567 0.2857 -0.0563
vn 0.9245 0.3809 -0.0124
vn 0.9207 0.3898 -0.0185
vn 0.9238 0.3826 -0.0135
vn 0.9802 -0.0987 -0.1714
vn 0.9803 -0.0994 -0.1708
vn 0.9803 -0.0989 -0.1712
vn 0.9659 -0.1574 -0.2056
vn 0.9649 0.2142 -0.1522
vn 0.9792 0.1400 -0.1469
vn -0.6172 -0.5117 -0.5976
vn -0.5398 -0.7747 -0.3294
vn -0.8587 -0.4764 -0.1892
vn -0.7226 -0.1416 -0.6766
vn -0.3661 -0.7532 0.5464
vn -0.9940 -0.0204 0.1072
vn 0.9803 -0.0996 -0.1707
vn 0.7901 -0.3366 0.5123
vn 0.9611 -0.0771 -0.2653
vn 0.4072 0.2998 -0.8627
vn -0.2379 -0.3673 0.8992
vn 0.6439 -0.4330 0.6307
vn -0.5717 0.3692 -0.7327
vn -0.9862 -0.1627 0.0297
vn -0.5849 0.4630 -0.6660
vn 0.3099 0.3894 -0.8674
vn 0.6230 -0.2421 0.7438
vn 0.3884 -0.5279 0.7553
vn 0.9200 0.3914 -0.0195
vn 0.6697 -0.1750 0.7217
vn 0.9566 0.2853 -0.0599
vn 0.3414 0.5173 -0.7848
vn 0.0279 0.5869 -0.8092
vn -0.6204 0.1780 -0.7638
vn 0.1005 -0.4494 0.8877
vn -0.3740 -0.5770 0.7261
vn -0.9762 -0.0018 0.2170
vn -0.9585 0.0918 0.2700
vn -0.9604 0.1161 0.2534
vn -0.9828 -0.1656 0.0823
vn -0.3228 -0.5100 0.7973
vn -0.9194 -0.3690 -0.1360
vn -0.4665 -0.8298 0.3065
vn -0.5247 -0.7029 0.4802
vn 0.9451 -0.2779 -0.1718
vn 0.3819 -0.4614 0.8008
vn -0.7086 0.1950 -0.6781
vn -0.5360 0.0925 -0.8391
vn -0.4425 -0.6664 0.6001
vn 0.6059 -0.4460 0.6588
vn 0.7837 -0.1546 0.6016
vn 0.8430 -0.3513 0.4073
vn 0.8347 -0.4293 0.3449
vn 0.2009 0.5719 -0.7953
vn 0.2009 0.5720 -0.7952
vn -0.1535 -0.4288 0.8902
vn -0.6228 -0.5593 0.5470
vn 0.5892 -0.3350 0.7353
vn 0.3796 0.3658 -0.8498
vn 0.3765 0.4411 -0.8147
vn -0.6222 0.2790 -0.7315
vn -0.5139 0.3822 -0.7680
vn 0.1705 0.5889 -0.7900
vn 0.1732 0.5797 -0.7962
vn 0.1733 0.5793 -0.7965
vn 0.2008 0.5721 -0.7952
vn -0.7519 -0.6592 -0.0142
vn 0.5248 -0.1808 -0.8318
vn 0.7736 -0.3807 -0.5065
vn 0.6881 -0.7256 -0.0113
vn -0.1783 -0.4472 0.8765
vn -0.4442 0.4840 -0.7540
vn 0.7857 0.5669 -0.2477
vn 0.9007 0.4127 -0.1356
vn 0.9611 -0.0599 -0.2697
vn 0.9618 -0.0529 -0.2685
vn 0.9620 -0.0545 -0.2674
vn 0.9610 -0.0604 -0.2700
vn 0.9669 0.2091 -0.1463
vn 0.9637 0.2233 -0.1466
vn -0.6447 0.1496 -0.7497
vn -0.6358 -0.7635 -0.1136
vn -0.6089 -0.6950 -0.3824
vn -0.4089 -0.1726 -0.8961
vn -0.1969 -0.8940 0.4025
vn -0.9995 0.0215 -0.0216
vn 0.9617 -0.0514 -0.2693
vn 0.8112 -0.3513 0.4675
vn 0.9531 0.0042 -0.3027
vn 0.1442 0.3685 -0.9184
vn -0.1800 -0.3692 0.9118
vn 0.5805 -0.4009 0.7088
vn -0.6507 0.3247 -0.6865
vn -0.9420 -0.3322 0.0485
vn -0.5276 0.4114 -0.7432
vn 0.2561 0.4357 -0.8629
vn 0.5661 -0.2986 0.7683
vn 0.4183 -0.3809 0.8246
vn 0.9455 0.3169 -0.0747
vn 0.5577 -0.3108 0.7696
vn 0.9226 0.3460 -0.1705
vn 0.1704 0.5894 -0.7897
vn 0.0479 0.6049 -0.7948
vn -0.5302 0.1569 -0.8333
vn 0.3472 -0.3888 0.8534
vn -0.5409 -0.5533 0.6335
vn -0.9996 0.0257 0.0140
vn -0.9837 0.1374 0.1157
vn -0.9738 0.0009 0.2274
vn -0.9440 -0.3298 -0.0116
vn -0.6029 -0.5991 0.5269
vn -0.8349 -0.5323 -0.1398
vn -0.5288 -0.7686 0.3599
vn -0.5345 -0.7506 0.3886
vn 0.0036 0.6565 -0.7543
vn -0.5315 -0.8437 -0.0747
vn 0.7556 0.4013 -0.5178
vn 0.9525 0.2758 0.1294
vn 0.1864 0.8261 -0.5318
vn 0.4560 0.8258 -0.3319
vn -0.2277 -0.9683 -0.1027
vn 0.2352 -0.6998 0.6745
vn 0.5364 -0.8372 -0.1060
vn 0.0817 -0.4028 -0.9116
vn 0.8364 0.2438 0.4910
vn 0.8502 0.4695 -0.2384
vn 0.7167 0.0932 0.6912
vn 0.1692 -0.3956 0.9027
vn -0.8584 -0.4438 0.2573
vn -0.0819 -0.4823 0.8722
vn 0.6602 0.6322 -0.4055
vn -0.2345 0.3513 -0.9064
vn -0.3115 0.3562 -0.8810
vn -0.7072 -0.0485 -0.7053
vn -0.7061 -0.6911 -0.1542
vn -0.5766 -0.2010 -0.7919
vn 0.7095 -0.1193 0.6946
vn 0.5088 -0.0005 0.8609
vn -0.7911 -0.5167 0.3273
vn -0.6228 -0.6096 -0.4905
vn -0.0083 0.0610 -0.9981
vn -0.2896 -0.6379 -0.7136
vn -0.7475 -0.5854 0.3141
vn -0.7511 -0.3212 -0.5767
vn 0.7120 -0.5637 -0.4186
vn -0.5675 -0.7438 -0.3531
vn 0.6846 -0.6007 -0.4130
vn -0.8093 -0.5689 -0.1460
vn -0.4228 -0.7849 0.4529
vn 0.5976 -0.8017 -0.0117
vn 0.0818 -0.8698 0.4866
vn 0.6456 -0.6986 0.3085
vn 0.7555 0.5389 0.3725
vn 0.3608 0.8115 -0.4596
vn 0.6251 0.2181 0.7494
vn 0.8804 0.3470 0.3231
vn 0.5301 -0.0336 0.8473
vn -0.3753 -0.4409 0.8154
vn -0.7719 -0.5207 0.3647
vn -0.4577 -0.3575 0.8140
vn 0.7884 0.5383 0.2977
vn 0.6777 0.6625 -0.3192
vn -0.1224 0.9561 -0.2663
vn 0.5645 0.8153 -0.1292
vn -0.7378 0.3927 -0.5490
vn 0.0078 0.9404 -0.3399
vn -0.6591 0.5091 -0.5535
vn -0.9410 -0.3252 -0.0939
vn 0.0357 0.8573 -0.5136
vn -0.5319 0.2674 -0.8035
vn -0.5934 0.6554 -0.4672
vn -0.5701 0.8180 0.0765
vn -0.5289 0.8358 0.1477
vn 0.5141 0.3779 0.7700
vn 0.5301 0.3179 0.7861
vn -0.2814 0.9589 -0.0361
vn -0.2650 0.6197 -0.7387
vn -0.5729 0.7568 0.3148
vn -0.3867 0.7743 0.5009
vn -0.5867 0.7794 0.2196
vn -0.5784 0.7848 0.2227
vn 0.6459 0.5316 0.5479
vn 0.5234 0.5846 0.6199
vn -0.2358 0.7619 0.6033
vn -0.2832 0.6510 0.7043
vn 0.3901 0.6745 -0.6268
vn 0.3645 0.3928 -0.8443
vn -0.4209 0.7496 0.5108
vn -0.4861 0.8029 0.3450
vn -0.4132 0.9002 -0.1373
vn 0.3994 0.1768 0.8995
vn 0.4069 0.2995 0.8630
vn -0.2586 -0.9637 -0.0661
vn 0.7419 0.5743 0.3461
vn 0.2763 -0.8025 0.5288
vn -0.4747 0.5731 -0.6680
vn -0.6819 0.5154 -0.5190
vn 0.0902 0.9804 -0.1754
vn 0.1951 0.9543 -0.2263
vn -0.7514 -0.5947 -0.2859
vn -0.8058 -0.0963 -0.5844
vn -0.7566 0.1418 -0.6383
vn -0.8707 0.0490 -0.4894
vn -0.4362 -0.8996 0.0205
vn -0.4600 0.7111 -0.5317
vn 0.3396 0.9367 -0.0854
vn -0.7685 -0.4537 -0.4512
vn 0.5159 -0.3356 -0.7882
vn 0.5160 -0.3359 -0.7880
vn 0.5177 -0.3384 -0.7858
vn 0.3107 -0.4713 -0.8254
vn 0.4379 -0.2690 -0.8578
vn 0.2944 0.0203 -0.9555
vn 0.6943 -0.3372 -0.6358
vn 0.3138 -0.3041 -0.8995
vn 0.7563 -0.2466 -0.6060
vn 0.2266 -0.2042 -0.9523
vn 0.5847 0.2258 -0.7792
vn 0.7962 0.0028 -0.6050
vn 0.9572 -0.0577 -0.2837
vn 0.3711 -0.1988 0.9071
vn 0.2734 -0.2550 0.9275
vn 0.3460 -0.3279 0.8791
vn 0.6168 0.2457 0.7478
vn 0.9944 -0.0121 0.1054
vn 0.9380 -0.1740 0.2997
vn 0.9770 0.0450 -0.2085
vn 0.0494 0.2319 -0.9715
vn 0.1061 -0.1023 -0.9891
vn 0.1053 -0.1014 -0.9892
vn 0.1115 -0.1124 -0.9874
vn 0.1122 -0.1129 -0.9872
vn 0.7359 0.1028 -0.6693
vn 0.6804 0.1597 -0.7152
vn 0.1267 -0.2500 0.9599
vn 0.1250 -0.2260 0.9661
vn 0.1250 -0.2266 0.9659
vn 0.0503 -0.1902 0.9805
vn 0.3298 -0.1564 0.9310
vn 0.5105 -0.2878 0.8103
vn -0.3963 -0.9096 0.1249
vn -0.2663 -0.9600 0.0863
vn -0.7050 0.5247 -0.4771
vn -0.6912 0.3699 -0.6208
vn 0.0825 0.9933 -0.0805
vn 0.0536 0.9595 -0.2767
vn -0.7645 -0.5870 -0.2664
vn -0.7019 -0.6501 -0.2909
vn 0.3753 -0.3858 -0.8428
vn 0.7221 -0.0076 -0.6918
vn 0.4068 -0.0570 -0.9118
vn 0.2298 0.1603 -0.9599
vn 0.4226 -0.2931 -0.8576
vn 0.6058 -0.3420 -0.7184
vn 0.7435 -0.3372 -0.5775
vn 0.6015 -0.0739 -0.7954
vn 0.1647 -0.9013 -0.4006
vn 0.5320 -0.5079 -0.6775
vn 0.5305 -0.5068 -0.6795
vn 0.5309 -0.5071 -0.6790
vn 0.5324 -0.5081 -0.6770
vn 0.5179 -0.3388 -0.7855
vn 0.5433 -0.2187 -0.8105
vn -0.1473 -0.5057 -0.8501
vn 0.2474 -0.3134 -0.9168
vn 0.7089 0.6908 0.1423
vn 0.7070 0.6822 0.1867
vn 0.2925 -0.7539 0.5883
vn 0.4341 -0.7298 0.5282
vn 0.7019 -0.0879 0.7068
vn 0.8650 0.0185 0.5014
vn -0.8124 -0.1722 -0.5571
vn 0.0883 0.2394 -0.9669
vn 0.1911 0.1632 -0.9679
vn 0.2103 0.2738 -0.9385
vn 0.2109 0.1639 -0.9637
vn 0.4552 0.1136 -0.8831
vn 0.3429 -0.0038 -0.9394
vn 0.2208 0.4666 -0.8564
vn 0.2368 0.5155 -0.8236
vn 0.3111 0.5612 -0.7670
vn 0.3828 0.3914 -0.8368
vn 0.3262 0.6971 -0.6385
vn 0.3297 0.8364 -0.4379
vn 0.4166 0.4217 -0.8054
vn 0.5908 0.1932 -0.7833
vn 0.5335 -0.4638 -0.7073
vn 0.6584 0.1885 -0.7286
vn 0.2416 0.2665 -0.9331
vn 0.4999 0.0651 -0.8637
vn 0.4703 0.0314 -0.8819
vn 0.5121 -0.0252 -0.8585
vn 0.2671 0.2752 -0.9235
vn 0.4662 0.1887 -0.8643
vn 0.2682 0.8124 -0.5177
vn 0.0370 0.8959 -0.4427
vn 0.0912 0.3159 -0.9444
vn -0.0555 0.4106 -0.9101
vn 0.0907 0.5200 -0.8493
vn -0.0580 0.2706 -0.9609
vn -0.0382 0.2650 -0.9635
vn 0.0770 0.1654 -0.9832
vn -0.0106 0.0902 -0.9959
vn -0.1435 0.1801 -0.9731
vn 0.1460 0.2935 -0.9447
vn 0.1075 0.2123 -0.9713
vn 0.2051 0.0757 -0.9758
vn -0.0605 -0.0165 -0.9980
vn -0.0776 -0.0056 -0.9970
vn -0.0788 0.3036 -0.9495
vn 0.0112 -0.1077 -0.9941
vn -0.0040 -0.1199 -0.9928
vn -0.0612 0.2411 -0.9686
vn -0.1605 0.3206 -0.9335
vn 0.2766 0.7966 -0.5375
vn 0.6998 -0.2641 0.6638
vn 0.7199 -0.3030 0.6245
vn 0.6996 -0.2690 0.6620
vn 0.7156 -0.1258 0.6871
vn 0.2427 0.1445 0.9593
vn 0.1209 -0.2038 0.9715
vn 0.1232 -0.2012 0.9718
vn 0.3355 -0.4232 0.8416
vn 0.4902 -0.2999 0.8184
vn 0.9901 -0.1227 0.0678
vn 0.7342 -0.2928 0.6126
vn 0.9678 -0.0919 0.2344
vn 0.9722 -0.0662 0.2248
vn 0.5828 -0.1120 0.8049
vn 0.6287 -0.1397 0.7650
vn 0.5071 -0.5058 0.6979
vn 0.7114 -0.2640 0.6513
vn 0.7298 -0.3708 0.5744
vn 0.7502 -0.3284 0.5739
vn 0.7191 0.0958 0.6883
vn 0.7105 -0.2473 0.6588
vn 0.0793 -0.0957 0.9923
vn 0.0388 -0.0406 0.9984
vn 0.3454 -0.1480 0.9267
vn 0.3732 -0.0550 0.9261
vn 0.1580 0.0062 0.9874
vn 0.9934 -0.0535 0.1011
vn 0.8043 0.4771 0.3542
vn 0.7588 0.5396 0.3649
vn 0.8229 -0.1316 0.5527
vn 0.7383 0.0553 0.6722
vn 0.2039 0.9143 -0.3499
vn 0.3877 0.9212 0.0316
vn 0.2841 0.9587 -0.0131
vn 0.7233 0.6904 0.0125
vn 0.6919 0.7203 0.0492
vn 0.6909 0.7218 0.0409
vn 0.6919 0.7202 0.0498
vn 0.6920 0.7202 0.0499
vn 0.4921 0.8525 0.1762
vn 0.4941 0.8529 0.1687
vn 0.4928 0.8528 0.1729
vn 0.4902 0.8522 0.1830
vn 0.6430 0.6495 0.4058
vn 0.8133 0.5556 0.1727
vn 0.5644 0.8175 0.1142
vn 0.0002 0.8686 0.4956
vn 0.2044 0.7589 0.6182
vn -0.0367 0.8957 0.4431
vn 0.8105 0.5434 0.2185
vn 0.2034 0.9226 0.3279
vn 0.8180 0.4706 0.3309
vn 0.6631 0.7194 0.2068
vn 0.5352 0.8103 0.2387
vn 0.0361 0.3854 0.9221
vn 0.0466 0.3814 0.9232
vn 0.0419 0.3603 0.9319
vn 0.1049 -0.0301 0.9940
vn 0.3612 0.3095 0.8796
vn 0.4087 0.3431 0.8457
vn 0.7440 0.2972 0.5984
vn 0.1023 0.5215 -0.8471
vn 0.0934 0.5261 -0.8453
vn 0.0353 0.4637 -0.8853
vn 0.0809 0.5255 -0.8470
vn 0.1983 0.1510 0.9684
vn 0.1116 0.6002 0.7920
vn 0.2885 0.2562 0.9226
vn 0.9317 -0.1229 0.3417
vn 0.9631 0.1905 0.1902
vn 0.9192 0.3354 0.2063
vn 0.5903 0.4093 0.6957
vn 0.5816 0.3579 0.7305
vn 0.5868 0.0945 0.8042
vn 0.9749 0.0565 -0.2154
vn 0.9257 0.2623 -0.2726
vn 0.9376 0.1215 -0.3257
vn 0.6949 -0.0720 -0.7155
vn 0.2306 -0.1143 0.9663
vn 0.2719 0.2598 0.9266
vn 0.2762 -0.0256 0.9608
vn 0.7081 0.4211 0.5668
vn 0.7025 0.3611 0.6133
vn 0.7317 0.1459 0.6659
vn -0.4549 0.4210 0.7847
vn -0.0960 0.5308 0.8420
vn 0.3373 0.4807 0.8094
vn 0.9207 0.0121 0.3900
vn 0.8691 0.2639 0.4184
vn 0.7360 0.3676 0.5685
vn -0.9516 -0.2904 0.1007
vn -0.9643 -0.2303 0.1309
vn -0.7565 -0.6487 -0.0836
vn -0.3654 0.4612 0.8086
vn -0.9273 0.0885 0.3638
vn -0.9109 0.1019 0.3999
vn 0.1463 0.2516 0.9567
vn 0.9802 0.1802 -0.0815
vn -0.8469 -0.4657 -0.2567
vn -0.8916 -0.3560 -0.2799
vn -0.9082 0.0939 0.4080
vn -0.9127 0.0788 0.4009
vn -0.9121 0.0804 0.4019
vn 0.1490 -0.6597 -0.7366
vn 0.8225 0.3717 0.4304
vn 0.6935 0.4008 0.5987
vn 0.2122 0.4818 0.8502
vn 0.1967 0.2946 0.9352
vn -0.8357 0.1824 0.5181
vn 0.7054 -0.2679 -0.6562
vn 0.9538 -0.0691 -0.2923
vn 0.1873 -0.5308 -0.8266
vn 0.3125 -0.4308 -0.8466
vn 0.3663 -0.3816 -0.8487
vn -0.3686 -0.5365 -0.7592
vn -0.7834 -0.3711 -0.4985
vn 0.4281 0.6089 0.6678
vn -0.1239 -0.7927 -0.5969
vn 0.1456 0.3136 0.9383
vn 0.2561 0.1892 0.9479
vn -0.1064 0.4007 0.9100
vn -0.9658 -0.2079 0.1547
vn -0.9919 -0.1260 -0.0161
vn -0.9939 -0.0397 0.1030
vn -0.8486 -0.4671 -0.2484
vn -0.9076 0.0954 0.4090
vn -0.8830 -0.0228 0.4688
vn -0.8654 -0.0440 0.4991
vn -0.8636 -0.0460 0.5022
vn -0.8506 -0.0608 0.5223
vn -0.4199 -0.6287 -0.6545
vn 0.8830 0.4545 0.1172
vn 0.8838 0.4536 0.1146
vn 0.8818 0.4558 0.1209
vn 0.5739 0.2758 0.7711
vn 0.5307 0.5566 0.6392
vn -0.7025 -0.5564 -0.4437
vn -0.4805 -0.3269 -0.8138
vn 0.8131 0.2354 0.5323
vn 0.8191 0.2400 0.5211
vn 0.8031 0.2281 0.5504
vn -0.6966 0.0379 0.7165
vn 0.3230 0.6987 0.6383
vn 0.2255 0.6622 0.7146
vn -0.7934 0.2562 0.5522
vn -0.7664 0.2417 0.5952
vn -0.9853 -0.1707 -0.0069
vn 0.9856 -0.1657 -0.0332
vn 0.8231 0.3138 0.4733
vn 0.9142 0.3847 0.1277
vn 0.9150 0.3845 0.1221
vn 0.9148 0.3846 0.1232
vn 0.3220 -0.1241 -0.9386
vn -0.8027 0.2221 0.5535
vn -0.9098 -0.3557 -0.2140
vn 0.6201 -0.6619 -0.4212
vn 0.1448 -0.5611 -0.8150
vn 0.9781 -0.1659 0.1258
vn -0.1934 0.5094 0.8385
vn 0.3275 0.4634 0.8234
vn -0.2512 0.4802 0.8404
vn -0.0749 0.1535 0.9853
vn -0.0871 -0.6191 -0.7805
vn 0.7440 -0.5015 -0.4415
vn 0.1654 -0.8312 -0.5308
vn 0.2755 -0.7152 -0.6423
vn 0.3990 0.4722 0.7860
vn 0.7884 0.1576 0.5946
vn 0.7970 0.2236 0.5611
vn 0.7298 0.2311 0.6434
vn -0.0087 0.5349 0.8448
vn -0.5561 0.6023 0.5727
vn -0.0183 0.4052 0.9141
vn -0.7594 0.2088 0.6162
vn -0.9819 -0.1889 0.0167
vn 0.0150 0.5574 0.8301
vn -0.4785 0.4625 0.7464
vn 0.9804 0.1412 -0.1374
vn 0.9872 -0.1520 -0.0479
vn 0.9967 0.0308 0.0749
vn 0.9273 0.0171 -0.3739
vn 0.8847 0.4527 0.1117
vn 0.9914 -0.1139 0.0638
vn -0.8203 0.3962 0.4125
vn 0.2159 0.4760 0.8525
vn 0.5313 0.1227 0.8383
vn 0.2532 0.1570 0.9546
vn 0.7912 0.4371 0.4278
vn 0.7904 0.4373 0.4291
vn 0.8990 0.2101 -0.3842
vn 0.2394 -0.0954 -0.9662
vn 0.8749 0.2386 -0.4214
vn 0.9155 0.3844 0.1187
vn 0.8998 0.4077 0.1551
vn 0.8737 0.4332 0.2212
vn -0.9601 -0.2734 0.0592
vn -0.8702 0.1085 -0.4806
vn -0.6674 0.1091 0.7367
vn 0.7844 0.6202 -0.0083
vn -0.3062 0.1019 -0.9465
vn 0.0072 0.2521 0.9677
vn -0.7099 -0.5814 0.3975
vn -0.7784 -0.1617 0.6066
vn 0.8713 -0.2756 0.4060
vn 0.3943 -0.3800 0.8367
vn 0.3843 -0.4036 0.8303
vn 0.3854 -0.4013 0.8309
vn -0.9227 0.1744 0.3437
vn 0.3191 -0.2902 0.9022
vn -0.3097 -0.5449 -0.7792
vn -0.6210 0.2716 0.7353
vn 0.5271 0.0321 0.8492
vn 0.7333 -0.0510 0.6780
vn 0.8749 -0.3012 0.3792
vn -0.3295 0.3348 0.8828
vn -0.8799 -0.1419 -0.4534
vn -0.6884 0.1773 0.7033
vn -0.7110 -0.5852 0.3898
vn -0.8990 -0.1549 -0.4097
vn -0.8801 0.1156 -0.4604
vn -0.8825 0.1112 -0.4569
vn -0.8786 0.1183 -0.4626
vn 0.9607 0.2221 -0.1665
vn 0.2978 -0.1012 0.9492
vn -0.9898 -0.0017 0.1427
vn -0.9880 -0.0114 0.1539
vn -0.9849 -0.0264 0.1708
vn 0.9185 -0.0232 0.3947
vn 0.8522 -0.4378 -0.2865
vn 0.4086 -0.4632 -0.7864
vn 0.3857 -0.5618 -0.7319
vn 0.3828 -0.5708 -0.7264
vn 0.3860 -0.5611 -0.7322
vn 0.4218 -0.5816 -0.6956
vn -0.6621 0.3118 0.6815
vn -0.5886 -0.6036 0.5378
vn -0.8525 -0.1175 -0.5093
vn 0.2281 0.7866 -0.5737
vn 0.0234 0.1840 0.9826
vn 0.8635 0.1627 0.4774
vn -0.8759 -0.4727 0.0961
vn -0.9976 -0.0693 -0.0095
vn -0.9824 -0.0374 0.1827
vn 0.8232 -0.1479 0.5482
vn 0.8243 -0.1429 0.5478
vn 0.8226 -0.1504 0.5484
vn -0.2025 0.2130 0.9558
vn 0.3223 -0.3321 0.8865
vn 0.3256 -0.3333 0.8848
vn 0.3073 -0.3318 0.8919
vn 0.0027 -0.4890 -0.8723
vn 0.8249 -0.1404 0.5475
vn -0.7561 -0.1981 -0.6237
vn -0.9826 -0.0361 0.1822
vn -0.9936 0.0759 0.0843
vn 0.3693 -0.4382 0.8195
vn 0.0845 0.1896 0.9782
vn -0.3348 0.2221 0.9157
vn 0.6462 -0.0413 0.7621
vn 0.3093 0.0338 0.9504
vn -0.9777 0.0708 0.1976
vn 0.1298 -0.7099 -0.6923
vn -0.4113 0.2783 0.8680
vn -0.8768 0.1216 -0.4652
vn -0.7512 0.6216 0.2220
vn -0.6910 -0.3814 -0.6140
vn 0.8921 0.1513 0.4258
vn 0.9580 -0.2799 0.0627
vn 0.3489 0.2820 -0.8937
vn 0.4664 0.2279 -0.8547
vn 0.3921 0.2610 -0.8821
vn 0.3365 -0.2061 0.9189
vn 0.9043 -0.1882 0.3832
vn -0.1380 0.2158 0.9666
vn 0.0349 0.1038 0.9940
vn -0.3849 0.0298 -0.9225
vn -0.7303 -0.3561 0.5829
vn 0.4284 0.0858 0.8995
vn -0.9804 -0.1873 -0.0610
vn -0.2531 0.2260 0.9407
vn 0.2592 -0.0850 0.9621
vn -0.1004 0.1592 0.9821
vn -0.6785 -0.0154 0.7344
vn 0.5694 0.1040 0.8154
vn -0.3860 0.0876 0.9183
vn 0.9315 0.0747 0.3561
vn 0.1966 -0.5192 -0.8317
vn -0.6495 -0.6748 0.3504
vn 0.7874 -0.6163 0.0081
vn -0.7034 0.0135 -0.7106
vn 0.3400 -0.3339 0.8792
vn 0.2901 0.3048 -0.9071
vn -0.8901 -0.0974 -0.4452
vn -0.9702 -0.1042 0.2189
vn -0.8526 0.0790 -0.5166
vn -0.8517 0.0812 -0.5177
vn -0.8515 0.0818 -0.5179
vn -0.9052 -0.3550 0.2335
vn -0.9455 -0.3250 -0.0191
vn -0.4587 0.6193 0.6372
vn 0.6802 -0.2689 0.6820
vn -0.9367 -0.2083 -0.2813
vn -0.4932 -0.3320 -0.8041
vn -0.3446 -0.2093 0.9151
vn -0.6901 0.1781 0.7014
vn 0.5971 -0.1087 0.7948
vn 0.8874 -0.2672 0.3756
vn -0.8620 -0.0575 -0.5036
vn -0.4491 0.4007 -0.7986
vn -0.9351 -0.1260 -0.3313
vn 0.3456 -0.3401 0.8746
vn 0.4312 0.4105 -0.8035
vn -0.8952 -0.4036 0.1890
vn 0.3138 -0.3592 0.8790
vn -0.7847 -0.2513 -0.5667
vn 0.5361 -0.2080 0.8181
vn 0.3488 -0.3484 0.8700
vn -0.3626 0.2372 -0.9012
vn -0.2824 0.4172 -0.8638
vn -0.8135 -0.5777 0.0675
vn -0.8120 -0.5795 0.0701
vn -0.8141 -0.5769 0.0663
vn -0.8661 -0.4170 -0.2757
vn -0.9846 0.0930 0.1478
vn -0.8465 -0.3080 -0.4343
vn 0.8471 0.5243 -0.0871
vn -0.4234 0.1555 -0.8925
vn -0.4290 0.1494 -0.8909
vn -0.4270 0.1515 -0.8915
vn 0.1649 -0.4841 0.8593
vn -0.5027 0.4998 -0.7054
vn 0.9291 -0.1879 0.3187
vn 0.9288 -0.1847 0.3212
vn -0.0443 0.2470 -0.9680
vn -0.8671 -0.2386 -0.4373
vn 0.9168 0.3065 -0.2559
vn 0.9142 0.3122 -0.2582
vn 0.9141 0.3107 -0.2606
vn -0.5554 0.0106 -0.8315
vn 0.7816 0.5985 -0.1759
vn 0.7849 0.5924 -0.1819
vn 0.7844 0.5933 -0.1810
vn 0.8643 -0.0354 0.5017
vn -0.7362 -0.5414 0.4061
vn -0.8996 -0.4247 0.1021
vn -0.8592 -0.4349 -0.2696
vn 0.5828 -0.2319 0.7788
vn -0.6684 -0.4182 0.6152
vn 0.7829 0.1876 0.5931
vn 0.9321 0.3129 -0.1823
vn -0.7567 -0.4416 -0.4821
vn -0.8114 -0.5801 0.0712
vn -0.4700 0.3889 -0.7924
vn 0.3506 0.6862 -0.6374
vn -0.8509 0.0834 -0.5187
vn -0.7887 -0.1329 -0.6002
vn 0.8219 0.5076 -0.2585
vn 0.6188 0.5323 -0.5777
vn -0.8016 -0.4800 -0.3564
vn -0.5332 0.2866 -0.7960
vn 0.7589 0.6511 -0.0102
vn 0.4126 0.2927 0.8626
vn 0.8835 0.0254 0.4677
vn 0.6571 0.2279 0.7186
vn -0.3655 0.2498 0.8967
vn -0.4091 0.3928 -0.8236
vn -0.4090 0.3912 -0.8244
vn -0.4090 0.3908 -0.8246
vn 0.8733 0.0620 0.4832
vn -0.7995 -0.2223 -0.5580
vn 0.5777 -0.2163 0.7870
vn -0.4798 -0.1052 -0.8711
vn 0.9530 0.0913 0.2888
vn 0.8504 0.0935 0.5177
vn 0.3826 -0.5713 -0.7261
vn -0.4256 0.1530 -0.8919
vn 0.9678 -0.2513 0.0154
vn -0.8599 -0.0835 -0.5036
vn -0.7719 -0.5427 0.3312
vn -0.4914 -0.5516 0.6740
vn -0.6741 -0.3864 0.6295
vn -0.5122 0.4557 -0.7280
vn 0.4044 0.2895 0.8675
vn 0.3500 0.6015 -0.7181
vn -0.3989 0.2880 -0.8706
vn -0.4285 0.3226 -0.8440
vn -0.4066 0.2971 -0.8640
vn -0.2546 0.0918 -0.9627
vn -0.3423 0.2158 -0.9145
vn 0.9156 0.3130 -0.2523
vn 0.3567 0.5898 -0.7245
vn -0.8612 -0.4989 0.0968
vn -0.0333 -0.3816 0.9237
vn -0.6379 -0.4982 0.5873
vn -0.6408 -0.4985 0.5838
vn -0.6426 -0.4984 0.5819
vn -0.7857 -0.1979 -0.5861
vn 0.2534 0.3684 -0.8945
vn 0.7621 -0.0102 0.6473
vn -0.4091 0.3924 -0.8238
vn -0.8415 -0.4910 0.2255
vn 0.9111 0.3661 -0.1895
vn -0.6435 -0.4966 0.5825
vn -0.6414 -0.4971 0.5844
vn -0.4158 -0.6165 0.6686
vn -0.9173 0.3705 0.1458
vn -0.8644 0.0699 -0.4980
vn 0.5484 -0.2393 0.8012
vn -0.2163 0.2193 -0.9514
vn -0.7754 0.0188 -0.6312
vn -0.5711 -0.6284 0.5281
vn -0.0046 0.1522 -0.9883
vn 0.2868 0.6239 -0.7270
vn 0.3041 0.8585 -0.4128
vn 0.4851 0.4300 -0.7614
vn 0.6948 0.3106 -0.6487
vn 0.9147 0.3166 -0.2512
vn 0.8242 0.2081 0.5267
vn 0.9334 -0.0966 0.3455
vn 0.9314 -0.1488 0.3322
vn 0.5154 -0.2734 0.8122
vn -0.9051 -0.4091 -0.1161
vn 0.9122 0.0740 -0.4030
vn 0.9128 0.0728 -0.4019
vn 0.9125 0.0734 -0.4025
vn 0.9438 0.1874 0.2722
vn 0.9344 -0.2557 -0.2482
vn 0.8119 -0.4137 -0.4119
vn 0.9300 0.1594 0.3310
vn 0.9776 -0.0670 -0.1997
vn 0.9809 -0.0635 -0.1836
vn 0.9798 -0.0648 -0.1894
vn -0.9741 -0.1378 0.1795
vn -0.9726 -0.1062 0.2066
vn -0.8909 -0.3746 -0.2569
vn -0.9122 -0.2920 -0.2875
vn -0.4237 -0.2094 -0.8813
vn 0.3466 -0.5088 -0.7880
vn 0.9012 -0.2172 -0.3751
vn 0.5883 -0.4389 -0.6792
vn 0.9154 0.1972 0.3508
vn 0.8858 0.2508 0.3904
vn 0.3972 0.4887 0.7768
vn 0.4121 0.4815 0.7735
vn 0.9062 0.3107 0.2869
vn -0.1077 0.3478 0.9314
vn -0.3119 0.3148 0.8964
vn -0.9225 0.0543 0.3821
vn -0.8511 0.0968 0.5160
vn 0.9474 -0.0755 -0.3110
vn -0.9791 -0.0732 0.1896
vn -0.9343 -0.1592 -0.3190
vn -0.9036 -0.2111 -0.3729
vn -0.3669 -0.5502 -0.7501
vn -0.3163 -0.6176 -0.7201
vn -0.3109 -0.6159 -0.7239
vn -0.3123 -0.6197 -0.7200
vn 0.3230 -0.2233 -0.9197
vn -0.3017 -0.3348 -0.8927
vn -0.2991 -0.3420 -0.8908
vn -0.2987 -0.3433 -0.8905
vn 0.3564 0.5247 0.7731
vn 0.6203 0.3685 0.6924
vn 0.7098 0.4024 0.5781
vn -0.1122 0.4903 0.8643
vn -0.1123 0.4917 0.8635
vn -0.1167 0.4901 0.8638
vn -0.1095 0.4907 0.8644
vn -0.7390 0.2921 0.6071
vn -0.9020 0.0371 0.4302
vn 0.9464 -0.1073 -0.3047
vn 0.9125 0.0733 -0.4024
vn 0.1200 -0.4547 -0.8825
vn 0.3915 -0.3147 -0.8647
vn 0.8188 -0.3277 -0.4713
vn 0.9997 -0.0196 -0.0151
vn 0.9876 -0.1512 0.0420
vn -0.9746 -0.0917 0.2045
vn -0.9808 -0.1081 0.1623
vn -0.7949 -0.4762 -0.3760
vn -0.8964 -0.3467 -0.2761
vn 0.1327 -0.6557 -0.7432
vn 0.3467 -0.5566 -0.7549
vn 0.8401 0.2224 0.4948
vn 0.9132 0.1415 0.3822
vn 0.4057 0.3130 0.8587
vn 0.4046 0.3128 0.8594
vn 0.4088 0.3136 0.8570
vn 0.4101 0.3139 0.8563
vn 0.1676 0.5187 0.8384
vn -0.3195 0.4182 0.8503
vn -0.7133 0.1557 0.6833
vn -0.9148 0.0134 0.4037
vn -0.4214 -0.5862 -0.6919
vn -0.3177 -0.6206 -0.7169
vn -0.3180 -0.6171 -0.7198
vn 0.5944 -0.5040 -0.6266
vn -0.9829 -0.1377 0.1226
vn -0.9080 -0.3750 -0.1867
vn 0.7493 0.1428 0.6467
vn 0.9151 0.0260 0.4024
vn 0.9626 0.2393 0.1269
vn 0.9849 -0.0057 0.1732
vn 0.8265 0.0678 0.5589
vn 0.8139 0.1284 0.5666
vn 0.9751 -0.1636 -0.1495
vn 0.9759 -0.0687 -0.2074
vn 0.3920 -0.5042 -0.7695
vn 0.9108 0.3652 0.1925
vn -0.1096 0.4925 0.8634
vn -0.2723 0.4035 0.8735
vn -0.2625 0.3116 0.9132
vn -0.3978 0.4073 0.8221
vn 0.1696 0.3225 0.9313
vn -0.8759 0.0616 0.4786
vn -0.8828 0.0877 0.4615
vn -0.7849 0.0926 0.6126
vn -0.7957 0.1474 0.5875
vn 0.9142 0.2992 0.2735
vn 0.9494 0.2537 0.1853
vn 0.9370 0.2907 0.1936
vn 0.8157 0.2894 0.5009
vn 0.9238 -0.0076 -0.3829
vn 0.3730 -0.3825 -0.8454
vn 0.3096 -0.2676 -0.9124
vn -0.3022 -0.3334 -0.8930
vn -0.3516 -0.3955 -0.8485
vn -0.9319 -0.0334 -0.3611
vn 0.9520 -0.1753 -0.2508
vn 0.8026 0.1403 0.5798
vn 0.0338 -0.9994 -0.0101
vn 0.0557 -0.9937 -0.0969
vn 0.0969 -0.8277 0.5528
vn 0.0751 -0.8295 0.5534
vn 0.2384 -0.8057 0.5421
vn 0.1676 -0.9317 0.3223
vn 0.2009 -0.9255 0.3211
vn -0.0482 -0.9459 0.3208
vn -0.0823 -0.9441 0.3191
vn 0.0050 -0.4702 0.8825
vn 0.2617 -0.8004 0.5393
vn 0.4539 -0.4862 -0.7467
vn 0.5935 -0.4124 -0.6911
vn 0.5859 -0.3549 -0.7285
vn 0.5835 -0.3281 -0.7429
vn -0.1521 -0.7739 -0.6148
vn -0.0592 -0.8684 -0.4923
vn -0.7410 -0.4524 -0.4962
vn 0.9916 0.0592 0.1148
vn 0.1304 -0.4319 -0.8925
vn 0.1440 -0.4241 -0.8941
vn -0.1969 0.7772 0.5976
vn -0.2730 0.8152 0.5109
vn -0.2843 0.8131 0.5080
vn -0.2947 0.8136 0.5012
vn 0.0561 0.6225 0.7806
vn 0.0498 0.6492 0.7590
vn 0.5761 -0.6581 -0.4848
vn 0.4694 -0.6142 -0.6344
vn 0.3634 -0.6115 -0.7029
vn -0.2950 -0.9124 -0.2837
vn -0.2157 -0.9727 -0.0855
vn -0.1368 0.5347 0.8339
vn -0.4178 0.6325 0.6522
vn 0.8497 0.3982 0.3456
vn 0.7977 0.3935 0.4570
vn 0.1121 -0.0577 -0.9920
vn 0.1551 0.0055 -0.9879
vn 0.1334 -0.0267 -0.9907
vn 0.1603 0.5964 -0.7865
vn -0.0644 0.9914 0.1142
vn -0.3317 0.8463 -0.4169
vn -0.0500 0.8678 0.4944
vn -0.1058 0.9574 -0.2687
vn -0.1617 0.9353 -0.3149
vn 0.7459 0.6655 -0.0250
vn 0.9467 0.1563 0.2817
vn 0.5318 0.7433 -0.4057
vn 0.7358 0.5814 -0.3473
vn 0.5286 0.5601 -0.6378
vn 0.5205 0.4723 -0.7113
vn 0.1768 0.8259 -0.5353
vn 0.5116 -0.1336 -0.8488
vn 0.5797 -0.0596 -0.8127
vn 0.8448 -0.1868 -0.5014
vn 0.8428 -0.1619 -0.5133
vn 0.8452 -0.1813 -0.5028
vn 0.9456 0.0749 -0.3166
vn 0.9380 0.1385 -0.3176
vn 0.9922 0.1133 -0.0518
vn 0.9484 0.1364 -0.2861
vn 0.7921 -0.2450 -0.5590
vn 0.8017 -0.2530 -0.5415
vn 0.2689 0.6610 0.7006
vn 0.9888 -0.0713 -0.1314
vn 0.9810 -0.0118 -0.1938
vn 0.9808 0.0094 -0.1946
vn -0.9615 -0.2747 -0.0097
vn 0.0321 0.1722 0.9845
vn 0.2466 -0.2846 0.9264
vn 0.1247 -0.2075 0.9702
vn 0.1712 0.7769 0.6059
vn 0.6414 0.6527 0.4034
vn 0.7799 0.5018 0.3740
vn 0.5608 0.6276 0.5400
vn 0.5624 0.6078 0.5607
vn 0.5628 0.6020 0.5665
vn 0.3996 0.7409 0.5398
vn 0.6336 0.6959 0.3380
vn 0.5653 0.5743 0.5921
vn 0.9946 0.0732 -0.0729
vn 0.9873 0.1287 -0.0927
vn -0.7577 -0.5906 -0.2777
vn -0.5322 -0.6395 -0.5548
vn -0.5454 -0.7867 -0.2892
vn 0.7519 -0.5512 -0.3618
vn 0.9176 -0.2945 -0.2669
vn 0.9261 -0.2936 -0.2368
vn 0.8802 -0.3367 -0.3345
vn 0.7303 -0.3432 -0.5906
vn 0.8113 0.5224 0.2625
vn 0.8139 0.5024 0.2918
vn 0.8632 0.4827 0.1476
vn 0.9245 -0.2724 -0.2667
vn 0.9110 -0.2771 -0.3055
vn 0.9114 -0.2746 -0.3065
vn 0.9110 -0.2769 -0.3056
vn 0.9757 0.2182 -0.0203
vn 0.1989 -0.8528 -0.4829
vn 0.3784 -0.7329 -0.5653
vn 0.9284 -0.2263 -0.2946
vn -0.3310 -0.6854 -0.6486
vn -0.1848 -0.5705 -0.8003
vn 0.9815 0.1691 0.0896
vn 0.9814 0.1705 0.0885
vn 0.9820 0.1640 0.0936
vn 0.9821 0.1626 0.0947
vn 0.4282 0.5815 0.6917
vn 0.3413 0.5324 0.7746
vn -0.0994 0.6200 0.7783
vn -0.1029 0.6174 0.7799
vn -0.1001 0.6205 0.7778
vn -0.0257 0.4301 0.9024
vn 0.8773 -0.2878 -0.3841
vn 0.8772 -0.2889 -0.3834
vn 0.8786 -0.2830 -0.3847
vn 0.3702 -0.7609 -0.5330
vn 0.5561 -0.6510 -0.5167
vn 0.9003 -0.2420 -0.3617
vn 0.9633 -0.2152 -0.1605
vn 0.9657 -0.2295 -0.1211
vn 0.3762 -0.7405 -0.5569
vn 0.0540 -0.8533 -0.5187
vn 0.9925 0.0265 -0.1192
vn -0.1047 -0.9682 -0.2271
vn -0.0448 -0.9677 -0.2480
vn 0.8398 -0.3722 -0.3951
vn 0.9164 -0.2677 -0.2974
vn 0.9105 -0.2043 -0.3594
vn 0.9145 -0.2660 -0.3049
vn 0.2484 0.8274 0.5037
vn -0.1863 0.9460 -0.2652
vn 0.6794 -0.1087 0.7257
vn 0.6660 -0.0350 0.7451
vn -0.0823 0.9544 -0.2868
vn 0.9510 0.1361 0.2775
vn 0.9922 -0.1002 -0.0739
vn 0.4156 -0.1925 -0.8889
vn 0.4896 -0.1230 -0.8632
vn 0.0087 -0.1079 -0.9941
vn 0.1033 0.0078 -0.9946
vn 0.9601 0.0331 -0.2776
vn 0.7426 -0.1874 -0.6430
vn 0.6644 0.3624 -0.6536
vn 0.6650 0.3613 -0.6536
vn 0.8874 -0.1115 -0.4472
vn 0.8356 -0.3009 -0.4596
vn 0.8165 -0.3919 -0.4239
vn 0.7804 -0.1497 -0.6071
vn 0.4539 -0.1386 0.8802
vn 0.4538 -0.1387 0.8802
vn 0.4567 -0.1471 0.8774
vn 0.4564 -0.1471 0.8775
vn 0.2934 -0.1103 0.9496
vn 0.1813 0.1024 0.9781
vn 0.9413 0.2549 0.2213
vn 0.9342 0.2751 0.2271
vn 0.2542 0.9538 -0.1601
vn 0.6397 0.6835 0.3516
vn 0.5625 0.3625 -0.7431
vn 0.5639 0.5142 -0.6462
vn 0.1486 0.5141 -0.8447
vn 0.9115 0.2270 -0.3430
vn 0.8157 0.3601 -0.4526
vn 0.7656 0.4415 -0.4679
vn 0.7728 -0.3262 -0.5444
vn 0.6116 -0.1515 -0.7765
vn -0.9870 0.0184 0.1594
vn -0.7655 0.2533 0.5915
vn 0.1110 0.1161 0.9870
vn -0.8245 0.2430 0.5110
vn -0.7839 0.3647 0.5024
vn -0.1819 0.7001 0.6905
vn 0.1980 -0.4341 0.8788
vn -0.8838 0.0668 0.4631
vn -0.3350 0.4950 0.8017
vn -0.8002 0.3412 0.4932
vn -0.2688 0.6079 0.7472
vn -0.4837 0.5278 0.6982
vn -0.7790 -0.4802 -0.4032
vn -0.1767 0.7039 0.6880
vn -0.1888 0.7019 0.6868
vn -0.1718 0.7048 0.6883
vn 0.1063 0.8360 0.5384
vn 0.1555 0.6378 0.7543
vn -0.2875 0.7391 0.6092
vn -0.6659 0.4153 0.6197
vn -0.1840 0.7028 0.6872
vn 0.8500 0.3783 0.3665
vn 0.8100 0.4889 0.3239
vn 0.9781 0.1688 0.1218
vn 0.3930 0.6121 0.6862
vn 0.1987 0.8698 0.4516
vn -0.2629 0.7455 0.6125
vn -0.1029 0.7825 0.6141
vn 0.1918 0.7354 0.6499
vn 0.9949 0.0977 -0.0255
vn 0.7470 0.4684 0.4718
vn 0.9869 -0.0717 -0.1446
vn 0.9992 -0.0090 -0.0381
vn -0.7540 0.2346 0.6135
vn 0.2041 0.4435 0.8727
vn -0.9566 -0.2680 -0.1146
vn 0.1979 0.7490 0.6323
vn -0.4216 0.4527 0.7857
vn -0.9687 -0.2230 -0.1089
vn -0.9519 -0.3039 -0.0379
vn -0.9419 -0.3327 -0.0463
vn -0.9492 -0.3120 -0.0401
vn -0.9572 -0.2876 -0.0330
vn -0.9552 -0.1705 0.2418
vn -0.9735 -0.2191 -0.0651
vn 0.0194 0.6081 0.7936
vn 0.1373 0.5386 0.8313
vn -0.2371 0.7662 0.5973
vn 0.1937 0.7334 0.6517
vn 0.0300 0.4646 0.8850
vn 0.1316 0.3671 0.9208
vn 0.0904 0.4091 0.9080
vn -0.0001 0.4925 0.8703
vn -0.3061 0.8114 0.4979
vn -0.6888 0.2823 0.6678
vn -0.0914 0.7038 0.7045
vn 0.2605 -0.4412 -0.8588
vn 0.5993 -0.4663 -0.6507
vn 0.4565 -0.8037 -0.3816
vn 0.1968 -0.8595 -0.4718
vn 0.4684 -0.7406 -0.4819
vn 0.6171 -0.5946 -0.5154
vn 0.5502 -0.7358 -0.3948
vn 0.6597 -0.6183 -0.4272
vn 0.7527 -0.5321 -0.3877
vn 0.8006 -0.5233 -0.2917
vn -0.4139 -0.9100 0.0219
vn -0.0428 -0.9502 -0.3088
vn 0.5672 -0.7250 -0.3908
vn 0.5538 -0.7256 -0.4084
vn -0.6502 -0.7598 -0.0013
vn -0.7703 -0.6335 0.0726
vn 0.8017 -0.5008 -0.3263
vn 0.8074 -0.4883 -0.3311
vn 0.9118 -0.2751 -0.3048
vn 0.9119 -0.2751 -0.3045
vn 0.9904 0.0404 0.1323
vn 0.9913 0.0644 -0.1144
vn 0.3499 -0.8543 -0.3844
vn -0.0482 -0.9225 -0.3830
vn -0.2264 -0.7679 -0.5992
vn -0.0838 -0.9277 -0.3638
vn 0.4694 -0.7725 -0.4276
vn 0.6674 -0.4372 -0.6028
vn 0.9797 0.1423 0.1413
vn 0.8025 0.4640 0.3750
vn 0.7801 0.5424 0.3118
vn 0.1964 0.8283 0.5247
vn 0.3465 0.7191 0.6024
vn -0.7055 -0.7041 -0.0808
vn -0.7629 -0.5833 -0.2789
vn -0.1403 -0.9714 -0.1914
vn -0.1449 -0.7139 -0.6851
vn 0.8772 -0.3014 -0.3738
vn 0.8770 -0.3005 -0.3749
vn 0.6198 -0.5778 -0.5310
vn 0.8091 -0.2872 -0.5126
vn 0.6541 -0.6865 -0.3177
vn 0.1439 -0.9894 0.0191
vn 0.0071 0.5265 0.8501
vn 0.1983 0.0058 -0.9801
vn 0.5621 -0.1100 -0.8197
vn 0.1434 -0.0855 -0.9860
vn 0.8022 -0.1024 -0.5882
vn 0.5706 -0.0990 -0.8152
vn 0.8468 -0.2063 -0.4903
vn 0.7367 -0.2407 -0.6319
vn 0.9911 -0.0627 -0.1172
vn 0.9914 -0.0564 -0.1182
vn 0.9908 -0.0702 -0.1154
vn 0.8984 -0.3013 -0.3196
vn 0.9992 0.0318 -0.0242
vn 0.9905 -0.0772 -0.1142
vn -0.3491 0.8436 -0.4081
vn 0.0893 -0.0910 -0.9918
vn 0.0646 0.6418 0.7642
vn 0.0651 0.6426 0.7635
vn 0.0976 0.5355 0.8389
vn -0.6557 0.3687 0.6589
vn 0.9773 0.0625 0.2026
vn 0.7297 0.4249 0.5358
vn 0.7477 0.4008 0.5294
vn -0.9266 -0.3370 -0.1670
vn -0.7867 0.2209 0.5765
vn -0.8007 -0.5178 -0.3012
vn -0.7745 0.2351 0.5872
vn -0.9685 0.0732 0.2381
vn -0.3688 0.5156 0.7734
vn 0.0303 0.7190 0.6943
vn 0.9794 -0.1988 -0.0358
vn -0.7857 -0.5405 -0.3009
vn -0.7862 -0.5361 -0.3073
vn -0.7863 -0.5354 -0.3082
vn -0.2682 -0.7935 -0.5462
vn -0.2720 -0.7938 -0.5439
vn -0.2713 -0.7938 -0.5443
vn 0.3647 -0.7711 -0.5219
vn 0.9966 -0.0796 0.0233
vn 0.9609 0.1457 0.2356
vn -0.7181 0.4407 0.5387
vn 0.0637 0.6089 0.7906
vn -0.9825 -0.1839 -0.0284
vn -0.8979 -0.4009 -0.1817
vn -0.9834 -0.1798 0.0240
vn -0.9823 -0.1859 0.0220
vn -0.9830 -0.1824 0.0231
vn -0.2673 -0.7934 -0.5468
vn -0.1321 -0.8020 -0.5826
vn 0.4148 -0.7556 -0.5070
vn 0.7475 -0.5536 -0.3671
vn -0.2572 0.5491 0.7952
vn 0.4123 0.5550 0.7225
vn -0.0660 0.6759 0.7341
vn -0.4139 0.6425 0.6449
vn -0.6431 0.4870 0.5910
vn -0.9399 0.1373 0.3125
vn -0.7637 0.4176 0.4922
vn -0.1198 -0.8831 -0.4537
vn 0.7916 -0.4755 -0.3838
vn 0.9273 -0.2839 -0.2438
vn 0.0317 -0.9015 -0.4316
vn -0.1020 -0.8161 -0.5688
vn -0.1030 -0.8093 -0.5782
vn -0.1021 -0.8157 -0.5693
vn 0.4147 -0.7650 -0.4928
vn 0.8338 -0.4536 -0.3148
vn 0.3379 -0.7996 -0.4964
vn -0.1030 -0.8089 -0.5789
vn 0.5457 0.5424 0.6388
vn -0.0019 0.6381 0.7700
vn -0.2123 0.5283 0.8221
vn -0.8314 0.3049 0.4645
vn -0.9437 0.1175 0.3091
vn -0.9899 -0.1406 -0.0163
vn -0.9395 0.0991 0.3279
vn -0.9840 -0.1762 0.0251
vn -0.9108 -0.3543 -0.2119
vn -0.7857 -0.5409 -0.3003
vn -0.9064 -0.3939 -0.1529
vn -0.2671 -0.7786 -0.5678
vn -0.8166 -0.4831 -0.3160
vn 0.5160 -0.8311 -0.2074
vn 0.6304 -0.7330 -0.2554
vn -0.8799 -0.4375 0.1853
vn -0.9394 -0.3050 0.1565
vn -0.4329 -0.8989 -0.0681
vn -0.7458 -0.6437 -0.1713
vn 0.8032 -0.0985 0.5876
vn 0.7787 0.3043 0.5487
vn 0.7910 0.3150 0.5244
vn 0.7504 0.2804 0.5986
vn 0.7413 0.2733 0.6131
vn 0.9889 -0.1401 0.0490
vn 0.9559 -0.2919 -0.0332
vn -0.9225 -0.1529 0.3545
vn 0.3278 0.4713 0.8188
vn 0.2721 0.5712 0.7744
vn -0.0810 -0.8625 -0.4996
vn -0.1942 -0.6640 -0.7221
vn 0.9178 -0.1019 0.3836
vn 0.9191 -0.1408 0.3681
vn 0.4313 -0.5692 -0.7001
vn 0.6148 -0.7768 -0.1367
vn 0.8136 -0.4448 -0.3745
vn 0.6782 -0.6430 -0.3560
vn -0.9097 -0.2369 0.3410
vn -0.7701 -0.1602 0.6175
vn -0.7284 0.0474 0.6835
vn -0.7509 0.0511 0.6584
vn -0.4836 0.4366 0.7586
vn -0.3658 0.3403 0.8662
vn -0.5304 -0.7471 -0.4006
vn -0.3936 -0.8952 -0.2090
vn 0.2447 -0.7809 -0.5748
vn 0.1473 -0.8710 -0.4687
vn 0.0949 -0.7764 0.6231
vn -0.1757 -0.7089 0.6831
vn -0.4053 -0.6612 0.6313
vn -0.0797 -0.7158 0.6937
vn -0.1542 -0.7384 0.6565
vn -0.0311 -0.6198 0.7842
vn -0.0305 -0.6202 0.7839
vn -0.0361 -0.6163 0.7867
vn -0.0839 -0.6398 0.7640
vn -0.0111 -0.6889 0.7248
vn -0.1062 -0.6907 0.7153
vn -0.0254 -0.6237 0.7812
vn -0.0391 -0.6611 0.7492
vn -0.0060 -0.7816 0.6237
vn -0.0079 -0.8039 0.5947
vn -0.0473 -0.7576 0.6510
vn 0.0067 -0.7436 0.6686
vn 0.0337 -0.7460 0.6650
vn 0.0426 -0.7545 0.6549
vn -0.0339 -0.8053 0.5918
vn 0.0464 -0.8295 0.5565
vn -0.4110 -0.6168 0.6713
vn -0.3930 -0.6212 0.6780
vn -0.1932 -0.5303 0.8255
vn -0.3343 -0.4411 0.8329
vn -0.0705 -0.6601 0.7479
vn -0.1739 -0.5193 0.8367
vn -0.0599 -0.7660 0.6401
vn -0.0357 -0.7424 0.6690
vn -0.0184 -0.8046 0.5935
vn -0.0078 -0.8174 0.5761
vn -0.3855 -0.2666 -0.8834
vn -0.3856 -0.2792 -0.8794
vn -0.3812 -0.2714 -0.8837
vn -0.3829 -0.2753 -0.8818
vn 0.2904 -0.7495 -0.5949
vn 0.2942 -0.7456 -0.5979
vn 0.9356 -0.2237 -0.2733
vn -0.9742 0.1931 -0.1172
vn 0.0955 -0.4342 -0.8958
vn -0.0751 -0.3490 -0.9341
vn -0.1518 0.7759 0.6123
vn -0.2102 0.7059 0.6764
vn -0.1111 0.7038 0.7017
vn -0.1379 0.7068 0.6939
vn -0.1361 0.6176 0.7746
vn -0.1044 0.4340 0.8948
vn -0.2995 -0.4537 -0.8393
vn -0.1558 -0.3608 -0.9195
vn -0.0344 -0.3345 -0.9418
vn 0.5192 -0.7789 -0.3517
vn 0.2542 -0.9644 -0.0726
vn -0.2897 0.2353 0.9277
vn -0.0498 0.3577 0.9325
vn -0.9642 0.2235 0.1429
vn -0.9590 0.2046 0.1959
vn -0.0577 0.0002 -0.9983
vn -0.0583 0.0009 -0.9983
vn -0.0605 0.0045 -0.9982
vn -0.4827 0.0076 -0.8758
vn -0.4787 0.0042 -0.8780
vn -0.6720 -0.0262 -0.7401
vn -0.6743 -0.0363 -0.7376
vn -0.6727 -0.0291 -0.7394
vn -0.8158 0.0292 -0.5776
vn -0.8210 0.2064 -0.5322
vn -0.9475 0.1000 -0.3038
vn -0.8834 0.1696 -0.4368
vn -0.6933 -0.1282 -0.7091
vn -0.6246 -0.0872 -0.7761
vn -0.4015 0.5613 0.7237
vn -0.8899 -0.1170 -0.4409
vn -0.8455 0.0683 -0.5296
vn -0.8492 0.1180 -0.5147
vn 0.9576 -0.1634 0.2371
vn -0.2713 0.0890 0.9584
vn -0.0529 -0.3008 0.9522
vn -0.0473 -0.2869 0.9568
vn -0.4544 0.4805 0.7501
vn -0.8667 0.4134 0.2790
vn -0.9109 0.3502 0.2182
vn -0.7796 0.4063 0.4766
vn -0.6622 0.4976 0.5602
vn -0.7927 0.4868 0.3669
vn -0.7846 0.3811 0.4890
vn -0.9411 0.1707 -0.2919
vn -0.9268 0.2410 -0.2881
vn 0.9047 -0.4023 -0.1403
vn 0.8267 -0.3235 -0.4603
vn 0.7555 -0.5830 -0.2990
vn -0.5834 -0.4634 -0.6671
vn -0.7414 -0.1921 -0.6430
vn -0.7507 -0.1967 -0.6307
vn -0.6730 -0.2041 -0.7109
vn -0.4459 -0.1213 -0.8868
vn -0.9073 0.3994 0.1312
vn -0.9284 0.3241 0.1817
vn -0.9332 0.3576 0.0354
vn -0.7408 -0.1658 -0.6509
vn -0.7188 -0.1582 -0.6770
vn -0.7187 -0.1579 -0.6771
vn -0.7191 -0.1556 -0.6773
vn -0.9277 0.1808 -0.3267
vn 0.0249 -0.7844 -0.6198
vn -0.1974 -0.6016 -0.7740
vn -0.7769 -0.1574 -0.6097
vn 0.6093 -0.4030 -0.6829
vn 0.5187 -0.2572 -0.8153
vn -0.9899 -0.0126 -0.1410
vn -0.9736 0.1361 -0.1833
vn -0.9737 0.1358 -0.1830
vn -0.9732 0.1373 -0.1845
vn -0.6996 0.3079 0.6448
vn -0.6395 0.2336 0.7325
vn -0.2707 0.5651 0.7793
vn -0.2825 0.5716 0.7703
vn -0.2265 0.5374 0.8123
vn -0.3532 0.6133 0.7065
vn -0.2637 0.3386 0.9032
vn -0.6616 -0.1365 -0.7373
vn 0.0180 -0.5429 -0.8396
vn -0.2483 -0.4213 -0.8723
vn -0.6946 -0.1059 -0.7115
vn -0.8230 -0.1499 -0.5479
vn -0.8035 -0.1147 -0.5841
vn -0.0784 -0.5058 -0.8591
vn 0.2246 -0.6239 -0.7486
vn -0.8299 -0.0148 -0.5578
vn 0.3732 -0.8082 -0.4555
vn 0.2400 -0.7818 -0.5755
vn -0.6949 -0.2086 -0.6882
vn -0.7249 -0.1917 -0.6616
vn -0.6829 -0.0676 -0.7274
vn -0.7497 -0.2131 -0.6266
vn -0.6351 -0.0338 -0.7717
vn -0.7010 -0.0230 -0.7128
vn -0.6900 -0.1965 -0.6966
vn -0.6892 -0.2222 -0.6897
vn -0.6584 -0.0205 -0.7524
vn 0.8758 -0.0453 0.4806
vn 0.4479 0.0406 0.8931
vn -0.2540 0.1177 0.9600
vn 0.5378 0.0288 0.8426
vn 0.4737 0.1453 0.8686
vn -0.2628 0.4451 0.8560
vn 0.1085 -0.4707 0.8756
vn 0.6183 -0.0516 0.7842
vn -0.1135 0.2079 0.9715
vn 0.4732 0.1457 0.8688
vn -0.3851 0.3977 0.8328
vn 0.1003 0.2938 0.9506
vn 0.9402 -0.2741 -0.2022
vn -0.2509 0.4135 0.8753
vn -0.2672 0.4140 0.8702
vn -0.2643 0.4146 0.8708
vn -0.5160 0.5859 0.6249
vn -0.5755 0.3129 0.7555
vn -0.1530 0.4314 0.8891
vn 0.2713 0.1669 0.9479
vn -0.2807 0.4149 0.8655
vn -0.9550 0.2708 0.1209
vn -0.9335 0.3352 0.1277
vn -0.9819 0.0817 -0.1707
vn -0.6856 0.3125 0.6575
vn -0.4502 0.6599 0.6015
vn -0.1597 0.4323 0.8875
vn -0.3510 0.5060 0.7879
vn -0.4817 0.4762 0.7356
vn -0.9641 0.1588 -0.2130
vn -0.8858 0.3765 0.2713
vn -0.8367 -0.0750 -0.5426
vn -0.9481 -0.0368 -0.3159
vn 0.4290 0.0519 0.9018
vn -0.4615 0.3594 0.8111
vn 0.9685 -0.1802 0.1719
vn -0.4970 0.4300 0.7537
vn -0.0385 0.1842 0.9821
vn 0.9700 -0.1581 0.1847
vn 0.9485 -0.1797 0.2607
vn 0.9516 -0.2069 0.2272
vn 0.9527 -0.2306 0.1980
vn 0.9457 -0.1616 0.2819
vn 0.8362 -0.2209 0.5019
vn 0.9593 -0.1578 0.2342
vn -0.1547 0.6279 0.7628
vn -0.2418 0.4515 0.8589
vn -0.1451 0.5310 0.8349
vn -0.4386 0.5440 0.7153
vn -0.1587 0.4098 0.8983
vn -0.1584 0.4107 0.8979
vn -0.1522 0.4183 0.8955
vn -0.1641 0.4032 0.9003
vn -0.0392 0.6990 0.7141
vn 0.0806 0.1519 0.9851
vn -0.2963 0.4446 0.8453
vn -0.0079 -0.3336 -0.9427
vn -0.3949 -0.2949 -0.8701
vn -0.2066 -0.7172 -0.6655
vn 0.0532 -0.7088 -0.7034
vn -0.3775 -0.5519 -0.7436
vn -0.3898 -0.5391 -0.7466
vn -0.2992 -0.5237 -0.7976
vn -0.3625 -0.4468 -0.8179
vn -0.5542 -0.3891 -0.7359
vn -0.5915 -0.3981 -0.7012
vn 0.4614 -0.8858 0.0488
vn 0.2533 -0.8589 -0.4451
vn -0.3931 -0.5995 -0.6972
vn -0.3093 -0.5774 -0.7556
vn 0.7272 -0.6862 0.0168
vn 0.8057 -0.5143 0.2940
vn -0.5771 -0.3519 -0.7370
vn -0.5790 -0.3465 -0.7380
vn -0.7199 -0.1565 -0.6762
vn -0.7202 -0.1567 -0.6758
vn -0.9518 0.0818 -0.2957
vn -0.9118 0.1294 -0.3897
vn -0.0336 -0.6976 -0.7157
vn 0.3524 -0.7178 -0.6005
vn 0.5200 -0.4488 -0.7268
vn 0.4037 -0.7402 -0.5377
vn -0.1718 -0.5749 -0.8000
vn -0.3177 -0.2608 -0.9116
vn -0.9731 0.1376 -0.1848
vn -0.9452 0.1811 0.2715
vn -0.8770 0.4300 0.2144
vn -0.4678 0.5904 0.6577
vn -0.6107 0.4680 0.6388
vn 0.8171 -0.5744 -0.0493
vn 0.9507 -0.2948 -0.0960
vn 0.3788 -0.8156 -0.4374
vn 0.5151 -0.4408 -0.7351
vn -0.6590 -0.1497 -0.7371
vn -0.6613 -0.1562 -0.7337
vn -0.6617 -0.1574 -0.7331
vn -0.6586 -0.1483 -0.7378
vn -0.3351 -0.3626 -0.8696
vn -0.5541 -0.0964 -0.8269
vn -0.4239 -0.5378 -0.7288
vn -0.4594 0.5114 0.7262
vn -0.0880 0.0112 -0.9961
vn -0.4040 -0.0475 -0.9135
vn -0.0593 -0.0391 -0.9975
vn -0.6779 0.0275 -0.7346
vn -0.4814 0.0300 -0.8760
vn -0.6736 -0.0334 -0.7384
vn -0.6356 -0.0418 -0.7709
vn -0.8713 0.0652 -0.4864
vn -0.8713 0.0662 -0.4862
vn -0.8713 0.0600 -0.4871
vn -0.7194 -0.0961 -0.6879
vn -0.9354 0.1868 -0.3003
vn -0.8713 0.0718 -0.4855
vn -0.0555 -0.0034 -0.9985
vn 0.9010 -0.4024 -0.1623
vn 0.9034 -0.3951 -0.1669
vn 0.9031 -0.3959 -0.1664
vn -0.9234 0.1928 0.3320
vn -0.3840 0.0536 -0.9218
vn 0.9008 -0.4029 -0.1619
vn 0.6014 -0.2032 0.7727
vn -0.4491 -0.6322 0.6314
vn -0.8949 0.0207 -0.4458
vn 0.4136 -0.5533 -0.7231
vn -0.9951 0.0533 -0.0830
vn 0.2540 -0.3604 0.8975
vn -0.8615 0.0255 -0.5071
vn 0.0161 -0.5161 0.8564
vn 0.4923 -0.1858 0.8504
vn 0.4995 0.0240 0.8660
vn 0.3723 -0.6748 -0.6372
vn -0.7890 0.1001 -0.6062
vn -0.7891 0.0987 -0.6063
vn -0.7860 0.1233 -0.6058
vn -0.9311 -0.0857 -0.3544
vn 0.9517 -0.1524 0.2664
vn 0.7859 0.4817 0.3877
vn -0.3941 0.3008 0.8684
vn 0.4969 -0.2739 0.8234
vn -0.1292 -0.5372 -0.8335
vn -0.3667 0.3334 -0.8685
vn 0.9278 -0.3431 -0.1464
vn -0.3611 -0.5864 0.7251
vn -0.3202 0.1349 -0.9377
vn 0.5068 0.3724 -0.7775
vn -0.4215 -0.6067 0.6740
vn -0.6353 -0.1449 -0.7586
vn -0.8247 -0.0130 -0.5655
vn -0.7953 -0.4178 -0.4393
vn 0.5036 0.0217 0.8637
vn 0.9593 0.2757 0.0611
vn 0.1283 -0.4811 0.8672
vn 0.0340 0.6553 0.7546
vn 0.1312 -0.4876 0.8631
vn 0.0340 0.3712 0.9279
vn 0.2737 0.2902 -0.9170
vn -0.8508 -0.0777 -0.5197
vn -0.3032 0.4105 0.8600
vn -0.7130 -0.3271 -0.6202
vn -0.9312 -0.2896 -0.2215
vn -0.8023 -0.0244 -0.5964
vn 0.5837 -0.1267 0.8020
vn -0.0710 -0.5472 -0.8340
vn 0.4069 0.5387 -0.7377
vn 0.8113 -0.0227 0.5842
vn -0.9115 0.2134 0.3516
vn -0.8821 -0.2797 -0.3791
vn 0.7107 0.2876 0.6420
vn -0.5115 -0.3963 -0.7624
vn -0.1344 -0.3615 0.9226
vn -0.1381 -0.3414 0.9297
vn -0.7130 -0.6390 0.2886
vn -0.5569 -0.3173 -0.7676
vn -0.1596 -0.8775 -0.4523
vn -0.3549 -0.7309 -0.5830
vn 0.8556 -0.4133 0.3117
vn 0.7894 -0.5522 0.2680
vn 0.5381 -0.8198 -0.1959
vn 0.8725 -0.4827 -0.0750
vn -0.9451 -0.2680 0.1872
vn -0.9500 0.0989 0.2963
vn -0.9535 0.1122 0.2797
vn -0.9532 0.1107 0.2815
vn -0.9501 0.0986 0.2960
vn -0.9276 -0.1906 -0.3212
vn -0.8387 -0.3523 -0.4153
vn 0.6642 -0.4329 0.6095
vn -0.6339 0.1610 0.7565
vn -0.5793 0.2703 0.7690
vn 0.3458 -0.6387 -0.6874
vn 0.5006 -0.3757 -0.7799
vn -0.9731 -0.2299 -0.0129
vn -0.9630 -0.2676 -0.0313
vn -0.0079 -0.5534 -0.8329
vn -0.2928 -0.8549 -0.4283
vn -0.5308 -0.4483 -0.7192
vn -0.2972 -0.6992 -0.6503
vn 0.6636 -0.3528 0.6597
vn 0.5380 -0.3600 0.7622
vn 0.4518 -0.1877 0.8722
vn 0.4806 -0.1756 0.8592
vn 0.1501 0.1515 0.9770
vn 0.0162 0.0238 0.9996
vn 0.7200 -0.5630 -0.4058
vn 0.5471 -0.7682 -0.3325
vn 0.1342 -0.6726 -0.7278
vn 0.1255 -0.6579 -0.7426
vn -0.0868 -0.9316 0.3530
vn 0.0211 -0.9142 0.4047
vn 0.0211 -0.9143 0.4045
vn 0.2777 -0.8642 0.4196
vn -0.0625 -0.9083 0.4137
vn 0.0210 -0.9144 0.4043
vn -0.1474 -0.8475 0.5099
vn -0.1520 -0.8507 0.5032
vn -0.1517 -0.8505 0.5037
vn -0.0939 -0.8601 0.5013
vn -0.0833 -0.8687 0.4883
vn -0.0205 -0.8641 0.5029
vn -0.1563 -0.8537 0.4968
vn -0.1284 -0.8778 0.4614
vn -0.1033 -0.9481 0.3008
vn -0.0893 -0.9591 0.2688
vn -0.0378 -0.9164 0.3985
vn -0.1057 -0.9109 0.3990
vn -0.0465 -0.8982 0.4371
vn -0.0500 -0.9109 0.4095
vn 0.0516 -0.9189 0.3912
vn -0.0353 -0.9544 0.2965
vn 0.2052 -0.7861 0.5831
vn 0.1797 -0.7968 0.5769
vn -0.0252 -0.7806 0.6245
vn 0.0936 -0.6989 0.7090
vn -0.0986 -0.8763 0.4716
vn -0.0483 -0.7741 0.6312
vn -0.0601 -0.9388 0.3391
vn -0.0952 -0.9267 0.3636
vn -0.0193 -0.9584 0.2847
vn -0.0168 -0.9388 0.3441
vn 0.0967 0.5373 0.8379
vn 0.4770 0.6482 -0.5935
vn 0.1187 0.6055 -0.7869
vn -0.0577 0.5990 -0.7986
vn -0.2575 0.8455 0.4678
vn -0.0020 0.9988 0.0479
vn -0.0502 0.8678 0.4944
vn -0.0547 0.9978 -0.0382
vn -0.1683 0.9850 0.0394
vn -0.4357 0.8836 -0.1713
vn -0.8954 0.4409 -0.0620
vn -0.4535 0.8250 -0.3373
vn -0.7041 0.6110 -0.3618
vn -0.4866 0.5792 -0.6541
vn -0.4846 0.5252 -0.6995
vn -0.0997 0.8530 -0.5123
vn -0.2822 0.8219 0.4948
vn -0.0902 0.9820 0.1662
vn -0.7652 0.2077 0.6094
vn -0.8624 0.0164 0.5060
vn -0.1379 0.9820 -0.1294
vn -0.9840 0.0467 0.1717
vn -0.9456 -0.1655 -0.2800
vn -0.4626 -0.0652 -0.8842
vn -0.4463 -0.0786 -0.8914
vn -0.0244 -0.0466 -0.9986
vn -0.0642 0.0044 -0.9979
vn -0.8508 0.1313 -0.5088
vn -0.5250 0.4924 -0.6942
vn -0.4972 0.5389 -0.6800
vn -0.4609 0.0516 0.8860
vn -0.4513 0.0711 0.8896
vn -0.1343 0.0392 0.9902
vn -0.0890 0.1273 0.9879
vn -0.9846 0.1745 0.0140
vn -0.9445 0.3088 0.1121
vn -0.4405 0.8936 0.0866
vn -0.5364 0.8308 0.1484
vn -0.4631 0.5050 -0.7284
vn -0.4590 0.5708 -0.6808
vn -0.0569 0.5881 -0.8068
vn -0.4839 0.7428 -0.4627
vn -0.2921 0.8483 -0.4417
vn -0.5818 0.5474 -0.6015
vn -0.6674 -0.2350 -0.7066
vn -0.5308 -0.0650 -0.8450
vn 0.0353 0.9958 0.0840
vn -0.0406 0.6481 0.7605
vn -0.0589 0.5338 0.8435
vn -0.0403 0.6485 0.7601
vn -0.0582 0.5354 0.8426
vn -0.3624 0.7835 -0.5049
vn -0.0568 0.6023 -0.7962
vn 0.9257 0.3257 -0.1921
vn -0.7364 -0.3581 -0.5740
vn -0.9378 -0.3435 -0.0505
vn 0.9420 0.3329 0.0419
vn 0.9215 0.3872 0.0306
vn 0.9386 0.3427 0.0401
vn 0.8389 0.5122 0.1840
vn 0.8972 0.4052 0.1758
vn -0.4054 0.6129 0.6783
vn -0.4367 0.5888 0.6802
vn 0.3578 0.7321 0.5797
vn 0.4476 0.6914 0.5672
vn -0.8808 0.3499 0.3192
vn -0.9539 0.1735 0.2451
vn -0.9928 0.0655 0.1006
vn -0.9993 -0.0342 0.0182
vn -0.8085 -0.1580 -0.5669
vn -0.9962 -0.0466 0.0739
vn 0.8448 0.1604 -0.5104
vn 0.8490 0.0793 -0.5223
vn 0.8445 -0.0487 -0.5334
vn 0.8830 0.0001 -0.4694
vn 0.4433 -0.3097 -0.8412
vn -0.6166 -0.4526 -0.6442
vn -0.2766 -0.4977 -0.8220
vn -0.4465 -0.3852 -0.8076
vn 0.3835 -0.3910 -0.8367
vn 0.8716 -0.0323 -0.4891
vn 0.8774 -0.0000 -0.4798
vn -0.8737 0.4730 -0.1134
vn -0.9521 0.1909 -0.2387
vn -0.9248 0.3050 0.2276
vn 0.9130 0.4027 0.0655
vn 0.8764 0.4815 -0.0047
vn 0.2611 -0.9550 -0.1409
vn 0.2841 -0.9438 -0.1688
vn 0.2522 -0.9573 -0.1413
vn 0.2616 -0.9525 -0.1556
vn 0.2408 -0.9647 -0.1068
vn 0.2420 -0.9640 -0.1106
vn 0.2418 -0.9640 -0.1101
vn 0.2407 -0.9647 -0.1065
vn 0.2454 -0.9691 -0.0246
vn 0.2421 -0.9689 -0.0510
vn 0.1293 -0.9456 0.2985
vn 0.2174 -0.9711 0.0981
vn 0.2533 -0.9611 -0.1103
vn 0.2419 -0.9661 -0.0900
vn 0.9563 0.2879 0.0505
vn 0.9157 0.4017 0.0152
vn 0.6835 0.4996 0.5322
vn 0.6691 0.4631 0.5812
vn 0.7811 0.5229 0.3412
vn 0.8418 0.4535 0.2928
vn 0.0629 0.4765 0.8769
vn 0.0261 0.4308 0.9021
vn -0.9855 -0.1077 -0.1308
vn -0.9838 -0.0297 -0.1768
vn -0.9099 0.2797 0.3063
vn -0.8523 0.1704 0.4944
vn -0.9192 -0.1997 -0.3395
vn -0.9184 -0.2075 -0.3369
vn -0.9184 -0.2080 -0.3366
vn -0.9188 -0.2040 -0.3380
vn -0.9782 -0.1975 -0.0644
vn -0.9642 -0.2267 -0.1379
vn -0.8117 -0.1230 -0.5710
vn -0.7673 -0.0000 -0.6412
vn 0.1535 0.4889 -0.8587
vn 0.1147 0.4550 -0.8831
vn 0.7965 0.4044 -0.4496
vn 0.8057 0.4496 -0.3857
vn 0.8072 0.4304 -0.4041
vn 0.8066 0.3954 -0.4395
vn 0.7853 0.3695 -0.4967
vn 0.7603 0.3509 -0.5466
vn 0.9735 0.2218 0.0563
vn 0.9538 0.2743 0.1226
vn 0.7728 0.5927 0.2271
vn -0.2867 0.8283 0.4815
vn -0.5660 0.7498 0.3427
vn -0.9885 0.1049 0.1091
vn -0.9866 0.1174 0.1130
vn -0.9916 0.0827 0.0999
vn 0.2412 0.7395 0.6285
vn -0.4865 0.7191 0.4962
vn -0.4590 0.7029 0.5433
vn 0.7630 0.6364 0.1133
vn 0.5334 0.6961 0.4805
vn -0.7805 0.5842 0.2227
vn -0.6350 0.6765 0.3729
vn 0.2459 0.8983 0.3641
vn 0.2211 -0.9717 0.0829
vn 0.2203 -0.9751 0.0253
vn 0.2299 -0.9723 0.0431
vn 0.2292 -0.9702 0.0783
vn -0.6156 0.3433 0.7093
vn -0.6815 0.4318 0.5909
vn -0.9850 -0.1683 0.0381
vn -0.9844 -0.1725 0.0356
vn -0.9863 -0.1589 0.0437
vn -0.9869 -0.1546 0.0463
vn -0.8505 -0.0307 -0.5250
vn -0.8465 0.0707 -0.5277
vn -0.3771 0.3407 -0.8612
vn -0.4094 0.2589 -0.8749
vn 0.8149 0.3694 -0.4466
vn 0.7734 0.5120 -0.3738
vn 0.9252 0.3731 0.0688
vn 0.9117 0.4018 0.0855
vn -0.9910 -0.0876 -0.1017
vn -0.9917 -0.0064 -0.1283
vn 0.9128 0.4085 0.0005
vn 0.9069 0.4208 -0.0202
vn -0.9823 0.1408 0.1232
vn 0.2458 -0.9667 -0.0714
vn 0.2471 -0.9662 -0.0737
vn 0.2476 -0.9660 -0.0744
vn 0.2454 -0.9668 -0.0708
vn -0.9277 -0.2169 -0.3037
vn -0.9282 -0.0673 -0.3659
vn -0.9539 0.2423 -0.1769
vn 0.8339 0.4282 0.3483
vn 0.8356 0.4236 0.3498
vn 0.8351 0.4251 0.3493
vn 0.8334 0.4296 0.3478
vn 0.1074 0.3268 0.9390
vn 0.1078 0.3264 0.9391
vn 0.1076 0.3266 0.9390
vn 0.1072 0.3270 0.9389
vn -0.9516 -0.0308 -0.3057
vn -0.9464 -0.0524 -0.3188
vn -0.9940 -0.0712 0.0829
vn -0.9961 -0.0522 0.0711
vn -0.6017 0.1785 0.7785
vn -0.5989 0.1977 0.7761
vn -0.9309 -0.0145 -0.3650
vn -0.9314 -0.0415 -0.3616
vn 0.9052 0.4249 0.0081
vn 0.8584 0.5118 0.0337
vn 0.7121 0.4319 0.5535
vn 0.7108 0.4446 0.5450
vn -0.9056 -0.4241 0.0002
vn -0.9171 -0.3986 0.0090
vn -0.7046 -0.4383 -0.5581
vn -0.6481 -0.5100 -0.5656
vn -0.1428 -0.4053 -0.9030
vn -0.1427 -0.4421 -0.8855
vn 0.8487 -0.1644 -0.5027
vn 0.8757 0.0684 -0.4779
vn 0.9928 0.1170 0.0256
vn 0.9887 0.1457 0.0346
vn -0.8948 -0.4323 -0.1114
vn -0.8937 -0.4346 -0.1110
vn -0.8969 -0.4277 -0.1122
vn -0.8980 -0.4253 -0.1126
vn 0.9941 0.1078 -0.0100
vn 0.9951 -0.0817 -0.0550
vn 0.9355 -0.1613 0.3144
vn 0.9321 -0.1810 0.3137
vn 0.2592 -0.4122 0.8735
vn 0.2454 -0.3841 0.8901
vn -0.8721 -0.3572 -0.3344
vn -0.8470 -0.4033 -0.3464
vn -0.8161 -0.4749 0.3293
vn -0.7770 -0.5532 0.3004
vn -0.3387 -0.5359 0.7734
vn -0.3462 -0.5178 0.7823
vn -0.8384 -0.3718 -0.3985
vn -0.8314 -0.3898 -0.3959
vn 0.9883 0.1513 -0.0197
vn 0.9926 0.1184 -0.0275
vn 0.8151 -0.2269 0.5331
vn 0.8136 -0.2003 0.5459
vn -0.1751 0.4848 0.8569
vn -0.2218 0.4230 0.8786
vn 0.1645 0.9166 0.3644
vn -0.1403 0.2939 0.9455
vn -0.1469 0.2752 0.9501
vn -0.0063 -0.4593 0.8883
vn -0.0071 -0.4578 0.8890
vn -0.0045 -0.4626 0.8866
vn -0.0036 -0.4641 0.8858
vn 0.5613 0.4118 0.7179
vn 0.5645 0.4034 0.7202
vn 0.5619 0.4103 0.7183
vn 0.5996 0.4913 0.6317
vn 0.5654 0.3820 0.7311
vn 0.5652 0.4013 0.7208
vn 0.6444 -0.2903 0.7075
vn 0.6443 -0.2900 0.7076
vn 0.6444 -0.2911 0.7071
vn 0.6445 -0.2915 0.7069
vn -0.1762 0.8520 0.4931
vn 0.0418 0.8973 0.4395
vn -0.9796 -0.0256 0.1993
vn -0.9925 0.0803 0.0921
vn -0.4472 0.7620 0.4683
vn -0.9553 0.0458 0.2920
vn -0.9467 -0.0005 0.3221
vn -0.8788 -0.4705 0.0799
vn -0.8643 -0.4979 0.0713
vn -0.9535 -0.2785 -0.1154
vn -0.9739 -0.2239 0.0367
vn -0.9791 -0.1488 -0.1385
vn -0.9837 -0.1298 -0.1245
vn -0.8813 -0.4407 -0.1706
vn -0.9040 -0.3870 -0.1814
vn -0.3637 0.2432 -0.8992
vn -0.3995 0.1995 -0.8947
vn -0.3449 0.2667 -0.9000
vn -0.3024 0.3140 -0.9000
vn 0.1494 0.3558 -0.9225
vn 0.1941 0.4552 -0.8690
vn 0.3820 -0.3875 -0.8390
vn 0.4136 -0.3040 -0.8582
vn 0.5246 0.8148 0.2467
vn 0.1785 0.7928 0.5828
vn 0.8564 0.4643 0.2258
vn -0.9710 -0.2190 -0.0963
vn -0.9716 -0.2112 -0.1066
vn -0.9713 -0.2147 -0.1022
vn -0.2588 0.0014 -0.9659
vn 0.8345 0.4984 0.2349
vn 0.7470 0.6554 0.1115
vn 0.9160 0.4003 0.0286
vn -0.9370 0.0679 0.3426
vn -0.9925 0.0623 0.1052
vn -0.5109 0.6436 0.5699
vn 0.4436 0.7260 0.5256
vn -0.9713 -0.2155 -0.1006
vn -0.9938 -0.0918 -0.0625
vn -0.8083 -0.0184 -0.5885
vn -0.7713 -0.0999 -0.6286
vn 0.3102 0.1498 -0.9388
vn 0.3345 0.1398 -0.9320
vn 0.7700 0.3240 -0.5497
vn 0.8433 0.2744 -0.4621
vn 0.2449 0.7167 0.6530
vn -0.4328 0.6368 0.6381
vn 0.8247 0.2955 -0.4823
vn 0.8464 0.2773 -0.4547
vn 0.8398 0.3175 -0.4403
vn 0.8488 0.3104 -0.4280
vn -0.2865 -0.0270 -0.9577
vn 0.7810 0.5995 -0.1749
vn 0.5064 0.1968 0.8396
vn 0.5280 -0.5574 -0.6407
vn 0.5303 -0.5583 -0.6380
vn 0.5309 -0.5585 -0.6374
vn 0.8346 0.5293 -0.1528
vn 0.3131 0.1348 0.9401
vn 0.5323 -0.5360 -0.6553
vn -0.9894 -0.0135 -0.1444
vn 0.0280 0.2203 0.9750
vn -0.8026 -0.4232 -0.4204
vn 0.9474 -0.3150 0.0573
vn -0.2623 0.3834 0.8855
vn 0.2948 0.2524 0.9216
vn 0.3907 0.6541 -0.6477
vn -0.8810 -0.1772 -0.4386
vn 0.5273 -0.5571 -0.6415
vn -0.0879 0.2434 0.9659
vn 0.9288 -0.1845 0.3213
vn 0.2612 -0.3883 0.8837
vn 0.9520 -0.1246 0.2797
vn 0.9463 -0.3161 0.0683
vn 0.9487 -0.1436 0.2817
vn -0.6916 0.2725 0.6690
vn 0.9648 -0.2513 0.0775
vn -0.7535 -0.1858 -0.6306
vn 0.7607 0.0245 0.6486
vn -0.7875 0.2890 0.5444
vn -0.7637 0.1316 -0.6321
vn -0.4357 0.1066 -0.8938
vn -0.8159 0.1111 -0.5674
vn -0.1328 -0.5520 -0.8232
vn 0.8189 0.1644 -0.5499
vn 0.9829 0.1557 0.0980
vn 0.7585 -0.0207 0.6513
vn 0.0113 -0.9928 0.1195
vn -0.0600 0.5549 0.8298
vn 0.4741 0.1992 0.8576
vn 0.2157 -0.7016 -0.6792
vn 0.4286 0.5591 0.7097
vn 0.8520 0.2581 0.4554
vn 0.9495 -0.1244 0.2882
vn -0.5835 0.2835 -0.7610
vn 0.6945 0.5910 0.4104
vn 0.0525 -0.9983 0.0253
vn 0.0521 -0.9982 0.0287
vn 0.0522 -0.9982 0.0279
vn -0.4299 0.0334 -0.9023
vn -0.4171 0.0190 -0.9087
vn -0.3880 0.0042 -0.9217
vn -0.4507 0.0312 -0.8921
vn 0.8209 0.2097 0.5312
vn -0.8080 0.0633 -0.5858
vn 0.9418 0.0779 0.3272
vn 0.9409 0.0683 0.3317
vn 0.9410 0.0690 0.3313
vn 0.9408 0.0671 0.3322
vn -0.0301 -0.9876 0.1538
vn -0.0078 -0.9919 0.1268
vn -0.8168 0.5552 -0.1567
vn 0.3254 0.8047 0.4965
vn 0.5394 0.6321 0.5563
vn -0.9286 0.1733 -0.3281
vn -0.9277 0.1765 -0.3289
vn -0.9273 0.1780 -0.3293
vn 0.9103 0.2396 0.3375
vn 0.9190 0.2168 0.3294
vn 0.7025 0.2372 0.6710
vn 0.7078 0.2553 0.6587
vn -0.3391 -0.2957 -0.8931
vn -0.7773 -0.1982 -0.5971
vn -0.7542 -0.1555 -0.6380
vn 0.7571 -0.4305 -0.4915
vn -0.2805 -0.4427 -0.8517
vn -0.7460 -0.1886 -0.6387
vn -0.0863 0.4153 0.9056
vn 0.9294 0.2453 0.2758
vn 0.7586 -0.1302 0.6385
vn 0.6438 0.4873 0.5900
vn 0.6577 0.4640 0.5935
vn 0.6507 0.4759 0.5916
vn -0.7613 0.1132 -0.6385
vn 0.9329 0.2200 0.2851
vn 0.9668 -0.2377 0.0932
vn 0.9436 -0.3235 0.0708
vn 0.7610 -0.3965 -0.5135
vn 0.7565 -0.1019 0.6460
vn -0.9644 0.2410 -0.1084
vn 0.6367 0.4992 0.5878
vn -0.0357 0.9308 0.3638
vn 0.9278 0.0555 0.3689
vn -0.8406 -0.0277 -0.5410
vn -0.8089 -0.0845 -0.5818
vn -0.0999 0.9096 0.4034
vn -0.7578 0.4124 -0.5055
vn -0.9467 0.3009 -0.1150
vn 0.6308 0.7070 0.3199
vn 0.7423 0.1550 0.6518
vn 0.7421 0.1556 0.6520
vn 0.7425 0.1548 0.6518
vn 0.0471 0.6519 0.7569
vn -0.8017 0.1115 -0.5873
vn -0.7452 0.1933 -0.6382
vn -0.3749 -0.0604 -0.9251
vn 0.8693 0.0648 -0.4901
vn -0.9026 -0.4300 -0.0205
vn -0.9148 -0.4035 -0.0161
vn 0.0827 -0.9959 -0.0374
vn 0.0526 -0.9983 0.0244
vn 0.0811 -0.9939 -0.0751
vn 0.0900 -0.9954 -0.0318
vn -0.0337 -0.9838 0.1762
vn 0.0781 -0.9969 0.0032
vn 0.0793 -0.9969 -0.0001
vn 0.0794 -0.9968 -0.0005
vn -0.9290 0.1718 -0.3277
vn -0.6217 -0.3206 -0.7146
vn -0.0553 -0.5819 -0.8114
vn 0.8153 0.4733 0.3336
vn 0.0912 -0.9946 -0.0496
vn -0.7622 0.2299 -0.6051
vn -0.7715 0.1067 -0.6272
vn -0.8041 -0.0228 -0.5941
vn 0.8497 0.0672 0.5229
vn 0.9872 0.0369 0.1549
vn -0.9025 0.2822 -0.3254
vn -0.9033 0.1950 -0.3823
vn -0.5917 0.8023 -0.0788
vn 0.0668 -0.9976 0.0158
vn -0.9600 0.2734 -0.0602
vn 0.8394 0.1872 0.5103
vn -0.6989 0.4868 0.5241
vn -0.6784 0.4560 0.5761
vn -0.1006 -0.9209 0.3765
vn 0.0424 -0.9980 0.0464
vn 0.0566 0.9047 0.4222
vn -0.4145 0.0301 -0.9096
vn -0.4331 0.0481 -0.9001
vn -0.5103 0.5654 0.6480
vn -0.4770 0.5219 0.7071
vn -0.5348 0.8442 -0.0346
vn -0.5551 0.3785 0.7407
vn -0.5494 0.3630 0.7526
vn -0.4705 -0.3820 0.7954
vn -0.4701 -0.3858 0.7938
vn -0.4707 -0.3803 0.7962
vn -0.4700 -0.3875 0.7931
vn -0.9565 0.2653 0.1210
vn -0.9569 0.2638 0.1213
vn -0.9587 0.2565 0.1229
vn -0.9459 0.3243 0.0133
vn -0.9621 0.2365 0.1358
vn -0.9592 0.2543 0.1234
vn -0.8738 -0.4284 0.2299
vn -0.8735 -0.4292 0.2298
vn -0.8740 -0.4281 0.2300
vn -0.8733 -0.4296 0.2297
vn -0.3500 0.8933 0.2821
vn -0.4873 0.8674 0.1007
vn 0.6087 0.2832 0.7412
vn 0.6657 0.3815 0.6413
vn -0.1144 0.8881 0.4453
vn 0.5175 0.3494 0.7811
vn 0.5010 0.3045 0.8101
vn 0.6969 -0.1776 0.6948
vn 0.6970 -0.2086 0.6860
vn 0.8378 0.0253 0.5455
vn 0.7502 0.0951 0.6543
vn 0.8478 0.1439 0.5104
vn 0.8343 0.1754 0.5227
vn 0.8524 -0.1635 0.4966
vn 0.8657 -0.1062 0.4891
vn 0.8662 0.0661 -0.4953
vn 0.8719 0.0599 -0.4860
vn 0.8694 0.0628 -0.4901
vn 0.8688 0.0633 -0.4911
vn 0.2873 0.4490 0.8461
vn 0.7972 0.1126 0.5932
vn 0.0231 -0.9976 0.0647
vn 0.9906 0.1000 0.0928
vn 0.3812 0.1040 -0.9186
vn 0.4372 -0.0314 -0.8988
vn 0.3503 0.0601 -0.9347
vn 0.4296 0.0856 -0.8989
vn -0.2555 0.9034 0.3444
vn -0.8235 0.3767 -0.4242
vn 0.3254 -0.5341 -0.7803
vn 0.2977 -0.4654 -0.8335
vn 0.0780 -0.9969 0.0036
vn 0.8225 0.2855 0.4919
vn -0.6620 0.7426 0.1014
vn 0.1032 0.8577 0.5037
vn -0.7461 0.1254 -0.6539
vn -0.0267 -0.9864 0.1625
vn 0.0703 -0.9975 -0.0077
vn -0.7084 0.6317 -0.3148
vn -0.6229 0.7768 0.0925
vn -0.7421 0.3346 0.5808
vn -0.7422 0.3344 0.5808
vn -0.7424 0.3341 0.5807
vn -0.7419 0.3349 0.5808
vn 0.9859 0.1298 0.1055
vn 0.7420 0.1558 0.6520
vn -0.8659 0.2363 -0.4409
vn 0.8131 0.1344 0.5664
vn 0.8196 0.1451 0.5542
vn 0.8146 0.1351 0.5641
vn -0.0820 0.3980 0.9137
vn -0.7890 -0.1578 -0.5938
vn 0.7904 0.4879 -0.3704
vn -0.8624 0.2597 -0.4345
vn -0.7746 0.3847 -0.5020
vn -0.7862 0.1229 -0.6056
vn 0.9383 0.1943 0.2859
vn -0.9683 0.2290 -0.0997
vn 0.4386 0.4251 0.7918
vn 0.6392 0.4869 0.5953
vn -0.0512 0.8928 0.4476
vn -0.7276 0.6852 -0.0349
vn 0.8081 0.1239 0.5758
vn 0.7834 0.1965 0.5897
vn 0.9457 0.2875 0.1514
vn 0.9406 0.2958 0.1666
vn 0.3215 0.4835 -0.8142
vn 0.3545 0.5034 -0.7880
vn -0.4767 0.1769 -0.8611
vn -0.4865 0.1631 -0.8583
vn -0.6766 0.7266 0.1196
vn -0.1980 0.8523 0.4841
vn -0.3719 0.2581 -0.8916
vn -0.4437 0.1639 -0.8811
vn -0.3630 0.3370 -0.8687
vn -0.4527 0.2400 -0.8588
vn 0.8634 0.4148 -0.2872
vn -0.2246 -0.3205 0.9202
vn -0.1957 -0.3389 0.9202
vn -0.0248 -0.3276 0.9445
vn -0.0486 -0.7069 -0.7056
vn -0.1408 -0.7216 -0.6779
vn -0.1635 0.9837 0.0753
vn -0.0985 0.9897 0.1037
vn 0.1674 0.8931 0.4175
vn 0.1482 0.9087 0.3904
vn -0.6544 0.7548 0.0442
vn -0.8144 -0.5762 0.0686
vn -0.3107 -0.6572 -0.6867
vn -0.3515 0.8856 0.3035
vn -0.2611 0.9174 0.3004
vn 0.2003 -0.3081 0.9300
vn 0.1854 -0.3197 0.9292
vn 0.0264 -0.3318 0.9430
vn 0.1521 -0.6968 -0.7009
vn 0.2439 -0.7022 -0.6689
vn 0.0442 0.9958 0.0803
vn -0.0236 0.9941 0.1058
vn -0.2591 0.8764 0.4060
vn -0.2450 0.8892 0.3864
vn 0.5857 0.8074 0.0714
vn 0.8639 -0.4919 0.1080
vn 0.4067 -0.6212 -0.6699
vn 0.2466 0.9156 0.3175
vn 0.1538 0.9382 0.3101
vn 0.7865 -0.1253 0.6047
vn -0.8626 0.2438 -0.4433
vn 0.9548 0.2717 -0.1208
vn 0.8617 0.4635 -0.2066
vn 0.9153 -0.3750 -0.1469
vn 0.9509 0.2772 0.1380
vn 0.9987 -0.0387 0.0322
vn -0.1114 0.8865 -0.4491
vn -0.4832 0.8619 -0.1541
vn -0.4832 0.8618 -0.1545
vn -0.4833 0.8629 -0.1478
vn 0.7508 -0.3188 0.5785
vn 0.6905 -0.6478 0.3217
vn -0.2559 -0.7324 0.6309
vn 0.6908 0.3470 -0.6344
vn -0.7963 -0.3813 0.4695
vn -0.4051 0.1076 0.9079
vn 0.4941 0.1545 0.8556
vn -0.9286 -0.1911 -0.3181
vn -0.6822 -0.7290 -0.0570
vn -0.2710 -0.2659 -0.9251
vn -0.2773 -0.2579 -0.9255
vn -0.2712 -0.2657 -0.9251
vn 0.1544 -0.6234 0.7665
vn 0.5160 0.0699 0.8537
vn 0.5634 -0.0915 0.8211
vn 0.0756 0.6906 -0.7193
vn 0.9646 -0.1642 0.2065
vn -0.8159 0.5326 -0.2248
vn -0.8117 0.5377 -0.2279
vn -0.8164 0.5320 -0.2245
vn -0.3092 -0.9477 -0.0794
vn -0.1084 0.4306 -0.8960
vn 0.6873 -0.3056 0.6590
vn 0.9994 -0.0328 0.0060
vn 0.9993 -0.0362 0.0016
vn 0.9994 -0.0330 0.0057
vn 0.4308 0.8376 0.3360
vn 0.9966 0.0548 0.0621
vn 0.9866 0.0161 0.1624
vn 0.2592 -0.8428 -0.4718
vn 0.7694 -0.4539 0.4495
vn 0.5480 0.0440 -0.8353
vn 0.9149 -0.0514 -0.4004
vn -0.4739 0.1795 0.8621
vn -0.9893 -0.1449 0.0160
vn -0.2242 -0.9451 0.2379
vn 0.5192 -0.5351 -0.6664
vn 0.8645 0.5007 -0.0435
vn -0.3798 0.2243 -0.8974
vn -0.9017 -0.2633 0.3428
vn 0.9325 0.1893 0.3077
vn 0.4366 0.8324 0.3412
vn 0.4367 0.8325 0.3410
vn 0.4389 0.8329 0.3371
vn -0.9903 -0.1327 -0.0407
vn -0.9903 -0.1329 -0.0410
vn -0.9897 -0.1360 -0.0450
vn 0.1823 -0.0454 -0.9822
vn 0.4421 -0.1711 -0.8805
vn -0.5637 -0.3271 0.7584
vn -0.9989 -0.0454 0.0153
vn 0.8461 -0.5162 0.1329
vn -0.3383 -0.8251 0.4525
vn 0.9397 -0.1198 -0.3204
vn 0.0123 -0.9775 0.2107
vn 0.8373 -0.0752 -0.5415
vn 0.4663 -0.3632 0.8066
vn 0.8022 -0.0349 0.5961
vn -0.9152 0.0214 -0.4025
vn 0.0230 -0.9111 0.4116
vn 0.6432 -0.3107 -0.6998
vn 0.9573 -0.0952 -0.2729
vn -0.4459 -0.1157 0.8876
vn -0.5573 -0.4795 0.6779
vn 0.6139 0.4472 0.6505
vn -0.1842 -0.0208 0.9827
vn -0.2661 0.4646 -0.8446
vn 0.1564 -0.8351 0.5274
vn -0.2116 0.6434 -0.7357
vn -0.1146 -0.8570 0.5023
vn 0.4341 -0.8059 -0.4026
vn -0.3557 -0.2251 0.9071
vn 0.8580 -0.3475 0.3783
vn 0.3193 0.5487 -0.7726
vn -0.8116 0.5379 -0.2281
vn -0.5712 0.5422 -0.6162
vn -0.5641 0.5448 -0.6205
vn -0.5728 0.5417 -0.6152
vn 0.1835 0.0837 -0.9794
vn -0.6364 -0.7145 0.2905
vn -0.9066 0.3164 -0.2791
vn -0.8499 -0.0101 0.5269
vn -0.1353 -0.1588 -0.9780
vn 0.4475 0.1797 0.8760
vn -0.0523 -0.4243 0.9040
vn 0.2781 -0.9189 0.2797
vn 0.2994 0.2118 0.9303
vn 0.0461 -0.1394 -0.9892
vn -0.9951 -0.0954 0.0269
vn -0.9680 -0.2486 -0.0343
vn -0.3168 0.8904 0.3268
vn 0.1291 -0.1517 0.9800
vn 0.9895 -0.0151 0.1438
vn -0.2962 -0.3368 0.8938
vn 0.0818 -0.0140 -0.9966
vn 0.9587 0.1116 0.2615
vn -0.8357 -0.4322 0.3389
vn -0.7867 -0.4457 0.4271
vn -0.4284 -0.3592 0.8291
vn -0.8176 -0.5288 0.2279
vn -0.7809 0.4339 -0.4495
vn 0.8899 -0.3783 0.2547
vn 0.7214 -0.3098 0.6194
vn -0.2615 0.9370 -0.2315
vn -0.4866 -0.5225 0.7002
vn 0.8149 -0.0574 -0.5767
vn -0.6209 0.0109 0.7838
vn 0.5698 -0.3635 0.7371
vn -0.4470 0.4539 0.7708
vn 0.2378 -0.5844 0.7758
vn 0.0748 -0.0090 0.9972
vn 0.9769 -0.1359 -0.1646
vn 0.8486 -0.1972 -0.4910
vn 0.3463 -0.7086 0.6148
vn -0.7516 0.5222 0.4030
vn -0.7652 0.5354 -0.3574
vn -0.7609 0.5391 -0.3612
vn -0.7670 0.5339 -0.3559
vn -0.5452 -0.2495 0.8003
vn 0.5618 0.8272 0.0069
vn 0.9749 0.0468 0.2178
vn -0.0955 -0.4508 0.8875
vn 0.8640 -0.3557 -0.3564
vn 0.3420 -0.5616 0.7534
vn 0.9575 -0.2845 0.0477
vn 0.5661 0.3535 0.7447
vn 0.7450 -0.3106 -0.5903
vn 0.1689 0.3142 0.9342
vn -0.5123 0.8438 0.1599
vn 0.2877 -0.6130 0.7358
vn 0.4592 -0.7040 0.5417
vn 0.5423 0.5982 -0.5900
vn 0.5439 0.5977 -0.5890
vn 0.5351 0.6000 -0.5947
vn -0.3361 0.5158 -0.7880
vn -0.9985 -0.0480 0.0263
vn -0.9979 -0.0522 0.0375
vn -0.9984 -0.0487 0.0282
vn -0.6967 -0.2250 0.6811
vn 0.8834 0.0861 0.4606
vn 0.4610 -0.2077 -0.8628
vn -0.3915 0.2277 0.8915
vn 0.8298 0.2108 0.5168
vn 0.3870 0.5894 0.7091
vn -0.9795 -0.1379 -0.1467
vn 0.3273 0.7137 -0.6193
vn 0.6064 0.7951 0.0027
vn 0.1769 0.9591 -0.2212
vn 0.8212 0.3067 0.4812
vn -0.2381 -0.3577 -0.9029
vn -0.5793 -0.5280 0.6209
vn -0.6633 -0.4611 0.5894
vn 0.0329 0.5947 -0.8032
vn 0.7867 0.1286 0.6038
vn -0.4241 0.5388 -0.7279
vn -0.2897 0.5722 -0.7672
vn 0.2999 -0.9513 0.0708
vn -0.7946 0.0910 -0.6002
vn 0.3636 0.8981 -0.2473
vn 0.7807 0.5143 0.3550
vn 0.7854 0.5060 0.3564
vn 0.7843 0.5080 0.3561
vn -0.5984 -0.0363 0.8003
vn 0.6795 0.2544 0.6881
vn 0.9008 0.4066 0.1521
vn -0.3345 -0.1174 -0.9350
vn -0.3126 -0.1257 0.9415
vn 0.1884 0.2222 0.9566
vn -0.2334 0.6679 0.7067
vn 0.6142 -0.7891 -0.0137
vn -0.9082 -0.0038 0.4186
vn -0.9901 0.0301 -0.1369
vn -0.6190 0.4105 0.6696
vn 0.0224 -0.1606 0.9868
vn -0.0886 -0.3385 0.9368
vn -0.1798 -0.5222 0.8337
vn -0.5802 0.3898 -0.7151
vn -0.1354 -0.9872 0.0845
vn -0.8020 0.4966 0.3319
vn -0.4701 0.7301 0.4959
vn -0.3832 0.7094 0.5915
vn 0.1673 0.7810 -0.6017
vn 0.8617 0.0696 0.5026
vn -0.2696 -0.7403 0.6159
vn 0.2005 0.9522 0.2303
vn -0.4492 0.8768 0.1716
vn 0.9198 -0.3129 0.2367
vn -0.1546 0.1043 -0.9825
vn -0.4112 -0.7477 0.5213
vn 0.2456 0.3480 0.9048
vn -0.0688 -0.0490 -0.9964
vn -0.5892 -0.1494 0.7941
vn 0.6196 0.3603 0.6974
vn -0.7814 -0.2284 0.5807
vn -0.2898 -0.4388 0.8505
vn -0.9886 -0.1144 0.0974
vn -0.6593 -0.0328 0.7511
vn -0.5392 -0.4397 0.7183
vn -0.1837 0.5709 0.8002
vn -0.0323 0.1849 0.9822
vn -0.0377 0.1846 0.9821
vn -0.5353 -0.0403 0.8437
vn -0.7931 0.3834 0.4733
vn -0.7548 -0.6344 0.1667
vn -0.6912 -0.5855 0.4236
vn -0.5930 -0.4476 -0.6694
vn -0.3187 -0.6544 0.6857
vn -0.8223 -0.4010 -0.4038
vn -0.8253 -0.3986 -0.4001
vn -0.8265 -0.3976 -0.3984
vn 0.8005 0.0898 0.5926
vn 0.6122 0.5300 -0.5868
vn -0.9466 -0.1321 0.2942
vn -0.8984 -0.0156 0.4389
vn 0.2507 0.7445 0.6187
vn 0.5074 0.0458 0.8605
vn 0.4210 -0.7613 0.4931
vn -0.8126 -0.4485 -0.3722
vn -0.0406 0.0602 0.9974
vn -0.7245 -0.1600 -0.6704
vn -0.5951 -0.7921 -0.1358
vn 0.6875 -0.3784 0.6198
vn 0.8979 -0.0761 0.4336
vn -0.4386 -0.3276 0.8369
vn 0.4126 -0.0777 -0.9076
vn 0.4127 -0.0778 -0.9075
vn 0.4118 -0.0767 -0.9080
vn -0.4472 -0.0162 0.8943
vn 0.9353 0.0466 -0.3507
vn 0.5783 -0.3076 -0.7556
vn -0.2231 0.5817 -0.7822
vn -0.3238 0.9124 -0.2503
vn -0.2929 0.8545 -0.4291
vn 0.8147 -0.4683 0.3420
vn 0.0013 -0.1074 0.9942
vn 0.2165 0.9422 -0.2558
vn 0.5752 0.7213 -0.3859
vn 0.9883 -0.1460 0.0439
vn 0.9389 -0.1592 0.3053
vn 0.9401 -0.1610 0.3004
vn 0.9387 -0.1600 0.3053
vn 0.9504 -0.3109 0.0084
vn 0.4078 0.4030 -0.8194
vn 0.7048 -0.7063 0.0659
vn 0.0301 0.7713 -0.6357
vn 0.7391 -0.4781 0.4745
vn 0.4616 -0.4110 0.7861
vn 0.7454 -0.0442 0.6651
vn 0.6203 0.7015 -0.3509
vn -0.6685 0.2150 0.7119
vn 0.0966 -0.6254 0.7743
vn 0.5718 -0.1529 0.8060
vn -0.9550 -0.1278 0.2676
vn -0.9529 -0.1314 0.2732
vn -0.9531 -0.1311 0.2729
vn -0.4464 -0.3207 0.8354
vn -0.0123 0.0616 0.9980
vn -0.3006 0.2542 0.9193
vn 0.1858 0.1858 0.9649
vn 0.3672 0.0019 0.9301
vn 0.5699 0.3278 0.7535
vn -0.3402 -0.6461 0.6833
vn 0.4147 -0.2943 -0.8610
vn 0.4139 -0.2987 -0.8599
vn 0.4148 -0.2942 -0.8611
vn -0.4730 0.6919 -0.5455
vn 0.2658 0.8877 -0.3759
vn -0.6815 -0.1821 0.7088
vn -0.7227 0.1367 -0.6775
vn -0.7928 0.6089 -0.0247
vn -0.9928 -0.0271 0.1164
vn -0.9928 -0.0235 0.1174
vn -0.9928 -0.0277 0.1163
vn -0.6134 0.7191 -0.3265
vn -0.9645 -0.1972 0.1756
vn -0.9347 -0.2379 0.2641
vn 0.6828 -0.1570 0.7135
vn 0.7629 0.3233 0.5599
vn 0.9927 -0.0986 0.0695
vn 0.9934 -0.0943 0.0649
vn 0.9929 -0.0975 0.0682
vn -0.5838 -0.0322 0.8113
vn -0.5835 -0.0324 0.8114
vn -0.5836 -0.0323 0.8114
vn -0.5709 0.2288 0.7885
vn 0.3176 0.7600 -0.5671
vn -0.9947 0.0021 0.1027
vn -0.9861 0.0527 0.1573
vn 0.8603 -0.2338 -0.4530
vn 0.8563 -0.2445 -0.4548
vn 0.8599 -0.2349 -0.4532
vn -0.2484 -0.5547 0.7941
vn -0.8222 0.2174 -0.5260
vn -0.3923 -0.8903 0.2314
vn -0.8064 -0.4396 -0.3955
vn 0.4075 -0.5569 0.7238
vn 0.3392 -0.2354 -0.9108
vn 0.3394 -0.2351 -0.9108
vn 0.3447 -0.2267 -0.9109
vn -0.8572 0.0681 0.5104
vn -0.5087 -0.3622 -0.7811
vn -0.5711 -0.2626 0.7778
vn 0.3109 0.6317 -0.7102
vn 0.9159 0.3027 -0.2638
vn 0.1330 0.9827 -0.1291
vn -0.6103 -0.2606 0.7481
vn 0.6814 0.6469 0.3423
vn 0.4329 -0.2549 0.8646
vn 0.8479 0.4921 0.1973
vn 0.3244 0.5881 -0.7409
vn 0.0336 0.9451 -0.3250
vn -0.8683 0.0129 0.4958
vn 0.6093 0.1312 0.7820
vn 0.3062 -0.9185 0.2503
vn 0.8540 -0.4472 0.2658
vn 0.8113 0.2457 0.5305
vn 0.8113 0.2459 0.5304
vn 0.8108 0.2504 0.5291
vn -0.7072 -0.0004 -0.7070
vn -0.0092 -0.2674 0.9635
vn -0.0085 -0.2673 0.9636
vn 0.7490 0.3063 0.5876
vn 0.7484 0.2974 0.5929
vn 0.7484 0.2982 0.5924
vn 0.1025 -0.9799 -0.1711
vn 0.2935 -0.1540 0.9435
vn -0.3472 -0.3621 0.8650
vn 0.1095 0.4747 -0.8733
vn -0.6084 -0.6887 0.3942
vn 0.9652 -0.2242 0.1346
vn -0.7768 -0.6297 0.0092
vn 0.2295 -0.9689 0.0930
vn -0.0669 0.5010 -0.8629
vn 0.7490 0.3068 0.5873
vn -0.6070 -0.0026 0.7947
vn -0.1174 -0.3515 0.9288
vn 0.0748 -0.0419 0.9963
vn -0.3671 -0.2349 0.9000
vn -0.3315 -0.7058 0.6260
vn 0.4188 0.0222 0.9078
vn 0.6582 -0.5499 0.5142
vn -0.9121 -0.3018 0.2774
vn -0.4177 -0.5103 0.7518
vn 0.7574 0.3518 0.5500
vn -0.1596 0.0613 -0.9853
vn -0.8454 -0.2932 0.4465
vn 0.9061 0.0515 0.4198
vn -0.0273 -0.6462 0.7627
vn 0.5702 -0.4229 0.7044
vn -0.5111 0.1401 0.8481
vn 0.4192 -0.8696 0.2610
vn -0.3810 -0.2125 -0.8998
vn 0.5629 0.2320 -0.7933
vn -0.1516 -0.0569 0.9868
vn 0.6402 -0.2373 0.7306
vn 0.3310 -0.7740 0.5398
vn 0.7707 0.4577 0.4432
vn -0.5786 -0.4914 0.6509
vn -0.5572 -0.0164 0.8302
vn -0.2815 0.4886 0.8258
vn 0.8177 0.3439 -0.4616
vn -0.4939 0.7684 0.4070
vn 0.9533 0.3018 0.0082
vn 0.2758 0.9607 0.0307
vn 0.0969 -0.0567 -0.9937
vn 0.1280 -0.1921 -0.9730
vn -0.1424 0.2899 0.9464
vn 0.6317 -0.3383 -0.6975
vn -0.8738 0.1240 0.4701
vn 0.8108 -0.5530 0.1920
vn -0.0448 0.5424 -0.8390
vn 0.8435 0.2104 0.4942
vn -0.5723 0.7078 -0.4141
vn 0.8701 -0.3718 0.3235
vn 0.5192 0.3430 0.7829
vn 0.7681 0.6122 -0.1877
vn 0.7636 0.6168 -0.1910
vn 0.7634 0.6170 -0.1911
vn -0.7046 0.1910 -0.6834
vn -0.6757 -0.3870 0.6274
vn -0.3042 -0.5955 0.7435
vn -0.6329 -0.7735 0.0345
vn 0.2785 -0.0856 -0.9566
vn 0.7543 -0.6449 0.1230
vn 0.7707 -0.2966 0.5639
vn 0.7720 -0.2896 0.5659
vn 0.7713 -0.2973 0.5627
vn -0.0354 -0.6740 0.7379
vn -0.3176 -0.2650 -0.9104
vn -0.3426 -0.3323 -0.8787
vn -0.3427 -0.3321 -0.8788
vn -0.3414 -0.3365 -0.8776
vn -0.2519 0.9651 -0.0713
vn 0.1892 0.1216 -0.9744
vn -0.8959 -0.3335 -0.2934
vn -0.8976 -0.3303 -0.2920
vn -0.8978 -0.3298 -0.2918
vn -0.8215 -0.4016 -0.4048
vn -0.8053 -0.3285 -0.4935
vn -0.8054 -0.3283 -0.4935
vn -0.8103 -0.3186 -0.4919
vn -0.7291 0.6756 0.1097
vn 0.6420 0.6311 0.4355
vn -0.3668 -0.6615 0.6542
vn -0.3488 -0.4695 0.8111
vn 0.4124 -0.6039 0.6820
vn -0.6345 0.2674 0.7252
vn -0.5820 -0.2763 0.7648
vn -0.8009 0.0162 0.5985
vn -0.9265 0.3752 -0.0287
vn 0.9933 0.0930 -0.0687
vn -0.3750 0.3846 -0.8435
vn -0.0911 0.5866 0.8047
vn -0.7718 -0.3058 0.5575
vn -0.3416 -0.5564 0.7575
vn 0.7287 -0.0787 -0.6803
vn 0.7289 -0.0794 -0.6800
vn 0.7286 -0.0785 -0.6804
vn 0.0717 0.9966 0.0401
vn 0.6923 -0.1270 0.7103
vn 0.2293 0.9137 0.3357
vn 0.2226 0.9142 0.3386
vn 0.2281 0.9138 0.3362
vn -0.1244 -0.2568 0.9584
vn 0.2308 0.6429 -0.7304
vn 0.1040 0.6180 -0.7793
vn -0.0542 0.5896 -0.8059
vn -0.4040 0.0930 0.9100
vn 0.0722 0.9079 -0.4130
vn 0.9738 -0.1543 -0.1668
vn -0.4160 0.9083 0.0448
vn 0.4979 0.5970 -0.6290
vn -0.6070 -0.2883 0.7406
vn -0.9503 -0.1636 0.2650
vn 0.8988 -0.4383 -0.0068
vn -0.7059 -0.6023 0.3727
vn 0.6663 0.7359 0.1205
vn 0.6663 0.7359 0.1204
vn 0.6661 0.7364 0.1188
vn -0.6754 -0.3197 0.6645
vn -0.6936 -0.0873 0.7151
vn -0.0705 -0.1379 0.9879
vn -0.8594 -0.4634 0.2161
vn -0.8115 -0.5229 0.2609
vn 0.5211 0.7378 -0.4291
vn 0.5131 0.7418 -0.4317
vn 0.5186 0.7391 -0.4299
vn 0.4984 0.2884 -0.8176
vn 0.6771 -0.7282 -0.1059
vn 0.6807 -0.6007 0.4192
vn -0.9714 -0.2350 -0.0349
vn 0.1306 -0.4775 0.8689
vn 0.8139 0.2464 0.5261
vn 0.0032 -0.7483 0.6633
vn 0.2639 0.5998 -0.7554
vn -0.6845 0.2948 0.6668
vn 0.4043 -0.9124 -0.0644
vn 0.8357 -0.1209 0.5357
vn 0.7211 -0.3151 0.6170
vn -0.0269 0.1852 0.9823
vn -0.2507 -0.0581 0.9663
vn 0.0283 -0.8886 -0.4578
vn 0.8608 -0.3280 -0.3891
vn 0.2885 -0.3209 0.9021
vn 0.4573 -0.7404 0.4927
vn 0.4264 0.7371 -0.5243
vn -0.6792 0.6985 0.2255
vn 0.6810 -0.3189 0.6592
vn 0.5603 -0.8033 0.2018
vn 0.7916 0.5061 -0.3424
vn -0.6853 0.3820 0.6200
vn -0.8290 0.1024 0.5498
vn -0.8289 0.1015 0.5501
vn -0.8288 0.1010 0.5503
vn -0.9827 -0.1841 -0.0224
vn 0.0648 0.9843 0.1640
vn -0.4607 0.8121 -0.3582
vn 0.4318 0.8940 0.1198
vn -0.7625 0.5658 -0.3139
vn -0.0438 0.9881 0.1477
vn -0.7599 0.4112 -0.5035
vn -0.9585 -0.2270 -0.1726
vn -0.3756 0.5121 -0.7724
vn -0.4789 0.5604 -0.6757
vn 0.8242 -0.2639 0.5010
vn 0.1013 -0.0269 0.9945
vn -0.7861 -0.6024 0.1381
vn 0.4127 0.2240 0.8829
vn -0.9808 -0.1123 0.1595
vn 0.1674 0.1551 0.9736
vn -0.4748 -0.2253 -0.8508
vn -0.4745 -0.2279 -0.8502
vn -0.4745 -0.2285 -0.8501
vn 0.2696 -0.0446 -0.9619
vn 0.4384 0.5573 0.7051
vn -0.9132 0.0715 0.4011
vn 0.6957 -0.5951 -0.4024
vn 0.6934 -0.5971 -0.4033
vn 0.6967 -0.5941 -0.4020
vn -0.9579 0.2808 0.0595
vn 0.9239 -0.3439 -0.1679
vn 0.4455 0.0003 0.8953
vn -0.6953 0.5887 -0.4124
vn 0.1327 0.5224 0.8423
vn 0.9126 0.2791 0.2987
vn 0.5848 -0.6293 0.5118
vn 0.3138 0.1887 0.9305
vn -0.0791 0.2096 0.9746
vn -0.0795 0.2109 0.9743
vn -0.0827 0.2170 0.9727
vn -0.2187 -0.7836 0.5816
vn -0.2475 -0.7135 0.6555
vn 0.2714 -0.6187 0.7373
vn 0.9786 -0.0139 0.2054
vn 0.9666 -0.0615 0.2486
vn -0.9929 -0.1141 0.0344
vn 0.5428 0.4688 0.6969
vn 0.6621 -0.0571 -0.7473
vn -0.7443 -0.4077 0.5290
vn -0.8409 -0.4445 -0.3086
vn 0.5592 0.8127 0.1641
vn -0.1578 0.3788 0.9119
vn -0.7586 0.4882 -0.4316
vn -0.3162 -0.3381 0.8864
vn 0.2503 0.0956 0.9634
vn -0.9562 -0.2770 0.0944
vn -0.8615 -0.3421 0.3751
vn -0.5714 -0.4307 0.6986
vn -0.0329 -0.1514 0.9879
vn 0.9274 0.1391 0.3472
vn -0.8716 0.1785 0.4566
vn -0.4330 -0.2275 0.8722
vn 0.0871 0.0448 0.9952
vn 0.9479 0.3093 0.0759
vn 0.9886 -0.1504 0.0116
vn 0.3343 0.2653 0.9044
vn 0.5575 -0.2059 0.8042
vn -0.0625 -0.2016 -0.9775
vn 0.7225 0.2537 0.6431
vn 0.7228 0.2537 0.6428
vn 0.9673 -0.2103 -0.1418
vn 0.0537 -0.9984 0.0190
vn 0.0497 -0.9986 0.0187
vn 0.0496 -0.9986 0.0186
vn 0.7951 0.1787 0.5796
vn 0.2778 -0.9600 -0.0345
vn 0.0985 -0.4411 0.8920
vn 0.5053 0.3174 0.8025
vn 0.9834 -0.1295 -0.1270
vn -0.2572 0.9663 0.0086
vn 0.2232 0.8819 0.4152
vn 0.4656 0.4396 -0.7681
vn -0.9307 0.1028 0.3511
vn -0.6447 0.7522 0.1358
vn -0.9775 0.1738 -0.1191
vn 0.7720 -0.1532 0.6169
vn 0.7877 -0.0676 0.6124
vn 0.9880 -0.0074 -0.1541
vn 0.9881 -0.0041 -0.1537
vn 0.9881 -0.0055 -0.1539
vn 0.5322 0.8108 -0.2438
vn -0.4847 -0.0464 0.8734
vn 0.7585 0.2768 0.5899
vn 0.3970 0.2633 -0.8792
vn -0.1128 0.9378 -0.3284
vn 0.4044 0.0426 0.9136
vn -0.3930 0.2242 0.8918
vn -0.6553 0.0677 0.7523
vn 0.9693 0.1138 0.2182
vn 0.8065 -0.3660 0.4643
vn 0.9804 -0.0113 -0.1968
vn -0.8997 -0.1282 -0.4173
vn 0.7195 0.6557 -0.2290
vn 0.7159 0.6400 -0.2792
vn 0.9146 0.0553 0.4006
vn 0.7074 -0.0277 -0.7063
vn 0.0691 -0.9930 -0.0960
vn 0.4131 -0.1867 0.8914
vn -0.8651 -0.2246 0.4484
vn -0.9849 0.0157 0.1723
vn 0.9283 0.2767 -0.2482
vn -0.1194 0.1982 -0.9729
vn -0.9156 0.2442 0.3194
vn -0.3435 -0.9067 0.2447
vn -0.4701 -0.0923 -0.8778
vn -0.4687 -0.0904 -0.8787
vn -0.4691 -0.0909 -0.8785
vn -0.4716 -0.0943 -0.8768
vn -0.0099 -0.2674 0.9635
vn 0.4329 -0.2001 0.8790
vn 0.1182 -0.6572 -0.7444
vn 0.1211 -0.6569 -0.7442
vn 0.1229 -0.6567 -0.7441
vn 0.4337 0.0205 0.9008
vn -0.9152 -0.4015 -0.0345
vn 0.7028 0.2544 -0.6644
vn -0.0204 -0.4496 0.8930
vn 0.0633 0.8146 -0.5765
vn 0.9187 -0.3430 -0.1959
vn 0.7514 -0.6593 -0.0263
vn 0.8673 0.3113 -0.3885
vn -0.8098 -0.0057 -0.5867
vn -0.8097 -0.0058 -0.5868
vn -0.8099 -0.0057 -0.5865
vn -0.7772 -0.1373 -0.6141
vn 0.7363 0.2100 -0.6432
vn 0.9584 -0.2052 -0.1985
vn 0.2792 -0.0960 0.9554
vn 0.4833 0.1777 0.8572
vn 0.5463 -0.8303 0.1102
vn -0.9432 -0.3200 0.0898
vn -0.2064 -0.9767 0.0589
vn -0.0400 0.0396 0.9984
vn -0.2829 0.7844 0.5520
vn 0.9872 -0.0860 0.1344
vn 0.9373 -0.2866 -0.1985
vn 0.5166 0.0375 0.8554
vn -0.6834 -0.1012 0.7230
vn 0.7935 0.1449 -0.5911
vn 0.8558 -0.1818 0.4843
vn -0.8930 0.3997 -0.2070
vn 0.3709 -0.6706 0.6425
vn -0.0250 0.0320 0.9992
vn -0.0298 0.0318 0.9991
vn -0.0251 0.0320 0.9992
vn -0.4833 0.8630 -0.1475
vn -0.6916 0.2776 -0.6668
vn -0.0509 -0.7951 0.6043
vn 0.9737 -0.1157 -0.1963
vn 0.9695 0.2180 0.1119
vn -0.8014 0.2204 0.5560
vn -0.8025 0.2284 0.5512
vn -0.8026 0.2289 0.5509
vn 0.1929 -0.2617 -0.9457
vn -0.2405 -0.6648 0.7073
vn -0.3185 0.7692 -0.5539
vn 0.0434 -0.2669 -0.9627
vn 0.1840 0.4654 -0.8657
vn 0.1883 0.4636 -0.8658
vn 0.1837 0.4656 -0.8657
vn -0.4713 0.3286 0.8185
vn -0.4399 -0.7477 0.4974
vn -0.8197 0.2078 0.5338
vn -0.7560 -0.6475 0.0960
vn -0.0475 0.4254 -0.9038
vn -0.1983 0.3674 -0.9087
vn -0.1985 0.3679 -0.9084
vn -0.1987 0.3682 -0.9083
vn -0.6399 0.4795 -0.6005
vn -0.2762 0.9602 0.0405
vn 0.0071 -0.9981 -0.0617
vn 0.4365 0.8324 0.3415
vn 0.6348 -0.6752 -0.3757
vn 0.4881 -0.1884 0.8522
vn 0.9580 -0.0970 0.2699
vn -0.4460 0.0583 -0.8931
vn 0.0646 -0.0624 -0.9960
vn 0.9238 -0.2096 0.3204
vn 0.6375 -0.0458 0.7691
vn 0.8262 0.0796 0.5577
vn -0.8445 0.2416 -0.4779
vn -0.9397 -0.0821 -0.3321
vn 0.4963 0.4375 -0.7498
vn 0.6072 0.5273 0.5944
vn 0.7090 -0.3241 -0.6263
vn -0.1789 0.0553 0.9823
vn -0.6986 -0.6672 0.2587
vn 0.5103 -0.8388 0.1898
vn -0.9676 -0.0700 -0.2427
vn -0.9902 -0.1386 -0.0144
vn 0.9844 -0.1229 0.1259
vn -0.4647 -0.8820 -0.0778
vn 0.4243 0.2611 -0.8671
vn -0.4743 0.8702 0.1334
vn -0.6301 -0.4259 0.6493
vn -0.6309 -0.4256 0.6487
vn -0.6298 -0.4256 0.6498
vn 0.9000 0.4095 0.1495
vn 0.8256 0.5622 0.0489
vn 0.9889 -0.0172 0.1477
vn -0.8168 0.2440 0.5228
vn 0.8982 0.1238 -0.4217
vn 0.5870 -0.6100 0.5322
vn -0.5024 -0.7469 -0.4356
vn -0.8615 -0.2148 0.4600
vn -0.8425 -0.2235 0.4901
vn 0.3778 -0.4213 0.8244
vn 0.9087 0.4070 -0.0923
vn -0.9263 0.2862 0.2450
vn 0.7179 0.3028 0.6268
vn 0.6759 0.5939 0.4364
vn 0.5618 0.2317 -0.7942
vn -0.9755 -0.1309 0.1767
vn 0.5753 0.1889 0.7958
vn -0.9227 -0.2996 -0.2426
vn -0.1382 0.1513 0.9788
vn -0.4857 0.2523 0.8370
vn -0.3034 0.0678 0.9505
vn -0.9735 0.1553 0.1676
vn -0.9898 -0.0504 0.1334
vn 0.0956 -0.9936 -0.0598
vn -0.1314 -0.2739 0.9527
vn -0.1237 -0.9859 0.1126
vn 0.9370 0.3493 -0.0083
vn -0.0395 0.7005 0.7126
vn 0.2138 -0.9160 0.3396
vn 0.2531 0.6527 -0.7141
vn -0.7732 0.2280 0.5918
vn -0.7608 0.3208 0.5642
vn 0.0139 0.8870 -0.4616
vn 0.4699 0.2068 -0.8582
vn 0.9146 0.4008 0.0531
vn -0.6105 -0.3780 0.6960
vn -0.8855 0.4082 -0.2219
vn -0.2780 -0.2570 -0.9256
vn -0.1918 0.8754 -0.4438
vn -0.7358 -0.6757 0.0451
vn -0.6672 -0.0967 -0.7386
vn 0.8328 -0.5256 0.1738
vn -0.1763 -0.7296 0.6608
vn -0.1886 -0.8173 0.5445
vn 0.6780 -0.3952 0.6198
vn 0.8706 0.3338 0.3614
vn 0.7879 0.1827 0.5880
vn 0.7880 0.1851 0.5871
vn 0.7880 0.1836 0.5877
vn 0.2643 -0.8924 0.3658
vn -0.9152 -0.3619 0.1775
vn -0.5279 0.1794 0.8302
vn -0.6705 0.6124 -0.4188
vn 0.3570 0.6337 -0.6863
vn 0.2574 0.4909 -0.8323
vn -0.1137 0.0152 0.9934
vn 0.8013 -0.2355 0.5499
vn -0.9417 -0.2479 -0.2276
vn -0.6492 0.4942 -0.5782
vn -0.2484 0.1640 0.9547
vn 0.7965 -0.2318 -0.5585
vn -0.7897 0.1944 0.5818
vn -0.9525 0.0439 0.3013
vn 0.9360 -0.1502 -0.3183
vn 0.7173 0.6079 -0.3405
vn 0.7147 0.6102 -0.3417
vn 0.7204 0.6063 -0.3369
vn -0.1905 -0.9152 0.3552
vn -0.9519 -0.2602 0.1619
vn -0.6731 -0.7381 -0.0463
vn 0.4138 -0.2992 -0.8598
vn -0.9168 0.1456 0.3717
vn -0.9040 -0.2897 -0.3145
vn 0.0067 -0.1672 -0.9859
vn -0.0306 0.3417 0.9393
vn -0.0291 0.3403 0.9399
vn -0.0302 0.3413 0.9395
vn 0.6818 0.4329 -0.5896
vn -0.7595 0.5403 -0.3624
vn -0.5629 0.5452 -0.6212
vn 0.9919 0.0712 -0.1050
vn 0.9173 -0.1032 -0.3846
vn 0.7741 -0.2930 0.5611
vn -0.6826 0.1027 -0.7235
vn -0.4253 -0.9031 -0.0593
vn 0.5175 -0.0427 -0.8546
vn 0.5164 -0.0414 -0.8553
vn 0.5160 -0.0409 -0.8556
vn 0.5192 -0.0446 -0.8535
vn -0.2230 -0.8298 -0.5115
vn 0.9387 -0.1627 0.3039
vn 0.9410 -0.1586 0.2988
vn -0.0073 0.4519 -0.8920
vn 0.5663 0.0563 0.8223
vn 0.3271 -0.5638 0.7583
vn -0.1875 0.3269 0.9263
vn -0.0838 -0.2584 -0.9624
vn 0.4930 0.3736 0.7857
vn 0.3130 0.1412 -0.9392
vn -0.0358 -0.9751 0.2190
vn -0.4275 -0.8630 0.2693
vn -0.2849 -0.9560 0.0702
vn -0.2611 -0.7368 0.6236
vn -0.8047 -0.1476 0.5750
vn 0.0001 0.2722 -0.9622
vn -0.3697 -0.4054 0.8360
vn 0.9100 -0.1726 0.3769
vn -0.7571 -0.5916 0.2773
vn 0.1084 -0.3402 0.9341
vn -0.9763 0.0144 0.2161
vn 0.0144 -0.1410 -0.9899
vn 0.5269 -0.4978 -0.6889
vn 0.5751 -0.3974 0.7151
vn 0.6962 0.0018 0.7178
vn 0.3557 -0.4342 0.8276
vn 0.6511 -0.1647 0.7409
vn 0.0688 0.7984 0.5981
vn -0.6930 0.5909 0.4131
vn -0.6914 0.5926 0.4133
vn 0.6989 0.6490 0.3005
vn 0.7808 0.1652 0.6026
vn 0.1573 0.8780 0.4521
vn -0.8547 0.4570 -0.2463
vn -0.3355 0.8575 -0.3900
vn -0.8128 -0.0325 -0.5816
vn -0.8168 -0.5755 -0.0412
vn -0.8450 -0.4812 0.2334
vn -0.0496 0.6240 0.7799
vn -0.0528 0.6238 0.7798
vn 0.9422 -0.0875 -0.3234
vn 0.0128 0.9941 -0.1077
vn 0.7146 0.0930 -0.6933
vn -0.4952 0.0164 0.8686
vn -0.0258 -0.5817 0.8130
vn 0.9843 0.1735 0.0314
vn -0.9470 -0.2122 -0.2413
vn -0.7024 -0.7102 -0.0470
vn -0.6462 0.2613 0.7170
vn 0.9190 -0.0396 0.3922
vn 0.5144 -0.8566 -0.0393
vn -0.3296 0.8541 0.4023
vn -0.5130 -0.8070 0.2925
vn -0.8923 0.3641 0.2668
vn -0.1249 0.2913 0.9484
vn 0.8385 0.0986 0.5359
vn 0.8315 0.2937 0.4716
vn 0.5945 -0.6918 -0.4099
vn -0.1704 0.0988 -0.9804
vn 0.0319 0.2280 0.9731
vn 0.1987 -0.0051 0.9800
vn 0.7981 -0.5157 0.3116
vn -0.0406 0.3751 0.9261
vn -0.0426 0.3750 0.9260
vn 0.9893 -0.1392 -0.0444
vn -0.9045 -0.2347 0.3561
vn 0.3373 0.7265 0.5987
vn -0.7242 0.5791 -0.3745
vn -0.6060 0.7903 0.0911
vn 0.9495 -0.0321 0.3122
vn 0.9497 -0.0317 0.3116
vn 0.9476 -0.0357 0.3175
vn 0.1199 -0.0395 -0.9920
vn -0.2837 -0.8180 0.5004
vn 0.2585 -0.4195 -0.8702
vn 0.7489 -0.5946 0.2927
vn 0.4008 0.9073 -0.1268
vn 0.4008 0.9073 -0.1271
vn 0.4012 0.9063 -0.1333
vn 0.9263 -0.2883 0.2426
vn -0.6969 0.0509 0.7154
vn -0.1734 0.8374 0.5184
vn -0.9003 -0.2424 -0.3614
vn 0.0548 -0.9887 0.1393
vn 0.0752 0.3278 0.9417
vn -0.9873 0.0249 -0.1566
vn 0.0326 -0.6684 0.7431
vn -0.9618 -0.1605 0.2219
vn -0.7488 -0.3259 0.5771
vn -0.8696 -0.4328 -0.2378
vn -0.5331 -0.8451 -0.0389
vn 0.9825 0.0487 0.1797
vn 0.3781 0.9130 0.1534
vn 0.7712 -0.0035 0.6365
vn -0.0527 0.7437 -0.6665
vn 0.0655 -0.7218 0.6890
vn 0.6091 0.1226 0.7835
vn -0.5870 0.2874 0.7569
vn -0.9660 -0.1346 0.2208
vn -0.7737 0.5751 0.2660
vn -0.0171 -0.6639 -0.7476
vn -0.0216 -0.6640 -0.7475
vn -0.0196 -0.6640 -0.7475
vn 0.2522 0.2326 0.9393
vn 0.3884 0.6160 -0.6854
vn 0.6390 -0.3660 0.6766
vn 0.6387 -0.3656 0.6770
vn 0.6348 -0.3689 0.6790
vn 0.9810 0.0558 0.1860
vn -0.8140 0.0280 0.5802
vn -0.2347 -0.9611 0.1457
vn -0.1432 -0.5672 0.8111
vn 0.2891 0.0204 0.9571
vn -0.7414 -0.3937 0.5434
vn 0.5839 -0.7198 0.3754
vn -0.8102 -0.0477 0.5842
vn 0.0149 0.2219 0.9750
vn 0.0120 0.2142 0.9767
vn 0.0150 0.2231 0.9747
vn -0.6569 -0.1101 0.7459
vn 0.9229 0.2312 -0.3079
vn -0.9672 -0.2374 -0.0903
vn -0.0385 0.3752 0.9261
vn -0.8057 -0.5646 0.1792
vn 0.2031 0.3866 -0.8996
vn 0.6688 -0.1831 0.7205
vn 0.0946 -0.1009 -0.9904
vn -0.5639 0.6878 -0.4571
vn -0.5693 0.6844 -0.4555
vn -0.5615 0.6893 -0.4578
vn -0.1514 0.3164 0.9364
vn 0.7034 0.7050 0.0911
vn 0.0862 0.0792 -0.9931
vn 0.9475 -0.0359 0.3178
vn 0.0042 -0.9848 -0.1734
vn 0.8415 -0.1877 -0.5066
vn 0.7694 -0.6386 -0.0154
vn -0.4768 0.5461 0.6888
vn 0.6660 0.7364 0.1185
vn 0.0721 0.1730 -0.9823
vn 0.5173 0.7625 -0.3886
vn 0.6278 -0.6843 0.3709
vn -0.6805 0.5757 -0.4532
vn -0.6818 -0.3823 -0.6238
vn -0.3413 -0.3369 -0.8775
vn 0.5783 -0.3730 0.7255
vn -0.2558 0.2550 -0.9325
vn -0.2754 0.1366 -0.9516
vn -0.8324 -0.1391 0.5364
vn 0.1342 -0.7424 0.6564
vn 0.0506 0.3002 0.9525
vn 0.2412 0.4734 -0.8472
vn 0.2403 0.4714 -0.8485
vn 0.2414 0.4737 -0.8469
vn 0.1209 0.6538 0.7469
vn 0.3216 0.0542 0.9453
vn 0.6373 -0.3826 0.6690
vn 0.1410 0.6165 -0.7746
vn -0.6909 -0.7174 0.0891
vn 0.4035 0.7199 0.5646
vn 0.9119 -0.3003 0.2796
vn -0.1545 0.1739 0.9726
vn 0.6799 -0.7049 0.2023
vn 0.3827 0.5031 -0.7749
vn -0.9439 -0.3187 -0.0860
vn 0.2508 -0.1027 -0.9626
vn -0.7899 -0.2842 0.5434
vn -0.4342 -0.5454 0.7170
vn 0.9966 -0.0142 0.0811
vn -0.8358 -0.0869 -0.5421
vn -0.8933 0.4480 0.0354
vn 0.1065 -0.5257 0.8440
vn -0.0776 -0.7965 0.5996
vn -0.3677 0.6788 -0.6356
vn -0.7412 0.6658 0.0856
vn -0.7412 0.6658 0.0855
vn -0.7415 0.6653 0.0873
vn -0.8635 0.2317 -0.4479
vn -0.7415 0.6652 0.0874
vn 0.0092 -0.9001 0.4356
vn 0.9577 0.0132 -0.2875
vn -0.6276 -0.4281 0.6502
vn -0.6270 -0.4287 0.6505
vn -0.8854 0.0343 -0.4636
vn -0.6925 -0.3634 0.6232
vn -0.5473 -0.6670 0.5056
vn -0.0777 0.2144 0.9736
vn 0.9436 -0.1450 0.2977
vn -0.5901 -0.7998 0.1099
vn 0.0421 -0.4043 0.9137
vn 0.1320 0.6863 0.7152
vn 0.6951 -0.3313 0.6381
vn 0.9599 -0.1298 0.2486
vn -0.8130 -0.4375 0.3843
vn -0.9205 0.1257 0.3699
vn -0.2042 0.9720 0.1162
vn -0.2047 0.9719 0.1162
vn -0.2060 0.9717 0.1160
vn -0.2129 0.9703 0.1150
vn -0.3698 -0.5567 -0.7439
vn 0.9095 -0.1155 -0.3994
vn 0.3147 -0.3300 -0.8900
vn 0.7229 -0.3928 0.5685
vn -0.1939 0.4157 0.8886
vn 0.0552 0.0810 0.9952
vn -0.5938 0.1008 0.7983
vn -0.6583 -0.1907 0.7282
vn -0.4972 -0.2353 0.8351
vn 0.3597 -0.5212 0.7739
vn 0.3494 -0.0923 -0.9324
vn 0.0036 0.4525 -0.8918
vn 0.9201 0.2849 0.2688
vn -0.0995 0.9771 0.1881
vn 0.3420 -0.9388 0.0408
vn -0.9971 0.0740 -0.0151
vn -0.9994 0.0266 -0.0232
vn -0.0121 0.9496 0.3132
vn -0.0112 0.9501 0.3118
vn -0.0119 0.9497 0.3130
vn 0.1855 0.8755 0.4461
vn 0.4798 -0.4985 0.7220
vn -0.2606 -0.9454 0.1958
vn 0.6689 0.5068 0.5438
vn 0.8641 0.2749 0.4215
vn -0.5331 0.7837 0.3188
vn -0.5333 0.7837 0.3184
vn -0.5334 0.7837 0.3182
vn 0.6042 0.7942 -0.0649
vn -0.8835 0.2930 0.3654
vn -0.8837 0.2904 0.3671
vn -0.8835 0.2938 0.3649
vn 0.7318 0.5736 0.3679
vn 0.8092 -0.5819 0.0809
vn 0.8092 -0.5821 0.0796
vn 0.8093 -0.5814 0.0843
vn -0.0634 0.6320 0.7724
vn 0.1002 0.9873 0.1234
vn 0.1020 0.9871 0.1232
vn 0.1007 0.9872 0.1233
vn 0.7526 -0.1083 0.6495
vn -0.9048 -0.2637 0.3343
vn 0.0804 -0.8476 0.5245
vn -0.0118 -0.9909 0.1344
vn -0.2418 -0.6446 0.7253
vn -0.0471 0.0725 -0.9963
vn 0.8941 -0.3891 0.2215
vn -0.9347 -0.0913 0.3435
vn 0.2685 -0.7591 0.5930
vn 0.8856 0.2880 0.3645
vn 0.0997 0.0230 0.9948
vn -0.8096 -0.0058 -0.5869
vn -0.8117 0.0617 -0.5808
vn 0.7924 0.2886 -0.5374
vn 0.5104 0.8427 -0.1715
vn 0.8756 -0.3163 -0.3649
vn 0.8763 -0.3157 -0.3639
vn 0.8789 -0.3130 -0.3600
vn 0.2863 -0.3075 0.9074
vn 0.7207 -0.1106 0.6844
vn 0.3693 0.9240 0.0989
vn -0.2233 -0.9727 -0.0627
vn 0.5586 -0.0120 0.8294
vn 0.8616 0.3198 -0.3942
vn -0.6770 0.7299 -0.0949
vn -0.1729 0.9843 0.0344
vn 0.0827 -0.5181 0.8513
vn -0.8584 -0.4495 0.2473
vn 0.3731 -0.9234 0.0901
vn -0.2275 0.1352 0.9644
vn 0.8164 0.1455 0.5588
vn 0.8163 0.1454 0.5590
vn 0.0524 0.5159 -0.8551
vn 0.9861 -0.0797 0.1461
vn -0.9893 -0.0431 0.1397
vn -0.9249 0.2425 0.2929
vn -0.1300 0.4599 -0.8784
vn 0.9191 0.3819 -0.0973
vn -0.3832 -0.5958 0.7058
vn -0.3059 0.2090 0.9289
vn 0.6955 -0.2937 0.6558
vn -0.9376 0.0459 -0.3447
vn 0.9997 -0.0202 -0.0137
vn 0.9993 -0.0363 0.0015
vn 0.5162 -0.0078 0.8564
vn -0.7938 0.1972 -0.5753
vn 0.0658 -0.9836 0.1676
vn 0.0603 -0.8976 0.4367
vn -0.4491 0.2060 -0.8694
vn 0.0083 -0.9933 0.1155
vn -0.8550 -0.2659 0.4453
vn -0.6566 0.4938 0.5701
vn 0.3286 -0.8021 -0.4986
vn 0.4580 -0.5152 -0.7244
vn 0.9522 -0.3019 0.0472
vn 0.9808 -0.0259 0.1931
vn 0.8770 -0.0881 0.4723
vn -0.6874 -0.4007 0.6057
vn -0.8077 -0.1111 0.5790
vn -0.9169 0.1051 -0.3850
vn 0.9696 -0.1253 0.2103
vn -0.4397 0.8578 -0.2662
vn -0.9345 -0.2964 -0.1972
vn -0.6328 0.2933 0.7166
vn -0.1433 0.8971 -0.4180
vn -0.6147 -0.0146 -0.7886
vn 0.5428 0.1579 0.8249
vn -0.5489 -0.1303 -0.8257
vn -0.4749 -0.2246 -0.8509
vn -0.3179 0.2040 0.9259
vn 0.3992 0.2318 0.8871
vn -0.6801 -0.2508 0.6889
vn 0.9853 -0.0153 -0.1702
vn -0.7808 0.3149 -0.5396
vn -0.7939 -0.2698 -0.5450
vn 0.2305 0.2808 0.9317
vn -0.3088 0.7717 -0.5560
vn 0.1047 -0.9850 0.1370
vn 0.9479 0.2820 0.1480
vn 0.9303 0.1515 -0.3340
vn 0.8277 0.1440 -0.5423
vn -0.5252 0.5457 -0.6530
vn -0.9880 -0.1164 0.1014
vn -0.6307 0.3268 -0.7039
vn -0.6543 0.0592 0.7539
vn 0.9788 0.1820 -0.0940
vn -0.9728 -0.2279 -0.0406
vn -0.8468 0.3850 -0.3671
vn -0.9716 0.0684 0.2265
vn -0.4368 0.8132 -0.3846
vn 0.5872 -0.8083 -0.0432
vn -0.1065 0.2050 -0.9730
vn -0.5745 -0.4625 0.6753
vn -0.9555 0.1244 -0.2674
vn -0.5005 -0.8646 0.0441
vn -0.6870 -0.2148 0.6941
vn -0.6847 -0.2184 0.6953
vn -0.6863 -0.2160 0.6945
vn 0.0946 -0.4167 0.9041
vn -0.7129 0.1809 0.6776
vn -0.9039 -0.4275 0.0154
vn -0.8538 -0.2531 0.4549
vn 0.8462 -0.3431 0.4077
vn 0.2102 0.3973 -0.8933
vn -0.1001 0.2214 0.9700
vn 0.5936 0.7073 -0.3839
vn -0.3068 -0.5767 0.7572
vn -0.6681 -0.6797 0.3027
vn 0.0764 0.1621 0.9838
vn -0.3652 0.7257 -0.5831
vn -0.4543 -0.4570 0.7647
vn 0.8845 0.3598 0.2970
vn -0.8383 0.2100 0.5031
vn 0.0587 -0.2721 -0.9605
vn -0.9424 0.3170 0.1063
vn -0.7417 -0.4480 0.4992
vn 0.4135 -0.0787 -0.9071
vn -0.8845 0.4328 -0.1744
vn -0.4603 0.3532 -0.8145
vn -0.6653 -0.2308 0.7100
vn 0.3379 0.1196 -0.9335
vn -0.3944 0.4640 -0.7932
vn -0.8179 -0.3410 0.4635
vn 0.1101 0.2512 -0.9616
vn 0.4149 -0.0091 0.9098
vn 0.9444 0.3193 -0.0788
vn -0.1783 -0.9829 -0.0451
vn -0.5103 0.5508 -0.6605
vn -0.9918 -0.0664 -0.1090
vn -0.9933 -0.0068 -0.1153
vn -0.3189 -0.5948 0.7379
vn 0.1065 0.4414 -0.8910
vn -0.1211 -0.2773 -0.9531
vn -0.9608 -0.1366 -0.2412
vn 0.7881 -0.2050 0.5804
vn -0.9562 0.1782 -0.2324
vn -0.9436 -0.2445 0.2231
vn -0.7971 -0.5959 0.0972
vn -0.9897 -0.1361 -0.0452
vn -0.6650 -0.1112 0.7385
vn -0.8409 -0.1941 0.5051
vn -0.7739 0.6308 0.0565
vn 0.8182 0.4580 -0.3475
vn -0.1647 0.6016 -0.7816
vn -0.8979 -0.3297 -0.2917
vn 0.3880 -0.0811 -0.9181
vn -0.5678 -0.3155 0.7603
vn 0.8381 0.0727 -0.5406
vn -0.0083 -0.5691 0.8223
vn -0.9330 -0.2470 0.2618
vn -0.9328 -0.2477 0.2618
vn -0.9320 -0.2504 0.2619
vn -0.9319 -0.2510 0.2619
vn -0.1512 -0.8634 -0.4814
vn 0.3683 -0.8144 -0.4485
vn -0.5094 -0.0660 0.8580
vn -0.8583 0.1627 0.4867
vn -0.4417 -0.5464 -0.7116
vn 0.0407 -0.7464 0.6642
vn -0.6871 0.0226 -0.7262
vn -0.5037 -0.8613 -0.0665
vn 0.5575 -0.2708 0.7847
vn -0.8633 -0.1197 -0.4903
vn -0.9519 0.0448 0.3031
vn 0.5603 -0.2588 0.7868
vn -0.1530 -0.1824 -0.9712
vn -0.9781 0.2048 -0.0372
vn -0.5937 0.6855 -0.4214
vn 0.8329 0.0767 -0.5481
vn 0.8328 0.0767 -0.5483
vn 0.8327 0.0766 -0.5484
vn -0.7024 0.0391 -0.7107
vn 0.8415 -0.4999 -0.2048
vn 0.4495 -0.7600 -0.4693
vn -0.9698 -0.2438 -0.0018
vn -0.0840 0.3803 0.9211
vn 0.0123 0.2155 0.9764
vn 0.0103 0.2188 0.9757
vn 0.1922 0.5124 0.8369
vn 0.5025 -0.4741 0.7230
vn -0.7892 -0.4259 0.4425
vn -0.9398 0.3416 0.0086
vn -0.3693 0.9106 0.1856
vn 0.9395 -0.3376 0.0572
vn -0.6515 0.0025 0.7586
vn 0.1918 -0.8229 0.5349
vn 0.5463 -0.3852 0.7437
vn -0.1942 -0.1239 -0.9731
vn -0.1366 -0.9335 0.3314
vn 0.3707 -0.6112 0.6993
vn -0.1655 -0.2362 -0.9575
vn -0.5278 0.7894 0.3134
vn 0.0822 -0.8859 -0.4565
vn 0.9309 0.2091 -0.2996
vn 0.3264 0.2603 0.9087
vn 0.2362 0.1713 -0.9565
vn 0.6724 -0.2529 0.6956
vn -0.7335 -0.0128 0.6796
vn -0.8045 -0.4116 -0.4282
vn 0.3843 -0.2303 -0.8940
vn -0.0896 0.2412 -0.9663
vn -0.2944 -0.1246 -0.9475
vn -0.6566 -0.3490 0.6686
vn -0.0964 -0.8478 0.5214
vn -0.4072 0.2193 -0.8866
vn -0.9691 -0.0829 -0.2324
vn -0.6692 0.0004 0.7431
vn -0.1706 0.9725 0.1584
vn 0.5825 0.3230 0.7459
vn -0.7162 -0.1648 0.6782
vn -0.2820 0.1129 -0.9527
vn -0.9028 0.0428 -0.4279
vn 0.6120 -0.3166 0.7247
vn 0.9777 -0.1829 0.1033
vn 0.3617 -0.0241 -0.9320
vn -0.6428 0.6452 -0.4129
vn -0.4826 -0.3400 -0.8071
vn -0.8556 0.1672 0.4898
vn -0.8558 0.1623 0.4913
vn -0.8557 0.1667 0.4899
vn -0.8558 0.1620 0.4913
vn 0.8816 0.4710 -0.0304
vn 0.6290 -0.3507 0.6938
vn -0.8078 -0.4559 0.3736
vn 0.6439 -0.6419 0.4164
vn 0.8316 -0.1101 0.5444
vn -0.5466 0.1022 0.8311
vn 0.6399 0.6420 -0.4223
vn 0.2864 -0.5675 0.7720
vn 0.6171 0.7144 0.3298
vn 0.8087 0.1715 -0.5626
vn 0.7755 -0.2931 0.5592
vn 0.6417 0.5150 -0.5683
vn -0.7272 -0.6547 -0.2063
vn -0.8035 -0.0282 0.5946
vn -0.9333 -0.0375 0.3572
vn 0.9737 -0.1801 0.1397
vn -0.7544 0.4408 0.4864
vn -0.3704 0.0369 -0.9281
vn -0.3135 -0.0580 -0.9478
vn 0.9632 -0.0377 0.2661
vn -0.9233 0.1213 0.3644
vn 0.0292 0.2763 -0.9606
vn -0.3079 0.6135 0.7272
vn -0.0364 0.6334 0.7730
vn -0.0110 0.9502 0.3115
vn -0.6829 -0.6465 -0.3399
vn -0.6932 0.5906 0.4130
vn 0.8708 -0.1934 0.4521
vn -0.4870 -0.8547 0.1797
vn 0.8936 0.4482 -0.0265
vn 0.8201 0.2998 -0.4874
vn 0.6175 0.7710 -0.1558
vn 0.4017 0.3559 0.8438
vn -0.5345 0.1126 -0.8376
vn -0.9526 -0.2258 0.2037
vn 0.3203 0.9453 0.0620
vn 0.1641 -0.0955 0.9818
vn -0.7410 0.4360 0.5107
vn 0.1832 0.4658 -0.8657
vn 0.9188 0.1973 -0.3420
vn 0.5134 0.8004 -0.3096
vn -0.6171 -0.7675 0.1739
vn 0.8379 0.4511 0.3075
vn -0.7692 0.4510 -0.4527
vn -0.8650 0.1235 0.4863
vn -0.8942 0.2578 -0.3660
vn -0.8191 0.4292 -0.3807
vn 0.9007 -0.1032 0.4220
vn 0.4542 0.1885 0.8707
vn 0.5470 0.0728 0.8339
vn 0.8972 -0.4321 0.0909
vn 0.6965 -0.0939 0.7113
vn -0.3486 -0.8002 -0.4881
vn -0.6258 0.6610 -0.4141
vn -0.9676 -0.0038 0.2524
vn -0.6360 -0.6669 0.3883
vn -0.5242 0.8460 0.0974
vn -0.9550 -0.1930 0.2250
vn 0.2530 -0.3700 -0.8939
vn -0.3970 -0.2507 -0.8829
vn -0.3656 -0.7999 0.4759
vn 0.2068 -0.9428 0.2614
vn 0.8559 0.4295 -0.2881
vn 0.7217 0.6052 -0.3361
vn 0.4147 -0.1834 0.8913
vn 0.4172 -0.1875 0.8893
vn 0.4167 -0.1867 0.8897
vn 0.8383 0.0504 -0.5429
vn -0.0517 0.0636 -0.9966
vn -0.8637 0.1363 0.4852
vn -0.6378 0.6505 -0.4123
vn -0.6679 0.6381 -0.3831
vn 0.9100 -0.0448 0.4121
vn -0.9909 -0.1201 -0.0604
vn 0.3273 -0.5449 0.7720
vn -0.8603 -0.4495 -0.2406
vn 0.8175 0.1460 0.5572
vn 0.6500 -0.1118 0.7517
vn 0.4780 0.7933 0.3770
vn 0.0695 0.2619 -0.9626
vn 0.2854 0.9574 -0.0442
vn 0.7179 -0.6102 0.3352
vn 0.2162 -0.9689 0.1206
vn 0.7868 -0.0311 0.6164
vn 0.3467 -0.0211 0.9377
vn 0.9942 -0.0388 -0.1004
vn 0.4704 -0.3374 -0.8154
vn -0.5836 0.7878 -0.1972
vn -0.9561 0.0659 -0.2855
vn -0.2846 -0.6460 0.7083
vn 0.5998 -0.4704 0.6473
vn 0.3046 0.1657 -0.9380
vn 0.7406 0.5241 -0.4205
vn 0.3066 -0.3069 0.9010
vn -0.0225 0.3339 0.9423
vn -0.7376 0.5884 -0.3311
vn 0.7963 -0.4583 0.3949
vn -0.7125 0.1812 0.6779
vn 0.0975 -0.2553 0.9619
vn 0.6535 -0.6282 0.4223
vn -0.5382 0.1265 0.8333
vn -0.9556 0.1907 0.2248
vn 0.7289 -0.0795 -0.6800
vn -0.2561 -0.9558 0.1447
vn -0.0195 -0.8526 0.5221
vn 0.0575 0.2998 0.9523
vn 0.9442 0.2515 0.2126
vn 0.8213 0.1524 0.5498
vn 0.7652 -0.6435 0.0179
vn 0.2054 0.1176 -0.9716
vn 0.9901 -0.0907 0.1069
vn 0.6495 0.0548 0.7584
vn -0.6627 0.4496 -0.5989
vn 0.1570 0.9857 -0.0616
vn -0.7663 -0.3703 0.5251
vn -0.7648 -0.3666 0.5298
vn -0.7675 -0.3704 0.5231
vn -0.7626 -0.3733 0.5282
vn -0.7664 -0.3532 0.5366
vn -0.8258 -0.4270 0.3685
vn -0.9196 0.3777 0.1080
vn 0.6891 -0.7162 -0.1105
vn -0.0522 0.0963 0.9940
vn -0.4359 0.6877 0.5806
vn 0.7020 0.1722 -0.6910
vn -0.1178 -0.9923 0.0379
vn -0.3690 0.0200 0.9292
vn -0.3780 -0.6520 0.6573
vn -0.7089 -0.5508 0.4405
vn -0.9845 -0.1718 -0.0356
vn 0.5408 -0.2063 0.8155
vn 0.8687 -0.4954 -0.0043
vn -0.6849 -0.1517 -0.7127
vn -0.6850 -0.1523 -0.7124
vn -0.6842 -0.1485 -0.7140
vn 0.5530 0.7776 -0.2992
vn 0.9747 -0.1650 0.1506
vn 0.0378 -0.9896 0.1390
vn -0.9666 -0.0291 0.2545
vn -0.7149 -0.3819 0.5857
vn 0.4230 -0.3165 0.8491
vn 0.9378 -0.2409 -0.2501
vn 0.9390 -0.2376 -0.2487
vn 0.9388 -0.2381 -0.2489
vn 0.3582 0.5490 -0.7552
vn -0.6267 -0.1667 0.7612
vn 0.9112 -0.3606 -0.1991
vn 0.3116 -0.8712 0.3795
vn -0.3846 0.2869 0.8774
vn -0.7700 0.5809 -0.2640
vn -0.5571 0.7199 0.4139
vn -0.8326 0.3772 0.4056
vn -0.4977 0.6154 -0.6112
vn -0.1376 0.0335 0.9899
vn -0.6747 -0.2633 0.6895
vn -0.6467 -0.3019 0.7004
vn -0.5245 0.5090 0.6825
vn 0.8983 0.1947 0.3940
vn 0.5975 -0.2278 0.7688
vn 0.1992 0.0561 0.9784
vn 0.9701 -0.1000 0.2210
vn -0.9959 -0.0784 0.0450
vn -0.8466 0.2980 0.4410
vn 0.7448 -0.3607 0.5615
vn -0.0927 -0.5356 0.8394
vn 0.0682 -0.6688 0.7403
vn 0.9860 0.0125 -0.1661
vn 0.9846 0.0135 -0.1746
vn 0.9864 0.0123 -0.1639
vn 0.0579 -0.7113 0.7005
vn 0.3124 0.3219 0.8937
vn -0.8424 0.3746 -0.3873
vn 0.8476 -0.2144 0.4855
vn 0.5452 0.0243 0.8379
vn 0.5453 0.0243 0.8379
vn 0.5451 0.0241 0.8380
vn 0.0452 -0.9836 0.1745
vn 0.0400 -0.9839 0.1744
vn 0.9840 0.0138 -0.1774
vn 0.9402 -0.0374 0.3385
vn 0.6587 0.2497 0.7097
vn -0.8216 -0.1164 0.5580
vn -0.8165 -0.3457 0.4625
vn 0.5076 0.2829 0.8138
vn 0.6829 0.5130 0.5201
vn -0.6960 -0.0583 0.7157
vn -0.8759 -0.4343 -0.2101
vn 0.9404 -0.1437 0.3081
vn -0.9906 0.1196 0.0659
vn 0.5610 0.0219 0.8276
vn 0.9035 -0.3836 -0.1910
vn -0.7659 0.0919 -0.6364
vn 0.7451 -0.3769 0.5503
vn 0.9942 0.0402 0.0998
vn -0.8434 -0.4551 0.2856
vn 0.8426 -0.1472 0.5181
vn -0.1269 -0.6375 0.7599
vn -0.2142 -0.6071 0.7652
vn 0.5339 0.6003 -0.5955
vn -0.0191 -0.7151 0.6987
vn 0.0781 0.3762 -0.9232
vn -0.0922 0.7023 -0.7058
vn -0.1040 0.7020 -0.7045
vn -0.1030 0.7021 -0.7046
vn 0.9058 -0.1438 0.3986
vn 0.0964 0.0709 -0.9928
vn 0.0010 0.8021 -0.5972
vn 0.7221 0.2538 0.6436
vn -0.1445 -0.0393 0.9887
vn 0.3699 0.0352 0.9284
vn -0.9079 0.3537 -0.2248
vn 0.4788 -0.1869 0.8578
vn -0.4609 -0.0219 0.8872
vn -0.0868 0.5295 0.8438
vn 0.2610 0.5195 0.8136
vn 0.2073 0.5362 0.8182
vn -0.7580 0.5747 0.3084
vn -0.9489 0.1857 0.2550
vn 0.4295 -0.2840 0.8572
vn 0.9956 0.0216 0.0917
vn -0.1414 -0.1862 -0.9723
vn 0.5106 0.7431 -0.4325
vn 0.8494 0.5090 -0.1394
vn 0.2002 0.6026 -0.7725
vn 0.1286 -0.7865 0.6041
vn 0.3072 0.4106 -0.8585
vn 0.8077 -0.3007 0.5072
vn 0.9420 -0.2952 -0.1597
vn -0.7576 0.5334 -0.3763
vn -0.5644 0.0902 0.8205
vn 0.6247 0.6774 -0.3884
vn 0.2256 0.8805 -0.4169
vn -0.8007 -0.2800 -0.5297
vn -0.5037 0.1319 0.8537
vn 0.8888 -0.2773 0.3648
vn 0.6290 -0.0455 0.7760
vn 0.4558 -0.7323 -0.5059
vn 0.3689 -0.3684 0.8534
vn 0.5811 0.3907 -0.7139
vn 0.5538 -0.8309 -0.0539
vn 0.0537 -0.6120 0.7890
vn -0.0130 0.3532 -0.9355
vn -0.1174 0.8056 -0.5807
vn -0.5643 -0.4204 0.7105
vn 0.8613 -0.1379 0.4889
vn 0.9164 -0.0427 0.3981
vn 0.3254 -0.8504 0.4135
vn 0.1876 0.3131 0.9310
vn 0.3042 -0.7085 0.6368
vn 0.2368 -0.5408 0.8071
vn -0.9919 -0.0938 0.0856
vn 0.9689 0.0930 -0.2292
vn -0.4355 -0.2261 0.8713
vn -0.4371 -0.2295 0.8696
vn -0.4374 -0.2304 0.8692
vn 0.7537 0.5109 -0.4135
vn -0.9050 -0.1666 0.3913
vn -0.9662 -0.1585 0.2033
vn 0.5882 0.7117 -0.3840
vn -0.9866 0.0834 -0.1401
vn 0.9211 0.3752 0.1036
vn 0.8375 0.3260 -0.4384
vn -0.7676 -0.1202 0.6296
vn -0.8894 -0.3907 0.2373
vn -0.6173 -0.1213 -0.7773
vn -0.5455 0.1763 -0.8193
vn 0.0095 0.9555 -0.2950
vn 0.2867 -0.6867 0.6680
vn -0.7519 -0.6575 0.0473
vn -0.7522 -0.6569 0.0518
vn -0.7521 -0.6571 0.0507
vn 0.9390 -0.2375 -0.2486
vn -0.7086 -0.1974 0.6774
vn 0.4954 0.1969 -0.8460
vn -0.0328 -0.2107 0.9770
vn -0.2478 0.1026 0.9634
vn -0.2510 0.1009 0.9627
vn -0.2519 0.1004 0.9625
vn 0.2249 0.6374 -0.7370
vn -0.6841 -0.1479 -0.7142
vn 0.5694 0.4456 -0.6908
vn 0.6897 0.6601 -0.2977
vn 0.7288 0.6847 0.0111
vn -0.1259 -0.3289 0.9359
vn 0.1020 -0.7874 0.6079
vn 0.8731 -0.2573 0.4140
vn 0.1748 0.1267 0.9764
vn 0.5979 0.7712 0.2186
vn 0.9917 0.1265 0.0235
vn 0.8947 -0.3574 -0.2679
vn -0.1726 -0.3913 -0.9039
vn -0.2308 -0.3811 -0.8953
vn -0.8368 0.2293 -0.4971
vn 0.3250 0.5504 -0.7691
vn -0.2946 0.2151 -0.9311
vn -0.8672 -0.2807 0.4113
vn 0.2098 -0.0349 0.9771
vn -0.9663 -0.1009 0.2368
vn 0.7910 0.3802 0.4794
vn -0.2841 0.6071 -0.7421
vn 0.0533 0.4533 -0.8898
vn -0.6864 0.5262 -0.5019
vn -0.7957 -0.0813 0.6002
vn 0.8292 -0.5318 -0.1724
vn -0.4648 -0.4100 0.7848
vn 0.8347 -0.5488 0.0470
vn 0.0709 0.9599 0.2712
vn 0.3612 0.3528 -0.8631
vn 0.7687 0.6116 -0.1873
vn -0.5272 -0.3048 -0.7932
vn 0.1768 0.8075 0.5628
vn 0.1843 0.6193 -0.7632
vn 0.6719 -0.1466 0.7260
vn 0.6713 -0.1478 0.7263
vn 0.6699 -0.1503 0.7271
vn -0.5068 -0.2366 0.8290
vn -0.6871 -0.4617 0.5610
vn -0.5742 0.8171 -0.0508
vn 0.6015 -0.3808 0.7023
vn -0.5832 0.3322 -0.7412
vn 0.1627 -0.3861 0.9080
vn -0.1059 0.9481 -0.3000
vn 0.3061 -0.1513 0.9399
vn 0.1584 0.9872 0.0184
vn 0.6163 -0.5592 0.5545
vn -0.9321 0.1156 -0.3433
vn 0.9581 0.0716 -0.2774
vn -0.8791 0.4766 0.0089
vn 0.7719 -0.2759 0.5727
vn -0.9553 -0.1273 0.2669
vn 0.2329 -0.2165 -0.9481
vn -0.6993 -0.7147 -0.0140
vn -0.8169 -0.0169 -0.5766
vn -0.6264 -0.4460 0.6393
vn -0.2543 0.3271 -0.9101
vn -0.9405 -0.2781 0.1954
vn -0.8548 -0.5168 0.0462
vn -0.7653 -0.6090 -0.2087
vn 0.1392 -0.0046 0.9903
vn 0.1920 -0.5035 0.8424
vn 0.7688 0.2876 0.5711
vn 0.8063 -0.3458 0.4799
vn 0.6984 0.0591 0.7132
vn -0.8845 0.4625 -0.0619
vn -0.2613 0.2905 0.9205
vn 0.4541 0.4521 -0.7677
vn 0.9680 -0.1897 0.1643
vn 0.8158 -0.0599 0.5752
vn -0.4117 -0.0353 0.9106
vn -0.4935 -0.2921 -0.8192
vn -0.2475 0.4495 -0.8583
vn -0.2477 0.4499 -0.8581
vn -0.2464 0.4479 -0.8594
vn 0.5951 -0.0723 -0.8004
vn -0.8784 -0.1973 -0.4354
vn -0.1095 0.0727 0.9913
vn -0.7003 0.6483 0.2989
vn 0.9224 0.2080 0.3255
vn 0.4679 0.2294 0.8535
vn -0.2600 0.6193 -0.7408
vn 0.7661 -0.5593 -0.3166
vn -0.6765 -0.7270 0.1175
vn 0.9198 -0.1676 -0.3549
vn -0.7913 0.2091 -0.5746
vn -0.9766 0.2127 0.0308
vn -0.9609 -0.0781 -0.2655
vn 0.7498 -0.2507 0.6123
vn -0.9651 0.2467 0.0881
vn 0.5977 -0.1999 0.7764
vn 0.6845 -0.0372 0.7281
vn -0.3719 -0.4590 0.8069
vn 0.5514 -0.2882 -0.7829
vn 0.7674 -0.0851 -0.6354
vn 0.4966 0.0115 0.8679
vn -0.3546 0.3186 -0.8791
vn -0.5925 -0.4408 0.6742
vn -0.6506 0.0636 0.7568
vn 0.6406 -0.3655 0.6753
vn -0.5987 0.7540 -0.2703
vn 0.4877 -0.7029 0.5177
vn 0.2660 -0.5501 0.7916
vn -0.5728 -0.7446 0.3428
vn -0.0050 0.7612 0.6485
vn 0.6340 -0.3695 0.6793
vn -0.3342 -0.0109 0.9424
vn -0.1233 -0.9594 0.2537
vn 0.0149 -0.3206 0.9471
vn 0.5336 -0.1744 -0.8275
vn 0.5336 -0.1778 -0.8269
vn 0.5336 -0.1734 -0.8277
vn 0.3496 0.1308 0.9277
vn -0.6836 0.7057 -0.1864
vn 0.7593 -0.5742 -0.3061
vn -0.7796 -0.5775 -0.2425
vn -0.4073 0.3620 -0.8385
vn -0.2407 -0.8983 0.3676
vn 0.7158 -0.2214 -0.6623
vn 0.5992 0.2186 0.7702
vn -0.3063 0.3797 -0.8729
vn 0.9106 -0.1490 0.3854
vn -0.9431 0.3140 0.1089
vn 0.8862 -0.3646 0.2858
vn 0.7497 -0.2779 0.6006
vn 0.4182 0.2977 0.8582
vn 0.4528 0.8114 0.3696
vn 0.7997 0.5255 0.2902
vn 0.7732 0.0502 0.6322
vn 0.7772 0.0488 0.6274
vn 0.7763 0.0490 0.6284
vn 0.9497 0.2201 -0.2227
vn 0.9905 -0.1372 0.0116
vn -0.9582 -0.2801 0.0579
vn 0.2563 0.6342 -0.7294
vn -0.8614 -0.3444 0.3733
vn 0.8594 0.4843 -0.1640
vn 0.9616 -0.0640 0.2670
vn -0.2824 -0.9564 0.0747
vn -0.9260 0.1970 0.3220
vn -0.1307 -0.0611 -0.9895
vn 0.9511 -0.1232 0.2831
vn 0.4367 -0.2763 0.8561
vn 0.9073 -0.3654 -0.2081
vn -0.1929 0.4526 -0.8706
vn -0.3422 0.5188 -0.7834
vn -0.3041 0.0874 -0.9486
vn 0.5938 -0.4326 0.6784
vn 0.9282 0.1383 0.3454
vn 0.6134 0.3642 0.7008
vn 0.9675 0.1508 0.2031
vn -0.1590 -0.1661 0.9732
vn -0.5715 0.2633 0.7772
vn 0.5325 -0.6407 0.5530
vn -0.8956 0.2506 0.3675
vn -0.0138 -0.9444 0.3285
vn -0.3378 -0.8839 0.3234
vn 0.4414 0.7516 0.4902
vn -0.9073 0.4117 -0.0851
vn 0.3215 -0.9455 -0.0513
vn 0.8560 0.3180 -0.4076
vn 0.2626 0.3531 -0.8980
vn -0.5958 -0.7025 0.3893
vn 0.0570 -0.1647 -0.9847
vn -0.2099 0.6001 -0.7719
vn 0.9203 0.1475 0.3622
vn -0.2493 0.0335 0.9678
vn 0.5121 -0.4350 0.7406
vn 0.3286 -0.1845 -0.9263
vn -0.1450 0.0672 -0.9871
vn 0.0545 0.7983 -0.5998
vn 0.2982 -0.9066 0.2986
vn -0.2776 -0.8035 0.5266
vn -0.3276 -0.5079 -0.7967
vn 0.4043 0.0266 0.9142
vn 0.0440 -0.1755 -0.9835
vn -0.4087 -0.0371 0.9119
vn -0.9192 -0.1366 0.3692
vn -0.2775 -0.6742 0.6844
vn -0.3611 -0.1163 -0.9253
vn -0.3597 -0.1144 -0.9260
vn -0.3599 -0.1146 -0.9259
vn -0.8138 0.2728 0.5132
vn -0.0946 -0.4262 0.8997
vn -0.0290 -0.6162 0.7871
vn -0.9179 -0.0464 -0.3942
vn 0.5455 0.0245 0.8378
vn 0.6097 0.2791 0.7419
vn -0.8968 0.0523 0.4393
vn -0.4749 0.1518 -0.8668
vn -0.1655 -0.4026 0.9003
vn -0.1974 -0.9428 0.2686
vn -0.1742 -0.4412 -0.8803
vn -0.8570 -0.4512 -0.2490
vn -0.7781 0.3125 0.5449
vn 0.8456 -0.5056 0.1710
vn -0.3526 0.7142 0.6046
vn 0.5496 0.5571 -0.6225
vn -0.6535 0.1557 0.7408
vn -0.6307 0.5805 0.5150
vn 0.1651 -0.2612 0.9511
vn 0.2671 -0.9408 -0.2090
vn 0.5825 0.8115 0.0469
vn -0.9838 -0.0515 0.1719
vn 0.6119 0.0659 0.7882
vn 0.0857 -0.9894 0.1173
vn 0.7791 0.2740 -0.5638
vn 0.3453 -0.2257 -0.9109
vn -0.9290 0.2687 0.2545
vn -0.0731 0.4959 0.8653
vn 0.8357 0.5488 -0.0215
vn -0.2980 0.5109 0.8064
vn -0.3495 0.4889 0.7993
vn -0.9273 -0.3743 -0.0016
vn 0.9861 0.1240 -0.1104
vn -0.0064 0.6489 -0.7609
vn 0.5945 0.7624 0.2554
vn -0.6627 0.6431 0.3838
vn -0.6631 0.6427 0.3837
vn -0.6667 0.6394 0.3830
vn -0.5485 0.7611 0.3461
vn 0.2696 0.2952 -0.9166
vn 0.6514 0.6563 -0.3808
vn 0.7383 -0.6582 0.1476
vn 0.6620 -0.1171 0.7403
vn -0.1287 0.6060 -0.7850
vn 0.9916 -0.1292 0.0055
vn -0.9740 -0.1059 -0.2002
vn -0.9743 -0.1040 -0.1999
vn -0.9745 -0.1025 -0.1997
vn 0.8700 -0.3640 -0.3327
vn -0.2452 0.4460 -0.8608
vn -0.9317 0.3565 -0.0693
vn -0.9396 0.3142 -0.1356
vn 0.7794 0.5166 0.3545
vn 0.4829 0.6007 -0.6372
vn 0.9455 -0.2353 0.2251
vn 0.6920 -0.5983 -0.4038
vn 0.8929 -0.0316 -0.4491
vn -0.3987 -0.9164 -0.0367
vn -0.0524 -0.1643 0.9850
vn 0.0781 0.1490 -0.9857
vn -0.8029 0.5957 -0.0220
vn 0.4260 0.1070 0.8984
vn -0.5642 0.3205 0.7609
vn -0.2206 0.6367 0.7389
vn -0.4532 -0.0518 0.8899
vn -0.7454 -0.3530 0.5655
vn 0.1986 0.0793 -0.9769
vn -0.7056 0.3634 -0.6084
vn -0.4996 0.6746 0.5434
vn -0.2851 -0.4851 0.8267
vn 0.0647 0.7104 -0.7009
vn 0.0638 0.7103 -0.7010
vn 0.0652 0.7104 -0.7008
vn -0.4532 0.7359 -0.5031
vn -0.2542 0.2000 0.9463
vn 0.7462 -0.2193 0.6286
vn 0.9881 -0.0036 -0.1536
vn -0.8013 0.2196 0.5565
vn -0.4489 -0.0002 0.8936
vn -0.1995 -0.1138 0.9733
vn -0.8191 0.1274 0.5593
vn 0.9225 -0.0383 0.3841
vn -0.8264 -0.5631 0.0081
vn 0.5820 -0.8102 0.0695
vn -0.8837 0.2897 0.3676
vn 0.0265 0.6227 -0.7820
vn 0.6976 0.3940 0.5984
vn -0.0725 -0.3853 0.9199
vn 0.6393 -0.1255 0.7586
vn 0.8179 0.4580 -0.3484
vn -0.5236 0.5571 -0.6445
vn 0.4310 -0.4677 0.7717
vn 0.2386 0.3886 0.8900
vn 0.5901 -0.2218 -0.7762
vn -0.8736 -0.2050 -0.4413
vn 0.8739 0.0734 0.4805
vn -0.5280 -0.2779 -0.8025
vn -0.9787 -0.1535 -0.1360
vn -0.8700 0.1254 0.4769
vn -0.3046 0.5505 0.7773
vn -0.7106 -0.1072 0.6954
vn -0.7736 0.1786 0.6080
vn -0.7738 0.1786 0.6077
vn -0.9183 -0.3958 0.0032
vn -0.9640 -0.1089 -0.2425
vn -0.9813 -0.1244 0.1471
vn -0.4910 -0.6921 0.5290
vn 0.9667 -0.2315 -0.1089
vn 0.9668 -0.2315 -0.1086
vn 0.9677 -0.2307 -0.1013
vn 0.5336 -0.1785 -0.8267
vn -0.8207 0.0848 0.5650
vn 0.8059 -0.5560 0.2033
vn 0.7278 0.4597 0.5090
vn 0.2725 -0.7100 0.6493
vn 0.4682 -0.8470 0.2517
vn 0.4974 0.6050 -0.6217
vn -0.6131 -0.6607 -0.4331
vn -0.6103 -0.6627 -0.4340
vn -0.6090 -0.6637 -0.4344
vn 0.8527 -0.1674 0.4949
vn 0.0350 -0.9947 -0.0967
vn 0.9065 -0.1725 0.3853
vn 0.0522 -0.4190 0.9065
vn 0.8464 0.5150 0.1353
vn 0.1165 -0.6573 -0.7445
vn -0.0844 0.0715 0.9939
vn 0.8330 0.0768 -0.5480
vn 0.8870 -0.4392 0.1424
vn 0.8152 0.5408 -0.2071
vn -0.8436 -0.2052 0.4963
vn 0.0568 0.5072 -0.8600
vn -0.5729 0.5007 -0.6488
vn -0.6788 0.2993 0.6705
vn 0.6583 0.2500 0.7100
vn 0.8387 0.3940 0.3759
vn 0.7558 -0.3324 0.5642
vn 0.9972 -0.0439 -0.0606
vn -0.3330 -0.1834 0.9249
vn 0.0498 -0.1291 0.9904
vn 0.1099 0.2155 0.9703
vn -0.0551 0.9391 0.3392
vn -0.0485 0.9394 0.3394
vn 0.8413 0.5351 0.0761
vn -0.4854 0.1626 -0.8590
vn -0.5550 -0.2613 0.7898
vn 0.3093 -0.3540 -0.8826
vn -0.2639 -0.5951 0.7591
vn -0.0973 0.1707 0.9805
vn -0.0441 -0.4086 0.9117
vn 0.8754 -0.4000 0.2715
vn 0.9973 0.0046 0.0736
vn 0.6650 -0.0199 0.7466
vn 0.8824 0.4063 -0.2372
vn 0.9840 0.0722 0.1628
vn 0.9841 0.0716 0.1626
vn 0.9836 0.0757 0.1637
vn -0.1146 0.3995 -0.9095
vn -0.0721 0.3687 -0.9268
vn 0.7827 0.0323 0.6215
vn -0.4513 -0.2445 0.8582
vn -0.3369 0.6010 -0.7248
vn -0.8991 0.4274 0.0943
vn -0.7286 -0.4509 0.5157
vn 0.4702 0.1793 0.8642
vn 0.7444 -0.5296 0.4067
vn 0.9369 -0.2711 0.2208
vn -0.8363 0.1356 0.5312
vn -0.8412 -0.4655 0.2749
vn -0.1015 0.7564 0.6462
vn -0.7140 -0.3872 0.5834
vn 0.8462 -0.4422 0.2974
vn -0.5652 -0.4546 0.6883
vn -0.4745 0.3119 0.8232
vn -0.0618 0.9387 0.3391
vn -0.4708 0.3926 -0.7901
vn 0.7579 -0.3754 0.5336
vn 0.9945 -0.0544 -0.0897
vn 0.5190 0.8467 0.1175
vn 0.5767 0.7050 0.4128
vn 0.5758 0.7057 0.4130
vn 0.5763 0.7053 0.4129
vn 0.7402 0.6722 0.0117
vn -0.6824 -0.2220 0.6965
vn 0.0758 -0.9743 0.2122
vn 0.0642 0.8493 0.5240
vn 0.8755 -0.4811 0.0466
vn -0.2522 0.7717 -0.5838
vn 0.5769 -0.7523 0.3181
vn 0.3148 0.2457 -0.9168
vn -0.9986 0.0426 0.0312
vn 0.3246 0.2637 0.9083
vn 0.4103 -0.6124 0.6757
vn 0.7689 0.2318 0.5958
vn -0.6875 -0.3023 -0.6602
vn 0.9061 0.4219 -0.0323
vn -0.7136 -0.4236 0.5580
vn 0.4635 0.6619 -0.5891
vn -0.4452 -0.2990 0.8440
vn 0.3441 -0.9155 0.2086
vn -0.7825 0.0602 -0.6197
vn -0.7593 -0.3891 0.5215
vn 0.8489 -0.4814 0.2180
vn -0.1793 0.9473 0.2653
vn -0.6832 -0.3731 0.6277
vn -0.0006 -0.0423 0.9991
vn 0.0739 0.0871 0.9935
vn 0.0436 -0.9970 0.0637
vn 0.0485 -0.9968 0.0638
vn -0.6622 0.6435 0.3839
vn -0.8750 0.2239 -0.4293
vn 0.6556 -0.0340 0.7544
vn 0.5647 0.4527 -0.6901
vn -0.8694 0.2218 0.4415
vn -0.4761 0.0617 0.8772
vn 0.0763 0.3906 0.9174
vn -0.0539 -0.3399 0.9389
vn 0.9263 0.1138 -0.3593
vn 0.1031 -0.9336 0.3432
vn -0.7687 0.4037 0.4960
vn 0.4647 0.2482 -0.8500
vn -0.9882 -0.0481 0.1452
vn 0.0890 0.6300 -0.7715
vn -0.5456 -0.7345 -0.4035
vn 0.8636 0.3038 -0.4024
vn 0.3707 0.8538 -0.3657
vn -0.7640 -0.5366 0.3583
vn -0.5826 -0.6193 0.5264
vn 0.0792 0.0263 0.9965
vn 0.9868 0.1422 0.0777
vn 0.1308 0.2169 -0.9674
vn 0.1444 0.2114 -0.9667
vn 0.3502 -0.6209 0.7013
vn -0.5834 -0.0325 0.8116
vn 0.7753 0.1728 -0.6075
vn 0.9914 -0.0276 0.1279
vn 0.8479 0.3382 0.4084
vn 0.8448 0.4272 0.3223
vn -0.9928 -0.0232 0.1174
vn -0.2190 -0.5633 0.7967
vn -0.0407 0.0595 -0.9974
vn -0.5256 0.1293 0.8408
vn 0.2422 0.9408 -0.2371
vn 0.6692 0.3417 -0.6598
vn 0.4601 0.3994 -0.7929
vn -0.2835 0.6257 -0.7267
vn 0.6270 0.3900 -0.6744
vn 0.5064 0.2124 -0.8358
vn 0.5916 -0.2486 -0.7670
vn -0.5927 -0.0698 0.8024
vn 0.6647 -0.1961 0.7209
vn -0.3350 0.8853 0.3224
vn -0.3339 0.8855 0.3230
vn -0.3286 0.8865 0.3257
vn -0.0109 0.0411 0.9991
vn -0.8323 0.0079 0.5542
vn -0.6225 -0.4135 0.6645
vn 0.8368 -0.1391 0.5295
vn -0.7257 -0.0695 0.6845
vn -0.7215 0.5627 0.4035
vn -0.1190 0.4266 -0.8966
vn -0.5276 -0.7732 0.3518
vn -0.7885 0.2987 0.5376
vn -0.0216 0.8767 0.4805
vn -0.7409 -0.5264 0.4171
vn -0.7062 -0.4616 0.5369
vn 0.0676 -0.3782 0.9232
vn -0.2236 0.5045 0.8339
vn -0.9788 -0.1847 0.0882
vn 0.7664 0.0949 0.6353
vn -0.3955 -0.3809 -0.8358
vn 0.3701 0.0039 0.9290
vn 0.5581 -0.2393 -0.7945
vn -0.2464 -0.5759 0.7795
vn 0.6600 -0.7387 0.1365
vn -0.6430 -0.3920 -0.6579
vn 0.6039 -0.1049 0.7901
vn -0.9767 -0.1923 0.0954
vn 0.6518 0.7449 0.1421
vn -0.3814 -0.6438 0.6634
vn -0.9508 -0.2860 0.1193
vn 0.8093 -0.5812 0.0854
vn 0.7951 -0.6015 0.0780
vn 0.8210 0.0739 0.5662
vn 0.5765 0.5614 0.5937
vn -0.3779 0.6806 -0.6277
vn -0.2070 0.1508 -0.9666
vn -0.5491 -0.0073 0.8357
vn 0.0070 -0.8980 0.4399
vn 0.3434 -0.9257 0.1587
vn -0.0151 -0.6639 -0.7476
vn -0.5613 -0.3982 -0.7255
vn -0.0062 0.5336 0.8457
vn 0.7258 -0.5143 0.4568
vn 0.8589 -0.5117 0.0195
vn -0.6583 -0.2904 -0.6945
vn 0.5447 0.6395 0.5426
vn -0.8860 -0.1730 0.4302
vn 0.4623 0.7711 0.4378
vn 0.2391 0.4691 -0.8502
vn 0.3113 -0.6447 0.6982
vn -0.1615 -0.9623 -0.2190
vn -0.6816 0.7070 0.1886
vn 0.7607 0.6227 0.1832
vn -0.8610 0.4423 0.2513
vn 0.5136 0.1444 0.8458
vn 0.3375 0.0568 0.9396
vn 0.8631 0.0038 -0.5050
vn 0.7692 -0.3124 0.5574
vn -0.9902 0.0967 0.1011
vn -0.6840 0.4625 0.5641
vn -0.4517 -0.5698 0.6865
vn -0.3204 -0.1848 0.9291
vn 0.1542 -0.2465 -0.9568
vn 0.9484 -0.0683 0.3096
vn -0.6415 0.7668 -0.0214
vn -0.9462 -0.2184 0.2386
vn 0.7728 0.0503 0.6326
vn 0.7735 0.0507 0.6317
vn -0.3212 0.3195 0.8915
vn 0.1765 0.9830 0.0511
vn -0.0478 0.3408 0.9389
vn -0.0481 0.3404 0.9390
vn -0.0491 0.3393 0.9394
vn 0.1943 0.1233 0.9732
vn 0.1901 0.1250 0.9738
vn 0.1909 0.1247 0.9737
vn 0.4725 -0.0175 0.8811
vn 0.6792 0.6496 -0.3416
vn 0.8566 -0.1299 0.4994
vn 0.3462 -0.1991 0.9168
vn 0.9800 0.0278 -0.1970
vn 0.8217 -0.5690 -0.0323
vn -0.2929 0.8515 0.4349
vn 0.3144 -0.6160 0.7223
vn 0.9570 0.1619 -0.2406
vn -0.5759 0.7457 -0.3352
vn -0.4754 -0.0247 0.8794
vn -0.7614 -0.6287 0.1581
vn -0.6623 0.7490 0.0177
vn -0.1226 -0.4902 0.8629
vn -0.4930 0.2476 -0.8340
vn -0.9000 0.4063 0.1580
vn -0.2185 -0.0691 -0.9734
vn -0.5380 -0.3298 -0.7758
vn 0.4526 -0.5009 0.7378
vn 0.7004 0.4774 0.5305
vn -0.9081 -0.2403 0.3429
vn -0.5000 -0.4858 0.7169
vn -0.9550 0.1853 0.2314
vn 0.9912 0.0058 0.1321
vn 0.9219 0.0267 0.3865
vn 0.1961 -0.1421 -0.9702
vn 0.3962 -0.7899 0.4681
vn -0.9046 -0.1938 0.3796
vn 0.0925 -0.9392 0.3307
vn 0.4017 0.5800 -0.7087
vn -0.6573 -0.6220 0.4255
vn 0.0686 0.1052 0.9921
vn 0.8744 -0.3485 -0.3376
vn 0.8244 -0.2633 0.5010
vn -0.4642 0.8822 0.0793
vn 0.8563 -0.2447 -0.4549
vn -0.7120 0.2516 0.6556
vn 0.4090 -0.8465 0.3409
vn 0.2113 0.5764 0.7894
vn 0.9130 0.1340 -0.3853
vn -0.8440 0.4328 0.3168
vn -0.8470 0.4262 0.3178
vn -0.8480 0.4240 0.3181
vn 0.8040 0.2724 -0.5286
vn -0.7987 -0.1594 -0.5802
vn 0.4444 0.0746 0.8927
vn 0.7360 0.0721 -0.6731
vn 0.0244 0.9546 -0.2969
vn 0.1103 0.3418 0.9333
vn 0.9596 0.1061 -0.2606
vn -0.0829 0.2182 0.9724
vn 0.6559 0.5891 -0.4720
vn 0.0504 -0.9833 0.1747
vn -0.9497 -0.2327 -0.2098
vn -0.8092 0.1981 0.5532
vn -0.3774 0.9241 -0.0598
vn 0.7879 0.1822 0.5882
vn 0.0492 -0.9985 0.0239
vn 0.0495 -0.9985 0.0239
vn -0.4331 -0.8852 0.1699
vn -0.4614 0.1886 0.8669
vn -0.7582 -0.6484 -0.0693
vn -0.4605 -0.4973 0.7353
vn 0.0153 -0.8897 0.4563
vn 0.7791 0.1080 0.6176
vn 0.7269 -0.0851 0.6814
vn -0.1168 -0.0515 0.9918
vn -0.8894 -0.1357 0.4364
vn 0.9783 -0.0068 0.2071
vn -0.9720 -0.2208 0.0801
vn 0.9495 -0.2040 0.2384
vn 0.4172 0.8905 0.1817
vn 0.4116 0.5096 -0.7555
vn 0.7954 -0.5812 -0.1716
vn -0.3851 0.0205 0.9227
vn -0.9745 -0.1021 -0.1997
vn -0.0829 -0.1357 0.9873
vn 0.5703 -0.2184 0.7918
vn 0.3336 -0.1905 0.9233
vn -0.8908 0.2327 -0.3902
vn 0.9970 -0.0452 0.0626
vn -0.7518 -0.6577 0.0460
vn -0.7491 -0.2944 0.5935
vn -0.7675 -0.1846 0.6139
vn -0.2635 -0.8461 -0.4634
vn -0.8629 -0.4718 0.1810
vn -0.8939 -0.4039 0.1942
vn -0.0231 0.6484 -0.7610
vn -0.5297 0.0312 0.8476
vn 0.8799 -0.3119 -0.3584
vn -0.0043 0.0988 0.9951
vn -0.6561 0.0589 0.7524
vn 0.6310 0.0652 0.7730
vn -0.9282 0.2101 -0.3070
vn 0.3756 -0.9228 0.0856
vn 0.9594 -0.0042 0.2820
vn 0.8338 -0.3548 0.4229
vn 0.0426 0.2849 0.9576
vn 0.0682 0.3004 0.9514
vn -0.3717 0.9282 0.0155
vn -0.9886 -0.1270 0.0814
vn 0.4689 0.7426 -0.4782
vn -0.2975 0.9164 -0.2679
vn -0.1875 0.4474 -0.8745
vn -0.1878 0.4472 -0.8745
vn -0.1880 0.4471 -0.8745
vn 0.0458 -0.5782 0.8146
vn -0.8854 -0.1417 -0.4427
vn 0.8800 0.3469 -0.3244
vn -0.9278 -0.1323 0.3489
vn 0.0547 0.7100 -0.7021
vn -0.9800 -0.1896 0.0606
vn -0.2541 0.6146 -0.7468
vn -0.8699 0.2167 -0.4431
vn 0.6563 -0.2831 0.6994
vn 0.9519 -0.1493 0.2675
vn 0.8397 -0.3047 0.4495
vn 0.6467 0.0492 -0.7611
vn -0.3561 -0.7731 -0.5250
vn 0.4988 -0.8164 0.2909
vn -0.8730 -0.3650 0.3236
vn -0.8153 0.1525 0.5586
vn 0.4078 0.0759 -0.9099
vn -0.6279 0.1285 0.7676
vn -0.7979 -0.5881 0.1324
vn 0.4003 0.7788 -0.4830
vn -0.9593 -0.2621 0.1052
vn 0.7253 0.5627 -0.3967
vn -0.9822 -0.1426 0.1220
vn 0.0781 -0.3302 0.9407
vn 0.9482 0.1648 0.2716
vn -0.2452 0.0842 -0.9658
vn -0.9789 -0.1783 0.1000
vn -0.4312 -0.5828 -0.6887
vn -0.0764 0.9967 0.0265
vn -0.0766 0.9967 0.0266
vn -0.0763 0.9967 0.0265
vn -0.5526 0.1823 -0.8132
vn 0.1135 -0.2616 0.9585
vn 0.6655 -0.3844 -0.6398
vn -0.8107 -0.3176 -0.4918
vn -0.8256 0.2614 -0.5001
vn 0.9836 0.1014 0.1491
vn 0.4143 -0.1826 0.8917
vn -0.8491 -0.5260 -0.0478
vn 0.3808 0.8277 0.4123
vn 0.8699 -0.3796 0.3150
vn -0.0420 -0.0443 0.9981
vn -0.9260 0.1384 -0.3513
vn -0.7330 0.1834 0.6550
vn -0.1157 0.2770 0.9539
vn -0.4512 0.1635 -0.8773
vn 0.0523 -0.8879 0.4571
vn 0.3517 0.9165 0.1904
vn -0.5180 0.6930 -0.5013
vn -0.1479 0.0106 0.9889
vn 0.1263 0.0706 0.9895
vn -0.4608 -0.5457 0.6999
vn -0.2470 0.1030 0.9635
vn 0.7377 0.4864 -0.4683
vn 0.8714 -0.2609 0.4154
vn -0.0226 0.7252 0.6881
vn 0.6640 0.0100 0.7477
vn 0.3226 -0.9331 0.1587
vn 0.4137 -0.4706 -0.7793
vn 0.4515 0.6071 -0.6539
vn -0.9446 -0.2506 -0.2118
vn 0.0302 0.0772 0.9966
vn 0.9744 -0.0330 0.2224
vn -0.0174 0.4987 0.8666
vn 0.0017 -0.1496 0.9887
vn 0.8885 0.2122 0.4069
vn -0.5722 0.7406 0.3524
vn 0.7656 0.3830 0.5170
vn -0.9434 -0.0392 -0.3293
vn 0.2105 0.9169 0.3391
vn -0.9978 -0.0527 0.0390
vn -0.2302 -0.7352 0.6375
vn 0.5764 0.5558 0.5991
vn -0.3442 -0.5350 0.7715
vn -0.1155 0.4634 -0.8786
vn -0.0203 0.0323 0.9993
vn -0.3053 0.9269 0.2184
vn 0.2723 0.2815 -0.9201
vn 0.7216 0.6040 -0.3385
vn 0.9724 -0.1527 -0.1764
vn -0.0416 0.5364 -0.8429
vn -0.8292 0.1039 0.5492
vn 0.8711 0.4676 0.1500
vn -0.4456 0.8733 -0.1967
vn -0.9072 -0.2121 -0.3633
vn -0.0642 0.6992 0.7120
vn 0.8813 0.3331 0.3352
vn -0.0697 -0.6337 0.7704
vn -0.4034 -0.7836 0.4725
vn 0.3368 0.7165 -0.6109
vn -0.3862 0.5964 -0.7037
vn -0.8230 0.0478 0.5661
vn -0.8552 -0.0048 0.5182
vn 0.6103 0.6563 0.4436
vn 0.6085 0.6578 0.4438
vn 0.5411 0.7425 -0.3947
vn -0.7986 -0.3159 0.5124
vn -0.7372 -0.1838 0.6502
vn 0.6228 0.5580 -0.5484
vn -0.7423 -0.3090 -0.5946
vn -0.5100 -0.0091 -0.8601
vn 0.4913 0.8706 -0.0258
vn 0.0731 0.4305 -0.8996
vn 0.8100 -0.5719 0.1300
vn 0.5858 -0.4044 0.7024
vn -0.4352 -0.2252 0.8717
vn 0.5294 -0.1956 0.8255
vn -0.5900 0.0158 0.8073
vn 0.8805 0.3769 0.2874
vn -0.6141 -0.6600 -0.4328
vn -0.8470 -0.2305 0.4791
vn -0.4668 -0.8800 0.0883
vn -0.9813 -0.1051 0.1612
vn -0.8270 0.5430 0.1460
vn 0.7716 -0.2283 0.5938
vn 0.9836 0.0761 0.1638
vn -0.9839 -0.1434 -0.1071
vn 0.3933 0.8550 -0.3381
vn -0.6822 0.2811 -0.6749
vn 0.8297 -0.3790 0.4098
vn -0.6865 -0.0123 0.7270
vn -0.0627 0.2120 0.9753
vn -0.6569 0.4995 0.5647
vn 0.3409 -0.3280 0.8810
vn 0.4731 -0.4504 0.7572
vn 0.2557 0.8000 -0.5428
vn -0.7732 0.1788 0.6085
vn -0.7631 -0.3741 0.5271
vn -0.2590 -0.6405 0.7230
vn 0.2804 0.1094 -0.9536
vn 0.1953 0.1229 0.9730
vn -0.9325 -0.3269 -0.1537
vn -0.9325 -0.3268 -0.1535
vn -0.9326 -0.3268 -0.1532
vn -0.9340 -0.3262 -0.1459
vn 0.1091 0.9864 0.1225
vn -0.5020 0.3874 -0.7733
vn 0.2645 -0.5296 0.8060
vn -0.9032 -0.3792 0.2013
vn -0.8033 -0.5952 -0.0195
vn -0.4909 0.0276 0.8708
vn -0.4268 0.4691 -0.7732
vn -0.8184 -0.4334 -0.3773
vn 0.0270 0.5399 -0.8413
vn -0.8807 -0.2580 -0.3972
vn -0.9471 0.2882 -0.1410
vn 0.7439 -0.2319 -0.6268
vn 0.9848 -0.0438 0.1681
vn -0.5354 0.7840 0.3142
vn 0.3494 0.1453 0.9256
vn -0.9398 -0.2384 0.2450
vn 0.1143 -0.3169 0.9416
vn -0.9434 0.3245 0.0691
vn -0.0371 -0.1093 0.9933
vn 0.9210 0.0509 0.3862
vn -0.0503 0.2558 -0.9654
vn -0.6825 0.7304 -0.0275
vn 0.0991 0.4486 0.8882
vn -0.8825 0.1237 0.4537
vn -0.5718 0.6828 -0.4548
vn -0.2235 -0.1098 -0.9685
vn 0.8107 0.2508 0.5290
vn 0.2932 -0.4561 0.8402
vn -0.0915 0.9504 -0.2974
vn -0.0332 -0.0198 -0.9993
vn 0.4501 0.0635 0.8907
vn 0.4386 0.0374 0.8979
vn -0.5738 -0.3696 -0.7309
vn -0.8443 -0.5261 0.1018
vn -0.5422 -0.6858 0.4854
vn -0.9522 0.0101 -0.3054
vn -0.8906 0.3072 0.3353
vn 0.8575 0.3489 0.3781
vn 0.4002 -0.6229 0.6722
vn -0.8251 -0.3880 0.4106
vn 0.1837 0.4707 -0.8629
vn -0.6906 -0.6324 -0.3508
vn 0.5536 0.1699 -0.8153
vn -0.3177 0.3607 0.8769
vn -0.7309 -0.4315 0.5288
vn 0.7028 -0.3920 0.5936
vn -0.5368 0.7025 0.4673
vn 0.0907 0.1862 0.9783
vn 0.2396 0.2363 0.9417
vn -0.3285 0.8866 0.3258
vn -0.1201 -0.0188 0.9926
vn 0.0268 -0.5673 0.8231
vn -0.5339 -0.1851 0.8250
vn 0.4900 -0.8716 -0.0159
vn -0.2648 -0.2143 -0.9402
vn -0.2430 0.2935 0.9245
vn 0.1096 0.4309 0.8957
vn 0.6236 0.0312 0.7811
vn -0.4607 0.4062 -0.7892
vn -0.9616 -0.0039 -0.2745
vn -0.6080 -0.7813 -0.1409
vn -0.8429 0.4352 0.3165
vn 0.2006 0.7945 -0.5732
vn 0.4132 -0.0726 0.9077
vn -0.9126 -0.1806 -0.3669
vn 0.2047 -0.1689 -0.9642
vn 0.2105 0.6396 0.7394
vn -0.8992 -0.3876 -0.2029
vn -0.1148 0.6202 -0.7760
vn 0.2165 0.0733 0.9735
vn 0.9667 -0.2315 -0.1092
vn 0.1164 0.4111 -0.9041
vn 0.2224 0.9142 0.3387
vn -0.3626 -0.1183 -0.9244
vn -0.9267 -0.3293 0.1811
vn -0.9046 0.0412 0.4242
vn 0.1230 -0.9671 0.2227
vn 0.3647 0.9140 -0.1777
vn 0.2139 -0.9758 0.0450
vn 0.1235 0.8912 -0.4364
vn -0.0441 -0.0638 -0.9970
vn 0.0549 0.5768 -0.8150
vn 0.6678 -0.1542 0.7282
vn -0.2245 0.9647 -0.1375
vn 0.6955 -0.5560 0.4552
vn 0.8334 0.4705 -0.2900
vn -0.8016 0.1918 -0.5663
vn 0.9975 0.0334 -0.0623
vn 0.2159 -0.1648 -0.9624
vn 0.0650 0.0242 0.9976
vn -0.4146 -0.0042 0.9100
vn -0.3743 0.1541 0.9144
vn -0.4817 -0.0088 0.8763
vn -0.6744 -0.4467 0.5879
vn 0.1243 0.4727 -0.8724
vn -0.1762 0.2012 0.9636
vn 0.0177 -0.1529 -0.9881
vn -0.9251 -0.1351 0.3548
vn -0.8234 0.3032 0.4797
vn -0.2654 0.8568 0.4422
vn 0.9741 -0.2224 -0.0410
vn 0.6105 0.6561 0.4436
vn 0.9186 0.1342 0.3717
vn -0.7802 -0.5453 0.3066
vn -0.9601 0.0943 0.2633
vn 0.7255 -0.3513 0.5918
vn 0.2822 0.7429 0.6071
vn -0.2967 -0.3503 0.8884
vn -0.2479 -0.9684 0.0269
vn -0.8941 -0.3774 -0.2412
vn -0.8522 -0.4694 -0.2312
vn -0.5473 -0.2160 0.8086
vn -0.9372 -0.2394 0.2536
vn -0.1286 0.0769 0.9887
vn 0.6038 -0.2727 -0.7491
vn -0.3863 -0.0579 0.9205
vn -0.4143 0.5766 -0.7042
vn 0.0811 0.0657 -0.9945
vn -0.7458 -0.1590 0.6469
vn -0.0015 0.2040 -0.9790
vn -0.0266 -0.6440 0.7645
vn -0.1071 0.9881 -0.1105
vn -0.0253 -0.9399 0.3404
vn -0.0251 0.9993 0.0277
vn -0.0249 0.9993 0.0278
vn -0.0248 0.9993 0.0278
vn 0.9936 -0.0931 0.0636
vn -0.3623 0.1786 0.9148
vn -0.1164 -0.2661 0.9569
vn 0.9422 -0.1970 -0.2711
vn -0.0551 0.3323 0.9416
vn 0.0534 -0.9965 0.0640
vn 0.0213 0.3549 -0.9346
vn -0.0376 -0.1076 -0.9935
vn 0.5807 0.7020 0.4122
vn -0.0004 -0.6701 0.7422
vn -0.1763 0.7862 0.5924
vn -0.0823 0.7222 0.6867
vn -0.2428 -0.0273 0.9697
vn -0.0741 0.5703 -0.8181
vn -0.0637 0.5101 -0.8578
vn 0.1175 0.4385 -0.8910
vn 0.0338 0.1772 0.9836
vn -0.1106 0.6812 -0.7237
vn -0.0521 0.6188 -0.7838
vn 0.0497 -0.9985 0.0239
vn 0.0456 -0.9988 0.0188
vn 0.0551 -0.6399 0.7664
vn 0.0023 0.3846 0.9231
vn -0.0252 0.9993 0.0277
vn 0.0377 -0.1325 0.9905
vn -0.0342 0.1698 -0.9849
vn -0.0977 0.9453 0.3113
vn -0.0978 0.9454 0.3110
vn -0.0986 0.9457 0.3097
vn -0.0987 0.9458 0.3095
vn 0.0488 -0.9098 0.4121
vn -0.0811 0.8822 -0.4639
vn 0.7382 0.2711 0.6177
vn 0.0437 -0.3350 0.9412
vn -0.1907 0.4457 -0.8747
vn -0.0270 -0.3227 0.9461
vn 0.0286 -0.2676 -0.9631
vn 0.0484 -0.1514 -0.9873
vn 0.1761 -0.8425 0.5092
vn -0.0094 -0.0651 -0.9978
vn -0.1317 0.2903 0.9478
vn 0.2922 -0.4096 0.8642
vn 0.1615 -0.5521 0.8180
vn 0.1810 0.6628 -0.7266
vn -0.3319 -0.8444 -0.4205
vn 0.0434 0.8943 -0.4454
vn -0.0045 0.2149 0.9766
vn 0.3973 0.3722 0.8389
vn 0.2654 0.7986 -0.5402
vn 0.4792 0.1048 -0.8714
vn 0.9635 0.1941 0.1846
vn 0.2672 0.9425 0.2005
vn 0.0139 -0.2743 -0.9615
vn 0.0200 -0.1764 -0.9841
vn -0.0464 0.6241 0.7800
vn 0.7697 0.3928 -0.5033
vn -0.1853 0.4343 0.8815
vn 0.4012 0.9062 -0.1338
vn 0.3736 0.4222 -0.8259
vn 0.0268 0.2054 -0.9783
vn -0.1251 0.0955 0.9875
vn -0.0198 0.1445 -0.9893
vn -0.0774 0.7659 -0.6382
vn -0.1060 0.7902 -0.6036
vn -0.2321 0.1063 0.9669
vn 0.0621 -0.8953 0.4411
vn 0.7428 -0.6693 -0.0160
vn -0.0767 0.9967 0.0266
vn -0.0889 0.8734 0.4789
vn 0.0235 -0.4474 0.8940
vn -0.0701 -0.5258 0.8477
vn -0.0381 0.7447 -0.6664
vn 0.0269 0.5464 -0.8371
vn -0.3019 -0.7413 0.5994
vn -0.0254 -0.7262 0.6870
vn -0.2575 -0.8797 0.3999
vn 0.3949 0.8130 0.4278
vn -0.0077 0.9817 0.1903
vn -0.0624 0.9871 0.1472
vn -0.3466 0.5562 -0.7553
vn 0.2722 -0.6391 0.7193
vn 0.0562 -0.6420 0.7646
vn -0.0898 -0.7537 0.6511
vn 0.0252 -0.9857 0.1667
vn 0.7336 0.1662 -0.6589
vn 0.1103 -0.0437 0.9929
vn 0.4739 -0.5233 0.7082
vn 0.5793 0.0712 0.8120
vn 0.0080 -0.2087 0.9779
vn -0.1046 0.7020 -0.7044
vn -0.2178 0.7614 -0.6106
vn -0.0980 0.7953 -0.5982
vn -0.0307 0.4497 -0.8926
vn -0.2025 0.3766 -0.9040
vn -0.5091 -0.1853 0.8405
vn -0.3330 0.4288 -0.8398
vn 0.3362 -0.1902 0.9224
vn 0.8493 0.2607 -0.4590
vn 0.5307 -0.1177 0.8394
vn 0.9716 -0.1375 0.1926
vn 0.3475 0.5114 -0.7859
vn 0.9082 0.0318 0.4173
vn 0.8652 0.0408 0.4998
vn -0.7257 0.1460 -0.6723
vn -0.9315 -0.0802 0.3548
vn -0.2931 -0.1874 0.9375
vn 0.4762 0.3498 -0.8068
vn -0.4796 0.3355 -0.8108
vn 0.7119 0.0512 -0.7004
vn 0.1509 -0.2441 0.9579
vn -0.3512 0.4984 -0.7926
vn 0.9072 -0.1066 -0.4070
vn -0.5269 0.4488 -0.7218
vn 0.5768 -0.2171 0.7875
vn 0.3319 0.4373 -0.8359
vn -0.0841 -0.2683 0.9596
vn -0.2333 0.3194 -0.9185
vn -0.9706 -0.1736 0.1664
vn -0.6955 -0.2338 0.6794
vn 0.8949 0.0709 0.4405
vn 0.8524 0.5107 0.1119
vn 0.9875 -0.0630 0.1447
vn -0.3117 -0.2525 -0.9160
vn 0.4378 0.4714 0.7656
vn -0.6689 0.5035 -0.5468
vn 0.6248 0.7201 0.3019
vn -0.2902 0.4807 -0.8275
vn -0.6525 -0.6894 0.3147
vn -0.8109 -0.3239 -0.4875
vn 0.3008 0.4245 -0.8540
vn -0.3659 0.8954 -0.2539
vn 0.2821 0.9591 -0.0234
vn 0.7904 0.0958 -0.6051
vn 0.8768 -0.0575 -0.4774
vn -0.7927 -0.0044 -0.6096
vn -0.7884 -0.0123 -0.6150
vn -0.7932 -0.0035 -0.6090
vn -0.4493 -0.3082 -0.8385
vn 0.5356 0.1876 -0.8233
vn 0.5618 -0.0193 -0.8271
vn 0.0213 -0.0386 -0.9990
vn -0.6182 0.7829 0.0697
vn -0.1292 0.9535 -0.2722
vn 0.9756 0.1351 -0.1729
vn -0.5446 -0.0763 -0.8352
vn 0.0946 0.3485 -0.9325
vn -0.8129 -0.1538 -0.5617
vn -0.7465 0.2106 -0.6312
vn 0.2198 0.4800 -0.8493
vn -0.9933 -0.0604 0.0981
vn -0.4770 0.8689 0.1325
vn -0.4608 0.8791 0.1220
vn 0.0705 0.2873 0.9552
vn -0.9959 0.0539 0.0721
vn 0.6414 0.3390 -0.6882
vn 0.2154 0.8828 -0.4174
vn -0.6852 0.5883 -0.4294
vn 0.6200 0.6682 -0.4112
vn -0.1312 -0.2445 -0.9607
vn 0.3418 0.0824 -0.9362
vn -0.1341 0.6140 0.7779
vn 0.0198 0.9584 -0.2846
vn -0.1659 0.0599 -0.9843
vn -0.2028 0.8461 0.4930
vn -0.9519 -0.3001 0.0614
vn 0.8047 -0.1832 0.5648
vn -0.6960 -0.3410 -0.6319
vn -0.2580 0.2517 -0.9328
vn 0.6350 0.7670 0.0924
vn -0.7431 0.6605 0.1069
vn 0.0930 0.8477 0.5223
vn 0.0927 0.8478 0.5222
vn 0.0981 0.8459 0.5242
vn 0.0984 0.9869 0.1281
vn -0.8698 -0.0442 -0.4913
vn -0.6855 0.7064 -0.1766
vn -0.1527 0.8921 -0.4253
vn -0.9741 0.0386 -0.2230
vn -0.3343 0.7547 -0.5645
vn -0.7538 0.0154 -0.6570
vn -0.1371 -0.0646 -0.9884
vn 0.1869 -0.1355 -0.9730
vn 0.3884 -0.2178 -0.8954
vn -0.7985 0.3810 0.4660
vn -0.3533 -0.0545 -0.9339
vn -0.5601 0.7236 -0.4034
vn -0.5599 0.7239 -0.4030
vn -0.5572 0.7306 -0.3946
vn 0.5993 0.8000 0.0275
vn 0.9461 0.2794 -0.1637
vn 0.1248 0.9922 0.0020
vn 0.1296 0.9916 -0.0017
vn 0.1251 0.9921 0.0018
vn 0.5354 0.8446 0.0028
vn 0.1116 -0.9424 -0.3154
vn -0.1663 -0.1615 -0.9728
vn 0.9005 -0.2555 -0.3519
vn 0.9476 -0.2389 -0.2123
vn -0.7879 -0.0134 -0.6157
vn 0.5508 0.6114 -0.5682
vn 0.2972 0.5488 0.7814
vn 0.4201 0.3282 -0.8461
vn -0.8697 0.4933 0.0151
vn 0.9817 -0.1706 -0.0847
vn 0.6514 0.4460 -0.6139
vn 0.7998 0.1176 -0.5887
vn 0.2398 0.9001 0.3638
vn -0.3726 0.4166 -0.8292
vn 0.7422 0.5515 0.3807
vn 0.0028 0.2636 -0.9646
vn -0.2582 0.7364 0.6253
vn -0.9646 0.1518 -0.2157
vn -0.5386 0.6519 0.5338
vn 0.4527 -0.2513 -0.8555
vn -0.9596 -0.1470 -0.2400
vn -0.3114 0.5082 0.8030
vn 0.7583 0.5470 -0.3545
vn -0.5464 0.1336 -0.8268
vn -0.9063 0.4070 0.1138
vn -0.9101 0.4004 0.1069
vn -0.9100 0.4005 0.1070
vn -0.0449 0.7477 0.6625
vn -0.4413 0.3971 -0.8047
vn 0.8284 0.2933 0.4773
vn 0.0190 0.6231 0.7819
vn 0.1582 0.9588 -0.2360
vn 0.3703 0.9178 0.1431
vn 0.3658 0.9201 0.1401
vn 0.3653 0.9203 0.1397
vn -0.5601 0.7235 -0.4036
vn 0.8697 0.0474 -0.4913
vn 0.8351 0.4754 0.2768
vn -0.1091 0.9598 -0.2587
vn -0.3713 0.9245 -0.0859
vn -0.9139 -0.2999 0.2737
vn -0.4065 0.3064 -0.8607
vn 0.6355 -0.2390 -0.7342
vn 0.9102 0.3222 0.2601
vn 0.9721 0.0689 0.2243
vn -0.8006 0.5714 0.1803
vn 0.1970 -0.2425 -0.9499
vn -0.9502 -0.2764 0.1437
vn -0.2538 0.0011 -0.9672
vn -0.8481 0.4144 0.3301
vn 0.2584 0.7352 0.6267
vn 0.0115 0.1743 -0.9846
vn 0.7575 0.1406 -0.6375
vn 0.8562 0.3100 -0.4133
vn 0.4996 0.7491 0.4351
vn -0.1320 0.9887 -0.0708
vn -0.0020 -0.0689 -0.9976
vn 0.8076 0.5513 -0.2094
vn -0.0285 0.5365 -0.8434
vn -0.1408 0.6807 -0.7189
vn -0.1740 0.9359 0.3063
vn -0.0509 0.8683 -0.4935
vn 0.1374 0.2000 -0.9701
vn -0.0094 -0.2485 -0.9686
vn -0.0519 0.8053 -0.5906
vn -0.0729 0.9883 0.1338
vn 0.8464 -0.5004 0.1822
vn 0.8168 -0.5319 0.2235
vn -0.8839 -0.1895 0.4276
vn -0.7901 0.0495 0.6109
vn 0.6843 -0.7119 -0.1579
vn 0.2244 -0.4570 0.8607
vn 0.5872 -0.5389 0.6040
vn 0.1283 0.1481 0.9806
vn 0.9988 0.0099 -0.0476
vn -0.6368 -0.7161 -0.2858
vn -0.9919 -0.0374 -0.1215
vn -0.2717 -0.5503 0.7895
vn -0.4674 -0.8181 0.3350
vn 0.3427 -0.7199 -0.6035
vn 0.1108 -0.0209 0.9936
vn -0.4446 -0.4415 0.7794
vn 0.3458 -0.9027 0.2562
vn 0.9925 -0.0318 -0.1182
vn -0.3336 -0.7372 0.5876
vn -0.6013 -0.6674 -0.4393
vn -0.9237 -0.3813 0.0378
vn 0.1523 -0.8845 -0.4410
vn 0.6936 -0.3511 0.6290
vn 0.6941 -0.3539 0.6269
vn 0.6937 -0.3518 0.6285
vn 0.0069 -0.8609 0.5088
vn -0.0700 -0.8891 0.4523
vn 0.3428 0.3019 0.8896
vn -0.7371 -0.4637 0.4916
vn 0.8133 0.3934 0.4286
vn 0.7708 0.3030 0.5604
vn -0.3118 -0.8368 0.4501
vn -0.6302 -0.4892 0.6029
vn -0.5155 0.0139 0.8568
vn 0.9951 0.0619 -0.0769
vn 0.7697 -0.5192 0.3715
vn -0.4396 -0.4214 0.7932
vn 0.6955 -0.2604 0.6697
vn 0.5157 -0.0550 0.8550
vn 0.4437 -0.0222 0.8959
vn 0.9238 0.0747 0.3756
vn 0.4670 -0.8698 -0.1594
vn 0.9694 -0.1783 -0.1685
vn -0.2430 -0.8756 0.4173
vn 0.7125 0.0876 0.6962
vn 0.6600 -0.6202 0.4239
vn -0.0829 -0.6983 0.7110
vn -0.6233 -0.6826 0.3814
vn -0.6603 -0.6595 0.3592
vn 0.8380 0.2248 0.4972
vn -0.2414 -0.9704 0.0085
vn 0.6837 -0.6055 -0.4073
vn 0.3723 -0.8392 0.3963
vn -0.5631 0.0617 0.8241
vn -0.6818 -0.4597 0.5690
vn -0.6873 -0.7145 -0.1310
vn -0.2034 0.0400 0.9783
vn 0.2101 -0.8179 -0.5356
vn -0.9991 -0.0013 -0.0416
vn -0.9990 -0.0036 -0.0451
vn -0.9991 -0.0022 -0.0430
vn -0.7364 -0.6437 0.2081
vn 0.7340 0.3627 0.5742
vn 0.2939 -0.1281 0.9472
vn -0.0441 -0.9879 -0.1486
vn -0.0438 -0.9878 -0.1492
vn -0.0440 -0.9879 -0.1488
vn 0.7149 -0.6933 -0.0908
vn -0.1611 -0.7677 -0.6203
vn 0.9999 -0.0152 -0.0052
vn -0.0963 -0.8610 -0.4993
vn -0.0496 -0.9894 -0.1364
vn -0.0774 0.2423 0.9671
vn -0.0289 0.2570 0.9660
vn 0.7114 -0.6788 0.1820
vn 0.2003 -0.9791 -0.0341
vn 0.9301 -0.3572 -0.0856
vn -0.7679 0.1541 0.6218
vn 0.0967 0.2582 0.9612
vn 0.1605 -0.9695 -0.1853
vn 0.4271 -0.5098 0.7468
vn 0.8954 -0.0672 0.4401
vn 0.4884 0.3100 0.8157
vn -0.3608 0.2269 0.9046
vn -0.5160 -0.8488 -0.1152
vn 0.0630 -0.6396 -0.7662
vn -0.3820 -0.2021 0.9018
vn -0.7787 -0.4867 -0.3958
vn -0.7784 -0.4872 -0.3959
vn -0.7816 -0.4829 -0.3948
vn -0.5676 -0.8229 -0.0268
vn 0.0621 -0.8239 0.5633
vn -0.0061 -0.5332 0.8460
vn -0.7033 -0.2487 0.6659
vn -0.7042 -0.2485 0.6651
vn -0.7036 -0.2487 0.6656
vn -0.8712 0.3074 0.3827
vn -0.5179 -0.6026 0.6072
vn -0.4837 -0.3137 0.8171
vn 0.8701 -0.4884 0.0665
vn -0.4231 0.1143 0.8988
vn 0.3042 -0.3934 0.8676
vn -0.1717 -0.0895 0.9811
vn -0.7114 -0.0370 0.7018
vn 0.8693 -0.3093 -0.3854
vn -0.0665 -0.9480 -0.3114
vn 0.9868 0.0442 -0.1558
vn 0.2083 -0.6116 -0.7632
vn -0.4412 0.2671 0.8567
vn 0.0801 -0.3345 0.9390
vn 0.5923 -0.7005 -0.3981
vn -0.4026 -0.5501 0.7317
vn -0.4061 -0.7009 -0.5864
vn -0.4295 -0.6965 -0.5747
vn 0.0853 -0.6481 -0.7568
vn -0.1241 -0.9641 0.2348
vn 0.6132 0.3691 0.6984
vn -0.4002 -0.9018 -0.1629
vn -0.0181 -0.6326 0.7743
vn -0.9399 -0.2713 -0.2074
vn 0.6250 -0.7781 0.0627
vn 0.6440 -0.7650 -0.0013
vn 0.3385 -0.8319 -0.4398
vn 0.5701 -0.7582 0.3165
vn 0.4514 -0.4471 0.7723
vn -0.8200 -0.0794 0.5668
vn -0.7289 -0.6512 -0.2113
vn 0.9820 0.0402 0.1843
vn 0.9437 -0.2099 0.2556
vn 0.3990 -0.9155 0.0512
vn -0.9759 0.0120 0.2178
vn -0.9561 -0.0152 0.2925
vn 0.1280 -0.2989 0.9457
vn -0.9460 -0.0710 -0.3164
vn 0.2654 -0.3779 0.8870
vn -0.0594 0.0781 0.9952
vn -0.5974 -0.4150 0.6862
vn 0.1893 -0.0109 0.9819
vn -0.6544 -0.7228 -0.2221
vn 0.3323 -0.8769 -0.3473
vn -0.2180 -0.7878 -0.5760
vn 0.0237 -0.9424 -0.3335
vn -0.8818 -0.3128 0.3530
vn 0.0597 -0.7392 -0.6708
vn 0.1459 -0.9893 0.0013
vn -0.0978 -0.9910 0.0919
vn 0.0382 -0.1838 0.9822
vn 0.0107 -0.7885 0.6150
vn 0.1947 -0.3835 -0.9028
vn -0.4141 -0.5239 0.7443
vn -0.4115 -0.5197 0.7487
vn -0.4120 -0.5206 0.7478
vn -0.0268 0.0243 0.9993
vn -0.2151 -0.7804 0.5872
vn 0.3978 -0.8482 0.3497
vn -0.0112 0.0354 0.9993
vn 0.1665 -0.9563 0.2403
vn -0.1829 -0.7421 -0.6449
vn -0.0138 -0.7326 -0.6805
vn -0.8855 -0.2915 0.3617
vn -0.4958 -0.0855 0.8642
vn 0.1062 -0.8256 -0.5542
vn -0.1741 -0.9624 -0.2087
vn -0.0638 -0.9177 -0.3921
vn -0.0637 -0.9172 -0.3934
vn -0.0638 -0.9175 -0.3925
vn 0.0231 -0.9919 -0.1248
vn 0.3766 -0.6443 0.6656
vn -0.0229 -0.9551 0.2954
vn -0.5484 -0.5967 0.5859
vn 0.7317 -0.1131 0.6722
vn 0.9883 -0.0316 0.1493
vn 0.6668 -0.5298 0.5241
vn 0.1035 -0.9235 0.3693
vn -0.9511 -0.3006 0.0711
vn 0.2838 -0.7728 0.5677
vn -0.4704 -0.4506 0.7587
vn -0.7332 -0.2509 0.6320
vn -0.2299 -0.7848 0.5756
vn 0.3155 -0.3435 0.8846
vn 0.9141 -0.2011 0.3522
vn 0.3188 -0.4944 0.8087
vn 0.1331 -0.9083 -0.3965
vn 0.1472 -0.9520 -0.2684
vn 0.7822 -0.0441 0.6215
vn -0.1920 -0.9672 0.1665
vn 0.9118 0.0832 0.4020
vn 0.7656 0.1085 0.6341
vn 0.4406 -0.8927 -0.0951
vn 0.8913 -0.1245 0.4359
vn 0.3680 -0.3219 0.8723
vn 0.7453 -0.1528 -0.6489
vn -0.9314 -0.2796 0.2329
vn 0.7044 -0.3581 0.6129
vn -0.7630 -0.3896 0.5158
vn -0.6119 -0.5308 0.5864
vn 0.0581 -0.9438 0.3254
vn 0.9943 -0.1066 0.0037
vn 0.2856 -0.7061 0.6480
vn -0.2701 -0.6139 0.7418
vn -0.9456 -0.1626 -0.2819
vn -0.6927 -0.1496 -0.7055
vn 0.8411 -0.0305 -0.5400
vn 0.6089 -0.7506 0.2566
vn -0.4108 -0.8843 0.2221
vn -0.8575 -0.2804 -0.4313
vn -0.4257 -0.5049 0.7509
vn 0.4102 -0.7412 0.5314
vn -0.8012 -0.5824 0.1373
vn 0.4059 -0.8492 -0.3378
vn -0.9578 -0.2022 0.2041
vn -0.7613 -0.5311 0.3721
vn 0.4105 -0.6560 0.6334
vn -0.2975 -0.8878 0.3512
vn 0.6829 -0.1067 0.7227
vn 0.4487 -0.0515 0.8922
vn -0.2033 -0.6967 0.6879
vn 0.4361 0.8094 -0.3933
vn -0.3689 -0.2664 -0.8905
vn 0.8608 0.5018 0.0845
vn 0.8918 -0.0178 -0.4520
vn -0.9936 -0.1078 -0.0348
vn 0.6468 -0.0652 -0.7598
vn -0.8625 0.2506 -0.4397
vn -0.8109 0.5353 -0.2363
vn 0.3109 0.8012 -0.5113
vn 0.1571 0.4660 -0.8707
vn 0.2569 0.5519 -0.7934
vn 0.4026 0.8691 0.2874
vn 0.4454 0.8413 0.3064
vn 0.1892 0.1534 -0.9699
vn -0.7390 0.5717 0.3563
vn -0.3551 0.7303 0.5836
vn 0.8727 -0.4490 -0.1917
vn -0.9720 -0.2350 -0.0006
vn -0.8838 -0.3539 -0.3059
vn 0.9240 0.2452 -0.2935
vn 0.6107 0.5156 -0.6010
vn 0.5614 0.3435 -0.7529
vn 0.4722 0.4152 -0.7775
vn -0.2957 0.8460 -0.4437
vn 0.0683 0.9039 -0.4223
vn 0.2952 0.7655 -0.5717
vn 0.6120 0.6726 0.4159
vn 0.8083 0.4035 -0.4287
vn 0.9907 -0.0703 0.1167
vn 0.7031 -0.0377 -0.7101
vn -0.2686 0.9625 -0.0382
vn -0.8550 -0.2276 -0.4659
vn 0.2225 0.9397 -0.2596
vn 0.5786 0.1550 -0.8008
vn 0.5804 0.7892 -0.2009
vn -0.8013 0.5115 -0.3103
vn -0.5577 -0.0530 -0.8284
vn 0.9991 0.0384 0.0197
vn 0.9796 0.0971 -0.1759
vn 0.1364 0.7934 0.5932
vn 0.8732 -0.1923 -0.4478
vn -0.5532 0.8222 -0.1337
vn -0.4206 0.8944 -0.1521
vn -0.4758 -0.0311 -0.8790
vn 0.3964 -0.0859 -0.9141
vn -0.9967 -0.0718 0.0383
vn 0.5957 0.7567 0.2695
vn -0.9969 0.0638 0.0469
vn -0.9872 0.0609 0.1473
vn 0.1301 0.9915 -0.0020
vn 0.1030 0.6725 -0.7329
vn -0.5968 0.5148 -0.6155
vn 0.7131 -0.2788 -0.6433
vn 0.5641 0.7415 -0.3632
vn -0.6935 0.6095 0.3843
vn -0.3756 0.8670 -0.3275
vn 0.6005 -0.0004 -0.7996
vn 0.8398 -0.3397 0.4235
vn 0.8579 0.1812 -0.4809
vn -0.2857 0.0410 -0.9574
vn 0.2115 -0.0528 -0.9760
vn 0.2125 -0.0521 -0.9758
vn 0.2100 -0.0539 -0.9762
vn -0.4582 0.5912 0.6637
vn 0.6528 0.2704 0.7076
vn 0.5895 0.5644 0.5779
vn 0.0524 0.9829 0.1764
vn -0.4229 0.6465 -0.6349
vn -0.7145 0.6919 0.1036
vn -0.2185 0.9677 0.1257
vn 0.4496 0.5686 -0.6888
vn 0.3719 0.5997 -0.7085
vn -0.9973 -0.0689 -0.0252
vn 0.1034 0.8440 0.5263
vn -0.8835 -0.0442 -0.4663
vn 0.0343 -0.2598 -0.9651
vn 0.9539 -0.1248 0.2728
vn 0.3951 0.9064 -0.1495
vn 0.9129 0.3496 -0.2108
vn -0.9936 -0.1122 -0.0153
vn -0.1390 0.4663 -0.8737
vn -0.5981 -0.1553 -0.7862
vn -0.5373 0.5468 -0.6422
vn -0.1390 0.2642 -0.9544
vn -0.1153 0.2183 -0.9691
vn -0.4143 0.6812 -0.6036
vn -0.9935 -0.0132 -0.1129
vn -0.9955 -0.0511 -0.0797
vn -0.1655 -0.2578 -0.9519
vn 0.0520 0.9506 0.3059
vn 0.4401 0.8889 -0.1271
vn -0.7663 0.0184 -0.6422
vn -0.1620 0.9720 0.1702
vn 0.8482 -0.1227 -0.5153
vn -0.5820 -0.2993 -0.7561
vn -0.3040 -0.1153 -0.9457
vn -0.0458 0.6416 0.7656
vn 0.7423 0.6532 0.1490
vn -0.9033 0.1866 -0.3863
vn 0.4229 0.1857 -0.8870
vn -0.6191 0.7635 -0.1840
vn 0.7490 0.2487 -0.6141
vn -0.9743 0.1258 0.1869
vn -0.4626 0.6698 0.5808
vn -0.8113 -0.0813 -0.5790
vn 0.7694 0.4804 0.4211
vn -0.9999 -0.0157 0.0011
vn -0.1748 0.5695 0.8032
vn -0.0144 -0.1104 0.9938
vn -0.9386 -0.0237 0.3441
vn 0.1568 0.2025 -0.9666
vn 0.2119 0.6442 0.7349
vn -0.6833 -0.1327 -0.7180
vn -0.6708 -0.0854 -0.7367
vn 0.8708 -0.2374 -0.4304
vn 0.5519 0.5702 -0.6085
vn -0.3464 0.1678 -0.9230
vn 0.4536 0.3905 -0.8011
vn -0.6461 0.2748 -0.7120
vn -0.5784 0.2757 -0.7677
vn -0.8642 0.4726 -0.1727
vn 0.3874 0.7694 0.5079
vn 0.3914 -0.1104 -0.9136
vn 0.1963 0.0855 -0.9768
vn 0.7971 0.0791 -0.5986
vn -0.8391 0.0146 0.5437
vn 0.1359 -0.0673 -0.9884
vn -0.9819 -0.1689 0.0853
vn -0.4606 -0.1018 -0.8818
vn -0.9403 -0.0803 -0.3306
vn -0.6436 0.5922 0.4849
vn 0.9708 -0.0384 -0.2367
vn 0.9641 0.0117 -0.2652
vn 0.9998 0.0174 -0.0030
vn 0.7130 -0.1039 -0.6935
vn -0.6443 0.6901 0.3295
vn -0.9551 -0.1381 -0.2621
vn 0.2127 -0.0519 -0.9757
vn 0.4156 -0.0945 -0.9046
vn 0.9973 0.0454 -0.0569
vn -0.5543 0.1190 -0.8237
vn -0.0948 0.3369 -0.9368
vn -0.9052 0.4088 0.1158
vn 0.2488 0.8609 0.4437
vn 0.8197 0.3965 0.4134
vn 0.6734 0.7255 -0.1421
vn 0.5752 0.5838 0.5730
vn 0.5758 0.5835 0.5727
vn 0.5750 0.5839 0.5731
vn 0.5748 0.5840 0.5732
vn -0.3225 0.5995 -0.7325
vn 0.3609 0.7347 0.5744
vn 0.3650 0.9205 0.1395
vn -0.1238 0.2602 -0.9576
vn 0.9696 -0.2412 -0.0421
vn 0.9542 -0.2963 0.0410
vn 0.9821 0.1490 0.1150
vn 0.9821 0.1491 0.1147
vn 0.9821 0.1490 0.1149
vn 0.9821 0.1490 0.1151
vn -0.6926 0.7126 0.1119
vn -0.6606 0.3099 0.6837
vn -0.7001 0.4648 0.5421
vn -0.2911 0.8199 0.4929
vn -0.7461 -0.6445 -0.1671
vn -0.9119 -0.2504 -0.3253
vn -0.8461 -0.0377 -0.5316
vn 0.9217 0.0509 -0.3844
vn -0.9625 0.0942 -0.2543
vn 0.9993 -0.0206 0.0316
vn 0.2954 0.2768 -0.9144
vn -0.1689 0.1391 -0.9758
vn -0.4401 0.3316 -0.8345
vn 0.9990 0.0069 0.0452
vn -0.6502 0.3760 -0.6602
vn -0.0524 -0.0490 -0.9974
vn 0.9658 0.1907 0.1757
vn -0.9404 -0.2771 -0.1972
vn -0.5300 0.7761 0.3417
vn -0.4620 0.8275 0.3190
vn 0.9817 0.1354 -0.1338
vn 0.3729 -0.7153 0.5910
vn -0.3529 0.8658 0.3547
vn -0.8380 0.4256 0.3414
vn 0.3155 0.1381 0.9388
vn 0.1652 -0.2318 -0.9586
vn 0.8909 0.2697 -0.3655
vn -0.0458 0.9989 0.0051
vn 0.7936 0.5810 -0.1806
vn -0.1289 0.7790 0.6137
vn -0.1145 0.8193 0.5618
vn -0.0265 0.6031 -0.7972
vn -0.1427 0.9490 0.2810
vn -0.0029 -0.0187 -0.9998
vn 0.9959 0.0462 0.0775
vn 0.9893 0.0700 0.1279
vn 0.1560 0.2505 -0.9555
vn -0.1387 0.7479 -0.6491
vn 0.1187 0.7298 -0.6733
vn -0.6786 0.2985 0.6711
vn -0.9937 -0.1088 0.0261
vn 0.2493 0.2513 0.9353
vn -0.8481 -0.5255 -0.0682
vn 0.9886 0.1497 -0.0170
vn 0.9894 -0.0130 0.1450
vn 0.8125 -0.5694 -0.1247
vn -0.5763 0.0728 0.8140
vn 0.5861 -0.5899 0.5554
vn 0.7877 -0.4329 0.4383
vn 0.2029 -0.9490 0.2414
vn -0.5072 -0.7708 -0.3854
vn -0.1434 -0.4750 0.8682
vn 0.2776 -0.5283 0.8024
vn -0.1277 -0.2615 0.9567
vn 0.8273 -0.4918 -0.2713
vn 0.7186 -0.6024 -0.3475
vn 0.9887 0.0893 -0.1205
vn 0.7438 0.0898 0.6624
vn -0.2870 -0.4213 0.8603
vn -0.4918 -0.4119 0.7671
vn 0.3403 -0.8250 0.4511
vn -0.0196 -0.9549 0.2964
vn 0.7324 -0.1034 0.6730
vn 0.7283 -0.2121 0.6516
vn -0.7718 -0.4658 0.4329
vn -0.2290 -0.9725 -0.0427
vn -0.6041 -0.4516 0.6566
vn -0.7804 0.0618 0.6223
vn -0.6539 0.0014 0.7566
vn -0.2016 -0.6820 0.7031
vn -0.2139 -0.9431 0.2545
vn -0.4837 -0.2230 0.8463
vn -0.4544 -0.2041 0.8671
vn 0.6733 -0.6934 -0.2567
vn 0.7133 -0.4333 0.5509
vn 0.4755 -0.5185 0.7107
vn 0.4096 -0.5596 0.7205
vn 0.4718 0.0690 0.8790
vn 0.9702 -0.2420 0.0143
vn -0.9732 -0.0675 0.2200
vn -0.4355 -0.3778 0.8171
vn 0.1305 -0.9468 0.2941
vn -0.9351 -0.2689 0.2308
vn 0.9860 0.0632 -0.1542
vn 0.1009 -0.2778 0.9553
vn 0.3810 0.0855 0.9206
vn -0.0819 -0.3555 0.9311
vn 0.6209 0.1640 0.7665
vn 0.4590 -0.8765 0.1450
vn 0.5072 -0.8492 0.1470
vn -0.7988 -0.4453 0.4045
vn -0.2101 -0.4831 0.8500
vn 0.8588 -0.1924 0.4748
vn 0.9597 0.1204 0.2539
vn -0.8685 -0.4718 -0.1518
vn -0.3302 0.0766 0.9408
vn 0.9933 0.1154 -0.0028
vn 0.4918 -0.8660 -0.0901
vn 0.9808 -0.0125 -0.1946
vn 0.0686 0.2481 0.9663
vn 0.6697 -0.6150 -0.4163
vn -0.2943 -0.0890 0.9516
vn 0.1974 -0.8265 -0.5273
vn -0.5571 -0.6423 -0.5264
vn -0.9669 -0.1859 -0.1750
vn 0.2978 -0.2392 0.9242
vn 0.2976 -0.2396 0.9241
vn 0.2912 -0.2489 0.9237
vn 0.7868 -0.6114 -0.0845
vn 0.1980 -0.9725 -0.1225
vn 0.9987 -0.0444 -0.0261
vn -0.7724 0.0472 0.6334
vn -0.1959 -0.8172 -0.5420
vn -0.4743 -0.6130 0.6319
vn 0.8055 -0.0053 0.5926
vn -0.9754 -0.0608 -0.2121
vn -0.8365 -0.4881 0.2489
vn 0.1625 -0.4505 0.8779
vn -0.9962 -0.0313 0.0815
vn 0.1570 -0.8889 0.4303
vn 0.4619 0.0555 0.8852
vn 0.1572 -0.9416 -0.2979
vn 0.9815 -0.0708 0.1779
vn -0.4266 -0.8921 0.1488
vn -0.3654 -0.9199 0.1424
vn 0.6179 -0.0383 0.7853
vn -0.9735 -0.2161 -0.0744
vn 0.0136 0.0393 0.9991
vn -0.2240 0.1423 0.9642
vn -0.2546 -0.9088 0.3304
vn 0.7447 -0.5023 -0.4394
vn 0.8769 -0.2763 0.3934
vn 0.9512 -0.2120 -0.2244
vn -0.7549 -0.0382 0.6548
vn -0.8168 0.1477 0.5577
vn 0.9221 -0.3777 -0.0842
vn 0.4498 -0.6904 -0.5666
vn -0.9092 -0.3828 0.1640
vn 0.6949 0.0906 0.7133
vn 0.8213 -0.4257 -0.3798
vn 0.5238 -0.5807 -0.6232
vn 0.9956 0.0904 -0.0244
vn 0.6942 -0.3544 0.6265
vn 0.0424 -0.8392 -0.5422
vn 0.8949 -0.4432 0.0519
vn -0.1454 -0.2403 0.9598
vn -0.7053 -0.2483 0.6640
vn -0.0917 -0.6298 -0.7714
vn -0.7944 0.2830 0.5374
vn 0.7293 0.1695 0.6629
vn -0.1333 -0.6014 -0.7878
vn 0.2907 -0.2496 0.9237
vn 0.5781 -0.2978 0.7596
vn 0.0464 -0.9988 -0.0142
vn 0.5582 0.2035 0.8044
vn -0.8839 0.1408 0.4460
vn -0.6680 -0.4122 0.6195
vn -0.6045 -0.5823 -0.5436
vn -0.2471 -0.8987 -0.3623
vn -0.1225 0.0510 0.9912
vn -0.9871 -0.0118 -0.1600
vn -0.9941 -0.0208 -0.1067
vn -0.0282 -0.9592 -0.2815
vn -0.8530 -0.5208 -0.0339
vn 0.4496 0.0788 0.8898
vn 0.8816 0.0126 0.4719
vn 0.5783 -0.5852 -0.5684
vn -0.9934 0.0030 0.1149
vn 0.9787 0.1128 0.1717
vn 0.9348 -0.3154 0.1633
vn -0.1640 0.0621 0.9845
vn -0.3995 0.0925 0.9120
vn 0.9583 0.0275 0.2846
vn 0.2503 -0.5687 -0.7836
vn 0.4957 -0.1981 0.8456
vn 0.8735 -0.4685 -0.1327
vn 0.4738 -0.4220 0.7730
vn -0.7819 -0.4825 -0.3947
vn -0.5463 -0.8355 0.0601
vn 0.6921 -0.4832 -0.5362
vn 0.5821 -0.7469 0.3214
vn 0.8725 -0.3845 -0.3015
vn 0.8268 0.0763 0.5572
vn -0.7537 -0.5308 -0.3875
vn 0.9826 0.0914 0.1619
vn -0.3873 -0.6487 -0.6551
vn -0.2748 -0.2882 0.9173
vn 0.9873 0.0040 0.1587
vn -0.9503 -0.0168 0.3109
vn -0.8143 -0.1588 0.5583
vn -0.1489 -0.2586 0.9544
vn -0.1181 -0.1950 0.9737
vn -0.9971 0.0504 -0.0576
vn 0.6125 -0.2159 0.7604
vn -0.5749 0.2642 0.7744
vn -0.9180 -0.2956 -0.2646
vn -0.9664 -0.1249 -0.2246
vn -0.5826 -0.7193 -0.3783
vn -0.2039 0.2331 0.9508
vn -0.2030 0.2328 0.9511
vn -0.2007 0.2319 0.9518
vn 0.5581 -0.6331 -0.5364
vn 0.9283 0.3152 0.1975
vn 0.5694 -0.7594 -0.3148
vn 0.4920 -0.8230 -0.2839
vn 0.0869 0.0550 0.9947
vn 0.4683 -0.7382 -0.4855
vn 0.2568 0.1841 0.9488
vn -0.6643 -0.2025 0.7195
vn 0.0047 -0.6100 0.7924
vn -0.2000 0.2316 0.9520
vn -0.9583 0.2294 0.1704
vn -0.9777 0.1310 0.1643
vn -0.7637 -0.6165 0.1916
vn 0.2077 -0.7934 -0.5721
vn 0.1524 -0.6494 0.7450
vn 0.0878 -0.9915 0.0965
vn -0.0148 0.0211 0.9997
vn -0.9988 -0.0061 -0.0488
vn 0.1734 -0.7076 0.6850
vn -0.6678 -0.6983 -0.2576
vn -0.7721 -0.5827 -0.2538
vn -0.3645 -0.8714 -0.3283
vn 0.8019 -0.2877 0.5237
vn 0.2463 -0.7833 -0.5708
vn -0.2867 -0.6890 0.6656
vn -0.3011 -0.6988 0.6489
vn 0.2367 -0.8836 0.4041
vn 0.9219 -0.2268 0.3140
vn -0.3388 -0.6893 0.6404
vn -0.7692 -0.5209 0.3701
vn -0.0636 -0.9170 -0.3937
vn 0.0562 -0.8134 0.5790
vn 0.2020 -0.9550 -0.2174
vn 0.9576 -0.1489 0.2468
vn -0.4358 -0.7428 0.5083
vn -0.7269 -0.2624 0.6346
vn 0.4782 -0.6142 0.6278
vn -0.3901 -0.8891 0.2393
vn 0.3903 -0.5804 0.7148
vn 0.2830 -0.9420 0.1802
vn 0.4404 -0.5062 0.7415
vn -0.4148 -0.5249 0.7433
vn -0.2002 -0.9622 0.1847
vn -0.7127 -0.5382 0.4499
vn 0.0040 -0.9997 0.0237
vn -0.4357 -0.0688 0.8975
vn -0.4641 -0.7280 0.5047
vn 0.4846 -0.8482 0.2141
vn 0.8933 -0.2398 0.3802
vn 0.0955 -0.9876 -0.1243
vn 0.4621 -0.4353 0.7727
vn -0.4134 -0.8483 -0.3308
vn -0.9737 -0.1021 0.2034
vn -0.3503 -0.8948 -0.2768
vn 0.0056 -0.9764 0.2157
vn 0.4840 -0.8131 -0.3234
vn 0.0641 -0.9497 0.3066
vn -0.7536 -0.3667 0.5455
vn 0.7636 -0.1507 -0.6278
vn -0.1871 -0.0499 0.9811
vn -0.2449 -0.4429 0.8625
vn 0.8371 -0.4295 0.3389
vn -0.8449 -0.3261 -0.4240
vn 0.7264 -0.4777 -0.4941
vn 0.3001 -0.7039 0.6438
vn 0.6336 -0.7736 0.0043
vn -0.2836 -0.7479 -0.6002
vn 0.0184 -0.9986 -0.0498
vn 0.1865 -0.9558 0.2273
vn 0.6865 -0.4419 0.5775
vn 0.1017 -0.8640 0.4931
vn 0.0482 -0.9372 0.3456
vn -0.2183 -0.9098 0.3530
vn 0.2572 -0.7807 -0.5696
vn -0.7375 0.0176 0.6751
vn -0.0414 -0.9243 0.3794
vn -0.5810 -0.8135 -0.0263
vn -0.1050 -0.9131 0.3940
vt 0.622257 0.551498
vt 0.633923 0.568926
vt 0.621945 0.570809
vt 0.340068 0.243448
vt 0.313820 0.245350
vt 0.330984 0.234165
vt 0.162977 0.901473
vt 0.154296 0.915118
vt 0.155504 0.898674
vt 0.162248 0.913219
vt 0.989119 0.832219
vt 0.980790 0.838129
vt 0.982588 0.828356
vt 0.988173 0.840701
vt 0.629535 0.552827
vt 0.654223 0.617590
vt 0.651636 0.590009
vt 0.666813 0.596943
vt 0.632651 0.602533
vt 0.643722 0.610297
vt 0.647426 0.630220
vt 0.676525 0.595341
vt 0.680950 0.615951
vt 0.664680 0.629499
vt 0.666505 0.618167
vt 0.687537 0.585585
vt 0.698266 0.605529
vt 0.707892 0.585814
vt 0.691197 0.615557
vt 0.684950 0.625749
vt 0.979598 0.851611
vt 0.987628 0.850707
vt 0.640746 0.580199
vt 0.629944 0.586263
vt 0.185244 0.397786
vt 0.151848 0.401774
vt 0.191995 0.367598
vt 0.160692 0.368287
vt 0.194564 0.346644
vt 0.165839 0.346546
vt 0.169990 0.313234
vt 0.195598 0.325722
vt 0.169451 0.324837
vt 0.193455 0.310538
vt 0.177773 0.424408
vt 0.160099 0.423609
vt 0.371437 0.217473
vt 0.365939 0.239114
vt 0.356189 0.230853
vt 0.409470 0.197381
vt 0.398852 0.186351
vt 0.381495 0.225040
vt 0.421658 0.182490
vt 0.411708 0.170580
vt 0.147273 0.349977
vt 0.131269 0.331719
vt 0.132184 0.317747
vt 0.143060 0.426574
vt 0.139660 0.414990
vt 0.138170 0.405215
vt 0.126905 0.378149
vt 0.123812 0.365125
vt 0.617152 0.619379
vt 0.426856 0.208061
vt 0.415866 0.222288
vt 0.513954 0.821657
vt 0.529521 0.851884
vt 0.510644 0.835787
vt 0.544695 0.822197
vt 0.963085 0.748973
vt 0.968418 0.730304
vt 0.976316 0.748839
vt 0.051252 0.358886
vt 0.060548 0.341463
vt 0.067331 0.367996
vt 0.462784 0.263929
vt 0.442743 0.259762
vt 0.467458 0.245663
vt 0.031545 0.376551
vt 0.052906 0.383262
vt 0.042004 0.391503
vt 0.989075 0.726937
vt 0.990657 0.743165
vt 0.033270 0.395927
vt 0.022776 0.380298
vt 0.946924 0.727202
vt 0.945392 0.743741
vt 0.399397 0.265467
vt 0.357645 0.265189
vt 0.390399 0.244822
vt 0.787676 0.317331
vt 0.787676 0.332745
vt 0.772242 0.325246
vt 0.439480 0.281697
vt 0.458449 0.279290
vt 0.441199 0.272953
vt 0.936115 0.738205
vt 0.932145 0.716201
vt 0.148530 0.195317
vt 0.172760 0.204343
vt 0.147851 0.204028
vt 0.105721 0.253032
vt 0.095558 0.239927
vt 0.108079 0.217105
vt 0.589337 0.756819
vt 0.597405 0.771196
vt 0.576211 0.778315
vt 0.132460 0.248647
vt 0.128562 0.215746
vt 0.578610 0.711791
vt 0.604925 0.722407
vt 0.578895 0.719323
vt 0.163598 0.181602
vt 0.193442 0.180159
vt 0.197299 0.195098
vt 0.173303 0.195199
vt 0.132383 0.182175
vt 0.482868 0.708444
vt 0.471633 0.708014
vt 0.479173 0.672633
vt 0.110789 0.185230
vt 0.107979 0.196510
vt 0.129514 0.196837
vt 0.492767 0.735651
vt 0.499472 0.729836
vt 0.539503 0.769566
vt 0.576350 0.756679
vt 0.577804 0.734595
vt 0.499472 0.641489
vt 0.478058 0.656536
vt 0.491162 0.639777
vt 0.545799 0.736127
vt 0.523993 0.768041
vt 0.504915 0.738285
vt 0.524351 0.737636
vt 0.505769 0.767429
vt 0.469999 0.676443
vt 0.455598 0.113719
vt 0.467085 0.084217
vt 0.476533 0.092737
vt 0.446348 0.105641
vt 0.485070 0.082054
vt 0.504915 0.087980
vt 0.502865 0.099221
vt 0.162654 0.644715
vt 0.165799 0.683532
vt 0.155339 0.661477
vt 0.154192 0.646343
vt 0.194922 0.242011
vt 0.195487 0.261354
vt 0.179077 0.263415
vt 0.177706 0.242176
vt 0.152770 0.263856
vt 0.154674 0.242368
vt 0.452509 0.147442
vt 0.438289 0.135366
vt 0.472507 0.128487
vt 0.424358 0.156017
vt 0.134036 0.290644
vt 0.135340 0.269147
vt 0.160368 0.282386
vt 0.586760 0.795739
vt 0.573835 0.799458
vt 0.602790 0.792463
vt 0.572949 0.820094
vt 0.520488 0.794318
vt 0.545175 0.795916
vt 0.446817 0.181613
vt 0.434014 0.167750
vt 0.466246 0.162421
vt 0.913752 0.164910
vt 0.913461 0.176921
vt 0.910950 0.183106
vt 0.915491 0.165243
vt 0.029035 0.337328
vt 0.040530 0.316658
vt 0.962877 0.717884
vt 0.853891 0.947678
vt 0.871984 0.955359
vt 0.844048 0.969802
vt 0.849539 0.919848
vt 0.875866 0.930370
vt 0.389546 0.913946
vt 0.378241 0.916098
vt 0.376868 0.914630
vt 0.388937 0.915531
vt 0.491253 0.250418
vt 0.371976 0.917534
vt 0.368842 0.933053
vt 0.367221 0.932336
vt 0.373505 0.919213
vt 0.990657 0.712986
vt 0.978697 0.731245
vt 0.980975 0.717234
vt 0.019970 0.364562
vt 0.475635 0.272612
vt 0.423499 0.939158
vt 0.414456 0.927321
vt 0.415568 0.925928
vt 0.422406 0.941082
vt 0.036916 0.350403
vt 0.921474 0.166104
vt 0.918804 0.185451
vt 0.910866 0.188145
vt 0.930017 0.150909
vt 0.934915 0.155464
vt 0.923313 0.157192
vt 0.383241 0.968962
vt 0.390068 0.965761
vt 0.403315 0.971354
vt 0.393752 0.973558
vt 0.402534 0.976763
vt 0.368662 0.942177
vt 0.376327 0.934516
vt 0.380493 0.951381
vt 0.375803 0.955547
vt 0.383523 0.918108
vt 0.693507 0.942278
vt 0.686770 0.931116
vt 0.686719 0.924176
vt 0.685743 0.947123
vt 0.917496 0.206835
vt 0.924381 0.203232
vt 0.934915 0.212605
vt 0.693507 0.957240
vt 0.686293 0.959514
vt 0.686728 0.965034
vt 0.914057 0.202290
vt 0.468438 0.229208
vt 0.489375 0.229281
vt 0.115439 0.409881
vt 0.097934 0.377964
vt 0.117746 0.380356
vt 0.694509 0.628802
vt 0.681544 0.635338
vt 0.960004 0.866448
vt 0.960004 0.881781
vt 0.945840 0.868485
vt 0.336581 0.828477
vt 0.343687 0.809833
vt 0.354778 0.828477
vt 0.678793 0.646618
vt 0.664316 0.634055
vt 0.623106 0.644128
vt 0.645321 0.642055
vt 0.098348 0.358821
vt 0.089872 0.407389
vt 0.103059 0.351906
vt 0.114187 0.334097
vt 0.415918 0.237989
vt 0.426851 0.256443
vt 0.109779 0.319122
vt 0.091912 0.333728
vt 0.223621 0.554360
vt 0.225377 0.525187
vt 0.241579 0.534519
vt 0.575832 0.838294
vt 0.605008 0.813542
vt 0.950749 0.348735
vt 0.963726 0.345427
vt 0.963726 0.358922
vt 0.444957 0.229403
vt 0.428081 0.228978
vt 0.439009 0.218855
vt 0.566674 0.839588
vt 0.540098 0.854215
vt 0.543089 0.841442
vt 0.578527 0.851942
vt 0.641543 0.665216
vt 0.661769 0.658287
vt 0.659853 0.668716
vt 0.957699 0.775073
vt 0.941932 0.758773
vt 0.960606 0.762900
vt 0.938677 0.771703
vt 0.954102 0.784235
vt 0.077039 0.352613
vt 0.086239 0.378060
vt 0.838395 0.940806
vt 0.837637 0.911841
vt 0.241579 0.590962
vt 0.224923 0.597246
vt 0.075289 0.424557
vt 0.072750 0.400434
vt 0.064118 0.415551
vt 0.828760 0.986649
vt 0.817805 0.980043
vt 0.828760 0.959164
vt 0.222863 0.554346
vt 0.605598 0.837198
vt 0.591669 0.849206
vt 0.657599 0.680139
vt 0.639529 0.677845
vt 0.062490 0.391956
vt 0.051489 0.403708
vt 0.643477 0.653713
vt 0.675885 0.659517
vt 0.662960 0.645763
vt 0.351721 0.809461
vt 0.404209 0.280959
vt 0.381196 0.272212
vt 0.421704 0.282728
vt 0.414425 0.271396
vt 0.605738 0.874925
vt 0.974075 0.762786
vt 0.970885 0.775876
vt 0.590165 0.984683
vt 0.582460 0.971913
vt 0.590165 0.963011
vt 0.873873 0.208648
vt 0.882659 0.187857
vt 0.887694 0.211439
vt 0.119547 0.634313
vt 0.118382 0.606006
vt 0.130668 0.631509
vt 0.660680 0.345371
vt 0.633898 0.342838
vt 0.630627 0.325957
vt 0.639412 0.357245
vt 0.892621 0.383206
vt 0.879628 0.382654
vt 0.878956 0.373575
vt 0.903492 0.392013
vt 0.895816 0.374362
vt 0.136099 0.650153
vt 0.119003 0.672462
vt 0.119620 0.660184
vt 0.133856 0.663431
vt 0.145676 0.656858
vt 0.144363 0.643221
vt 0.154192 0.628373
vt 0.888617 0.412487
vt 0.852624 0.088599
vt 0.842151 0.088231
vt 0.846655 0.057661
vt 0.821333 0.081030
vt 0.828287 0.044563
vt 0.874018 0.114094
vt 0.883330 0.116687
vt 0.869945 0.141400
vt 0.863993 0.087874
vt 0.856559 0.087931
vt 0.867265 0.055567
vt 0.908157 0.366294
vt 0.895277 0.365871
vt 0.133974 0.639802
vt 0.802144 0.981310
vt 0.784384 0.975148
vt 0.802144 0.959164
vt 0.660680 0.312157
vt 0.658475 0.326042
vt 0.636390 0.308719
vt 0.891784 0.359012
vt 0.906036 0.418478
vt 0.907141 0.380758
vt 0.120787 0.703716
vt 0.145254 0.700578
vt 0.598065 0.982203
vt 0.590165 0.974397
vt 0.598065 0.963011
vt 0.872801 0.414290
vt 0.888207 0.438664
vt 0.875094 0.439637
vt 0.140720 0.726260
vt 0.122960 0.730516
vt 0.901811 0.443983
vt 0.886811 0.088463
vt 0.867265 0.112507
vt 0.877654 0.088620
vt 0.857110 0.118992
vt 0.905333 0.194740
vt 0.147363 0.605377
vt 0.109780 0.644945
vt 0.109487 0.635454
vt 0.119770 0.643283
vt 0.841737 0.030289
vt 0.844969 0.114572
vt 0.910684 0.118739
vt 0.906339 0.118552
vt 0.909343 0.086707
vt 0.136350 0.985410
vt 0.127729 0.968868
vt 0.136350 0.962917
vt 0.909035 0.209041
vt 0.133364 0.605352
vt 0.871139 0.176305
vt 0.901903 0.179053
vt 0.865016 0.394895
vt 0.739801 0.330593
vt 0.753395 0.334548
vt 0.754551 0.357881
vt 0.860924 0.031912
vt 0.863345 0.020943
vt 0.889476 0.147925
vt 0.754551 0.316090
vt 0.901072 0.145309
vt 0.660680 0.328718
vt 0.687442 0.330492
vt 0.687442 0.351647
vt 0.846747 0.009119
vt 0.831566 0.000000
vt 0.131431 0.775777
vt 0.141909 0.783829
vt 0.132386 0.786396
vt 0.140645 0.755923
vt 0.153458 0.780342
vt 0.844797 0.142671
vt 0.842623 0.169607
vt 0.831451 0.133771
vt 0.896225 0.474194
vt 0.893687 0.490601
vt 0.885025 0.467716
vt 0.856774 0.158262
vt 0.892605 0.059000
vt 0.892681 0.027251
vt 0.907907 0.042864
vt 0.856665 0.168171
vt 0.908669 0.032503
vt 0.883486 0.036136
vt 0.875697 0.487787
vt 0.871053 0.469735
vt 0.836803 0.991855
vt 0.828760 0.968439
vt 0.836803 0.959164
vt 0.129385 0.758968
vt 0.885481 0.498375
vt 0.875870 0.500175
vt 0.277851 0.979673
vt 0.270571 0.974020
vt 0.277851 0.968330
vt 0.909765 0.059350
vt 0.904726 0.059217
vt 0.885231 0.022610
vt 0.880498 0.057459
vt 0.899209 0.090196
vt 0.848780 0.115150
vt 0.662871 0.308719
vt 0.683568 0.308744
vt 0.896981 0.119445
vt 0.871192 0.084250
vt 0.902823 0.120157
vt 0.854819 0.059242
vt 0.854608 0.143306
vt 0.910684 0.087919
vt 0.909759 0.148710
vt 0.854869 0.188909
vt 0.864327 0.183773
vt 0.485675 0.801416
vt 0.499842 0.796737
vt 0.499842 0.812730
vt 0.837637 0.973655
vt 0.840482 0.974838
vt 0.839837 0.978996
vt 0.984062 0.209292
vt 0.986566 0.210834
vt 0.983162 0.213621
vt 0.840209 0.185467
vt 0.841824 0.178958
vt 0.843354 0.191123
vt 0.932299 0.569618
vt 0.932846 0.561732
vt 0.940887 0.567885
vt 0.139235 0.812844
vt 0.138608 0.826664
vt 0.132726 0.832752
vt 0.142366 0.801349
vt 0.131078 0.808420
vt 0.131414 0.797707
vt 0.140591 0.794941
vt 0.978568 0.124635
vt 0.982684 0.140430
vt 0.977626 0.135703
vt 0.945069 0.557162
vt 0.947876 0.547474
vt 0.951639 0.552667
vt 0.948137 0.541310
vt 0.953476 0.541259
vt 0.491769 0.567957
vt 0.488715 0.580959
vt 0.488616 0.571387
vt 0.988087 0.140510
vt 0.988083 0.132240
vt 0.982831 0.163004
vt 0.975611 0.171987
vt 0.978713 0.162363
vt 0.986892 0.154381
vt 0.160485 0.733670
vt 0.159810 0.729899
vt 0.163751 0.732200
vt 0.125159 0.786345
vt 0.147177 0.791748
vt 0.861085 0.206983
vt 0.867265 0.202871
vt 0.862834 0.218570
vt 0.862055 0.213410
vt 0.866240 0.215436
vt 0.866687 0.211245
vt 0.943678 0.676095
vt 0.943491 0.668355
vt 0.948146 0.676037
vt 0.748220 0.315885
vt 0.744727 0.315885
vt 0.747271 0.311949
vt 0.970401 0.125356
vt 0.966972 0.126142
vt 0.966713 0.115801
vt 0.972520 0.109420
vt 0.983429 0.188984
vt 0.986566 0.189330
vt 0.985476 0.198560
vt 0.985077 0.179090
vt 0.961460 0.120038
vt 0.964367 0.124705
vt 0.980574 0.196298
vt 0.980708 0.185217
vt 0.953097 0.141394
vt 0.954991 0.130435
vt 0.957393 0.139574
vt 0.953891 0.145897
vt 0.942797 0.681423
vt 0.948426 0.681960
vt 0.941413 0.685841
vt 0.937780 0.680247
vt 0.980860 0.210220
vt 0.979949 0.203394
vt 0.985632 0.204545
vt 0.848058 0.190084
vt 0.962074 0.103030
vt 0.896119 0.508091
vt 0.890745 0.512404
vt 0.893115 0.525960
vt 0.886569 0.518272
vt 0.126649 0.821422
vt 0.988087 0.123372
vt 0.974279 0.129191
vt 0.851535 0.196986
vt 0.853104 0.205988
vt 0.848124 0.198395
vt 0.072015 0.981476
vt 0.065888 0.974521
vt 0.072015 0.969582
vt 0.958205 0.587670
vt 0.951704 0.587670
vt 0.953759 0.577724
vt 0.918118 0.555438
vt 0.920948 0.544696
vt 0.926073 0.557147
vt 0.982285 0.474196
vt 0.987087 0.486296
vt 0.977126 0.473360
vt 0.921354 0.538210
vt 0.929958 0.545273
vt 0.921822 0.568398
vt 0.918279 0.567630
vt 0.495469 0.544076
vt 0.499129 0.546798
vt 0.492474 0.553384
vt 0.496537 0.554722
vt 0.488242 0.562542
vt 0.987938 0.150669
vt 0.982477 0.152371
vt 0.165242 0.742207
vt 0.166217 0.752009
vt 0.162287 0.742735
vt 0.950298 0.566618
vt 0.954509 0.566066
vt 0.959457 0.574397
vt 0.971294 0.401890
vt 0.965047 0.407942
vt 0.965549 0.404120
vt 0.161293 0.710253
vt 0.166217 0.715712
vt 0.159808 0.714942
vt 0.693507 0.916578
vt 0.687707 0.924176
vt 0.688191 0.919883
vt 0.885978 0.538911
vt 0.891460 0.545618
vt 0.884904 0.543854
vt 0.502786 0.959145
vt 0.497801 0.966036
vt 0.498674 0.961680
vt 0.965057 0.909501
vt 0.968081 0.916149
vt 0.963440 0.913250
vt 0.942552 0.544987
vt 0.159711 0.720446
vt 0.495564 0.580848
vt 0.492492 0.580226
vt 0.496597 0.568944
vt 0.089391 0.977053
vt 0.087622 0.978549
vt 0.085598 0.974216
vt 0.089391 0.969948
vt 0.085598 0.970125
vt 0.499634 0.543293
vt 0.952614 0.576124
vt 0.957717 0.577724
vt 0.984084 0.106859
vt 0.974108 0.087898
vt 0.685263 0.920595
vt 0.960507 0.414958
vt 0.961748 0.404887
vt 0.960157 0.904051
vt 0.956312 0.914811
vt 0.876069 0.545499
vt 0.879785 0.537393
vt 0.879245 0.545634
vt 0.156204 0.702454
vt 0.154751 0.711974
vt 0.880211 0.520616
vt 0.875703 0.521421
vt 0.969949 0.885929
vt 0.148189 0.964098
vt 0.153959 0.962917
vt 0.153959 0.977897
vt 0.610499 0.805160
vt 0.605738 0.785071
vt 0.610499 0.780318
vt 0.500546 0.671285
vt 0.503886 0.688857
vt 0.499472 0.689777
vt 0.154192 0.720640
vt 0.164026 0.752190
vt 0.157001 0.743580
vt 0.154728 0.734900
vt 0.154295 0.731088
vt 0.843552 0.977013
vt 0.840749 0.971381
vt 0.843552 0.971815
vt 0.857547 0.219392
vt 0.857543 0.211211
vt 0.856005 0.206575
vt 0.856894 0.225597
vt 0.860907 0.225069
vt 0.860372 0.229789
vt 0.955945 0.118715
vt 0.960474 0.127026
vt 0.963091 0.130888
vt 0.959789 0.130816
vt 0.954851 0.126465
vt 0.963276 0.137607
vt 0.964213 0.144553
vt 0.958939 0.145767
vt 0.963052 0.148355
vt 0.931364 0.579452
vt 0.917734 0.574524
vt 0.919497 0.577705
vt 0.928880 0.580995
vt 0.938282 0.674130
vt 0.937774 0.684533
vt 0.936228 0.573544
vt 0.942552 0.562415
vt 0.830191 0.170117
vt 0.830901 0.159889
vt 0.914935 0.537968
vt 0.909464 0.549260
vt 0.909141 0.561137
vt 0.959457 0.533590
vt 0.488562 0.587950
vt 0.495841 0.588960
vt 0.836193 0.356904
vt 0.839962 0.351416
vt 0.839962 0.358560
vt 0.496410 0.592268
vt 0.083458 0.975507
vt 0.082915 0.969582
vt 0.504069 0.544469
vt 0.503670 0.547810
vt 0.941473 0.549345
vt 0.933815 0.533590
vt 0.942552 0.536145
vt 0.898037 0.516146
vt 0.488617 0.592070
vt 0.504069 0.605856
vt 0.164902 0.683532
vt 0.974234 0.433683
vt 0.888693 0.000000
vt 0.890020 0.531148
vt 0.892296 0.002975
vt 0.503886 0.708212
vt 0.157934 0.753042
vt 0.978816 0.172042
vt 0.980835 0.144449
vt 0.164916 0.722340
vt 0.486299 0.574796
vt 0.501288 0.556201
vt 0.965485 0.396615
vt 0.757488 0.333334
vt 0.758274 0.321434
vt 0.764075 0.326916
vt 0.761482 0.312510
vt 0.766412 0.313231
vt 0.978685 0.532824
vt 0.981504 0.547448
vt 0.975628 0.539257
vt 0.961197 0.396348
vt 0.965513 0.369550
vt 0.974234 0.359178
vt 0.969357 0.370158
vt 0.961328 0.380720
vt 0.962472 0.938118
vt 0.961973 0.933939
vt 0.966024 0.936804
vt 0.977743 0.504064
vt 0.981264 0.513852
vt 0.975793 0.514956
vt 0.979436 0.522413
vt 0.973322 0.527410
vt 0.960503 0.384863
vt 0.966493 0.382781
vt 0.967415 0.949261
vt 0.969949 0.960123
vt 0.964345 0.949900
vt 0.762441 0.345360
vt 0.765900 0.337708
vt 0.770121 0.346226
vt 0.966286 0.924942
vt 0.962512 0.923508
vt 0.985079 0.547409
vt 0.983179 0.533546
vt 0.848446 0.978901
vt 0.844820 0.980747
vt 0.843552 0.976816
vt 0.848446 0.972445
vt 0.843815 0.972586
vt 0.981567 0.507159
vt 0.768212 0.355847
vt 0.772242 0.352927
vt 0.956730 0.923296
vt 0.966594 0.960577
vt 0.959677 0.950205
vt 0.956473 0.939061
vt 0.956245 0.934857
vt 0.772242 0.307094
vt 0.358788 0.809461
vt 0.358788 0.815490
vt 0.354778 0.809889
vt 0.985162 0.501520
vt 0.986798 0.507387
vt 0.771285 0.358619
vt 0.981514 0.501640
vt 0.985650 0.514102
vt 0.961034 0.961053
vt 0.970727 0.359012
vt 0.968385 0.394279
vt 0.755884 0.309668
vt 0.984133 0.522711
vt 0.986798 0.553475
vt 0.977115 0.547069
vt 0.499314 0.955265
vt 0.805455 0.332667
vt 0.806175 0.321217
vt 0.811395 0.326434
vt 0.810115 0.313168
vt 0.813495 0.313180
vt 0.497947 0.900102
vt 0.499905 0.913486
vt 0.494540 0.905899
vt 0.495266 0.955402
vt 0.496223 0.964760
vt 0.496512 0.929684
vt 0.502786 0.919447
vt 0.500206 0.929923
vt 0.493417 0.940545
vt 0.891197 0.566789
vt 0.889580 0.562725
vt 0.893861 0.564316
vt 0.496643 0.872937
vt 0.499895 0.882234
vt 0.495274 0.883224
vt 0.498353 0.890402
vt 0.493127 0.895077
vt 0.493127 0.944477
vt 0.498510 0.941968
vt 0.898359 0.575350
vt 0.903116 0.584525
vt 0.895744 0.576643
vt 0.810478 0.343874
vt 0.812909 0.336452
vt 0.817128 0.344312
vt 0.891171 0.553434
vt 0.887431 0.553070
vt 0.503437 0.913907
vt 0.502178 0.900885
vt 0.884971 0.978092
vt 0.881569 0.979614
vt 0.880422 0.976299
vt 0.884971 0.972172
vt 0.880720 0.971834
vt 0.882694 0.969802
vt 0.500297 0.875753
vt 0.815127 0.353469
vt 0.818882 0.350677
vt 0.882138 0.554510
vt 0.900393 0.585716
vt 0.891854 0.578335
vt 0.886164 0.568808
vt 0.884875 0.565090
vt 0.818882 0.307094
vt 0.226715 0.788838
vt 0.226715 0.794576
vt 0.222863 0.789422
vt 0.503339 0.870205
vt 0.504909 0.876070
vt 0.817900 0.356601
vt 0.499468 0.870308
vt 0.503988 0.882552
vt 0.895618 0.587700
vt 0.499564 0.919649
vt 0.500640 0.952607
vt 0.803057 0.310426
vt 0.502857 0.890782
vt 0.504909 0.919447
vt 0.494005 0.912508
vt 0.879456 0.548898
vt 0.690501 0.914133
vt 0.138662 0.850040
vt 0.133946 0.840714
vt 0.139738 0.842858
vt 0.138193 0.833458
vt 0.978084 0.458564
vt 0.979263 0.468316
vt 0.974230 0.460304
vt 0.685230 0.914846
vt 0.687475 0.893859
vt 0.693507 0.885669
vt 0.690730 0.894079
vt 0.685335 0.900953
vt 0.900167 0.557098
vt 0.898638 0.553772
vt 0.902822 0.554316
vt 0.979421 0.435562
vt 0.982048 0.442682
vt 0.976858 0.443762
vt 0.979355 0.452224
vt 0.974839 0.452604
vt 0.684999 0.905073
vt 0.691152 0.903174
vt 0.905562 0.563314
vt 0.909141 0.571650
vt 0.903050 0.564328
vt 0.144567 0.857319
vt 0.142474 0.849068
vt 0.149938 0.855357
vt 0.899796 0.544494
vt 0.896194 0.545162
vt 0.982620 0.468790
vt 0.981965 0.459892
vt 0.906844 0.571012
vt 0.908521 0.574438
vt 0.667784 0.358828
vt 0.664221 0.357557
vt 0.667784 0.353797
vt 0.664145 0.353859
vt 0.665634 0.351647
vt 0.983255 0.437484
vt 0.151472 0.863394
vt 0.154192 0.860361
vt 0.889545 0.541074
vt 0.894146 0.535586
vt 0.891260 0.546522
vt 0.899584 0.565926
vt 0.895523 0.559667
vt 0.894138 0.555777
vt 0.661430 0.358391
vt 0.660680 0.353421
vt 0.154101 0.864368
vt 0.982378 0.433683
vt 0.987087 0.437798
vt 0.985244 0.444116
vt 0.902997 0.573580
vt 0.690539 0.885785
vt 0.905198 0.972944
vt 0.908227 0.970760
vt 0.908227 0.980347
vt 0.691479 0.910880
vt 0.127249 0.832875
vt 0.983252 0.453334
vt 0.974063 0.465963
vt 0.889349 0.537444
vt 0.838064 0.969802
vt 0.956924 0.147884
vt 0.952763 0.134690
vt 0.856921 0.230473
vt 0.946866 0.686696
vt 0.905198 0.978776
vt 0.901340 0.975714
vt 0.905198 0.970760
vt 0.933981 0.666339
vt 0.930364 0.586885
vt 0.948426 0.668495
vt 0.846049 0.969802
vt 0.973527 0.174397
vt 0.976080 0.175822
vt 0.978594 0.193125
vt 0.120092 0.650432
vt 0.909141 0.372142
vt 0.864552 0.648731
vt 0.860802 0.635129
vt 0.864552 0.627068
vt 0.245166 0.704675
vt 0.243899 0.705566
vt 0.243998 0.694962
vt 0.653002 0.585597
vt 0.642565 0.573463
vt 0.653093 0.583187
vt 0.641720 0.575685
vt 0.156963 0.941823
vt 0.161985 0.924818
vt 0.164146 0.938645
vt 0.154192 0.928231
vt 0.841633 0.876292
vt 0.837131 0.865357
vt 0.839441 0.865248
vt 0.245166 0.715639
vt 0.677234 0.589514
vt 0.668962 0.591367
vt 0.668990 0.587994
vt 0.685523 0.582665
vt 0.676307 0.586128
vt 0.683132 0.580752
vt 0.165998 0.950653
vt 0.696338 0.559430
vt 0.698695 0.559772
vt 0.989119 0.870260
vt 0.329531 0.259367
vt 0.308505 0.250553
vt 0.636484 0.565339
vt 0.366809 0.792488
vt 0.366809 0.811445
vt 0.360284 0.802736
vt 0.027355 0.316506
vt 0.031845 0.309498
vt 0.490340 0.273057
vt 0.939971 0.699567
vt 0.939881 0.710675
vt 0.967295 0.708759
vt 0.705140 0.987692
vt 0.694205 0.970588
vt 0.705140 0.962798
vt 0.502079 0.237087
vt 0.503805 0.252570
vt 0.883947 0.947420
vt 0.882395 0.954107
vt 0.504633 0.267103
vt 0.504915 0.272889
vt 0.956326 0.694069
vt 0.967195 0.695541
vt 0.416985 0.916717
vt 0.410851 0.920995
vt 0.367316 0.942980
vt 0.376745 0.961522
vt 0.412235 0.970692
vt 0.402894 0.978966
vt 0.417081 0.969712
vt 0.383103 0.970401
vt 0.403477 0.918394
vt 0.403676 0.916825
vt 0.409488 0.922735
vt 0.171216 0.214189
vt 0.197142 0.213452
vt 0.144475 0.214943
vt 0.126822 0.203937
vt 0.084012 0.219087
vt 0.547235 0.713259
vt 0.547304 0.719222
vt 0.492326 0.106982
vt 0.527196 0.721924
vt 0.194644 0.280725
vt 0.886296 0.929092
vt 0.941094 0.687979
vt 0.875797 0.965760
vt 0.862714 0.969802
vt 0.712043 0.680139
vt 0.712043 0.695693
vt 0.710930 0.681471
vt 0.423499 0.963520
vt 0.910684 0.190009
vt 0.422902 0.951725
vt 0.986101 0.691723
vt 0.983472 0.706703
vt 0.016938 0.330653
vt 0.013402 0.353829
vt 0.000000 0.343821
vt 0.500487 0.229831
vt 0.439180 0.194351
vt 0.773292 0.307094
vt 0.349733 0.252223
vt 0.485675 0.796737
vt 0.478347 0.807893
vt 0.469999 0.802851
vt 0.777479 0.358976
vt 0.510320 0.725181
vt 0.522996 0.866822
vt 0.709540 0.571362
vt 0.342513 0.968538
vt 0.356056 0.951007
vt 0.356056 0.982692
vt 0.358050 0.207293
vt 0.345020 0.221507
vt 0.387570 0.174694
vt 0.400428 0.158542
vt 0.427284 0.125964
vt 0.412521 0.146199
vt 0.475400 0.072510
vt 0.485675 0.813235
vt 0.111043 0.295057
vt 0.197538 0.204663
vt 0.109200 0.274028
vt 0.105256 0.203851
vt 0.501987 0.969423
vt 0.493127 0.981266
vt 0.493560 0.966036
vt 0.502090 0.981266
vt 0.673378 0.669033
vt 0.989815 0.756911
vt 0.236651 0.667513
vt 0.244735 0.652642
vt 0.244735 0.673667
vt 0.568647 0.963011
vt 0.574252 0.981216
vt 0.564051 0.981216
vt 0.127530 0.429681
vt 0.605738 0.715514
vt 0.624782 0.532110
vt 0.636194 0.537965
vt 0.320321 0.225807
vt 0.159699 0.888096
vt 0.165998 0.894462
vt 0.673826 0.525035
vt 0.672629 0.517616
vt 0.682041 0.520113
vt 0.681761 0.527787
vt 0.663350 0.493108
vt 0.656668 0.521379
vt 0.639903 0.503630
vt 0.658588 0.478005
vt 0.651895 0.498835
vt 0.689589 0.498137
vt 0.675512 0.481777
vt 0.675548 0.494835
vt 0.691555 0.530792
vt 0.705381 0.508493
vt 0.712127 0.528046
vt 0.695088 0.487493
vt 0.699824 0.497910
vt 0.280976 0.226819
vt 0.280875 0.217726
vt 0.291986 0.225825
vt 0.288771 0.232952
vt 0.644551 0.528303
vt 0.634907 0.518580
vt 0.214004 0.401810
vt 0.218955 0.368320
vt 0.220476 0.346577
vt 0.215520 0.313260
vt 0.220461 0.324866
vt 0.194329 0.423629
vt 0.348093 0.196618
vt 0.334643 0.211605
vt 0.325194 0.202714
vt 0.363075 0.155933
vt 0.375429 0.165426
vt 0.339589 0.187603
vt 0.375114 0.140910
vt 0.388826 0.150138
vt 0.232543 0.350025
vt 0.634921 0.126453
vt 0.661045 0.139664
vt 0.658488 0.153690
vt 0.630627 0.138366
vt 0.627331 0.508761
vt 0.621055 0.502181
vt 0.612256 0.512525
vt 0.239874 0.378213
vt 0.645216 0.167656
vt 0.661673 0.187577
vt 0.245820 0.365194
vt 0.627394 0.479698
vt 0.345624 0.135491
vt 0.335499 0.150491
vt 0.367082 0.110381
vt 0.357828 0.121674
vt 0.326590 0.118425
vt 0.341720 0.090751
vt 0.689174 0.413139
vt 0.675724 0.411591
vt 0.685676 0.396767
vt 0.992345 0.330002
vt 0.996629 0.343672
vt 0.971539 0.335365
vt 0.282584 0.102945
vt 0.297372 0.093714
vt 0.287515 0.121087
vt 0.988803 0.276082
vt 0.974067 0.274614
vt 0.977032 0.260204
vt 0.986321 0.241239
vt 0.977415 0.289926
vt 0.661447 0.398846
vt 0.674761 0.397168
vt 0.262263 0.104025
vt 0.261637 0.122819
vt 0.246051 0.120096
vt 0.289810 0.167566
vt 0.315738 0.178122
vt 0.291153 0.205788
vt 0.321172 0.133469
vt 0.314519 0.147403
vt 0.996893 0.249276
vt 0.273712 0.123327
vt 0.246119 0.098597
vt 0.235536 0.195366
vt 0.235753 0.204078
vt 0.216762 0.204368
vt 0.697699 0.081196
vt 0.699127 0.046274
vt 0.709812 0.070171
vt 0.722845 0.093146
vt 0.671684 0.072076
vt 0.678112 0.041067
vt 0.732691 0.029443
vt 0.731420 0.036469
vt 0.699712 0.034109
vt 0.219166 0.181634
vt 0.216806 0.195224
vt 0.660191 0.017549
vt 0.655715 0.000000
vt 0.679995 0.007478
vt 0.727496 0.019875
vt 0.753843 0.022150
vt 0.701415 0.014457
vt 0.698562 0.026617
vt 0.676945 0.022912
vt 0.385072 0.056686
vt 0.359699 0.045604
vt 0.372988 0.032353
vt 0.388690 0.013120
vt 0.449939 0.038867
vt 0.426454 0.028949
vt 0.425035 0.009434
vt 0.403688 0.028607
vt 0.399666 0.066445
vt 0.419162 0.043150
vt 0.438001 0.058455
vt 0.417719 0.079542
vt 0.360284 0.762563
vt 0.366149 0.732140
vt 0.366149 0.765589
vt 0.436144 0.096340
vt 0.456755 0.075071
vt 0.464372 0.063566
vt 0.443787 0.046448
vt 0.165799 0.605352
vt 0.154412 0.631613
vt 0.209497 0.263432
vt 0.209574 0.242195
vt 0.228125 0.263898
vt 0.227223 0.242410
vt 0.417481 0.116777
vt 0.401769 0.102113
vt 0.402103 0.136136
vt 0.652230 0.082627
vt 0.664862 0.091683
vt 0.662803 0.112933
vt 0.642996 0.099113
vt 0.708254 0.108110
vt 0.721694 0.113406
vt 0.653206 0.061350
vt 0.689007 0.101184
vt 0.744932 0.137794
vt 0.722378 0.135417
vt 0.362591 0.072993
vt 0.380567 0.085879
vt 0.387322 0.126037
vt 0.749037 0.082533
vt 0.744308 0.110042
vt 0.502763 0.388353
vt 0.503142 0.374206
vt 0.504739 0.379541
vt 0.504739 0.388706
vt 0.953761 0.313407
vt 0.979982 0.303195
vt 0.703334 0.405613
vt 0.692936 0.386177
vt 0.729723 0.927764
vt 0.735030 0.898861
vt 0.753188 0.921973
vt 0.950749 0.345427
vt 0.470236 0.760223
vt 0.469999 0.746302
vt 0.471617 0.747460
vt 0.471639 0.759382
vt 0.290425 0.071006
vt 0.471554 0.741356
vt 0.483527 0.735651
vt 0.484065 0.737555
vt 0.473401 0.742637
vt 0.662376 0.384660
vt 0.674079 0.384688
vt 0.271143 0.089926
vt 0.763816 0.925105
vt 0.764948 0.909714
vt 0.766506 0.910489
vt 0.765203 0.926354
vt 0.988873 0.315973
vt 0.701978 0.691655
vt 0.710930 0.680139
vt 0.707477 0.693990
vt 0.704020 0.682481
vt 0.502968 0.796208
vt 0.493352 0.796737
vt 0.498769 0.790273
vt 0.704550 0.719038
vt 0.710930 0.717082
vt 0.703466 0.706233
vt 0.225348 0.739747
vt 0.238966 0.729308
vt 0.232720 0.739986
vt 0.230418 0.731144
vt 0.234359 0.724496
vt 0.222863 0.770181
vt 0.230363 0.757061
vt 0.232120 0.774141
vt 0.224477 0.755084
vt 0.229377 0.788838
vt 0.238966 0.785896
vt 0.224450 0.778331
vt 0.477973 0.762336
vt 0.477989 0.782551
vt 0.475100 0.775071
vt 0.484442 0.778244
vt 0.478603 0.748463
vt 0.481529 0.788391
vt 0.762647 0.887433
vt 0.755160 0.901825
vt 0.641994 0.408355
vt 0.645214 0.392656
vt 1.000000 0.278212
vt 0.349042 0.681008
vt 0.363004 0.707590
vt 0.353528 0.718301
vt 0.280700 0.182433
vt 0.271595 0.191808
vt 0.264404 0.184643
vt 0.278774 0.150210
vt 0.266746 0.158155
vt 0.258468 0.173772
vt 0.692127 0.464774
vt 0.693124 0.477416
vt 0.675820 0.477157
vt 0.636956 0.455238
vt 0.658296 0.465108
vt 0.366781 0.732140
vt 0.336581 0.694255
vt 0.674424 0.159332
vt 0.680844 0.179118
vt 0.293147 0.136997
vt 0.681577 0.145461
vt 0.700928 0.162485
vt 0.706884 0.934077
vt 0.714767 0.954588
vt 0.694205 0.962798
vt 0.719373 0.154163
vt 0.683884 0.121565
vt 0.312079 0.110694
vt 0.324866 0.103117
vt 0.727187 0.155839
vt 0.755884 0.175289
vt 0.717240 0.168496
vt 0.748934 0.159454
vt 0.658144 0.438811
vt 0.676732 0.438533
vt 0.676949 0.451261
vt 0.247478 0.151113
vt 0.245820 0.136065
vt 0.263161 0.141092
vt 0.250337 0.163357
vt 0.990087 0.215662
vt 1.000000 0.229987
vt 0.972415 0.222627
vt 0.710203 0.891322
vt 0.658203 0.452871
vt 0.642775 0.438014
vt 0.973322 0.566831
vt 0.983540 0.553475
vt 0.983540 0.581336
vt 0.731720 0.947555
vt 0.950749 0.244023
vt 0.974844 0.231995
vt 0.959343 0.253391
vt 0.737646 0.886169
vt 0.706127 0.934047
vt 0.660699 0.199071
vt 0.684590 0.186739
vt 0.667860 0.203202
vt 0.676380 0.424003
vt 0.658225 0.422861
vt 0.972538 0.586986
vt 0.960503 0.573318
vt 0.972538 0.561229
vt 0.645077 0.426561
vt 0.952089 0.271522
vt 0.967951 0.256850
vt 0.691176 0.450995
vt 0.676260 0.464374
vt 0.962730 0.273751
vt 0.689919 0.425874
vt 0.690223 0.439302
vt 0.687442 0.331527
vt 0.689116 0.316416
vt 0.705525 0.326805
vt 0.850077 0.598248
vt 0.860050 0.598969
vt 0.851745 0.627068
vt 0.907796 0.857756
vt 0.924378 0.885929
vt 0.908254 0.880030
vt 0.891180 0.878779
vt 0.929328 0.837852
vt 0.916828 0.843818
vt 0.918135 0.834576
vt 0.845301 0.559208
vt 0.836646 0.575978
vt 0.834685 0.565594
vt 0.864083 0.580037
vt 0.848915 0.573181
vt 0.859390 0.565746
vt 0.652585 0.981185
vt 0.651063 0.991107
vt 0.639554 0.978433
vt 0.930473 0.384458
vt 0.947208 0.395996
vt 0.947681 0.407900
vt 0.930285 0.802739
vt 0.917960 0.447357
vt 0.925028 0.414367
vt 0.927055 0.445895
vt 0.952616 0.447109
vt 0.359163 0.789798
vt 0.360284 0.809461
vt 0.347708 0.790632
vt 0.864998 0.763458
vt 0.855505 0.732112
vt 0.872046 0.761517
vt 0.850977 0.590515
vt 0.835956 0.585315
vt 0.932145 0.880215
vt 0.945338 0.874147
vt 0.945840 0.882399
vt 0.945888 0.359012
vt 0.834397 0.593015
vt 0.928316 0.859944
vt 0.931926 0.853741
vt 0.845624 0.528820
vt 0.826773 0.528780
vt 0.865016 0.525347
vt 0.752089 0.962798
vt 0.752089 0.985564
vt 0.743243 0.974882
vt 0.915215 0.798983
vt 0.917335 0.776523
vt 0.929384 0.779927
vt 0.842500 0.499145
vt 0.856244 0.498164
vt 0.827295 0.499554
vt 0.348971 0.768831
vt 0.905794 0.798925
vt 0.908222 0.779131
vt 0.873180 0.794810
vt 0.713307 0.308719
vt 0.833440 0.624763
vt 0.960503 0.386391
vt 0.652585 0.950336
vt 0.862659 0.590411
vt 0.923067 0.473854
vt 0.877401 0.760404
vt 0.877738 0.789973
vt 0.932145 0.846654
vt 0.925512 0.359869
vt 0.913552 0.378782
vt 0.909141 0.365060
vt 0.099780 0.962917
vt 0.101082 0.986022
vt 0.089724 0.986022
vt 0.865016 0.624998
vt 0.713307 0.343755
vt 0.868870 0.701017
vt 0.849425 0.692189
vt 0.870118 0.687979
vt 0.904544 0.820993
vt 0.886296 0.694441
vt 0.881971 0.725514
vt 0.917536 0.393947
vt 0.968577 0.213621
vt 0.949931 0.213621
vt 0.964451 0.185515
vt 0.870943 0.731023
vt 0.949684 0.475610
vt 0.960503 0.360001
vt 0.840055 0.446917
vt 0.840434 0.436495
vt 0.847603 0.436056
vt 0.943051 0.507085
vt 0.941425 0.533590
vt 0.922741 0.532769
vt 0.922742 0.505162
vt 0.841459 0.465695
vt 0.827947 0.467826
vt 0.869761 0.839428
vt 0.880647 0.819389
vt 0.882033 0.848562
vt 0.858297 0.819423
vt 0.858667 0.850150
vt 0.869888 0.850215
vt 0.900285 0.756671
vt 0.903771 0.728842
vt 0.914905 0.738273
vt 0.924537 0.756373
vt 0.910808 0.753380
vt 0.829796 0.434094
vt 0.849530 0.464827
vt 0.915200 0.726892
vt 0.923779 0.730798
vt 0.867426 0.822518
vt 0.873050 0.821907
vt 0.359366 0.749040
vt 0.358896 0.770887
vt 0.861716 0.792319
vt 0.882274 0.787870
vt 0.848482 0.763391
vt 0.859517 0.763657
vt 0.841969 0.731963
vt 0.346106 0.747451
vt 0.336581 0.766103
vt 0.360284 0.732140
vt 0.752584 0.221291
vt 0.754218 0.248673
vt 0.744727 0.223950
vt 0.754218 0.203202
vt 0.848196 0.692767
vt 0.745545 0.251605
vt 0.749550 0.278398
vt 0.879275 0.868697
vt 0.865855 0.867775
vt 0.886296 0.724594
vt 0.894176 0.739411
vt 0.953737 0.180630
vt 0.954605 0.185515
vt 0.951355 0.182946
vt 0.962331 0.964574
vt 0.964581 0.961053
vt 0.966685 0.965002
vt 0.454696 0.991329
vt 0.460285 0.993642
vt 0.450665 0.996379
vt 0.469925 0.988821
vt 0.463244 0.984688
vt 0.446912 0.962016
vt 0.460266 0.945237
vt 0.458310 0.953351
vt 0.850023 0.421519
vt 0.839830 0.416811
vt 0.846433 0.410706
vt 0.839766 0.426358
vt 0.848509 0.427825
vt 0.962040 0.451093
vt 0.966063 0.461305
vt 0.960503 0.467364
vt 0.607820 0.963011
vt 0.611382 0.966815
vt 0.605360 0.970337
vt 0.487947 0.965776
vt 0.492725 0.964251
vt 0.488840 0.971200
vt 0.965645 0.474661
vt 0.963197 0.470933
vt 0.799749 0.323433
vt 0.795578 0.321744
vt 0.803057 0.310828
vt 0.795192 0.314594
vt 0.797959 0.343809
vt 0.801430 0.344490
vt 0.803057 0.354225
vt 0.796237 0.334430
vt 0.356273 0.890344
vt 0.359524 0.891268
vt 0.356059 0.894185
vt 0.162655 0.960636
vt 0.154192 0.958546
vt 0.160896 0.951770
vt 0.880238 0.886823
vt 0.872204 0.885042
vt 0.881835 0.898390
vt 0.877041 0.896636
vt 0.881124 0.893239
vt 0.875595 0.892669
vt 0.488331 0.993049
vt 0.488853 0.997241
vt 0.480602 0.994662
vt 0.478803 1.000000
vt 0.477213 0.995227
vt 0.483028 0.999846
vt 0.639554 0.976743
vt 0.633070 0.982566
vt 0.637019 0.974140
vt 0.636019 0.991169
vt 0.633085 0.973822
vt 0.636629 0.965330
vt 0.628345 0.976022
vt 0.632222 0.967928
vt 0.884991 0.904333
vt 0.879977 0.905477
vt 0.886296 0.908963
vt 0.963726 0.349154
vt 0.969210 0.346853
vt 0.968646 0.351993
vt 0.957740 0.178136
vt 0.958648 0.183395
vt 0.967061 0.970111
vt 0.962097 0.969666
vt 0.636837 0.957212
vt 0.639554 0.957824
vt 0.633787 0.962442
vt 0.958577 0.969740
vt 0.461915 1.000000
vt 0.627286 0.990567
vt 0.832795 0.418693
vt 0.932145 0.705064
vt 0.928706 0.718995
vt 0.925912 0.711114
vt 0.832672 0.402699
vt 0.839740 0.392604
vt 0.794260 0.307094
vt 0.891656 0.713723
vt 0.888777 0.698699
vt 0.896219 0.693347
vt 0.968584 0.454217
vt 0.971341 0.449990
vt 0.968863 0.433683
vt 0.469139 0.999849
vt 0.468567 0.994417
vt 0.438900 0.982630
vt 0.447745 0.980696
vt 0.438824 0.971211
vt 0.476028 0.967277
vt 0.467612 0.975930
vt 0.467405 0.960304
vt 0.462957 0.955763
vt 0.456977 0.969145
vt 0.481966 0.978132
vt 0.478665 0.981500
vt 0.969500 0.498652
vt 0.966018 0.489183
vt 0.973740 0.496260
vt 0.970342 0.488216
vt 0.961121 0.479757
vt 0.795692 0.330735
vt 0.800027 0.333973
vt 0.362022 0.881013
vt 0.358345 0.881014
vt 0.362124 0.871145
vt 0.365266 0.880888
vt 0.367221 0.871726
vt 0.364121 0.821996
vt 0.358685 0.819250
vt 0.357164 0.815580
vt 0.360128 0.913351
vt 0.358353 0.908947
vt 0.367221 0.906994
vt 0.342513 0.960226
vt 0.339032 0.955588
vt 0.339487 0.951007
vt 0.158621 0.805196
vt 0.156071 0.800610
vt 0.165107 0.797430
vt 0.986091 0.371923
vt 0.982987 0.368699
vt 0.983395 0.363870
vt 0.499589 0.870205
vt 0.497915 0.866577
vt 0.504784 0.863084
vt 0.364600 0.900683
vt 0.357550 0.903524
vt 0.607721 0.975705
vt 0.611382 0.977761
vt 0.360046 0.871321
vt 0.362736 0.867364
vt 0.793602 0.354074
vt 0.800454 0.353272
vt 0.796813 0.358593
vt 0.800768 0.358085
vt 0.974063 0.499790
vt 0.365230 0.868665
vt 0.903936 0.709972
vt 0.336196 0.954566
vt 0.981840 0.892765
vt 0.978104 0.894768
vt 0.975654 0.885929
vt 0.971290 0.894613
vt 0.970419 0.891670
vt 0.980567 0.365529
vt 0.977877 0.359012
vt 0.155068 0.808013
vt 0.974765 0.366774
vt 0.788995 0.318216
vt 0.787676 0.314717
vt 0.924984 0.693029
vt 0.919842 0.708163
vt 0.914989 0.707781
vt 0.241579 0.529339
vt 0.245392 0.525187
vt 0.245392 0.551334
vt 0.909311 0.709315
vt 0.908856 0.690471
vt 0.913796 0.688729
vt 0.920014 0.691976
vt 0.789582 0.323033
vt 0.790101 0.331309
vt 0.792038 0.344422
vt 0.790265 0.334994
vt 0.638653 0.953429
vt 0.632861 0.953203
vt 0.633589 0.950336
vt 0.157711 0.977200
vt 0.165408 0.978575
vt 0.166275 0.990849
vt 0.885352 0.868327
vt 0.885189 0.857411
vt 0.884404 0.875677
vt 0.971316 0.358936
vt 0.972707 0.355389
vt 0.883833 0.890375
vt 0.883678 0.885671
vt 0.972643 0.349259
vt 0.972707 0.345427
vt 0.611237 0.857608
vt 0.611237 0.870985
vt 0.605738 0.859044
vt 0.628345 0.969633
vt 0.628839 0.966094
vt 0.874468 0.898174
vt 0.872579 0.894628
vt 0.630175 0.957474
vt 0.625742 0.963701
vt 0.950259 0.179439
vt 0.484130 0.985839
vt 0.484814 0.988956
vt 0.956245 0.983575
vt 0.965767 0.984783
vt 0.967061 0.987936
vt 0.966070 0.975385
vt 0.960706 0.975750
vt 0.166275 0.950653
vt 0.470165 0.949951
vt 0.481060 0.956234
vt 0.487737 0.981522
vt 0.492999 0.977025
vt 0.490870 0.974898
vt 0.707375 0.880411
vt 0.702166 0.866025
vt 0.707375 0.861486
vt 0.669612 0.355298
vt 0.674640 0.352376
vt 0.671447 0.357476
vt 0.667784 0.358944
vt 0.671556 0.351647
vt 0.674640 0.358501
vt 0.901523 0.687979
vt 0.930465 0.697797
vt 0.165662 0.824240
vt 0.364597 0.894617
vt 0.701865 0.801668
vt 0.706349 0.787929
vt 0.707033 0.802004
vt 0.707029 0.779133
vt 0.702501 0.778706
vt 0.707033 0.775915
vt 0.700655 0.788328
vt 0.863329 0.979529
vt 0.857981 0.979529
vt 0.861086 0.969802
vt 0.968721 0.462441
vt 0.974063 0.453985
vt 0.357575 0.826771
vt 0.857981 0.980555
vt 0.853106 0.976223
vt 0.857981 0.969802
vt 0.827662 0.357042
vt 0.832000 0.351416
vt 0.832000 0.358848
vt 0.362713 0.835811
vt 0.360441 0.829332
vt 0.367221 0.821556
vt 0.980378 0.903480
vt 0.976838 0.902398
vt 0.980803 0.896750
vt 0.976344 0.928675
vt 0.980111 0.929134
vt 0.981840 0.941053
vt 0.975960 0.916559
vt 0.493242 0.842026
vt 0.496915 0.843047
vt 0.493127 0.846227
vt 0.362370 0.864925
vt 0.358886 0.853499
vt 0.365871 0.855217
vt 0.363107 0.846280
vt 0.356312 0.840781
vt 0.975786 0.912485
vt 0.980389 0.916273
vt 0.499316 0.830332
vt 0.496307 0.829934
vt 0.503406 0.819076
vt 0.865008 0.683251
vt 0.860802 0.677708
vt 0.865008 0.670244
vt 0.502278 0.837194
vt 0.504784 0.828088
vt 0.499692 0.854704
vt 0.495450 0.856494
vt 0.988660 0.784873
vt 0.989171 0.796648
vt 0.984839 0.784235
vt 0.499393 0.818953
vt 0.503244 0.815580
vt 0.972465 0.940496
vt 0.978617 0.940224
vt 0.975372 0.944812
vt 0.979364 0.944345
vt 0.367221 0.862215
vt 0.989171 0.825339
vt 0.985727 0.823596
vt 0.986478 0.816613
vt 0.970926 0.903505
vt 0.970173 0.912624
vt 0.971510 0.929106
vt 0.969949 0.916674
vt 0.481315 0.960693
vt 0.484062 0.963684
vt 0.985343 0.828356
vt 0.979598 0.823083
vt 0.856647 0.351416
vt 0.856647 0.358499
vt 0.853870 0.355275
vt 0.089681 0.968435
vt 0.084432 0.963449
vt 0.089681 0.957492
vt 0.983233 0.806886
vt 0.983853 0.796710
vt 0.088982 0.928793
vt 0.088982 0.942953
vt 0.084432 0.934075
vt 0.981679 0.816138
vt 0.988531 0.807321
vt 0.493127 0.961281
vt 0.983612 0.374912
vt 0.356059 0.939847
vt 0.361105 0.943524
vt 0.357411 0.950011
vt 0.476598 0.944362
vt 0.471935 0.953724
vt 0.975877 0.964728
vt 0.971798 0.959537
vt 0.977407 0.951326
vt 0.980119 0.374196
vt 0.980820 0.399214
vt 0.984376 0.399350
vt 0.986091 0.410001
vt 0.979492 0.387743
vt 0.154569 0.776869
vt 0.158065 0.778698
vt 0.154192 0.781187
vt 0.979146 0.991807
vt 0.975116 0.981765
vt 0.981237 0.982141
vt 0.977394 0.974223
vt 0.970778 0.970350
vt 0.979191 0.383953
vt 0.983750 0.387174
vt 0.161595 0.766931
vt 0.158361 0.766245
vt 0.165561 0.756925
vt 0.357448 0.927621
vt 0.360483 0.933684
vt 0.361792 0.924834
vt 0.159851 0.789891
vt 0.155666 0.791069
vt 0.363423 0.954818
vt 0.366964 0.954729
vt 0.161859 0.756364
vt 0.165662 0.753042
vt 0.977579 0.409995
vt 0.983082 0.409446
vt 0.980624 0.414120
vt 0.984690 0.413351
vt 0.983362 0.988541
vt 0.358217 0.916895
vt 0.361636 0.918240
vt 0.974768 0.375548
vt 0.974311 0.384299
vt 0.976295 0.399594
vt 0.974234 0.388495
vt 0.474967 0.956192
vt 0.361266 0.913351
vt 0.366964 0.918119
vt 0.981844 0.993931
vt 0.880422 0.979850
vt 0.875707 0.975284
vt 0.880422 0.969802
vt 0.365432 0.933582
vt 0.365950 0.942952
vt 0.969949 0.957105
vt 0.971792 0.953206
vt 0.366167 0.924808
vt 0.983362 0.944812
vt 0.611511 0.955604
vt 0.616551 0.958847
vt 0.614336 0.961178
vt 0.109746 0.981360
vt 0.113924 0.985350
vt 0.110993 0.990909
vt 0.840371 0.384611
vt 0.843695 0.390190
vt 0.619072 0.965951
vt 0.615407 0.964401
vt 0.621650 0.956265
vt 0.340503 0.961670
vt 0.336338 0.959859
vt 0.337566 0.980317
vt 0.340815 0.980452
vt 0.342513 0.989206
vt 0.336761 0.972726
vt 0.841813 0.371101
vt 0.844818 0.375366
vt 0.839652 0.373969
vt 0.620647 0.988823
vt 0.616947 0.980700
vt 0.624074 0.981660
vt 0.619665 0.972170
vt 0.615636 0.972022
vt 0.336461 0.968809
vt 0.341405 0.971878
vt 0.850104 0.367616
vt 0.847597 0.365608
vt 0.856704 0.361181
vt 0.110014 0.972258
vt 0.112456 0.979203
vt 0.847720 0.375167
vt 0.854635 0.368275
vt 0.835909 0.382113
vt 0.085406 0.951819
vt 0.084432 0.944013
vt 0.088820 0.950844
vt 0.853748 0.360728
vt 0.858130 0.359012
vt 0.335138 0.988709
vt 0.339682 0.988716
vt 0.337705 0.992810
vt 0.341087 0.992184
vt 0.625742 0.986813
vt 0.859024 0.363426
vt 0.832811 0.391634
vt 0.831084 0.385528
vt 0.332024 0.961534
vt 0.331891 0.969665
vt 0.333902 0.980915
vt 0.331894 0.973210
vt 0.836193 0.351416
vt 0.836193 0.357928
vt 0.832000 0.354297
vt 0.087598 0.957492
vt 0.685755 0.353712
vt 0.680261 0.357378
vt 0.681661 0.352526
vt 0.685600 0.351647
vt 0.623009 0.990528
vt 0.118027 0.963102
vt 0.113489 0.969475
vt 0.113051 0.962917
vt 0.116765 0.978915
vt 0.118027 0.984923
vt 0.844751 0.380928
vt 0.117886 0.968491
vt 0.088820 0.942952
vt 0.625742 0.950336
vt 0.829763 0.388910
vt 0.335368 0.951571
vt 0.829114 0.410907
vt 0.952675 0.176505
vt 0.885166 0.911841
vt 0.881752 0.911711
vt 0.637283 0.950688
vt 0.949931 0.185515
vt 0.639132 0.961101
vt 0.956695 0.976699
vt 0.964485 0.353447
vt 0.885492 0.898515
vt 0.685266 0.357378
vt 0.853870 0.351416
vt 0.853870 0.358232
vt 0.850778 0.355001
vt 0.365229 0.867364
vt 0.971995 0.501520
vt 0.829464 0.395697
vt 0.610596 0.852395
vt 0.929313 0.692900
vt 0.851231 0.583806
vt 0.945840 0.866448
vt 0.754218 0.234513
vt 0.755723 0.225531
vt 0.755723 0.234877
vt 0.657250 0.527660
vt 0.657020 0.529639
vt 0.645256 0.536768
vt 0.644719 0.534785
vt 0.361126 0.765589
vt 0.366729 0.765643
vt 0.366567 0.780851
vt 0.360284 0.780539
vt 0.841633 0.854742
vt 0.712070 0.705023
vt 0.710930 0.703689
vt 0.712070 0.695693
vt 0.673400 0.527847
vt 0.688985 0.535445
vt 0.686364 0.536678
vt 0.680380 0.530574
vt 0.638060 0.543847
vt 0.366728 0.790957
vt 0.360637 0.792488
vt 0.757069 0.944406
vt 0.658706 0.373623
vt 0.662462 0.359229
vt 0.673253 0.359012
vt 0.950855 0.301500
vt 0.960132 0.297071
vt 0.270450 0.076616
vt 0.249667 0.086136
vt 0.246305 0.073655
vt 0.287588 0.059411
vt 0.298058 0.054823
vt 0.574252 0.970081
vt 0.582460 0.963011
vt 0.582460 0.985323
vt 0.764827 0.931490
vt 0.269650 0.062712
vt 0.275811 0.062682
vt 0.691244 0.374226
vt 0.693882 0.360694
vt 0.703079 0.364690
vt 0.766248 0.903186
vt 0.502968 0.744619
vt 0.491487 0.737179
vt 0.492022 0.735719
vt 0.245219 0.674132
vt 0.245219 0.694962
vt 0.243899 0.689226
vt 0.109229 0.835666
vt 0.105830 0.846010
vt 0.104203 0.845519
vt 0.504210 0.421486
vt 0.504210 0.441116
vt 0.502763 0.435444
vt 0.609994 0.827301
vt 0.607185 0.838991
vt 0.605738 0.838455
vt 0.245746 0.652642
vt 0.245746 0.671067
vt 0.244735 0.661602
vt 0.477173 0.783591
vt 0.473362 0.775767
vt 0.769018 0.897540
vt 0.767676 0.904147
vt 0.215993 0.214215
vt 0.663711 0.037087
vt 0.645045 0.030094
vt 0.679182 0.030250
vt 0.659792 0.026144
vt 0.728324 0.050676
vt 0.727788 0.074974
vt 0.755884 0.030162
vt 0.754857 0.035914
vt 0.411014 0.013161
vt 0.225341 0.282423
vt 0.240808 0.317809
vt 0.769018 0.946901
vt 0.712127 0.385280
vt 0.254176 0.060985
vt 0.609994 0.852395
vt 0.607345 0.848564
vt 0.245756 0.738705
vt 0.244421 0.732806
vt 0.245756 0.724496
vt 0.700655 0.690466
vt 0.109229 0.855563
vt 0.504561 0.368878
vt 0.766379 0.936064
vt 0.673703 0.373337
vt 0.978142 0.289926
vt 0.996629 0.305776
vt 0.716614 0.962798
vt 0.716614 0.985937
vt 0.705140 0.983005
vt 0.768970 0.896241
vt 0.310149 0.216860
vt 0.281533 0.198379
vt 0.414877 0.008616
vt 0.711653 0.542544
vt 0.634466 0.075941
vt 0.632282 0.160028
vt 0.959927 0.686902
vt 0.948426 0.686763
vt 0.959927 0.666339
vt 0.658881 0.410954
vt 0.365953 0.660808
vt 0.355419 0.650472
vt 0.366781 0.645286
vt 0.366511 0.672892
vt 0.611511 0.480431
vt 0.616846 0.473147
vt 0.234028 0.214994
vt 0.750242 0.050610
vt 0.396907 0.000000
vt 0.795225 0.454678
vt 0.790510 0.440078
vt 0.803210 0.444648
vt 0.788939 0.410229
vt 0.785966 0.441044
vt 0.786428 0.410721
vt 0.581480 0.442107
vt 0.598791 0.438518
vt 0.581032 0.449448
vt 0.560647 0.412640
vt 0.574493 0.410815
vt 0.555925 0.451597
vt 0.593999 0.408436
vt 0.432783 0.545246
vt 0.456761 0.543706
vt 0.452334 0.571718
vt 0.464205 0.576792
vt 0.409293 0.564100
vt 0.435452 0.576246
vt 0.413680 0.577001
vt 0.803299 0.410032
vt 0.813796 0.410955
vt 0.815321 0.457593
vt 0.589179 0.495692
vt 0.583409 0.520584
vt 0.574529 0.492381
vt 0.539238 0.437842
vt 0.547654 0.446442
vt 0.533096 0.497955
vt 0.414697 0.488962
vt 0.433893 0.509402
vt 0.421534 0.515721
vt 0.811279 0.495962
vt 0.813190 0.524009
vt 0.793718 0.520842
vt 0.760782 0.655846
vt 0.764364 0.644855
vt 0.769018 0.658744
vt 0.563899 0.462049
vt 0.552637 0.479279
vt 0.582156 0.470957
vt 0.584241 0.459263
vt 0.598693 0.473537
vt 0.595845 0.481842
vt 0.785373 0.473649
vt 0.813426 0.469759
vt 0.786558 0.482040
vt 0.742400 0.646077
vt 0.728833 0.641515
vt 0.742948 0.582708
vt 0.720586 0.577965
vt 0.758924 0.581836
vt 0.394390 0.503076
vt 0.560983 0.514995
vt 0.741745 0.659617
vt 0.745034 0.661872
vt 0.578595 0.478686
vt 0.570847 0.517453
vt 0.826773 0.491759
vt 0.454508 0.531903
vt 0.455888 0.538818
vt 0.439921 0.478556
vt 0.789135 0.496054
vt 0.541222 0.503137
vt 0.549351 0.485942
vt 0.545786 0.506048
vt 0.384680 0.479447
vt 0.568523 0.456571
vt 0.601882 0.441679
vt 0.600444 0.462016
vt 0.814280 0.462657
vt 0.784986 0.461926
vt 0.744727 0.305099
vt 0.755807 0.278398
vt 0.755807 0.311949
vt 0.529068 0.520476
vt 0.761232 0.557930
vt 0.822877 0.423199
vt 0.490941 0.316391
vt 0.504522 0.290241
vt 0.504850 0.311975
vt 0.779154 0.439259
vt 0.604333 0.409518
vt 0.779597 0.410447
vt 0.774035 0.452413
vt 0.753527 0.654897
vt 0.721926 0.662225
vt 0.772182 0.410749
vt 0.356059 0.988762
vt 0.365942 0.954818
vt 0.365942 0.994057
vt 0.700655 0.753344
vt 0.706523 0.719038
vt 0.704089 0.747187
vt 0.706523 0.775915
vt 0.486299 0.317864
vt 0.495134 0.282728
vt 0.745278 0.565479
vt 0.719985 0.556533
vt 0.525883 0.519042
vt 0.522224 0.518186
vt 0.794756 0.109841
vt 0.810478 0.102848
vt 0.816647 0.121170
vt 0.601864 0.302327
vt 0.573146 0.305740
vt 0.583865 0.290472
vt 0.801733 0.082038
vt 0.799983 0.088973
vt 0.783821 0.074537
vt 0.203107 0.628043
vt 0.199508 0.652287
vt 0.179445 0.640958
vt 0.619759 0.135199
vt 0.597358 0.140635
vt 0.603059 0.076774
vt 0.348734 0.384219
vt 0.356937 0.373421
vt 0.354764 0.393863
vt 0.795671 0.131198
vt 0.778618 0.130775
vt 0.795157 0.117380
vt 0.775779 0.108251
vt 0.795516 0.098234
vt 0.333136 0.346826
vt 0.330077 0.382626
vt 0.320653 0.351031
vt 0.328669 0.395053
vt 0.348832 0.413263
vt 0.321275 0.421837
vt 0.798307 0.047727
vt 0.813954 0.052413
vt 0.352266 0.405205
vt 0.614443 0.058120
vt 0.613479 0.071320
vt 0.776999 0.075651
vt 0.345402 0.336585
vt 0.357532 0.337579
vt 0.303669 0.378397
vt 0.777480 0.045227
vt 0.765503 0.002249
vt 0.786986 0.046405
vt 0.590509 0.086430
vt 0.578919 0.055081
vt 0.776374 0.116662
vt 0.583243 0.127270
vt 0.577765 0.092844
vt 0.585780 0.146686
vt 0.579277 0.150085
vt 0.173684 0.669325
vt 0.189938 0.716085
vt 0.329710 0.387856
vt 0.961576 0.666942
vt 0.970574 0.666339
vt 0.965173 0.678576
vt 0.313785 0.448861
vt 0.288228 0.436519
vt 0.304173 0.414982
vt 0.169440 0.699645
vt 0.168909 0.731420
vt 0.203211 0.725320
vt 0.193414 0.726893
vt 0.219225 0.752953
vt 0.215136 0.752987
vt 0.211874 0.731783
vt 0.216068 0.729258
vt 0.213529 0.715858
vt 0.776064 0.096538
vt 0.794664 0.156549
vt 0.777531 0.155393
vt 0.572637 0.054561
vt 0.216808 0.652096
vt 0.755884 0.042613
vt 0.767979 0.044075
vt 0.761693 0.077691
vt 0.556373 0.080742
vt 0.558922 0.052084
vt 0.817653 0.092946
vt 0.327326 0.644295
vt 0.345541 0.640982
vt 0.344908 0.644436
vt 0.770951 0.044847
vt 0.332118 0.450039
vt 0.327524 0.641174
vt 0.531730 0.356783
vt 0.552190 0.354691
vt 0.553795 0.357983
vt 0.970574 0.687005
vt 0.341499 0.426768
vt 0.770729 0.074118
vt 0.346847 0.372091
vt 0.296213 0.979287
vt 0.289541 0.969035
vt 0.296213 0.968330
vt 0.798922 0.301773
vt 0.798381 0.289771
vt 0.808724 0.291708
vt 0.531216 0.354422
vt 0.292059 0.407889
vt 0.306915 0.346995
vt 0.775712 0.004494
vt 0.769541 0.088518
vt 0.808118 0.157457
vt 0.579063 0.120928
vt 0.571213 0.102181
vt 0.352117 0.284253
vt 0.358690 0.315660
vt 0.347813 0.318310
vt 0.184573 0.730342
vt 0.127729 0.985600
vt 0.118027 0.974385
vt 0.127729 0.962917
vt 0.594755 0.165491
vt 0.821333 0.150062
vt 0.789682 0.289548
vt 0.597738 0.056640
vt 0.290777 0.582652
vt 0.306171 0.537324
vt 0.310905 0.538306
vt 0.209546 0.540201
vt 0.199099 0.491899
vt 0.206693 0.491666
vt 0.817899 0.199103
vt 0.802737 0.201892
vt 0.323978 0.495542
vt 0.576281 0.198741
vt 0.600000 0.247507
vt 0.584963 0.246698
vt 0.312757 0.493759
vt 0.292354 0.489698
vt 0.318550 0.495043
vt 0.606198 0.177146
vt 0.630627 0.184806
vt 0.608126 0.194936
vt 0.623863 0.294660
vt 0.619975 0.313617
vt 0.615096 0.294669
vt 0.813884 0.247444
vt 0.801865 0.246730
vt 0.512432 0.351238
vt 0.513060 0.353668
vt 0.959927 0.683029
vt 0.594468 0.216972
vt 0.591779 0.185395
vt 0.187837 0.491746
vt 0.193081 0.479699
vt 0.609097 0.247196
vt 0.303169 0.582063
vt 0.626143 0.152874
vt 0.603180 0.162945
vt 0.338142 0.317340
vt 0.322171 0.317257
vt 0.616470 0.247550
vt 0.626914 0.246428
vt 0.178507 0.577578
vt 0.195921 0.541168
vt 0.195347 0.590192
vt 0.606462 0.215288
vt 0.181549 0.605108
vt 0.203190 0.612142
vt 0.265866 0.533018
vt 0.266828 0.497190
vt 0.300679 0.535780
vt 0.286553 0.533738
vt 0.241794 0.702456
vt 0.239192 0.693283
vt 0.241951 0.693324
vt 0.610733 0.210059
vt 0.625243 0.308198
vt 0.221255 0.618473
vt 0.219600 0.634602
vt 0.599252 0.182776
vt 0.201289 0.479031
vt 0.209963 0.589656
vt 0.613653 0.317873
vt 0.606910 0.320306
vt 0.306363 0.593761
vt 0.293926 0.598857
vt 0.283928 0.582980
vt 0.272984 0.591322
vt 0.782801 0.301853
vt 0.629947 0.169100
vt 0.278361 0.582603
vt 0.264432 0.583790
vt 0.267812 0.481463
vt 0.222863 0.787994
vt 0.308443 0.319922
vt 0.324785 0.282728
vt 0.794997 0.246305
vt 0.781936 0.201377
vt 0.794834 0.201774
vt 0.239064 0.702981
vt 0.209455 0.478288
vt 0.629269 0.197036
vt 0.182598 0.542101
vt 0.222682 0.602831
vt 0.222863 0.590580
vt 0.178603 0.593467
vt 0.783845 0.245564
vt 0.808149 0.307094
vt 0.598949 0.163838
vt 0.269631 0.470448
vt 0.292867 0.641685
vt 0.308355 0.645286
vt 0.292697 0.645058
vt 0.308620 0.641872
vt 0.746503 0.549519
vt 0.720722 0.542579
vt 0.522925 0.537154
vt 0.514539 0.549347
vt 0.517422 0.531729
vt 0.744048 0.521783
vt 0.725713 0.509256
vt 0.736226 0.470492
vt 0.750103 0.470645
vt 0.512181 0.652710
vt 0.512376 0.605316
vt 0.518880 0.604916
vt 0.723709 0.470340
vt 0.725830 0.415115
vt 0.738301 0.422525
vt 0.823477 0.567504
vt 0.818043 0.610977
vt 0.805504 0.610714
vt 0.804641 0.568016
vt 0.396643 0.391873
vt 0.417141 0.392436
vt 0.424882 0.434774
vt 0.400874 0.441153
vt 0.400251 0.425633
vt 0.400044 0.453144
vt 0.755522 0.421774
vt 0.762247 0.470767
vt 0.748375 0.422007
vt 0.758624 0.520097
vt 0.745556 0.534007
vt 0.522885 0.603405
vt 0.536614 0.602708
vt 0.535927 0.646583
vt 0.517457 0.657614
vt 0.546762 0.646569
vt 0.549408 0.604088
vt 0.565273 0.561143
vt 0.555582 0.605120
vt 0.559585 0.559284
vt 0.783888 0.610100
vt 0.780217 0.565549
vt 0.793326 0.610407
vt 0.803269 0.657719
vt 0.798407 0.610529
vt 0.789299 0.653791
vt 0.722143 0.524724
vt 0.383334 0.440508
vt 0.383291 0.393048
vt 0.380821 0.463617
vt 0.544427 0.553852
vt 0.535993 0.525738
vt 0.796588 0.567229
vt 0.790559 0.566346
vt 0.769018 0.519700
vt 0.763290 0.542095
vt 0.715727 0.501673
vt 0.725353 0.503414
vt 0.712128 0.533678
vt 0.732354 0.470441
vt 0.809299 0.659224
vt 0.391881 0.343844
vt 0.408117 0.344777
vt 0.525312 0.571169
vt 0.528291 0.539240
vt 0.379727 0.345659
vt 0.814026 0.659695
vt 0.518335 0.571111
vt 0.513133 0.565170
vt 0.781165 0.653174
vt 0.473531 0.921302
vt 0.476596 0.905090
vt 0.475629 0.921389
vt 0.474797 0.935978
vt 0.477997 0.876602
vt 0.474489 0.876319
vt 0.477446 0.844967
vt 0.472282 0.904742
vt 0.484904 0.821394
vt 0.480744 0.845232
vt 0.106308 0.485341
vt 0.086315 0.467389
vt 0.103738 0.466755
vt 0.088529 0.498053
vt 0.061608 0.518326
vt 0.056166 0.495662
vt 0.076241 0.506677
vt 0.077314 0.520391
vt 0.839607 0.328756
vt 0.821333 0.328025
vt 0.845173 0.286732
vt 0.258375 0.798595
vt 0.286767 0.825365
vt 0.266245 0.831176
vt 0.054578 0.467487
vt 0.207264 0.122612
vt 0.193875 0.120317
vt 0.194500 0.109869
vt 0.207567 0.113796
vt 0.204668 0.132776
vt 0.223689 0.146810
vt 0.192866 0.157534
vt 0.220303 0.159626
vt 0.133074 0.582392
vt 0.113829 0.571360
vt 0.124964 0.561023
vt 0.104070 0.587746
vt 0.128552 0.605352
vt 0.099989 0.603518
vt 0.101679 0.566941
vt 0.119238 0.586584
vt 0.725988 0.990134
vt 0.716614 0.980132
vt 0.725988 0.962798
vt 0.453909 0.941200
vt 0.245820 0.000598
vt 0.245368 0.028598
vt 0.232269 0.026616
vt 0.220576 0.028579
vt 0.234481 0.000054
vt 0.283359 0.797562
vt 0.308895 0.793320
vt 0.305341 0.822039
vt 0.089350 0.449415
vt 0.056735 0.448751
vt 0.059205 0.429681
vt 0.922110 0.049075
vt 0.910684 0.082249
vt 0.920293 0.048639
vt 0.225163 0.493169
vt 0.222863 0.458164
vt 0.223860 0.458937
vt 0.227051 0.493498
vt 0.218688 0.160839
vt 0.192297 0.159798
vt 0.222863 0.644656
vt 0.223005 0.622310
vt 0.225486 0.621962
vt 0.225296 0.645012
vt 0.275318 0.667568
vt 0.257108 0.668955
vt 0.256834 0.666730
vt 0.273566 0.665334
vt 0.733862 0.878063
vt 0.734542 0.875378
vt 0.769018 0.885440
vt 0.767166 0.886169
vt 0.713155 0.842734
vt 0.720488 0.859670
vt 0.708871 0.839277
vt 0.710024 0.802368
vt 0.091814 0.430356
vt 0.116159 0.432429
vt 0.107170 0.450583
vt 0.146563 0.451524
vt 0.120166 0.466195
vt 0.120231 0.451036
vt 0.138332 0.434702
vt 0.151587 0.437526
vt 0.158295 0.451255
vt 0.246435 0.683673
vt 0.263757 0.688317
vt 0.165113 0.439386
vt 0.123275 0.476984
vt 0.305437 0.665596
vt 0.333810 0.668062
vt 0.333832 0.680024
vt 0.161393 0.480507
vt 0.149814 0.497807
vt 0.149400 0.481251
vt 0.147632 0.464696
vt 0.159092 0.463042
vt 0.882642 0.251783
vt 0.845271 0.269312
vt 0.845493 0.252368
vt 0.867759 0.981142
vt 0.863329 0.979500
vt 0.867759 0.969802
vt 0.480303 0.816915
vt 0.486913 0.815580
vt 0.479808 0.822774
vt 0.309325 0.679514
vt 0.265746 0.699575
vt 0.300864 0.755627
vt 0.272952 0.739932
vt 0.283548 0.682383
vt 0.325195 0.752813
vt 0.248418 0.694888
vt 0.249263 0.711584
vt 0.868947 0.307305
vt 0.856821 0.330746
vt 0.888344 0.307386
vt 0.890241 0.340589
vt 0.871422 0.335107
vt 0.106285 0.495217
vt 0.124490 0.507136
vt 0.107690 0.514271
vt 0.131863 0.521234
vt 0.155170 0.516178
vt 0.139070 0.541093
vt 0.145253 0.561927
vt 0.117520 0.548482
vt 0.161248 0.541123
vt 0.254445 0.784238
vt 0.251313 0.771325
vt 0.279451 0.767310
vt 0.091876 0.517087
vt 0.124346 0.486833
vt 0.823095 0.350240
vt 0.839153 0.349445
vt 0.281198 0.782383
vt 0.330114 0.792891
vt 0.325629 0.821102
vt 0.200799 0.100129
vt 0.194419 0.100098
vt 0.200733 0.093418
vt 0.149670 0.579967
vt 0.093660 0.552127
vt 0.107782 0.549713
vt 0.164714 0.555348
vt 0.166426 0.570787
vt 0.166628 0.604910
vt 0.802144 0.982401
vt 0.806522 0.959164
vt 0.817805 0.982401
vt 0.859170 0.346151
vt 0.872710 0.346562
vt 0.236651 0.674132
vt 0.235020 0.673128
vt 0.287015 0.645286
vt 0.308848 0.646534
vt 0.305410 0.664595
vt 0.236651 0.597246
vt 0.257607 0.648119
vt 0.259421 0.646655
vt 0.486299 0.627386
vt 0.501502 0.605856
vt 0.501502 0.639298
vt 0.721691 0.248803
vt 0.723083 0.225395
vt 0.743440 0.227210
vt 0.742117 0.251753
vt 0.722263 0.282922
vt 0.743137 0.284266
vt 0.320036 0.976431
vt 0.301109 0.976431
vt 0.306600 0.951007
vt 0.914395 0.106528
vt 0.916074 0.106638
vt 0.926477 0.127333
vt 0.924936 0.128006
vt 0.332952 0.667319
vt 0.333440 0.647559
vt 0.220785 0.180321
vt 0.193641 0.178815
vt 0.237313 0.429681
vt 0.912987 0.082291
vt 0.163645 0.436796
vt 0.952763 0.150909
vt 0.937747 0.140441
vt 0.725601 0.203202
vt 0.744727 0.205609
vt 0.894584 0.230473
vt 0.179994 0.028756
vt 0.196599 0.028658
vt 0.191968 0.078071
vt 0.194209 0.094627
vt 0.191605 0.083852
vt 0.184850 0.005623
vt 0.203547 0.002554
vt 0.232448 0.054186
vt 0.224455 0.132894
vt 0.219373 0.046386
vt 0.196598 0.083864
vt 0.209984 0.031578
vt 0.823165 0.289998
vt 0.336581 0.769372
vt 0.324294 0.768107
vt 0.221689 0.001441
vt 0.306806 0.769450
vt 0.244858 0.429681
vt 0.244858 0.523124
vt 0.237313 0.505919
vt 0.336581 0.693234
vt 0.245820 0.748681
vt 0.860802 0.655020
vt 0.863582 0.648731
vt 0.863582 0.670244
vt 0.822329 0.272413
vt 0.451120 0.913946
vt 0.451120 0.942365
vt 0.437816 0.920465
vt 0.884112 0.281109
vt 0.823577 0.256255
vt 0.194667 0.131369
vt 0.733732 0.993317
vt 0.725988 0.969354
vt 0.733732 0.962798
vt 0.090068 0.529694
vt 0.098654 0.528251
vt 0.112912 0.525842
vt 0.451450 0.931421
vt 0.708176 0.343755
vt 0.710872 0.357383
vt 0.700850 0.357383
vt 0.894584 0.351416
vt 0.152858 0.604765
vt 0.237313 0.525187
vt 0.796830 0.368556
vt 0.787877 0.368615
vt 0.556805 0.359012
vt 0.576680 0.359019
vt 0.596119 0.367244
vt 0.438163 0.602161
vt 0.456475 0.638425
vt 0.435835 0.637569
vt 0.817026 0.393302
vt 0.411658 0.637487
vt 0.806758 0.388383
vt 0.825335 0.393826
vt 0.820380 0.359314
vt 0.826773 0.359012
vt 0.796125 0.390066
vt 0.245664 0.652642
vt 0.236651 0.650659
vt 0.245664 0.597246
vt 0.412595 0.600960
vt 0.395831 0.639777
vt 0.400237 0.602036
vt 0.745786 0.683264
vt 0.504850 0.368878
vt 0.801459 0.367378
vt 0.769018 0.370189
vt 0.777940 0.369857
vt 0.469798 0.605516
vt 0.475123 0.639777
vt 0.454803 0.604255
vt 0.742828 0.683489
vt 0.764510 0.720776
vt 0.761505 0.682391
vt 0.611511 0.369405
vt 0.726375 0.718530
vt 0.713049 0.718389
vt 0.745669 0.718733
vt 0.971083 0.522354
vt 0.972080 0.529305
vt 0.966141 0.530456
vt 0.964888 0.521550
vt 0.331541 0.971546
vt 0.320353 0.976580
vt 0.320036 0.955796
vt 0.331891 0.951007
vt 0.598065 0.970270
vt 0.605360 0.963011
vt 0.605360 0.982803
vt 0.331891 0.989427
vt 0.488388 0.428386
vt 0.499599 0.417005
vt 0.500784 0.437333
vt 0.486299 0.391323
vt 0.499573 0.392686
vt 0.490515 0.459625
vt 0.488093 0.445386
vt 0.502763 0.455324
vt 0.961118 0.561229
vt 0.960503 0.555167
vt 0.973322 0.556235
vt 0.700655 0.809107
vt 0.707483 0.802004
vt 0.707483 0.819713
vt 0.488548 0.368878
vt 0.502763 0.375776
vt 0.970149 0.509870
vt 0.964625 0.511079
vt 0.963601 0.501520
vt 0.499472 0.661084
vt 0.504077 0.658703
vt 0.504738 0.671285
vt 0.973322 0.539621
vt 0.965668 0.535341
vt 0.148189 0.962917
vt 0.148189 0.979277
vt 0.136350 0.975535
vt 0.104203 0.809502
vt 0.103757 0.823442
vt 0.091410 0.812222
vt 0.089395 0.835459
vt 0.103086 0.843291
vt 0.089590 0.862637
vt 0.104203 0.861890
vt 0.500026 0.645933
vt 0.504738 0.639777
vt 0.666302 0.206085
vt 0.665743 0.203202
vt 0.673054 0.205423
vt 0.630627 0.262364
vt 0.633093 0.262020
vt 0.644445 0.282087
vt 0.642477 0.284199
vt 0.630778 0.243367
vt 0.633657 0.244096
vt 0.721691 0.281401
vt 0.719238 0.280792
vt 0.719115 0.243727
vt 0.721691 0.243421
vt 0.711212 0.226400
vt 0.699451 0.211721
vt 0.701784 0.210522
vt 0.713908 0.226132
vt 0.705536 0.302743
vt 0.706626 0.304319
vt 0.654047 0.211907
vt 0.643010 0.224806
vt 0.640747 0.223471
vt 0.652573 0.209422
vt 0.683420 0.204247
vt 0.683088 0.206424
vt 0.657678 0.297854
vt 0.655610 0.300339
vt 0.678973 0.306237
vt 0.678691 0.308720
vt 0.009770 0.485341
vt 0.012226 0.466755
vt 0.024797 0.467389
vt 0.022902 0.498053
vt 0.035280 0.506677
vt 0.040081 0.520391
vt 0.050214 0.583755
vt 0.081346 0.575947
vt 0.052230 0.602087
vt 0.063387 0.639462
vt 0.064541 0.605352
vt 0.087257 0.605472
vt 0.178020 0.122595
vt 0.179077 0.113780
vt 0.182821 0.132764
vt 0.156879 0.146772
vt 0.160282 0.159592
vt 0.000000 0.582392
vt 0.003880 0.561023
vt 0.012335 0.571360
vt 0.022207 0.587746
vt 0.025004 0.603518
vt 0.002572 0.605352
vt 0.009015 0.586584
vt 0.025678 0.566941
vt 0.066360 0.524854
vt 0.043275 0.532301
vt 0.493127 0.944362
vt 0.120106 0.000527
vt 0.142386 0.026565
vt 0.127498 0.028531
vt 0.138856 0.000000
vt 0.152751 0.028541
vt 0.109487 0.634684
vt 0.089304 0.633831
vt 0.103101 0.028652
vt 0.084067 0.000170
vt 0.098056 0.000594
vt 0.025680 0.449415
vt 0.006846 0.788096
vt 0.012496 0.765628
vt 0.024894 0.782616
vt 0.000000 0.769345
vt 0.051420 0.759806
vt 0.024418 0.763491
vt 0.021133 0.748362
vt 0.046368 0.777594
vt 0.068338 0.758981
vt 0.064245 0.774452
vt 0.088298 0.748309
vt 0.083195 0.771499
vt 0.005152 0.731087
vt 0.005297 0.749879
vt 0.022156 0.737218
vt 0.125164 0.161795
vt 0.068590 0.729272
vt 0.051599 0.729703
vt 0.049729 0.713524
vt 0.052128 0.746454
vt 0.068896 0.747032
vt 0.899219 0.614906
vt 0.900414 0.652297
vt 0.883595 0.653311
vt 0.185106 0.093409
vt 0.184844 0.083858
vt 0.493127 0.817949
vt 0.489247 0.823535
vt 0.126836 0.147212
vt 0.085126 0.131685
vt 0.083954 0.088647
vt 0.103804 0.068935
vt 0.101979 0.146572
vt 0.130560 0.070604
vt 0.097742 0.164580
vt 0.089219 0.736111
vt 0.066289 0.552680
vt 0.046938 0.566633
vt 0.071736 0.531803
vt 0.046067 0.551485
vt 0.004351 0.721319
vt 0.007494 0.702518
vt 0.021539 0.707273
vt 0.028687 0.692477
vt 0.054951 0.694778
vt 0.035220 0.672000
vt 0.019298 0.654006
vt 0.040038 0.650643
vt 0.015645 0.667527
vt 0.085986 0.143772
vt 0.098579 0.769817
vt 0.059332 0.669367
vt 0.061831 0.654875
vt 0.091796 0.664613
vt 0.023525 0.517087
vt 0.022700 0.727358
vt 0.090167 0.649405
vt 0.186782 0.100121
vt 0.042238 0.632195
vt 0.016318 0.549713
vt 0.030543 0.552127
vt 0.042682 0.607212
vt 0.921961 0.602760
vt 0.915757 0.654149
vt 0.919590 0.680987
vt 0.901742 0.676175
vt 0.143234 0.054136
vt 0.158105 0.046351
vt 0.157110 0.132856
vt 0.928673 0.596961
vt 0.163327 0.031552
vt 0.928563 0.652604
vt 0.079590 0.598453
vt 0.128347 0.055396
vt 0.151949 0.001401
vt 0.933981 0.684621
vt 0.084770 0.044526
vt 0.105620 0.053590
vt 0.091152 0.693043
vt 0.083365 0.060162
vt 0.933981 0.587700
vt 0.867015 0.654508
vt 0.882044 0.676702
vt 0.865016 0.676872
vt 0.871160 0.615252
vt 0.009655 0.495217
vt 0.028718 0.529694
vt 0.021533 0.528251
vt 0.012379 0.514271
vt 0.009614 0.548482
vt 0.010701 0.525842
vt 0.012072 0.690443
vt 0.491208 0.934626
vt 0.664467 0.958968
vt 0.685275 0.950336
vt 0.685275 0.975556
vt 0.083657 0.536272
vt 0.024983 0.631812
vt 0.011766 0.645459
vt 0.014806 0.629649
vt 0.019855 0.609738
vt 0.028125 0.430356
vt 0.166628 0.758427
vt 0.185840 0.754790
vt 0.821333 0.001058
vt 0.185938 0.792481
vt 0.577387 0.001768
vt 0.585329 0.171307
vt 0.356810 0.640945
vt 0.366244 0.643865
vt 0.356830 0.643941
vt 0.201977 0.752886
vt 0.586595 0.316218
vt 0.590031 0.001242
vt 0.344343 0.282897
vt 0.788110 0.005945
vt 0.367221 0.641280
vt 0.206478 0.791014
vt 0.268488 0.604882
vt 0.760563 0.001578
vt 0.759986 0.023110
vt 0.756796 0.000000
vt 0.803591 0.006721
vt 0.617893 0.034699
vt 0.241376 0.724496
vt 0.241473 0.712800
vt 0.243899 0.723612
vt 0.238793 0.713330
vt 0.605105 0.000935
vt 0.046541 0.817234
vt 0.045043 0.812481
vt 0.051827 0.812436
vt 0.894401 0.980530
vt 0.890605 0.976506
vt 0.894401 0.970760
vt 0.500241 0.522651
vt 0.501634 0.543293
vt 0.488748 0.543155
vt 0.486456 0.523036
vt 0.154192 0.882598
vt 0.160916 0.865916
vt 0.165882 0.875381
vt 0.166206 0.888096
vt 0.949931 0.158814
vt 0.937704 0.169394
vt 0.941143 0.150909
vt 0.424906 0.969632
vt 0.424665 0.950659
vt 0.437816 0.950619
vt 0.436170 0.979311
vt 0.934927 0.189369
vt 0.949059 0.176621
vt 0.947081 0.195680
vt 0.934915 0.197293
vt 0.500458 0.509948
vt 0.423499 0.929898
vt 0.437816 0.924630
vt 0.161144 0.850711
vt 0.160554 0.838017
vt 0.166206 0.836960
vt 0.165826 0.854428
vt 0.504878 0.539957
vt 0.501634 0.537172
vt 0.504878 0.529433
vt 0.035196 0.814533
vt 0.949931 0.211189
vt 0.943688 0.213621
vt 0.486308 0.501131
vt 0.500620 0.494520
vt 0.486299 0.478453
vt 0.501634 0.475148
vt 0.491191 0.459625
vt 0.424528 0.913946
vt 0.159051 0.827279
vt 0.165025 0.824240
vt 0.052063 0.809502
vt 0.080882 0.885818
vt 0.087098 0.863421
vt 0.089395 0.863443
vt 0.082503 0.887545
vt 0.086642 0.846310
vt 0.089395 0.845273
vt 0.002609 0.855192
vt 0.002869 0.890913
vt 0.000346 0.891725
vt 0.000000 0.855151
vt 0.017950 0.820871
vt 0.020357 0.821807
vt 0.009005 0.837241
vt 0.006374 0.837282
vt 0.017292 0.910823
vt 0.016237 0.912459
vt 0.078142 0.826763
vt 0.076094 0.828349
vt 0.063978 0.816733
vt 0.065081 0.814073
vt 0.034715 0.812427
vt 0.067163 0.903382
vt 0.065600 0.901378
vt 0.043916 0.913736
vt 0.043837 0.911450
vt 0.707743 0.802563
vt 0.933458 0.016423
vt 0.125884 0.163035
vt 0.611253 0.780318
vt 0.605738 0.746033
vt 0.607427 0.745599
vt 0.160603 0.160806
vt 0.232977 0.928844
vt 0.234480 0.952256
vt 0.232178 0.951723
vt 0.234917 0.928949
vt 0.504365 0.388706
vt 0.504365 0.408090
vt 0.502763 0.407583
vt 0.082112 0.773129
vt 0.097260 0.771224
vt 0.733862 0.728273
vt 0.769018 0.720776
vt 0.734542 0.730609
vt 0.086351 0.793468
vt 0.051162 0.797580
vt 0.084647 0.792278
vt 0.713155 0.762285
vt 0.720488 0.746036
vt 0.708871 0.766050
vt 0.162176 0.180287
vt 0.245153 0.900877
vt 0.110295 0.184202
vt 0.131585 0.180950
vt 0.097155 0.165975
vt 0.245153 0.977250
vt 0.109487 0.790208
vt 0.047394 0.779106
vt 0.015034 0.809502
vt 0.026514 0.783938
vt 0.032730 0.803927
vt 0.008956 0.789719
vt 0.744727 0.314916
vt 0.724472 0.316090
vt 0.935446 0.017376
vt 0.951250 0.000000
vt 0.952763 0.000592
vt 0.504649 0.529433
vt 0.501634 0.512078
vt 0.504649 0.494076
vt 0.611253 0.711791
vt 0.727162 0.397562
vt 0.399711 0.321886
vt 0.404599 0.335167
vt 0.421065 0.330999
vt 0.526174 0.669587
vt 0.510053 0.674658
vt 0.540960 0.660130
vt 0.772116 0.664840
vt 0.788702 0.666523
vt 0.693068 0.965034
vt 0.693068 0.982260
vt 0.685743 0.973721
vt 0.550657 0.656735
vt 0.800772 0.674467
vt 0.817055 0.669167
vt 0.733687 0.399829
vt 0.740710 0.403773
vt 0.747087 0.408844
vt 0.755090 0.409089
vt 0.383661 0.332649
vt 0.375755 0.333317
vt 0.472742 0.306811
vt 0.455955 0.321152
vt 0.456643 0.304990
vt 0.441759 0.315511
vt 0.443882 0.304600
vt 0.761898 0.962798
vt 0.761898 0.982547
vt 0.752089 0.981084
vt 0.549765 0.697365
vt 0.550464 0.685044
vt 0.561136 0.685023
vt 0.687442 0.358969
vt 0.696979 0.347287
vt 0.700850 0.358965
vt 0.906005 0.308945
vt 0.950749 0.324944
vt 0.910834 0.333153
vt 0.935141 0.351416
vt 0.927237 0.350552
vt 0.944129 0.345822
vt 0.949876 0.312530
vt 0.945524 0.295685
vt 0.948641 0.238461
vt 0.894584 0.260871
vt 0.897376 0.240503
vt 0.950749 0.256212
vt 0.917244 0.217368
vt 0.927725 0.215662
vt 0.941010 0.219853
vt 0.909108 0.221280
vt 0.899460 0.282170
vt 0.947022 0.278074
vt 0.527332 0.698883
vt 0.529929 0.677685
vt 0.588916 0.682904
vt 0.590370 0.694342
vt 0.579959 0.695490
vt 0.578309 0.683273
vt 0.561638 0.697518
vt 0.946352 0.860234
vt 0.943864 0.866448
vt 0.935776 0.861628
vt 0.937759 0.855068
vt 0.460662 0.294692
vt 0.476318 0.297409
vt 0.730307 0.325017
vt 0.730996 0.334314
vt 0.722761 0.332788
vt 0.721691 0.325699
vt 0.441090 0.294603
vt 0.424927 0.294417
vt 0.429674 0.317894
vt 0.411225 0.293561
vt 0.414676 0.318691
vt 0.399477 0.316983
vt 0.398110 0.293209
vt 0.377231 0.295094
vt 0.378477 0.314658
vt 0.756611 0.392101
vt 0.747643 0.392903
vt 0.749104 0.371425
vt 0.756922 0.371505
vt 0.725118 0.371022
vt 0.739659 0.392016
vt 0.731850 0.391149
vt 0.722218 0.390079
vt 0.506931 0.700029
vt 0.510390 0.680952
vt 0.558647 0.673144
vt 0.955496 0.827887
vt 0.955782 0.862715
vt 0.968414 0.858280
vt 0.444061 0.326155
vt 0.944345 0.808652
vt 0.957031 0.816547
vt 0.974567 0.813953
vt 0.971132 0.827918
vt 0.940556 0.821261
vt 0.933111 0.817048
vt 0.979598 0.843795
vt 0.974005 0.853463
vt 0.932145 0.835958
vt 0.935293 0.846135
vt 0.901005 0.231848
vt 0.945575 0.227503
vt 0.730439 0.349156
vt 0.722522 0.346712
vt 0.410839 0.286507
vt 0.424048 0.287477
vt 0.376297 0.287602
vt 0.398193 0.286033
vt 0.367221 0.288758
vt 0.368090 0.296134
vt 0.725502 0.362976
vt 0.749532 0.364021
vt 0.524731 0.706677
vt 0.504915 0.707872
vt 0.462196 0.288414
vt 0.477966 0.290617
vt 0.561473 0.702234
vt 0.546239 0.704065
vt 0.700850 0.343755
vt 0.580826 0.700120
vt 0.611511 0.699076
vt 0.603872 0.698191
vt 0.602552 0.693343
vt 0.610022 0.694294
vt 0.440929 0.287697
vt 0.484334 0.298385
vt 0.486299 0.292589
vt 0.735403 0.349744
vt 0.735816 0.334426
vt 0.590665 0.699129
vt 0.410172 0.283174
vt 0.423773 0.284230
vt 0.377587 0.284069
vt 0.399218 0.282728
vt 0.368907 0.285205
vt 0.503939 0.966036
vt 0.504904 0.976988
vt 0.502090 0.976988
vt 0.725414 0.359012
vt 0.748444 0.360315
vt 0.524800 0.710618
vt 0.505886 0.711790
vt 0.461816 0.285445
vt 0.477159 0.287297
vt 0.561588 0.704894
vt 0.545198 0.707595
vt 0.580789 0.702830
vt 0.610491 0.701867
vt 0.603227 0.701085
vt 0.440406 0.284472
vt 0.736104 0.324859
vt 0.739028 0.325282
vt 0.738363 0.334020
vt 0.738041 0.348880
vt 0.590109 0.701933
vt 0.082915 0.982145
vt 0.077507 0.978433
vt 0.082915 0.969582
vt 0.841870 0.890369
vt 0.837131 0.882335
vt 0.841870 0.876292
vt 0.737118 0.357946
vt 0.731983 0.357079
vt 0.739801 0.357031
vt 0.597971 0.684391
vt 0.951704 0.587120
vt 0.942552 0.587120
vt 0.944301 0.577724
vt 0.480221 0.307154
vt 0.736398 0.316175
vt 0.739801 0.316090
vt 0.370235 0.316489
vt 0.757473 0.364103
vt 0.756220 0.360396
vt 0.794436 0.687979
vt 0.425877 0.340025
vt 0.961353 0.791489
vt 0.954181 0.784235
vt 0.979598 0.792289
vt 0.367221 0.296371
vt 0.720472 0.353065
vt 0.713307 0.351379
vt 0.720472 0.308719
vt 0.556166 0.001384
vt 0.366889 0.319831
vt 0.306898 0.283804
vt 0.580233 0.346928
vt 0.581619 0.355167
vt 0.630561 0.345851
vt 0.607121 0.355043
vt 0.605937 0.346932
vt 0.202136 0.433851
vt 0.192169 0.441976
vt 0.191230 0.434618
vt 0.263326 0.632434
vt 0.245820 0.639116
vt 0.248095 0.632159
vt 0.294632 0.961024
vt 0.254801 0.956861
vt 0.250639 0.948846
vt 0.935845 0.658882
vt 0.951092 0.660245
vt 0.949042 0.666339
vt 0.355885 0.635406
vt 0.360921 0.629023
vt 0.365995 0.636691
vt 0.343115 0.625467
vt 0.327597 0.635454
vt 0.325983 0.625867
vt 0.316247 0.616815
vt 0.324092 0.608846
vt 0.294714 0.901429
vt 0.301109 0.922478
vt 0.245820 0.928988
vt 0.612473 0.326666
vt 0.620472 0.325579
vt 0.602607 0.328006
vt 0.345172 0.634561
vt 0.302080 0.612593
vt 0.313760 0.625794
vt 0.295247 0.635373
vt 0.310203 0.635512
vt 0.298799 0.952331
vt 0.301109 0.940634
vt 0.548563 0.320373
vt 0.537742 0.335148
vt 0.536266 0.326404
vt 0.950173 0.622981
vt 0.936252 0.645425
vt 0.933981 0.634438
vt 0.936361 0.616549
vt 0.952538 0.608953
vt 0.514598 0.346231
vt 0.630627 0.353147
vt 0.606127 0.358852
vt 0.581600 0.359012
vt 0.201432 0.430197
vt 0.628223 0.356669
vt 0.236503 0.723305
vt 0.275955 0.640014
vt 0.275381 0.643447
vt 0.263565 0.642823
vt 0.247252 0.642895
vt 0.262120 0.639153
vt 0.190844 0.430942
vt 0.506609 0.343685
vt 0.968732 0.617213
vt 0.579311 0.325360
vt 0.965371 0.628131
vt 0.551778 0.334354
vt 0.512137 0.330948
vt 0.277733 0.633501
vt 0.940022 0.651804
vt 0.549553 0.347610
vt 0.532342 0.349286
vt 0.202510 0.441250
vt 0.243161 0.681558
vt 0.241327 0.674132
vt 0.243899 0.674664
vt 0.240492 0.681453
vt 0.250535 0.878883
vt 0.251245 0.854015
vt 0.291449 0.854201
vt 0.247831 0.906803
vt 0.271794 0.831176
vt 0.264186 0.833611
vt 0.281415 0.834929
vt 0.271331 0.968330
vt 0.263201 0.965979
vt 0.292425 0.866687
vt 0.623685 0.000000
vt 0.267217 0.609376
vt 0.251078 0.613017
vt 0.520081 0.332831
vt 0.981651 0.642486
vt 0.975841 0.651212
vt 0.979771 0.626210
vt 0.290651 0.884262
vt 0.225313 0.701385
vt 0.234035 0.693164
vt 0.234002 0.702623
vt 0.224489 0.691300
vt 0.281312 0.968053
vt 0.628651 0.324468
vt 0.226072 0.710775
vt 0.233848 0.712539
vt 0.235356 0.682294
vt 0.222863 0.684476
vt 0.970542 0.658840
vt 0.960813 0.660957
vt 0.354113 0.627352
vt 0.285210 0.609939
vt 0.193365 0.461663
vt 0.202894 0.461872
vt 0.210699 0.440667
vt 0.211642 0.462145
vt 0.209848 0.433301
vt 0.208669 0.429681
vt 0.981651 0.613426
vt 0.504915 0.348912
vt 0.975888 0.592949
vt 0.569140 0.299754
vt 0.258125 0.595788
vt 0.958046 0.587700
vt 0.971210 0.873713
vt 0.971210 0.879941
vt 0.962412 0.882172
vt 0.960004 0.876091
vt 0.968677 0.883979
vt 0.685857 0.872568
vt 0.689320 0.866630
vt 0.702166 0.870948
vt 0.702166 0.876257
vt 0.882916 0.211616
vt 0.883822 0.217710
vt 0.867265 0.216855
vt 0.869400 0.211439
vt 0.261603 0.982431
vt 0.255691 0.975914
vt 0.255796 0.975134
vt 0.261603 0.968330
vt 0.871207 0.969802
vt 0.871207 0.983913
vt 0.867759 0.982538
vt 0.690963 0.861993
vt 0.699911 0.861486
vt 0.254051 0.979328
vt 0.254240 0.979764
vt 0.960721 0.870610
vt 0.969740 0.869099
vt 0.966113 0.866448
vt 0.698840 0.880206
vt 0.684999 0.878659
vt 0.881994 0.223841
vt 0.868560 0.222519
vt 0.872965 0.230445
vt 0.872211 0.230223
vt 0.881409 0.228086
vt 0.300443 0.968330
vt 0.300443 0.981272
vt 0.296213 0.973375
vt 0.691224 0.885669
vt 0.868448 0.230445
vt 0.868123 0.230081
vt 0.168338 0.794681
vt 0.180929 0.470146
vt 0.440406 0.780350
vt 0.461422 0.779334
vt 0.458290 0.789458
vt 0.041945 0.919680
vt 0.042460 0.917392
vt 0.042356 0.919826
vt 0.063570 0.939450
vt 0.056890 0.944186
vt 0.052043 0.934215
vt 0.458307 0.759751
vt 0.458552 0.767831
vt 0.456924 0.762012
vt 0.369156 0.759660
vt 0.371706 0.760724
vt 0.368580 0.761570
vt 0.544202 0.944985
vt 0.530593 0.946168
vt 0.534357 0.941902
vt 0.794132 0.832761
vt 0.789666 0.825476
vt 0.797610 0.822334
vt 0.517528 0.936198
vt 0.522391 0.946708
vt 0.517627 0.942360
vt 0.554328 0.889734
vt 0.547251 0.889878
vt 0.554236 0.884482
vt 0.385637 0.752303
vt 0.380042 0.750699
vt 0.376192 0.746505
vt 0.658016 0.779717
vt 0.651593 0.765536
vt 0.667770 0.770058
vt 0.854726 0.641757
vt 0.851730 0.654237
vt 0.843069 0.651433
vt 0.829465 0.776354
vt 0.838671 0.785749
vt 0.832845 0.791420
vt 0.224966 0.954446
vt 0.222262 0.943518
vt 0.225320 0.944551
vt 0.393482 0.783693
vt 0.397230 0.783208
vt 0.394075 0.785485
vt 0.382838 0.762386
vt 0.387827 0.757016
vt 0.390924 0.763396
vt 0.819391 0.843447
vt 0.824650 0.846652
vt 0.824603 0.846906
vt 0.817228 0.849087
vt 0.428099 0.737747
vt 0.426751 0.747738
vt 0.420821 0.741888
vt 0.660385 0.692437
vt 0.671192 0.703050
vt 0.662187 0.702288
vt 0.834820 0.667321
vt 0.849765 0.657682
vt 0.846991 0.664529
vt 0.107736 0.965905
vt 0.108909 0.972164
vt 0.107321 0.973854
vt 0.386194 0.726110
vt 0.378252 0.722431
vt 0.387033 0.722824
vt 0.454774 0.777704
vt 0.456441 0.775812
vt 0.608252 0.818805
vt 0.607448 0.817425
vt 0.610865 0.817335
vt 0.445004 0.713615
vt 0.439385 0.711486
vt 0.445584 0.706480
vt 0.705466 0.824297
vt 0.705966 0.829176
vt 0.705212 0.829709
vt 0.428815 0.710524
vt 0.425901 0.714287
vt 0.419854 0.700003
vt 0.803621 0.805478
vt 0.799324 0.812494
vt 0.796230 0.803702
vt 0.102176 0.981573
vt 0.101082 0.979937
vt 0.102164 0.976862
vt 0.553310 0.910414
vt 0.547521 0.908838
vt 0.554332 0.906134
vt 0.643250 0.751270
vt 0.634991 0.738891
vt 0.647966 0.734504
vt 0.499842 0.806180
vt 0.502098 0.798953
vt 0.502931 0.801127
vt 0.504267 0.731772
vt 0.504268 0.735196
vt 0.502958 0.733790
vt 0.469999 0.679639
vt 0.463443 0.688950
vt 0.466483 0.677875
vt 0.768034 0.962798
vt 0.766505 0.966502
vt 0.763897 0.966051
vt 0.511185 0.897526
vt 0.522043 0.900092
vt 0.510894 0.911505
vt 0.451183 0.771181
vt 0.453076 0.770010
vt 0.452428 0.771793
vt 0.014857 0.952922
vt 0.022257 0.949902
vt 0.021821 0.958050
vt 0.656999 0.731248
vt 0.663512 0.728752
vt 0.659007 0.732863
vt 0.969494 0.197190
vt 0.972924 0.198384
vt 0.971478 0.204899
vt 0.975389 0.208366
vt 0.973200 0.201836
vt 0.251769 0.977634
vt 0.247699 0.976779
vt 0.249498 0.973472
vt 0.642410 0.730410
vt 0.423612 0.725903
vt 0.423668 0.733011
vt 0.411806 0.723934
vt 0.218936 0.965485
vt 0.224183 0.967443
vt 0.219784 0.969443
vt 0.440617 0.733160
vt 0.442624 0.743549
vt 0.437670 0.740076
vt 0.962345 0.183967
vt 0.960765 0.184877
vt 0.960900 0.183509
vt 0.782408 0.775741
vt 0.782966 0.768654
vt 0.788046 0.770639
vt 0.457605 0.773015
vt 0.457563 0.769568
vt 0.399156 0.794990
vt 0.400279 0.791268
vt 0.404955 0.791929
vt 0.673096 0.721579
vt 0.677901 0.731039
vt 0.672508 0.729345
vt 0.830067 0.682805
vt 0.829952 0.679240
vt 0.831536 0.678842
vt 0.832877 0.681748
vt 0.795483 0.771567
vt 0.792573 0.776357
vt 0.443773 0.728084
vt 0.453529 0.735691
vt 0.547905 0.912262
vt 0.532841 0.908176
vt 0.533528 0.901778
vt 0.541346 0.909656
vt 0.385612 0.772109
vt 0.386563 0.775978
vt 0.380410 0.774511
vt 0.551598 0.942488
vt 0.552792 0.943896
vt 0.551402 0.943512
vt 0.832359 0.839220
vt 0.835001 0.827447
vt 0.839773 0.830188
vt 0.245643 0.489020
vt 0.245643 0.494978
vt 0.245168 0.492097
vt 0.828899 0.704764
vt 0.826203 0.734305
vt 0.823465 0.724553
vt 0.501913 0.813340
vt 0.500059 0.812321
vt 0.500064 0.812023
vt 0.501350 0.811926
vt 0.739290 0.973679
vt 0.737422 0.972471
vt 0.740943 0.967939
vt 0.974093 0.677189
vt 0.971416 0.677632
vt 0.971113 0.673148
vt 0.406039 0.732356
vt 0.418483 0.736273
vt 0.406836 0.744375
vt 0.810079 0.831945
vt 0.818366 0.840048
vt 0.811164 0.843477
vt 0.669293 0.691328
vt 0.684079 0.696535
vt 0.689674 0.709964
vt 0.682612 0.704059
vt 0.108159 0.977534
vt 0.959410 0.180744
vt 0.958648 0.179412
vt 0.961563 0.178810
vt 0.775074 0.983535
vt 0.774770 0.986301
vt 0.772568 0.984288
vt 0.197683 0.952487
vt 0.194193 0.958531
vt 0.187859 0.956809
vt 0.826762 0.797142
vt 0.836571 0.800034
vt 0.832186 0.805422
vt 0.373701 0.747262
vt 0.557098 0.894836
vt 0.557073 0.892972
vt 0.558777 0.895028
vt 0.245746 0.754895
vt 0.244421 0.754284
vt 0.245746 0.751821
vt 0.552807 0.940314
vt 0.553312 0.936695
vt 0.553437 0.936293
vt 0.554625 0.939261
vt 0.823295 0.797561
vt 0.824339 0.802404
vt 0.819682 0.797561
vt 0.654040 0.731232
vt 0.775945 0.965627
vt 0.780061 0.963098
vt 0.780230 0.966022
vt 0.230113 0.788838
vt 0.230875 0.791771
vt 0.226716 0.793404
vt 0.535494 0.932467
vt 0.539268 0.936865
vt 0.535446 0.935740
vt 0.440349 0.798848
vt 0.428407 0.802532
vt 0.421395 0.786437
vt 0.529360 0.931998
vt 0.529636 0.927659
vt 0.539692 0.931206
vt 0.824842 0.804938
vt 0.825184 0.807091
vt 0.823275 0.810686
vt 0.817391 0.806297
vt 0.419133 0.775514
vt 0.411979 0.786882
vt 0.525316 0.888820
vt 0.514095 0.892190
vt 0.532749 0.897249
vt 0.538004 0.913796
vt 0.546224 0.916360
vt 0.510913 0.889203
vt 0.522990 0.881084
vt 0.677171 0.713444
vt 0.394094 0.719965
vt 0.388133 0.781023
vt 0.382817 0.782524
vt 0.386452 0.778366
vt 0.044308 0.928601
vt 0.049553 0.923487
vt 0.220551 0.954833
vt 0.222415 0.964710
vt 0.785710 0.794719
vt 0.788794 0.801758
vt 0.784493 0.801536
vt 0.525000 0.928518
vt 0.521331 0.923772
vt 0.526483 0.922889
vt 0.373511 0.762569
vt 0.375104 0.760234
vt 0.885094 0.224285
vt 0.890269 0.221426
vt 0.892268 0.224286
vt 0.226969 0.954504
vt 0.241579 0.551923
vt 0.245277 0.551334
vt 0.245205 0.569201
vt 0.444398 0.746821
vt 0.455967 0.749084
vt 0.109746 0.972888
vt 0.109517 0.983097
vt 0.245746 0.429692
vt 0.245765 0.429681
vt 0.245765 0.430047
vt 0.777573 0.959836
vt 0.775834 0.962992
vt 0.772754 0.963490
vt 0.680721 0.806062
vt 0.673731 0.795446
vt 0.678705 0.797003
vt 0.008748 0.934613
vt 0.015931 0.931103
vt 0.018266 0.941882
vt 0.552079 0.918330
vt 0.550746 0.915269
vt 0.553425 0.915147
vt 0.450890 0.766118
vt 0.451258 0.768911
vt 0.449899 0.767549
vt 0.751861 0.313550
vt 0.754039 0.311949
vt 0.753920 0.315882
vt 0.435804 0.728517
vt 0.440246 0.724907
vt 0.406597 0.814933
vt 0.396416 0.803364
vt 0.402826 0.801899
vt 0.787856 0.776234
vt 0.791205 0.789295
vt 0.558275 0.928076
vt 0.558309 0.927986
vt 0.560914 0.924136
vt 0.560795 0.926914
vt 0.059332 0.949078
vt 0.058452 0.955494
vt 0.053777 0.955425
vt 0.386333 0.791078
vt 0.384195 0.785425
vt 0.393184 0.789544
vt 0.375499 0.735138
vt 0.377605 0.739546
vt 0.375185 0.738186
vt 0.800221 0.848236
vt 0.795222 0.841649
vt 0.800125 0.835010
vt 0.698071 0.711251
vt 0.694852 0.699450
vt 0.700655 0.701535
vt 0.667578 0.799645
vt 0.663350 0.800812
vt 0.662202 0.793745
vt 0.206297 0.961970
vt 0.211039 0.954798
vt 0.216538 0.956426
vt 0.445866 0.757414
vt 0.448093 0.759498
vt 0.444396 0.762813
vt 0.798105 0.788149
vt 0.800796 0.797900
vt 0.796197 0.797141
vt 0.543392 0.935631
vt 0.418967 0.809675
vt 0.412231 0.802872
vt 0.414023 0.794995
vt 0.014272 0.979959
vt 0.019656 0.983783
vt 0.015775 0.989281
vt 0.664838 0.740086
vt 0.661216 0.735274
vt 0.672521 0.746404
vt 0.804944 0.848121
vt 0.861964 0.353540
vt 0.861944 0.351592
vt 0.864471 0.351416
vt 0.030042 0.930360
vt 0.034648 0.920875
vt 0.039147 0.927697
vt 0.390164 0.777757
vt 0.391577 0.779067
vt 0.390181 0.779564
vt 0.703788 0.835952
vt 0.700655 0.838892
vt 0.700950 0.834589
vt 0.550710 0.877523
vt 0.551658 0.880676
vt 0.542710 0.880102
vt 0.807438 0.743499
vt 0.805203 0.735548
vt 0.814537 0.737097
vt 0.402627 0.768907
vt 0.413079 0.776027
vt 0.404393 0.774564
vt 0.108487 0.835666
vt 0.104203 0.829328
vt 0.108487 0.809502
vt 0.828958 0.743687
vt 0.826033 0.746002
vt 0.830808 0.721115
vt 0.703557 0.820311
vt 0.701545 0.824716
vt 0.702250 0.821276
vt 0.682180 0.721149
vt 0.684736 0.731359
vt 0.678432 0.723558
vt 0.975332 0.486449
vt 0.976473 0.489612
vt 0.974063 0.491832
vt 0.438381 0.811685
vt 0.439842 0.814605
vt 0.426258 0.814595
vt 0.239688 0.777164
vt 0.241033 0.769934
vt 0.242119 0.773597
vt 0.379840 0.765354
vt 0.377727 0.770701
vt 0.459924 0.771476
vt 0.460035 0.773762
vt 0.841334 0.795502
vt 0.841970 0.803209
vt 0.211805 0.948461
vt 0.208221 0.953525
vt 0.211598 0.945722
vt 0.242569 0.574432
vt 0.245277 0.576520
vt 0.035991 0.985503
vt 0.038647 0.981298
vt 0.042961 0.987866
vt 0.407355 0.705911
vt 0.411161 0.710233
vt 0.407286 0.709514
vt 0.975157 0.671490
vt 0.972347 0.666339
vt 0.976235 0.668927
vt 0.666518 0.790185
vt 0.670816 0.794707
vt 0.552112 0.934216
vt 0.548603 0.934296
vt 0.556171 0.926476
vt 0.556370 0.912027
vt 0.556710 0.909128
vt 0.556948 0.909003
vt 0.559404 0.913552
vt 0.552917 0.912938
vt 0.551360 0.944165
vt 0.551406 0.944814
vt 0.682214 0.790614
vt 0.681439 0.784924
vt 0.687779 0.797280
vt 0.702725 0.824034
vt 0.705689 0.820285
vt 0.631134 0.695030
vt 0.640488 0.690368
vt 0.642822 0.694144
vt 0.847299 0.357477
vt 0.843340 0.357477
vt 0.845045 0.354568
vt 0.048131 0.971218
vt 0.043003 0.973084
vt 0.812359 0.725210
vt 0.819545 0.720658
vt 0.819413 0.721639
vt 0.816932 0.730889
vt 0.440953 0.691059
vt 0.449036 0.694953
vt 0.447728 0.700781
vt 0.531404 0.942649
vt 0.977479 0.491061
vt 0.245505 0.442397
vt 0.245746 0.429681
vt 0.245746 0.445518
vt 0.418976 0.756086
vt 0.407318 0.763147
vt 0.405781 0.751581
vt 0.835190 0.814497
vt 0.828062 0.810403
vt 0.555515 0.894719
vt 0.554499 0.897302
vt 0.551169 0.898038
vt 0.898008 0.970760
vt 0.898008 0.980415
vt 0.894401 0.977438
vt 0.107908 0.984864
vt 0.105684 0.981835
vt 0.105297 0.978515
vt 0.543635 0.920212
vt 0.534570 0.919966
vt 0.199015 0.959427
vt 0.195789 0.968498
vt 0.546676 0.942622
vt 0.550156 0.943646
vt 0.641316 0.711503
vt 0.625423 0.725544
vt 0.629948 0.708909
vt 0.542314 0.888735
vt 0.549648 0.884110
vt 0.543021 0.895326
vt 0.547654 0.897913
vt 0.710872 0.346652
vt 0.713186 0.343755
vt 0.713186 0.349174
vt 0.548201 0.960744
vt 0.549654 0.955879
vt 0.553111 0.960191
vt 0.213045 0.935006
vt 0.209706 0.931019
vt 0.214716 0.922762
vt 0.546895 0.923739
vt 0.547827 0.920494
vt 0.550993 0.924397
vt 0.887331 0.979595
vt 0.888569 0.974964
vt 0.888802 0.980024
vt 0.243021 0.785354
vt 0.244479 0.787387
vt 0.241306 0.787666
vt 0.890605 0.970760
vt 0.890605 0.973985
vt 0.887297 0.972005
vt 0.823743 0.351613
vt 0.826801 0.356936
vt 0.824186 0.356296
vt 0.678634 0.751732
vt 0.669512 0.760823
vt 0.674826 0.750768
vt 0.402295 0.780253
vt 0.789732 0.756209
vt 0.788529 0.747499
vt 0.794540 0.752848
vt 0.611511 0.720742
vt 0.618170 0.717463
vt 0.617349 0.725672
vt 0.026485 0.970190
vt 0.027093 0.979273
vt 0.398732 0.784256
vt 0.381839 0.716436
vt 0.379835 0.719271
vt 0.377377 0.717386
vt 0.665141 0.757939
vt 0.656972 0.760591
vt 0.663885 0.755132
vt 0.556990 0.890033
vt 0.557524 0.887705
vt 0.559716 0.890245
vt 0.682698 0.744497
vt 0.684888 0.749763
vt 0.400869 0.754370
vt 0.401901 0.763623
vt 0.394609 0.759633
vt 0.446149 0.771086
vt 0.445524 0.775631
vt 0.800893 0.770343
vt 0.805359 0.765146
vt 0.806306 0.770441
vt 0.537310 0.925694
vt 0.781210 0.818284
vt 0.785006 0.816094
vt 0.796896 0.778239
vt 0.055962 0.926686
vt 0.048651 0.915937
vt 0.055752 0.920155
vt 0.414723 0.706276
vt 0.556127 0.913713
vt 0.976868 0.486296
vt 0.801342 0.853127
vt 0.793913 0.853281
vt 0.433186 0.736889
vt 0.434031 0.746630
vt 0.439585 0.703200
vt 0.435505 0.713044
vt 0.428707 0.731289
vt 0.804184 0.823751
vt 0.810012 0.823368
vt 0.453559 0.774600
vt 0.451276 0.772422
vt 0.823164 0.852590
vt 0.386111 0.744079
vt 0.385444 0.746164
vt 0.383200 0.744561
vt 0.379072 0.756401
vt 0.377069 0.756462
vt 0.379872 0.753872
vt 0.451280 0.759184
vt 0.448106 0.758543
vt 0.448287 0.756360
vt 0.777034 0.721068
vt 0.780600 0.735777
vt 0.777569 0.731584
vt 0.244077 0.766737
vt 0.243788 0.763309
vt 0.245783 0.764169
vt 0.223308 0.952202
vt 0.224010 0.954579
vt 0.223099 0.954541
vt 0.421270 0.669599
vt 0.416739 0.668184
vt 0.420403 0.642303
vt 0.425671 0.643588
vt 0.621642 0.745968
vt 0.614721 0.744071
vt 0.618650 0.736816
vt 0.556497 0.908960
vt 0.556975 0.908386
vt 0.420237 0.684738
vt 0.424351 0.679788
vt 0.396274 0.794973
vt 0.554469 0.876427
vt 0.555007 0.879946
vt 0.804390 0.777838
vt 0.501037 0.729144
vt 0.499472 0.725734
vt 0.500023 0.724130
vt 0.028214 0.915330
vt 0.027225 0.921650
vt 0.201069 0.968698
vt 0.690479 0.723006
vt 0.784384 0.962351
vt 0.780334 0.961038
vt 0.781761 0.968096
vt 0.780116 0.968007
vt 0.781256 0.959164
vt 0.615817 0.749723
vt 0.423521 0.696768
vt 0.413088 0.691663
vt 0.418297 0.689868
vt 0.369615 0.767394
vt 0.546304 0.901569
vt 0.549643 0.901827
vt 0.808556 0.854102
vt 0.649709 0.705018
vt 0.652295 0.712245
vt 0.225165 0.963741
vt 0.076360 0.982343
vt 0.073244 0.979208
vt 0.074998 0.975909
vt 0.502968 0.768741
vt 0.504682 0.766160
vt 0.504682 0.770915
vt 0.073137 0.974608
vt 0.074340 0.973433
vt 0.375873 0.721055
vt 0.809724 0.792788
vt 0.514369 0.952023
vt 0.518143 0.947115
vt 0.523359 0.950630
vt 0.871207 0.979198
vt 0.875707 0.969802
vt 0.875707 0.980410
vt 0.886658 0.220224
vt 0.887218 0.223129
vt 0.883822 0.221232
vt 0.787981 0.726623
vt 0.786096 0.739025
vt 0.776806 0.835328
vt 0.782236 0.826058
vt 0.780700 0.840028
vt 0.036988 0.933704
vt 0.527469 0.939581
vt 0.528825 0.935474
vt 0.532721 0.938109
vt 0.703652 0.860747
vt 0.700655 0.857934
vt 0.703652 0.855495
vt 0.706274 0.857815
vt 0.703652 0.858964
vt 0.703983 0.855853
vt 0.461535 0.692145
vt 0.455240 0.698148
vt 0.458444 0.691133
vt 0.816069 0.735261
vt 0.815807 0.737247
vt 0.555431 0.922703
vt 0.552042 0.920935
vt 0.377512 0.762641
vt 0.374955 0.765856
vt 0.755329 0.214650
vt 0.755562 0.221169
vt 0.754218 0.222564
vt 0.441930 0.752660
vt 0.444172 0.755289
vt 0.440524 0.756845
vt 0.690116 0.741449
vt 0.551118 0.949163
vt 0.555695 0.949132
vt 0.409885 0.796607
vt 0.962938 0.180892
vt 0.965543 0.178500
vt 0.559788 0.953034
vt 0.561946 0.951449
vt 0.564051 0.955391
vt 0.974057 0.189940
vt 0.975707 0.192165
vt 0.973591 0.194416
vt 0.209626 0.964889
vt 0.212970 0.970295
vt 0.449378 0.772309
vt 0.451984 0.775688
vt 0.450349 0.775210
vt 0.741812 0.969048
vt 0.743243 0.965829
vt 0.742910 0.970393
vt 0.740794 0.963655
vt 0.742471 0.964440
vt 0.826001 0.833764
vt 0.825975 0.829900
vt 0.826261 0.830116
vt 0.840412 0.892507
vt 0.837131 0.897192
vt 0.837561 0.892550
vt 0.546599 0.948270
vt 0.541773 0.951327
vt 0.545699 0.954363
vt 0.535191 0.952657
vt 0.528518 0.948688
vt 0.539173 0.949292
vt 0.389221 0.795089
vt 0.394281 0.792513
vt 0.394087 0.782191
vt 0.521740 0.907070
vt 0.249684 0.979413
vt 0.458325 0.774952
vt 0.193644 0.986960
vt 0.193716 0.978333
vt 0.198181 0.982289
vt 0.449269 0.676005
vt 0.442564 0.682819
vt 0.429458 0.670834
vt 0.220820 0.944054
vt 0.393436 0.751977
vt 0.394124 0.745284
vt 0.205935 0.948865
vt 0.204003 0.956219
vt 0.201229 0.955440
vt 0.404429 0.703552
vt 0.401737 0.706317
vt 0.245552 0.715639
vt 0.245552 0.723006
vt 0.243899 0.720430
vt 0.551974 0.940307
vt 0.397765 0.767446
vt 0.406923 0.700438
vt 0.405122 0.699242
vt 0.428594 0.810783
vt 0.543776 0.938260
vt 0.539594 0.938908
vt 0.535920 0.979026
vt 0.529352 0.975339
vt 0.538458 0.975495
vt 0.108579 0.858687
vt 0.107560 0.859154
vt 0.106603 0.856901
vt 0.051429 0.963238
vt 0.053601 0.968090
vt 0.451548 0.753670
vt 0.452440 0.755327
vt 0.447695 0.755283
vt 0.029879 0.937876
vt 0.025412 0.944020
vt 0.022383 0.938140
vt 0.501664 0.734300
vt 0.499472 0.735383
vt 0.499655 0.732570
vt 0.501664 0.731772
vt 0.225291 0.931179
vt 0.224684 0.937238
vt 0.222128 0.930875
vt 0.109746 0.988961
vt 0.192899 0.941344
vt 0.178665 0.948909
vt 0.175311 0.935077
vt 0.424457 0.716286
vt 0.818318 0.701776
vt 0.821350 0.702686
vt 0.819738 0.720447
vt 0.423350 0.805649
vt 0.778090 0.967675
vt 0.394846 0.725947
vt 0.447844 0.775388
vt 0.452308 0.776979
vt 0.783259 0.854495
vt 0.785876 0.843974
vt 0.790114 0.854742
vt 0.674566 0.783339
vt 0.680818 0.779694
vt 0.541801 0.903403
vt 0.544335 0.902101
vt 0.551142 0.904757
vt 0.561230 0.916262
vt 0.561194 0.919880
vt 0.560189 0.919099
vt 0.886296 0.972853
vt 0.812543 0.774326
vt 0.378829 0.760141
vt 0.376844 0.758358
vt 0.395675 0.740743
vt 0.387086 0.731276
vt 0.392764 0.731143
vt 0.220684 0.943641
vt 0.824800 0.769346
vt 0.828275 0.768723
vt 0.264577 0.975099
vt 0.268228 0.968330
vt 0.270571 0.979376
vt 0.045024 0.935112
vt 0.050478 0.941485
vt 0.815917 0.815638
vt 0.675075 0.768842
vt 0.245803 0.466101
vt 0.245803 0.469929
vt 0.244858 0.467106
vt 0.503053 0.757437
vt 0.504770 0.761181
vt 0.502968 0.760710
vt 0.524531 0.942864
vt 0.525842 0.940460
vt 0.455452 0.769689
vt 0.526327 0.950950
vt 0.528802 0.960914
vt 0.521661 0.958379
vt 0.241742 0.777722
vt 0.242003 0.782758
vt 0.522454 0.936002
vt 0.513792 0.935077
vt 0.671257 0.801633
vt 0.675498 0.810109
vt 0.465691 0.785152
vt 0.461993 0.795078
vt 0.664313 0.740932
vt 0.666619 0.745206
vt 0.711975 0.351357
vt 0.548356 0.914815
vt 0.793063 0.766740
vt 0.036449 0.942167
vt 0.027020 0.949389
vt 0.221150 0.919293
vt 0.212781 0.901518
vt 0.218205 0.901069
vt 0.782544 0.723095
vt 0.801945 0.747427
vt 0.822101 0.742631
vt 0.816748 0.736966
vt 0.036350 0.913782
vt 0.381249 0.761985
vt 0.381119 0.758125
vt 0.805302 0.836088
vt 0.541703 0.940669
vt 0.775143 0.979819
vt 0.777265 0.984674
vt 0.714202 0.353413
vt 0.716776 0.353643
vt 0.716207 0.355400
vt 0.549190 0.916428
vt 0.548971 0.918236
vt 0.546824 0.917901
vt 0.012727 0.943001
vt 0.005206 0.940899
vt 0.543070 0.883384
vt 0.532980 0.935084
vt 0.537669 0.877352
vt 0.773286 0.718844
vt 0.774279 0.727994
vt 0.795424 0.758386
vt 0.797791 0.760411
vt 0.795602 0.763720
vt 0.455824 0.765283
vt 0.646272 0.769975
vt 0.642620 0.773511
vt 0.641131 0.764252
vt 0.892308 0.221550
vt 0.891514 0.218513
vt 0.461993 0.677841
vt 0.243286 0.593699
vt 0.243286 0.597157
vt 0.241579 0.596903
vt 0.798707 0.745477
vt 0.803264 0.722745
vt 0.550029 0.930011
vt 0.542751 0.930947
vt 0.843277 0.683597
vt 0.853426 0.676914
vt 0.860473 0.678280
vt 0.382473 0.778423
vt 0.543912 0.959319
vt 0.528382 0.934713
vt 0.702513 0.830024
vt 0.455413 0.753716
vt 0.459876 0.759606
vt 0.560345 0.903000
vt 0.558876 0.901898
vt 0.562251 0.903022
vt 0.376094 0.744707
vt 0.108455 0.962942
vt 0.109024 0.967240
vt 0.065888 0.958053
vt 0.058702 0.960605
vt 0.390256 0.713145
vt 0.387176 0.717750
vt 0.792159 0.723017
vt 0.791181 0.739328
vt 0.547272 0.938503
vt 0.655067 0.782882
vt 0.036318 0.951577
vt 0.681985 0.691295
vt 0.676250 0.687014
vt 0.680262 0.684314
vt 0.864399 0.356351
vt 0.675947 0.699160
vt 0.039736 0.943765
vt 0.038926 0.949111
vt 0.684856 0.713196
vt 0.647969 0.760973
vt 0.652654 0.762204
vt 0.693423 0.707974
vt 0.688139 0.695851
vt 0.430416 0.717483
vt 0.433235 0.703207
vt 0.859385 0.640993
vt 0.857408 0.641005
vt 0.860802 0.635936
vt 0.375486 0.751202
vt 0.645700 0.753590
vt 0.648450 0.747350
vt 0.560505 0.959784
vt 0.685836 0.772331
vt 0.681580 0.772094
vt 0.690271 0.764585
vt 0.809782 0.801619
vt 0.812159 0.808801
vt 0.010222 0.984335
vt 0.182186 0.961301
vt 0.184405 0.966931
vt 0.180069 0.963289
vt 0.456230 0.749872
vt 0.448750 0.748659
vt 0.447430 0.747240
vt 0.655149 0.700863
vt 0.656718 0.707100
vt 0.453921 0.754844
vt 0.425600 0.667747
vt 0.072718 0.969889
vt 0.076288 0.970777
vt 0.074233 0.972133
vt 0.755821 0.249464
vt 0.754218 0.249269
vt 0.755821 0.246982
vt 0.441604 0.748969
vt 0.439936 0.752423
vt 0.440659 0.748861
vt 0.396262 0.778995
vt 0.392962 0.777905
vt 0.396445 0.778400
vt 0.536781 0.957536
vt 0.543252 0.901090
vt 0.541756 0.901455
vt 0.538223 0.899133
vt 0.556306 0.902269
vt 0.557906 0.904105
vt 0.245555 0.445612
vt 0.245644 0.445567
vt 0.245746 0.445756
vt 0.438002 0.759335
vt 0.448549 0.762130
vt 0.851001 0.978063
vt 0.853106 0.969802
vt 0.853106 0.981170
vt 0.791448 0.795877
vt 0.525374 0.909883
vt 0.780508 0.970504
vt 0.779225 0.970164
vt 0.017107 0.948250
vt 0.549440 0.938769
vt 0.553530 0.936081
vt 0.238966 0.781286
vt 0.240278 0.770645
vt 0.770002 0.969380
vt 0.769330 0.975929
vt 0.769018 0.969989
vt 0.190535 0.969100
vt 0.557891 0.906371
vt 0.558151 0.904265
vt 0.558434 0.904155
vt 0.561493 0.906812
vt 0.181349 0.931656
vt 0.201849 0.961735
vt 0.218940 0.931504
vt 0.446654 0.752298
vt 0.245746 0.499220
vt 0.245168 0.497350
vt 0.245746 0.494978
vt 0.706655 0.860566
vt 0.105118 0.858232
vt 0.429411 0.682742
vt 0.428926 0.687890
vt 0.835710 0.677110
vt 0.706525 0.819713
vt 0.558808 0.915657
vt 0.389322 0.768219
vt 0.975380 0.494616
vt 0.974693 0.495931
vt 0.030129 0.959834
vt 0.022084 0.966654
vt 0.782897 0.965529
vt 0.063255 0.951854
vt 0.429129 0.694448
vt 0.434155 0.693251
vt 0.411686 0.779969
vt 0.466038 0.760027
vt 0.468744 0.777151
vt 0.020871 0.922871
vt 0.012209 0.926405
vt 0.014826 0.922047
vt 0.200285 0.932583
vt 0.199047 0.943323
vt 0.194417 0.930480
vt 0.413594 0.811078
vt 0.970009 0.193456
vt 0.042785 0.919827
vt 0.438782 0.751766
vt 0.674143 0.831902
vt 0.679438 0.828799
vt 0.679234 0.858247
vt 0.673821 0.859919
vt 0.105674 0.861803
vt 0.104203 0.860420
vt 0.105761 0.860763
vt 0.791520 0.846984
vt 0.850420 0.670657
vt 0.844595 0.673304
vt 0.426970 0.696679
vt 0.428211 0.703554
vt 0.970574 0.678507
vt 0.623460 0.737144
vt 0.783236 0.750895
vt 0.783979 0.757449
vt 0.781094 0.756117
vt 0.833028 0.821529
vt 0.828577 0.820140
vt 0.668120 0.819198
vt 0.671534 0.816576
vt 0.671472 0.831686
vt 0.854582 0.665432
vt 0.851079 0.665767
vt 0.853166 0.660559
vt 0.693181 0.746241
vt 0.689449 0.747778
vt 0.696194 0.738447
vt 0.367221 0.764766
vt 0.369611 0.764110
vt 0.736324 0.980405
vt 0.736789 0.971638
vt 0.424103 0.691430
vt 0.426164 0.690767
vt 0.640482 0.778892
vt 0.637557 0.773251
vt 0.788696 0.761380
vt 0.972665 0.183156
vt 0.973653 0.184012
vt 0.971266 0.185762
vt 0.452468 0.759723
vt 0.450501 0.763002
vt 0.422105 0.717641
vt 0.407398 0.718064
vt 0.104296 0.858149
vt 0.677808 0.745325
vt 0.790975 0.814897
vt 0.229589 0.947549
vt 0.229714 0.944794
vt 0.232178 0.952298
vt 0.400147 0.708476
vt 0.504867 0.676115
vt 0.503886 0.673544
vt 0.504867 0.672540
vt 0.550138 0.954347
vt 0.550489 0.952739
vt 0.554461 0.955193
vt 0.977668 0.496239
vt 0.425060 0.759690
vt 0.431681 0.772756
vt 0.415793 0.766842
vt 0.785726 0.765599
vt 0.678381 0.808690
vt 0.685589 0.822928
vt 0.380241 0.782842
vt 0.558043 0.885254
vt 0.061079 0.929916
vt 0.556332 0.914401
vt 0.452563 0.751804
vt 0.449818 0.750759
vt 0.452411 0.797138
vt 0.456535 0.801416
vt 0.449410 0.804222
vt 0.812167 0.782696
vt 0.558133 0.904165
vt 0.686999 0.689016
vt 0.692468 0.687562
vt 0.695995 0.692579
vt 0.820914 0.789108
vt 0.815650 0.738700
vt 0.815126 0.748531
vt 0.808568 0.750753
vt 0.195436 0.946898
vt 0.184225 0.948143
vt 0.856400 0.653879
vt 0.814884 0.757927
vt 0.814902 0.757404
vt 0.815529 0.757858
vt 0.821320 0.758116
vt 0.820419 0.750052
vt 0.676543 0.788123
vt 0.610265 0.822395
vt 0.607096 0.821643
vt 0.839602 0.675506
vt 0.833649 0.670665
vt 0.504902 0.428378
vt 0.504210 0.426823
vt 0.504902 0.426377
vt 0.699493 0.728710
vt 0.692922 0.732385
vt 0.812591 0.765707
vt 0.816074 0.768612
vt 0.816873 0.773367
vt 0.376383 0.760355
vt 0.407190 0.768974
vt 0.003089 0.978985
vt 0.006643 0.971823
vt 0.220680 0.940291
vt 0.245783 0.788102
vt 0.245782 0.789954
vt 0.386848 0.712810
vt 0.658762 0.719276
vt 0.961160 0.182210
vt 0.808056 0.814664
vt 0.052807 0.948820
vt 0.200159 0.975488
vt 0.453872 0.807219
vt 0.000341 0.937383
vt 0.007079 0.933819
vt 0.245709 0.466101
vt 0.244858 0.464339
vt 0.245709 0.461526
vt 0.749175 0.311949
vt 0.750264 0.314043
vt 0.748220 0.312394
vt 0.537020 0.888190
vt 0.535648 0.882900
vt 0.251140 0.972977
vt 0.706655 0.855495
vt 0.460096 0.804749
vt 0.464459 0.799031
vt 0.839962 0.354154
vt 0.843340 0.351416
vt 0.843004 0.355227
vt 0.504770 0.755168
vt 0.800126 0.764423
vt 0.399837 0.781152
vt 0.773905 0.967462
vt 0.771707 0.967087
vt 0.545756 0.970549
vt 0.537905 0.962998
vt 0.545779 0.970468
vt 0.525278 0.937365
vt 0.245168 0.491998
vt 0.244858 0.488048
vt 0.245168 0.481800
vt 0.640260 0.697889
vt 0.839895 0.682686
vt 0.964015 0.181650
vt 0.450104 0.707298
vt 0.454078 0.704321
vt 0.452571 0.710996
vt 0.031808 0.984693
vt 0.032921 0.980188
vt 0.500872 0.810679
vt 0.502217 0.811780
vt 0.042600 0.913736
vt 0.801659 0.757625
vt 0.459681 0.695974
vt 0.214606 0.949657
vt 0.242030 0.524702
vt 0.240720 0.524702
vt 0.241832 0.523124
vt 0.837636 0.661719
vt 0.832421 0.659823
vt 0.454879 0.689000
vt 0.847508 0.354262
vt 0.848344 0.354078
vt 0.847299 0.357335
vt 0.635369 0.777764
vt 0.630655 0.769671
vt 0.674594 0.692302
vt 0.105246 0.965502
vt 0.103555 0.972077
vt 0.103918 0.966277
vt 0.816718 0.828529
vt 0.714587 0.358978
vt 0.713988 0.354548
vt 0.652600 0.775445
vt 0.765334 0.971023
vt 0.767160 0.976574
vt 0.763274 0.976705
vt 0.559931 0.911041
vt 0.103981 0.986978
vt 0.102551 0.990332
vt 0.513633 0.959067
vt 0.514020 0.968303
vt 0.508928 0.966417
vt 0.617700 0.732662
vt 0.460811 0.767922
vt 0.461503 0.763420
vt 0.785178 0.749566
vt 0.965954 0.179619
vt 0.634360 0.763791
vt 0.238966 0.757929
vt 0.244421 0.748822
vt 0.244421 0.763309
vt 0.668285 0.747906
vt 0.817895 0.777843
vt 0.821410 0.773801
vt 0.556654 0.901705
vt 0.557406 0.899836
vt 0.449061 0.716687
vt 0.779176 0.766581
vt 0.389601 0.742218
vt 0.733732 0.979816
vt 0.737764 0.966789
vt 0.435771 0.721742
vt 0.754695 0.315077
vt 0.554421 0.901476
vt 0.555109 0.899523
vt 0.825620 0.781900
vt 0.400320 0.815580
vt 0.807191 0.758952
vt 0.502084 0.804290
vt 0.502227 0.806879
vt 0.502486 0.809169
vt 0.552128 0.903314
vt 0.512619 0.930929
vt 0.816494 0.694579
vt 0.821931 0.694304
vt 0.406370 0.787101
vt 0.544224 0.875588
vt 0.973087 0.210441
vt 0.975923 0.213621
vt 0.385275 0.743348
vt 0.382224 0.743505
vt 0.380744 0.739908
vt 0.380403 0.778428
vt 0.034751 0.972293
vt 0.034398 0.973884
vt 0.057818 0.980790
vt 0.053580 0.975020
vt 0.064304 0.966162
vt 0.005807 0.955912
vt 0.002397 0.951777
vt 0.007308 0.947788
vt 0.033194 0.964783
vt 0.666507 0.707742
vt 0.076343 0.969582
vt 0.859117 0.632860
vt 0.202970 0.980493
vt 0.196922 0.987808
vt 0.030426 0.989916
vt 0.036113 0.992362
vt 0.029611 0.992970
vt 0.466585 0.755036
vt 0.469999 0.760000
vt 0.041581 0.929651
vt 0.041321 0.931945
vt 0.558317 0.880964
vt 0.558059 0.878593
vt 0.561613 0.880572
vt 0.773177 0.964953
vt 0.850082 0.635258
vt 0.849294 0.684157
vt 0.043634 0.962201
vt 0.850632 0.351416
vt 0.850778 0.353487
vt 0.771581 0.963501
vt 0.452275 0.696346
vt 0.244858 0.519176
vt 0.245804 0.518787
vt 0.245804 0.520581
vt 0.836998 0.807332
vt 0.559327 0.924835
vt 0.558374 0.923895
vt 0.559695 0.922893
vt 0.542973 0.977064
vt 0.545726 0.970641
vt 0.548442 0.976441
vt 0.460461 0.767647
vt 0.461681 0.759072
vt 0.253084 0.976741
vt 0.501906 0.728870
vt 0.977668 0.486648
vt 0.530703 0.940691
vt 0.109206 0.989872
vt 0.458097 0.776982
vt 0.035190 0.970188
vt 0.039117 0.965821
vt 0.773197 0.980398
vt 0.770092 0.977055
vt 0.772237 0.972597
vt 0.852507 0.669883
vt 0.222012 0.930928
vt 0.221907 0.931380
vt 0.072015 0.971778
vt 0.557781 0.877042
vt 0.560933 0.877039
vt 0.501070 0.725599
vt 0.504717 0.730384
vt 0.075200 0.982758
vt 0.819671 0.720737
vt 0.227411 0.963626
vt 0.230989 0.967094
vt 0.227586 0.966994
vt 0.226836 0.965038
vt 0.399677 0.772843
vt 0.841486 0.890369
vt 0.504491 0.671285
vt 0.647956 0.688762
vt 0.705579 0.837716
vt 0.551911 0.972555
vt 0.556208 0.964733
vt 0.563212 0.964174
vt 0.813003 0.705705
vt 0.504280 0.798359
vt 0.226248 0.963781
vt 0.224629 0.957412
vt 0.754218 0.239855
vt 0.755715 0.234877
vt 0.755715 0.242292
vt 0.245820 0.975188
vt 0.247961 0.982806
vt 0.409834 0.701272
vt 0.504656 0.443423
vt 0.502861 0.446341
vt 0.502763 0.443542
vt 0.254051 0.978361
vt 0.814204 0.757936
vt 0.681421 0.825884
vt 0.674450 0.819169
vt 0.675086 0.814912
vt 0.221901 0.930887
vt 0.825723 0.811621
vt 0.848396 0.357829
vt 0.850778 0.357374
vt 0.521746 0.979243
vt 0.528113 0.981074
vt 0.814974 0.758961
vt 0.815406 0.764666
vt 0.107274 0.861270
vt 0.108579 0.863183
vt 0.463531 0.773223
vt 0.683108 0.756059
vt 0.261603 0.979376
vt 0.382458 0.731773
vt 0.840232 0.821579
vt 0.840939 0.812719
vt 0.561178 0.919074
vt 0.562212 0.920847
vt 0.559438 0.919462
vt 0.559326 0.919013
vt 0.551276 0.940169
vt 0.027604 0.984033
vt 0.023994 0.990239
vt 0.420388 0.688708
vt 0.461656 0.771234
vt 0.462336 0.768392
vt 0.798131 0.724265
vt 0.241848 0.792408
vt 0.239226 0.793277
vt 0.238966 0.790666
vt 0.014430 0.968160
vt 0.454404 0.759486
vt 0.545742 0.970596
vt 0.537755 0.971214
vt 0.216309 0.945012
vt 0.673938 0.774301
vt 0.671130 0.779776
vt 0.667919 0.777215
vt 0.653335 0.692465
vt 0.654244 0.684542
vt 0.660265 0.690434
vt 0.828207 0.679651
vt 0.072069 0.976310
vt 0.840158 0.897471
vt 0.840670 0.901956
vt 0.829533 0.666575
vt 0.557604 0.899014
vt 0.557596 0.897571
vt 0.560549 0.897875
vt 0.455266 0.750453
vt 0.459508 0.756019
vt 0.453880 0.750686
vt 0.522504 0.918552
vt 0.665116 0.806720
vt 0.668016 0.810977
vt 0.049831 0.953386
vt 0.043315 0.943370
vt 0.782813 0.796083
vt 0.222038 0.930843
vt 0.376019 0.753613
vt 0.969618 0.186992
vt 0.968577 0.191730
vt 0.038229 0.953542
vt 0.738774 0.967233
vt 0.662480 0.712907
vt 0.037629 0.956976
vt 0.037095 0.960032
vt 0.398937 0.787084
vt 0.829913 0.676045
vt 0.828157 0.672269
vt 0.000000 0.974218
vt 0.671000 0.808422
vt 0.002808 0.965912
vt 0.513202 0.942110
vt 0.965011 0.185163
vt 0.962943 0.184139
vt 0.962879 0.182930
vt 0.558119 0.904075
vt 0.431109 0.723239
vt 0.176003 0.910434
vt 0.180317 0.908722
vt 0.220327 0.940542
vt 0.220348 0.940189
vt 0.856647 0.354328
vt 0.858361 0.357651
vt 0.856693 0.358860
vt 0.458317 0.735114
vt 0.468745 0.753139
vt 0.458300 0.745166
vt 0.894311 0.215786
vt 0.886824 0.214012
vt 0.893947 0.211439
vt 0.666369 0.685930
vt 0.825494 0.840442
vt 0.649876 0.734647
vt 0.826598 0.829863
vt 0.231494 0.934061
vt 0.231692 0.941218
vt 0.449122 0.770450
vt 0.449320 0.765859
vt 0.670013 0.788223
vt 0.458157 0.773090
vt 0.392564 0.781066
vt 0.958749 0.185202
vt 0.958692 0.182872
vt 0.959573 0.183136
vt 0.826773 0.676468
vt 0.682984 0.782505
vt 0.686156 0.784548
vt 0.825193 0.357972
vt 0.821866 0.355691
vt 0.706524 0.838012
vt 0.706311 0.824258
vt 0.978594 0.213215
vt 0.827490 0.353636
vt 0.827662 0.358823
vt 0.076234 0.978028
vt 0.608623 0.827182
vt 0.609292 0.823846
vt 0.522146 0.973577
vt 0.678581 0.777221
vt 0.684483 0.778170
vt 0.447511 0.727427
vt 0.500003 0.719145
vt 0.500962 0.714345
vt 0.501315 0.718648
vt 0.245745 0.502581
vt 0.245039 0.501337
vt 0.962547 0.185174
vt 0.786063 0.823562
vt 0.520249 0.929806
vt 0.451007 0.770187
vt 0.077507 0.970297
vt 0.840461 0.356891
vt 0.396371 0.714129
vt 0.667461 0.722255
vt 0.748391 0.315704
vt 0.559671 0.921238
vt 0.248324 0.968941
vt 0.252852 0.968330
vt 0.517388 0.923661
vt 0.814933 0.756741
vt 0.978594 0.183880
vt 0.977429 0.186138
vt 0.550686 0.918448
vt 0.554364 0.919442
vt 0.556828 0.920336
vt 0.175375 0.955832
vt 0.818704 0.781358
vt 0.104871 0.974510
vt 0.740245 0.962798
vt 0.564051 0.917836
vt 0.662663 0.779803
vt 0.645259 0.758546
vt 0.842748 0.644829
vt 0.846488 0.631405
vt 0.834898 0.722090
vt 0.889111 0.218930
vt 0.658338 0.803771
vt 0.653460 0.794340
vt 0.656693 0.795769
vt 0.652072 0.785942
vt 0.241579 0.592203
vt 0.241880 0.576520
vt 0.245239 0.580419
vt 0.974673 0.680736
vt 0.972662 0.680587
vt 0.453855 0.764193
vt 0.771151 0.981735
vt 0.626049 0.705763
vt 0.395536 0.775673
vt 0.395692 0.771329
vt 0.775041 0.967792
vt 0.778832 0.968667
vt 0.684741 0.856506
vt 0.557688 0.906747
vt 0.023354 0.994223
vt 0.409521 0.690068
vt 0.545286 0.919988
vt 0.503931 0.539957
vt 0.503931 0.542606
vt 0.501634 0.539987
vt 0.385186 0.737953
vt 0.818241 0.765373
vt 0.823687 0.764061
vt 0.504656 0.446920
vt 0.389197 0.799061
vt 0.379800 0.726091
vt 0.770150 0.973243
vt 0.975579 0.201481
vt 0.530606 0.915531
vt 0.695731 0.720480
vt 0.699902 0.719790
vt 0.040667 0.952339
vt 0.825209 0.756232
vt 0.415041 0.684702
vt 0.768034 0.979747
vt 0.684780 0.765549
vt 0.688817 0.755989
vt 0.974740 0.674025
vt 0.454748 0.709270
vt 0.202327 0.978834
vt 0.171820 0.943790
vt 0.166628 0.944650
vt 0.511188 0.950366
vt 0.460829 0.756397
vt 0.463158 0.762509
vt 0.505058 0.972401
vt 0.511330 0.975016
vt 0.773784 0.972663
vt 0.824755 0.701395
vt 0.827025 0.693816
vt 0.975976 0.500646
vt 0.502968 0.742978
vt 0.503433 0.735651
vt 0.504873 0.740824
vt 0.062755 0.976416
vt 0.859235 0.351416
vt 0.864471 0.358034
vt 0.862776 0.355931
vt 0.609983 0.827301
vt 0.859235 0.355670
vt 0.021185 0.917212
vt 0.857141 0.661164
vt 0.687214 0.818285
vt 0.685184 0.804916
vt 0.693903 0.821386
vt 0.412305 0.671287
vt 0.414328 0.667557
vt 0.416000 0.678079
vt 0.253947 0.981127
vt 0.821094 0.323575
vt 0.818882 0.321170
vt 0.821094 0.318825
vt 0.626895 0.755896
vt 0.631238 0.752130
vt 0.106329 0.987817
vt 0.549891 0.874925
vt 0.245476 0.593699
vt 0.245476 0.596195
vt 0.243286 0.595152
vt 0.781463 0.743993
vt 0.783002 0.736897
vt 0.417135 0.683613
vt 0.238252 0.792154
vt 0.235515 0.793894
vt 0.235197 0.792692
vt 0.815658 0.766732
vt 0.189911 0.929341
vt 0.237313 0.523535
vt 0.239190 0.523124
vt 0.237345 0.524947
vt 0.245772 0.469929
vt 0.245772 0.477319
vt 0.245300 0.474542
vt 0.826280 0.821349
vt 0.826150 0.818216
vt 0.455847 0.768430
vt 0.557577 0.899404
vt 0.559727 0.899961
vt 0.631385 0.699672
vt 0.503811 0.796737
vt 0.518003 0.917926
vt 0.048921 0.986030
vt 0.239190 0.524986
vt 0.239956 0.523124
vt 0.240720 0.524986
vt 0.659765 0.816292
vt 0.379964 0.714491
vt 0.776932 0.969201
vt 0.231016 0.793404
vt 0.623595 0.701230
vt 0.688553 0.805173
vt 0.231447 0.921905
vt 0.889589 0.215668
vt 0.444304 0.748805
vt 0.686118 0.356048
vt 0.685755 0.352201
vt 0.687294 0.351647
vt 0.219179 0.943676
vt 0.557391 0.896222
vt 0.020082 0.996173
vt 0.007315 0.995449
vt 0.379252 0.743291
vt 0.853443 0.669548
vt 0.855144 0.673588
vt 0.407689 0.780766
vt 0.819220 0.822346
vt 0.824018 0.820410
vt 0.451913 0.763996
vt 0.375991 0.725718
vt 0.034482 0.996173
vt 0.029209 0.994346
vt 0.850261 0.969981
vt 0.850291 0.969837
vt 0.848446 0.978864
vt 0.457035 0.750765
vt 0.504717 0.709743
vt 0.391420 0.774801
vt 0.370513 0.758393
vt 0.826284 0.829488
vt 0.107103 0.963813
vt 0.716776 0.358880
vt 0.716766 0.359012
vt 0.217026 0.937631
vt 0.373597 0.742696
vt 0.464690 0.766397
vt 0.465601 0.767024
vt 0.464929 0.771995
vt 0.787215 0.833535
vt 0.244858 0.456991
vt 0.245681 0.448459
vt 0.245681 0.461526
vt 0.783507 0.973628
vt 0.784384 0.981866
vt 0.779960 0.973704
vt 0.251534 0.972054
vt 0.254051 0.970278
vt 0.042205 0.921731
vt 0.371796 0.744370
vt 0.562013 0.885219
vt 0.558235 0.883203
vt 0.794864 0.738444
vt 0.245722 0.488953
vt 0.245575 0.486013
vt 0.245722 0.481800
vt 0.556331 0.914429
vt 0.222118 0.930594
vt 0.223383 0.918751
vt 0.225160 0.919088
vt 0.446831 0.756691
vt 0.448765 0.758670
vt 0.737004 0.985075
vt 0.738126 0.979329
vt 0.740146 0.984478
vt 0.700655 0.851245
vt 0.695566 0.852968
vt 0.894472 0.218581
vt 0.648840 0.739074
vt 0.457282 0.778146
vt 0.836949 0.841952
vt 0.830659 0.842781
vt 0.779882 0.845419
vt 0.503951 0.708212
vt 0.562656 0.899127
vt 0.442777 0.748758
vt 0.451732 0.728690
vt 0.648018 0.784694
vt 0.649672 0.779942
vt 0.851353 0.628981
vt 0.646459 0.681805
vt 0.388371 0.772767
vt 0.977373 0.414120
vt 0.977373 0.432251
vt 0.974234 0.420075
vt 0.776572 0.987083
vt 0.408485 0.659699
vt 0.839912 0.905654
vt 0.535040 0.938207
vt 0.033314 0.978559
vt 0.247065 0.969035
vt 0.242054 0.794672
vt 0.860364 0.627068
vt 0.017489 0.961763
vt 0.461830 0.776201
vt 0.469834 0.784646
vt 0.908227 0.977912
vt 0.911289 0.970760
vt 0.911289 0.979574
vt 0.376846 0.730415
vt 0.245766 0.478083
vt 0.245725 0.479635
vt 0.244858 0.479672
vt 0.975570 0.196738
vt 0.884490 0.219683
vt 0.854084 0.668051
vt 0.833980 0.736130
vt 0.816865 0.853991
vt 0.823043 0.853022
vt 0.283896 0.981385
vt 0.277851 0.972873
vt 0.283896 0.968330
vt 0.245772 0.757472
vt 0.244421 0.756699
vt 0.245772 0.754895
vt 0.827662 0.351416
vt 0.501664 0.735494
vt 0.502746 0.731772
vt 0.502958 0.735494
vt 0.740048 0.978829
vt 0.740955 0.979601
vt 0.741077 0.983641
vt 0.449151 0.760445
vt 0.228008 0.900946
vt 0.232178 0.901275
vt 0.964193 0.176505
vt 0.244858 0.473972
vt 0.245245 0.474020
vt 0.245300 0.478083
vt 0.455572 0.813523
vt 0.558199 0.928207
vt 0.810831 0.694635
vt 0.238252 0.794240
vt 0.965954 0.178359
vt 0.968569 0.176138
vt 0.968569 0.185202
vt 0.102494 0.971510
vt 0.503083 0.451356
vt 0.456265 0.677391
vt 0.448013 0.648252
vt 0.453320 0.649174
vt 0.825462 0.840733
vt 0.219951 0.940328
vt 0.043375 0.994117
vt 0.741407 0.977650
vt 0.449402 0.814630
vt 0.761898 0.973828
vt 0.376755 0.774137
vt 0.036012 0.966086
vt 0.445923 0.750422
vt 0.220425 0.939444
vt 0.220798 0.936806
vt 0.452056 0.778155
vt 0.503052 0.441116
vt 0.841486 0.904498
vt 0.610885 0.827000
vt 0.861944 0.358217
vt 0.859235 0.355379
vt 0.861944 0.351416
vt 0.244858 0.522780
vt 0.245712 0.520581
vt 0.245712 0.523124
vt 0.751570 0.315882
vt 0.680236 0.768032
vt 0.834625 0.684714
vt 0.537148 0.937205
vt 0.503369 0.811462
vt 0.504280 0.813755
vt 0.778441 0.971254
vt 0.777411 0.971440
vt 0.805063 0.694469
vt 0.538400 0.938340
vt 0.556095 0.934593
vt 0.220334 0.940559
vt 0.858040 0.672085
vt 0.855347 0.670481
vt 0.855405 0.669101
vt 0.856288 0.668849
vt 0.239198 0.726374
vt 0.243437 0.724496
vt 0.976235 0.680443
vt 0.504210 0.424408
vt 0.504636 0.421486
vt 0.504636 0.426377
vt 0.830667 0.848292
vt 0.710872 0.357508
vt 0.712119 0.355539
vt 0.712119 0.358528
vt 0.736715 0.986688
vt 0.606285 0.820325
vt 0.821333 0.353791
vt 0.766766 0.969283
vt 0.854444 0.669317
vt 0.755562 0.224413
vt 0.754682 0.225531
vt 0.743243 0.983922
vt 0.720653 0.359012
vt 0.716776 0.356538
vt 0.718119 0.355258
vt 0.651376 0.680139
vt 0.504526 0.731772
vt 0.374765 0.740191
vt 0.555051 0.919026
vt 0.657460 0.680276
vt 0.210754 0.942291
vt 0.109376 0.963235
vt 0.414185 0.679767
vt 0.710930 0.705623
vt 0.712036 0.705023
vt 0.712036 0.709098
vt 0.781795 0.785490
vt 0.107744 0.855563
vt 0.242054 0.789954
vt 0.185127 0.907104
vt 0.618143 0.760289
vt 0.892035 0.226194
vt 0.820897 0.307094
vt 0.820897 0.311103
vt 0.818882 0.310410
vt 0.666909 0.749694
vt 0.508231 0.930552
vt 0.830208 0.750738
vt 0.504890 0.679921
vt 0.503886 0.677670
vt 0.504890 0.676115
vt 0.245239 0.593699
vt 0.751570 0.313906
vt 0.751570 0.316008
vt 0.040902 0.935072
vt 0.236988 0.788838
vt 0.778528 0.972507
vt 0.239190 0.525129
vt 0.846059 0.351416
vt 0.688335 0.776506
vt 0.610885 0.805160
vt 0.843340 0.358895
vt 0.245300 0.469929
vt 0.245575 0.489020
vt 0.245168 0.484459
vt 0.245575 0.481800
vt 0.720653 0.353294
vt 0.894472 0.229778
vt 0.105478 0.969880
vt 0.659975 0.734873
vt 0.556398 0.917065
vt 0.106036 0.962917
vt 0.104637 0.963693
vt 0.630451 0.774886
vt 0.077507 0.972235
vt 0.245691 0.446039
vt 0.245573 0.445969
vt 0.245627 0.445756
vt 0.504915 0.961941
vt 0.645899 0.757943
vt 0.971678 0.680841
vt 0.504873 0.745483
vt 0.205544 0.931210
vt 0.195815 0.904284
vt 0.201466 0.903143
vt 0.245555 0.446039
vt 0.609597 0.813020
vt 0.769910 0.964326
vt 0.840717 0.720144
vt 0.536769 0.940086
vt 0.826820 0.762828
vt 0.819793 0.313585
vt 0.860802 0.675252
vt 0.605738 0.822145
vt 0.687294 0.356701
vt 0.552306 0.902238
vt 0.190330 0.905614
vt 0.661544 0.981025
vt 0.661446 0.994924
vt 0.652585 0.962109
vt 0.245039 0.504516
vt 0.245483 0.502581
vt 0.245483 0.507542
vt 0.499847 0.811778
vt 0.820943 0.318825
vt 0.818882 0.315809
vt 0.820943 0.313585
vt 0.828328 0.853312
vt 0.819838 0.720641
vt 0.965934 0.182055
vt 0.965104 0.185202
vt 0.245766 0.481800
vt 0.557105 0.918688
vt 0.778877 0.690612
vt 0.783374 0.691739
vt 0.712128 0.356396
vt 0.207162 0.902214
vt 0.839222 0.691192
vt 0.841969 0.689994
vt 0.415494 0.641023
vt 0.788351 0.692707
vt 0.793702 0.693495
vt 0.411046 0.639777
vt 0.458283 0.649955
vt 0.799313 0.694087
vt 0.431185 0.644852
vt 0.436826 0.646068
vt 0.442476 0.647209
vt 0.690224 0.854734
vt 0.169218 0.913991
vt 0.172277 0.912203
vt 0.774956 0.689349
vt 0.223317 0.900877
vt 0.664467 0.982439
vt 0.659948 0.950550
vt 0.664467 0.950336
vt 0.769018 0.716236
vt 0.771693 0.687979
vt 0.656001 0.950785
vt 0.831670 0.693123
vt 0.668618 0.861486
vt 0.305861 0.876563
vt 0.301109 0.868979
vt 0.312894 0.857997
vt 0.314880 0.864284
vt 0.324281 0.900457
vt 0.322870 0.905184
vt 0.321078 0.906231
vt 0.779876 0.926477
vt 0.787756 0.947926
vt 0.773992 0.925630
vt 0.662258 0.870338
vt 0.659707 0.863940
vt 0.667461 0.868098
vt 0.431261 0.840150
vt 0.420862 0.833961
vt 0.426568 0.826840
vt 0.682835 0.899795
vt 0.678966 0.906964
vt 0.671117 0.899328
vt 0.775023 0.893489
vt 0.769018 0.881821
vt 0.778210 0.876928
vt 0.976962 0.866448
vt 0.977424 0.871103
vt 0.974444 0.877598
vt 0.429316 0.884136
vt 0.437535 0.886512
vt 0.433233 0.907906
vt 0.804957 0.892694
vt 0.796151 0.892884
vt 0.803281 0.881108
vt 0.624704 0.938056
vt 0.637295 0.932682
vt 0.638151 0.942206
vt 0.659631 0.915958
vt 0.666668 0.918745
vt 0.658661 0.929407
vt 0.829361 0.949504
vt 0.823662 0.944628
vt 0.832058 0.943918
vt 0.836813 0.946170
vt 0.434678 0.913946
vt 0.437977 0.910741
vt 0.446433 0.913171
vt 0.448292 0.899889
vt 0.439561 0.904901
vt 0.445312 0.881090
vt 0.814500 0.893922
vt 0.808748 0.909021
vt 0.817252 0.908380
vt 0.818571 0.922204
vt 0.798613 0.953136
vt 0.804261 0.942367
vt 0.805695 0.951950
vt 0.620238 0.908800
vt 0.623903 0.920988
vt 0.615589 0.923358
vt 0.647556 0.943688
vt 0.302424 0.886852
vt 0.312930 0.897281
vt 0.306580 0.906485
vt 0.445088 0.867011
vt 0.449230 0.876369
vt 0.785434 0.888391
vt 0.786751 0.900195
vt 0.436992 0.877628
vt 0.440007 0.854565
vt 0.429151 0.855063
vt 0.790362 0.875931
vt 0.404729 0.858089
vt 0.407887 0.871564
vt 0.403114 0.869549
vt 0.629644 0.909598
vt 0.629907 0.918319
vt 0.982382 0.082988
vt 0.988507 0.085820
vt 0.987624 0.087898
vt 0.395848 0.838286
vt 0.382709 0.851989
vt 0.378433 0.839389
vt 0.811222 0.880494
vt 0.818870 0.879892
vt 0.654275 0.941385
vt 0.665862 0.939659
vt 0.654967 0.950336
vt 0.414573 0.825190
vt 0.818948 0.869816
vt 0.810946 0.863192
vt 0.822962 0.860164
vt 0.794155 0.945088
vt 0.787082 0.922609
vt 0.799812 0.903655
vt 0.801417 0.913234
vt 0.638832 0.874307
vt 0.631887 0.871135
vt 0.643672 0.861486
vt 0.649184 0.931487
vt 0.784866 0.909745
vt 0.779728 0.917192
vt 0.776834 0.907447
vt 0.634927 0.895267
vt 0.636072 0.885030
vt 0.642847 0.892600
vt 0.419774 0.880329
vt 0.418969 0.885727
vt 0.414366 0.877086
vt 0.330009 0.859103
vt 0.334837 0.851510
vt 0.330855 0.865901
vt 0.770084 0.898794
vt 0.671248 0.910465
vt 0.684025 0.917547
vt 0.398794 0.826658
vt 0.388932 0.830342
vt 0.383089 0.825695
vt 0.651845 0.894503
vt 0.645063 0.882312
vt 0.648546 0.919085
vt 0.658613 0.908340
vt 0.399622 0.821566
vt 0.641756 0.950336
vt 0.422467 0.857591
vt 0.413513 0.866092
vt 0.399846 0.843853
vt 0.434582 0.815580
vt 0.439161 0.821799
vt 0.425994 0.818701
vt 0.791784 0.954858
vt 0.806008 0.922727
vt 0.793060 0.922287
vt 0.813321 0.941337
vt 0.952763 0.053854
vt 0.954854 0.044667
vt 0.959756 0.052585
vt 0.772262 0.911045
vt 0.676867 0.924969
vt 0.302747 0.876844
vt 0.069050 0.923548
vt 0.068632 0.929037
vt 0.065888 0.936790
vt 0.346085 0.938235
vt 0.346307 0.944603
vt 0.326355 0.928570
vt 0.338318 0.930541
vt 0.806632 0.867674
vt 0.652408 0.862223
vt 0.816385 0.955906
vt 0.812560 0.950145
vt 0.822558 0.954767
vt 0.326479 0.918705
vt 0.819963 0.950146
vt 0.831159 0.951576
vt 0.662441 0.895466
vt 0.448667 0.848766
vt 0.440224 0.833378
vt 0.451450 0.842706
vt 0.679037 0.882873
vt 0.684999 0.889018
vt 0.802935 0.958654
vt 0.409426 0.837618
vt 0.626468 0.892025
vt 0.621709 0.893297
vt 0.621450 0.873760
vt 0.978145 0.077108
vt 0.967885 0.077701
vt 0.969129 0.070188
vt 0.829467 0.869100
vt 0.451450 0.860739
vt 0.649143 0.873549
vt 0.437508 0.838761
vt 0.333227 0.850098
vt 0.416284 0.817734
vt 0.833020 0.915948
vt 0.827434 0.916711
vt 0.826685 0.891701
vt 0.322682 0.857500
vt 0.984921 0.006165
vt 0.978576 0.009941
vt 0.985222 0.000000
vt 0.451141 0.910840
vt 0.450144 0.912533
vt 0.828023 0.925104
vt 0.345993 0.884793
vt 0.351161 0.896955
vt 0.334652 0.890331
vt 0.379971 0.833435
vt 0.421371 0.895202
vt 0.367221 0.845411
vt 0.656057 0.886370
vt 0.790197 0.910484
vt 0.667155 0.882924
vt 0.639040 0.921390
vt 0.837130 0.863543
vt 0.776718 0.870161
vt 0.785572 0.868700
vt 0.643950 0.907798
vt 0.780305 0.862931
vt 0.791996 0.861403
vt 0.204944 0.887424
vt 0.201216 0.876378
vt 0.209841 0.871208
vt 0.215932 0.884263
vt 0.151770 0.927618
vt 0.143159 0.930806
vt 0.146993 0.919944
vt 0.147981 0.876410
vt 0.141718 0.876807
vt 0.146009 0.872272
vt 0.192192 0.849920
vt 0.196084 0.848622
vt 0.199946 0.848563
vt 0.093899 0.939268
vt 0.097581 0.929749
vt 0.103069 0.945935
vt 0.230276 0.863957
vt 0.232843 0.876772
vt 0.223882 0.873787
vt 0.098858 0.899866
vt 0.106123 0.904500
vt 0.094240 0.911330
vt 0.183305 0.852368
vt 0.187551 0.846526
vt 0.913711 0.935138
vt 0.909766 0.940369
vt 0.900762 0.929449
vt 0.586530 0.921575
vt 0.606726 0.919755
vt 0.593860 0.924414
vt 0.121352 0.948711
vt 0.112982 0.946643
vt 0.121439 0.938334
vt 0.925249 0.962056
vt 0.919909 0.969727
vt 0.912937 0.959888
vt 0.931701 0.899402
vt 0.936271 0.894160
vt 0.940608 0.909030
vt 0.098038 0.920069
vt 0.106510 0.915071
vt 0.129374 0.939705
vt 0.122903 0.928927
vt 0.948522 0.946400
vt 0.956245 0.951779
vt 0.948068 0.958334
vt 0.174411 0.874975
vt 0.192284 0.865717
vt 0.193963 0.873976
vt 0.117006 0.956863
vt 0.130991 0.954452
vt 0.898609 0.918093
vt 0.911771 0.920054
vt 0.568515 0.944219
vt 0.571273 0.935638
vt 0.576587 0.945660
vt 0.926492 0.886537
vt 0.936134 0.889033
vt 0.925281 0.888851
vt 0.217377 0.795080
vt 0.216300 0.800358
vt 0.210467 0.798097
vt 0.941383 0.962074
vt 0.946296 0.967020
vt 0.934177 0.970760
vt 0.935289 0.962115
vt 0.226430 0.810492
vt 0.228718 0.827944
vt 0.217922 0.807312
vt 0.137727 0.946586
vt 0.138672 0.933021
vt 0.206045 0.818792
vt 0.210611 0.807618
vt 0.213279 0.828244
vt 0.204147 0.808410
vt 0.129858 0.962917
vt 0.131183 0.915760
vt 0.124135 0.913347
vt 0.133342 0.900779
vt 0.172867 0.842865
vt 0.124942 0.866750
vt 0.122135 0.864854
vt 0.134095 0.864545
vt 0.220940 0.861100
vt 0.230994 0.849148
vt 0.238167 0.847422
vt 0.228292 0.832214
vt 0.240411 0.838599
vt 0.216012 0.833080
vt 0.211827 0.849569
vt 0.947875 0.927540
vt 0.955727 0.927299
vt 0.950299 0.933423
vt 0.185789 0.884388
vt 0.224263 0.839873
vt 0.219967 0.825097
vt 0.228249 0.883844
vt 0.107346 0.952373
vt 0.141699 0.958931
vt 0.146477 0.947910
vt 0.202802 0.822133
vt 0.205433 0.833180
vt 0.919475 0.945325
vt 0.933040 0.945767
vt 0.930685 0.952320
vt 0.180311 0.888895
vt 0.190609 0.898079
vt 0.174659 0.892738
vt 0.231674 0.893732
vt 0.223338 0.891220
vt 0.126149 0.882277
vt 0.130952 0.871029
vt 0.135160 0.878187
vt 0.141105 0.867338
vt 0.136364 0.870372
vt 0.905225 0.950913
vt 0.901554 0.940337
vt 0.117513 0.881982
vt 0.123733 0.872092
vt 0.939448 0.916712
vt 0.932066 0.916308
vt 0.928321 0.909276
vt 0.577835 0.938540
vt 0.904188 0.963772
vt 0.090373 0.920885
vt 0.923883 0.934898
vt 0.935975 0.929700
vt 0.939433 0.937435
vt 0.200385 0.899620
vt 0.192387 0.891514
vt 0.915072 0.901691
vt 0.922732 0.901430
vt 0.201646 0.868359
vt 0.201303 0.859491
vt 0.925849 0.920223
vt 0.111540 0.905011
vt 0.108958 0.881779
vt 0.214826 0.888874
vt 0.149138 0.889892
vt 0.103149 0.879948
vt 0.234607 0.788838
vt 0.235197 0.793422
vt 0.231016 0.793422
vt 0.219063 0.850359
vt 0.211304 0.856293
vt 0.122687 0.902682
vt 0.116016 0.919985
vt 0.609324 0.960135
vt 0.601756 0.963011
vt 0.590311 0.957477
vt 0.114275 0.864368
vt 0.105825 0.935374
vt 0.138678 0.918943
vt 0.588217 0.874925
vt 0.583565 0.888059
vt 0.572233 0.896012
vt 0.199510 0.885509
vt 0.237901 0.855724
vt 0.245519 0.856990
vt 0.239563 0.866090
vt 0.116376 0.911336
vt 0.140596 0.899636
vt 0.168946 0.884759
vt 0.171281 0.877909
vt 0.172622 0.883169
vt 0.169745 0.857756
vt 0.106007 0.925641
vt 0.954291 0.917198
vt 0.946736 0.915577
vt 0.946374 0.906826
vt 0.916929 0.920689
vt 0.903813 0.901585
vt 0.919643 0.889459
vt 0.940176 0.951777
vt 0.106760 0.868267
vt 0.106357 0.864514
vt 0.600669 0.949690
vt 0.208406 0.899311
vt 0.222632 0.794681
vt 0.145705 0.903930
vt 0.245505 0.429681
vt 0.244963 0.444135
vt 0.244858 0.437807
vt 0.955203 0.935415
vt 0.577156 0.905375
vt 0.565691 0.922129
vt 0.564051 0.913077
vt 0.115698 0.871337
vt 0.600817 0.906059
vt 0.608868 0.905781
vt 0.680261 0.351647
vt 0.680261 0.357710
vt 0.674640 0.357517
vt 0.131177 0.927595
vt 0.245505 0.448459
vt 0.908516 0.896403
vt 0.915321 0.889579
vt 0.151596 0.940424
vt 0.105890 0.957617
vt 0.504128 0.605856
vt 0.504588 0.613925
vt 0.503729 0.608832
vt 0.966972 0.061146
vt 0.973860 0.070498
vt 0.150099 0.887665
vt 0.957893 0.042391
vt 0.960079 0.037634
vt 0.961118 0.048807
vt 0.170938 0.875269
vt 0.166628 0.884814
vt 0.152291 0.892765
vt 0.154192 0.905863
vt 0.152665 0.902067
vt 0.951972 0.896101
vt 0.944728 0.888979
vt 0.954236 0.894191
vt 0.916867 0.978849
vt 0.914098 0.976398
vt 0.914184 0.970760
vt 0.916867 0.975178
vt 0.502752 0.472354
vt 0.503970 0.464043
vt 0.504697 0.474426
vt 0.502826 0.459625
vt 0.074522 0.922376
vt 0.072524 0.928707
vt 0.070874 0.945903
vt 0.066414 0.949953
vt 0.068832 0.936890
vt 0.071859 0.937275
vt 0.336560 0.853319
vt 0.343660 0.842704
vt 0.900534 0.900835
vt 0.894327 0.911135
vt 0.891289 0.911387
vt 0.503774 0.478152
vt 0.205006 0.816346
vt 0.198763 0.846765
vt 0.202656 0.838303
vt 0.338251 0.926401
vt 0.340455 0.931509
vt 0.503424 0.451356
vt 0.504641 0.454228
vt 0.502763 0.455326
vt 0.404783 0.869526
vt 0.400535 0.869758
vt 0.400261 0.867494
vt 0.355067 0.831845
vt 0.356015 0.835862
vt 0.350351 0.836543
vt 0.976800 0.019009
vt 0.974995 0.019579
vt 0.980939 0.074605
vt 0.347889 0.887128
vt 0.352362 0.942805
vt 0.350693 0.943840
vt 0.350653 0.938177
vt 0.353317 0.941719
vt 0.504724 0.755168
vt 0.502968 0.751044
vt 0.504724 0.745483
vt 0.167352 0.858797
vt 0.078762 0.918872
vt 0.080332 0.913736
vt 0.084432 0.915455
vt 0.171241 0.835422
vt 0.174360 0.828417
vt 0.356015 0.902156
vt 0.501502 0.628475
vt 0.503760 0.628818
vt 0.424572 0.908313
vt 0.426172 0.905973
vt 0.427155 0.912195
vt 0.330407 0.920788
vt 0.326925 0.915986
vt 0.974219 0.026521
vt 0.969271 0.027865
vt 0.967061 0.964679
vt 0.968998 0.965105
vt 0.967122 0.968683
vt 0.501502 0.635350
vt 0.504373 0.633360
vt 0.504373 0.639109
vt 0.324106 0.906589
vt 0.755584 0.203202
vt 0.755584 0.214650
vt 0.754218 0.204972
vt 0.395133 0.891578
vt 0.390586 0.895285
vt 0.395008 0.871762
vt 0.397054 0.874705
vt 0.952523 0.150909
vt 0.952523 0.171057
vt 0.949931 0.167386
vt 0.352751 0.905276
vt 0.354231 0.907208
vt 0.755688 0.246982
vt 0.754218 0.244379
vt 0.755688 0.242292
vt 0.607187 0.903487
vt 0.325043 0.901052
vt 0.710872 0.352578
vt 0.712046 0.351358
vt 0.712046 0.355539
vt 0.072134 0.918401
vt 0.610730 0.934858
vt 0.608202 0.937532
vt 0.608171 0.929376
vt 0.502763 0.416868
vt 0.504905 0.412334
vt 0.504905 0.421486
vt 0.333419 0.864870
vt 0.891415 0.915634
vt 0.886296 0.920215
vt 0.346832 0.876552
vt 0.345616 0.878094
vt 0.988871 0.081655
vt 0.985492 0.079008
vt 0.806580 0.854742
vt 0.814086 0.855559
vt 0.837130 0.938910
vt 0.383517 0.884725
vt 0.795830 0.870198
vt 0.367441 0.836252
vt 0.911289 0.976730
vt 0.914098 0.970760
vt 0.914098 0.978855
vt 0.372451 0.853113
vt 0.372917 0.866672
vt 0.835162 0.871284
vt 0.832628 0.889419
vt 0.629918 0.945739
vt 0.323081 0.873304
vt 0.680922 0.933053
vt 0.672456 0.936050
vt 0.445263 0.908054
vt 0.835429 0.919184
vt 0.378320 0.875704
vt 0.612700 0.905825
vt 0.611511 0.886588
vt 0.625909 0.867016
vt 0.342362 0.838948
vt 0.680258 0.876850
vt 0.327242 0.849640
vt 0.635840 0.861569
vt 0.956877 0.035517
vt 0.450300 0.906616
vt 0.321973 0.927968
vt 0.347938 0.905902
vt 0.334258 0.899126
vt 0.326198 0.896456
vt 0.445723 0.827151
vt 0.791706 0.959164
vt 0.386677 0.816602
vt 0.962539 0.066888
vt 0.969663 0.980639
vt 0.240947 0.878065
vt 0.239738 0.886460
vt 0.348313 0.834492
vt 0.352204 0.831176
vt 0.832885 0.856052
vt 0.578466 0.917308
vt 0.580861 0.919903
vt 0.577049 0.919082
vt 0.089724 0.900501
vt 0.571024 0.955380
vt 0.580519 0.958527
vt 0.177831 0.829902
vt 0.113746 0.930583
vt 0.245572 0.873978
vt 0.220664 0.802739
vt 0.564722 0.935059
vt 0.172749 0.850968
vt 0.220677 0.900877
vt 0.182344 0.900877
vt 0.090098 0.929355
vt 0.154192 0.947866
vt 0.147408 0.901046
vt 0.901340 0.970760
vt 0.901340 0.980085
vt 0.898008 0.976880
vt 0.204693 0.802936
vt 0.225475 0.799769
vt 0.700655 0.849067
vt 0.707303 0.838892
vt 0.707303 0.855495
vt 0.605585 0.956061
vt 0.289541 0.982265
vt 0.283896 0.975693
vt 0.289541 0.968330
vt 0.895982 0.930518
vt 0.569396 0.897929
vt 0.084432 0.924838
vt 0.089573 0.913736
vt 0.089573 0.928793
vt 0.578711 0.899679
vt 0.898439 0.955908
vt 0.100358 0.950268
vt 0.935014 0.885929
vt 0.942020 0.891171
vt 0.070382 0.952765
vt 0.067093 0.951600
vt 0.244421 0.743763
vt 0.245700 0.738705
vt 0.245700 0.751821
vt 0.956245 0.900126
vt 0.988871 0.000658
vt 0.072770 0.950994
vt 0.170464 0.850727
vt 0.977424 0.880982
vt 0.889026 0.922032
vt 0.908572 0.893189
vt 0.504046 0.408090
vt 0.078716 0.963502
vt 0.077398 0.965301
vt 0.068802 0.956532
vt 0.610730 0.907548
vt 0.608115 0.924552
vt 0.075337 0.956883
vt 0.080202 0.962730
vt 0.504641 0.458684
vt 0.504909 0.487067
vt 0.503192 0.489891
vt 0.501634 0.488322
vt 0.502859 0.475792
vt 0.502340 0.494076
vt 0.504909 0.493939
vt 0.504588 0.631925
vt 0.502038 0.633360
vt 0.354065 0.948355
vt 0.350558 0.951007
vt 0.504777 0.766160
vt 0.502968 0.765635
vt 0.504777 0.761180
vt 0.969663 0.961053
vt 0.084432 0.967831
vt 0.972605 0.870010
vt 0.974444 0.866448
vt 0.974444 0.884216
vt 0.971210 0.884127
vt 0.083013 0.969582
s 1
usemtl Material.003
f 420/1/1 5/2/1 4/3/1
f 369/4/2 421/5/3 422/6/4
f 313/7/5 5/8/5 434/9/5
f 5/8/6 313/7/6 309/10/6
f 314/11/7 7/12/8 315/13/9
f 7/12/8 314/11/7 320/14/10
f 434/15/11 5/2/11 420/1/11
f 8/16/12 310/17/12 315/18/12
f 9/19/13 11/20/14 10/21/15
f 315/18/16 7/22/16 12/23/16
f 8/16/17 403/24/17 10/21/17
f 403/24/18 8/16/18 404/25/18
f 316/26/19 360/27/19 12/23/19
f 315/18/20 404/25/20 8/16/20
f 404/25/21 315/18/21 12/23/21
f 360/27/22 316/26/22 6/28/22
f 12/23/23 378/29/23 13/30/23
f 360/27/24 378/29/24 12/23/24
f 310/17/25 11/20/26 9/19/27
f 7/22/28 316/26/28 12/23/28
f 320/14/29 316/31/29 7/12/29
f 316/31/30 320/14/30 318/32/30
f 312/33/31 4/3/31 5/2/31
f 312/33/32 414/34/32 4/3/32
f 414/34/33 312/33/33 9/19/33
f 310/17/25 9/19/27 312/33/34
f 11/20/35 310/17/35 8/16/35
f 10/21/36 11/20/36 8/16/36
f 425/35/37 15/36/37 426/37/37
f 426/37/38 15/36/38 16/38/38
f 16/38/39 441/39/39 426/37/39
f 441/39/40 16/38/40 394/40/40
f 342/41/41 427/42/41 17/43/41
f 427/42/42 342/41/42 438/44/42
f 15/36/43 425/35/43 420/45/43
f 15/36/44 420/45/44 4/46/44
f 370/47/45 443/48/45 442/49/45
f 19/50/46 370/47/46 371/51/46
f 370/47/47 19/50/47 18/52/47
f 356/53/48 371/51/48 372/54/48
f 16/38/49 395/55/49 394/40/49
f 342/41/50 380/56/50 392/57/50
f 380/56/51 342/41/51 17/43/51
f 4/46/52 414/58/52 415/59/52
f 416/60/53 15/36/53 4/46/53
f 4/46/54 415/59/54 416/60/54
f 16/38/55 15/36/55 418/61/55
f 395/55/56 381/62/56 380/56/56
f 16/38/57 381/62/57 395/55/57
f 16/38/58 418/61/58 381/62/58
f 20/63/59 9/19/13 10/21/15
f 19/50/60 356/53/60 362/64/60
f 362/64/61 361/65/61 19/50/61
f 363/66/62 359/67/62 364/68/62
f 359/67/63 363/66/63 67/69/63
f 22/70/64 23/71/64 405/72/64
f 31/73/65 28/74/65 21/75/65
f 29/76/66 33/77/66 30/78/66
f 27/79/67 76/80/67 24/81/67
f 76/80/68 27/79/68 21/75/68
f 405/72/69 27/82/69 24/83/69
f 27/79/70 405/84/70 406/85/70
f 25/86/71 22/70/71 32/87/71
f 57/88/72 360/89/72 365/90/72
f 357/91/73 61/92/73 361/93/73
f 32/94/74 29/76/74 25/95/74
f 18/52/75 361/65/75 365/90/75
f 361/65/76 18/52/76 19/50/76
f 27/79/77 31/73/77 21/75/77
f 29/76/78 308/96/78 33/77/78
f 308/97/79 29/98/79 32/87/79
f 23/71/80 22/70/80 25/86/80
f 35/99/81 445/100/81 446/101/81
f 37/102/82 397/103/82 339/104/82
f 397/105/83 37/106/83 36/107/83
f 388/108/84 339/104/84 389/109/84
f 339/104/85 388/108/85 37/102/85
f 38/110/86 447/111/86 1629/112/86
f 1/113/87 3/114/87 430/115/87
f 1/113/88 383/116/88 35/99/88
f 383/116/89 1/113/89 430/115/89
f 35/99/90 1780/117/90 1/113/90
f 1781/118/91 38/119/91 1778/120/91
f 2/121/92 1780/117/92 39/122/92
f 39/122/93 1780/117/93 390/123/93
f 39/124/94 38/119/94 2/125/94
f 41/126/95 398/127/95 36/107/95
f 398/127/96 41/126/96 1624/128/96
f 1779/129/97 450/130/97 42/131/97
f 41/126/98 340/132/98 1624/128/98
f 366/133/99 341/134/100 367/135/101
f 341/134/100 366/133/99 40/136/102
f 43/137/103 1778/120/103 38/119/103
f 373/138/104 437/139/105 374/140/106
f 437/139/105 373/138/104 432/141/107
f 375/142/108 1779/143/108 42/144/108
f 1735/145/109 1779/146/109 375/147/109
f 433/148/110 1735/145/110 375/147/110
f 2/125/111 38/119/111 1781/118/111
f 1779/129/112 1778/120/112 450/130/112
f 41/126/113 367/135/113 340/132/113
f 431/149/114 440/150/115 384/151/116
f 396/152/117 384/151/117 385/153/117
f 396/152/118 385/153/118 34/154/118
f 431/149/114 384/151/116 396/152/119
f 373/138/120 336/155/120 376/156/120
f 336/155/121 373/138/121 40/157/121
f 336/155/122 377/158/122 376/156/122
f 385/153/123 391/159/123 393/160/123
f 391/159/124 385/153/124 14/161/124
f 386/162/125 1623/163/125 36/107/125
f 36/107/126 37/106/126 386/162/126
f 34/154/127 393/160/127 388/108/127
f 37/106/128 387/164/128 386/162/128
f 1623/163/129 1628/165/130 67/69/131
f 67/69/132 368/166/132 337/167/132
f 336/155/133 363/168/133 358/169/133
f 363/168/134 336/155/134 368/170/134
f 36/107/135 337/167/135 41/126/135
f 337/167/136 36/107/136 1623/163/136
f 346/171/137 325/172/138 350/173/139
f 325/172/138 346/171/137 47/174/140
f 28/74/141 322/175/141 321/176/141
f 25/86/142 400/177/142 23/71/142
f 1545/178/143 1625/179/143 26/180/143
f 1545/178/144 28/181/144 321/182/144
f 344/183/145 329/184/145 351/185/145
f 329/184/146 344/183/147 53/186/148
f 29/76/149 30/78/149 324/187/149
f 348/188/150 330/189/151 352/190/152
f 330/189/153 348/188/153 51/191/153
f 399/192/154 406/193/154 408/194/154
f 406/85/155 399/195/155 27/79/155
f 29/76/156 402/196/156 25/95/156
f 1626/197/157 331/198/157 353/199/157
f 331/198/158 1626/197/158 1627/200/158
f 28/74/159 401/201/159 322/175/159
f 401/201/160 28/74/160 31/73/160
f 47/174/161 44/202/161 45/203/161
f 45/203/162 325/172/162 47/174/162
f 325/172/163 45/203/163 1627/204/163
f 48/205/164 1556/206/164 44/202/164
f 44/202/165 327/207/165 48/205/165
f 327/207/166 44/202/166 47/174/166
f 49/208/167 1563/209/167 1556/210/167
f 1556/210/168 328/211/168 49/208/168
f 328/211/169 1556/210/169 48/212/169
f 50/213/170 1557/214/170 1558/215/170
f 1558/215/171 326/216/171 50/213/171
f 1563/209/172 326/216/173 1558/215/174
f 1563/209/172 49/208/175 326/216/173
f 51/191/176 1562/217/176 1557/214/176
f 1557/214/177 330/189/177 51/191/177
f 330/189/178 1557/214/178 50/213/178
f 1561/218/179 332/219/179 52/220/179
f 332/219/180 1561/218/180 53/221/180
f 52/222/181 46/223/181 1561/224/181
f 1562/225/182 329/226/182 53/221/182
f 329/226/183 1562/225/183 51/227/183
f 53/221/184 1561/218/184 1562/225/184
f 1627/204/185 45/203/186 46/223/187
f 46/223/187 331/228/188 1627/204/185
f 331/228/189 46/223/189 52/222/189
f 26/229/190 335/230/190 324/187/190
f 31/73/191 399/195/191 401/201/191
f 399/195/192 31/73/192 27/79/192
f 20/231/193 54/232/194 417/233/195
f 55/234/196 56/235/196 13/30/196
f 1554/236/197 1555/237/197 57/238/197
f 1555/239/198 58/240/199 55/241/200
f 58/242/201 409/243/201 56/235/201
f 59/244/202 20/63/202 60/245/202
f 417/233/203 54/232/203 1546/246/203
f 59/247/204 54/232/194 20/231/193
f 381/62/205 419/248/205 379/249/205
f 61/250/206 1548/251/207 57/88/208
f 62/252/209 379/249/209 63/253/209
f 1549/254/210 1546/255/211 64/256/212
f 1553/257/213 1628/165/213 65/258/213
f 359/259/214 66/260/214 1547/261/214
f 1547/262/215 357/263/215 359/264/215
f 357/263/216 1548/251/207 61/250/206
f 1628/165/217 68/265/217 67/69/217
f 1547/266/218 66/267/218 1550/268/218
f 69/269/219 1552/270/220 410/271/221
f 70/272/222 72/273/222 73/274/222
f 1555/275/223 70/272/223 1551/276/223
f 64/277/224 54/232/224 74/278/224
f 1545/178/225 1549/279/225 64/280/225
f 26/281/226 1547/282/226 1549/254/226
f 1545/178/227 26/180/227 1549/279/227
f 1547/262/228 30/78/228 33/77/228
f 59/247/229 71/283/229 75/284/229
f 69/285/230 75/284/230 71/283/230
f 64/277/231 21/75/231 28/74/231
f 64/286/232 28/287/232 1545/288/232
f 54/232/233 59/247/233 74/278/233
f 75/284/234 74/278/235 59/247/236
f 1547/262/237 26/229/237 30/78/237
f 1548/251/238 357/263/238 1547/262/238
f 1547/262/239 33/77/239 1548/251/239
f 1546/255/211 1549/254/210 1550/289/240
f 1549/254/241 1547/282/241 1550/289/241
f 418/61/242 1546/246/242 419/248/242
f 1546/246/243 418/61/243 417/233/243
f 65/258/244 62/290/244 1553/257/244
f 68/265/245 66/267/245 67/69/245
f 63/291/246 1553/257/246 62/290/246
f 66/267/247 68/265/247 1550/268/247
f 359/67/248 67/69/248 66/267/248
f 411/292/249 69/269/249 410/271/250
f 69/269/249 411/292/249 77/293/251
f 72/273/252 32/87/252 22/70/252
f 64/277/253 74/278/253 21/75/253
f 54/232/254 64/277/254 1546/246/254
f 78/294/255 69/285/255 77/295/255
f 69/285/256 78/294/256 75/284/256
f 308/97/257 32/87/257 72/273/257
f 308/96/258 1548/251/259 33/77/260
f 21/75/261 75/284/234 78/294/262
f 75/284/234 21/75/261 74/278/235
f 71/296/263 59/244/263 60/245/263
f 1551/297/264 1552/270/264 412/298/264
f 58/240/199 56/299/265 55/241/200
f 403/24/266 56/235/266 409/243/266
f 56/235/267 403/24/267 13/30/267
f 1555/300/268 55/301/268 57/88/268
f 308/96/269 72/302/269 1554/303/269
f 1548/251/270 1554/303/270 57/88/270
f 1554/303/271 1548/251/259 308/96/258
f 68/265/272 1553/257/272 1550/268/272
f 1553/257/273 68/265/273 1628/165/273
f 1550/268/274 1553/257/274 63/291/274
f 63/291/275 1546/304/275 1550/268/275
f 419/248/276 63/253/276 379/249/276
f 63/253/277 419/248/277 1546/246/277
f 78/294/278 77/295/278 24/81/278
f 405/72/279 73/274/279 22/70/279
f 73/274/280 405/72/280 411/305/280
f 21/75/281 78/294/281 76/80/281
f 24/81/282 76/80/282 78/294/282
f 72/273/283 22/70/283 73/274/283
f 73/274/284 410/306/285 70/272/286
f 1554/303/287 72/302/287 1555/300/287
f 70/272/288 1555/275/288 72/273/288
f 1551/297/289 412/298/289 58/242/289
f 60/245/290 20/63/290 10/21/290
f 409/243/291 60/245/291 10/21/291
f 60/245/292 409/243/292 412/298/292
f 1555/307/293 1551/308/293 58/309/293
f 1563/310/294 79/311/294 1556/312/294
f 80/313/295 1562/314/295 81/315/295
f 82/316/296 1558/317/296 1557/318/296
f 1558/317/297 82/316/297 1563/319/297
f 83/320/298 84/321/298 85/322/298
f 86/323/299 83/320/299 87/324/299
f 88/325/300 86/326/300 89/327/300
f 88/325/301 90/328/301 86/326/301
f 91/329/302 90/328/303 92/330/304
f 1564/331/305 91/329/305 92/330/305
f 93/332/306 84/321/306 83/320/306
f 94/333/307 1559/334/308 1560/335/309
f 1560/335/310 95/336/310 91/337/310
f 1560/335/311 1559/334/311 95/336/311
f 96/338/312 97/339/312 98/340/312
f 99/341/313 100/342/313 101/343/313
f 102/344/314 87/324/314 103/345/314
f 92/330/315 88/325/315 104/346/315
f 1564/347/316 92/348/316 46/349/316
f 80/350/317 105/351/317 1562/352/317
f 105/353/318 103/345/318 85/322/318
f 106/354/319 93/332/319 83/320/319
f 87/324/320 89/355/320 86/323/320
f 106/356/321 90/328/321 95/357/321
f 106/356/322 86/326/322 90/328/322
f 90/358/323 88/359/323 92/360/323
f 107/361/324 108/362/324 109/363/324
f 108/362/325 107/361/325 93/332/325
f 106/356/326 110/364/326 111/365/326
f 110/364/327 106/356/327 95/357/327
f 93/332/328 111/366/328 108/362/328
f 111/366/329 93/332/329 106/354/329
f 96/338/330 112/367/330 97/339/330
f 96/338/331 107/368/331 113/369/331
f 114/370/332 100/342/332 99/341/332
f 1556/312/333 79/311/333 115/371/333
f 1557/318/334 1562/352/334 105/351/334
f 105/351/335 82/316/335 1557/318/335
f 81/315/336 46/372/336 92/330/336
f 80/313/337 103/373/337 105/374/337
f 95/357/338 90/328/303 91/329/302
f 106/354/339 83/320/339 86/323/339
f 88/325/340 102/375/340 104/346/340
f 104/346/341 102/375/341 80/313/341
f 1560/335/342 91/337/342 1564/376/342
f 94/333/307 1565/377/343 1559/334/308
f 94/378/344 100/379/344 116/380/344
f 87/324/345 83/320/345 85/322/345
f 107/361/346 84/321/346 93/332/346
f 45/381/347 44/382/347 115/383/347
f 1556/312/348 115/371/348 44/384/348
f 1561/385/349 81/315/349 1562/314/349
f 82/386/350 79/311/350 1563/310/350
f 117/387/351 115/371/351 79/311/351
f 98/388/352 85/322/352 84/321/352
f 82/389/353 85/390/353 98/391/353
f 107/361/354 98/388/354 84/321/354
f 117/392/355 1560/335/355 1564/376/355
f 115/393/356 117/392/356 1564/376/356
f 82/386/357 101/394/357 79/311/357
f 82/389/358 105/395/358 85/390/358
f 101/394/359 118/396/360 117/387/361
f 117/387/362 79/311/362 101/394/362
f 1565/397/363 110/398/363 95/399/363
f 95/336/364 1559/334/364 1565/377/364
f 1564/376/365 45/400/365 115/393/365
f 1564/376/366 46/401/366 45/400/366
f 81/315/367 1561/385/367 46/372/367
f 119/402/368 120/403/368 121/404/368
f 122/405/369 1567/406/369 120/403/369
f 1566/407/370 1567/408/370 122/409/370
f 123/410/371 119/411/371 124/412/371
f 125/413/372 1567/408/372 1566/407/372
f 126/414/373 127/415/373 125/416/373
f 128/417/374 1567/408/374 125/413/374
f 125/416/375 127/415/375 128/418/375
f 126/414/376 129/419/376 127/415/376
f 124/412/377 129/420/377 130/421/377
f 124/422/378 119/423/378 131/424/378
f 122/405/379 119/402/379 123/425/379
f 129/420/380 131/426/380 132/427/380
f 122/405/381 120/403/381 119/402/381
f 119/428/382 121/429/382 131/430/382
f 125/416/383 133/431/383 134/432/383
f 126/414/384 125/416/384 134/432/384
f 124/412/385 131/426/385 129/420/385
f 129/419/386 132/433/387 127/415/388
f 109/363/389 124/412/389 130/421/389
f 124/412/390 109/363/390 108/362/390
f 123/425/391 110/364/391 122/405/391
f 110/364/392 123/425/392 111/365/392
f 124/412/393 111/366/393 123/410/393
f 111/366/394 124/412/394 108/362/394
f 130/434/395 112/367/396 113/369/397
f 135/435/398 126/414/398 134/432/398
f 133/431/399 135/435/399 134/432/399
f 116/436/400 1566/407/400 1565/377/400
f 110/398/401 1565/397/401 1566/437/401
f 1566/437/402 122/438/402 110/398/402
f 135/435/403 136/439/403 97/339/403
f 98/340/404 97/339/404 101/394/404
f 126/414/405 135/435/405 112/367/405
f 97/339/406 112/367/406 135/435/406
f 113/369/407 112/367/407 96/338/407
f 107/368/408 96/338/408 98/340/408
f 130/434/409 113/369/409 109/440/409
f 113/369/410 107/368/410 109/440/410
f 112/367/396 130/434/395 126/414/411
f 130/434/412 129/419/412 126/414/412
f 135/435/413 99/441/413 136/439/413
f 101/343/414 100/342/414 118/442/414
f 133/443/415 1566/407/415 114/370/415
f 114/444/416 99/441/416 135/435/416
f 114/444/417 135/435/417 133/431/417
f 125/413/418 1566/407/418 133/443/418
f 136/439/419 99/441/419 101/394/419
f 136/439/420 101/394/420 97/339/420
f 101/394/421 82/386/421 98/340/421
f 118/396/360 1560/445/422 117/387/361
f 118/396/423 94/378/423 1560/445/423
f 116/436/424 1565/377/424 94/333/424
f 100/379/425 94/378/425 118/396/425
f 114/370/426 1566/407/426 116/436/426
f 116/436/427 100/342/427 114/370/427
f 1573/446/428 1567/408/428 128/417/428
f 128/417/429 137/447/429 1573/446/429
f 137/448/430 128/449/430 127/450/430
f 1576/451/431 138/452/431 139/453/431
f 1580/454/432 139/455/432 1572/456/432
f 140/457/433 141/458/434 142/459/435
f 143/460/436 144/461/436 142/462/436
f 145/463/437 146/464/437 147/465/437
f 148/466/438 145/463/438 149/467/438
f 150/468/439 151/469/439 149/467/439
f 152/470/440 153/471/440 1583/472/440
f 1570/473/441 1587/474/441 154/475/441
f 155/476/442 156/477/442 1587/474/442
f 157/478/443 1583/479/443 1588/480/443
f 153/471/444 152/470/445 158/481/446
f 159/482/447 158/481/447 152/470/447
f 160/483/448 1571/484/448 1568/485/448
f 1568/485/449 161/486/449 160/483/449
f 162/487/450 163/488/450 1570/489/450
f 121/404/451 150/468/451 131/490/451
f 120/403/452 150/468/452 121/404/452
f 150/468/453 120/403/453 151/469/453
f 164/491/454 151/469/455 120/403/456
f 1615/492/457 1573/446/457 165/493/457
f 137/447/458 165/493/458 1573/446/458
f 166/494/459 1616/495/459 167/496/459
f 165/493/460 168/497/460 1615/492/460
f 169/498/461 170/499/461 171/500/461
f 172/501/462 173/502/462 174/503/462
f 1577/504/463 1578/505/463 175/506/463
f 175/506/464 176/507/464 1577/504/464
f 177/508/465 1578/509/465 1579/510/465
f 177/508/466 175/511/466 1578/509/466
f 178/512/467 175/506/467 177/513/467
f 177/508/468 1579/510/468 179/514/468
f 179/514/469 178/515/469 177/508/469
f 1574/516/470 167/517/470 180/518/470
f 180/518/471 1575/519/471 1574/516/471
f 181/520/472 171/500/472 182/521/472
f 182/521/473 139/522/473 181/520/473
f 139/522/474 1581/523/474 181/520/474
f 183/524/475 184/525/475 1580/454/475
f 1581/526/476 1580/454/476 184/525/476
f 185/527/477 142/459/477 141/458/477
f 178/512/478 137/528/478 175/506/478
f 176/507/479 175/506/479 137/528/479
f 150/529/480 186/530/480 131/426/480
f 187/531/481 188/532/481 186/530/481
f 187/533/482 149/467/482 147/465/482
f 159/482/483 152/470/483 189/534/483
f 176/507/484 189/534/484 152/470/484
f 1583/472/485 1584/535/485 152/470/485
f 1584/535/486 1577/504/486 152/470/486
f 1577/504/487 176/507/487 152/470/487
f 190/536/488 174/537/488 191/538/488
f 142/459/489 185/527/489 190/536/489
f 140/539/490 192/540/490 164/541/490
f 148/542/491 164/543/491 192/544/491
f 193/545/492 194/546/492 195/547/492
f 146/548/493 145/549/493 196/550/493
f 196/551/494 197/552/494 194/546/494
f 194/546/495 197/552/495 195/547/495
f 193/545/496 198/553/496 199/554/496
f 1571/555/497 200/556/497 1568/557/497
f 201/558/498 1586/559/498 1568/557/498
f 202/560/499 161/486/499 1586/561/499
f 1569/562/500 203/563/500 204/564/500
f 204/564/501 1570/489/501 1569/562/501
f 1569/565/502 1570/473/502 205/566/502
f 205/566/503 206/567/503 1569/565/503
f 155/568/504 207/569/504 208/570/504
f 207/571/505 155/572/505 209/573/505
f 1611/574/506 210/575/506 211/576/506
f 210/577/507 1611/578/507 212/579/507
f 1582/580/508 213/581/508 214/582/508
f 213/583/509 1582/584/509 215/585/509
f 1587/474/510 1570/473/510 216/586/510
f 163/488/511 216/587/511 1570/489/511
f 156/588/512 217/589/512 154/590/512
f 218/591/513 203/592/513 219/593/513
f 218/591/514 219/593/515 220/594/516
f 219/593/515 221/595/517 220/594/516
f 1571/555/518 1614/596/518 200/556/518
f 203/597/519 206/567/519 1585/598/519
f 176/507/520 222/599/520 189/534/520
f 127/600/521 176/507/521 137/528/521
f 210/575/522 223/601/522 211/576/522
f 207/569/523 224/602/523 225/603/523
f 224/604/524 213/583/524 215/585/524
f 224/604/525 215/585/525 225/605/525
f 213/606/526 226/607/526 227/608/526
f 226/607/527 210/577/527 212/579/527
f 226/607/528 212/579/529 227/608/530
f 189/609/531 209/573/531 159/610/531
f 209/573/532 189/609/532 207/571/532
f 131/426/533 188/532/533 132/427/533
f 210/577/534 228/611/534 188/532/534
f 228/611/535 229/612/535 132/427/535
f 224/604/536 229/613/536 213/583/536
f 230/614/537 229/615/537 224/616/537
f 229/617/538 226/618/538 213/619/538
f 224/620/539 222/621/539 230/622/539
f 176/507/540 127/600/540 222/599/540
f 158/623/541 159/610/541 209/573/541
f 216/587/542 163/488/542 158/623/542
f 204/564/543 218/624/544 160/625/545
f 160/625/546 161/626/546 204/564/546
f 163/488/547 162/487/547 202/627/547
f 161/626/548 202/627/548 162/487/548
f 1572/628/549 231/629/549 232/630/549
f 1567/408/550 1573/446/550 141/458/550
f 185/527/551 141/458/551 1573/446/551
f 1573/446/552 1615/492/552 190/536/552
f 190/536/553 185/527/553 1573/446/553
f 1616/495/554 166/494/554 171/631/554
f 173/632/555 172/633/555 1615/492/555
f 182/634/556 171/631/556 1574/635/556
f 1574/635/557 1575/636/557 182/634/557
f 178/512/558 165/637/558 137/528/558
f 233/638/559 179/639/559 234/640/559
f 234/640/560 168/641/560 233/638/560
f 180/518/561 167/517/561 234/640/561
f 184/642/562 183/643/562 180/518/562
f 231/629/563 138/452/563 1576/451/563
f 1572/456/564 183/524/564 1580/454/564
f 232/644/565 183/643/565 1572/645/565
f 143/460/566 174/646/566 1577/647/566
f 1578/648/567 1577/647/567 174/646/567
f 1578/648/568 174/646/568 170/649/568
f 169/498/569 1579/650/569 170/499/569
f 139/522/570 1580/651/570 1581/523/570
f 174/646/571 143/460/571 191/652/571
f 140/653/572 142/462/572 144/461/572
f 164/491/454 148/466/573 151/469/455
f 164/654/574 120/655/574 141/458/574
f 1567/408/575 141/458/575 120/655/575
f 140/457/433 164/654/576 141/458/434
f 196/551/577 194/546/577 1611/656/577
f 194/546/578 193/545/578 1582/657/578
f 193/545/579 199/554/579 155/658/579
f 199/659/580 156/477/580 155/476/580
f 1584/660/581 1583/479/581 199/661/581
f 156/662/582 199/663/582 217/664/582
f 199/661/583 198/665/583 1584/660/583
f 1577/647/584 144/461/584 143/460/584
f 219/593/585 1585/666/585 1614/667/585
f 203/592/586 1585/666/586 219/593/586
f 1614/667/587 221/595/587 219/593/587
f 1614/596/588 1585/668/588 206/669/588
f 197/552/589 192/670/589 195/547/589
f 140/653/590 144/461/590 192/670/590
f 148/466/591 149/467/591 151/469/591
f 145/671/592 148/672/592 197/552/592
f 149/673/593 186/530/593 150/529/593
f 149/467/594 145/463/594 147/465/594
f 148/672/595 192/670/595 197/552/595
f 196/551/596 145/671/596 197/552/596
f 198/665/597 1577/674/597 1584/660/597
f 1577/674/598 198/665/598 144/675/598
f 198/553/599 195/547/599 144/461/599
f 193/545/600 195/547/600 198/553/600
f 195/547/601 192/670/601 144/461/601
f 189/609/602 222/676/602 207/571/602
f 224/602/603 207/569/603 222/677/603
f 228/611/604 226/607/604 229/612/604
f 127/415/388 132/433/387 229/678/388
f 188/532/605 228/611/605 132/427/605
f 187/531/606 235/679/606 188/532/606
f 127/415/388 229/678/388 230/680/388
f 222/621/607 127/681/607 230/622/607
f 210/577/608 226/607/608 228/611/608
f 220/682/609 160/625/545 218/624/544
f 220/683/610 1571/484/610 160/483/610
f 162/487/611 204/564/611 161/626/611
f 162/487/612 1570/489/612 204/564/612
f 1568/557/613 200/556/613 201/558/613
f 1586/561/614 161/486/614 1568/485/614
f 154/475/615 205/566/615 1570/473/615
f 154/590/616 157/478/616 201/558/616
f 203/597/617 1569/565/617 206/567/617
f 203/563/618 218/624/618 204/564/618
f 1586/561/619 153/471/619 202/560/619
f 153/471/620 1588/684/620 1583/472/620
f 202/627/621 158/623/621 163/488/621
f 158/481/446 202/560/622 153/471/444
f 209/573/623 216/587/623 158/623/623
f 216/587/624 209/573/624 1587/685/624
f 155/572/625 1587/685/624 209/573/624
f 154/475/626 1587/474/626 156/477/626
f 153/686/627 1586/559/627 1588/480/627
f 1588/480/628 1586/559/628 157/478/628
f 200/556/629 1614/596/629 206/669/629
f 200/556/630 206/669/630 201/558/630
f 201/558/631 206/669/631 205/687/631
f 205/687/632 154/590/632 201/558/632
f 157/478/633 1586/559/633 201/558/633
f 154/590/634 217/589/634 157/478/634
f 217/589/635 199/661/635 1583/479/635
f 217/589/636 1583/479/636 157/478/636
f 208/570/637 236/688/637 155/568/637
f 1589/689/638 237/690/638 238/691/638
f 1582/692/639 239/693/639 237/690/639
f 240/694/640 241/695/640 1595/696/640
f 236/688/641 208/570/642 242/697/643
f 225/603/644 242/697/644 208/570/644
f 243/698/645 1590/699/645 1591/700/645
f 1591/700/646 244/701/646 243/698/646
f 245/702/647 246/703/647 1589/704/647
f 1590/705/648 247/706/648 1591/707/648
f 248/708/649 249/709/649 1591/707/649
f 250/710/650 244/701/650 249/711/650
f 1592/712/651 1594/713/651 251/714/651
f 251/714/652 1589/704/652 1592/712/652
f 1592/715/653 1589/689/653 252/716/653
f 252/716/654 253/717/654 1592/715/654
f 237/718/655 1589/704/655 254/719/655
f 246/703/656 254/719/656 1589/704/656
f 239/720/657 241/695/657 238/721/657
f 255/722/658 1594/723/658 256/724/658
f 255/722/659 256/724/659 257/725/659
f 256/724/660 258/726/660 257/725/660
f 1590/705/661 1593/727/661 247/706/661
f 1594/728/662 253/717/662 259/729/662
f 242/730/663 225/605/663 215/585/663
f 254/719/664 246/703/665 242/730/664
f 251/714/666 255/731/666 243/732/666
f 243/732/667 244/733/667 251/714/667
f 246/703/668 245/702/668 250/734/668
f 244/733/669 250/734/669 245/702/669
f 193/735/670 239/693/670 1582/692/670
f 239/736/671 193/737/671 241/738/671
f 256/739/672 259/740/672 1593/727/672
f 1594/728/673 259/729/673 256/741/673
f 1593/727/674 258/742/674 256/739/674
f 1593/727/675 259/740/675 253/743/675
f 257/744/676 243/732/676 255/731/676
f 257/745/677 1590/699/677 243/698/677
f 245/702/678 251/714/678 244/733/678
f 245/702/679 1589/704/679 251/714/679
f 1591/707/680 247/706/680 248/708/680
f 249/711/681 244/701/681 1591/700/681
f 238/691/682 252/716/682 1589/689/682
f 238/721/683 240/694/683 248/708/683
f 1594/728/684 1592/715/684 253/717/684
f 1594/713/685 255/731/685 251/714/685
f 249/711/686 236/688/686 250/710/686
f 236/688/687 1595/746/687 155/568/687
f 250/734/688 242/730/688 246/703/688
f 242/697/643 250/710/689 236/688/641
f 215/585/690 254/719/664 242/730/664
f 254/719/691 215/585/691 237/718/691
f 1582/692/692 237/690/692 215/747/692
f 238/691/693 237/690/693 239/693/693
f 236/688/694 249/711/694 1595/746/694
f 1595/696/695 249/709/695 240/694/695
f 247/706/696 1593/727/696 253/743/696
f 247/706/697 253/743/697 248/708/697
f 248/708/698 253/743/698 252/748/698
f 252/748/699 238/721/699 248/708/699
f 240/694/700 249/709/700 248/708/700
f 238/721/701 241/695/701 240/694/701
f 241/695/702 193/749/702 155/750/702
f 241/695/703 155/750/703 1595/696/703
f 225/603/704 208/570/704 207/569/704
f 214/582/705 260/751/705 1582/580/705
f 1596/752/706 261/753/706 262/754/706
f 1611/755/707 263/756/707 261/753/707
f 264/757/708 265/758/709 1602/759/710
f 260/751/711 214/582/711 266/760/711
f 227/761/712 266/760/712 214/582/712
f 267/762/713 1597/763/713 1598/764/713
f 1598/764/714 268/765/714 267/762/714
f 269/766/715 270/767/715 1596/768/715
f 1597/769/716 271/770/717 1598/771/718
f 272/772/719 273/773/719 1598/771/719
f 274/774/720 268/765/720 273/775/720
f 1601/776/721 1599/777/721 275/778/721
f 275/778/722 1596/768/723 1601/776/724
f 1601/779/725 1596/752/725 276/780/725
f 276/780/726 277/781/726 1601/779/726
f 261/782/727 1596/768/727 278/783/727
f 270/767/728 278/783/728 1596/768/728
f 263/784/729 265/758/729 262/785/729
f 279/786/730 1599/787/730 280/788/730
f 279/786/731 280/788/731 281/789/731
f 282/790/732 1597/791/732 281/789/732
f 1597/769/733 1613/792/733 271/770/733
f 1599/793/734 277/781/734 1600/794/734
f 266/795/735 227/608/530 212/579/529
f 278/783/736 270/767/737 266/795/738
f 275/778/739 279/796/740 267/797/741
f 267/797/742 268/798/742 275/778/742
f 270/767/743 269/766/743 274/799/743
f 268/798/744 274/799/744 269/766/744
f 194/800/745 263/756/745 1611/755/745
f 263/801/746 194/802/746 265/803/746
f 280/804/747 1600/805/747 1613/792/747
f 1599/793/748 1600/794/748 280/806/748
f 1613/792/749 1597/769/749 282/807/749
f 1613/792/750 1600/805/750 277/808/750
f 281/809/751 267/797/741 279/796/740
f 281/810/752 1597/763/752 267/762/752
f 269/766/753 275/778/753 268/798/753
f 269/766/754 1596/768/723 275/778/722
f 1598/771/718 271/770/717 272/772/755
f 273/775/756 268/765/756 1598/764/756
f 262/754/757 276/780/757 1596/752/757
f 262/785/758 264/757/758 272/772/758
f 1599/793/759 1601/779/759 277/781/759
f 1599/777/760 279/796/760 275/778/760
f 273/775/761 260/751/761 274/774/761
f 260/751/762 1602/811/762 1582/580/762
f 274/799/763 266/795/738 270/767/737
f 266/760/764 274/774/764 260/751/764
f 212/579/529 278/783/765 266/795/735
f 278/783/766 212/579/766 261/782/766
f 1611/755/767 261/753/767 212/812/767
f 262/754/768 261/753/768 263/756/768
f 260/751/769 273/775/769 1602/811/769
f 1602/759/710 273/773/770 264/757/708
f 271/770/771 1613/792/771 277/808/771
f 271/770/772 277/808/772 272/772/772
f 272/772/773 277/808/773 276/813/773
f 276/813/774 262/785/774 272/772/774
f 264/757/775 273/773/775 272/772/775
f 262/785/776 265/758/776 264/757/776
f 265/758/777 194/814/777 1582/815/777
f 265/758/778 1582/815/778 1602/759/778
f 227/608/779 214/816/779 213/606/779
f 211/576/780 283/817/780 1611/574/780
f 1605/818/781 1609/819/781 284/820/781
f 147/465/782 285/821/782 1609/819/782
f 286/822/783 287/823/783 1610/824/783
f 283/817/784 211/576/784 288/825/784
f 223/601/785 288/825/785 211/576/785
f 289/826/786 1603/827/786 1606/828/786
f 1606/828/787 290/829/787 289/826/787
f 291/830/788 292/831/789 1605/832/789
f 1603/833/790 293/834/790 1606/835/790
f 294/836/791 1607/837/791 1606/835/791
f 295/838/792 290/829/792 1607/839/792
f 296/840/793 1608/841/793 297/842/793
f 297/842/794 1605/832/794 296/840/794
f 296/843/795 1605/818/795 298/844/795
f 298/844/796 299/845/796 296/843/796
f 1609/846/797 1605/832/798 300/847/799
f 292/831/789 300/847/800 1605/832/789
f 285/848/801 287/823/801 284/849/801
f 301/850/802 1608/841/802 302/851/802
f 301/852/803 302/853/803 303/854/803
f 304/855/804 1603/856/804 303/854/804
f 1603/833/805 1612/857/805 293/834/805
f 1608/858/806 299/845/806 1604/859/806
f 300/847/807 223/860/807 305/861/807
f 300/847/808 292/831/808 288/862/808
f 297/842/809 301/850/810 289/863/811
f 289/863/811 290/864/812 297/842/809
f 292/831/813 291/830/813 295/865/813
f 290/864/814 295/865/814 291/830/814
f 146/464/815 285/821/815 147/465/815
f 285/848/816 146/548/816 287/823/816
f 302/853/817 1604/866/817 1612/867/817
f 1608/858/818 1604/859/818 302/868/818
f 1612/857/819 1603/833/819 304/869/819
f 1612/857/820 1604/870/820 299/871/820
f 303/872/821 289/863/811 301/850/810
f 303/873/822 1603/827/822 289/826/822
f 291/830/823 297/842/823 290/864/823
f 291/874/824 1605/875/824 297/876/824
f 1606/835/825 293/834/825 294/836/825
f 1607/839/826 290/829/826 1606/828/826
f 284/820/827 298/844/827 1605/818/827
f 284/849/828 286/822/828 294/836/828
f 1608/858/829 296/843/829 299/845/829
f 1608/841/830 301/850/830 297/842/830
f 1607/839/831 283/817/831 295/838/831
f 283/817/832 1610/877/832 1611/574/832
f 295/865/833 288/862/833 292/831/833
f 288/825/834 295/838/834 283/817/834
f 223/860/835 300/847/835 288/862/835
f 300/847/799 305/861/836 1609/846/797
f 147/465/837 1609/819/837 305/878/837
f 284/820/838 1609/819/838 285/821/838
f 283/817/839 1607/839/839 1610/877/839
f 1610/824/840 1607/837/840 286/822/840
f 293/834/841 1612/857/841 299/871/841
f 293/834/842 299/871/842 294/836/842
f 294/836/843 299/871/843 298/879/843
f 298/879/844 284/849/844 294/836/844
f 286/822/845 1607/837/845 294/836/845
f 284/849/846 287/823/846 286/822/846
f 287/823/847 146/548/847 1611/880/847
f 287/823/848 1611/880/848 1610/824/848
f 305/878/849 187/533/849 147/465/849
f 1611/880/850 146/548/850 196/550/850
f 223/860/851 306/881/851 305/861/851
f 223/860/852 210/577/852 306/881/852
f 149/673/853 187/531/853 186/530/853
f 186/530/854 188/532/854 131/426/854
f 1575/882/855 231/629/855 1576/451/855
f 231/883/856 1575/519/856 232/644/856
f 231/629/857 1572/628/857 138/452/857
f 138/452/858 1572/628/858 139/453/858
f 179/639/859 184/642/859 234/640/859
f 184/525/860 179/514/860 1581/526/860
f 232/644/861 180/518/861 183/643/861
f 232/644/862 1575/519/862 180/518/862
f 166/494/863 1574/635/863 171/631/863
f 166/884/864 167/517/864 1574/516/864
f 1579/510/865 1581/526/865 179/514/865
f 181/520/866 1581/523/866 1579/650/866
f 181/520/867 1579/650/867 169/498/867
f 169/498/868 171/500/868 181/520/868
f 1576/885/869 182/634/869 1575/636/869
f 1576/886/870 139/522/870 182/521/870
f 234/640/871 184/642/871 180/518/871
f 168/641/872 165/637/872 233/638/872
f 172/633/873 190/536/873 1615/492/873
f 172/887/874 174/888/874 190/889/874
f 170/499/875 1579/650/875 1578/890/875
f 170/649/876 174/646/876 173/891/876
f 171/631/877 173/632/877 1616/495/877
f 173/892/878 171/500/878 170/499/878
f 302/853/879 304/855/879 303/854/879
f 1612/867/880 304/855/880 302/853/880
f 280/788/881 282/790/881 281/789/881
f 1613/792/882 282/807/882 280/804/882
f 1593/727/883 1590/705/883 258/742/883
f 258/726/884 1590/893/884 257/725/884
f 1614/894/885 1571/484/885 221/895/885
f 221/895/886 1571/484/886 220/683/886
f 235/679/887 210/577/887 188/532/887
f 235/679/888 187/531/888 305/861/888
f 191/652/571 143/460/571 142/462/571
f 190/536/488 191/538/488 142/459/488
f 233/638/889 165/637/889 178/512/889
f 178/515/890 179/514/890 233/896/890
f 167/517/891 168/641/891 234/640/891
f 168/497/892 167/496/892 1616/495/892
f 1615/492/893 1616/495/893 173/632/893
f 1616/495/894 1615/492/894 168/497/894
f 306/881/895 210/577/895 235/679/895
f 306/881/896 235/679/896 305/861/896
f 80/313/897 102/375/897 103/373/897
f 103/345/898 87/324/898 85/322/898
f 88/325/899 307/897/899 102/375/899
f 307/898/900 87/324/900 102/344/900
f 104/346/901 80/313/901 81/315/901
f 92/899/902 104/900/902 81/901/902
f 87/324/903 307/898/903 89/355/903
f 88/325/904 89/327/904 307/897/904
f 309/902/905 1617/903/905 1622/904/905
f 317/905/906 1622/906/906 1619/907/906
f 1622/906/907 317/905/907 311/908/907
f 310/909/908 311/910/908 317/911/908
f 311/910/909 310/909/909 312/912/909
f 309/913/910 313/914/910 1707/915/910
f 309/902/911 1707/916/911 1617/903/911
f 320/917/912 314/918/912 1620/919/912
f 318/920/913 1621/921/913 1618/922/913
f 1620/919/914 317/905/914 1619/907/914
f 317/905/915 1620/919/915 314/918/915
f 314/923/916 310/909/916 317/911/916
f 310/17/917 314/918/917 315/18/917
f 1709/924/918 318/920/918 1618/922/918
f 318/920/919 1709/924/919 319/925/919
f 319/926/920 316/31/920 318/32/920
f 316/927/921 319/928/921 421/5/921
f 318/920/922 320/917/922 1621/921/922
f 320/917/923 1620/919/923 1621/921/923
f 311/908/924 309/929/924 1622/906/924
f 312/912/925 309/10/925 311/910/925
f 309/10/926 312/912/926 5/8/926
f 321/182/927 1625/179/927 1545/178/927
f 323/930/928 413/931/928 345/932/928
f 321/176/929 354/933/929 346/934/929
f 324/187/930 402/196/930 29/76/930
f 402/196/931 324/187/931 333/935/931
f 333/936/932 400/177/932 402/937/932
f 400/177/933 333/936/933 334/938/933
f 1625/939/934 335/940/934 26/941/934
f 324/187/935 30/78/935 26/229/935
f 324/187/936 355/942/936 344/943/936
f 355/942/937 324/187/937 335/230/937
f 1625/179/938 350/944/938 1626/945/938
f 333/935/939 351/946/939 348/947/939
f 334/938/940 352/948/940 343/949/940
f 335/950/941 353/199/941 349/951/941
f 326/216/942 343/952/943 50/213/944
f 343/952/945 326/216/945 413/953/945
f 327/954/946 347/955/946 48/212/946
f 347/955/947 327/954/947 354/956/947
f 328/211/948 345/957/948 49/208/948
f 345/957/949 328/211/949 347/955/949
f 349/951/950 332/958/950 355/959/950
f 332/958/951 349/951/951 52/960/951
f 337/167/952 366/133/952 41/126/952
f 337/167/953 368/166/953 366/133/953
f 337/167/954 1623/163/129 67/69/131
f 396/152/955 382/961/955 436/962/955
f 34/154/956 382/961/956 396/152/956
f 338/963/957 382/961/957 34/154/957
f 390/123/958 446/101/958 448/964/958
f 1624/128/959 397/105/959 398/127/959
f 397/103/960 1624/965/960 339/104/960
f 43/966/961 1629/112/961 449/967/961
f 341/968/962 40/157/962 373/138/962
f 375/142/963 341/968/964 374/140/965
f 341/968/964 375/142/963 42/144/966
f 450/969/967 340/132/967 367/135/967
f 340/132/968 450/969/968 449/967/968
f 342/41/969 14/161/970 423/970/971
f 438/44/972 342/41/972 423/970/972
f 342/41/973 392/57/973 14/161/973
f 14/161/974 392/57/974 391/159/974
f 321/182/975 350/944/975 1625/179/975
f 350/944/976 321/182/976 346/971/976
f 324/187/977 351/946/977 333/935/977
f 351/946/978 324/187/978 344/943/978
f 333/936/979 352/948/979 334/938/979
f 352/948/980 333/936/980 348/972/980
f 1625/179/981 353/973/981 335/974/981
f 353/973/982 1625/179/982 1626/945/982
f 326/216/983 345/957/983 413/953/983
f 345/975/984 326/976/984 49/977/984
f 327/954/985 346/978/985 354/956/985
f 346/171/986 327/207/986 47/174/986
f 347/955/987 328/211/987 48/212/987
f 344/183/147 332/958/988 53/186/148
f 332/958/989 344/183/989 355/959/989
f 325/172/990 1626/979/990 350/173/990
f 1626/197/991 325/980/991 1627/200/991
f 329/184/992 348/188/993 351/185/994
f 348/188/993 329/184/992 51/191/995
f 343/952/943 330/189/996 50/213/944
f 330/189/151 343/952/997 352/190/152
f 331/198/998 349/951/998 353/199/998
f 349/951/999 331/198/999 52/960/999
f 334/938/1000 413/981/1000 407/982/1000
f 343/949/1001 413/981/1001 334/938/1001
f 322/175/1002 354/933/1002 321/176/1002
f 354/933/1003 322/175/1003 347/983/1003
f 323/984/1004 347/983/1004 322/175/1004
f 347/983/1005 323/984/1005 345/985/1005
f 349/986/1006 355/942/1006 335/230/1006
f 377/158/1007 356/53/1007 372/54/1007
f 356/53/1008 377/158/1008 358/169/1008
f 356/53/1009 364/987/1009 362/64/1009
f 358/169/1010 364/987/1010 356/53/1010
f 361/93/1011 362/988/1011 357/91/1011
f 363/168/1012 364/987/1012 358/169/1012
f 365/90/1013 443/48/1013 18/52/1013
f 443/48/1014 365/90/1014 6/989/1014
f 6/989/1015 365/90/1015 360/89/1015
f 365/90/1016 61/250/1016 57/88/1016
f 360/89/1017 57/88/1017 55/301/1017
f 55/990/1018 378/991/1018 360/992/1018
f 365/993/1019 361/93/1019 61/92/1019
f 366/133/1020 367/135/1020 41/126/1020
f 1778/120/1021 43/137/1021 450/130/1021
f 363/66/1022 368/166/1022 67/69/1022
f 40/157/1023 368/170/1023 336/155/1023
f 368/166/1024 40/136/1024 366/133/1024
f 367/135/1025 42/994/1025 450/969/1025
f 42/994/1026 367/135/1026 341/134/1026
f 364/987/1027 357/263/1027 362/64/1027
f 357/995/1028 364/68/1028 359/67/1028
f 369/996/1029 6/28/1029 316/26/1029
f 421/997/1030 369/998/1030 316/999/1030
f 428/1000/1031 442/49/1031 444/1001/1031
f 442/49/1032 428/1000/1032 370/47/1032
f 369/4/1033 422/6/1033 444/1001/1033
f 370/47/1034 428/1000/1034 429/1002/1034
f 371/51/1035 370/47/1035 429/1002/1035
f 371/51/1036 356/53/1036 19/50/1036
f 439/1003/1037 371/51/1037 429/1002/1037
f 371/51/1038 439/1003/1038 372/54/1038
f 373/138/1039 374/140/1039 341/968/1039
f 373/138/1040 376/156/1040 432/141/1040
f 377/158/1041 336/155/1041 358/169/1041
f 435/1004/1042 377/158/1042 424/1005/1042
f 377/158/1043 435/1004/1043 376/156/1043
f 376/156/1044 435/1004/1044 432/141/1044
f 437/139/1045 375/142/1045 374/140/1045
f 375/142/1046 437/139/1046 433/1006/1046
f 372/54/1047 424/1005/1047 377/158/1047
f 424/1005/1048 372/54/1048 439/1003/1048
f 378/991/1049 55/990/1049 13/1007/1049
f 65/1008/1050 392/57/1050 62/252/1050
f 379/249/1051 392/57/1051 380/56/1051
f 392/57/1052 379/249/1052 62/252/1052
f 379/249/1053 380/56/1053 381/62/1053
f 383/116/1054 451/1009/1054 445/100/1054
f 423/970/1055 384/151/1055 440/150/1055
f 384/151/1056 423/970/971 14/161/970
f 385/153/1057 384/151/1057 14/161/1057
f 385/153/1058 393/160/1058 34/154/1058
f 1623/163/1059 386/162/1059 1628/165/1059
f 387/1010/1060 393/160/1060 65/1008/1060
f 65/258/1061 386/162/1062 387/164/1063
f 386/162/1062 65/258/1061 1628/165/1064
f 388/108/1065 338/963/1065 34/154/1065
f 388/108/1066 389/109/1066 338/963/1066
f 390/123/1067 1780/117/1067 35/99/1067
f 393/160/1068 391/159/1068 65/1008/1068
f 37/102/1069 393/160/1069 387/1010/1069
f 393/160/1070 37/102/1070 388/108/1070
f 39/122/1071 448/964/1071 447/1011/1071
f 391/159/1072 392/57/1072 65/1008/1072
f 441/39/1073 394/40/1073 427/42/1073
f 394/40/1074 17/43/1074 427/42/1074
f 380/56/1075 394/40/1075 395/55/1075
f 394/40/1076 380/56/1076 17/43/1076
f 396/152/1077 436/962/1077 431/149/1077
f 398/127/1078 397/105/1078 36/107/1078
f 399/1012/1079 407/1013/1079 323/1014/1079
f 407/1013/1080 399/1012/1080 408/1015/1080
f 401/201/1081 323/984/1081 322/175/1081
f 401/201/1082 399/195/1082 323/984/1082
f 402/937/1083 400/177/1083 25/86/1083
f 403/24/1084 404/25/1084 13/30/1084
f 404/25/1085 12/23/1085 13/30/1085
f 406/193/1086 405/72/1086 23/71/1086
f 408/194/1087 23/71/1088 400/177/1089
f 23/71/1088 408/194/1087 406/193/1090
f 1551/297/1091 410/271/1092 1552/270/1093
f 410/271/1092 1551/297/1091 70/1016/1094
f 1552/270/220 69/269/219 71/296/1095
f 411/305/1096 24/83/1096 77/1017/1096
f 411/305/1097 410/306/285 73/274/284
f 1552/270/1098 60/245/1098 412/298/1098
f 60/245/1099 1552/270/1099 71/296/1099
f 403/24/1100 409/243/1100 10/21/1100
f 411/305/1101 405/72/1101 24/83/1101
f 412/298/1102 409/243/1102 58/242/1102
f 407/1018/1103 413/1019/1103 323/1020/1103
f 407/982/1104 408/194/1104 334/938/1104
f 408/1021/1105 400/1022/1105 334/1023/1105
f 415/59/1106 414/58/1106 9/1024/1106
f 20/231/1107 415/59/1107 9/1024/1107
f 415/59/1108 20/231/1108 416/60/1108
f 417/233/1109 416/60/1109 20/231/1109
f 416/60/1110 418/61/1110 15/36/1110
f 418/61/1111 416/60/1111 417/233/1111
f 418/61/1112 419/248/1112 381/62/1112
f 6/989/1113 442/49/1113 443/48/1113
f 442/49/1114 6/989/1114 369/4/1114
f 443/48/1115 370/47/1115 18/52/1115
f 444/1001/1116 442/49/1116 369/4/1116
f 445/100/1117 35/99/1117 383/116/1117
f 445/100/1118 338/963/1118 446/101/1118
f 338/963/1119 445/100/1119 382/961/1119
f 447/111/1120 38/110/1120 39/1025/1120
f 447/111/1121 1624/128/1121 1629/112/1121
f 1624/965/1122 447/1011/1122 339/104/1122
f 338/963/1123 448/964/1123 446/101/1123
f 448/964/1124 338/963/1124 389/109/1124
f 446/101/1125 390/123/1125 35/99/1125
f 1629/112/1126 43/966/1126 38/110/1126
f 1629/112/1127 340/132/1127 449/967/1127
f 340/132/1128 1629/112/1128 1624/128/1128
f 449/967/1129 450/969/1129 43/966/1129
f 451/1009/1130 383/116/1130 430/115/1130
f 445/100/1131 436/962/1131 382/961/1131
f 436/962/1132 445/100/1132 451/1009/1132
f 447/1011/1133 389/109/1133 339/104/1133
f 389/109/1134 447/1011/1134 448/964/1134
f 448/964/1135 39/122/1135 390/123/1135
f 420/1/1136 452/1026/1136 453/1027/1136
f 814/1028/1137 422/6/4 421/5/3
f 313/7/1138 434/9/1138 453/1029/1138
f 453/1029/1139 754/1030/1139 313/7/1139
f 758/1031/1140 759/1032/1141 455/1033/1142
f 455/1033/1142 763/1034/1140 758/1031/1140
f 434/15/1143 420/1/1143 453/1027/1143
f 456/1035/1144 759/1032/1144 755/1036/1144
f 457/1037/1145 458/1038/1146 459/1039/1147
f 759/1032/1148 460/1040/1148 455/1033/1148
f 456/1035/1149 458/1038/1149 847/1041/1149
f 847/1041/1150 848/1042/1150 456/1035/1150
f 760/1043/1151 460/1040/1151 805/1044/1151
f 759/1032/1152 456/1035/1152 848/1042/1152
f 848/1042/1153 460/1040/1153 759/1032/1153
f 805/1044/1154 454/1045/1154 760/1043/1154
f 460/1040/1155 461/1046/1155 823/1047/1155
f 805/1044/1156 460/1040/1156 823/1047/1156
f 755/1036/1157 457/1037/1158 459/1039/1159
f 455/1033/1160 460/1040/1160 760/1043/1160
f 763/1048/1161 455/1049/1161 760/1050/1161
f 760/1050/1162 762/1051/1162 763/1048/1162
f 757/1052/1163 453/1027/1163 452/1026/1163
f 757/1052/1164 452/1026/1164 858/1053/1164
f 858/1053/1165 457/1037/1165 757/1052/1165
f 755/1036/1157 757/1052/1166 457/1037/1158
f 459/1039/1167 456/1035/1167 755/1036/1167
f 458/1038/1168 456/1035/1168 459/1039/1168
f 425/35/1169 426/37/1169 463/1054/1169
f 426/37/1170 464/1055/1170 463/1054/1170
f 464/1055/1171 426/37/1171 441/39/1171
f 441/39/1172 839/1056/1172 464/1055/1172
f 786/1057/1173 465/1058/1173 427/42/1173
f 427/42/1174 438/44/1174 786/1057/1174
f 463/1054/1175 420/45/1175 425/35/1175
f 463/1054/1176 452/1059/1176 420/45/1176
f 815/1060/1177 864/1061/1177 865/1062/1177
f 467/1063/1178 816/1064/1178 815/1060/1178
f 815/1060/1179 466/1065/1179 467/1063/1179
f 801/1066/1180 817/1067/1180 816/1064/1180
f 464/1055/1181 839/1056/1181 840/1068/1181
f 786/1069/1182 837/1070/1182 825/1071/1182
f 825/1071/1183 465/1072/1183 786/1069/1183
f 452/1026/1184 859/1073/1184 858/1053/1184
f 860/1074/1185 452/1026/1185 463/1075/1185
f 452/1026/1186 860/1074/1186 859/1073/1186
f 464/1055/1187 862/1076/1187 463/1054/1187
f 840/1077/1188 825/1071/1188 826/1078/1188
f 464/1055/1189 840/1068/1189 826/1079/1189
f 464/1055/1190 826/1079/1190 862/1076/1190
f 468/1080/1191 458/1038/1146 457/1037/1145
f 467/1063/1192 807/1081/1192 801/1066/1192
f 807/1081/1193 467/1063/1193 806/1082/1193
f 808/1083/1194 809/1084/1194 804/1085/1194
f 804/1085/1195 512/1086/1195 808/1083/1195
f 470/1087/1196 849/1088/1196 471/1089/1196
f 479/1090/1197 469/1091/1197 476/1092/1197
f 477/1093/1198 478/1094/1198 481/1095/1198
f 475/1096/1199 472/1097/1199 521/1098/1199
f 521/1098/1200 469/1099/1200 475/1096/1200
f 849/1100/1201 472/1097/1201 475/1096/1201
f 475/1101/1202 850/1102/1202 849/1088/1202
f 473/1103/1203 480/1104/1203 470/1105/1203
f 502/1106/1204 810/1107/1204 805/1108/1204
f 802/1109/1205 806/1082/1205 506/1110/1205
f 480/1104/1206 473/1103/1206 477/1093/1206
f 466/1065/1207 810/1107/1207 806/1082/1207
f 806/1082/1208 467/1063/1208 466/1065/1208
f 475/1096/1209 469/1099/1209 479/1111/1209
f 477/1093/1210 481/1095/1210 753/1112/1210
f 753/1112/1211 480/1104/1211 477/1093/1211
f 471/1113/1212 473/1103/1212 470/1105/1212
f 483/1114/1213 867/1115/1213 866/1116/1213
f 485/1117/1214 782/1118/1214 842/1119/1214
f 842/1119/1215 484/1120/1215 485/1117/1215
f 833/1121/1216 834/1122/1217 782/1118/1218
f 782/1118/1218 485/1117/1219 833/1121/1216
f 1630/1123/1220 869/1124/1220 868/1125/1220
f 1738/1126/1221 430/115/1221 3/114/1221
f 1738/1126/1222 483/1114/1222 828/1127/1222
f 828/1127/1223 430/115/1223 1738/1126/1223
f 483/1128/1224 1738/1129/1224 1737/1130/1224
f 1631/1131/1225 1734/1132/1225 1630/1123/1225
f 1733/1133/1226 486/1134/1226 1737/1130/1226
f 486/1134/1227 835/1135/1227 1737/1130/1227
f 486/1134/1228 1733/1133/1228 1630/1123/1228
f 488/1136/1229 484/1137/1229 1715/1138/1229
f 1715/1138/1230 783/1139/1230 488/1136/1230
f 1736/1140/1231 872/1141/1232 1734/1142/1233
f 488/1136/1234 783/1139/1234 784/1143/1234
f 811/1144/1235 812/1145/1235 785/1146/1235
f 785/1146/1236 487/1147/1236 811/1144/1236
f 490/1148/1237 1630/1149/1237 1734/1150/1237
f 818/1151/1238 819/1152/1238 437/139/1238
f 437/139/1239 432/141/1239 818/1151/1239
f 820/1153/1240 489/1154/1240 1736/1140/1240
f 1736/1155/1241 1735/145/1241 820/1156/1241
f 1735/145/1242 433/148/1242 820/1156/1242
f 1733/1133/1243 1631/1131/1243 1630/1123/1243
f 489/1154/1244 872/1141/1232 1736/1140/1231
f 488/1136/1245 784/1143/1245 812/1145/1245
f 431/149/1246 829/1157/1247 440/150/1248
f 841/1158/1249 830/1159/1249 829/1157/1249
f 841/1158/1250 482/1160/1250 830/1159/1250
f 431/149/1246 841/1158/1251 829/1157/1247
f 818/1151/1252 821/1161/1252 779/1162/1252
f 779/1162/1253 487/1147/1253 818/1151/1253
f 779/1162/1254 821/1161/1254 822/1163/1254
f 830/1164/1255 838/1165/1255 836/1166/1255
f 836/1166/1256 462/1167/1256 830/1164/1256
f 831/1168/1257 484/1120/1257 1714/1169/1257
f 484/1120/1258 831/1168/1258 485/1117/1258
f 482/1170/1259 833/1121/1259 838/1165/1259
f 485/1117/1260 831/1168/1261 832/1171/1262
f 1714/1169/1263 512/1172/1264 1717/1173/1265
f 512/1086/1266 780/1174/1266 813/1175/1266
f 779/1162/1267 803/1176/1267 808/1083/1267
f 808/1083/1268 813/1175/1268 779/1162/1268
f 484/1120/1269 488/1177/1269 780/1178/1269
f 780/1178/1270 1714/1169/1270 484/1120/1270
f 790/1179/1271 794/1180/1272 768/1181/1273
f 768/1181/1273 492/1182/1274 790/1179/1271
f 476/1092/1275 764/1183/1275 765/1184/1275
f 473/1185/1276 471/1089/1276 844/1186/1276
f 1712/1187/1277 474/1188/1277 1713/1189/1277
f 1712/1190/1278 764/1183/1278 476/1092/1278
f 788/1191/1279 795/1192/1279 772/1193/1279
f 772/1193/1280 498/1194/1281 788/1191/1282
f 477/1093/1283 767/1195/1283 478/1094/1283
f 792/1196/1284 796/1197/1285 773/1198/1286
f 773/1198/1287 496/1199/1287 792/1196/1287
f 843/1200/1288 852/1201/1288 850/1102/1288
f 850/1102/1289 475/1101/1289 843/1200/1289
f 477/1093/1290 473/1103/1290 846/1202/1290
f 1716/1203/1291 797/1204/1291 774/1205/1291
f 774/1205/1292 491/1206/1292 1716/1203/1292
f 476/1092/1293 765/1184/1293 845/1207/1293
f 845/1207/1294 479/1090/1294 476/1092/1294
f 492/1208/1295 1650/1209/1295 1646/1210/1295
f 1650/1209/1296 492/1208/1296 768/1211/1296
f 768/1212/1297 491/1213/1297 1650/1214/1297
f 493/1215/1298 1646/1210/1298 1644/1216/1298
f 1646/1210/1299 493/1215/1299 770/1217/1299
f 770/1217/1300 492/1208/1300 1646/1210/1300
f 494/1218/1301 1644/1219/1301 1641/1220/1301
f 1644/1219/1302 494/1218/1302 771/1221/1302
f 771/1221/1303 493/1222/1303 1644/1219/1303
f 495/1223/1304 800/1224/1304 1645/1225/1304
f 800/1224/1305 495/1223/1305 769/1226/1305
f 1641/1220/1306 800/1224/1307 769/1226/1308
f 1641/1220/1306 769/1226/1308 494/1218/1309
f 496/1227/1310 1645/1225/1310 1648/1228/1310
f 1645/1225/1311 496/1227/1311 773/1229/1311
f 773/1229/1312 495/1223/1312 1645/1225/1312
f 1647/1230/1313 497/1231/1313 775/1232/1313
f 775/1232/1314 498/1194/1314 1647/1230/1314
f 497/1231/1315 1647/1230/1315 1651/1233/1315
f 1648/1234/1316 498/1194/1316 772/1193/1316
f 772/1193/1317 496/1199/1317 1648/1234/1317
f 498/1194/1318 1648/1234/1318 1647/1230/1318
f 491/1213/1319 1651/1233/1320 1650/1214/1321
f 1651/1233/1320 491/1213/1319 774/1235/1322
f 774/1235/1323 497/1231/1323 1651/1233/1323
f 474/1188/1324 767/1236/1324 778/1237/1324
f 479/1238/1325 845/1239/1325 843/1200/1325
f 843/1240/1326 475/1096/1326 479/1111/1326
f 468/1241/1327 861/1242/1328 499/1243/1329
f 500/1244/1330 461/1245/1330 501/1246/1330
f 1638/1247/1331 502/1106/1331 1640/1248/1331
f 1640/1248/1332 500/1244/1333 503/1249/1334
f 503/1250/1335 501/1251/1335 853/1252/1335
f 504/1253/1336 505/1254/1336 468/1080/1336
f 861/1242/1337 1632/1255/1337 499/1243/1337
f 504/1256/1338 468/1241/1327 499/1243/1329
f 826/1078/1339 824/1257/1339 863/1258/1339
f 506/1110/1340 502/1106/1341 1636/1259/1342
f 507/1260/1343 508/1261/1343 824/1257/1343
f 1633/1262/1344 509/1263/1345 1632/1264/1346
f 1639/1265/1347 510/1266/1347 1717/1173/1347
f 804/1085/1348 1635/1267/1348 511/1268/1348
f 1635/1267/1349 804/1085/1349 802/1109/1349
f 802/1109/1350 506/1110/1340 1636/1259/1342
f 1717/1173/1265 512/1172/1264 513/1269/1351
f 1635/1270/1352 1634/1271/1352 511/1272/1352
f 514/1273/1353 854/1274/1354 1718/1275/1355
f 515/1276/1356 518/1277/1356 517/1278/1356
f 1640/1248/1357 1637/1279/1357 515/1276/1357
f 1632/1280/1358 509/1281/1358 499/1282/1358
f 1712/1187/1359 509/1263/1360 1633/1262/1361
f 474/1188/1362 1633/1262/1362 1635/1283/1362
f 1712/1187/1363 1633/1262/1363 474/1188/1363
f 1635/1267/1364 481/1095/1364 478/1094/1364
f 516/1284/1365 520/1285/1365 514/1273/1365
f 520/1285/1366 516/1284/1366 504/1253/1366
f 509/1286/1367 476/1287/1367 469/1288/1367
f 509/1263/1360 1712/1187/1359 476/1289/1368
f 504/1290/1369 519/1291/1370 520/1292/1371
f 519/1291/1372 504/1290/1372 499/1282/1372
f 1635/1283/1373 478/1293/1373 474/1188/1373
f 1636/1259/1374 1635/1267/1374 802/1109/1374
f 1635/1267/1375 1636/1259/1375 481/1095/1375
f 1632/1264/1346 1634/1294/1376 1633/1262/1344
f 1633/1262/1377 1634/1294/1377 1635/1283/1377
f 862/1295/1378 863/1258/1378 1632/1296/1378
f 1632/1296/1379 861/1297/1379 862/1295/1379
f 510/1266/1380 1639/1265/1380 507/1260/1380
f 513/1269/1381 512/1172/1381 511/1272/1381
f 508/1261/1382 507/1260/1382 1639/1265/1382
f 511/1272/1383 1634/1271/1383 513/1269/1383
f 804/1085/1384 511/1268/1384 512/1086/1384
f 855/1298/1385 854/1274/1386 514/1273/1385
f 514/1273/1385 522/1299/1387 855/1298/1385
f 517/1278/1388 470/1105/1388 480/1104/1388
f 509/1300/1389 469/1301/1389 519/1302/1389
f 519/1291/1390 499/1282/1390 509/1281/1390
f 523/1303/1391 522/1299/1391 514/1273/1391
f 514/1304/1392 520/1292/1392 523/1305/1392
f 753/1112/1393 517/1278/1393 480/1104/1393
f 753/1112/1394 481/1095/1395 1636/1259/1396
f 519/1291/1370 469/1099/1397 520/1292/1371
f 523/1305/1398 520/1292/1371 469/1099/1397
f 516/1284/1399 505/1254/1399 504/1253/1399
f 1637/1306/1400 856/1307/1400 1718/1275/1400
f 503/1249/1334 500/1244/1333 501/1246/1401
f 847/1041/1402 853/1252/1402 501/1251/1402
f 501/1251/1403 461/1046/1403 847/1041/1403
f 1640/1248/1404 502/1106/1404 500/1244/1404
f 753/1112/1405 1638/1247/1405 517/1278/1405
f 1636/1259/1406 502/1106/1406 1638/1247/1406
f 1638/1247/1407 753/1112/1394 1636/1259/1396
f 513/1269/1408 1634/1271/1408 1639/1265/1408
f 1639/1265/1409 1717/1173/1409 513/1269/1409
f 1634/1271/1410 508/1261/1410 1639/1265/1410
f 508/1261/1411 1634/1271/1411 1632/1296/1411
f 863/1258/1412 824/1257/1412 508/1261/1412
f 508/1261/1413 1632/1296/1413 863/1258/1413
f 523/1305/1414 472/1097/1414 522/1308/1414
f 849/1088/1415 470/1087/1415 518/1309/1415
f 518/1309/1416 855/1298/1416 849/1088/1416
f 469/1099/1417 521/1098/1417 523/1305/1417
f 472/1097/1418 523/1305/1418 521/1098/1418
f 517/1278/1419 518/1277/1419 470/1105/1419
f 518/1309/1420 515/1310/1421 854/1274/1422
f 1638/1247/1423 1640/1248/1423 517/1278/1423
f 515/1276/1424 517/1278/1424 1640/1248/1424
f 1637/1306/1425 503/1250/1425 856/1307/1425
f 505/1254/1426 458/1038/1426 468/1080/1426
f 853/1252/1427 458/1038/1427 505/1254/1427
f 505/1254/1428 856/1307/1428 853/1252/1428
f 1640/1248/1429 503/1249/1429 1637/1279/1429
f 1641/1311/1430 1644/1312/1430 524/1313/1430
f 525/1314/1431 526/1315/1431 1648/1316/1431
f 527/1317/1432 1645/1318/1432 800/1319/1432
f 800/1319/1433 1641/1320/1433 527/1317/1433
f 528/1321/1434 530/1322/1434 529/1323/1434
f 531/1324/1435 532/1325/1435 528/1326/1435
f 533/1327/1436 534/1328/1436 531/1324/1436
f 533/1327/1437 531/1324/1437 535/1329/1437
f 536/1330/1438 537/1331/1439 535/1332/1440
f 1649/1333/1441 537/1334/1441 536/1335/1441
f 538/1336/1442 528/1321/1442 529/1323/1442
f 539/1337/1443 1642/1338/1444 1643/1339/1445
f 1642/1338/1446 536/1335/1446 540/1340/1446
f 1642/1338/1447 540/1340/1447 1643/1339/1447
f 541/1341/1448 543/1342/1448 542/1343/1448
f 544/1344/1449 546/1345/1449 545/1346/1449
f 547/1347/1450 548/1348/1450 532/1325/1450
f 537/1349/1451 549/1350/1451 533/1351/1451
f 1649/1333/1452 1651/1352/1452 537/1334/1452
f 525/1314/1453 1648/1316/1453 550/1353/1453
f 550/1354/1454 530/1322/1454 548/1355/1454
f 551/1356/1455 528/1326/1455 538/1357/1455
f 532/1325/1456 531/1324/1456 534/1328/1456
f 551/1356/1457 540/1358/1457 535/1329/1457
f 551/1356/1458 535/1329/1458 531/1324/1458
f 535/1359/1459 537/1360/1459 533/1361/1459
f 552/1362/1460 554/1363/1460 553/1364/1460
f 553/1364/1461 538/1336/1461 552/1362/1461
f 551/1356/1462 556/1365/1462 555/1366/1462
f 555/1366/1463 540/1358/1463 551/1356/1463
f 538/1357/1464 553/1367/1464 556/1365/1464
f 556/1365/1465 551/1356/1465 538/1357/1465
f 541/1341/1466 542/1343/1466 557/1368/1466
f 541/1369/1467 558/1370/1467 552/1362/1467
f 559/1371/1468 544/1344/1468 545/1346/1468
f 1644/1312/1469 560/1372/1469 524/1313/1469
f 1645/1373/1470 550/1353/1470 1648/1316/1470
f 550/1354/1471 1645/1318/1471 527/1317/1471
f 526/1374/1472 537/1334/1472 1651/1352/1472
f 525/1314/1473 550/1353/1473 548/1348/1473
f 540/1375/1474 536/1330/1438 535/1332/1440
f 551/1356/1475 531/1324/1475 528/1326/1475
f 533/1327/1476 549/1376/1476 547/1347/1476
f 549/1376/1477 525/1314/1477 547/1347/1477
f 1642/1338/1478 1649/1333/1478 536/1335/1478
f 539/1337/1443 1643/1339/1445 1653/1377/1479
f 539/1378/1480 561/1379/1480 545/1346/1480
f 532/1380/1481 530/1322/1481 528/1321/1481
f 552/1362/1482 538/1336/1482 529/1323/1482
f 1650/1381/1483 560/1382/1483 1646/1383/1483
f 1644/1384/1484 1646/1385/1484 560/1386/1484
f 1647/1387/1485 1648/1316/1485 526/1315/1485
f 527/1388/1486 1641/1311/1486 524/1313/1486
f 562/1389/1487 524/1390/1487 560/1391/1487
f 543/1392/1488 529/1323/1488 530/1322/1488
f 527/1317/1489 543/1392/1489 530/1322/1489
f 552/1362/1490 529/1323/1490 543/1392/1490
f 562/1389/1491 1649/1393/1491 1642/1394/1491
f 560/1382/1492 1649/1333/1492 562/1395/1492
f 527/1396/1493 524/1397/1493 546/1398/1493
f 527/1317/1494 530/1322/1494 550/1354/1494
f 546/1345/1495 562/1389/1496 563/1399/1497
f 562/1389/1498 546/1345/1498 524/1390/1498
f 1653/1377/1499 540/1340/1499 555/1400/1499
f 540/1340/1500 1653/1377/1500 1643/1339/1500
f 1649/1333/1501 560/1382/1501 1650/1381/1501
f 1649/1333/1502 1650/1381/1502 1651/1352/1502
f 526/1374/1503 1651/1352/1503 1647/1401/1503
f 564/1402/1504 566/1403/1504 565/1404/1504
f 567/1405/1505 565/1406/1505 1652/1407/1505
f 1654/1408/1506 567/1405/1506 1652/1407/1506
f 568/1409/1507 569/1410/1507 564/1402/1507
f 570/1411/1508 1654/1412/1508 1652/1413/1508
f 571/1414/1509 570/1411/1509 572/1415/1509
f 573/1416/1510 570/1411/1510 1652/1413/1510
f 570/1411/1511 573/1416/1511 572/1415/1511
f 571/1417/1512 572/1418/1512 574/1419/1512
f 569/1420/1513 575/1421/1513 574/1419/1513
f 569/1410/1514 576/1422/1514 564/1402/1514
f 567/1423/1515 568/1409/1515 564/1402/1515
f 574/1419/1516 577/1424/1516 576/1425/1516
f 567/1423/1517 564/1402/1517 565/1404/1517
f 564/1402/1518 576/1422/1518 566/1403/1518
f 570/1411/1519 579/1426/1519 578/1427/1519
f 571/1414/1520 579/1426/1520 570/1411/1520
f 569/1420/1521 574/1419/1521 576/1425/1521
f 574/1419/1522 572/1418/1523 577/1424/1524
f 554/1363/1525 575/1421/1525 569/1420/1525
f 569/1420/1526 553/1364/1526 554/1363/1526
f 568/1409/1527 567/1423/1527 555/1366/1527
f 555/1366/1528 556/1365/1528 568/1409/1528
f 569/1410/1529 568/1409/1529 556/1365/1529
f 556/1365/1530 553/1367/1530 569/1410/1530
f 575/1428/1531 558/1429/1532 557/1368/1533
f 580/1430/1534 579/1426/1534 571/1414/1534
f 578/1427/1535 579/1426/1535 580/1430/1535
f 561/1379/1536 1653/1431/1536 1654/1412/1536
f 555/1400/1537 1654/1408/1537 1653/1377/1537
f 1654/1408/1538 555/1400/1538 567/1405/1538
f 580/1430/1539 542/1432/1539 581/1433/1539
f 543/1434/1540 546/1345/1540 542/1432/1540
f 571/1435/1541 557/1368/1541 580/1436/1541
f 542/1343/1542 580/1436/1542 557/1368/1542
f 558/1429/1543 541/1341/1543 557/1368/1543
f 552/1362/1544 543/1392/1544 541/1369/1544
f 575/1421/1545 554/1363/1545 558/1370/1545
f 558/1370/1546 554/1363/1546 552/1362/1546
f 557/1368/1533 571/1435/1547 575/1428/1531
f 575/1428/1548 571/1435/1548 574/1437/1548
f 580/1430/1549 581/1433/1549 544/1344/1549
f 546/1345/1550 563/1399/1550 545/1346/1550
f 578/1438/1551 559/1439/1551 1654/1440/1551
f 559/1371/1552 580/1430/1552 544/1344/1552
f 559/1371/1553 578/1427/1553 580/1430/1553
f 570/1441/1554 578/1438/1554 1654/1440/1554
f 581/1433/1555 546/1345/1555 544/1344/1555
f 581/1433/1556 542/1432/1556 546/1345/1556
f 546/1345/1557 543/1434/1557 527/1442/1557
f 563/1399/1497 562/1389/1496 1642/1394/1558
f 563/1399/1559 1642/1394/1559 539/1378/1559
f 561/1379/1560 539/1378/1560 1653/1431/1560
f 545/1346/1561 563/1399/1561 539/1378/1561
f 559/1439/1562 561/1443/1562 1654/1440/1562
f 561/1443/1563 559/1439/1563 545/1444/1563
f 582/1445/1564 573/1416/1564 1652/1413/1564
f 573/1416/1565 582/1445/1565 583/1446/1565
f 583/1447/1566 572/1418/1566 573/1448/1566
f 584/1449/1567 1664/1450/1567 1662/1451/1567
f 1663/1452/1568 1696/1453/1568 1664/1454/1568
f 585/1455/1569 587/1456/1570 586/1457/1571
f 588/1458/1572 587/1456/1572 589/1459/1572
f 590/1460/1573 592/1461/1573 591/1462/1573
f 593/1463/1574 594/1464/1574 590/1465/1574
f 595/1466/1575 594/1464/1575 596/1467/1575
f 597/1468/1576 1671/1469/1576 598/1470/1576
f 1660/1471/1577 599/1472/1577 1659/1473/1577
f 1658/1474/1578 1659/1475/1578 600/1476/1578
f 601/1477/1579 1670/1478/1579 1671/1469/1579
f 598/1479/1580 602/1480/1581 597/1481/1582
f 603/1482/1583 597/1481/1583 602/1480/1583
f 604/1483/1584 1655/1484/1584 605/1485/1584
f 1655/1484/1585 604/1483/1585 606/1486/1585
f 607/1487/1586 1660/1488/1586 608/1489/1586
f 566/1403/1587 576/1422/1587 595/1466/1587
f 565/1404/1588 566/1403/1588 595/1466/1588
f 595/1466/1589 596/1467/1589 565/1404/1589
f 609/1490/1590 565/1491/1591 596/1492/1592
f 1700/1493/1593 610/1494/1593 582/1445/1593
f 583/1446/1594 582/1445/1594 610/1494/1594
f 1697/1495/1595 611/1496/1595 1703/1497/1595
f 610/1494/1596 1700/1493/1596 612/1498/1596
f 613/1499/1597 615/1500/1597 614/1501/1597
f 616/1502/1598 618/1503/1598 617/1504/1598
f 619/1505/1599 620/1506/1599 1701/1507/1599
f 620/1506/1600 619/1505/1600 621/1508/1600
f 622/1509/1601 1698/1510/1601 1701/1507/1601
f 622/1509/1602 1701/1507/1602 620/1506/1602
f 623/1511/1603 622/1509/1603 620/1506/1603
f 622/1509/1604 624/1512/1604 1698/1510/1604
f 624/1512/1605 622/1509/1605 623/1511/1605
f 1661/1513/1606 625/1514/1606 611/1496/1606
f 625/1514/1607 1661/1513/1607 1699/1515/1607
f 626/1516/1608 627/1517/1608 615/1518/1608
f 627/1519/1609 626/1520/1609 1664/1450/1609
f 1664/1454/1610 626/1521/1610 1665/1522/1610
f 628/1523/1611 1663/1524/1611 629/1525/1611
f 1665/1522/1612 629/1526/1612 1663/1452/1612
f 630/1527/1613 586/1457/1613 587/1456/1613
f 623/1511/1614 620/1506/1614 583/1528/1614
f 621/1508/1615 583/1528/1615 620/1506/1615
f 595/1466/1616 576/1422/1616 631/1529/1616
f 632/1530/1617 631/1531/1617 633/1532/1617
f 632/1533/1618 592/1534/1618 594/1464/1618
f 603/1482/1619 634/1535/1619 597/1481/1619
f 621/1536/1620 597/1537/1620 634/1538/1620
f 1671/1469/1621 597/1468/1621 1667/1539/1621
f 1667/1539/1622 597/1468/1622 619/1540/1622
f 619/1540/1623 597/1468/1623 621/1541/1623
f 635/1542/1624 636/1543/1624 618/1503/1624
f 587/1456/1625 635/1542/1625 630/1527/1625
f 585/1455/1626 609/1544/1626 637/1545/1626
f 593/1546/1627 637/1545/1627 609/1544/1627
f 638/1547/1628 640/1548/1628 639/1549/1628
f 591/1462/1629 641/1550/1629 590/1460/1629
f 641/1550/1630 639/1549/1630 642/1551/1630
f 639/1549/1631 640/1548/1631 642/1551/1631
f 638/1547/1632 644/1552/1632 643/1553/1632
f 605/1554/1633 1655/1555/1633 645/1556/1633
f 646/1557/1634 1655/1555/1634 1656/1558/1634
f 647/1559/1635 1656/1560/1635 606/1486/1635
f 1657/1561/1636 648/1562/1636 1669/1563/1636
f 648/1562/1637 1657/1561/1637 1660/1488/1637
f 1657/1561/1638 649/1564/1638 1660/1488/1638
f 649/1564/1639 1657/1561/1639 650/1565/1639
f 1658/1566/1640 652/1567/1640 651/1568/1640
f 651/1569/1641 653/1570/1641 1658/1571/1641
f 1666/1572/1642 655/1573/1642 654/1574/1642
f 654/1575/1643 656/1576/1643 1666/1577/1643
f 1677/1578/1644 658/1579/1644 657/1580/1644
f 657/1581/1645 659/1582/1645 1677/1583/1645
f 1659/1584/1646 660/1585/1646 1660/1488/1646
f 608/1489/1647 1660/1488/1647 660/1585/1647
f 600/1586/1648 599/1472/1648 661/1587/1648
f 662/1588/1649 663/1589/1649 1669/1563/1649
f 662/1590/1650 664/1591/1651 663/1592/1652
f 663/1592/1652 664/1591/1651 665/1593/1653
f 605/1554/1654 645/1556/1654 666/1594/1654
f 1669/1563/1655 1668/1595/1655 650/1565/1655
f 621/1536/1656 634/1538/1656 667/1596/1656
f 572/1418/1657 583/1447/1657 621/1536/1657
f 654/1574/1658 655/1573/1658 668/1597/1658
f 651/1598/1659 670/1599/1659 669/1600/1659
f 669/1600/1660 659/1601/1660 657/1602/1660
f 669/1600/1661 670/1599/1661 659/1601/1661
f 657/1580/1662 672/1603/1662 671/1604/1662
f 671/1605/1663 656/1576/1663 654/1575/1663
f 671/1604/1664 672/1603/1665 656/1606/1666
f 634/1535/1667 603/1482/1667 653/1607/1667
f 653/1607/1668 651/1608/1668 634/1535/1668
f 576/1425/1669 577/1424/1669 633/1532/1669
f 654/1609/1670 633/1532/1670 673/1610/1670
f 673/1610/1671 577/1424/1671 674/1611/1671
f 669/1612/1672 657/1613/1672 674/1614/1672
f 675/1615/1673 669/1616/1673 674/1611/1673
f 674/1611/1674 657/1617/1674 671/1618/1674
f 669/1616/1675 675/1615/1675 667/1596/1675
f 621/1536/1676 667/1596/1676 572/1418/1676
f 602/1480/1677 653/1607/1677 603/1482/1677
f 660/1619/1678 602/1480/1678 608/1620/1678
f 648/1621/1679 604/1483/1680 662/1590/1681
f 604/1483/1682 648/1621/1682 606/1486/1682
f 608/1620/1683 647/1559/1683 607/1622/1683
f 606/1486/1684 607/1622/1684 647/1559/1684
f 1696/1623/1685 677/1624/1685 676/1625/1685
f 1652/1626/1686 586/1627/1686 582/1628/1686
f 630/1629/1687 582/1445/1687 586/1630/1687
f 582/1445/1688 635/1631/1688 1700/1493/1688
f 635/1631/1689 582/1445/1689 630/1629/1689
f 1703/1632/1690 615/1518/1690 1697/1633/1690
f 617/1634/1691 1700/1493/1691 616/1635/1691
f 627/1517/1692 1661/1636/1692 615/1518/1692
f 1661/1636/1693 627/1517/1693 1699/1637/1693
f 623/1638/1694 583/1639/1694 610/1640/1694
f 678/1641/1695 679/1642/1695 624/1512/1695
f 679/1643/1696 678/1644/1696 612/1498/1696
f 625/1645/1697 679/1642/1697 611/1646/1697
f 629/1525/1698 625/1645/1698 628/1523/1698
f 676/1647/1699 584/1449/1699 1662/1451/1699
f 1696/1623/1700 1663/1524/1700 628/1523/1700
f 677/1624/1701 1696/1623/1701 628/1523/1701
f 588/1458/1702 619/1648/1702 618/1503/1702
f 1701/1649/1703 618/1503/1703 619/1648/1703
f 1701/1650/1704 614/1651/1704 618/1652/1704
f 613/1653/1705 614/1651/1705 1698/1654/1705
f 1664/1454/1706 1665/1522/1706 1663/1452/1706
f 618/1503/1707 636/1543/1708 588/1458/1708
f 585/1455/1709 589/1459/1709 587/1456/1709
f 609/1490/1590 596/1492/1592 593/1655/1710
f 609/1490/1711 586/1627/1711 565/1491/1711
f 1652/1626/1712 565/1491/1712 586/1627/1712
f 585/1455/1569 586/1457/1571 609/1544/1713
f 641/1550/1714 1666/1656/1714 639/1549/1714
f 639/1549/1715 1677/1657/1715 638/1547/1715
f 638/1547/1716 1658/1474/1716 644/1552/1716
f 644/1552/1717 1658/1474/1717 600/1476/1717
f 1667/1658/1718 644/1552/1718 1671/1659/1718
f 600/1476/1719 661/1660/1719 644/1552/1719
f 644/1552/1720 1667/1658/1720 643/1553/1720
f 619/1661/1721 588/1662/1721 589/1663/1721
f 663/1664/1722 666/1665/1722 1668/1666/1722
f 1669/1667/1723 663/1664/1723 1668/1666/1723
f 666/1665/1724 663/1664/1724 665/1668/1724
f 666/1665/1725 650/1669/1725 1668/1666/1725
f 642/1551/1726 640/1548/1726 637/1545/1726
f 585/1455/1727 637/1545/1727 589/1459/1727
f 593/1463/1728 596/1467/1728 594/1464/1728
f 590/1460/1729 642/1551/1729 593/1546/1729
f 594/1464/1730 595/1466/1730 631/1529/1730
f 594/1464/1731 592/1534/1731 590/1465/1731
f 593/1546/1732 642/1551/1732 637/1545/1732
f 641/1550/1733 642/1551/1733 590/1460/1733
f 643/1553/1734 1667/1658/1734 619/1648/1734
f 619/1648/1735 589/1459/1735 643/1553/1735
f 643/1553/1736 589/1459/1736 640/1548/1736
f 638/1547/1737 643/1553/1737 640/1548/1737
f 640/1548/1738 589/1459/1738 637/1545/1738
f 634/1538/1739 651/1670/1739 667/1596/1739
f 669/1616/1740 667/1596/1740 651/1670/1740
f 673/1610/1741 674/1611/1741 671/1618/1741
f 572/1418/1523 674/1611/1523 577/1424/1524
f 633/1532/1742 577/1424/1742 673/1610/1742
f 632/1530/1743 633/1532/1743 680/1671/1743
f 572/1418/1523 675/1615/1523 674/1611/1523
f 667/1596/1744 675/1615/1744 572/1418/1744
f 654/1575/1745 673/1672/1745 671/1605/1745
f 664/1591/1746 662/1590/1681 604/1483/1680
f 664/1591/1747 604/1483/1747 605/1485/1747
f 607/1622/1748 606/1486/1748 648/1621/1748
f 607/1487/1749 648/1562/1749 1660/1488/1749
f 1655/1555/1750 646/1557/1750 645/1556/1750
f 1656/1560/1751 1655/1484/1751 606/1486/1751
f 599/1673/1752 1660/1488/1752 649/1564/1752
f 599/1674/1753 646/1675/1753 601/1676/1753
f 1669/1563/1754 650/1565/1754 1657/1561/1754
f 1669/1563/1755 648/1562/1755 662/1588/1755
f 1656/1560/1756 647/1559/1756 598/1479/1756
f 598/1470/1757 1671/1469/1757 1670/1478/1757
f 647/1559/1758 608/1620/1758 602/1480/1758
f 602/1480/1581 598/1479/1580 647/1559/1759
f 653/1607/1760 602/1480/1760 660/1619/1760
f 660/1585/1761 1659/1584/1762 653/1570/1762
f 1658/1571/1763 653/1570/1762 1659/1584/1762
f 599/1472/1764 600/1586/1764 1659/1473/1764
f 598/1470/1765 1670/1478/1765 1656/1558/1765
f 1670/1478/1766 601/1477/1766 1656/1558/1766
f 645/1677/1767 650/1678/1767 666/1679/1767
f 645/1677/1768 646/1675/1768 650/1678/1768
f 646/1675/1769 649/1680/1769 650/1678/1769
f 649/1680/1770 646/1675/1770 599/1674/1770
f 601/1477/1771 646/1557/1771 1656/1558/1771
f 599/1681/1772 601/1682/1772 661/1683/1772
f 661/1684/1773 1671/1469/1773 644/1685/1773
f 661/1684/1774 601/1477/1774 1671/1469/1774
f 652/1567/1775 1658/1566/1775 681/1686/1775
f 1676/1687/1776 682/1688/1776 1675/1689/1776
f 1677/1690/1777 1675/1691/1777 683/1692/1777
f 684/1693/1778 1681/1694/1778 685/1695/1778
f 681/1696/1779 686/1697/1780 652/1698/1781
f 670/1599/1782 652/1698/1782 686/1697/1782
f 687/1699/1783 1673/1700/1783 1672/1701/1783
f 1673/1700/1784 687/1699/1784 688/1702/1784
f 689/1703/1785 1676/1704/1785 690/1705/1785
f 1672/1706/1786 1673/1707/1786 691/1708/1786
f 692/1709/1787 1673/1707/1787 1679/1710/1787
f 693/1711/1788 1679/1712/1788 688/1702/1788
f 1674/1713/1789 694/1714/1789 1680/1715/1789
f 694/1714/1790 1674/1713/1790 1676/1704/1790
f 1674/1716/1791 695/1717/1791 1676/1718/1791
f 695/1719/1792 1674/1713/1792 696/1720/1792
f 1675/1721/1793 697/1722/1793 1676/1704/1793
f 690/1705/1794 1676/1704/1794 697/1722/1794
f 683/1723/1795 682/1724/1795 685/1725/1795
f 698/1726/1796 699/1727/1796 1680/1715/1796
f 698/1728/1797 700/1729/1797 699/1730/1797
f 699/1730/1798 700/1729/1798 701/1731/1798
f 1672/1706/1799 691/1708/1799 702/1732/1799
f 1680/1733/1800 1678/1734/1800 696/1735/1800
f 686/1697/1801 659/1601/1801 670/1599/1801
f 697/1736/1802 686/1697/1803 690/1737/1804
f 694/1738/1805 687/1699/1805 698/1728/1805
f 687/1699/1806 694/1738/1806 688/1702/1806
f 690/1737/1807 693/1711/1807 689/1739/1807
f 688/1702/1808 689/1739/1808 693/1711/1808
f 638/1547/1809 1677/1657/1809 683/1740/1809
f 683/1740/1810 685/1741/1810 638/1547/1810
f 699/1742/1811 702/1743/1811 1678/1734/1811
f 1680/1733/1812 699/1742/1812 1678/1734/1812
f 702/1744/1813 699/1745/1813 701/1746/1813
f 702/1743/1814 696/1735/1814 1678/1734/1814
f 700/1729/1815 698/1728/1815 687/1699/1815
f 700/1729/1816 687/1699/1816 1672/1701/1816
f 689/1739/1817 688/1702/1817 694/1738/1817
f 689/1703/1818 694/1714/1818 1676/1704/1818
f 1673/1707/1819 692/1709/1819 691/1708/1819
f 1679/1712/1820 1673/1700/1820 688/1702/1820
f 682/1747/1821 1676/1748/1821 695/1749/1821
f 682/1724/1822 692/1750/1822 684/1751/1822
f 1680/1715/1823 696/1720/1823 1674/1713/1823
f 1680/1715/1824 694/1714/1824 698/1726/1824
f 1679/1712/1825 693/1711/1825 681/1696/1825
f 681/1686/1826 1658/1566/1826 1681/1694/1826
f 693/1711/1827 690/1737/1827 686/1697/1827
f 686/1697/1780 681/1696/1779 693/1711/1828
f 659/1601/1829 686/1697/1803 697/1736/1802
f 697/1722/1830 1675/1721/1830 659/1582/1830
f 1677/1583/1831 659/1582/1831 1675/1721/1831
f 682/1752/1832 683/1753/1832 1675/1754/1832
f 681/1686/1833 1681/1694/1833 1679/1710/1833
f 1681/1694/1834 684/1693/1834 1679/1710/1834
f 691/1755/1835 696/1735/1835 702/1743/1835
f 691/1755/1836 692/1750/1836 696/1735/1836
f 692/1750/1837 695/1756/1837 696/1735/1837
f 695/1756/1838 692/1750/1838 682/1724/1838
f 684/1693/1839 692/1709/1839 1679/1710/1839
f 682/1724/1840 684/1751/1840 685/1725/1840
f 685/1741/1841 1658/1474/1841 638/1547/1841
f 685/1741/1842 1681/1757/1842 1658/1474/1842
f 670/1599/1843 651/1598/1843 652/1698/1843
f 658/1579/1844 1677/1578/1844 703/1758/1844
f 1682/1759/1845 704/1760/1845 1684/1761/1845
f 1666/1656/1846 1684/1762/1846 705/1763/1846
f 706/1764/1847 708/1765/1848 707/1766/1849
f 703/1758/1850 709/1767/1850 658/1579/1850
f 672/1603/1851 658/1579/1851 709/1767/1851
f 710/1768/1852 1683/1769/1852 711/1770/1852
f 1683/1769/1853 710/1768/1853 712/1771/1853
f 713/1772/1854 1682/1773/1854 714/1774/1854
f 711/1775/1855 1683/1776/1856 715/1777/1857
f 716/1778/1858 1683/1776/1858 1688/1779/1858
f 717/1780/1859 1688/1781/1859 712/1771/1859
f 718/1782/1860 719/1783/1860 1685/1784/1860
f 719/1783/1861 718/1782/1862 1682/1773/1863
f 718/1785/1864 720/1786/1864 1682/1759/1864
f 720/1786/1865 718/1785/1865 721/1787/1865
f 1684/1788/1866 722/1789/1866 1682/1773/1866
f 714/1774/1867 1682/1773/1867 722/1789/1867
f 705/1790/1868 704/1760/1868 707/1791/1868
f 723/1792/1869 724/1793/1869 1685/1784/1869
f 723/1794/1870 725/1795/1870 724/1796/1870
f 726/1797/1871 725/1795/1871 711/1770/1871
f 711/1775/1872 715/1777/1872 1686/1798/1872
f 1685/1799/1873 1687/1800/1873 721/1787/1873
f 709/1767/1874 656/1606/1666 672/1603/1665
f 722/1801/1875 709/1767/1876 714/1802/1877
f 719/1803/1878 710/1768/1879 723/1794/1880
f 710/1768/1881 719/1803/1881 712/1771/1881
f 714/1802/1882 717/1780/1882 713/1804/1882
f 712/1771/1883 713/1804/1883 717/1780/1883
f 639/1549/1884 1666/1656/1884 705/1763/1884
f 705/1763/1885 707/1805/1885 639/1549/1885
f 724/1806/1886 1686/1807/1886 1687/1800/1886
f 1685/1799/1887 724/1806/1887 1687/1800/1887
f 1686/1798/1888 726/1808/1888 711/1775/1888
f 1686/1807/1889 721/1787/1889 1687/1800/1889
f 725/1795/1890 723/1794/1880 710/1768/1879
f 725/1795/1891 710/1768/1891 711/1770/1891
f 713/1804/1892 712/1771/1892 719/1803/1892
f 713/1772/1893 719/1783/1861 1682/1773/1863
f 1683/1776/1856 716/1778/1894 715/1777/1857
f 1688/1781/1895 1683/1769/1895 712/1771/1895
f 704/1809/1896 1682/1810/1896 720/1811/1896
f 704/1760/1897 716/1812/1897 706/1813/1897
f 1685/1799/1898 721/1787/1898 718/1785/1898
f 1685/1784/1899 719/1783/1899 723/1792/1899
f 1688/1781/1900 717/1780/1900 703/1758/1900
f 703/1814/1901 1677/1815/1901 708/1765/1901
f 717/1780/1902 714/1802/1877 709/1767/1876
f 709/1767/1903 703/1758/1903 717/1780/1903
f 656/1606/1666 709/1767/1874 722/1801/1904
f 722/1789/1905 1684/1788/1905 656/1576/1905
f 1666/1577/1906 656/1576/1906 1684/1788/1906
f 704/1760/1907 705/1790/1907 1684/1761/1907
f 703/1814/1908 708/1765/1908 1688/1779/1908
f 708/1765/1848 706/1764/1847 1688/1779/1909
f 715/1816/1910 721/1787/1910 1686/1807/1910
f 715/1816/1911 716/1812/1911 721/1787/1911
f 716/1812/1912 720/1786/1912 721/1787/1912
f 720/1786/1913 716/1812/1913 704/1760/1913
f 706/1764/1914 716/1778/1914 1688/1779/1914
f 704/1760/1915 706/1813/1915 707/1791/1915
f 707/1766/1916 1677/1815/1916 639/1817/1916
f 707/1766/1917 708/1765/1917 1677/1815/1917
f 672/1603/1918 657/1580/1918 658/1579/1918
f 655/1818/1919 1666/1819/1919 727/1820/1919
f 1689/1821/1920 728/1822/1920 1694/1823/1920
f 592/1534/1921 1694/1824/1921 729/1825/1921
f 730/1826/1922 1693/1827/1922 731/1828/1922
f 727/1829/1923 732/1830/1923 655/1573/1923
f 668/1597/1924 655/1573/1924 732/1830/1924
f 733/1831/1925 735/1832/1925 734/1833/1925
f 735/1832/1926 733/1831/1926 736/1834/1926
f 737/1835/1927 1689/1836/1928 738/1837/1928
f 734/1838/1929 735/1839/1929 739/1840/1929
f 740/1841/1930 735/1839/1930 1695/1842/1930
f 741/1843/1931 1695/1844/1931 736/1834/1931
f 1692/1845/1932 742/1846/1932 1691/1847/1932
f 742/1846/1933 1692/1845/1933 1689/1836/1933
f 1692/1848/1934 743/1849/1934 1689/1821/1934
f 743/1850/1935 1692/1845/1935 744/1851/1935
f 1694/1824/1936 745/1852/1937 1689/1836/1938
f 738/1837/1928 1689/1836/1928 745/1852/1939
f 729/1853/1940 728/1854/1940 731/1855/1940
f 746/1856/1941 747/1857/1941 1691/1847/1941
f 746/1858/1942 748/1859/1942 747/1860/1942
f 749/1861/1943 748/1859/1943 734/1833/1943
f 734/1838/1944 739/1840/1944 1702/1862/1944
f 1691/1847/1945 1690/1863/1945 744/1851/1945
f 745/1852/1946 750/1864/1946 668/1865/1946
f 745/1866/1947 732/1830/1947 738/1867/1947
f 742/1868/1948 733/1831/1949 746/1858/1950
f 733/1831/1949 742/1868/1948 736/1834/1951
f 738/1867/1952 741/1843/1952 737/1869/1952
f 736/1834/1953 737/1869/1953 741/1843/1953
f 591/1870/1954 592/1871/1954 729/1872/1954
f 729/1853/1955 731/1855/1955 591/1873/1955
f 747/1874/1956 1702/1875/1956 1690/1876/1956
f 1691/1877/1957 747/1874/1957 1690/1876/1957
f 1702/1862/1958 749/1878/1958 734/1838/1958
f 1702/1879/1959 744/1880/1959 1690/1881/1959
f 748/1859/1960 746/1858/1950 733/1831/1949
f 748/1859/1961 733/1831/1961 734/1833/1961
f 737/1869/1962 736/1834/1962 742/1868/1962
f 737/1835/1963 742/1846/1963 1689/1836/1963
f 735/1839/1964 740/1841/1964 739/1840/1964
f 1695/1844/1965 735/1832/1965 736/1834/1965
f 728/1822/1966 1689/1821/1966 743/1849/1966
f 728/1822/1967 740/1882/1967 730/1883/1967
f 1691/1847/1968 744/1851/1968 1692/1845/1968
f 1691/1847/1969 742/1846/1969 746/1856/1969
f 1695/1844/1970 741/1843/1970 727/1829/1970
f 727/1820/1971 1666/1819/1971 1693/1827/1971
f 741/1843/1972 738/1867/1972 732/1830/1972
f 732/1830/1973 727/1829/1973 741/1843/1973
f 668/1597/1974 732/1830/1974 745/1866/1974
f 745/1852/1937 1694/1824/1936 750/1864/1975
f 592/1534/1976 750/1864/1976 1694/1824/1976
f 728/1884/1977 729/1825/1977 1694/1824/1977
f 727/1820/1978 1693/1827/1978 1695/1842/1978
f 1693/1827/1979 730/1826/1979 1695/1842/1979
f 739/1885/1980 744/1880/1980 1702/1879/1980
f 739/1885/1981 740/1882/1981 744/1880/1981
f 740/1882/1982 743/1849/1982 744/1880/1982
f 743/1849/1983 740/1882/1983 728/1822/1983
f 730/1826/1984 740/1841/1984 1695/1842/1984
f 728/1854/1985 730/1886/1985 731/1855/1985
f 731/1828/1986 1666/1819/1986 591/1887/1986
f 731/1828/1987 1693/1827/1987 1666/1819/1987
f 750/1864/1988 592/1534/1988 632/1533/1988
f 1666/1656/1989 641/1550/1989 591/1462/1989
f 668/1865/1990 750/1864/1990 751/1888/1990
f 668/1597/1991 751/1889/1991 654/1574/1991
f 594/1464/1992 631/1529/1992 632/1533/1992
f 631/1529/1993 576/1422/1993 633/1890/1993
f 1699/1891/1994 584/1449/1994 676/1647/1994
f 676/1892/1995 677/1893/1995 1699/1515/1995
f 676/1625/1996 1662/1894/1996 1696/1623/1996
f 1662/1451/1997 1664/1450/1997 1696/1895/1997
f 624/1512/1998 679/1642/1998 629/1525/1998
f 629/1525/1999 1665/1896/1999 624/1512/1999
f 677/1624/2000 628/1523/2000 625/1645/2000
f 677/1893/2001 625/1514/2001 1699/1515/2001
f 1697/1633/2002 615/1518/2002 1661/1636/2002
f 1697/1495/2003 1661/1513/2003 611/1496/2003
f 1698/1654/2004 624/1897/2004 1665/1522/2004
f 626/1521/2005 1698/1654/2005 1665/1522/2005
f 626/1521/2006 613/1653/2006 1698/1654/2006
f 613/1898/2007 626/1516/2007 615/1518/2007
f 584/1449/2008 1699/1891/2008 627/1519/2008
f 584/1449/2009 627/1519/2009 1664/1450/2009
f 679/1642/2010 625/1645/2010 629/1525/2010
f 612/1498/2011 678/1644/2011 610/1494/2011
f 616/1635/2012 1700/1493/2012 635/1631/2012
f 616/1502/2013 635/1542/2013 618/1503/2013
f 614/1651/2014 1701/1650/2014 1698/1654/2014
f 614/1501/2015 617/1504/2015 618/1503/2015
f 615/1899/2016 1703/1497/2016 617/1634/2016
f 617/1504/2017 614/1501/2017 615/1500/2017
f 747/1860/2018 748/1859/2018 749/1861/2018
f 1702/1875/2019 747/1874/2019 749/1900/2019
f 724/1796/2020 725/1795/2020 726/1797/2020
f 1686/1901/2021 724/1902/2021 726/1903/2021
f 702/1732/2022 701/1904/2022 1672/1706/2022
f 701/1731/2023 700/1729/2023 1672/1701/2023
f 666/1594/2024 665/1905/2024 605/1554/2024
f 665/1593/2025 664/1591/2025 605/1485/2025
f 680/1671/2026 633/1532/2026 654/1609/2026
f 680/1906/2027 750/1864/2027 632/1533/2027
f 636/1543/1708 587/1456/1708 588/1458/1708
f 635/1542/1624 587/1456/1624 636/1543/1624
f 678/1907/2028 623/1638/2028 610/1640/2028
f 623/1511/2029 678/1641/2029 624/1512/2029
f 611/1496/2030 679/1643/2030 612/1498/2030
f 612/1498/2031 1703/1497/2031 611/1496/2031
f 1700/1493/2032 617/1634/2032 1703/1497/2032
f 1703/1497/2033 612/1498/2033 1700/1493/2033
f 751/1908/2034 680/1671/2034 654/1609/2034
f 751/1888/2035 750/1864/2035 680/1906/2035
f 525/1314/2036 548/1348/2036 547/1347/2036
f 548/1355/2037 530/1322/2037 532/1380/2037
f 533/1327/2038 547/1347/2038 752/1909/2038
f 752/1909/2039 547/1347/2039 532/1325/2039
f 549/1376/2040 526/1315/2040 525/1314/2040
f 537/1349/2041 526/1910/2041 549/1350/2041
f 532/1325/2042 534/1328/2042 752/1909/2042
f 533/1327/2043 752/1909/2043 534/1328/2043
f 754/1911/2044 1704/1912/2044 1706/1913/2044
f 761/1914/2045 1705/1915/2045 1704/1916/2045
f 1704/1916/2046 756/1917/2046 761/1914/2046
f 755/1918/2047 761/1919/2047 756/1920/2047
f 756/1920/2048 757/1921/2048 755/1918/2048
f 754/1922/2049 1707/915/2049 313/914/2049
f 754/1923/2050 1706/1924/2050 1707/1925/2050
f 763/1034/2051 1708/1926/2051 758/1031/2051
f 762/1927/2052 1710/1928/2052 1711/1929/2052
f 1708/1926/2053 1705/1915/2053 761/1914/2053
f 761/1914/2054 758/1031/2054 1708/1926/2054
f 758/1031/2055 761/1914/2055 755/1036/2055
f 755/1036/2056 759/1032/2056 758/1031/2056
f 1709/924/2057 1710/1928/2057 762/1927/2057
f 762/1927/2058 319/925/2058 1709/924/2058
f 319/928/2059 762/1051/2059 760/1050/2059
f 760/1050/2060 421/5/2060 319/928/2060
f 762/1927/2061 1711/1929/2061 763/1034/2061
f 763/1034/2062 1711/1929/2062 1708/1926/2062
f 756/1917/2063 1704/1916/2063 754/1930/2063
f 757/1921/2064 756/1920/2064 754/1931/2064
f 754/1931/2065 453/1932/2065 757/1921/2065
f 764/1933/2066 1712/1187/2066 1713/1189/2066
f 766/1934/2067 789/1935/2067 857/1936/2067
f 764/1183/2068 790/1937/2068 798/1938/2068
f 767/1195/2069 477/1093/2069 846/1202/2069
f 846/1202/2070 776/1939/2070 767/1195/2070
f 776/1939/2071 846/1202/2071 844/1940/2071
f 844/1940/2072 777/1941/2072 776/1939/2072
f 1713/1189/2073 474/1188/2073 778/1237/2073
f 767/1236/2074 474/1188/2074 478/1293/2074
f 767/1195/2075 788/1942/2075 799/1943/2075
f 799/1944/2076 778/1945/2076 767/1946/2076
f 1713/1189/2077 1716/1203/2077 794/1947/2077
f 776/1939/2078 792/1948/2078 795/1949/2078
f 777/1950/2079 787/1951/2079 796/1952/2079
f 778/1237/2080 793/1953/2080 797/1204/2080
f 769/1954/2081 495/1955/2082 787/1956/2083
f 787/1957/2084 857/1958/2084 769/1959/2084
f 770/1960/2085 493/1961/2085 791/1962/2085
f 791/1963/2086 798/1964/2086 770/1965/2086
f 771/1966/2087 494/1967/2087 789/1968/2087
f 789/1969/2088 791/1970/2088 771/1971/2088
f 793/1972/2089 799/1973/2089 775/1232/2089
f 775/1974/2090 497/1975/2090 793/1953/2090
f 780/1174/2091 488/1136/2091 811/1144/2091
f 780/1174/2092 811/1144/2092 813/1175/2092
f 780/1178/2093 512/1172/2093 1714/1169/2093
f 841/1158/2094 436/962/2094 827/1976/2094
f 482/1160/2095 841/1158/2095 827/1976/2095
f 781/1977/2096 482/1170/2096 827/1978/2096
f 835/1135/2097 870/1979/2097 867/1980/2097
f 783/1981/2098 1715/1982/2098 842/1119/2098
f 842/1119/2099 782/1118/2099 783/1981/2099
f 490/1983/2100 871/1984/2100 869/1124/2100
f 785/1146/2101 818/1151/2101 487/1147/2101
f 820/1153/2102 819/1152/2103 785/1146/2104
f 785/1146/2104 489/1154/2105 820/1153/2102
f 872/1141/2106 812/1145/2106 784/1143/2106
f 784/1143/2107 871/1985/2107 872/1141/2107
f 786/1057/2108 423/970/2109 462/1986/2110
f 438/44/2111 423/970/2111 786/1057/2111
f 786/1057/2112 462/1986/2112 837/1987/2112
f 462/1167/2113 836/1166/2113 837/1070/2113
f 764/1933/2114 1713/1189/2114 794/1947/2114
f 794/1947/2115 790/1988/2115 764/1933/2115
f 767/1195/2116 776/1939/2116 795/1949/2116
f 795/1949/2117 788/1942/2117 767/1195/2117
f 776/1989/2118 777/1950/2118 796/1952/2118
f 796/1990/2119 792/1948/2119 776/1939/2119
f 1713/1189/2120 778/1237/2120 797/1204/2120
f 797/1204/2121 1716/1203/2121 1713/1189/2121
f 769/1991/2122 857/1992/2122 789/1968/2122
f 789/1968/2123 494/1967/2123 769/1991/2123
f 770/1993/2124 798/1994/2124 790/1995/2124
f 790/1996/2125 492/1208/2125 770/1217/2125
f 791/1962/2126 493/1961/2126 771/1997/2126
f 788/1191/1282 498/1194/1281 775/1232/2127
f 775/1232/2128 799/1973/2128 788/1191/2128
f 768/1181/2129 794/1180/2129 1716/1998/2129
f 1716/1203/2130 491/1206/2130 768/1999/2130
f 772/1193/2131 795/1192/2132 792/1196/2133
f 792/1196/2133 496/1199/2134 772/1193/2131
f 787/1956/2083 495/1955/2082 773/1198/2135
f 773/1198/1286 796/1197/1285 787/1956/2136
f 774/1205/2137 797/1204/2137 793/1953/2137
f 793/1953/2138 497/1975/2138 774/1205/2138
f 777/1950/2139 851/2000/2139 857/1936/2139
f 787/1951/2140 777/1950/2140 857/1936/2140
f 765/1184/2141 764/1183/2141 798/1938/2141
f 798/1938/2142 791/2001/2142 765/1184/2142
f 766/2002/2143 765/1184/2143 791/2001/2143
f 791/2003/2144 789/2004/2144 766/2005/2144
f 793/1953/2145 778/1237/2145 799/2006/2145
f 822/1163/2146 817/1067/2146 801/1066/2146
f 801/1066/2147 803/1176/2147 822/1163/2147
f 801/1066/2148 807/1081/2148 809/1084/2148
f 803/1176/2149 801/1066/2149 809/1084/2149
f 806/1082/2150 802/1109/2150 807/1081/2150
f 808/1083/2151 803/1176/2151 809/1084/2151
f 810/1107/2152 466/1065/2152 865/1062/2152
f 865/1062/2153 454/2007/2153 810/1107/2153
f 454/2007/2154 805/1108/2154 810/1107/2154
f 810/1107/2155 502/1106/2155 506/1110/2155
f 805/1108/2156 500/1244/2156 502/1106/2156
f 500/1244/2157 805/1108/2157 823/2008/2157
f 810/1107/2158 506/1110/2158 806/1082/2158
f 811/1144/2159 488/1136/2159 812/1145/2159
f 1734/1142/2160 872/1141/2160 490/2009/2160
f 808/1083/2161 512/1086/2161 813/1175/2161
f 487/1147/2162 779/1162/2162 813/1175/2162
f 813/1175/2163 811/1144/2163 487/1147/2163
f 812/1145/2164 872/1141/2164 489/1154/2164
f 489/1154/2165 785/1146/2165 812/1145/2165
f 809/1084/2166 807/1081/2166 802/1109/2166
f 802/1109/2167 804/1085/2167 809/1084/2167
f 421/5/2168 760/1050/2168 814/1028/2168
f 760/1043/2169 454/1045/2169 814/2010/2169
f 428/1000/2170 444/1001/2170 864/1061/2170
f 864/1061/2171 815/1060/2171 428/1000/2171
f 814/1028/2172 444/1001/2172 422/6/2172
f 815/1060/2173 429/1002/2173 428/1000/2173
f 816/1064/2174 429/1002/2174 815/1060/2174
f 816/1064/2175 467/1063/2175 801/1066/2175
f 439/1003/2176 429/1002/2176 816/1064/2176
f 816/1064/2177 817/1067/2177 439/1003/2177
f 818/1151/2178 785/1146/2178 819/1152/2178
f 818/1151/2179 432/141/2179 821/1161/2179
f 822/1163/2180 803/1176/2180 779/1162/2180
f 435/1004/2181 424/1005/2181 822/1163/2181
f 822/1163/2182 821/1161/2182 435/1004/2182
f 821/1161/2183 432/141/2183 435/1004/2183
f 437/139/2184 819/1152/2184 820/1153/2184
f 820/1153/2185 433/1006/2185 437/139/2185
f 817/1067/2186 822/1163/2186 424/1005/2186
f 424/1005/2187 439/1003/2187 817/1067/2187
f 823/2008/2188 461/1245/2188 500/1244/2188
f 510/1266/2189 507/1260/2189 837/1070/2189
f 824/1257/2190 825/1071/2190 837/1070/2190
f 837/1070/2191 507/1260/2191 824/1257/2191
f 824/1257/2192 826/1078/2192 825/1071/2192
f 828/1127/2193 866/1116/2193 451/1009/2193
f 423/970/2194 440/150/2194 829/1157/2194
f 829/1157/2195 462/1986/2110 423/970/2109
f 830/1164/2196 462/1167/2196 829/2011/2196
f 830/1164/2197 482/1170/2197 838/1165/2197
f 1714/1169/2198 1717/1173/2198 831/1168/2198
f 832/1171/2199 510/1266/2199 838/1165/2199
f 510/1266/2200 832/1171/1262 831/1168/1261
f 831/1168/1261 1717/1173/2201 510/1266/2200
f 833/1121/2202 482/1170/2202 781/1977/2202
f 833/1121/2203 781/1977/2203 834/1122/2203
f 835/1135/2204 483/1128/2204 1737/1130/2204
f 838/1165/2205 510/1266/2205 836/1166/2205
f 485/1117/2206 832/1171/2206 838/1165/2206
f 838/1165/2207 833/1121/2207 485/1117/2207
f 486/1134/2208 868/1125/2208 870/1979/2208
f 836/1166/2209 510/1266/2209 837/1070/2209
f 441/39/2210 427/42/2210 839/1056/2210
f 839/1056/2211 427/42/2211 465/1058/2211
f 825/1071/2212 840/1077/2212 839/2012/2212
f 839/2012/2213 465/1072/2213 825/1071/2213
f 841/1158/2214 431/149/2214 436/962/2214
f 1715/1982/2215 484/1120/2215 842/1119/2215
f 843/1200/2216 766/1934/2216 851/2000/2216
f 851/2000/2217 852/1201/2217 843/1200/2217
f 845/2013/2218 765/2014/2218 766/2015/2218
f 845/1239/2219 766/1934/2219 843/1200/2219
f 846/1202/2220 473/1103/2220 844/1940/2220
f 847/1041/2221 461/1046/2221 848/1042/2221
f 848/1042/2222 461/1046/2222 460/1040/2222
f 850/1102/2223 471/1089/2223 849/1088/2223
f 852/1201/2224 844/1186/2225 471/1089/2226
f 471/1089/2226 850/1102/2227 852/1201/2224
f 1637/1306/2228 1718/1275/2229 854/1274/2230
f 854/1274/2230 515/1310/2231 1637/1306/2228
f 1718/1275/1355 516/1284/2232 514/1273/1353
f 855/1298/2233 522/1299/2233 472/2016/2233
f 855/1298/2234 518/1309/1420 854/1274/1422
f 1718/1275/2235 856/1307/2235 505/1254/2235
f 505/1254/2236 516/1284/2236 1718/1275/2236
f 847/1041/2237 458/1038/2237 853/1252/2237
f 855/1298/2238 472/2016/2238 849/1088/2238
f 856/1307/2239 503/1250/2239 853/1252/2239
f 851/2000/2240 766/1934/2240 857/1936/2240
f 851/2000/2241 777/1950/2241 852/1201/2241
f 852/1201/2242 777/1950/2242 844/1186/2242
f 859/2017/2243 457/2018/2243 858/2019/2243
f 468/1241/2244 457/2018/2244 859/2017/2244
f 859/2017/2245 860/2020/2245 468/1241/2245
f 861/1242/2246 468/1241/2246 860/2020/2246
f 860/1074/2247 463/1075/2247 862/2021/2247
f 862/2021/2248 861/2022/2248 860/1074/2248
f 862/1295/2249 826/1078/2249 863/1258/2249
f 454/2007/2250 865/1062/2250 864/1061/2250
f 864/1061/2251 814/1028/2251 454/2007/2251
f 865/1062/2252 466/1065/2252 815/1060/2252
f 444/1001/2253 814/1028/2253 864/1061/2253
f 866/1116/2254 828/1127/2254 483/1114/2254
f 866/1116/2255 867/1115/2255 781/2023/2255
f 781/2023/2256 827/1976/2256 866/1116/2256
f 868/1125/2257 486/1134/2257 1630/1123/2257
f 868/1125/2258 869/1124/2258 783/1981/2258
f 783/1981/2259 782/1118/2259 868/1125/2259
f 781/1977/2260 867/1980/2260 870/1979/2260
f 870/1979/2261 834/1122/2261 781/1977/2261
f 867/1980/2262 483/1128/2262 835/1135/2262
f 869/1124/2263 1630/1123/2263 490/1983/2263
f 869/1124/2264 871/1984/2264 784/2024/2264
f 784/1143/2265 783/1139/2265 869/2025/2265
f 871/1985/2266 490/2009/2266 872/1141/2266
f 451/1009/2267 430/115/2267 828/1127/2267
f 866/1116/2268 827/1976/2268 436/962/2268
f 436/962/2269 451/1009/2269 866/1116/2269
f 868/1125/2270 782/1118/2270 834/1122/2270
f 834/1122/2271 870/1979/2271 868/1125/2271
f 870/1979/2272 835/1135/2272 486/1134/2272
f 922/2026/2273 924/2027/2273 879/2028/2273
f 873/2029/2274 880/2030/2274 914/2031/2274
f 919/2032/2275 916/2033/2275 881/2034/2275
f 919/2032/2276 882/2035/2276 875/2036/2276
f 883/2037/2277 882/2035/2277 919/2032/2277
f 874/2038/2278 919/2032/2278 875/2036/2278
f 1719/2039/2279 884/2040/2279 909/2041/2279
f 877/2042/2280 909/2041/2280 884/2040/2280
f 896/2043/2281 876/2044/2281 885/2045/2281
f 878/2046/2282 879/2028/2282 873/2029/2282
f 878/2046/2283 908/2047/2283 884/2048/2283
f 879/2028/2284 878/2046/2284 884/2048/2284
f 889/2049/2285 906/2050/2285 888/2051/2285
f 891/2052/2286 913/2053/2286 890/2054/2286
f 1720/2055/2287 892/2056/2287 893/2057/2287
f 893/2057/2288 892/2056/2288 1719/2039/2288
f 895/2058/2289 894/2059/2290 906/2060/2291
f 917/2061/2292 896/2062/2292 885/2063/2292
f 883/2037/2293 931/2064/2293 898/2065/2293
f 930/2066/2294 898/2065/2294 931/2064/2294
f 930/2066/2295 899/2067/2295 929/2068/2295
f 929/2068/2296 901/2069/2296 930/2066/2296
f 929/2070/2297 902/2071/2297 901/2072/2297
f 912/2073/2298 891/2074/2298 903/2075/2298
f 903/2075/2299 891/2074/2299 890/2076/2299
f 896/2062/2300 903/2075/2301 904/2077/2302
f 904/2078/2303 1720/2055/2303 893/2057/2303
f 1719/2039/2304 896/2043/2304 893/2057/2304
f 887/2079/2305 898/2065/2305 888/2051/2305
f 918/2080/2306 912/2073/2306 886/2081/2306
f 888/2051/2307 897/2082/2307 889/2049/2307
f 901/2069/2308 889/2049/2308 897/2082/2308
f 928/2083/2309 888/2051/2309 906/2050/2309
f 895/2058/2310 902/2071/2310 892/2084/2310
f 1719/2039/2311 902/2085/2311 923/2086/2311
f 892/2084/2312 894/2059/2312 895/2058/2312
f 894/2087/2313 892/2056/2313 1720/2055/2313
f 906/2060/2291 889/2088/2314 895/2058/2289
f 889/2088/2315 901/2072/2316 895/2058/2317
f 902/2071/2318 895/2058/2317 901/2072/2316
f 893/2057/2319 896/2043/2319 904/2078/2319
f 926/2089/2320 925/2090/2321 905/2091/2322
f 888/2051/2323 898/2065/2323 897/2082/2323
f 898/2065/2324 887/2079/2324 905/2091/2324
f 1719/2039/2325 876/2044/2325 896/2043/2325
f 907/2092/2326 1720/2055/2326 904/2078/2326
f 920/2093/2327 883/2037/2328 881/2034/2329
f 879/2028/2330 884/2048/2330 922/2026/2330
f 880/2094/2331 899/2067/2331 881/2034/2331
f 899/2067/2332 880/2094/2332 900/2095/2332
f 884/2048/2333 923/2096/2333 922/2026/2333
f 900/2097/2334 923/2096/2334 902/2071/2334
f 902/2085/2335 1719/2039/2335 892/2056/2335
f 891/2098/2336 927/2099/2336 913/2100/2336
f 890/2054/2337 883/2037/2337 925/2090/2337
f 905/2091/2338 934/2101/2339 926/2089/2340
f 907/2102/2341 904/2077/2341 903/2075/2341
f 884/2048/2342 908/2047/2342 877/2103/2342
f 1719/2039/2343 909/2041/2343 876/2044/2343
f 918/2080/2344 891/2074/2344 912/2073/2344
f 896/2062/2300 912/2073/2345 903/2075/2301
f 927/2104/2346 891/2105/2346 910/2106/2346
f 914/2031/2347 880/2030/2347 916/2107/2347
f 921/2108/2348 916/2033/2348 919/2032/2348
f 915/2109/2349 914/2031/2349 916/2107/2349
f 916/2107/2350 880/2030/2350 881/2110/2350
f 911/2111/2351 896/2062/2351 917/2061/2351
f 910/2112/2352 891/2074/2352 918/2080/2352
f 912/2073/2353 896/2062/2353 911/2111/2353
f 886/2081/2354 912/2073/2354 911/2111/2354
f 874/2038/2355 921/2108/2355 919/2032/2355
f 881/2034/2356 883/2037/2356 919/2032/2356
f 899/2067/2357 920/2093/2327 881/2034/2329
f 930/2066/2358 931/2064/2358 899/2067/2358
f 915/2109/2359 916/2107/2359 921/2113/2359
f 922/2026/2360 900/2097/2360 880/2030/2360
f 880/2030/2361 924/2027/2361 922/2026/2361
f 900/2097/2362 922/2026/2362 923/2096/2362
f 1719/2039/2363 923/2086/2363 884/2040/2363
f 880/2030/2364 873/2029/2364 924/2027/2364
f 924/2027/2365 873/2029/2365 879/2028/2365
f 913/2053/2366 883/2037/2366 890/2054/2366
f 913/2114/2367 882/2115/2367 883/2116/2367
f 925/2117/2368 883/2118/2368 898/2119/2368
f 925/2117/2369 898/2119/2369 905/2120/2369
f 890/2054/2370 925/2090/2321 926/2089/2320
f 882/2121/2371 913/2122/2371 927/2104/2371
f 887/2079/2309 888/2051/2309 928/2083/2309
f 900/2097/2372 902/2071/2372 929/2070/2372
f 929/2068/2373 899/2067/2373 900/2095/2373
f 897/2082/2374 898/2065/2374 930/2066/2374
f 930/2066/2375 901/2069/2375 897/2082/2375
f 899/2067/2376 931/2064/2376 920/2093/2376
f 883/2037/2377 920/2093/2377 931/2064/2377
f 903/2075/2378 890/2076/2378 932/2123/2378
f 932/2123/2379 907/2102/2379 903/2075/2379
f 932/2123/2380 890/2076/2380 933/2124/2380
f 926/2089/2340 934/2101/2339 890/2054/2381
f 890/2054/2382 934/2101/2382 935/2125/2382
f 890/2054/2383 935/2125/2383 933/2126/2383
f 992/2127/2384 993/2128/2384 960/2129/2384
f 999/2130/2385 1829/2131/2385 1002/2132/2385
f 981/2133/2386 944/2134/2386 978/2135/2386
f 969/2136/2387 966/2137/2387 1722/2138/2387
f 965/2139/2388 953/2140/2388 954/2141/2388
f 984/2142/2389 943/2143/2389 962/2144/2389
f 951/2145/2390 952/2146/2390 959/2147/2390
f 992/2127/2391 991/2148/2391 961/2149/2391
f 940/2150/2392 947/2151/2392 971/2152/2392
f 964/2153/2393 963/2154/2394 957/2155/2395
f 937/2156/2396 938/2157/2396 981/2133/2396
f 991/2158/2397 963/2154/2397 964/2153/2397
f 980/2159/2398 974/2160/2398 954/2141/2398
f 943/2161/2399 944/2134/2399 961/2149/2399
f 947/2151/2400 940/2150/2400 970/2162/2400
f 941/2163/2401 947/2151/2401 970/2162/2401
f 1723/2164/2402 971/2152/2402 947/2151/2402
f 977/2165/2403 1332/2166/2403 983/2167/2403
f 954/2141/2404 975/2168/2404 989/2169/2404
f 983/2167/2405 981/2133/2405 978/2135/2405
f 963/2170/2406 959/2147/2406 952/2146/2406
f 953/2140/2407 987/2171/2407 946/2172/2407
f 988/2173/2408 967/2174/2409 987/2171/2410
f 1721/2175/2411 966/2137/2411 958/2176/2411
f 962/2144/2412 985/2177/2412 984/2142/2412
f 961/2178/2413 944/2179/2414 982/2180/2415
f 956/2181/2416 1722/2182/2416 955/2183/2416
f 1723/2184/2417 958/2176/2417 939/2185/2417
f 973/2186/2418 979/2187/2418 958/2176/2418
f 1336/2188/2419 1337/2189/2420 949/2190/2421
f 980/2191/2422 949/2190/2422 974/2192/2422
f 961/2149/2423 962/2193/2423 943/2161/2423
f 990/2194/2424 968/2195/2424 951/2145/2424
f 975/2168/2425 946/2172/2425 945/2196/2425
f 969/2136/2426 965/2197/2426 966/2137/2426
f 941/2198/2427 936/2199/2427 942/2200/2427
f 964/2153/2428 955/2183/2428 1723/2164/2428
f 951/2145/2429 959/2147/2429 960/2129/2429
f 981/2201/2430 938/2202/2430 945/2196/2430
f 944/2134/2431 981/2133/2431 946/2203/2431
f 1473/2204/2432 1495/2205/2433 1819/2206/2434
f 976/2207/2435 978/2135/2435 943/2161/2435
f 957/2155/2436 968/2208/2437 956/2181/2438
f 949/2190/2439 973/2186/2439 974/2192/2439
f 1495/2205/2433 1473/2204/2432 1496/2209/2440
f 1820/2210/2441 1498/2211/2441 1825/2212/2441
f 982/2180/2415 944/2179/2414 946/2213/2442
f 946/2172/2443 981/2201/2443 945/2196/2443
f 952/2214/2444 957/2155/2395 963/2154/2394
f 986/2215/2445 942/2200/2445 936/2199/2445
f 977/2165/2446 983/2167/2446 978/2135/2446
f 942/2216/2447 947/2151/2447 941/2163/2447
f 962/2144/2448 964/2153/2448 985/2177/2448
f 946/2217/2449 993/2218/2449 982/2219/2449
f 974/2192/2450 973/2186/2450 958/2176/2450
f 943/2161/2451 986/2215/2451 936/2199/2451
f 953/2140/2452 988/2173/2408 987/2171/2410
f 1461/2220/2453 1004/2221/2453 1002/2222/2453
f 1498/2211/2454 1820/2210/2454 1499/2223/2454
f 1721/2224/2455 1723/2164/2455 955/2183/2455
f 1723/2164/2456 939/2225/2456 971/2152/2456
f 958/2176/2457 966/2137/2458 965/2197/2459
f 942/2216/2460 984/2142/2460 947/2151/2460
f 1723/2164/2461 985/2177/2461 964/2153/2461
f 1776/2226/2462 983/2167/2462 1332/2166/2462
f 984/2227/2463 942/2200/2463 986/2215/2463
f 950/2228/2424 990/2194/2424 951/2145/2424
f 974/2160/2464 965/2139/2464 954/2141/2464
f 991/2148/2465 992/2127/2465 963/2170/2465
f 947/2151/2466 984/2142/2466 985/2177/2466
f 946/2172/2467 960/2229/2467 993/2230/2467
f 936/2199/2468 976/2207/2468 943/2161/2468
f 962/2144/2469 991/2158/2469 964/2153/2469
f 977/2165/2470 978/2135/2470 976/2207/2470
f 991/2148/2471 962/2193/2471 961/2149/2471
f 1331/2231/2472 1334/2232/2472 1339/2233/2472
f 943/2161/2473 984/2227/2473 986/2215/2473
f 1722/2182/2474 1721/2224/2474 955/2183/2474
f 979/2187/2475 948/2234/2475 958/2176/2475
f 952/2146/2476 951/2145/2476 968/2195/2476
f 958/2235/2477 948/2236/2477 939/2237/2477
f 987/2171/2478 960/2229/2478 946/2172/2478
f 968/2208/2437 957/2155/2436 952/2214/2479
f 958/2176/2457 965/2197/2459 974/2192/2480
f 954/2141/2481 953/2140/2481 975/2168/2481
f 992/2127/2482 961/2149/2482 993/2128/2482
f 967/2174/2483 988/2173/2484 996/2238/2485
f 950/2228/2486 951/2145/2486 960/2129/2486
f 960/2129/2487 967/2239/2487 950/2228/2487
f 1003/2240/2488 1004/2221/2488 1461/2220/2488
f 957/2155/2489 955/2183/2489 964/2153/2489
f 989/2169/2490 972/2241/2490 954/2141/2490
f 972/2241/2491 980/2159/2491 954/2141/2491
f 978/2135/2492 944/2134/2492 943/2161/2492
f 937/2156/2493 981/2133/2493 983/2167/2493
f 955/2183/2494 957/2155/2494 956/2181/2494
f 1723/2164/2495 947/2151/2495 985/2177/2495
f 975/2168/2496 953/2140/2496 946/2172/2496
f 987/2171/2497 967/2174/2497 960/2229/2497
f 945/2196/2498 989/2169/2498 975/2168/2498
f 1005/2242/2499 1036/2243/2499 1027/2244/2499
f 1020/2245/2500 1001/2246/2500 1018/2247/2500
f 1015/2248/2501 1013/2249/2501 967/2239/2501
f 968/2208/2502 1014/2250/2502 956/2181/2502
f 1015/2251/2503 1023/2252/2503 1026/2253/2503
f 1009/2254/2504 1010/2255/2504 956/2181/2504
f 1035/2256/2505 1027/2244/2505 1036/2243/2505
f 1016/2257/2506 1038/2258/2506 1040/2259/2506
f 1018/2260/2507 1464/2261/2507 998/2262/2507
f 1013/2249/2508 1026/2263/2509 1024/2264/2510
f 1501/2265/2511 1820/2210/2511 1821/2266/2511
f 961/2178/2512 982/2180/2512 993/2267/2512
f 1029/2268/2513 1015/2251/2513 1008/2269/2513
f 1812/2270/2514 1835/2271/2514 1001/2246/2514
f 998/2262/2515 1023/2252/2516 1032/2272/2517
f 1027/2244/2518 1003/2273/2518 1005/2242/2518
f 994/2274/2519 995/2275/2519 953/2140/2519
f 1340/2276/2520 940/2150/2521 1341/2277/2520
f 1019/2278/2522 1020/2279/2522 998/2262/2522
f 1002/2132/2523 1023/2252/2523 999/2130/2523
f 1728/2280/2524 1025/2281/2525 1011/2282/2526
f 1029/2268/2527 1008/2269/2527 1031/2283/2527
f 1726/2284/2528 1011/2282/2529 1039/2285/2530
f 1010/2255/2531 1727/2286/2531 1728/2287/2531
f 992/2127/2532 959/2147/2532 963/2170/2532
f 959/2147/2533 992/2127/2533 960/2129/2533
f 1820/2210/2534 1501/2265/2534 1499/2223/2534
f 1010/2255/2535 1021/2288/2535 1022/2289/2535
f 1822/2290/2536 1503/2291/2536 1474/2292/2536
f 1722/2182/2537 956/2181/2537 1010/2255/2537
f 1025/2281/2538 1812/2270/2538 1001/2246/2538
f 1007/2293/2539 1019/2278/2539 1031/2283/2539
f 1026/2263/2509 1013/2249/2508 1015/2248/2540
f 1018/2260/2541 1834/2294/2541 1464/2261/2541
f 1017/2295/2542 994/2296/2542 969/2136/2542
f 988/2173/2484 953/2140/2543 996/2238/2485
f 1030/2297/2544 1016/2257/2544 1040/2259/2544
f 1835/2271/2545 1832/2298/2545 1001/2246/2545
f 1012/2299/2546 1039/2285/2546 1011/2282/2546
f 1023/2252/2547 1015/2251/2547 1029/2268/2547
f 1833/2300/2548 1343/2301/2548 998/2262/2548
f 1726/2284/2549 969/2136/2549 1722/2138/2549
f 1005/2242/2550 1462/2302/2550 1830/2303/2550
f 1727/2286/2551 1010/2255/2551 1022/2289/2551
f 1000/2304/2552 1830/2303/2552 1463/2305/2552
f 1461/2220/2553 1462/2306/2553 1003/2240/2553
f 1017/2307/2554 1016/2257/2555 995/2275/2556
f 1028/2308/2557 1727/2286/2557 1022/2289/2557
f 1023/2252/2558 1002/2132/2558 1026/2253/2558
f 1000/2304/2559 1022/2289/2559 1021/2288/2559
f 1031/2283/2560 1032/2272/2560 1029/2268/2560
f 1727/2286/2561 1028/2308/2561 1812/2309/2561
f 1010/2255/2562 1728/2287/2562 1724/2310/2562
f 1774/2311/2563 1337/2189/2420 1336/2188/2419
f 1023/2252/2516 998/2262/2515 999/2130/2564
f 1763/2312/2565 1770/2313/2565 1341/2277/2565
f 995/2275/2566 1016/2257/2566 1030/2297/2566
f 1034/2314/2567 1024/2264/2567 1004/2221/2567
f 1014/2315/2568 968/2195/2568 1033/2316/2568
f 1503/2291/2569 1822/2290/2569 1510/2317/2569
f 965/2139/2570 994/2274/2570 953/2140/2570
f 1830/2303/2571 1000/2304/2571 1005/2242/2571
f 1834/2318/2572 1018/2247/2572 1001/2246/2572
f 1833/2300/2573 998/2262/2574 1464/2261/2575
f 1006/2319/2576 1019/2278/2576 1007/2293/2576
f 1038/2258/2577 1006/2319/2577 1040/2259/2577
f 1025/2281/2525 1728/2280/2524 1727/2320/2578
f 1039/2285/2579 1012/2299/2579 1038/2321/2579
f 1026/2263/2580 1004/2221/2580 1024/2264/2580
f 1009/2254/2581 956/2181/2581 1035/2256/2581
f 990/2194/2582 1033/2316/2583 968/2195/2584
f 998/2262/2585 1032/2272/2585 1019/2278/2585
f 1012/2299/2586 1006/2322/2586 1038/2321/2586
f 1339/2233/2587 1340/2276/2587 1331/2231/2587
f 994/2274/2588 1017/2307/2554 995/2275/2556
f 1004/2221/2589 1026/2263/2589 1002/2222/2589
f 1011/2282/2590 1724/2323/2590 1728/2280/2590
f 950/2228/2591 1013/2249/2592 990/2194/2582
f 1034/2314/2593 1027/2324/2593 1033/2316/2593
f 1002/2222/2594 1829/2325/2594 1461/2220/2594
f 953/2140/2595 997/2326/2595 996/2238/2595
f 1021/2288/2596 1010/2255/2596 1009/2254/2596
f 1020/2279/2597 1018/2260/2597 998/2262/2597
f 996/2238/2598 1030/2297/2598 1008/2269/2598
f 1033/2316/2599 1013/2249/2599 1034/2314/2599
f 1019/2278/2600 1006/2319/2600 1020/2279/2600
f 1834/2318/2601 1001/2246/2601 1832/2298/2601
f 994/2296/2602 965/2197/2602 969/2136/2602
f 1001/2246/2603 1020/2245/2603 1025/2281/2603
f 1011/2282/2604 1020/2245/2604 1012/2299/2604
f 1812/2270/2605 1025/2281/2525 1727/2320/2578
f 1722/2182/2606 1010/2255/2606 1726/2327/2606
f 1484/2328/2607 1824/2329/2607 1814/2330/2607
f 1824/2329/2608 1484/2328/2608 1506/2331/2608
f 1021/2288/2609 1005/2242/2609 1000/2304/2609
f 950/2228/2610 967/2239/2610 1013/2249/2610
f 1060/2332/2611 933/2124/2612 1059/2333/2613
f 1074/2334/2614 1084/2335/2614 1059/2336/2614
f 1049/2337/2615 1050/2338/2615 1062/2339/2615
f 1062/2339/2616 1063/2340/2616 1049/2337/2616
f 1041/2341/2617 1062/2342/2617 1076/2343/2617
f 1066/2344/2618 1042/2345/2619 1041/2346/2620
f 1053/2347/2621 1065/2348/2621 1064/2349/2621
f 1064/2349/2622 1052/2350/2622 1053/2347/2622
f 1730/2351/2623 1065/2352/2623 1053/2353/2623
f 1053/2353/2624 1729/2354/2624 1072/2355/2624
f 1731/2356/2625 1720/2055/2625 907/2092/2625
f 1044/2357/2626 1068/2358/2626 1063/2340/2626
f 1063/2340/2627 1041/2346/2627 1061/2359/2627
f 1055/2360/2628 1082/2361/2628 1049/2337/2628
f 1066/2362/2629 1069/2363/2629 1045/2364/2629
f 1045/2364/2630 1042/2365/2630 1066/2362/2630
f 1047/2366/2631 1045/2364/2631 1069/2363/2631
f 1069/2363/2632 1067/2367/2632 1047/2366/2632
f 933/2126/2633 1074/2334/2633 1059/2336/2633
f 1077/2368/2634 1078/2369/2634 1056/2370/2634
f 1078/2371/2635 1077/2372/2635 1070/2373/2635
f 1048/2374/2636 1070/2373/2636 1080/2375/2636
f 1070/2373/2637 1048/2374/2637 1046/2376/2637
f 1059/2333/2638 1084/2377/2638 1082/2361/2638
f 1052/2350/2639 894/2059/2639 1053/2347/2639
f 1720/2055/2640 1053/2353/2640 894/2087/2640
f 1720/2055/2641 1731/2356/2641 1053/2353/2641
f 1054/2378/2642 1072/2355/2642 1729/2354/2642
f 1072/2355/2643 1054/2378/2644 1068/2379/2645
f 1060/2332/2646 907/2102/2646 932/2123/2646
f 1731/2356/2647 1083/2380/2648 1054/2378/2649
f 1058/2381/2650 905/2091/2650 1056/2370/2650
f 887/2079/2651 1056/2370/2651 905/2091/2651
f 905/2091/2652 1058/2381/2652 1081/2382/2652
f 1077/2368/2653 1056/2370/2654 928/2083/2655
f 928/2083/2655 906/2050/2656 1077/2368/2653
f 1052/2350/2657 1079/2383/2657 894/2059/2657
f 906/2060/2658 894/2059/2658 1057/2384/2658
f 1082/2361/2659 1084/2377/2659 1049/2337/2659
f 932/2123/2660 933/2124/2612 1060/2332/2611
f 1055/2360/2661 1054/2385/2661 1083/2386/2661
f 1083/2386/2662 1082/2361/2662 1055/2360/2662
f 1062/2339/2663 1041/2346/2663 1063/2340/2663
f 1073/2387/2664 1075/2388/2664 1051/2389/2664
f 1075/2388/2665 1073/2387/2665 1076/2390/2665
f 1064/2349/2666 1043/2391/2666 1048/2374/2666
f 1043/2391/2667 1064/2349/2667 1065/2348/2667
f 1730/2351/2668 1784/2392/2668 1071/2393/2668
f 1071/2393/2669 1065/2352/2669 1730/2351/2669
f 1054/2385/2670 1055/2360/2670 1063/2340/2670
f 1063/2340/2671 1068/2358/2671 1054/2385/2671
f 1073/2394/2672 1051/2395/2672 1058/2381/2672
f 1058/2381/2673 1069/2363/2673 1066/2362/2673
f 1069/2363/2674 1058/2381/2675 1056/2370/2676
f 1056/2370/2676 1067/2367/2677 1069/2363/2674
f 1078/2369/2678 1047/2366/2678 1067/2367/2678
f 1078/2371/2679 1070/2373/2679 1046/2376/2679
f 1080/2375/2680 1079/2383/2680 1052/2350/2680
f 1079/2383/2681 1080/2375/2681 1070/2373/2681
f 1068/2379/2682 1044/2396/2682 1784/2392/2682
f 1784/2392/2683 1730/2351/2684 1068/2379/2645
f 1055/2360/2685 1049/2337/2685 1063/2340/2685
f 1065/2348/2686 1071/2397/2686 1043/2391/2686
f 1068/2379/2645 1730/2351/2684 1072/2355/2643
f 1053/2353/2687 1072/2355/2687 1730/2351/2687
f 1066/2362/2688 1073/2394/2688 1058/2381/2688
f 1075/2398/2689 1076/2343/2689 1062/2342/2689
f 934/2101/2690 1051/2395/2690 1074/2334/2690
f 1051/2395/2691 1075/2398/2691 1074/2334/2691
f 1050/2399/2692 1075/2398/2692 1062/2342/2692
f 1075/2398/2693 1084/2335/2693 1074/2334/2693
f 1073/2387/2694 1066/2344/2694 1076/2390/2694
f 1041/2346/2620 1076/2390/2695 1066/2344/2618
f 1063/2340/2696 1061/2359/2696 1044/2357/2696
f 905/2091/2697 1081/2382/2697 934/2101/2697
f 887/2079/2698 928/2083/2655 1056/2370/2654
f 1057/2384/2699 1077/2372/2699 906/2060/2699
f 1077/2372/2700 1057/2384/2700 1070/2373/2700
f 1047/2400/2701 1078/2371/2701 1046/2376/2701
f 1078/2369/2702 1067/2367/2702 1056/2370/2702
f 1070/2373/2703 1057/2384/2703 1079/2383/2703
f 1079/2383/2704 1057/2384/2704 894/2059/2704
f 1052/2350/2705 1064/2349/2705 1080/2375/2705
f 1048/2374/2706 1080/2375/2706 1064/2349/2706
f 935/2125/2707 1074/2334/2707 933/2126/2707
f 935/2125/2708 934/2101/2708 1074/2334/2708
f 1081/2382/2709 1051/2395/2709 934/2101/2709
f 1081/2382/2710 1058/2381/2710 1051/2395/2710
f 1060/2332/2711 1059/2333/2711 1082/2361/2711
f 1083/2386/2712 1060/2332/2712 1082/2361/2712
f 907/2102/2713 1060/2332/2713 1083/2386/2713
f 1083/2380/2648 1731/2356/2647 907/2092/2714
f 1054/2378/2715 1729/2354/2715 1731/2356/2715
f 1053/2353/2716 1731/2356/2716 1729/2354/2716
f 1084/2377/2717 1050/2338/2717 1049/2337/2717
f 1075/2398/2718 1050/2399/2718 1084/2335/2718
f 1088/2401/2719 1089/2402/2719 1094/2403/2719
f 1094/2403/2720 1755/2404/2720 1088/2401/2720
f 1732/2405/2721 1740/2406/2722 1087/2407/2723
f 1740/2406/2724 1732/2405/2725 1089/2402/2726
f 1089/2402/2726 1095/2408/2727 1740/2406/2724
f 1760/2409/2728 1758/2410/2728 1087/2407/2728
f 1758/2410/2729 1732/2405/2721 1087/2407/2723
f 1099/2411/2730 1102/2412/2730 1109/2413/2730
f 1099/2411/2731 1172/2414/2732 1102/2412/2733
f 1755/2415/2734 1085/2416/2734 1131/2417/2734
f 1131/2417/2735 1118/2418/2735 1755/2415/2735
f 1096/2419/2736 1213/2420/2736 1739/2421/2736
f 1181/2422/2737 1214/2423/2737 1215/2424/2737
f 1131/2417/2738 1085/2416/2738 1090/2425/2738
f 1090/2425/2739 1102/2412/2739 1131/2417/2739
f 1169/2426/2740 1761/2427/2740 1756/2428/2740
f 1756/2428/2741 1171/2429/2742 1169/2426/2743
f 1167/2430/2744 1097/2431/2744 1757/2432/2744
f 1198/2433/2745 1757/2432/2745 1097/2431/2745
f 1189/2434/2746 1129/2435/2746 1100/2436/2746
f 1185/2437/2747 1216/2438/2747 1186/2439/2747
f 1185/2437/2748 1128/2440/2748 1191/2441/2748
f 1118/2442/2749 1130/2443/2749 1088/2444/2749
f 1088/2401/2750 1755/2404/2750 1118/2445/2750
f 1219/2446/2751 1158/2447/2751 1157/2448/2751
f 1157/2448/2752 1159/2449/2752 1225/2450/2752
f 1214/2423/2753 1161/2451/2753 1160/2452/2753
f 1160/2452/2754 1224/2453/2754 1214/2423/2754
f 1193/2454/2755 1192/2455/2756 1762/2456/2757
f 1777/2457/2758 1106/2458/2758 1762/2459/2758
f 1198/2460/2759 1101/2461/2759 1146/2462/2759
f 1146/2462/2760 1145/2463/2760 1198/2460/2760
f 1757/2432/2761 1145/2464/2761 1086/2465/2761
f 1135/2466/2762 1136/2467/2762 1733/2468/2762
f 1733/2468/2763 1737/2469/2763 1135/2466/2763
f 1117/2470/2764 1108/2471/2764 1148/2472/2764
f 1148/2472/2765 1147/2473/2765 1117/2470/2765
f 1137/2474/2766 1734/2475/2766 1631/2476/2766
f 1631/2476/2767 1138/2477/2767 1137/2474/2767
f 1736/2478/2768 1734/2475/2768 1141/2479/2768
f 1736/2478/2769 1141/2479/2769 1139/2480/2769
f 1735/2481/2770 1736/2478/2770 1139/2480/2770
f 1106/2482/2771 1140/2483/2771 1194/2484/2771
f 1194/2484/2772 1193/2454/2772 1106/2482/2772
f 1196/2485/2773 1144/2486/2774 1195/2487/2775
f 1107/2488/2776 1123/2489/2776 1197/2490/2776
f 1197/2490/2777 1196/2485/2777 1107/2488/2777
f 1197/2491/2778 1108/2471/2778 1120/2492/2778
f 1108/2493/2779 1197/2490/2779 1123/2489/2779
f 1099/2411/2780 1109/2413/2780 1144/2486/2780
f 1144/2486/2781 1142/2494/2781 1099/2411/2781
f 1101/2495/2782 1198/2496/2782 1097/2497/2782
f 1124/2498/2783 1110/2499/2783 1132/2500/2783
f 1124/2498/2784 1132/2500/2784 1112/2501/2784
f 1124/2498/2785 1112/2501/2785 1122/2502/2785
f 1087/2503/2786 1166/2504/2786 1105/2505/2786
f 1091/2506/2787 1153/2507/2787 1162/2508/2787
f 1153/2509/2788 1091/2510/2788 1760/2409/2788
f 1760/2409/2789 1156/2511/2789 1153/2509/2789
f 1097/2497/2790 1168/2512/2790 1101/2495/2790
f 1111/2513/2791 1104/2514/2791 1163/2515/2791
f 1104/2514/2792 1111/2513/2792 1116/2516/2792
f 1126/2517/2793 1116/2516/2794 1168/2512/2795
f 1116/2516/2796 1126/2517/2796 1104/2514/2796
f 1116/2516/2797 1117/2470/2797 1101/2495/2797
f 1101/2495/2798 1168/2512/2795 1116/2516/2794
f 1122/2518/2799 1120/2492/2799 1111/2513/2799
f 1111/2513/2800 1124/2519/2800 1122/2518/2800
f 1096/2419/2801 1739/2421/2801 1188/2520/2801
f 1188/2520/2802 1187/2521/2802 1096/2419/2802
f 1095/2522/2803 1130/2523/2803 1179/2524/2803
f 1098/2525/2804 1115/2526/2804 1119/2527/2804
f 1114/2528/2805 1115/2526/2805 1110/2499/2805
f 1110/2499/2806 1164/2529/2806 1114/2528/2806
f 1176/2530/2807 1190/2531/2807 1100/2436/2807
f 1100/2436/2808 1175/2532/2808 1176/2530/2808
f 1120/2492/2809 1116/2516/2809 1111/2513/2809
f 1117/2470/2810 1116/2516/2810 1120/2492/2810
f 1120/2492/2811 1108/2471/2811 1117/2470/2811
f 1176/2530/2812 1114/2528/2812 1164/2529/2812
f 1164/2529/2813 1177/2533/2814 1176/2530/2815
f 1121/2534/2816 1177/2535/2816 1125/2536/2816
f 1173/2537/2817 1118/2418/2817 1131/2417/2817
f 1131/2417/2818 1172/2414/2818 1173/2537/2818
f 1112/2501/2819 1143/2538/2819 1142/2494/2819
f 1186/2539/2820 1213/2420/2820 1096/2419/2820
f 1185/2540/2821 1186/2539/2821 1096/2419/2821
f 1121/2534/2822 1125/2536/2823 1182/2541/2824
f 1182/2541/2824 1181/2422/2825 1121/2534/2822
f 1224/2453/2826 1158/2542/2826 1219/2543/2826
f 1158/2542/2827 1224/2453/2827 1160/2452/2827
f 1165/2544/2828 1171/2429/2829 1756/2428/2830
f 1756/2428/2830 1092/2545/2829 1165/2544/2828
f 1162/2546/2831 1165/2544/2831 1092/2545/2831
f 1127/2547/2832 1100/2436/2833 1190/2531/2834
f 1129/2435/2835 1178/2548/2835 1180/2549/2835
f 1180/2549/2836 1100/2436/2836 1129/2435/2836
f 1127/2547/2837 1190/2531/2837 1121/2550/2837
f 1127/2547/2838 1121/2550/2838 1181/2551/2838
f 1127/2547/2839 1181/2551/2839 1215/2552/2839
f 1185/2437/2840 1191/2441/2840 1216/2438/2840
f 1191/2441/2841 1128/2440/2841 1129/2435/2841
f 1223/2553/2842 1127/2554/2842 1215/2555/2842
f 1128/2556/2843 1179/2524/2843 1178/2557/2843
f 1178/2548/2844 1129/2435/2844 1128/2440/2844
f 1115/2526/2845 1098/2525/2845 1143/2538/2845
f 1132/2500/2846 1115/2526/2846 1143/2538/2846
f 1143/2538/2847 1112/2501/2847 1132/2500/2847
f 1115/2526/2848 1132/2500/2848 1110/2499/2848
f 1737/2469/2849 1738/2558/2849 1134/2559/2849
f 1134/2559/2850 1135/2466/2850 1737/2469/2850
f 1136/2560/2851 1135/2561/2851 1146/2562/2851
f 1146/2562/2852 1147/2473/2852 1136/2560/2852
f 1631/2563/2853 1733/2468/2853 1136/2467/2853
f 1136/2560/2854 1138/2564/2854 1631/2565/2854
f 1137/2566/2855 1138/2567/2855 1149/2568/2855
f 1139/2569/2856 1141/2570/2856 1151/2571/2856
f 1151/2571/2857 1150/2572/2857 1139/2569/2857
f 1783/2573/2858 1139/2569/2858 1150/2572/2858
f 1150/2572/2859 1777/2574/2859 1783/2573/2859
f 1138/2575/2860 1148/2576/2860 1149/2577/2860
f 1194/2484/2861 1140/2483/2861 1195/2487/2861
f 1140/2578/2862 1151/2579/2862 1149/2580/2862
f 1149/2580/2863 1107/2581/2863 1140/2578/2863
f 1142/2494/2864 1144/2486/2864 1112/2501/2864
f 1143/2538/2865 1098/2525/2865 1099/2411/2865
f 1099/2411/2866 1142/2494/2866 1143/2538/2866
f 1195/2487/2867 1140/2483/2867 1107/2488/2867
f 1145/2582/2868 1146/2562/2869 1135/2561/2870
f 1135/2561/2870 1134/2583/2871 1145/2582/2868
f 1086/2465/2872 1145/2464/2872 1134/2584/2872
f 1134/2584/2873 1782/2585/2873 1086/2465/2873
f 1147/2473/2874 1148/2472/2874 1138/2564/2874
f 1138/2564/2875 1136/2560/2875 1147/2473/2875
f 1147/2586/2876 1146/2462/2876 1101/2461/2876
f 1101/2495/2877 1117/2470/2877 1147/2473/2877
f 1150/2587/2878 1151/2579/2878 1140/2578/2878
f 1140/2578/2879 1106/2458/2879 1150/2587/2879
f 1777/2457/2880 1150/2587/2880 1106/2458/2880
f 1123/2489/2881 1148/2588/2881 1108/2493/2881
f 1149/2580/2882 1148/2589/2882 1123/2590/2882
f 1149/2580/2883 1123/2590/2883 1107/2581/2883
f 1137/2591/2884 1149/2592/2884 1151/2571/2884
f 1151/2571/2885 1141/2570/2885 1137/2591/2885
f 1156/2593/2886 1087/2503/2886 1105/2505/2886
f 1105/2594/2887 1154/2595/2887 1156/2596/2887
f 1162/2546/2888 1759/2597/2888 1091/2598/2888
f 1105/2594/2889 1217/2599/2889 1220/2600/2889
f 1220/2600/2890 1154/2595/2890 1105/2594/2890
f 1103/2601/2891 1170/2602/2891 1152/2603/2891
f 1156/2511/2892 1760/2409/2892 1087/2407/2892
f 1156/2596/2893 1154/2595/2893 1153/2604/2893
f 1159/2449/2894 1152/2603/2894 1155/2605/2894
f 1220/2600/2895 1155/2605/2895 1154/2595/2895
f 1162/2546/2896 1155/2605/2896 1171/2429/2896
f 1171/2429/2897 1155/2605/2897 1152/2603/2897
f 1739/2421/2898 1213/2420/2898 1222/2606/2898
f 1158/2447/2899 1103/2601/2900 1157/2448/2901
f 1103/2607/2902 1158/2542/2902 1183/2608/2902
f 1183/2608/2903 1126/2517/2903 1103/2607/2903
f 1218/2609/2904 1159/2449/2904 1155/2605/2904
f 1155/2605/2905 1220/2600/2905 1218/2609/2905
f 1157/2448/2901 1103/2601/2900 1152/2603/2906
f 1160/2452/2907 1161/2451/2907 1182/2541/2907
f 1182/2541/2908 1184/2610/2908 1160/2452/2908
f 1181/2422/2909 1161/2451/2909 1214/2423/2909
f 1104/2514/2910 1126/2517/2910 1183/2608/2910
f 1183/2608/2911 1184/2610/2911 1104/2514/2911
f 1159/2449/2912 1218/2609/2912 1225/2450/2912
f 1168/2611/2913 1103/2612/2913 1126/2613/2913
f 1170/2614/2914 1103/2607/2914 1168/2512/2914
f 1163/2515/2915 1124/2519/2915 1111/2513/2915
f 1104/2514/2916 1125/2536/2916 1163/2515/2916
f 1164/2529/2917 1110/2499/2917 1124/2498/2917
f 1124/2519/2918 1163/2515/2918 1164/2615/2918
f 1154/2595/2919 1155/2605/2919 1162/2546/2919
f 1165/2616/2920 1162/2617/2920 1171/2618/2920
f 1739/2421/2921 1221/2619/2921 1166/2504/2921
f 1219/2620/2922 1157/2621/2922 1225/2622/2922
f 1157/2448/2923 1152/2603/2923 1159/2449/2923
f 1221/2619/2924 1739/2421/2924 1222/2606/2924
f 1740/2623/2925 1739/2421/2926 1166/2504/2927
f 1166/2504/2927 1087/2503/2928 1740/2623/2925
f 1221/2619/2929 1217/2624/2929 1105/2505/2929
f 1105/2505/2930 1166/2504/2930 1221/2619/2930
f 1093/2625/2931 1167/2430/2931 1757/2432/2931
f 1097/2626/2932 1167/2627/2932 1169/2628/2932
f 1169/2426/2933 1170/2602/2933 1097/2431/2933
f 1168/2512/2934 1097/2497/2934 1170/2614/2934
f 1167/2430/2935 1093/2625/2936 1761/2427/2937
f 1761/2427/2937 1169/2426/2938 1167/2430/2935
f 1170/2602/2939 1169/2426/2743 1171/2429/2742
f 1153/2604/2940 1154/2595/2940 1162/2546/2940
f 1170/2602/2941 1171/2429/2941 1152/2603/2941
f 1102/2412/2942 1172/2414/2942 1131/2417/2942
f 1172/2414/2732 1099/2411/2731 1098/2525/2943
f 1133/2629/2944 1173/2537/2944 1174/2630/2944
f 1173/2537/2945 1133/2629/2945 1118/2418/2945
f 1172/2414/2946 1098/2525/2946 1119/2527/2946
f 1119/2527/2947 1173/2537/2947 1172/2414/2947
f 1174/2630/2948 1113/2631/2948 1175/2532/2948
f 1175/2532/2949 1180/2549/2949 1174/2630/2949
f 1113/2631/2950 1119/2527/2950 1115/2526/2950
f 1115/2526/2951 1114/2528/2951 1113/2631/2951
f 1088/2401/2952 1130/2632/2952 1095/2408/2952
f 1133/2633/2953 1130/2634/2953 1118/2635/2953
f 1174/2630/2954 1173/2537/2954 1119/2527/2954
f 1119/2527/2955 1113/2631/2955 1174/2630/2955
f 1095/2522/2956 1179/2524/2956 1188/2520/2956
f 1188/2520/2957 1740/2623/2957 1095/2522/2957
f 1176/2530/2958 1175/2532/2958 1113/2631/2958
f 1113/2631/2959 1114/2528/2959 1176/2530/2959
f 1190/2531/2960 1176/2530/2815 1177/2533/2814
f 1177/2533/2814 1121/2550/2961 1190/2531/2960
f 1163/2515/2962 1125/2536/2962 1177/2535/2962
f 1177/2535/2963 1164/2615/2963 1163/2515/2963
f 1133/2629/2964 1180/2549/2964 1178/2548/2964
f 1178/2557/2965 1130/2523/2965 1133/2636/2965
f 1096/2419/2966 1187/2521/2966 1185/2540/2966
f 1178/2557/2967 1179/2524/2967 1130/2523/2967
f 1180/2549/2968 1133/2629/2968 1174/2630/2968
f 1180/2549/2969 1175/2532/2969 1100/2436/2969
f 1181/2422/2970 1182/2541/2970 1161/2451/2970
f 1184/2610/2971 1182/2541/2971 1125/2536/2971
f 1125/2536/2972 1104/2514/2972 1184/2610/2972
f 1184/2610/2973 1183/2608/2973 1158/2542/2973
f 1158/2542/2974 1160/2452/2974 1184/2610/2974
f 1187/2521/2975 1188/2520/2975 1179/2524/2975
f 1740/2623/2976 1188/2520/2976 1739/2421/2976
f 1187/2521/2977 1179/2524/2977 1128/2556/2977
f 1128/2556/2978 1185/2540/2978 1187/2521/2978
f 1127/2547/2832 1223/2637/2979 1189/2434/2980
f 1189/2434/2980 1100/2436/2833 1127/2547/2832
f 1189/2434/2981 1191/2441/2981 1129/2435/2981
f 1223/2637/2982 1216/2438/2982 1191/2441/2982
f 1191/2441/2983 1189/2434/2983 1223/2637/2983
f 1089/2402/2984 1088/2401/2984 1095/2408/2984
f 1162/2546/2985 1092/2545/2985 1759/2597/2985
f 1102/2412/2986 1090/2425/2986 1192/2455/2986
f 1109/2413/2987 1102/2412/2987 1193/2454/2987
f 1192/2455/2988 1193/2454/2988 1102/2412/2988
f 1109/2413/2989 1194/2484/2989 1144/2486/2989
f 1193/2454/2990 1194/2484/2990 1109/2413/2990
f 1196/2485/2773 1195/2487/2775 1107/2488/2991
f 1194/2484/2992 1195/2487/2992 1144/2486/2992
f 1122/2502/2993 1112/2501/2994 1196/2485/2995
f 1112/2501/2996 1144/2486/2996 1196/2485/2996
f 1120/2492/2997 1122/2518/2997 1197/2491/2997
f 1196/2485/2995 1197/2490/2998 1122/2502/2993
f 1198/2460/2999 1145/2463/2999 1757/2638/2999
f 1106/2482/3000 1193/2454/2755 1762/2456/2757
f 3/114/3001 1782/2585/3002 1738/1126/3003
f 1742/2639/3004 914/2031/3004 1743/2640/3004
f 875/2036/3005 1744/2641/3005 1745/2642/3005
f 1753/2643/3006 874/2038/3006 1745/2642/3006
f 875/2036/3007 1745/2642/3007 874/2038/3007
f 1741/2644/3008 1749/2645/3008 1746/2646/3008
f 908/2047/3009 1209/2647/3009 877/2103/3009
f 1746/2646/3010 1199/2648/3010 1741/2644/3010
f 1209/2647/3011 908/2047/3011 1203/2649/3011
f 1210/2650/3012 1747/2651/3012 1201/2652/3012
f 878/2046/3013 873/2029/3013 1202/2653/3013
f 914/2031/3014 1742/2639/3014 1202/2653/3014
f 1200/2654/3015 1744/2655/3015 882/2656/3015
f 1741/2644/3016 1212/2657/3017 876/2044/3018
f 1199/2648/3019 1748/2658/3020 1205/2659/3021
f 1207/2660/3022 886/2081/3022 911/2111/3022
f 882/2121/3023 927/2104/3023 1200/2661/3023
f 875/2036/3024 882/2035/3024 1744/2641/3024
f 878/2046/3025 1750/2662/3025 1203/2649/3025
f 1752/2663/3026 1208/2664/3026 921/2113/3026
f 1749/2645/3027 1210/2665/3027 1201/2666/3027
f 876/2044/3028 909/2041/3028 1211/2667/3028
f 1211/2667/3029 909/2041/3030 877/2042/3031
f 1205/2659/3021 1212/2657/3032 1199/2648/3019
f 886/2081/3033 1206/2668/3033 918/2080/3033
f 1748/2669/3034 1207/2660/3034 1205/2670/3034
f 910/2112/3035 918/2080/3035 1206/2668/3035
f 1200/2661/3023 927/2104/3023 910/2106/3023
f 914/2031/3036 915/2109/3036 1743/2640/3036
f 921/2108/3037 874/2038/3037 1752/2671/3037
f 914/2031/3038 1202/2653/3038 873/2029/3038
f 1742/2639/3039 1750/2662/3039 1202/2653/3039
f 878/2046/3040 1202/2653/3040 1750/2662/3040
f 878/2046/3041 1203/2649/3041 908/2047/3041
f 1747/2651/3042 1203/2649/3042 1750/2662/3042
f 911/2111/3043 917/2061/3043 1205/2670/3043
f 910/2112/3044 1206/2668/3044 1204/2672/3044
f 910/2112/3045 1204/2672/3045 1200/2673/3045
f 1205/2670/3046 917/2061/3046 885/2063/3046
f 1751/2674/3047 1206/2668/3048 1207/2660/3049
f 1205/2670/3050 1207/2660/3050 911/2111/3050
f 1206/2668/3051 1751/2674/3051 1204/2672/3051
f 1748/2669/3052 1751/2674/3052 1207/2660/3052
f 1206/2668/3048 886/2081/3053 1207/2660/3049
f 1752/2671/3054 874/2038/3054 1753/2643/3054
f 915/2109/3055 921/2113/3055 1743/2640/3055
f 1208/2664/3056 1743/2640/3056 921/2113/3056
f 1747/2651/3057 1209/2647/3057 1203/2649/3057
f 1209/2647/3058 1747/2651/3058 1210/2650/3058
f 1749/2645/3059 1211/2667/3059 1210/2665/3059
f 877/2103/3060 1209/2647/3060 1210/2650/3060
f 1210/2665/3061 1211/2667/3029 877/2042/3031
f 1741/2644/3062 1211/2667/3062 1749/2645/3062
f 1741/2644/3016 1199/2648/3063 1212/2657/3017
f 876/2044/3064 1211/2667/3064 1741/2644/3064
f 1205/2659/3065 885/2045/3065 1212/2657/3065
f 1212/2657/3066 885/2045/3066 876/2044/3066
f 1231/2675/3067 1236/2676/3067 1742/2677/3067
f 1742/2677/3068 1743/2678/3068 1231/2675/3068
f 1227/2679/3069 1745/2680/3069 1744/2681/3069
f 1744/2681/3070 1228/2682/3070 1227/2679/3070
f 1238/2683/3071 1753/2684/3071 1745/2685/3071
f 1745/2680/3072 1227/2679/3072 1238/2686/3072
f 1754/2687/3073 1746/2688/3073 1749/2689/3073
f 1226/2690/3074 1199/2691/3075 1746/2688/3076
f 1746/2688/3076 1754/2687/3077 1226/2690/3074
f 1230/2692/3078 1234/2693/3078 1201/2694/3078
f 1201/2695/3079 1747/2696/3079 1230/2697/3079
f 1744/2698/3080 1200/2699/3080 1228/2700/3080
f 1226/2690/3081 1235/2701/3081 1748/2702/3081
f 1748/2702/3082 1199/2691/3082 1226/2690/3082
f 1239/2703/3083 1208/2704/3083 1752/2705/3083
f 1752/2706/3084 1232/2707/3084 1239/2708/3084
f 1234/2693/3085 1754/2687/3085 1749/2689/3085
f 1749/2689/3086 1201/2694/3086 1234/2693/3086
f 1233/2709/3087 1750/2710/3087 1742/2677/3087
f 1742/2677/3088 1236/2676/3088 1233/2709/3088
f 1233/2709/3089 1230/2697/3089 1747/2696/3089
f 1747/2696/3090 1750/2710/3090 1233/2709/3090
f 1237/2711/3091 1228/2712/3091 1200/2713/3091
f 1200/2714/3092 1204/2715/3092 1237/2716/3092
f 1229/2717/3093 1237/2716/3093 1204/2715/3093
f 1204/2715/3094 1751/2718/3094 1229/2717/3094
f 1235/2719/3095 1229/2717/3095 1751/2718/3095
f 1751/2718/3096 1748/2720/3096 1235/2719/3096
f 1232/2707/3097 1752/2706/3097 1753/2721/3097
f 1753/2721/3098 1238/2722/3098 1232/2707/3098
f 1239/2703/3099 1231/2675/3099 1743/2678/3099
f 1743/2678/3100 1208/2704/3100 1239/2703/3100
f 1231/2723/3101 1218/2724/3101 1236/2725/3101
f 1214/2726/3102 1227/2727/3102 1228/2728/3102
f 1228/2728/3103 1215/2729/3103 1214/2726/3103
f 1224/2730/3104 1238/2731/3104 1227/2727/3104
f 1227/2727/3105 1214/2726/3105 1224/2730/3105
f 1213/2732/3106 1226/2733/3107 1754/2734/3108
f 1754/2734/3109 1222/2735/3109 1213/2732/3109
f 1234/2736/3110 1230/2737/3110 1217/2738/3110
f 1217/2738/3111 1221/2739/3111 1234/2736/3111
f 1235/2740/3112 1226/2733/3107 1213/2732/3106
f 1213/2732/3113 1186/2741/3113 1235/2740/3113
f 1239/2742/3114 1232/2743/3114 1219/2744/3114
f 1219/2744/3115 1225/2745/3115 1239/2742/3115
f 1754/2734/3116 1234/2736/3116 1221/2739/3116
f 1221/2739/3117 1222/2735/3117 1754/2734/3117
f 1220/2746/3118 1233/2747/3118 1236/2725/3118
f 1236/2725/3119 1218/2724/3119 1220/2746/3119
f 1230/2737/3120 1233/2747/3120 1220/2746/3120
f 1220/2746/3121 1217/2738/3121 1230/2737/3121
f 1228/2728/3122 1237/2748/3122 1223/2749/3122
f 1223/2749/3123 1215/2729/3123 1228/2728/3123
f 1237/2748/3124 1229/2750/3124 1216/2751/3124
f 1216/2751/3125 1223/2749/3125 1237/2748/3125
f 1229/2750/3126 1235/2740/3126 1186/2741/3126
f 1186/2741/3127 1216/2751/3127 1229/2750/3127
f 1219/2744/3128 1232/2743/3128 1238/2731/3128
f 1238/2731/3129 1224/2730/3129 1219/2744/3129
f 1231/2723/3130 1239/2742/3130 1225/2745/3130
f 1225/2745/3131 1218/2724/3131 1231/2723/3131
f 1243/2752/3132 1253/2753/3132 1246/2754/3132
f 1243/2752/3133 1246/2754/3134 1303/2755/3135
f 1755/2415/3136 1275/2756/3136 1085/2416/3136
f 1275/2756/3137 1755/2415/3137 1262/2757/3137
f 1240/2758/3138 1287/2759/3138 1344/2760/3138
f 1312/2761/3139 1346/2762/3139 1345/2763/3139
f 1275/2756/3140 1090/2425/3140 1085/2416/3140
f 1090/2425/3141 1275/2756/3141 1246/2754/3141
f 1300/2764/3142 1756/2428/3142 1761/2427/3142
f 1756/2428/3143 1300/2764/3144 1302/2765/3145
f 1298/2766/3146 1757/2432/3146 1241/2767/3146
f 1328/2768/3147 1241/2767/3147 1757/2432/3147
f 1320/2769/3148 1244/2770/3148 1273/2771/3148
f 1316/2772/3149 1317/2773/3149 1347/2774/3149
f 1316/2772/3150 1322/2775/3150 1272/2776/3150
f 1262/2757/3151 1094/2777/3151 1274/2778/3151
f 1094/2403/3152 1262/2779/3152 1755/2404/3152
f 1350/2780/3153 1288/2781/3153 1289/2782/3153
f 1288/2781/3154 1356/2783/3154 1290/2784/3154
f 1345/2763/3155 1291/2785/3155 1292/2786/3155
f 1291/2787/3156 1345/2788/3156 1355/2789/3156
f 1323/2790/3157 1762/2456/3158 1192/2455/3159
f 1250/2791/3160 1324/2792/3160 1278/2793/3160
f 1324/2792/3161 1250/2791/3161 1323/2794/3161
f 1326/2795/3162 1325/2796/3163 1281/2797/3164
f 1251/2798/3165 1327/2799/3165 1267/2800/3165
f 1327/2799/3166 1251/2798/3166 1326/2795/3166
f 1327/2799/3167 1264/2801/3167 1252/2802/3167
f 1252/2802/3168 1267/2800/3168 1327/2799/3168
f 1243/2803/3169 1281/2797/3169 1253/2804/3169
f 1281/2797/3170 1243/2803/3170 1279/2805/3170
f 1245/2806/3171 1241/2767/3171 1328/2768/3171
f 1268/2807/3172 1276/2808/3172 1254/2809/3172
f 1268/2807/3173 1256/2810/3173 1276/2808/3173
f 1268/2807/3174 1266/2811/3174 1256/2810/3174
f 1758/2812/3175 1249/2813/3175 1297/2814/3175
f 1091/2598/3176 1293/2815/3176 1283/2816/3176
f 1283/2817/3177 1760/2409/3177 1091/2510/3177
f 1760/2409/3178 1283/2817/3178 1286/2818/3178
f 1241/2767/3179 1245/2806/3179 1299/2819/3179
f 1255/2820/3180 1294/2821/3180 1248/2822/3180
f 1248/2822/3181 1260/2823/3181 1255/2820/3181
f 1270/2824/3182 1299/2819/3182 1260/2823/3182
f 1260/2823/3183 1248/2822/3183 1270/2824/3183
f 1260/2823/3184 1245/2806/3184 1261/2825/3184
f 1245/2806/3185 1260/2823/3185 1299/2819/3185
f 1266/2811/3186 1255/2826/3186 1264/2801/3186
f 1255/2826/3187 1266/2811/3187 1268/2807/3187
f 1240/2758/3188 1319/2827/3188 1287/2759/3188
f 1319/2827/3189 1240/2758/3189 1318/2828/3189
f 1089/2829/3190 1310/2830/3190 1274/2778/3190
f 1242/2831/3191 1263/2832/3191 1259/2833/3191
f 1258/2834/3192 1254/2809/3192 1259/2833/3192
f 1254/2809/3193 1258/2834/3193 1295/2835/3193
f 1307/2836/3194 1244/2837/3194 1321/2838/3194
f 1244/2837/3195 1307/2836/3195 1306/2839/3195
f 1264/2840/3196 1255/2820/3196 1260/2823/3196
f 1261/2825/3197 1264/2840/3197 1260/2823/3197
f 1264/2801/3198 1261/2841/3198 1252/2802/3198
f 1307/2836/3199 1295/2835/3199 1258/2834/3199
f 1295/2835/3200 1307/2836/3201 1308/2842/3202
f 1265/2843/3203 1269/2844/3203 1308/2842/3203
f 1304/2845/3204 1275/2756/3204 1262/2757/3204
f 1275/2756/3205 1304/2845/3205 1303/2755/3205
f 1256/2810/3206 1279/2805/3206 1280/2846/3206
f 1317/2773/3207 1240/2758/3207 1344/2760/3207
f 1316/2772/3208 1240/2758/3208 1317/2773/3208
f 1265/2843/3209 1313/2847/3209 1269/2844/3209
f 1313/2847/3210 1265/2843/3211 1312/2761/3212
f 1355/2789/3213 1350/2780/3213 1289/2782/3213
f 1289/2782/3214 1291/2787/3214 1355/2789/3214
f 1296/2848/3215 1756/2428/3216 1302/2765/3217
f 1756/2428/3216 1296/2848/3215 1092/2545/3218
f 1293/2815/3219 1092/2545/3219 1296/2848/3219
f 1271/2849/3220 1321/2838/3220 1244/2837/3220
f 1273/2771/3221 1311/2850/3221 1309/2851/3221
f 1311/2850/3222 1273/2771/3222 1244/2770/3222
f 1271/2849/3223 1265/2843/3223 1321/2838/3223
f 1271/2849/3224 1312/2761/3224 1265/2843/3224
f 1271/2849/3225 1346/2762/3225 1312/2761/3225
f 1316/2772/3226 1347/2774/3226 1322/2775/3226
f 1322/2775/3227 1273/2771/3227 1272/2776/3227
f 1354/2852/3228 1346/2762/3228 1271/2849/3228
f 1272/2776/3229 1309/2851/3229 1310/2830/3229
f 1309/2851/3230 1272/2776/3230 1273/2771/3230
f 1259/2833/3231 1280/2846/3231 1242/2831/3231
f 1276/2808/3232 1280/2846/3232 1259/2833/3232
f 1280/2846/3233 1276/2808/3233 1256/2810/3233
f 1259/2833/3234 1254/2809/3234 1276/2808/3234
f 1324/2792/3235 1325/2796/3235 1278/2793/3235
f 1279/2805/3236 1256/2810/3236 1281/2797/3236
f 1280/2846/3237 1243/2803/3237 1242/2831/3237
f 1243/2803/3238 1280/2846/3238 1279/2805/3238
f 1325/2796/3239 1251/2798/3239 1278/2793/3239
f 1286/2853/3240 1249/2813/3240 1758/2812/3240
f 1249/2813/3241 1286/2853/3241 1284/2854/3241
f 1293/2815/3242 1091/2598/3242 1759/2597/3242
f 1249/2813/3243 1351/2855/3243 1348/2856/3243
f 1351/2855/3244 1249/2813/3244 1284/2854/3244
f 1247/2857/3245 1282/2858/3245 1301/2859/3245
f 1286/2818/3246 1758/2410/3246 1760/2409/3246
f 1286/2853/3247 1283/2860/3247 1284/2854/3247
f 1290/2784/3248 1285/2861/3248 1282/2858/3248
f 1351/2855/3249 1284/2854/3249 1285/2862/3249
f 1293/2815/3250 1302/2765/3250 1285/2861/3250
f 1302/2765/3251 1282/2858/3251 1285/2861/3251
f 1287/2759/3252 1353/2863/3252 1344/2760/3252
f 1289/2782/3253 1288/2781/3254 1247/2857/3255
f 1247/2857/3256 1314/2864/3256 1289/2782/3256
f 1314/2864/3257 1247/2857/3257 1270/2824/3257
f 1349/2865/3258 1285/2861/3258 1290/2784/3258
f 1285/2862/3259 1349/2866/3259 1351/2855/3259
f 1288/2781/3254 1282/2858/3260 1247/2857/3255
f 1291/2785/3261 1313/2847/3261 1292/2786/3261
f 1313/2867/3262 1291/2787/3262 1315/2868/3262
f 1312/2761/3263 1345/2763/3263 1292/2786/3263
f 1248/2822/3264 1314/2864/3264 1270/2824/3264
f 1314/2864/3265 1248/2822/3265 1315/2868/3265
f 1290/2784/3266 1356/2783/3266 1349/2865/3266
f 1299/2819/3267 1270/2824/3267 1247/2857/3267
f 1301/2859/3268 1299/2819/3268 1247/2857/3268
f 1294/2869/3269 1255/2826/3269 1268/2807/3269
f 1248/2822/3270 1294/2821/3270 1269/2870/3270
f 1295/2835/3271 1268/2807/3271 1254/2809/3271
f 1268/2807/3272 1295/2835/3272 1294/2869/3272
f 1284/2854/3273 1293/2871/3273 1285/2862/3273
f 1296/2848/3274 1302/2765/3274 1293/2815/3274
f 1287/2872/3275 1297/2814/3275 1352/2873/3275
f 1350/2780/3276 1356/2783/3276 1288/2781/3276
f 1288/2781/3277 1290/2784/3277 1282/2858/3277
f 1352/2873/3278 1353/2874/3278 1287/2872/3278
f 1732/2875/3279 1297/2814/3280 1287/2872/3281
f 1297/2814/3280 1732/2875/3279 1758/2812/3282
f 1352/2873/3283 1249/2813/3283 1348/2856/3283
f 1249/2813/3284 1352/2873/3284 1297/2814/3284
f 1093/2625/3285 1757/2432/3285 1298/2766/3285
f 1241/2767/3286 1300/2764/3286 1298/2766/3286
f 1300/2764/3287 1241/2767/3287 1301/2859/3287
f 1299/2819/3288 1301/2859/3288 1241/2767/3288
f 1298/2766/3289 1761/2427/3290 1093/2625/3291
f 1761/2427/3290 1298/2766/3289 1300/2764/3292
f 1301/2859/3293 1302/2765/3145 1300/2764/3144
f 1283/2860/3294 1293/2871/3294 1284/2854/3294
f 1301/2859/3295 1282/2858/3295 1302/2765/3295
f 1246/2754/3296 1275/2756/3296 1303/2755/3296
f 1303/2755/3135 1242/2876/3297 1243/2752/3133
f 1277/2877/3298 1305/2878/3298 1304/2845/3298
f 1304/2845/3299 1262/2757/3299 1277/2877/3299
f 1303/2755/3300 1263/2879/3300 1242/2876/3300
f 1263/2879/3301 1303/2755/3301 1304/2845/3301
f 1305/2878/3302 1306/2880/3302 1257/2881/3302
f 1306/2880/3303 1305/2878/3303 1311/2850/3303
f 1257/2882/3304 1259/2833/3304 1263/2832/3304
f 1259/2833/3305 1257/2882/3305 1258/2834/3305
f 1094/2403/3306 1089/2402/3306 1274/2883/3306
f 1277/2877/3307 1262/2757/3307 1274/2778/3307
f 1305/2878/3308 1263/2879/3308 1304/2845/3308
f 1263/2879/3309 1305/2878/3309 1257/2881/3309
f 1089/2829/3310 1319/2827/3310 1310/2830/3310
f 1319/2884/3311 1089/2885/3311 1732/2886/3311
f 1307/2836/3312 1257/2882/3312 1306/2839/3312
f 1257/2882/3313 1307/2836/3313 1258/2834/3313
f 1321/2838/3314 1308/2842/3202 1307/2836/3201
f 1308/2842/3202 1321/2838/3314 1265/2843/3315
f 1294/2869/3316 1308/2842/3316 1269/2844/3316
f 1308/2842/3317 1294/2869/3317 1295/2835/3317
f 1277/2877/3318 1309/2851/3318 1311/2850/3318
f 1309/2851/3319 1277/2877/3319 1274/2778/3319
f 1240/2758/3320 1316/2772/3320 1318/2828/3320
f 1309/2851/3321 1274/2778/3321 1310/2830/3321
f 1311/2850/3322 1305/2878/3322 1277/2877/3322
f 1311/2850/3323 1244/2770/3323 1306/2880/3323
f 1312/2761/3212 1292/2786/3324 1313/2847/3210
f 1315/2868/3325 1269/2870/3325 1313/2867/3325
f 1269/2870/3326 1315/2868/3326 1248/2822/3326
f 1315/2868/3327 1289/2782/3327 1314/2864/3327
f 1289/2782/3328 1315/2868/3328 1291/2787/3328
f 1318/2828/3329 1310/2830/3329 1319/2827/3329
f 1732/2887/3330 1287/2759/3330 1319/2827/3330
f 1318/2828/3331 1272/2776/3331 1310/2830/3331
f 1272/2776/3332 1318/2828/3332 1316/2772/3332
f 1271/2849/3333 1320/2888/3334 1354/2852/3335
f 1320/2888/3334 1271/2849/3333 1244/2837/3336
f 1320/2888/3337 1273/2889/3337 1322/2890/3337
f 1354/2852/3338 1322/2890/3338 1347/2891/3338
f 1322/2890/3339 1354/2852/3339 1320/2888/3339
f 1293/2815/3340 1759/2597/3340 1092/2545/3340
f 1246/2754/3341 1192/2455/3341 1090/2425/3341
f 1253/2753/3342 1323/2790/3342 1246/2754/3342
f 1192/2455/3343 1246/2754/3343 1323/2790/3343
f 1253/2804/3344 1281/2797/3344 1324/2792/3344
f 1323/2794/3345 1253/2804/3345 1324/2792/3345
f 1326/2795/3162 1251/2798/3346 1325/2796/3163
f 1324/2792/3347 1281/2797/3347 1325/2796/3347
f 1266/2811/3348 1326/2795/3349 1256/2810/3350
f 1256/2810/3351 1326/2795/3351 1281/2797/3351
f 1264/2801/3352 1327/2799/3352 1266/2811/3352
f 1326/2795/3349 1266/2811/3348 1327/2799/3353
f 1250/2892/3354 1762/2456/3158 1323/2790/3157
f 1763/2893/3355 939/2185/3356 1342/2894/3357
f 938/2157/3358 937/2156/3358 1329/2895/3358
f 1029/2268/3359 1032/2272/3359 1023/2252/3359
f 1763/2893/3355 1342/2894/3357 1769/2896/3360
f 1022/2289/3361 1000/2304/3361 1028/2308/3361
f 1033/2316/3362 1027/2324/3362 1014/2315/3362
f 953/2140/3363 995/2275/3363 997/2326/3363
f 949/2190/3364 980/2191/3364 1336/2188/3364
f 938/2202/3365 1764/2897/3365 945/2196/3365
f 1035/2256/3366 956/2181/3366 1014/2250/3366
f 967/2174/3367 996/2238/3367 1037/2898/3367
f 1036/2243/3368 1009/2254/3368 1035/2256/3368
f 1517/2899/3369 1823/2900/3369 1827/2901/3369
f 970/2162/3370 940/2150/3370 1339/2233/3370
f 973/2186/3371 1335/2902/3371 979/2187/3371
f 999/2130/3372 1343/2301/3373 1460/2903/3374
f 1330/2904/3375 972/2241/3375 989/2169/3375
f 1770/2313/3376 1767/2905/3376 1340/2276/3376
f 1463/2305/3377 1812/2309/3377 1028/2308/3377
f 1775/2906/3378 983/2167/3378 1776/2226/3378
f 1823/2900/3379 1517/2899/3379 1507/2907/3379
f 1768/2908/3380 1335/2902/3380 1337/2189/3380
f 1017/2307/3381 1038/2258/3381 1016/2257/3381
f 1342/2894/3382 939/2185/3382 948/2234/3382
f 1004/2221/3383 1003/2240/3383 1034/2314/3383
f 1040/2259/3384 1006/2319/3384 1007/2293/3384
f 1020/2245/3385 1011/2282/3385 1025/2281/3385
f 1034/2314/3386 1003/2240/3386 1027/2324/3386
f 1008/2269/3387 1030/2297/3387 1031/2283/3387
f 1037/2898/3388 996/2238/3388 1008/2269/3388
f 1031/2283/3389 1030/2297/3389 1040/2259/3389
f 1339/2233/3390 1334/2232/3390 970/2162/3390
f 1831/2909/3391 1812/2309/3391 1463/2305/3391
f 1005/2242/3392 1021/2288/3392 1036/2243/3392
f 1003/2273/3393 1462/2302/3393 1005/2242/3393
f 1009/2254/3394 1036/2243/3394 1021/2288/3394
f 1033/2316/2583 990/2194/2582 1013/2249/2592
f 1772/2910/3395 1333/2911/3395 1771/2912/3395
f 1012/2299/3396 1020/2245/3396 1006/2322/3396
f 997/2326/3397 995/2275/3397 1030/2297/3397
f 976/2207/3398 1333/2911/3398 1772/2910/3398
f 1031/2283/3399 1019/2278/3399 1032/2272/3399
f 967/2174/3400 1037/2898/3400 1015/2251/3400
f 997/2326/3401 1030/2297/3401 996/2238/3401
f 1463/2305/3402 1028/2308/3402 1000/2304/3402
f 1337/2189/3403 973/2186/3403 949/2190/3403
f 1039/2285/3404 1038/2321/3404 1017/2295/3404
f 1340/2276/3405 1767/2905/3405 1331/2231/3405
f 1338/2913/3406 1329/2895/3406 937/2156/3406
f 1037/2898/3407 1008/2269/3407 1015/2251/3407
f 1010/2255/3408 1724/2310/3408 1726/2327/3408
f 972/2241/3409 1336/2914/3409 980/2159/3409
f 1507/2915/3410 1826/2916/3410 1823/2917/3410
f 1826/2916/3411 1507/2915/3411 1504/2918/3411
f 1034/2314/3412 1013/2249/3412 1024/2264/3412
f 972/2241/3413 1773/2919/3413 1336/2914/3413
f 1772/2920/3414 1367/2921/3414 1362/2922/3414
f 1362/2923/3415 1332/2924/3415 1772/2925/3415
f 1764/2926/3416 1329/2927/3416 1358/2928/3416
f 1358/2928/3417 1359/2929/3417 1764/2926/3417
f 1329/2930/3418 1338/2931/3418 1369/2932/3418
f 1369/2932/3419 1358/2933/3419 1329/2930/3419
f 1766/2934/3420 1770/2935/3420 1765/2936/3420
f 1765/2937/3421 1769/2938/3422 1357/2939/3423
f 1357/2939/3423 1766/2940/3424 1765/2937/3421
f 1767/2941/3425 1365/2942/3425 1361/2943/3425
f 1361/2943/3426 1331/2944/3426 1767/2941/3426
f 1764/2926/3427 1359/2929/3427 1330/2945/3427
f 1768/2946/3428 1366/2947/3428 1357/2939/3428
f 1357/2939/3429 1769/2938/3429 1768/2946/3429
f 1775/2948/3430 1776/2949/3430 1370/2950/3430
f 1370/2950/3431 1363/2951/3431 1775/2948/3431
f 1770/2935/3432 1766/2934/3432 1365/2942/3432
f 1365/2942/3433 1767/2941/3433 1770/2935/3433
f 1772/2952/3434 1771/2953/3434 1364/2954/3434
f 1364/2955/3435 1367/2921/3435 1772/2920/3435
f 1331/2944/3436 1361/2943/3436 1364/2956/3436
f 1364/2956/3437 1771/2957/3437 1331/2944/3437
f 1330/2945/3438 1359/2929/3438 1368/2958/3438
f 1368/2958/3439 1773/2959/3439 1330/2945/3439
f 1773/2959/3440 1368/2958/3440 1360/2960/3440
f 1360/2960/3441 1774/2961/3441 1773/2959/3441
f 1774/2961/3442 1360/2960/3442 1366/2962/3442
f 1366/2947/3443 1768/2946/3443 1774/2963/3443
f 1338/2931/3444 1775/2948/3444 1363/2951/3444
f 1363/2951/3445 1369/2932/3445 1338/2931/3445
f 1332/2964/3446 1362/2965/3446 1370/2950/3446
f 1370/2950/3447 1776/2949/3447 1332/2964/3447
f 1362/2922/3448 1367/2921/3448 1349/2966/3448
f 1359/2967/3449 1358/2968/3450 1345/2969/3450
f 1345/2969/3451 1346/2970/3451 1359/2967/3451
f 1358/2968/3452 1369/2971/3452 1355/2972/3452
f 1355/2972/3453 1345/2969/3450 1358/2968/3450
f 1766/2973/3454 1357/2974/3455 1344/2975/3456
f 1344/2975/3457 1353/2976/3457 1766/2973/3457
f 1348/2977/3458 1361/2978/3458 1365/2979/3458
f 1365/2979/3459 1352/2980/3459 1348/2977/3459
f 1344/2975/3456 1357/2974/3455 1366/2981/3460
f 1366/2981/3461 1317/2982/3461 1344/2975/3461
f 1350/2983/3462 1363/2984/3462 1370/2985/3462
f 1370/2985/3463 1356/2986/3463 1350/2983/3463
f 1352/2980/3464 1365/2979/3464 1766/2973/3464
f 1766/2973/3465 1353/2976/3465 1352/2980/3465
f 1367/2921/3466 1364/2955/3466 1351/2987/3466
f 1351/2987/3467 1349/2966/3467 1367/2921/3467
f 1351/2987/3468 1364/2955/3468 1361/2978/3468
f 1361/2978/3469 1348/2977/3469 1351/2987/3469
f 1354/2988/3470 1368/2989/3470 1359/2967/3470
f 1359/2967/3471 1346/2970/3471 1354/2988/3471
f 1347/2990/3472 1360/2991/3472 1368/2989/3472
f 1368/2989/3473 1354/2988/3473 1347/2990/3473
f 1317/2982/3474 1366/2981/3474 1360/2991/3474
f 1360/2991/3475 1347/2990/3475 1317/2982/3475
f 1369/2971/3476 1363/2984/3476 1350/2983/3476
f 1350/2983/3477 1355/2972/3477 1369/2971/3477
f 1356/2986/3478 1370/2985/3478 1362/2922/3478
f 1362/2922/3479 1349/2966/3479 1356/2986/3479
f 1738/1126/3003 1782/2585/3002 1134/2584/3480
f 1141/2479/3481 1734/2475/3481 1137/2474/3481
f 1783/2992/3482 1735/2481/3482 1139/2480/3482
f 1777/2457/3483 1762/2459/3483 1250/2993/3483
f 1328/2768/3484 1379/2994/3484 1245/2806/3484
f 1379/2995/3485 1328/2996/3485 1378/2997/3485
f 1757/2432/3486 1086/2465/3486 1378/2998/3486
f 1372/2999/3487 2/3000/3487 1373/3001/3487
f 2/3000/3488 1372/2999/3488 1780/3002/3488
f 1261/3003/3489 1381/3004/3489 1252/3005/3489
f 1381/3006/3490 1261/2841/3490 1380/3007/3490
f 1374/3008/3491 1781/3009/3491 1778/3010/3491
f 1781/3011/3492 1374/3012/3492 1375/3013/3492
f 1779/3014/3493 1377/3015/3493 1778/3010/3493
f 1779/3014/3494 1376/3016/3494 1377/3015/3494
f 1735/2481/3495 1376/3016/3495 1779/3014/3495
f 1780/117/3496 1371/3017/3496 1/113/3496
f 1371/3018/3497 1780/3002/3497 1372/2999/3497
f 1373/3019/3498 1379/2994/3498 1372/3020/3498
f 1379/2994/3499 1373/3019/3499 1380/3021/3499
f 1781/3022/3500 1373/3001/3500 2/3000/3500
f 1373/3023/3501 1781/3011/3501 1375/3013/3501
f 1374/3012/3502 1382/3024/3502 1375/3013/3502
f 1376/3025/3503 1384/3026/3503 1377/3027/3503
f 1384/3026/3504 1376/3025/3504 1383/3028/3504
f 1783/2573/3505 1383/3029/3505 1376/3030/3505
f 1383/3029/3506 1783/2573/3506 1777/2574/3506
f 1375/3013/3507 1382/3024/3507 1381/3006/3507
f 1278/2793/3508 1382/3024/3508 1384/3026/3508
f 1382/3024/3509 1278/2793/3509 1251/2798/3509
f 1378/2998/3510 1372/3020/3510 1379/2994/3510
f 1372/3020/3511 1378/2998/3511 1371/3017/3511
f 1086/2465/3512 1371/3017/3512 1378/2998/3512
f 1371/3017/3513 1086/2465/3513 1782/2585/3513
f 1380/3007/3514 1375/3013/3514 1381/3006/3514
f 1375/3013/3515 1380/3007/3515 1373/3023/3515
f 1380/3021/3516 1245/2806/3516 1379/2994/3516
f 1245/2806/3517 1380/3021/3517 1261/2825/3517
f 1383/3031/3518 1278/3032/3518 1384/3033/3518
f 1278/3032/3519 1383/3031/3519 1250/2993/3519
f 1777/2457/3520 1250/2993/3520 1383/3031/3520
f 1267/2800/3521 1252/2802/3521 1381/3006/3521
f 1382/3034/3522 1267/3035/3522 1381/3036/3522
f 1382/3024/3523 1251/2798/3523 1267/2800/3523
f 1374/3012/3524 1384/3026/3524 1382/3024/3524
f 1384/3026/3525 1374/3012/3525 1377/3027/3525
f 1328/2996/3526 1757/3037/3526 1378/2997/3526
f 3/114/3527 1/113/3528 1782/2585/3529
f 1/113/3528 1371/3017/3530 1782/2585/3529
f 1377/3015/3531 1374/3008/3531 1778/3010/3531
f 1783/2992/3532 1376/3016/3532 1735/2481/3532
f 1802/3038/3533 1041/2346/3533 1042/2345/3533
f 1806/3039/3534 1387/3040/3534 1784/2392/3534
f 1387/3040/3535 1806/3039/3535 1803/3041/3535
f 1042/2365/3536 1385/3042/3537 1802/3043/3538
f 1805/3044/3539 1385/3042/3539 1042/2365/3539
f 1042/2365/3540 1045/2364/3540 1805/3044/3540
f 1046/2376/3541 1386/3045/3541 1047/2400/3541
f 1386/3045/3542 1046/2376/3542 1804/3046/3542
f 1386/3047/3543 1045/3048/3543 1047/3049/3543
f 1045/2364/3544 1386/3050/3544 1805/3044/3544
f 1046/2376/3545 1048/2374/3545 1804/3046/3545
f 1048/2374/3546 1803/3051/3546 1804/3046/3546
f 1803/3051/3547 1048/2374/3547 1043/2391/3547
f 1043/2391/3548 1387/3052/3548 1803/3051/3548
f 1387/3040/3549 1071/2393/3549 1784/2392/3549
f 1387/3052/3550 1043/2391/3550 1071/2397/3550
f 1810/3053/3551 1388/3054/3552 1041/2346/3553
f 1061/2359/3554 1388/3054/3554 1809/3055/3554
f 1809/3055/3555 1808/3056/3555 1044/2357/3555
f 1807/3057/3556 1806/3039/3556 1784/2392/3556
f 1807/3057/3557 1044/2396/3557 1808/3058/3557
f 1784/2392/3558 1044/2396/3558 1807/3057/3558
f 1809/3055/3559 1044/2357/3559 1061/2359/3559
f 1061/2359/3560 1041/2346/3560 1388/3054/3560
f 1810/3053/3561 1041/2346/3561 1802/3038/3561
f 1389/3059/3562 1390/3060/3562 1391/3061/3562
f 1392/3062/3563 1393/3063/3563 1391/3061/3563
f 1391/3064/3564 1390/3065/3564 1454/3066/3564
f 1394/3067/3565 1395/3068/3565 1445/3069/3565
f 1445/3070/3566 1422/3071/3566 1394/3072/3566
f 1789/3073/3567 1798/3074/3567 1788/3075/3567
f 1787/3076/3568 1801/3077/3568 1788/3075/3568
f 1788/3075/3569 1396/3078/3569 1787/3076/3569
f 1788/3075/3570 1798/3074/3570 1396/3078/3570
f 1799/3079/3571 1798/3074/3572 1789/3073/3573
f 1789/3073/3573 1786/3080/3574 1799/3079/3571
f 1397/3081/3575 1791/3082/3575 1398/3083/3575
f 1397/3081/3576 1790/3084/3576 1791/3082/3576
f 1430/3085/3577 1795/3086/3577 1794/3087/3577
f 1794/3087/3578 1797/3088/3578 1430/3085/3578
f 1786/3080/3579 1796/3089/3579 1792/3090/3579
f 1796/3089/3580 1786/3080/3580 1789/3073/3580
f 1416/3091/3581 1448/3092/3581 1395/3068/3581
f 1395/3068/3582 1394/3067/3582 1416/3091/3582
f 1435/3093/3583 1434/3094/3583 1424/3095/3583
f 1424/3095/3584 1400/3096/3584 1435/3093/3584
f 1424/3095/3585 1422/3097/3585 1445/3069/3585
f 1445/3069/3586 1400/3096/3586 1424/3095/3586
f 1432/3098/3587 1431/3099/3587 1402/3100/3587
f 1402/3100/3588 1399/3101/3588 1432/3098/3588
f 1419/3102/3589 1403/3103/3589 1389/3059/3589
f 1389/3059/3590 1391/3061/3590 1419/3102/3590
f 1439/3104/3591 1405/3105/3591 1404/3106/3591
f 1404/3106/3592 1438/3107/3592 1439/3104/3592
f 1406/3108/3593 1393/3063/3594 1407/3109/3595
f 1449/3110/3596 1407/3109/3595 1393/3063/3594
f 1441/3111/3597 1450/3112/3597 1451/3113/3597
f 1451/3113/3598 1410/3114/3598 1441/3111/3598
f 1412/3115/3599 1410/3114/3599 1451/3113/3599
f 1451/3113/3600 1452/3116/3600 1412/3115/3600
f 1459/3117/3601 1811/3118/3601 1785/3119/3601
f 1785/3119/3602 1443/3120/3602 1459/3117/3602
f 1414/3121/3603 1785/3119/3604 1811/3118/3605
f 1414/3121/3603 1811/3118/3605 1458/3122/3606
f 1414/3121/3603 1458/3122/3606 1457/3123/3607
f 1414/3121/3603 1457/3123/3607 1453/3124/3608
f 1416/3091/3609 1414/3125/3609 1453/3126/3609
f 1453/3126/3610 1448/3092/3610 1416/3091/3610
f 1448/3092/3611 1455/3127/3611 1395/3068/3611
f 1446/3128/3612 1401/3129/3612 1432/3098/3612
f 1401/3129/3613 1446/3128/3613 1404/3130/3613
f 1449/3110/3614 1392/3062/3615 1454/3131/3616
f 1455/3132/3617 1456/3133/3617 1446/3128/3617
f 1456/3133/3618 1454/3134/3618 1390/3135/3618
f 1390/3135/3619 1446/3128/3619 1456/3133/3619
f 1445/3069/3620 1395/3068/3620 1455/3127/3620
f 1455/3132/3621 1447/3136/3621 1445/3137/3621
f 1390/3135/3622 1389/3138/3622 1438/3139/3622
f 1438/3139/3623 1404/3130/3623 1390/3135/3623
f 1400/3140/3624 1447/3136/3624 1435/3141/3624
f 1436/3142/3625 1797/3088/3625 1794/3087/3625
f 1794/3087/3626 1398/3083/3626 1436/3142/3626
f 1793/3143/3627 1397/3081/3627 1398/3083/3627
f 1398/3083/3628 1794/3087/3628 1793/3143/3628
f 1405/3105/3629 1427/3144/3629 1401/3145/3629
f 1401/3145/3630 1404/3106/3630 1405/3105/3630
f 1441/3111/3631 1442/3146/3632 1408/3147/3633
f 1408/3147/3633 1407/3109/3634 1441/3111/3631
f 1411/3148/3635 1409/3149/3635 1410/3114/3635
f 1410/3114/3636 1412/3115/3636 1411/3148/3636
f 1444/3150/3637 1411/3148/3637 1412/3115/3637
f 1412/3115/3638 1443/3151/3638 1444/3150/3638
f 1413/3152/3639 1800/3153/3639 1785/3119/3639
f 1785/3119/3640 1414/3121/3640 1413/3152/3640
f 1415/3154/3641 1413/3155/3641 1414/3125/3641
f 1414/3125/3642 1416/3091/3642 1415/3154/3642
f 1418/3156/3643 1417/3157/3643 1403/3103/3643
f 1403/3103/3644 1419/3102/3644 1418/3156/3644
f 1421/3158/3645 1420/3159/3645 1416/3091/3645
f 1394/3072/3646 1422/3071/3646 1421/3160/3646
f 1392/3062/3615 1449/3110/3614 1393/3063/3647
f 1791/3082/3648 1792/3090/3649 1796/3089/3650
f 1792/3090/3649 1791/3082/3648 1790/3084/3651
f 1391/3061/3652 1393/3063/3652 1406/3108/3652
f 1406/3108/3653 1419/3102/3653 1391/3061/3653
f 1392/3062/3654 1391/3061/3654 1454/3131/3654
f 1421/3158/3655 1422/3097/3656 1424/3095/3657
f 1424/3095/3657 1423/3161/3658 1421/3158/3655
f 1433/3162/3659 1425/3163/3660 1402/3164/3661
f 1402/3164/3661 1431/3165/3662 1433/3162/3659
f 1407/3109/3663 1408/3147/3663 1428/3166/3663
f 1428/3166/3664 1406/3108/3664 1407/3109/3664
f 1439/3167/3665 1403/3103/3665 1417/3157/3665
f 1417/3157/3666 1440/3168/3666 1439/3167/3666
f 1426/3169/3667 1427/3144/3667 1405/3105/3667
f 1405/3105/3668 1429/3170/3668 1426/3169/3668
f 1428/3166/3669 1418/3156/3669 1419/3102/3669
f 1419/3102/3670 1406/3108/3670 1428/3166/3670
f 1420/3159/3671 1415/3154/3671 1416/3091/3671
f 1416/3091/3672 1394/3067/3672 1421/3158/3672
f 1434/3094/3673 1437/3171/3673 1423/3161/3673
f 1423/3161/3674 1424/3095/3674 1434/3094/3674
f 1442/3146/3675 1799/3172/3675 1786/3173/3675
f 1786/3173/3676 1408/3147/3676 1442/3146/3676
f 1411/3148/3677 1396/3174/3677 1798/3175/3677
f 1798/3175/3678 1409/3149/3678 1411/3148/3678
f 1787/3176/3679 1396/3174/3679 1411/3148/3679
f 1411/3177/3680 1444/3178/3680 1787/3179/3680
f 1788/3180/3681 1801/3181/3681 1800/3153/3681
f 1800/3153/3682 1413/3152/3682 1788/3180/3682
f 1789/3182/3683 1788/3183/3683 1413/3155/3683
f 1413/3155/3684 1415/3154/3684 1789/3182/3684
f 1790/3184/3685 1397/3185/3686 1417/3157/3687
f 1417/3157/3687 1418/3156/3688 1790/3184/3685
f 1791/3186/3689 1796/3187/3689 1420/3159/3689
f 1420/3159/3690 1421/3158/3690 1791/3186/3690
f 1423/3161/3691 1398/3188/3691 1791/3186/3691
f 1791/3186/3692 1421/3158/3692 1423/3161/3692
f 1430/3189/3693 1797/3190/3693 1425/3163/3693
f 1425/3163/3694 1433/3162/3694 1430/3189/3694
f 1408/3147/3695 1786/3173/3695 1792/3191/3695
f 1792/3191/3696 1428/3166/3696 1408/3147/3696
f 1440/3192/3697 1793/3193/3697 1794/3194/3697
f 1794/3194/3698 1429/3170/3698 1440/3192/3698
f 1429/3170/3699 1794/3194/3699 1795/3195/3699
f 1795/3195/3700 1426/3169/3700 1429/3170/3700
f 1792/3191/3701 1790/3184/3701 1418/3156/3701
f 1418/3156/3702 1428/3166/3702 1792/3191/3702
f 1796/3187/3703 1789/3182/3703 1415/3154/3703
f 1415/3154/3704 1420/3159/3704 1796/3187/3704
f 1436/3196/3705 1398/3188/3705 1423/3161/3705
f 1423/3161/3706 1437/3171/3706 1436/3196/3706
f 1401/3197/3707 1427/3198/3707 1431/3199/3707
f 1431/3200/3708 1432/3201/3708 1401/3202/3708
f 1446/3128/3709 1435/3141/3709 1447/3136/3709
f 1427/3144/3710 1426/3169/3710 1433/3203/3710
f 1433/3203/3711 1431/3204/3711 1427/3144/3711
f 1433/3203/3712 1426/3169/3713 1795/3195/3714
f 1795/3195/3714 1430/3205/3715 1433/3203/3712
f 1399/3206/3716 1402/3164/3717 1434/3094/3718
f 1434/3094/3719 1435/3093/3719 1399/3206/3719
f 1402/3164/3720 1425/3163/3720 1437/3171/3720
f 1437/3171/3721 1434/3094/3718 1402/3164/3717
f 1437/3171/3722 1425/3163/3723 1797/3190/3724
f 1797/3190/3724 1436/3196/3725 1437/3171/3722
f 1446/3128/3726 1432/3098/3726 1399/3101/3726
f 1399/3101/3727 1435/3141/3727 1446/3128/3727
f 1438/3207/3728 1389/3208/3728 1403/3209/3728
f 1403/3103/3729 1439/3167/3729 1438/3210/3729
f 1404/3130/3730 1446/3128/3730 1390/3135/3730
f 1440/3192/3731 1429/3170/3731 1405/3105/3731
f 1405/3105/3732 1439/3104/3732 1440/3192/3732
f 1417/3211/3733 1397/3212/3733 1793/3193/3733
f 1793/3193/3734 1440/3192/3734 1417/3211/3734
f 1407/3109/3735 1449/3110/3735 1450/3112/3735
f 1450/3112/3736 1441/3111/3736 1407/3109/3736
f 1410/3114/3737 1409/3149/3737 1442/3146/3737
f 1442/3146/3738 1441/3111/3738 1410/3114/3738
f 1442/3146/3739 1409/3149/3739 1798/3175/3739
f 1798/3175/3740 1799/3172/3740 1442/3146/3740
f 1443/3151/3741 1412/3115/3742 1452/3116/3743
f 1452/3116/3743 1459/3213/3744 1443/3151/3741
f 1443/3120/3745 1785/3119/3745 1800/3153/3745
f 1800/3153/3746 1444/3214/3746 1443/3120/3746
f 1444/3214/3747 1800/3153/3747 1801/3181/3747
f 1801/3181/3748 1787/3215/3748 1444/3214/3748
f 1445/3137/3749 1447/3136/3749 1400/3140/3749
f 1446/3128/3750 1447/3136/3750 1455/3132/3750
f 1455/3127/3751 1385/3042/3751 1805/3044/3751
f 1803/3041/3752 1450/3112/3753 1449/3110/3754
f 1807/3057/3755 1459/3213/3755 1452/3116/3755
f 1448/3092/3756 1385/3042/3756 1455/3127/3756
f 1448/3092/3757 1453/3126/3757 1802/3043/3757
f 1802/3043/3538 1385/3042/3537 1448/3092/3758
f 1804/3046/3759 1803/3051/3759 1449/3216/3759
f 1449/3110/3760 1454/3131/3760 1804/3217/3760
f 1386/3218/3761 1454/3134/3761 1456/3133/3761
f 1455/3132/3762 1805/3219/3762 1386/3218/3762
f 1450/3112/3753 1803/3041/3752 1806/3039/3763
f 1806/3039/3764 1451/3113/3764 1450/3112/3764
f 1451/3113/3765 1806/3039/3765 1807/3057/3765
f 1807/3057/3766 1452/3116/3766 1451/3113/3766
f 1809/3055/3767 1811/3118/3767 1459/3117/3767
f 1459/3117/3768 1808/3056/3768 1809/3055/3768
f 1802/3038/3769 1453/3124/3769 1457/3123/3769
f 1457/3123/3770 1810/3053/3770 1802/3038/3770
f 1455/3132/3771 1386/3218/3771 1456/3133/3771
f 1386/3218/3772 1804/3220/3772 1454/3134/3772
f 1458/3122/3773 1388/3054/3552 1810/3053/3551
f 1810/3053/3774 1457/3123/3774 1458/3122/3774
f 1811/3118/3775 1809/3055/3775 1388/3054/3775
f 1388/3054/3776 1458/3122/3776 1811/3118/3776
f 1459/3213/3777 1807/3057/3777 1808/3058/3777
f 1039/2285/2530 969/2136/3778 1726/2284/2528
f 941/2163/3779 1334/2232/3779 1771/3221/3779
f 1769/2896/3780 1335/2902/3781 1768/2908/3782
f 1011/2282/3783 1726/2284/3783 1724/2323/3783
f 1772/3222/3784 1332/3223/3784 976/3224/3784
f 1335/2902/3785 1342/2894/3785 948/2234/3785
f 938/2202/3786 1329/3225/3786 1764/2897/3786
f 941/2198/3787 1333/2911/3787 936/2199/3787
f 1031/2283/3788 1040/2259/3788 1007/2293/3788
f 939/2225/3789 1763/2312/3789 1341/2277/3789
f 976/2207/3790 936/2199/3790 1333/2911/3790
f 941/2163/3791 1771/3221/3791 1333/3226/3791
f 969/2136/3792 1039/2285/3792 1017/2295/3792
f 1330/2904/3793 945/2196/3793 1764/2897/3793
f 1335/2902/3781 1769/2896/3780 1342/2894/3794
f 945/2196/3375 1330/2904/3375 989/2169/3375
f 976/2207/3795 1332/2166/3795 977/2165/3795
f 1341/2277/2520 940/2150/2521 971/2152/3796
f 1027/2244/3797 1035/2256/3797 1014/2250/3797
f 1824/2329/3798 1496/2209/3798 1473/2204/3798
f 939/2225/3799 1341/2277/3799 971/2152/3799
f 1496/2209/3800 1824/2329/3800 1506/2331/3800
f 983/2167/3801 1775/2906/3801 937/2156/3801
f 1763/2312/3802 1765/3227/3802 1770/2313/3802
f 972/2241/3803 1330/2904/3803 1773/2919/3803
f 941/2163/3804 970/2162/3804 1334/2232/3804
f 1775/2906/3805 1338/2913/3805 937/2156/3805
f 1498/2211/3806 1494/3228/3806 1493/3229/3806
f 1490/3230/3807 1491/3231/3807 1492/3232/3807
f 1492/3232/3808 1493/3229/3808 1494/3228/3808
f 1335/2902/3809 973/2186/3809 1337/2189/3809
f 1522/3233/3810 1488/3234/3810 1487/3235/3810
f 1486/3236/3811 1487/3237/3811 1488/3238/3811
f 940/2150/3812 1340/2276/3812 1339/2233/3812
f 1823/3239/3813 1513/3240/3813 1821/3241/3813
f 1481/3242/3814 1477/3243/3814 1505/3244/3814
f 1331/2231/3815 1771/3221/3815 1334/2232/3815
f 1335/2902/3816 948/2234/3816 979/2187/3816
f 1516/3245/3817 1480/3246/3817 1481/3247/3817
f 1465/3248/3818 1497/3249/3818 1467/3250/3818
f 1770/2313/3819 1340/2276/3819 1341/2277/3819
f 1343/2301/3820 999/2130/3820 998/2262/3820
f 1468/3251/3821 1532/3252/3821 1467/3250/3821
f 1824/3253/3822 1473/3254/3823 1820/3255/3824
f 1492/3232/3825 1535/3256/3826 1536/3257/3827
f 1492/3232/3825 1531/3258/3828 1535/3256/3826
f 1496/2209/3829 1479/3259/3829 1495/2205/3829
f 1493/3229/3830 1492/3232/3830 1491/3231/3830
f 1527/3260/3831 1469/3261/3832 1483/3262/3833
f 1482/3263/3834 1483/3262/3833 1469/3261/3832
f 1821/3241/3835 1827/3264/3835 1823/3239/3835
f 1827/3264/3836 1821/3241/3836 1819/3265/3836
f 1533/3266/3837 1523/3267/3837 1525/3268/3837
f 1466/3269/3838 1515/3270/3838 1465/3271/3838
f 1467/3272/3839 1532/3273/3839 1466/3269/3839
f 1502/3274/3840 1499/2223/3841 1501/2265/3842
f 1483/3262/3843 1506/2331/3843 1484/2328/3843
f 1506/2331/3844 1483/3262/3844 1482/3263/3844
f 1516/3245/3845 1495/2205/3845 1479/3259/3845
f 1495/2205/3846 1516/3245/3846 1517/2899/3846
f 1489/3275/3847 1817/3276/3847 1491/3231/3847
f 1818/3277/3848 1491/3231/3848 1817/3276/3848
f 1825/2212/3849 1493/3229/3849 1818/3277/3849
f 1487/3235/3850 1816/3278/3850 1522/3233/3850
f 1817/3276/3851 1489/3275/3851 1828/3279/3851
f 1493/3229/3852 1825/2212/3852 1498/2211/3852
f 1481/3280/3853 1504/2918/3853 1507/2915/3853
f 1506/2331/3854 1497/3249/3854 1496/2209/3854
f 1520/3281/3855 1814/2330/3855 1518/3282/3855
f 1468/3251/3856 1469/3261/3857 1527/3260/3858
f 1499/2223/3859 1494/3228/3859 1498/2211/3859
f 1497/3249/3860 1506/2331/3860 1482/3263/3860
f 1487/3237/3861 1472/3283/3861 1815/3284/3861
f 1472/3283/3862 1487/3237/3862 1485/3285/3862
f 1816/3278/3863 1487/3235/3863 1815/3286/3863
f 1814/2330/3864 1520/3281/3864 1484/2328/3864
f 1501/2265/3865 1511/3287/3865 1502/3274/3865
f 1527/3260/3858 1532/3252/3866 1468/3251/3856
f 1534/3288/3867 1466/3269/3867 1532/3273/3867
f 1467/3250/3868 1482/3263/3868 1469/3261/3868
f 1531/3258/3869 1494/3228/3869 1526/3289/3869
f 1494/3228/3870 1531/3258/3870 1492/3232/3870
f 1466/3269/3871 1534/3288/3871 1524/3290/3871
f 1523/3267/3872 1533/3266/3872 1471/3291/3872
f 1512/3292/3873 1502/3274/3873 1511/3287/3873
f 1465/3271/3874 1467/3272/3874 1466/3269/3874
f 1519/3293/3875 1484/2328/3876 1520/3281/3877
f 1477/3243/3878 1481/3242/3878 1480/3294/3878
f 1470/3295/3879 1523/3267/3879 1471/3291/3879
f 1523/3267/3880 1470/3295/3880 1500/3296/3880
f 1491/3231/3881 1490/3230/3881 1489/3275/3881
f 1488/3234/3882 1522/3233/3882 1521/3297/3882
f 1513/3298/3883 1501/3299/3883 1821/3300/3883
f 1501/3299/3884 1513/3298/3884 1514/3301/3884
f 1818/3302/3885 1817/3303/3885 1472/3304/3885
f 1820/3255/3824 1825/3305/3886 1824/3253/3822
f 1816/3306/3887 1817/3303/3887 1828/3307/3887
f 1817/3303/3888 1816/3306/3888 1815/3308/3888
f 1823/3239/3889 1822/3309/3889 1474/3310/3889
f 1518/3311/3890 1818/3302/3891 1472/3304/3892
f 1499/2223/3841 1502/3274/3840 1500/3296/3893
f 1336/2914/3894 1773/2919/3894 1774/3312/3894
f 1768/2908/3895 1337/2189/3895 1774/2311/3895
f 1468/3251/3896 1467/3250/3896 1469/3261/3896
f 1817/3303/3897 1815/3308/3897 1472/3304/3897
f 1494/3228/3898 1499/2223/3898 1470/3295/3898
f 1471/3291/3899 1494/3228/3899 1470/3295/3899
f 1494/3228/3900 1471/3291/3900 1526/3289/3900
f 1529/3313/3901 1519/3293/3901 1486/3236/3901
f 1529/3313/3902 1488/3238/3902 1530/3314/3902
f 1502/3274/3903 1523/3267/3903 1500/3296/3903
f 1523/3267/3904 1502/3274/3904 1476/3315/3904
f 1476/3316/3905 1512/3317/3905 1525/3318/3905
f 1825/3305/3906 1818/3302/3906 1814/3319/3906
f 1502/3274/3907 1512/3292/3907 1476/3315/3907
f 1497/3249/3908 1465/3248/3908 1479/3259/3908
f 1509/3320/3909 1478/3321/3909 1508/3322/3909
f 1478/3321/3910 1509/3320/3910 1475/3323/3910
f 1822/3309/3911 1823/3239/3911 1826/3324/3911
f 1819/3265/3912 1820/3255/3912 1473/3254/3912
f 1477/3243/3913 1480/3294/3913 1524/3290/3913
f 1492/3232/3825 1813/3325/3914 1490/3230/3915
f 1477/3326/3916 1508/3322/3916 1505/3327/3916
f 1508/3322/3917 1477/3326/3917 1509/3320/3917
f 1524/3290/3918 1525/3318/3918 1512/3317/3918
f 1505/3327/3919 1510/2317/3919 1504/2918/3919
f 1510/2317/3920 1505/3327/3920 1508/3322/3920
f 1510/2317/3921 1826/2916/3922 1504/2918/3923
f 1826/2916/3922 1510/2317/3921 1822/2290/3924
f 1475/3323/3925 1511/3328/3926 1478/3321/3927
f 1511/3328/3928 1475/3323/3928 1512/3329/3928
f 1478/3321/3929 1514/3301/3929 1503/2291/3929
f 1514/3301/3930 1478/3321/3927 1511/3328/3926
f 1514/3301/3931 1474/2292/3932 1503/2291/3933
f 1474/2292/3932 1514/3301/3931 1513/3298/3934
f 1524/3290/3935 1475/3330/3935 1509/3331/3935
f 1475/3330/3936 1524/3290/3936 1512/3317/3936
f 1515/3332/3937 1479/3259/3937 1465/3248/3937
f 1479/3259/3938 1515/3332/3938 1516/3245/3938
f 1480/3294/3939 1466/3269/3939 1524/3290/3939
f 1517/2899/3940 1481/3247/3940 1507/2907/3940
f 1481/3247/3941 1517/2899/3941 1516/3245/3941
f 1495/2205/3942 1827/2901/3942 1819/2206/3942
f 1827/2901/3943 1495/2205/3943 1517/2899/3943
f 1483/3262/3944 1528/3333/3944 1527/3260/3944
f 1528/3333/3945 1483/3262/3945 1519/3293/3945
f 1486/3236/3946 1520/3281/3946 1485/3285/3946
f 1520/3281/3947 1486/3236/3947 1519/3293/3947
f 1520/3281/3948 1472/3283/3948 1485/3285/3948
f 1472/3283/3949 1520/3281/3949 1518/3282/3949
f 1521/3297/3950 1530/3334/3951 1488/3234/3952
f 1530/3334/3951 1521/3297/3950 1537/3335/3953
f 1480/3246/3954 1516/3245/3954 1515/3332/3954
f 1519/3293/3955 1529/3313/3955 1528/3333/3955
f 1819/3265/3956 1821/3241/3956 1820/3255/3956
f 1488/3238/3957 1529/3313/3957 1486/3236/3957
f 1537/3335/3958 1490/3336/3958 1813/3337/3958
f 1521/3297/3959 1489/3338/3959 1490/3336/3959
f 1489/3338/3960 1521/3297/3960 1522/3233/3960
f 1490/3336/3961 1537/3335/3961 1521/3297/3961
f 1492/3232/3825 1536/3257/3827 1813/3325/3914
f 1524/3290/3962 1509/3331/3962 1477/3243/3962
f 1526/3289/3963 1471/3291/3963 1533/3266/3963
f 1522/3233/3964 1828/3339/3964 1489/3338/3964
f 1828/3339/3965 1522/3233/3965 1816/3278/3965
f 1818/3302/3891 1518/3311/3890 1814/3319/3966
f 1479/3259/3967 1496/2209/3967 1497/3249/3967
f 1533/3340/3968 1524/3290/3968 1534/3288/3968
f 1515/3270/3969 1466/3269/3969 1480/3294/3969
f 1470/3295/3970 1499/2223/3970 1500/3296/3970
f 1513/3240/3971 1823/3239/3971 1474/3310/3971
f 1814/3319/3972 1824/3253/3972 1825/3305/3972
f 1523/3267/3973 1476/3315/3973 1525/3268/3973
f 1524/3290/3974 1533/3340/3974 1525/3318/3974
f 1510/2317/3975 1478/3321/3976 1503/2291/3977
f 1478/3321/3976 1510/2317/3975 1508/3322/3978
f 1487/3237/3979 1486/3236/3979 1485/3285/3979
f 1484/2328/3876 1519/3293/3875 1483/3262/3980
f 1533/3266/3981 1829/2131/3981 1460/2903/3981
f 1830/2303/3982 1527/3260/3983 1528/3333/3984
f 1504/2918/3985 1481/3280/3985 1505/3327/3985
f 1491/3231/3986 1818/3277/3986 1493/3229/3986
f 1835/2271/3987 1530/3334/3987 1537/3335/3987
f 1526/3289/3988 1533/3266/3988 1460/2903/3988
f 1526/3289/3989 1343/2301/3989 1531/3258/3989
f 1343/2301/3373 1526/3289/3990 1460/2903/3374
f 1482/3263/3991 1467/3250/3991 1497/3249/3991
f 1511/3287/3992 1501/2265/3992 1514/3341/3992
f 1462/2302/3993 1527/3260/3993 1830/2303/3993
f 1527/3260/3994 1462/2302/3994 1532/3252/3994
f 1461/3342/3995 1534/3288/3995 1532/3273/3995
f 1533/3266/3996 1461/3343/3996 1829/2131/3996
f 1528/3333/3984 1831/2909/3997 1830/2303/3982
f 1831/2909/3998 1528/3333/3998 1529/3313/3998
f 1529/3313/3999 1835/3344/3999 1831/2909/3999
f 1835/3344/4000 1529/3313/4000 1530/3314/4000
f 1834/2318/4001 1537/3335/4001 1813/3337/4001
f 1537/3335/4002 1834/2318/4002 1832/2298/4002
f 1343/2301/4003 1535/3256/4003 1531/3258/4003
f 1535/3256/4004 1343/2301/4004 1833/2300/4004
f 1533/3340/4005 1534/3288/4005 1461/3342/4005
f 1461/3342/4006 1532/3273/4006 1462/3345/4006
f 1536/3257/4007 1833/2300/2573 1464/2261/2575
f 1833/2300/4008 1536/3257/4008 1535/3256/4008
f 1813/3325/4009 1464/2261/4009 1834/2294/4009
f 1464/2261/4010 1813/3325/4010 1536/3257/4010
f 1537/3335/4011 1832/2298/4011 1835/2271/4011
f 1843/3346/4012 1541/3347/4012 1539/3348/4012
f 1539/3348/4013 1540/3349/4013 1843/3346/4013
f 1539/3348/4014 1541/3347/4014 1538/3350/4014
f 1540/3351/4015 1539/3352/4015 1836/3353/4015
f 1836/3353/4016 1845/3354/4016 1540/3351/4016
f 1541/3355/4017 1843/3356/4017 1837/3357/4017
f 1837/3357/4018 1838/3358/4018 1541/3355/4018
f 1838/3359/4019 1839/3360/4019 1840/3361/4019
f 1838/3359/4020 1840/3361/4020 1538/3362/4020
f 1838/3363/4021 1538/3364/4021 1541/3365/4021
f 1539/3352/4022 1538/3366/4022 1840/3367/4022
f 1840/3367/4023 1836/3353/4023 1539/3352/4023
f 1842/3368/4024 1840/3361/4024 1839/3360/4024
f 1839/3360/4025 1841/3369/4025 1842/3368/4025
f 1843/3346/4026 1543/3370/4026 1544/3371/4026
f 1543/3370/4027 1843/3346/4027 1540/3349/4027
f 1543/3370/4028 1542/3372/4028 1544/3371/4028
f 1540/3351/4029 1844/3373/4029 1543/3374/4029
f 1844/3373/4030 1540/3351/4030 1845/3354/4030
f 1544/3375/4031 1837/3357/4031 1843/3356/4031
f 1837/3357/4032 1544/3375/4032 1846/3376/4032
f 1846/3376/4033 1847/3377/4033 1848/3378/4033
f 1846/3376/4034 1542/3379/4034 1847/3377/4034
f 1846/3376/4035 1544/3375/4035 1542/3379/4035
f 1543/3380/4036 1847/3381/4036 1542/3382/4036
f 1847/3383/4037 1543/3374/4037 1844/3373/4037
f 1849/3384/4038 1848/3378/4038 1847/3377/4038
f 1848/3378/4039 1849/3384/4039 1850/3385/4039
f 1463/2305/4040 1830/2303/4040 1831/2909/4040
f 1829/2131/4041 999/2130/4041 1460/2903/4041
f 1723/2184/4042 1721/2175/4042 958/2176/4042
f 1721/2175/4043 1722/2138/4043 966/2137/4043
f 1763/2893/4044 1769/2896/4044 1765/3386/4044
f 1812/2270/4045 1831/3387/4045 1835/2271/4045
f 2617/3388/4046 1951/3389/4046 2760/3390/4046
f 1963/3391/4047 3002/3392/4047 2973/3393/4047
f 2041/3394/4048 2750/3395/4049 2103/3396/4050
f 2033/3397/4051 2509/3398/4051 1960/3399/4051
f 2031/3400/4052 2765/3401/4052 2864/3402/4052
f 1919/3403/4053 2670/3404/4053 2638/3405/4053
f 1889/3406/4054 2395/3407/4054 2719/3408/4054
f 2571/3409/4055 1887/3410/4055 2678/3411/4055
f 2153/3412/4056 2674/3413/4056 2421/3414/4056
f 2707/3415/4057 2589/3416/4057 1871/3417/4057
f 2250/3418/4058 2692/3419/4058 2069/3420/4058
f 1900/3421/4059 2763/3422/4059 2890/3423/4059
f 2079/3424/4060 1854/3425/4061 1879/3426/4062
f 2364/3427/4063 2691/3428/4063 2573/3429/4063
f 2269/3430/4064 2826/3431/4064 2232/3432/4064
f 2260/3433/4065 2261/3434/4065 2860/3435/4065
f 2374/3436/4066 3013/3437/4066 3034/3438/4066 2703/3439/4066
f 2073/3440/4067 1893/3441/4067 2466/3442/4067
f 2742/3443/4068 2458/3444/4069 2840/3445/4070
f 2911/3446/4071 1911/3447/4071 2286/3448/4071
f 2384/3449/4072 2343/3450/4072 2009/3451/4072
f 2607/3452/4073 2494/3453/4073 2687/3454/4073
f 1950/3455/4074 2666/3456/4075 1951/3389/4076
f 2732/3457/4077 2564/3458/4077 1962/3459/4077
f 2617/3388/4078 1950/3455/4078 1951/3389/4078
f 2629/3460/4079 1948/3461/4079 2457/3462/4079
f 2730/3463/4080 2779/3464/4080 2012/3465/4080
f 2393/3466/4081 1973/3467/4081 2827/3468/4081
f 2428/3469/4082 2192/3470/4082 2776/3471/4082
f 2618/3472/4083 1956/3473/4083 2585/3474/4083
f 2011/3475/4084 2627/3476/4084 2465/3477/4084
f 2354/3478/4085 2089/3479/4085 2533/3480/4085
f 2927/3481/4086 1945/3482/4086 1946/3483/4086
f 2765/3484/4087 2537/3485/4087 2120/3486/4087
f 2026/3487/4088 2113/3488/4088 1915/3489/4088
f 2159/3490/4089 2172/3491/4089 2009/3492/4089
f 2492/3493/4090 2099/3494/4090 2794/3495/4090
f 2553/3496/4091 2791/3497/4091 2781/3498/4091
f 1905/3499/4092 2555/3500/4093 2162/3501/4094
f 1965/3502/4095 1966/3503/4096 2714/3504/4097
f 2909/3505/4098 2180/3506/4098 1970/3507/4098
f 2206/3508/4099 1970/3507/4099 1971/3509/4099
f 1975/3510/4100 1976/3511/4100 2755/3512/4100
f 2655/3513/4101 1966/3503/4101 1965/3502/4101
f 2442/3514/4102 2074/3515/4102 2893/3516/4102
f 2892/3517/4103 2480/3518/4103 1984/3519/4103
f 2546/3520/4104 2656/3521/4104 2017/3522/4104
f 3054/3523/4105 2537/3524/4105 3003/3525/4105
f 2042/3526/4106 2043/3527/4106 2548/3528/4106
f 2599/3529/4107 2282/3530/4107 2509/3398/4107
f 2461/3531/4108 1884/3532/4108 2689/3533/4108
f 2349/3534/4109 1997/3535/4109 2761/3536/4109
f 2766/3537/4110 3068/3538/4110 2996/3539/4110 2803/3540/4110
f 2048/3541/4111 2747/3542/4111 2548/3528/4111
f 2225/3543/4112 2042/3544/4112 2656/3521/4112
f 2624/3545/4113 2627/3476/4113 2011/3475/4113
f 2749/3546/4114 2748/3547/4114 2757/3548/4114
f 2799/3549/4115 2652/3550/4115 1927/3551/4115
f 2941/3552/4116 2504/3553/4116 3006/3554/4116
f 2161/3555/4117 2019/3556/4117 2899/3557/4117
f 2326/3558/4118 2826/3559/4118 2659/3560/4118
f 2021/3561/4119 2360/3562/4119 2023/3563/4119
f 2829/3564/4120 2683/3565/4120 2982/3566/4120 3069/3567/4120
f 2663/3568/4121 2027/3569/4121 2028/3570/4121
f 2440/3571/4122 2030/3572/4122 2323/3573/4122
f 2846/3574/4123 2606/3575/4123 2072/3576/4123
f 2843/3577/4124 2145/3578/4124 2144/3579/4124
f 2742/3443/4068 2515/3580/4125 2458/3444/4069
f 2578/3581/4126 1866/3582/4127 1867/3583/4128
f 2343/3450/4129 2854/3584/4129 2009/3451/4129
f 2053/3585/4130 2916/3586/4130 2807/3587/4130
f 2054/3588/4131 2309/3589/4131 2308/3590/4131
f 2914/3591/4132 2158/3592/4132 2056/3593/4132
f 2060/3594/4133 2229/3595/4133 2061/3596/4133
f 2422/3597/4134 1871/3417/4134 2589/3416/4134
f 3025/3598/4135 2978/3599/4135 1999/3600/4135
f 2725/3601/4136 2756/3602/4136 2598/3603/4136
f 2525/3604/4137 3071/3605/4137 3050/3606/4137 2264/3607/4137
f 3036/3608/4138 3037/3609/4138 2037/3610/4138
f 2533/3480/4139 2655/3513/4139 2601/3611/4139
f 2933/3612/4140 2441/3613/4140 2080/3614/4140
f 2080/3615/4141 2083/3616/4141 2684/3617/4141
f 2499/3618/4142 2926/3619/4142 2648/3620/4142
f 2438/3621/4143 2708/3622/4143 2266/3623/4143
f 2672/3624/4144 2917/3625/4144 2094/3626/4144
f 3057/3627/4145 2991/3628/4145 2379/3629/4145 2038/3630/4145
f 2221/3631/4146 2266/3623/4146 2222/3632/4146
f 2904/3633/4147 2099/3494/4147 2645/3634/4147
f 2904/3633/4148 2098/3635/4148 2099/3494/4148
f 2290/3636/4149 2757/3548/4149 2134/3637/4149
f 2101/3638/4150 2930/3639/4150 2645/3634/4150
f 2458/3444/4151 1867/3583/4151 2551/3640/4151
f 2893/3516/4152 2846/3574/4152 2775/3641/4152
f 2148/3642/4153 2263/3643/4153 2532/3644/4153
f 2103/3396/4154 2832/3645/4154 2223/3646/4154
f 2892/3517/4155 1860/3647/4155 2108/3648/4155
f 2316/3649/4156 2317/3650/4156 2394/3651/4156
f 2117/3652/4157 2812/3653/4157 2651/3654/4157
f 2336/3655/4158 2765/3401/4158 2275/3656/4158
f 2597/3657/4159 2231/3658/4159 2269/3659/4159
f 1856/3660/4160 2364/3427/4160 2573/3429/4160
f 2177/3661/4161 2534/3662/4161 1992/3663/4161
f 2728/3664/4162 2656/3521/4162 2310/3665/4162
f 2854/3584/4163 2344/3666/4163 2288/3667/4163
f 2993/3668/4164 2994/3669/4164 2126/3670/4164
f 2452/3671/4165 2169/3672/4165 2127/3673/4165
f 2130/3674/4166 2085/3675/4167 2463/3676/4168
f 2134/3637/4169 2757/3548/4169 2624/3545/4169
f 2446/3677/4170 2025/3678/4170 2718/3679/4170
f 2266/3623/4171 2617/3388/4171 2438/3621/4171
f 2897/3680/4172 2240/3681/4172 2137/3682/4172
f 2449/3683/4173 2450/3684/4173 2547/3685/4173
f 2474/3686/4174 2240/3687/4174 2304/3688/4174
f 2226/3689/4175 2653/3690/4175 2546/3520/4175
f 1885/3691/4176 2003/3692/4176 2436/3693/4176
f 2563/3694/4177 1949/3695/4177 2316/3649/4177
f 2940/3696/4178 2959/3697/4178 2857/3698/4178 2831/3699/4178
f 2770/3700/4179 2793/3701/4179 2592/3702/4179
f 2632/3703/4180 1913/3704/4180 2631/3705/4180
f 1999/3706/4181 2694/3707/4181 2244/3708/4181
f 2544/3709/4182 1864/3710/4183 1862/3711/4184
f 2899/3712/4185 2160/3713/4185 2161/3714/4185
f 2405/3715/4186 2488/3716/4187 2668/3717/4188
f 1853/3718/4189 1995/3719/4189 2613/3720/4189
f 2403/3721/4190 2196/3722/4190 2695/3723/4190
f 1852/3724/4191 2096/3725/4191 2095/3726/4191
f 2685/3727/4192 2926/3619/4192 2094/3626/4192
f 2662/3728/4193 1929/3729/4193 2709/3730/4193
f 2029/3731/4194 2227/3732/4194 2536/3733/4194
f 2622/3734/4195 2602/3735/4195 1863/3736/4195
f 2703/3439/4196 2460/3737/4196 2144/3579/4196
f 2791/3738/4197 2553/3739/4197 2467/3740/4197
f 2086/3741/4198 2189/3742/4198 2785/3743/4198
f 2883/3744/4199 2756/3745/4199 2725/3746/4199
f 2178/3747/4200 1957/3748/4200 1955/3749/4200
f 2613/3720/4201 1860/3647/4201 2892/3517/4201
f 2194/3750/4202 2511/3751/4202 2734/3752/4202
f 2593/3753/4203 2339/3754/4203 2888/3755/4203
f 2774/3756/4204 1998/3757/4204 2773/3758/4204
f 2023/3759/4205 2202/3760/4205 2414/3761/4205
f 1898/3762/4206 2380/3763/4206 2744/3764/4206
f 2790/3765/4207 2767/3766/4207 2407/3767/4207
f 2437/3768/4208 1903/3769/4208 2215/3770/4208
f 2365/3771/4209 2259/3772/4209 2713/3773/4209
f 2596/3774/4210 2764/3775/4211 2386/3776/4212
f 2611/3777/4213 2129/3778/4213 2128/3779/4213
f 2822/3780/4214 2799/3549/4214 2116/3781/4214
f 2599/3529/4215 2032/3782/4215 2279/3783/4215
f 2229/3595/4216 2123/3784/4216 2470/3785/4216
f 2556/3786/4217 2557/3787/4217 2866/3788/4217
f 2531/3789/4218 1992/3663/4218 2813/3790/4218
f 2882/3791/4219 2679/3792/4219 2252/3793/4219
f 1972/3794/4220 2712/3795/4220 1907/3796/4220
f 2444/3797/4221 2746/3798/4221 2236/3799/4221
f 2668/3717/4222 2784/3800/4222 2237/3801/4222
f 2549/3802/4223 1935/3803/4223 2887/3804/4223
f 3047/3805/4224 2954/3806/4224 2369/3807/4224 2204/3808/4224
f 2137/3682/4225 2240/3681/4225 2239/3809/4225
f 2977/3810/4226 2504/3553/4226 3062/3811/4226
f 2242/3812/4227 2795/3813/4227 1898/3814/4227
f 2015/3815/4228 2790/3765/4228 2181/3816/4228
f 2425/3817/4229 1942/3818/4229 2806/3819/4229
f 2597/3820/4230 2725/3821/4230 2598/3822/4230
f 2552/3823/4231 2252/3793/4231 2188/3824/4231
f 2010/3825/4232 2175/3826/4232 2937/3827/4232 2938/3828/4232
f 2036/3829/4233 1947/3830/4233 2370/3831/4233
f 2638/3405/4234 2670/3404/4234 2257/3832/4234
f 2258/3833/4235 2713/3773/4235 2259/3772/4235
f 2601/3834/4236 2655/3835/4236 1965/3836/4236
f 2736/3837/4237 2830/3838/4237 2508/3839/4237
f 2061/3596/4238 1922/3840/4238 2420/3841/4238
f 2005/3842/4239 2272/3843/4239 2745/3844/4239
f 2003/3845/4240 2090/3846/4240 2350/3847/4240
f 1957/3848/4241 1958/3849/4241 2159/3850/4241
f 2289/3851/4242 2913/3852/4242 2290/3636/4242
f 2116/3781/4243 2799/3549/4243 1927/3551/4243
f 2430/3853/4244 2862/3854/4244 2158/3592/4244
f 1919/3403/4245 2294/3855/4245 2520/3856/4245
f 2476/3857/4246 2298/3858/4246 2758/3859/4246
f 2798/3860/4247 1924/3861/4247 2674/3413/4247
f 2752/3862/4248 2674/3413/4248 2300/3863/4248
f 2301/3864/4249 2879/3865/4249 2302/3866/4249
f 3048/3867/4250 3015/3868/4250 2630/3869/4251
f 2910/3870/4252 2203/3871/4252 2303/3872/4252
f 2874/3873/4253 2355/3874/4253 2135/3875/4253
f 2306/3876/4254 2925/3877/4254 2307/3878/4254
f 2308/3879/4255 2309/3880/4255 2217/3881/4255
f 2312/3882/4256 2834/3883/4256 2313/3884/4256
f 2925/3885/4257 2314/3886/4257 2315/3887/4257
f 2333/3888/4258 2934/3889/4259 1881/3890/4260
f 1998/3757/4261 2326/3891/4261 2773/3758/4261
f 2418/3892/4262 2419/3893/4262 2211/3894/4262
f 2739/3895/4263 2759/3896/4263 2249/3897/4263
f 2323/3573/4264 2746/3798/4264 2444/3797/4264
f 2163/3898/4265 2642/3899/4265 2227/3732/4265
f 2232/3432/4266 2826/3431/4266 2066/3900/4266
f 2513/3901/4267 2167/3902/4267 2766/3903/4267
f 2329/3904/4268 2819/3905/4268 2330/3906/4268
f 2956/3907/4269 2955/3908/4269 2139/3909/4269
f 2333/3888/4270 2334/3910/4270 2409/3911/4270
f 2313/3884/4271 2834/3883/4271 2925/3877/4271
f 2845/3912/4272 2411/3913/4272 2093/3914/4272
f 2046/3915/4273 2512/3916/4273 2695/3723/4273
f 2134/3637/4274 2289/3851/4274 2290/3636/4274
f 2047/3917/4275 2024/3918/4276 1930/3919/4277
f 2917/3625/4278 2651/3654/4278 2524/3920/4278
f 2710/3921/4279 2394/3651/4279 1993/3922/4279
f 2747/3542/4280 2464/3923/4280 1949/3695/4280
f 2744/3764/4281 2380/3763/4281 2360/3562/4281
f 2223/3646/4282 2439/3924/4282 2103/3396/4282
f 2361/3925/4283 1937/3926/4283 2223/3646/4283
f 2827/3468/4284 1973/3467/4284 2228/3927/4284
f 3055/3928/4285 3047/3805/4285 2204/3808/4285
f 2259/3772/4286 2365/3771/4286 2366/3929/4286
f 2544/3709/4287 2543/3930/4287 2498/3931/4287
f 2073/3440/4288 1894/3932/4288 2018/3933/4288
f 2716/3934/4289 1948/3461/4290 1876/3935/4291
f 2876/3936/4292 1894/3932/4292 2073/3440/4292
f 2190/3937/4293 2328/3938/4293 2843/3577/4293
f 2781/3498/4294 2880/3939/4294 2281/3940/4294
f 2703/3439/4295 3034/3438/4295 2962/3941/4295
f 2682/3942/4296 1872/3943/4296 1939/3944/4296
f 2121/3945/4297 2205/3946/4297 2586/3947/4297
f 2213/3948/4298 2214/3949/4298 2851/3950/4298
f 2141/3951/4299 2183/3952/4299 2111/3953/4299
f 2389/3954/4300 2127/3955/4300 2390/3956/4300
f 2943/3957/4301 3016/3958/4301 2392/3959/4301
f 2059/3960/4302 2534/3961/4302 3099/3962/4302 2050/3963/4302
f 2496/3964/4303 2454/3965/4304 2002/3966/4305
f 2005/3842/4306 2674/3413/4306 2153/3412/4306
f 2956/3907/4307 2153/3412/4307 2955/3908/4307
f 2954/3806/4308 2401/3967/4308 3005/3968/4308
f 2401/3967/4309 2011/3475/4309 2465/3477/4309
f 1992/3969/4310 2059/3960/4310 2338/3970/4310
f 2567/3971/4311 2436/3693/4311 2003/3692/4311
f 2194/3750/4312 2808/3972/4312 2920/3973/4312
f 2464/3923/4313 2049/3974/4314 1852/3724/4315
f 2366/3975/4316 2423/3976/4316 2424/3977/4316
f 1928/3978/4317 2189/3742/4317 2398/3979/4317
f 2862/3854/4318 2430/3853/4318 1912/3980/4318
f 1903/3769/4319 2437/3768/4319 2771/3981/4319
f 2452/3671/4320 2440/3982/4320 2168/3983/4320
f 2440/3982/4321 2441/3613/4322 2168/3983/4323
f 2444/3984/4324 2908/3985/4324 2080/3614/4324
f 2453/3986/4325 2440/3982/4325 2452/3671/4325
f 2496/3964/4326 2886/3987/4326 2454/3965/4326
f 1851/3988/4327 2570/3989/4327 1991/3990/4327
f 1927/3551/4328 2831/3991/4328 2116/3781/4328
f 1948/3461/4329 2629/3460/4330 2653/3690/4331
f 1946/3992/4332 2300/3863/4333 2170/3993/4334
f 2389/3954/4335 2129/3778/4335 2127/3955/4335
f 2460/3737/4336 2703/3439/4336 1928/3994/4336
f 2758/3859/4337 2247/3995/4337 2476/3857/4337
f 2476/3857/4338 2247/3995/4338 2722/3996/4338
f 2548/3528/4339 2563/3694/4340 2042/3526/4341
f 2929/3997/4342 2108/3648/4342 1860/3647/4342
f 2754/3998/4343 2483/3999/4343 2485/4000/4343
f 1975/4001/4344 2485/4002/4344 2484/4003/4344
f 2485/4000/4345 2581/4004/4345 2486/4005/4345
f 2494/3453/4346 2870/4006/4346 2167/3902/4346
f 2049/3974/4347 1875/4007/4348 1852/3724/4349
f 2346/4008/4350 2739/4009/4350 2490/4010/4350
f 2800/4011/4351 1961/4012/4351 2491/4013/4351
f 2482/4014/4352 2598/4015/4352 2756/4016/4352
f 2293/4017/4353 2419/3893/4353 2109/4018/4353
f 2154/4019/4354 2327/4020/4354 2415/4021/4354
f 2785/3743/4355 2506/4022/4355 2086/3741/4355
f 2879/4023/4356 2500/4024/4356 2302/4025/4356
f 2113/4026/4357 2111/4027/4357 1983/4028/4357
f 2501/4029/4358 2639/4030/4358 2256/4031/4358
f 2111/4032/4359 2331/4033/4359 1983/4034/4359
f 2888/3755/4360 2999/4035/4360 2946/4036/4360
f 2189/3742/4361 1963/3391/4361 2785/3743/4361
f 2357/4037/4362 2135/3875/4362 2356/4038/4362
f 2335/4039/4363 2115/4040/4363 2336/3655/4363
f 2885/4041/4364 1941/4042/4364 1939/4043/4364
f 2074/3515/4365 2606/3575/4365 2893/3516/4365
f 2399/4044/4366 2402/4045/4367 2296/4046/4368
f 2334/3910/4369 1903/3769/4369 2816/4047/4369
f 3012/4048/4370 3062/3811/4370 2504/3553/4371 2505/4049/4371
f 2325/4050/4372 1929/3729/4373 2436/3693/4374
f 2138/4051/4375 2807/3587/4375 2304/4052/4375
f 2680/4053/4376 2632/4054/4376 2352/4055/4376
f 2511/3751/4377 2920/3973/4377 2421/3414/4377
f 2198/4056/4378 2199/4057/4378 2197/4058/4378
f 2881/4059/4379 2892/3517/4379 2253/4060/4379
f 2280/4061/4380 2789/4062/4380 2788/4063/4380
f 2809/4064/4381 2453/4065/4381 2452/4066/4381
f 2028/3570/4382 2212/4067/4382 2835/4068/4382
f 3045/4069/4383 2502/4070/4383 3021/4071/4383
f 2436/3693/4374 2461/3531/4384 2325/4050/4372
f 2833/4072/4385 2076/4073/4385 2787/4074/4385
f 2521/4075/4386 2726/4076/4386 2520/3856/4386
f 2521/4075/4387 2919/4077/4387 2726/4076/4387
f 2383/4078/4388 2014/4079/4388 2671/4080/4388
f 2671/4080/4389 1919/3403/4389 2520/3856/4389
f 2352/4081/4390 2004/4082/4390 2567/3971/4390
f 2597/4083/4391 1913/3704/4391 2148/3642/4391
f 2099/3494/4392 2528/4084/4392 2794/3495/4392
f 2484/4085/4393 1976/3511/4393 1975/3510/4393
f 2276/4086/4394 2880/3939/4394 2599/3529/4394
f 2009/3451/4395 2854/3584/4395 2159/3850/4395
f 2769/4087/4396 1880/4088/4396 2164/4089/4396
f 2587/4090/4397 1857/4091/4397 1899/4092/4397
f 2691/3428/4398 2364/3427/4398 2943/3957/4398 3056/4093/4398
f 2697/4094/4399 2707/3415/4399 2696/4095/4399
f 1996/4096/4400 2859/4097/4400 2688/4098/4400
f 2445/4099/4401 1972/3794/4401 2542/4100/4401
f 2178/4101/4402 1958/4102/4402 1957/4103/4402
f 2192/3470/4403 2190/3937/4403 2719/3408/4403
f 2504/3553/4404 2941/3552/4404 3074/4104/4404 2525/3604/4404
f 2614/4105/4405 2093/3914/4405 2411/3913/4405
f 2087/4106/4406 2445/4099/4406 2889/4107/4406
f 2662/3728/4407 2267/4108/4407 2386/3776/4407
f 1995/3719/4408 1860/3647/4408 2613/3720/4408
f 2558/4109/4409 2778/4110/4409 2685/3727/4409
f 1920/4111/4410 2561/4112/4410 2146/4113/4410
f 2196/4114/4411 2195/4115/4411 2057/4116/4411
f 2187/4117/4412 2858/4118/4412 2552/3823/4412
f 2896/4119/4413 2650/4120/4413 2051/4121/4413
f 1964/4122/4414 2125/4123/4414 2699/4124/4414
f 2873/4125/4415 2579/4126/4415 2235/4127/4415
f 2082/4128/4416 2873/4125/4416 2235/4127/4416
f 2721/4129/4417 2262/4130/4417 2566/4131/4417
f 2287/4132/4418 1957/3848/4418 2288/3667/4418
f 1904/4133/4419 2625/4134/4419 2209/4135/4419
f 1973/3467/4420 1974/4136/4420 2228/3927/4420
f 2376/4137/4421 3024/4138/4421 2952/4139/4421 2175/3826/4421
f 2709/3730/4422 2847/4140/4422 2662/3728/4422
f 2083/4141/4423 2080/3614/4423 2908/3985/4423
f 2775/3641/4424 2265/4142/4424 2687/3454/4424
f 2733/4143/4425 2788/4063/4425 1962/4144/4425
f 2690/4145/4426 2413/4146/4427 2497/4147/4428
f 2795/3813/4429 1933/4148/4429 2417/4149/4429
f 1874/4150/4430 1945/4151/4430 1873/4152/4430
f 2205/4153/4431 2274/4154/4431 2841/4155/4431
f 2824/4156/4432 2313/3884/4432 2925/3877/4432
f 2844/4157/4433 1930/3919/4433 2024/3918/4433
f 2121/3945/4434 2605/4158/4434 2435/4159/4434
f 2071/4160/4435 2741/4161/4436 1917/4162/4437
f 3049/4163/4438 2691/3428/4438 3056/4093/4438
f 1940/4164/4439 2077/4165/4439 2079/3424/4439
f 2491/4166/4440 1854/4167/4441 2079/4168/4442
f 2522/4169/4443 2103/3396/4443 1981/4170/4443
f 2038/3630/4444 2379/3629/4444 1916/4171/4444
f 2069/3420/4445 2692/3419/4446 2934/3889/4447
f 2600/4172/4448 2934/3889/4259 2333/3888/4258
f 2934/3889/4449 2600/4172/4450 2069/3420/4451
f 2713/4173/4452 2601/4174/4452 1965/4175/4452
f 2151/4176/4453 2105/4177/4453 2363/4178/4453
f 2723/4179/4454 2091/4180/4454 2670/3404/4454
f 2014/4079/4455 2670/3404/4455 2671/4080/4455
f 2880/3939/4456 2781/3498/4456 2283/4181/4456
f 2608/4182/4457 2013/4183/4457 2475/4184/4457
f 2611/3777/4458 2612/4185/4458 2918/4186/4458
f 2348/4187/4459 2571/3409/4459 2572/4188/4459
f 2636/4189/4460 2085/3675/4460 2216/4190/4460
f 2760/3390/4461 2179/4191/4461 2154/4192/4461
f 2199/4193/4462 2622/3734/4462 2623/4194/4462
f 2301/3864/4463 2302/3866/4463 2256/4195/4463
f 2134/3637/4464 2624/3545/4464 2140/4196/4464
f 2240/3681/4465 2624/3545/4465 2239/3809/4465
f 2548/3528/4466 2823/4197/4467 2048/3541/4468
f 1934/4198/4469 1964/4122/4469 2506/4022/4469
f 2707/3415/4470 1871/3417/4470 1872/3943/4470
f 2555/3500/4471 2554/4199/4472 2162/3501/4473
f 1859/4200/4474 2303/3872/4474 3091/4201/4474 1906/4202/4474
f 2110/4203/4475 2293/4017/4475 2109/4018/4475
f 2347/4204/4476 2339/3754/4476 2593/3753/4476
f 2635/4205/4477 2928/4206/4477 2360/3562/4477
f 2094/3626/4478 2917/3625/4478 2524/3920/4478
f 2189/3742/4479 2340/4207/4479 1963/3391/4479
f 2677/4208/4480 2605/4158/4480 2114/4209/4480
f 2258/3833/4481 2259/3772/4481 2366/3929/4481
f 1862/3711/4482 2660/4210/4482 2460/3737/4482
f 2165/4211/4483 2778/4110/4483 2558/4109/4483
f 2054/3588/4484 2529/4212/4484 2641/4213/4484
f 2120/4214/4485 2537/4215/4485 2740/4216/4485
f 2474/4217/4486 2473/4218/4486 2644/4219/4486
f 2446/3677/4487 2039/4220/4488 2359/4221/4489
f 2646/4222/4490 2511/3751/4490 1924/3861/4490
f 2798/3860/4491 2646/4222/4491 1924/3861/4491
f 2648/3620/4492 2649/4223/4492 2499/3618/4492
f 2930/3639/4493 2815/4224/4493 2904/3633/4493
f 2930/3639/4494 2904/3633/4494 2645/3634/4494
f 2026/4225/4495 2141/3951/4496 2113/4226/4497
f 2737/4227/4498 2208/4228/4498 2378/4229/4498
f 2281/3940/4499 2880/3939/4499 2789/4062/4499
f 2449/3683/4500 2448/4230/4500 2450/3684/4500
f 2034/4231/4501 1902/4232/4501 2035/4233/4501
f 2270/4234/4502 2231/3658/4502 2610/4235/4502
f 2324/4236/4503 2113/3488/4503 1983/4034/4503
f 2016/4237/4504 2181/4238/4504 2790/4239/4504
f 1891/4240/4505 2693/4241/4505 2347/4204/4505
f 2136/4242/4506 1935/3803/4506 2848/4243/4506
f 2856/4244/4507 2255/4245/4507 1907/4246/4507
f 2532/3644/4508 2263/3643/4508 2068/4247/4508
f 2509/3398/4509 2448/4230/4509 1960/3399/4509
f 3048/3867/4250 2669/4248/4510 3015/3868/4250
f 2499/3618/4511 2921/4249/4511 2672/3624/4511
f 2015/3815/4512 2628/4250/4512 2767/3766/4512
f 2362/4251/4513 2106/4252/4513 2033/3397/4513
f 2849/4253/4514 2903/4254/4514 2152/4255/4514
f 1871/3417/4515 2885/4256/4515 1939/3944/4515
f 2342/4257/4516 2385/4258/4516 2384/3449/4516
f 1869/4259/4517 1908/4260/4517 2793/3701/4517
f 1872/3943/4518 1871/3417/4518 1939/3944/4518
f 2513/3901/4519 2856/4261/4519 2166/4262/4519
f 2293/4017/4520 2412/4263/4520 2820/4264/4520
f 2848/4243/4521 1935/3803/4521 2685/3727/4521
f 2685/3727/4522 2097/4265/4523 2558/4109/4524
f 2686/4266/4525 2250/3418/4525 2668/3717/4525
f 2554/4199/4526 1934/4198/4526 2647/4267/4526
f 2577/4268/4527 2620/4269/4527 2439/4270/4527
f 2467/3740/4528 2291/4271/4528 2791/3738/4528
f 2102/4272/4529 2458/3444/4529 2515/3580/4529
f 2647/4267/4530 1934/4198/4530 3004/4273/4530 2947/4274/4530
f 1867/3583/4531 1896/4275/4531 2551/3640/4531
f 2692/3419/4532 2817/4276/4532 2782/4277/4532
f 2701/4278/4533 2160/3713/4533 2899/3712/4533
f 2701/4278/4534 2489/4279/4534 2160/3713/4534
f 1876/3935/4535 2147/4280/4535 2814/4281/4535
f 2401/3967/4536 2239/3809/4536 2011/3475/4536
f 1985/4282/4537 1986/4283/4537 2164/4284/4537
f 2001/4285/4538 2422/3597/4538 2589/3416/4538
f 2323/4286/4539 2354/3478/4539 2746/4287/4539
f 2350/4288/4540 2680/4053/4540 2352/4055/4540
f 2077/4289/4541 2078/4290/4542 2079/4291/4543
f 2191/4292/4544 2038/3630/4544 2427/4293/4544
f 2029/3731/4545 2536/3733/4545 1885/4294/4545
f 1953/4295/4546 2404/4296/4546 2720/4297/4546
f 1955/4298/4547 2406/4299/4548 2767/4300/4549
f 2247/3995/4550 1897/4301/4550 2616/4302/4550
f 2052/4303/4551 2362/4251/4551 2033/3397/4551
f 2059/3960/4552 2872/4304/4552 2338/3970/4552
f 2312/4305/4553 2590/4306/4553 2495/4307/4553
f 2926/4308/4554 2801/4309/4554 2501/4310/4554
f 2708/3622/4555 2267/4108/4555 2847/4140/4555
f 2181/4311/4556 2016/4312/4556 2777/4313/4556
f 2479/4314/4557 2610/4315/4557 2871/4316/4557
f 2382/4317/4558 2919/4077/4559 2669/4248/4560
f 2915/4318/4561 2727/4319/4561 2877/4320/4561
f 1873/4152/4562 2884/4321/4562 2729/4322/4562
f 2982/4323/4563 2945/4324/4563 2729/4325/4563
f 2296/4046/4564 2695/3723/4564 2332/4326/4564
f 2695/3723/4565 1952/4327/4565 2046/3915/4565
f 2089/3479/4566 2655/3513/4566 2533/3480/4566
f 2523/4328/4567 2831/4329/4567 1927/4330/4567
f 2095/3726/4568 2776/3471/4568 2375/4331/4568
f 2098/3635/4569 2749/3546/4569 2902/4332/4569
f 2908/3985/4570 2236/4333/4570 2235/4334/4570
f 2039/4220/4571 2718/3679/4571 2735/4335/4571
f 3050/3606/4572 2295/4336/4572 2549/3802/4572 3043/4337/4572
f 2102/4272/4573 1867/3583/4573 2458/3444/4573
f 2217/3881/4574 2611/3777/4574 2918/4186/4574
f 2373/4338/4575 2320/4339/4575 2611/3777/4575
f 2129/4340/4576 2611/4341/4576 2320/4342/4576
f 2768/4343/4577 2862/3854/4577 1880/4088/4577
f 2300/3863/4578 2674/3413/4578 2745/3844/4578
f 3052/4344/4579 2944/4345/4579 2683/4346/4579 2422/4347/4579
f 2708/3622/4580 2847/4140/4580 2709/3730/4580
f 1904/4133/4581 2209/4135/4581 2575/4348/4581
f 2157/4349/4582 1853/3718/4582 1912/3980/4582
f 2772/4350/4583 2910/3870/4583 2303/3872/4583
f 2279/3783/4584 2276/4086/4584 2599/3529/4584
f 2896/4119/4585 2051/4121/4585 2400/4351/4585
f 2638/4352/4586 2639/4353/4586 2778/4354/4586
f 2501/4029/4587 2801/4355/4587 2639/4030/4587
f 2057/4116/4588 2195/4115/4588 2821/4356/4588
f 2338/3970/4589 1878/4357/4590 2861/4358/4589
f 2225/3543/4591 2546/3520/4591 2653/3690/4591
f 2803/3540/4592 2996/3539/4593 3010/4359/4594
f 1857/4091/4595 1947/3830/4595 2036/3829/4595
f 2777/4360/4596 2730/3463/4596 2181/3816/4596
f 2841/4155/4597 2119/4361/4597 2205/4153/4597
f 2822/3780/4598 2507/4362/4598 2799/3549/4598
f 2656/3521/4599 2728/3664/4599 2777/4313/4599
f 2713/3773/4600 2786/4363/4600 2601/4364/4600
f 2162/3501/4601 1936/4365/4601 2527/4366/4601
f 2660/4210/4602 2190/3937/4602 2843/3577/4602
f 2443/4367/4603 2444/3984/4603 2080/3614/4603
f 2065/4368/4604 2793/3701/4604 2770/3700/4604
f 2405/3715/4605 2668/3717/4605 2237/3801/4605
f 2391/4369/4606 2143/4370/4606 2814/4281/4606
f 2540/4371/4607 2326/3891/4607 1998/3757/4607
f 1858/4372/4608 2710/4373/4609 1951/3389/4610
f 2583/4374/4611 2497/4375/4611 2498/4376/4611
f 2084/4377/4612 2358/4378/4612 2922/4379/4612
f 2619/4380/4613 2436/3693/4613 1929/3729/4613
f 2180/3506/4614 2022/4381/4614 2197/4058/4614
f 2223/3646/4615 2832/3645/4615 1980/4382/4615
f 2507/4362/4616 2860/3435/4616 2614/4105/4616
f 2382/4317/4617 2013/4183/4617 2383/4078/4617
f 2355/3874/4618 2356/4038/4618 2135/3875/4618
f 2617/3388/4619 2266/3623/4619 2221/3631/4619
f 2846/3574/4620 2072/3576/4620 2071/4160/4620
f 2017/3522/4621 2656/3521/4621 2664/4383/4621
f 1921/4384/4622 2044/4385/4622 2780/4386/4622 1988/4387/4622
f 2058/4388/4623 2851/4389/4623 2545/4390/4623
f 2075/4391/4624 2497/4147/4624 2413/4146/4624
f 2709/3730/4625 2325/4050/4625 2689/3533/4625
f 2375/4331/4626 2776/3471/4626 2317/3650/4626
f 3000/4392/4627 2255/4245/4627 2969/4393/4627
f 2142/4394/4628 1910/4395/4628 1851/3988/4628
f 2323/3573/4629 2030/3572/4629 2711/4396/4629
f 2655/3513/4630 2248/4397/4630 2298/3858/4630
f 2200/4398/4631 2201/4399/4631 2731/4400/4631
f 2020/4401/4632 2853/4402/4632 2420/3841/4632
f 1989/4403/4633 1990/4404/4633 2345/4405/4633
f 2480/4406/4634 2574/4407/4634 1984/4408/4634
f 2123/4409/4635 2122/4410/4636 2816/4047/4637
f 2123/4409/4635 2816/4047/4637 2470/4411/4638
f 3012/4048/4370 2521/4075/4639 2520/3856/4639 3062/3811/4370
f 2857/4412/4640 2864/3402/4640 2337/4413/4640
f 2027/3569/4641 2330/4414/4642 2819/4415/4643
f 2142/4394/4644 2813/4416/4644 2654/4417/4644
f 2923/4418/4645 2100/4419/4645 1902/4232/4645
f 2737/4227/4646 2378/4229/4646 1926/4420/4646
f 2139/3909/4647 1999/3600/4647 2978/3599/4647 2956/3907/4647
f 2366/4421/4648 2365/4422/4648 2423/4423/4648
f 2704/4424/4649 2447/4425/4649 2213/3948/4649
f 1892/4426/4650 2836/4427/4650 2712/3795/4650
f 2545/4390/4651 2214/4428/4651 2821/4356/4651
f 2433/4429/4652 1903/3769/4653 2334/3910/4654
f 2333/3888/4655 2433/4429/4655 2334/3910/4655
f 1895/4430/4656 2719/3408/4656 2395/3407/4656
f 2052/4303/4657 2896/4119/4657 2362/4251/4657
f 2530/4431/4658 2818/4432/4658 2531/4433/4658
f 2857/4412/4659 2337/4413/4659 2831/3991/4659
f 2255/4434/4660 1972/3794/4660 1907/3796/4660
f 2312/4435/4661 2833/4436/4661 2834/4437/4661
f 2835/4068/4662 2453/4065/4662 2809/4064/4662
f 2972/4438/4663 3011/4439/4663 2869/4440/4663
f 1979/4441/4664 2786/4363/4664 2258/3833/4664
f 2063/4442/4665 2064/4443/4665 2468/4444/4665
f 2546/3520/4666 2017/3522/4666 1894/3932/4666
f 2532/3644/4667 2652/3550/4667 2725/3746/4667
f 2348/4187/4668 2117/3652/4668 2672/3624/4668
f 1926/4420/4669 1925/4445/4669 2201/4399/4669
f 2607/3452/4670 2687/3454/4670 2265/4142/4670
f 2216/4190/4671 2426/4446/4671 2131/4447/4671
f 2632/3703/4672 2504/4448/4672 1913/3704/4672
f 2955/3908/4673 2153/3412/4674 2421/3414/4674 2939/4449/4675
f 2620/4450/4676 2041/3394/4048 2103/3396/4050
f 1896/4275/4677 2771/3981/4677 2437/3768/4677
f 3035/4451/4678 3055/3928/4678 2204/3808/4678
f 2363/4452/4679 2400/4351/4679 2151/4453/4679
f 2675/4454/4680 2576/4455/4680 2220/4456/4680
f 2475/4184/4681 2346/4008/4682 2490/4010/4683
f 1875/4007/4684 2049/3974/4684 2621/4457/4684
f 2683/4346/4685 2944/4345/4685 2945/4458/4685
f 1937/4459/4686 2361/4460/4686 2753/4461/4686
f 2037/3610/4687 2986/4462/4687 3036/3608/4687
f 2888/3755/4688 2990/4463/4689 3007/4464/4689 2186/4465/4690
f 2685/3727/4691 2094/3626/4691 2848/4243/4691
f 2108/3648/4692 2480/3518/4692 2892/3517/4692
f 1882/4466/4693 2914/3591/4693 1861/4467/4693
f 2253/4468/4694 2763/3422/4694 1986/4283/4694
f 2963/4469/4695 3030/4470/4695 2218/4471/4695
f 2397/4472/4696 2218/4471/4697 2219/4473/4698
f 2462/4474/4699 2242/3812/4699 2463/3676/4699
f 2233/4475/4700 2665/4476/4700 2732/3457/4700
f 3009/4477/4701 2000/4478/4701 2286/3448/4701 2969/4393/4701
f 2735/4335/4702 2555/3500/4093 1905/3499/4092
f 2560/4479/4703 1955/4480/4703 2287/4481/4703
f 1910/4395/4704 2142/4394/4704 2391/4369/4704
f 1893/3441/4705 2063/4442/4705 2736/3837/4705
f 2471/4482/4706 2470/4411/4706 2230/4483/4706
f 2844/4157/4707 2762/4484/4707 2983/4485/4707 2981/4486/4707
f 2072/3576/4708 2736/3837/4708 2508/3839/4708
f 2335/4039/4709 2336/3655/4709 2434/4487/4709
f 2774/3756/4710 2410/4488/4710 1998/3757/4710
f 2215/3770/4711 2551/3640/4711 2437/3768/4711
f 1863/3736/4712 2761/3536/4712 2433/4429/4712
f 1862/3711/4713 2190/3937/4713 2660/4210/4713
f 2619/4489/4714 2432/4490/4714 1885/4294/4714
f 2563/3694/4715 2747/3542/4715 1949/3695/4715
f 2262/4130/4716 2818/4432/4716 2104/4491/4716
f 2309/3880/4717 2306/4492/4717 2307/4493/4717
f 1994/4494/4718 2856/4261/4718 2513/3901/4718
f 2168/3983/4719 2441/3613/4719 2169/3672/4719
f 2655/3513/4720 2802/4495/4720 1966/3503/4720
f 2073/3440/4721 2018/3933/4721 1893/3441/4721
f 2053/3585/4722 2807/3587/4722 2562/4496/4722
f 2190/3937/4723 2429/4497/4723 2328/3938/4723
f 2770/3700/4724 2592/3702/4724 2149/4498/4724
f 2431/4499/4725 1912/3980/4726 1853/3718/4727
f 2220/4456/4728 1890/4500/4728 2596/3774/4728
f 1890/4501/4729 2690/4502/4729 2359/4221/4729
f 1893/3441/4730 2018/3933/4730 2332/4326/4730
f 1935/3803/4731 2136/4242/4731 2887/3804/4731
f 2156/4503/4732 2547/4504/4732 2451/4505/4732
f 2263/3643/4733 2148/3642/4733 1913/3704/4733
f 2873/4506/4734 2082/4507/4734 2246/4508/4734
f 1923/4509/4735 2297/4510/4735 2646/4222/4735
f 1975/3510/4736 2755/3512/4736 2754/4511/4736
f 2501/4029/4737 2256/4031/4737 2648/4512/4737
f 2792/4513/4738 2576/4455/4738 2415/4514/4738
f 2355/4515/4739 2874/4516/4739 2724/4517/4739
f 2115/4040/4740 2831/3991/4740 2337/4413/4740
f 2406/4518/4741 2105/4177/4741 2151/4176/4741
f 2208/4228/4742 2377/4519/4742 2378/4229/4742
f 2249/3897/4743 2759/3896/4743 2298/3858/4743
f 2871/4316/4744 2326/3891/4744 2659/4520/4744
f 2081/4521/4745 2389/4522/4745 2933/3612/4745
f 2989/4523/4746 2112/4524/4746 2669/4248/4746 3019/4525/4746
f 2500/4024/4747 2698/4526/4747 2921/4249/4747
f 2344/4527/4748 2568/4528/4748 2288/4529/4748
f 2758/3859/4749 2637/4530/4749 2247/3995/4749
f 2248/4397/4750 2655/3513/4750 2089/3479/4750
f 3009/4477/4751 2969/4393/4751 2255/4245/4751 1994/4531/4751
f 2977/3810/4752 3006/3554/4752 2504/3553/4752
f 2138/4051/4753 2304/4052/4753 2510/4532/4753
f 2371/4533/4754 2594/4534/4754 2200/4535/4754
f 3065/4536/4755 3067/4537/4755 2882/3791/4755
f 3069/3567/4756 2884/4538/4756 3070/4539/4756
f 2144/3579/4757 2374/3436/4757 2703/3439/4757
f 2135/3875/4758 2357/4037/4758 2887/3804/4758
f 2887/3804/4759 2136/4242/4759 2135/3875/4759
f 1963/3391/4760 2340/4207/4760 2995/4540/4760 3002/3392/4760
f 2377/4519/4761 2367/4541/4761 2024/3918/4761
f 2183/4542/4762 2594/4534/4762 2331/4033/4762
f 1995/3719/4763 2924/4543/4763 1860/3647/4763
f 2237/3801/4764 2462/4474/4764 2085/3675/4764
f 1854/3425/4061 2123/3784/4765 1879/3426/4062
f 2713/4544/4766 1965/4545/4766 2714/4546/4766
f 2898/4547/4767 2815/4548/4767 2890/3423/4767
f 2409/3911/4768 2334/3910/4768 2816/4047/4768
f 1973/3467/4769 2147/4280/4769 1974/4136/4769
f 2638/3405/4770 2778/4110/4770 2165/4211/4770
f 2638/3405/4771 2165/4211/4771 1919/3403/4771
f 2167/3902/4772 2687/3454/4772 2494/3453/4772
f 1982/4549/4773 2324/4236/4773 1983/4034/4773
f 2068/4247/4774 1927/3551/4775 2652/3550/4776
f 2841/4550/4777 2274/4551/4777 2493/4552/4777
f 2101/4553/4778 2492/4554/4778 2100/4419/4778
f 2848/4243/4779 2094/3626/4779 2524/3920/4779
f 2516/4555/4780 2578/3581/4780 2102/4272/4780
f 2894/4556/4781 2174/4557/4781 2565/4558/4781
f 2145/3578/4782 2843/3577/4782 2006/4559/4782
f 2177/3661/4783 1992/3663/4783 2531/3789/4783
f 2119/4560/4784 2493/4561/4784 2740/4216/4784
f 2580/4562/4785 2692/3419/4785 2250/3418/4785
f 2173/4563/4786 2894/4564/4786 2341/4565/4786
f 2369/3807/4787 2422/4347/4787 2001/4566/4787
f 2311/4567/4788 2310/4568/4788 1956/3473/4788
f 1938/4569/4789 2658/4570/4789 2705/4571/4789
f 2002/3966/4790 2572/4572/4790 2248/4397/4790
f 2284/4573/4791 2033/3397/4791 2569/4574/4791
f 2109/4018/4792 2419/3893/4793 2062/4575/4794
f 2897/4576/4795 2510/4532/4795 2304/4052/4795
f 2100/4419/4796 2492/4554/4796 1901/4577/4796
f 2763/3422/4797 2898/4547/4797 2890/3423/4797
f 2048/3541/4798 2049/3974/4314 2464/3923/4313
f 2626/4578/4799 2209/4579/4799 2625/4580/4799
f 2934/3889/4800 2329/3904/4800 1969/4581/4800
f 3051/4582/4801 2981/4486/4801 2900/4583/4801
f 3039/4584/4802 3040/4585/4803 2903/4254/4804
f 2418/3892/4805 2211/3894/4805 2737/4227/4805
f 2130/3674/4166 2426/4446/4806 2085/3675/4167
f 1866/3582/4127 2578/3581/4126 2489/4279/4807
f 2629/3460/4808 2200/4535/4808 2731/4586/4808
f 2042/3526/4809 2895/4587/4809 2043/3527/4809
f 2071/4160/4435 2825/4588/4810 2741/4161/4436
f 1903/3769/4811 2771/3981/4811 2230/4483/4811
f 2911/3446/4812 2898/4547/4812 1911/3447/4812
f 2096/3725/4813 2776/3471/4814 2095/3726/4815
f 2096/3725/4813 2428/3469/4816 2776/3471/4814
f 2329/4589/4817 2782/4590/4817 2819/4415/4817
f 2717/4591/4818 1948/3461/4290 2653/3690/4819
f 2385/4258/4820 2343/3450/4820 2384/3449/4820
f 2788/4063/4821 2733/4143/4821 2046/3915/4821
f 2240/3687/4822 2897/4592/4822 2304/3688/4822
f 2935/4593/4823 2170/3993/4823 2271/4594/4823
f 2661/4595/4824 1879/3426/4824 2060/3594/4824
f 2536/4596/4825 2003/3692/4825 1885/3691/4825
f 2367/4541/4826 2368/4597/4826 2024/3918/4826
f 2927/3481/4827 2170/4598/4827 2906/4599/4827
f 2884/4538/4828 2906/4599/4828 2935/4600/4828
f 2884/4538/4829 2927/3481/4829 2906/4599/4829
f 1873/4152/4830 2927/4601/4830 2884/4321/4830
f 2572/4188/4831 2002/4602/4831 2348/4187/4831
f 3024/4138/4832 2376/4137/4832 3095/4603/4832 3112/4604/4832
f 2649/4223/4833 2921/4249/4833 2499/3618/4833
f 2640/4605/4834 2222/3632/4834 2689/3533/4834
f 2815/4224/4835 2193/4606/4835 2734/3752/4835
f 2505/4049/4836 2504/3553/4836 2680/4053/4836
f 2248/4397/4837 2249/3897/4837 2298/3858/4837
f 3036/3608/4838 2060/3594/4838 3037/3609/4838
f 1968/4607/4839 2206/3508/4839 2663/4608/4839
f 2697/4094/4840 2261/3434/4840 2707/3415/4840
f 2863/4609/4841 1941/4610/4841 2268/4611/4841
f 2004/4082/4842 2632/3703/4842 2631/3705/4842
f 2068/4247/4843 2263/3643/4843 2264/4612/4843
f 2163/3898/4844 3041/4613/4844 3032/4614/4844 2642/3899/4844
f 2472/4615/4845 1886/4616/4846 1942/4617/4845
f 1931/4618/4847 2764/4619/4847 1865/4620/4847
f 2036/3829/4848 2861/4358/4848 1857/4091/4848
f 1936/4365/4849 2503/4621/4849 2163/3898/4849
f 2840/3445/4850 2458/3444/4850 2459/4622/4850
f 1937/3926/4851 2439/3924/4851 2223/3646/4851
f 2312/4305/4852 2313/4623/4852 2590/4306/4852
f 1986/4283/4853 1900/3421/4853 2541/4624/4853
f 2164/4089/4854 1986/4625/4854 2541/4626/4854
f 2984/4627/4855 2882/3791/4856 1920/4628/4856 2974/4629/4855
f 1858/4372/4857 1877/4630/4857 2394/4631/4857
f 2506/4022/4858 2785/3743/4858 3072/4632/4858 3076/4633/4858
f 2776/3471/4859 2192/3470/4859 1895/4430/4859
f 2421/3414/4860 2674/3413/4860 1924/3861/4860
f 2988/4634/4861 3079/4635/4861 2870/4636/4861
f 2675/4454/4862 2154/4192/4862 2576/4455/4862
f 2390/4637/4863 2169/3672/4863 2441/3613/4863
f 1900/3421/4864 2890/3423/4864 2478/4638/4864
f 2490/4010/4865 2608/4182/4865 2475/4184/4865
f 2540/4371/4866 2221/3631/4866 2222/3632/4866
f 2856/4244/4867 1907/4246/4867 2842/4639/4867
f 2187/4117/4868 2552/3823/4868 1944/4640/4868
f 2435/4641/4869 2275/4642/4869 2274/4551/4869
f 2452/3671/4870 2127/3673/4870 2595/4643/4870
f 3071/3605/4871 2525/3604/4871 3074/4104/4871
f 2337/4413/4872 2336/3655/4872 2115/4040/4872
f 1947/3830/4873 1982/4549/4873 2673/4644/4873
f 2821/4645/4874 2214/4646/4874 2057/4647/4874
f 2061/3596/4875 2469/4648/4875 1922/3840/4875
f 2958/4649/4876 2959/3697/4876 2912/4650/4876
f 3008/4651/4877 2958/4649/4877 2912/4650/4877
f 2775/3641/4878 2687/3454/4878 2166/4262/4878
f 2970/4652/4879 2979/4653/4879 2124/4654/4880
f 1858/4372/4881 2584/4655/4881 1956/4656/4881
f 1975/3510/4882 2754/4511/4882 2538/4657/4882
f 2527/4366/4883 2227/3732/4883 2029/3731/4883
f 2715/4658/4884 2366/3975/4884 2424/3977/4884
f 2715/4659/4885 2258/3833/4885 2366/3929/4885
f 2468/4444/4886 2221/3631/4887 1998/3757/4888
f 1970/3507/4889 2180/3506/4889 1971/3509/4889
f 2257/3832/4890 2301/4660/4890 2638/3405/4890
f 1955/4661/4891 1957/3848/4891 2287/4132/4891
f 2279/3783/4892 2277/4662/4892 2276/4086/4892
f 2583/4374/4893 2086/3741/4894 2025/3678/4895
f 2606/3575/4896 2074/3515/4896 2466/3442/4896
f 1904/4133/4897 2922/4379/4897 2358/4378/4897
f 2957/4663/4898 2519/4664/4898 2188/3824/4898 3041/4613/4898
f 2318/4665/4899 2612/4666/4899 2055/4667/4899
f 3029/4668/4900 2255/4245/4900 3000/4392/4900
f 2951/4669/4901 2566/4131/4901 2987/4670/4901
f 2487/4671/4902 2495/4307/4902 2486/4005/4902
f 2870/4636/4903 3079/4635/4903 3033/4672/4903 2766/4673/4903
f 2217/4674/4904 2307/4675/4904 2715/4658/4904
f 2217/3881/4905 2373/4338/4905 2611/3777/4905
f 2754/3998/4906 2245/4676/4906 2483/3999/4906
f 1984/4408/4907 1911/3447/4907 2763/3422/4907
f 2221/3631/4908 2064/4443/4908 2617/3388/4908
f 2718/3679/4909 2125/4123/4909 2555/3500/4909
f 1917/4162/4910 2741/4161/4910 2607/3452/4910
f 2175/3826/4911 2952/4139/4911 2953/4677/4911
f 2889/4678/4912 2445/4679/4912 3061/4680/4912 2949/4681/4912
f 2773/3758/4913 2092/4682/4913 2774/3756/4913
f 2787/4074/4914 1979/4683/4914 2833/4072/4914
f 2834/4437/4915 2833/4436/4915 1979/4684/4915
f 1942/3818/4916 1869/4685/4916 2806/3819/4916
f 2012/3465/4917 2779/3464/4918 2311/4686/4919
f 1868/4687/4920 2090/4688/4920 2003/4689/4920
f 2693/4241/4921 2008/4690/4921 2339/3754/4921
f 2393/3466/4922 1910/4395/4923 2814/4281/4924
f 2617/3388/4925 2675/4454/4925 2438/3621/4925
f 2430/3853/4926 2158/3592/4926 2914/3591/4926
f 1946/3483/4927 1945/3482/4927 2915/4691/4927
f 2364/3427/4928 2889/4678/4928 2976/4692/4928 3017/4693/4928
f 2706/4694/4929 2052/4695/4929 1960/4696/4929
f 2055/4697/4930 1976/3511/4930 2529/4698/4930
f 1972/3794/4931 2839/4699/4931 2712/3795/4931
f 2348/4187/4932 2091/4180/4932 2571/3409/4932
f 2630/3869/4933 2350/4288/4934 2090/4688/4935
f 2611/3777/4936 2128/3779/4936 2612/4185/4936
f 2032/4700/4937 2867/4701/4937 2278/4702/4937
f 1863/3736/4938 1969/4581/4938 2622/3734/4938
f 2970/4652/4879 2146/4113/4939 2979/4653/4879
f 2538/4657/4940 2485/4703/4940 1975/3510/4940
f 2368/4597/4941 2186/4465/4941 2185/4704/4941
f 2326/3891/4942 2066/3900/4942 2826/3431/4942
f 2038/3630/4943 2037/3610/4943 3037/3609/4943 3057/3627/4943
f 2155/4705/4944 2133/4706/4945 2132/4707/4946
f 2951/4669/4947 2987/4670/4947 2603/4708/4947
f 2690/4502/4948 2446/3677/4948 2359/4221/4948
f 2991/3628/4949 2420/3841/4949 3026/4709/4949
f 2468/4444/4886 1998/3757/4888 2410/4488/4950
f 2120/4710/4951 2274/4551/4951 2765/4711/4951
f 2343/3450/4952 2344/3666/4952 2854/3584/4952
f 1892/4426/4953 2442/3514/4953 2836/4427/4953
f 2045/4712/4954 2561/4112/4954 2252/4713/4954
f 2359/4221/4489 2039/4220/4488 1865/4620/4955
f 2762/4484/4956 2185/4704/4956 3001/4714/4956 3020/4715/4956
f 2058/4388/4957 2852/4716/4957 2051/4717/4957
f 2184/4718/4958 2277/4662/4958 2279/3783/4958
f 1867/3583/4959 2102/4272/4959 2578/3581/4959
f 2600/4172/4960 2333/3888/4960 1961/4719/4960
f 2078/4720/4961 2491/4166/4440 2079/4168/4442
f 2268/4611/4962 2694/3707/4962 2634/4721/4962
f 2351/4722/4963 2020/4401/4963 1922/3840/4963
f 1922/3840/4964 2469/4648/4964 2471/4723/4964
f 2056/3593/4965 2158/3592/4965 2768/4343/4965
f 2031/4724/4966 2864/4725/4966 3022/4726/4966 2942/4727/4966
f 3071/3605/4967 3074/4104/4967 2550/4728/4967
f 2186/4465/4968 2347/4204/4969 2593/3753/4970
f 2828/4729/4971 1914/4730/4971 2227/3732/4971
f 2531/4731/4972 2813/4416/4972 2142/4394/4972
f 2184/4718/4973 2278/4732/4973 2867/4733/4973
f 1891/4240/4974 2837/4734/4974 2693/4241/4974
f 2140/4735/4975 2474/4736/4975 2644/4737/4975
f 1883/4738/4976 2527/4366/4976 2029/3731/4976
f 2706/4739/4977 2213/3948/4977 2851/3950/4977
f 2980/4740/4978 1870/4741/4978 2112/4524/4978 2989/4523/4978
f 2228/3927/4979 2712/3795/4979 2839/4699/4979
f 2022/4381/4980 2198/4056/4980 2197/4058/4980
f 2487/4671/4981 2486/4005/4981 2581/4004/4981
f 2844/4157/4982 2024/3918/4982 2762/4484/4982
f 2879/4023/4983 2698/4526/4983 2500/4024/4983
f 1860/3647/4984 2924/4543/4984 2615/4742/4984
f 2064/4443/4985 2512/3916/4985 2617/3388/4985
f 2582/4743/4986 1932/4744/4986 2070/4745/4986
f 2452/3671/4987 2168/3983/4987 2169/3672/4987
f 2573/3429/4988 2691/3428/4988 2818/4432/4988
f 2949/4681/4989 2976/4692/4989 2889/4678/4989
f 2753/4461/4990 2160/3713/4990 2489/4279/4990
f 2388/4746/4991 1869/4685/4992 2065/4747/4993
f 2349/3534/4994 2551/3640/4994 2215/3770/4994
f 2481/4748/4995 2388/4746/4991 2065/4747/4993
f 3068/3538/4996 2766/3537/4996 3033/4749/4996
f 1858/4372/4997 2394/4631/4997 2710/4373/4997
f 2862/3854/4998 2431/4499/4725 2164/4089/4999
f 2176/4750/5000 2487/4671/5000 2581/4004/5000
f 2487/4751/5001 2176/4752/5001 2076/4073/5001
f 2294/3855/5002 1919/3403/5002 2165/4211/5002
f 2382/4317/4558 2726/4076/5003 2919/4077/4559
f 2402/4045/5004 2400/4351/5004 2051/4121/5004
f 2911/3446/5005 2193/4753/5005 2898/4547/5005
f 3046/4754/5006 3077/4755/5006 2244/4756/5006
f 2828/4729/5007 2227/3732/5007 2642/3899/5007
f 2599/3529/5008 2880/3939/5008 2282/3530/5008
f 2560/4757/5009 2107/4758/5009 2105/4759/5009
f 2528/4084/5010 2902/4332/5010 2455/4760/5010
f 2404/4761/5011 2405/3715/5011 2720/4762/5011
f 2149/4498/5012 2591/4763/5013 1981/4170/5014
f 2591/4763/5013 1943/4764/5015 1981/4170/5014
f 2628/4250/5016 2012/3465/5016 2178/3747/5016
f 2394/3651/5017 1877/4765/5017 2316/3649/5017
f 2206/3508/5018 1968/4607/5018 1970/3507/5018
f 2393/3466/5019 2827/3468/5019 1851/3988/5019
f 2951/4669/5020 2603/4708/5020 2967/4766/5020
f 1859/4200/5021 2603/4708/5021 2772/4350/5021
f 2915/4318/5022 2877/4320/5022 2300/3863/5022
f 2877/4320/5023 2752/3862/5023 2300/3863/5023
f 1924/3861/5024 2511/3751/5024 2421/3414/5024
f 2205/3946/5025 2204/4767/5025 2586/3947/5025
f 1958/3849/5026 2618/3472/5026 2159/3850/5026
f 2424/4768/5027 2423/4423/5027 2372/4769/5027
f 2708/3622/5028 2596/3774/5028 2267/4108/5028
f 2647/4267/5029 2947/4274/5029 2998/4770/5029
f 2783/4771/5030 2212/4067/5030 2028/3570/5030
f 2722/3996/5031 2616/4302/5031 2171/4772/5031
f 2802/4495/5032 2722/3996/5032 2171/4772/5032
f 2503/4621/5033 1936/4365/5034 2997/4773/5035 3063/4774/5033
f 1936/4365/5036 2163/3898/5036 2527/4366/5036
f 2004/4082/5037 2631/3705/5037 2676/4775/5037
f 2850/4776/5038 2535/4777/5038 2000/4478/5038
f 2619/4489/5039 2662/4778/5039 2432/4490/5039
f 1899/4092/5040 2338/3970/5040 2872/4304/5040
f 2793/3701/5041 1908/4260/5042 2592/3702/5043
f 2497/4375/5044 2025/3678/5044 2690/4502/5044
f 1990/4404/5045 2720/4762/5046 2353/4779/5047
f 2386/4780/5048 2764/4619/5048 1931/4618/5048
f 2836/4427/5049 2442/3514/5050 2893/3516/5051
f 3065/4536/5052 2984/4627/5052 2828/4729/5052
f 2125/4123/5053 1964/4122/5054 2554/4199/5055
f 2696/4095/5056 2707/3415/5056 1872/3943/5056
f 2678/3411/5057 2739/4009/5057 2249/4781/5057
f 2950/4782/5058 3053/4783/5058 2797/4784/5058
f 3054/3523/5059 2562/4496/5059 2797/4784/5059 3053/4783/5059
f 2982/4785/5060 2683/4346/5060 2945/4458/5060
f 2991/3628/5061 3026/4709/5061 2379/3629/5061
f 2717/4591/5062 2517/4786/5062 2147/4280/5062
f 2575/4348/5063 2209/4135/5063 3088/4787/5063 3101/4788/5063
f 2863/4609/5064 2825/4588/5064 2682/3942/5064
f 2325/4050/5065 2709/3730/5065 1929/3729/5065
f 2993/4789/5066 2964/4790/5066 2104/4491/5066
f 2433/4429/4652 1997/3535/5067 1903/3769/4653
f 1997/3535/5068 2215/3770/5068 1903/3769/5068
f 2447/4791/5069 2449/4792/5069 2547/4793/5069
f 2497/4375/5070 2583/4374/5070 2025/3678/5070
f 2563/4794/5071 2316/4795/5072 2901/4796/5073
f 2633/4797/5074 2067/4798/5074 2865/4799/5074
f 2781/3498/5075 2791/3497/5075 2283/4181/5075
f 2699/4124/5076 2125/4123/5076 2718/3679/5076
f 2000/4478/5077 2911/3446/5077 2286/3448/5077
f 2707/3415/5078 2586/3947/5078 2589/3416/5078
f 1926/4420/5079 2201/4399/5079 2200/4398/5079
f 2515/3580/5080 2742/3443/5080 2041/4800/5080
f 1943/4764/5081 2522/4169/5081 1981/4170/5081
f 3017/4693/5082 2392/3959/5082 3016/3958/5082
f 2904/3633/5083 2815/4224/5083 2297/4510/5083
f 2790/3765/5084 2015/3815/5084 2767/3766/5084
f 2382/4317/5085 2383/4078/5085 2726/4076/5085
f 1899/4092/5086 1878/4357/5086 2338/3970/5087
f 2145/3578/5088 2502/4070/5088 3045/4069/5088 3027/4801/5088
f 2509/3398/5089 2284/4573/5089 2032/3782/5089
f 2655/3513/5090 2476/3857/5090 2722/3996/5090
f 2787/4802/5091 2533/3480/5091 2601/3611/5091
f 2019/3556/5092 2161/3555/5092 2518/4803/5092
f 2154/4192/5093 2415/4514/5093 2576/4455/5093
f 2511/3751/5094 2194/3750/5094 2920/3973/5094
f 2262/4130/5095 2855/4804/5095 2604/4805/5095
f 2451/4806/5096 2046/3915/5096 2156/4807/5096
f 1932/4744/5097 2238/4808/5097 2784/3800/5097
f 2664/4383/5098 2332/4326/5098 2018/3933/5098
f 2666/3456/4075 2565/4809/5099 1951/3389/4076
f 2269/3430/5100 2270/4810/5100 2826/3431/5100
f 1933/4148/5101 2462/4474/5101 2237/3801/5101
f 2537/3524/5102 2031/4811/5102 2942/4812/5102 2966/4813/5102
f 3068/3538/5103 3033/4749/5103 2808/4814/5103
f 2795/3813/5104 2241/4815/5104 2396/4816/5104
f 2966/4813/5105 3003/3525/5105 2537/3524/5105
f 2646/4222/5106 2297/4510/5106 2734/3752/5106
f 2321/4817/5107 2838/4818/5107 2315/3887/5107
f 2310/4819/5108 2779/3464/5108 2728/4820/5108
f 2663/4608/5109 2206/3508/5109 2027/4821/5109
f 2656/3521/5110 2777/4313/5110 2664/4383/5110
f 2695/3723/5111 2512/3916/5111 2332/4326/5111
f 2814/4281/5112 2143/4370/5112 2716/3934/5112
f 2641/4822/5113 2314/3886/5113 2925/3885/5113
f 2314/3886/5114 2529/4823/5114 2321/4817/5114
f 2431/4499/4725 2862/3854/4998 1912/3980/4726
f 2485/4000/5115 2538/4824/5115 2754/3998/5115
f 2716/3934/5116 2457/3462/5116 1948/3461/5116
f 2341/4825/5117 2665/4476/5117 2234/4826/5117
f 2250/3418/5118 2686/4266/5118 2580/4562/5118
f 1888/4827/5119 2475/4184/5119 2013/4183/5119
f 2223/3646/5120 1980/4382/5120 2361/3925/5120
f 1933/4148/5121 2875/4828/5121 2417/4149/5121
f 2863/4609/5122 2268/4611/5122 2825/4588/5122
f 2875/4828/5123 2077/4289/5123 2416/4829/5123
f 2077/4289/4541 2875/4828/5124 2078/4290/4542
f 1870/4741/5125 2013/4183/5125 2112/4524/5125
f 2003/3692/5126 2352/4081/5126 2567/3971/5126
f 2348/4187/5127 2879/4023/5127 2091/4180/5127
f 2225/3543/5128 2895/4830/5128 2042/3544/5128
f 2551/3640/5129 1896/4275/5129 2437/3768/5129
f 2372/4831/5130 2909/4832/5130 2373/4833/5130
f 2954/3806/5131 3005/3968/5131 2369/3807/5131
f 2713/4834/5132 2714/4835/5132 2931/4352/5132
f 3054/3523/5133 3053/4783/5133 2740/4836/5133 2537/3524/5133
f 2371/4533/5134 2673/4644/5134 2331/4033/5134
f 1925/4445/5135 2731/4400/5135 2201/4399/5135
f 1993/3922/5136 1895/4430/5136 2182/4837/5136
f 1866/3582/5137 2489/4279/5137 2701/4278/5137
f 1901/4577/5138 2354/3478/5138 2035/4233/5138
f 1896/4275/5139 1866/3582/5139 2771/3981/5139
f 2811/4838/5140 2812/3653/5140 2117/3652/5140
f 2280/4061/5141 2451/4806/5141 2467/4839/5141
f 2590/4306/5142 2313/4623/5142 2824/4840/5142
f 2085/3675/5143 2462/4474/5143 2463/3676/5143
f 2644/4841/5144 2355/4515/5144 2724/4517/5144
f 2577/4268/5145 2439/4270/5145 1937/4459/5145
f 1907/3796/5146 2712/3795/5146 2842/4842/5146
f 2020/4401/5147 2420/3841/5147 1922/3840/5147
f 2752/3862/5148 2798/3860/5148 2674/3413/5148
f 2171/4772/5149 2349/3534/5149 2210/4843/5149
f 2245/4844/5150 2246/4508/5150 2082/4507/5150
f 2490/4010/5151 1887/3410/5152 2608/4182/5153
f 3008/4651/5154 3023/4845/5154 2864/4725/5154 2857/3698/5154
f 2755/3512/5155 2684/4846/5155 2907/4847/5155
f 2923/4418/5156 2101/4553/5156 2100/4419/5156
f 2454/4848/5157 2455/4760/5157 2812/3653/5157
f 2508/3839/5158 2830/3838/5158 2411/3913/5158
f 2186/4465/5159 3007/4464/5159 2936/4849/5159 2185/4704/5159
f 2958/4649/5160 2857/3698/5160 2959/3697/5160
f 2713/4850/5161 2931/4851/5161 2365/4422/5161
f 2356/4038/5162 2473/4218/5162 2305/4852/5162
f 2807/4853/5163 2916/4854/5163 2356/4038/5163
f 2989/4523/5164 3019/4525/5164 2630/3869/5164 2090/4688/5164
f 2489/4279/5165 1937/4459/5165 2753/4461/5165
f 2140/4196/5166 2624/3545/5166 2240/3681/5166
f 2196/3722/5167 1952/4327/5167 2695/3723/5167
f 1948/3461/4290 2717/4591/4818 1876/3935/4291
f 1953/4295/5168 2720/4297/5168 1989/4855/5168
f 2037/3610/5169 2621/4457/5169 2968/4856/5169 2986/4462/5169
f 2247/3995/5170 2637/4530/5170 1897/4301/5170
f 2613/3720/5171 2892/3517/5171 2881/4059/5171
f 2377/4519/5172 2024/3918/4276 2047/3917/4275
f 2085/3675/5173 2426/4446/5173 2216/4190/5173
f 2623/4194/5174 2622/3734/5174 1969/4581/5174
f 2097/4265/5175 2295/4336/5175 2294/3855/5175
f 2618/3472/5176 2585/3474/5176 2172/4857/5176
f 2009/3492/5177 2172/3491/5177 2173/4563/5177
f 1880/4088/5178 2862/3854/5178 2164/4089/5178
f 2159/3850/5179 2618/3472/5179 2172/4857/5179
f 1851/3988/5180 2531/4731/5180 2142/4394/5180
f 2371/4533/5181 2200/4535/5181 2629/3460/5181
f 2817/4858/5182 2212/4067/5182 2783/4771/5182
f 2199/4193/5183 2602/3735/5183 2622/3734/5183
f 2802/4495/5184 2210/4843/5184 1966/3503/5184
f 2802/4495/5185 2171/4772/5185 2210/4843/5185
f 2435/4859/5186 2274/4154/5186 2205/4153/5186
f 2423/4423/5187 2022/4381/5187 2372/4769/5187
f 1879/3426/5188 2661/4595/5188 2079/3424/5188
f 2250/3418/5189 2069/3420/5189 2932/4860/5189
f 2826/3431/5190 2479/4314/5190 2659/4520/5190
f 2237/3801/5191 2784/3800/5191 2238/4808/5191
f 2323/4286/5192 2711/4861/5192 2354/3478/5192
f 2478/4638/5193 2930/4862/5193 2101/4863/5193
f 2714/3504/4097 1966/3503/4096 2602/3735/5194
f 2355/3874/5195 2473/4218/5195 2356/4038/5195
f 2473/4218/5196 2355/3874/5196 2644/4219/5196
f 2742/3443/5197 2388/4746/5197 2481/4748/5197
f 2062/4575/5198 2419/3893/5198 2418/3892/5198
f 1898/3762/5199 2744/3764/5199 2891/4864/5199
f 2692/3419/4446 2329/3904/5200 2934/3889/4447
f 2191/4292/5201 2428/3469/5201 2096/3725/5201
f 2117/3652/5202 2917/3625/5202 2672/3624/5202
f 2731/4400/5203 1925/4445/5203 2043/3527/5203
f 2610/4235/5204 2231/3658/5204 2609/4865/5204
f 2768/4866/5205 1880/4867/5206 1954/4868/5207
f 1954/4868/5207 1880/4867/5206 2769/4869/5208
f 2783/4771/5209 2027/3569/5209 2819/4415/5209
f 2027/3569/5210 2783/4771/5210 2028/3570/5210
f 1853/3718/5211 2557/3787/5211 1995/3719/5211
f 2345/4870/5212 1990/4871/5212 2133/4872/5212
f 1955/3749/5213 2628/4250/5213 2178/3747/5213
f 2030/3572/5214 2835/4873/5214 2212/4874/5214
f 2816/4047/5215 1903/3769/5215 2230/4483/5215
f 1911/3447/5216 2898/4547/5216 2763/3422/5216
f 1959/4875/5217 2706/4739/5217 1960/3399/5217
f 2612/4666/5218 2318/4665/5218 2918/4876/5218
f 2758/3859/5219 2759/3896/5219 2905/4877/5219
f 2092/4682/5220 2633/4878/5220 2865/4879/5220
f 2900/4583/5221 1940/4164/5221 2079/3424/5221
f 2933/3612/5222 2080/3614/5222 2684/4880/5222
f 2083/4141/5223 2908/3985/5223 2579/4881/5223
f 2394/3651/5224 1895/4430/5225 1993/3922/5226
f 2044/4385/5227 2155/4705/5227 3084/4882/5227 2780/4386/5227
f 2517/4786/5228 2226/3689/5228 2876/3936/5228
f 2730/3463/5229 2728/4820/5229 2779/3464/5229
f 2100/4419/5230 2035/4233/5230 1902/4232/5230
f 2369/3807/5231 3005/3968/5231 3018/4883/5231 2422/4347/5231
f 2350/4288/4934 2869/4440/5232 2680/4053/5233
f 1914/4730/5234 2124/4884/5234 2536/3733/5234
f 2839/4699/5235 2087/4106/5235 1856/4885/5235
f 2099/3494/5236 2098/3635/5236 2902/4332/5236
f 2216/4190/5237 2353/4779/5237 2636/4189/5237
f 2592/3702/5238 2591/4763/5238 2149/4498/5238
f 2876/3936/5239 2073/3440/5239 2074/3515/5239
f 2524/3920/5240 2289/3851/5240 2724/4886/5240
f 2301/4887/5241 2257/4888/5241 2879/4889/5241
f 2702/4890/5242 2268/4611/5242 2634/4721/5242
f 2900/4583/5243 2804/4891/5243 2040/4892/5243
f 3069/3567/5244 3070/4539/5244 2829/3564/5244
f 2167/3902/5245 2870/4006/5245 2766/3903/5245
f 2900/4583/5246 2079/3424/5246 2661/4595/5246
f 2786/4363/5247 1979/4441/5247 2601/4364/5247
f 2028/3570/5248 2809/4064/5248 2663/3568/5248
f 2032/4700/5249 2284/4893/5249 2867/4701/5249
f 2350/4894/5250 2352/4081/5250 2003/3692/5250
f 2024/3918/5251 2368/4597/5251 2185/4704/5251
f 2607/3452/5252 1918/4895/5252 2494/3453/5252
f 2128/3779/5253 2129/3778/5253 2389/3954/5253
f 2389/4522/5254 2055/4667/5254 2128/4896/5254
f 1930/3919/5255 2049/3974/5255 2047/3917/5255
f 2180/3506/5256 2197/4058/5256 2657/4897/5256
f 1971/3509/5257 2180/3506/5257 2657/4897/5257
f 2118/4898/5258 2749/3546/5258 2290/3636/5258
f 2348/4187/5259 2698/4526/5259 2879/4023/5259
f 2224/4899/5260 2351/4900/5260 2471/4482/5260
f 2668/3717/5261 2250/3418/5261 2932/4860/5261
f 2430/3853/5262 2688/4098/5262 2157/4349/5262
f 2591/4763/5263 2681/4901/5263 1943/4764/5263
f 2461/3531/5264 2436/3693/5264 2567/3971/5264
f 2348/4187/5265 2672/3624/5265 2921/4249/5265
f 2396/4902/5266 2040/4892/5266 2397/4472/5266
f 2349/3534/5267 2215/3770/5267 1997/3535/5267
f 1991/3990/5268 1856/4885/5268 2878/4903/5268
f 2509/3398/5269 2033/3397/5269 2284/4573/5269
f 2191/4292/5270 2427/4293/5270 2428/3469/5270
f 2665/4904/5271 2341/4565/5271 2894/4564/5271
f 2491/4905/5272 1961/4719/5272 1854/4906/5272
f 2444/3797/5273 2443/4907/5274 2323/3573/5275
f 2440/3571/5276 2323/3573/5275 2443/4907/5274
f 2594/4534/5277 2183/4542/5277 2062/4908/5277
f 1884/3532/5278 2004/4082/5278 2676/4775/5278
f 2431/4499/5279 1985/4909/5279 2164/4089/5279
f 2513/3901/5280 2166/4262/5280 2167/3902/5280
f 2434/4487/5281 2605/4158/5281 2335/4039/5281
f 2757/3548/5282 1873/4152/5282 2627/3476/5282
f 1864/3710/5283 2544/3709/5283 2075/4391/5283
f 1999/3706/5284 2634/4721/5284 2694/3707/5284
f 1865/4620/5285 1905/3499/5285 1931/4618/5285
f 2395/3407/5286 2182/4837/5286 1895/4430/5286
f 2825/4588/4810 2702/4890/5287 2741/4161/4436
f 1889/3406/5288 1862/3711/5288 1864/3710/5288
f 2541/4624/5289 1900/3421/5289 2478/4638/5289
f 2626/4910/5290 1989/4855/5290 2345/4911/5290
f 2759/4912/5291 2739/4009/5291 2346/4008/5291
f 2107/4758/5292 2288/4913/5292 2568/4914/5292
f 2425/4915/5293 2705/4571/5293 2472/4916/5293
f 2471/4723/5294 2469/4648/5294 2470/3785/5294
f 2229/3595/5295 2470/3785/5295 2469/4648/5295
f 2789/4062/5296 1962/4144/5296 2788/4063/5296
f 2081/4521/5297 2684/4880/5297 2755/4917/5297
f 2414/4918/5298 3024/4138/5298 3112/4604/5298 3097/4919/5298
f 2601/4364/5299 1979/4441/5299 2787/4920/5299
f 3065/4536/5300 2882/3791/5300 2984/4627/5300
f 2647/4267/5301 2998/4770/5301 2997/4773/5035 1936/4365/5034
f 2390/4921/5302 2441/4922/5302 2933/4923/5302
f 2425/4924/5303 2472/4615/4845 1942/4617/4845
f 2830/3838/5304 2410/4488/5304 2411/3913/5304
f 2535/4777/5305 2193/4753/5305 2911/3446/5305
f 2576/4455/5306 2792/4513/5306 1890/4500/5306
f 2704/4925/5307 2449/4792/5307 2447/4791/5307
f 2690/4502/5308 2025/3678/5308 2446/3677/5308
f 2291/4271/5309 2282/4926/5309 2283/4927/5309
f 2875/4828/5310 2416/4829/5310 2417/4149/5310
f 2595/4643/5311 2127/3673/5311 2129/4340/5311
f 2233/4475/5312 2342/4928/5312 2234/4826/5312
f 2504/3553/5313 2525/3604/5313 2264/3607/5313
f 2658/4570/5314 2472/4916/5314 2705/4571/5314
f 2593/3753/5315 2888/3755/4688 2186/4465/4690
f 2449/4792/5316 2704/4925/5316 2514/4929/5316
f 2543/4930/5317 2583/4374/5317 2498/4376/5317
f 2253/4468/5318 2892/4931/5318 2763/3422/5318
f 2406/4299/5319 2560/4757/5319 2105/4759/5319
f 2322/4932/5320 2463/3676/5320 2868/4933/5320
f 1861/4467/5321 2056/3593/5321 1953/4295/5321
f 2349/3534/5322 2459/4622/5322 2551/3640/5322
f 2322/4932/5323 2868/4933/5323 2456/4934/5323
f 1960/3399/5324 2052/4303/5324 2033/3397/5324
f 1992/3969/5325 2654/4417/5325 2813/4416/5325
f 2855/4935/5326 2177/4936/5326 2604/4937/5326
f 2653/3690/5327 2226/3689/5327 2517/4786/5327
f 2326/3891/5328 2871/4316/5328 2633/4878/5328
f 2783/4771/5329 2819/4415/5329 2782/4590/5329
f 2578/3581/5330 2516/4555/5330 2577/4268/5330
f 2404/4761/5331 2768/4866/5331 2488/3716/5331
f 2485/4703/5332 2486/4938/5332 2484/4085/5332
f 2495/4939/5333 2838/4940/5333 2321/4941/5333
f 1901/4577/5334 2794/4942/5334 2088/4943/5334
f 2618/3472/5335 1958/3849/5335 2178/4944/5335
f 1854/4906/5336 2122/4410/5336 2123/4409/5336
f 2535/4945/5337 2808/3972/5337 2194/3750/5337
f 2435/4946/5338 2205/4947/5338 2121/4948/5338
f 2062/4575/5339 2200/4398/5339 2594/4949/5339
f 2109/4018/4792 2062/4575/4794 2387/4950/5340
f 2878/4903/5341 2530/4951/5342 2531/4731/5343
f 2280/4952/5344 2553/4953/5344 2281/4954/5344
f 2985/4955/5345 3020/4715/5345 2804/4891/5345
f 2575/4348/5346 2207/4956/5346 1904/4133/5346
f 2131/4447/5347 2155/4705/5347 2216/4190/5347
f 2155/4705/5348 2132/4707/5348 2216/4190/5348
f 2222/3632/5349 2640/4605/5349 2540/4371/5349
f 2711/4861/5350 2035/4233/5350 2354/3478/5350
f 2336/3655/5351 2275/3656/5351 2434/4487/5351
f 2510/4957/5352 2797/4958/5352 2138/4959/5352
f 1899/4092/5086 1857/4091/5353 1878/4357/5086
f 2597/4083/5354 2148/3642/5354 2725/3746/5354
f 2450/4960/5355 2509/4961/5355 2291/4962/5355
f 3038/4963/5356 2965/4964/5356 2853/4402/5356
f 2086/3741/5357 1964/4122/5357 2699/4124/5357
f 2765/3401/5358 2336/3655/5358 2864/3402/5358
f 2120/4710/5359 2493/4552/5359 2274/4551/5359
f 2282/3530/5360 2291/4965/5360 2509/3398/5360
f 2263/3643/5361 2504/4448/5361 2264/4612/5361
f 2584/4655/5362 1858/4372/5362 2565/4809/5362
f 2311/4567/5363 1956/3473/5363 2618/3472/5363
f 2515/3580/5364 2041/4800/5364 2620/4269/5364
f 2176/4750/5365 2581/4004/5365 2483/3999/5365
f 2835/4873/5366 2030/3572/5366 2440/3571/5366
f 2570/3989/5367 2839/4699/5367 1856/4885/5367
f 1916/4171/5368 2429/4497/5368 2427/4293/5368
f 2293/4017/5369 2820/4264/5369 2419/3893/5369
f 2184/4718/5370 2867/4733/5370 2568/4914/5370
f 2903/4254/4804 3040/4585/4803 3073/4966/5371 2243/4967/5371
f 2515/3580/5372 2516/4555/5372 2102/4272/5372
f 2450/3684/5373 2448/4230/5373 2509/3398/5373
f 2549/3802/5374 2295/4336/5374 1935/3803/5374
f 2243/4967/5375 3073/4966/5375 3046/4754/5375 2244/4756/5375
f 2827/3468/5376 2228/3927/5376 2839/4699/5376
f 2912/4650/5377 2887/3804/5377 2357/4037/5377
f 2758/3859/5378 2299/4968/5378 2637/4530/5378
f 2823/4197/4467 2548/3528/4466 1925/4445/5379
f 1945/3482/5380 2727/4969/5380 2915/4691/5380
f 2950/4782/5381 2740/4836/5381 3053/4783/5381
f 2124/4654/5382 2979/4653/5382 2980/4740/5382 1868/4687/5382
f 2708/3622/5383 2220/4456/5383 2596/3774/5383
f 2325/4050/5384 2461/3531/5384 2689/3533/5384
f 1974/4136/5385 1892/4426/5385 2712/3795/5385
f 2038/3630/5386 1916/4171/5386 2427/4293/5386
f 2332/4326/5387 2064/4443/5387 2063/4442/5387
f 2861/4358/5388 2391/4369/5388 2654/4417/5388
f 1896/4275/5389 1867/3583/5389 1866/3582/5389
f 2506/4022/5390 1964/4122/5390 2086/3741/5390
f 2877/4320/5391 2798/3860/5392 2752/3862/5393
f 2098/3635/5394 2798/3860/5392 2877/4320/5391
f 2748/3547/5395 2098/3635/5395 2877/4320/5395
f 2528/4084/5396 2455/4760/5396 2886/4970/5396
f 1897/4301/5397 2637/4530/5397 2806/3819/5397
f 2880/3939/5398 2277/4662/5398 2789/4062/5398
f 3019/4525/5399 3048/3867/5399 2630/3869/5399
f 2552/3823/5400 2045/4971/5400 2252/3793/5400
f 1895/4430/5401 2192/3470/5401 2719/3408/5401
f 2574/4407/5402 2286/3448/5402 1984/4408/5402
f 2557/3787/5403 2157/4349/5403 2859/4097/5403
f 1874/4150/5404 2877/4320/5404 2727/4319/5404
f 2727/4319/5405 1945/4151/5405 1874/4150/5405
f 1954/4868/5406 2686/4266/5406 2668/3717/5406
f 2614/4105/5407 2860/3435/5407 2093/3914/5407
f 1974/4136/5408 2517/4786/5408 1892/4426/5408
f 2582/4743/5409 2078/4290/5410 2875/4828/5411
f 2403/4972/5412 2051/4973/5412 2852/4974/5412
f 2107/4758/5413 2560/4757/5413 2288/4913/5413
f 3029/4668/5414 3000/4392/5414 2286/3448/5414
f 2056/4975/5415 2768/4866/5415 2404/4761/5415
f 2165/4211/5416 2558/4109/5416 2294/3855/5416
f 2261/3434/5417 2114/4209/5417 2707/3415/5417
f 2042/3544/5418 2901/4796/5419 2656/3521/5420
f 2660/4210/5421 2843/3577/5421 2144/3579/5421
f 2913/3852/5422 2118/4898/5422 2290/3636/5422
f 2493/4561/5423 2120/4214/5423 2740/4216/5423
f 2513/3901/5424 2766/3903/5424 2803/4976/5424
f 2561/4112/5425 2013/4183/5425 1870/4741/5425
f 2083/4141/5426 2579/4881/5426 2907/4977/5426
f 2684/3617/5427 2083/3616/5427 2907/4978/5427
f 2705/4979/5428 2425/3817/5428 2299/4968/5428
f 2456/4934/5429 2868/4933/5429 2751/4980/5429
f 2721/4129/5430 2273/4981/5430 2855/4804/5430
f 2812/3653/5431 2455/4760/5431 2651/3654/5431
f 2651/3654/5432 2455/4760/5432 2118/4898/5432
f 2045/4712/5433 1888/4827/5433 2561/4112/5433
f 2402/4045/5434 2051/4121/5434 2403/3721/5434
f 2148/3642/5435 2532/3644/5435 2725/3746/5435
f 2477/4982/5436 2067/4798/5436 2633/4797/5436
f 2407/4983/5437 2406/4299/5437 2399/4044/5437
f 2722/3996/5438 2802/4495/5438 2655/3513/5438
f 1979/4984/5439 2258/4985/5439 2307/4986/5439
f 2827/3468/5440 2570/3989/5440 1851/3988/5440
f 2615/4742/5441 2866/3788/5441 2743/4987/5441
f 3049/4163/5442 3056/4093/5442 2743/4987/5442
f 2629/3460/5443 2895/4830/5444 2225/3543/5445
f 3025/3598/5446 3078/4988/5446 2005/3842/5446
f 2536/3733/5447 1868/4989/5447 2003/4990/5447
f 2458/3444/5448 2551/3640/5448 2459/4622/5448
f 2717/4591/5449 2147/4280/5449 1876/3935/5449
f 2268/4611/5450 2152/4991/5451 2694/3707/5452
f 3029/4668/5453 3028/4992/5453 2542/4993/5454 2255/4245/5454
f 2629/3460/5443 2731/4586/5455 2895/4830/5444
f 2689/3533/5456 2222/3632/5456 2709/3730/5456
f 2706/4739/5457 2851/3950/5457 2650/4120/5457
f 2490/4010/5458 2739/4009/5458 1887/3410/5458
f 2678/3411/5459 1887/3410/5459 2739/4009/5459
f 2362/4251/5460 2105/4759/5460 2107/4758/5460
f 2386/4780/5461 2432/4490/5461 2662/4778/5461
f 2724/4886/5462 2874/3873/5462 2524/3920/5462
f 2081/4521/5463 2055/4667/5463 2389/4522/5463
f 2468/4444/5464 2410/4488/5464 2830/3838/5464
f 2722/3996/5465 2247/3995/5465 2616/4302/5465
f 2568/4914/5466 2106/4252/5466 2107/4758/5466
f 2226/3689/5467 2546/3520/5467 1894/3932/5467
f 1932/4744/5468 2875/4828/5468 1933/4148/5468
f 2539/4994/5469 1884/3532/5469 2676/4775/5469
f 2371/4533/5470 2629/3460/5470 2457/3462/5470
f 2815/4224/5471 2734/3752/5471 2297/4510/5471
f 2265/4142/5472 2846/3574/5472 1917/4162/5472
f 2392/3959/5473 2615/4742/5473 2743/4987/5473
f 1860/3647/5474 2615/4742/5474 2392/3959/5474
f 1862/3711/4184 2460/3737/5475 2544/3709/4182
f 3025/3598/5476 1999/3600/5476 3078/4988/5476
f 2007/4995/5477 2805/4996/5477 2502/4070/5477
f 2360/3562/5478 2928/4206/5479 2023/3563/5480
f 1959/4875/5481 2514/4997/5481 2704/4424/5481
f 2985/4955/5482 2762/4484/5482 3020/4715/5482
f 2175/3826/5483 2953/4677/5483 2937/3827/5483
f 2654/4417/5484 2338/3970/4589 2861/4358/4589
f 2369/3807/5485 2001/4566/5485 2204/3808/5485
f 2604/4937/5486 2177/4936/5486 2531/4731/5486
f 2085/3675/5487 2636/4189/5487 2237/3801/5487
f 1918/4895/5488 2381/4998/5488 2494/3453/5488
f 2383/4078/5489 2608/4182/5489 2014/4079/5489
f 2974/4629/5490 1920/4628/5490 2146/4999/5490 2970/5000/5490
f 3044/5001/5491 2940/5002/5491 2831/4329/5491 2523/4328/5491
f 3043/5003/5492 3044/5001/5492 2523/4328/5492
f 2133/4706/5493 1990/4404/5493 2132/4707/5493
f 2758/3859/5494 2905/4877/5494 2299/4968/5494
f 2114/4209/5495 2261/3434/5495 2260/3433/5495
f 2675/4454/5496 2617/3388/5496 2760/3390/5496
f 1879/3426/5497 2229/3595/5497 2060/3594/5497
f 2141/3951/4496 2111/3953/5498 2113/4226/4497
f 2062/4575/5499 2183/3952/5499 2387/4950/5499
f 2693/4241/5500 2339/3754/5500 2347/4204/5500
f 2949/4681/5501 2929/3997/5501 2976/4692/5501
f 2328/3938/5502 2006/4559/5502 2843/3577/5502
f 2539/4994/5503 2640/4605/5503 1884/3532/5503
f 2287/5004/5504 2288/4913/5504 2560/4757/5504
f 2130/3674/5505 2131/4447/5505 2426/4446/5505
f 2524/3920/5506 2913/3852/5506 2289/3851/5506
f 2498/3931/5507 2075/4391/5507 2544/3709/5507
f 2340/4207/5508 2189/3742/5508 1928/3978/5508
f 2909/4832/5509 2320/5005/5509 2373/4833/5509
f 2465/3477/5510 2627/3476/5510 1873/4152/5510
f 2606/3575/5511 2466/3442/5511 2072/3576/5511
f 2568/4914/5512 2569/4574/5512 2106/4252/5512
f 2767/3766/5513 2628/4250/5513 1955/3749/5513
f 2610/4315/5514 2477/5006/5514 2871/4316/5514
f 2719/3408/5515 2190/3937/5515 1862/3711/5515
f 2031/3400/5516 2537/5007/5516 2765/3401/5516
f 3023/4845/5517 3022/4726/5517 2864/4725/5517
f 2502/4070/5518 2805/4996/5518 3038/4963/5518 3066/5008/5518
f 2342/4257/5519 2384/3449/5519 2341/5009/5519
f 2356/4038/5520 2305/4852/5520 2807/4853/5520
f 2296/4046/5521 2664/4383/5521 2016/4312/5521
f 2789/4062/5522 2277/4662/5522 1962/4144/5522
f 2119/4560/5523 2740/4216/5523 2950/5010/5523 2948/5011/5523
f 2292/5012/5524 2910/3870/5524 2772/4350/5524
f 1871/3417/5525 2829/5013/5525 2885/4256/5525
f 2889/4678/5526 2364/3427/5526 1856/3660/5526
f 2373/4833/5527 2217/4674/5527 2424/3977/5527
f 2344/5014/5528 2343/5015/5528 2385/5016/5528
f 2924/4543/5529 2557/3787/5530 2556/3786/5531
f 2413/4146/5532 2526/5017/5532 1864/3710/5532
f 2076/5018/5533 2746/5019/5533 2533/5020/5533
f 2746/5021/5534 2076/5022/5534 1967/5023/5534
f 2110/4203/5535 2183/3952/5535 2141/3951/5535
f 2312/4305/5536 2495/4307/5536 2487/4671/5536
f 2220/4456/5537 2576/4455/5537 1890/4500/5537
f 2182/4837/5538 2395/3407/5538 2526/5017/5538
f 2245/5024/5539 2907/4847/5539 2246/5025/5539
f 2755/3512/5540 2907/4847/5540 2245/5024/5540
f 2122/4410/5541 2409/3911/5541 2816/4047/5541
f 2230/4483/5542 2771/3981/5542 2224/4899/5542
f 2973/3393/5543 1980/4382/5543 3075/5026/5543
f 1871/3417/5544 2683/5027/5544 2829/5013/5544
f 2890/3423/5545 2815/4548/5546 2930/4862/5547
f 2656/3521/5420 2901/4796/5419 2310/3665/5548
f 2757/3548/5549 1874/4150/5549 1873/4152/5549
f 2367/4541/5550 2377/4519/5550 2208/4228/5550
f 2381/5028/5551 2939/4449/5551 2992/5029/5551
f 2818/4432/5552 2604/4805/5553 2531/4433/5554
f 2211/3894/5555 2700/5030/5555 1891/4240/5555
f 2875/4828/5411 1932/4744/5556 2582/4743/5409
f 2211/3894/5557 1891/4240/5557 2737/4227/5557
f 2497/4147/5558 2075/4391/5558 2498/3931/5558
f 2406/5031/5559 2150/5032/5559 2399/5033/5559
f 2948/5034/5560 2137/3682/5560 2239/3809/5560 3035/4451/5560
f 3035/4451/5561 2239/3809/5561 3055/3928/5561
f 2508/3839/5562 2845/3912/5562 2072/3576/5562
f 2566/4131/5563 2975/5035/5563 2961/5036/5563 1855/5037/5563
f 1865/4620/5564 2039/4220/5564 2735/4335/5564
f 2760/3390/5565 2154/4192/5565 2675/4454/5565
f 2852/5038/5566 2195/5039/5566 2196/3722/5566
f 2657/5040/5567 2206/5041/5567 1971/5042/5567
f 2330/4414/5568 2206/5041/5568 2657/5040/5568
f 2322/4932/5569 2456/4934/5569 3098/5043/5569 3092/5044/5569
f 2990/4463/5570 2888/3755/5570 2946/4036/5570
f 2471/4723/5571 2351/4722/5571 1922/3840/5571
f 2886/4970/5572 2455/4760/5572 2454/4848/5572
f 2477/4982/5573 2633/4797/5573 2871/5045/5573
f 2787/4802/5574 2076/5046/5574 2533/3480/5574
f 1962/4144/5575 2277/4662/5575 2233/5047/5575
f 2161/3555/5576 2160/5048/5576 2408/5049/5576
f 2185/4704/5577 2936/4849/5577 3030/4470/5577
f 2463/3676/5578 2242/3812/5578 2868/4933/5578
f 1923/4509/5579 2646/4222/5579 2798/3860/5579
f 2442/3514/5580 2517/4786/5580 2876/3936/5580
f 2641/4822/5581 2529/4823/5581 2314/3886/5581
f 2767/4300/5582 2406/4299/5582 2407/4983/5582
f 1936/4365/5583 2554/4199/5583 2647/4267/5583
f 2367/4541/5584 2186/4465/5584 2368/4597/5584
f 2690/4145/4426 2792/5050/5585 2413/4146/4427
f 1970/5051/5586 2320/5005/5586 2909/4832/5586
f 1962/3459/5587 2233/4475/5587 2732/3457/5587
f 2700/5030/5588 2837/4734/5588 1891/4240/5588
f 2461/3531/5589 2567/3971/5590 1884/3532/5591
f 1912/3980/5592 2430/3853/5592 2157/4349/5592
f 2289/3851/5593 2134/3637/5593 2724/4886/5593
f 2041/3394/5594 2770/3700/5594 2750/3395/5594
f 2156/4807/5595 2046/3915/5595 1952/4327/5595
f 2771/3981/5596 1866/3582/5596 2224/4899/5596
f 2632/4054/5597 2680/4053/5597 2504/3553/5597
f 3075/5026/5598 3072/4632/5598 2785/3743/5598 1963/3391/5598
f 2243/4967/5599 2244/4756/5599 2694/5052/5599
f 2665/4476/5600 2564/3458/5600 2732/3457/5600
f 2790/5053/5601 2407/4983/5601 2399/4044/5601
f 2054/3588/5602 2918/4876/5602 2318/4665/5602
f 2895/4830/5603 2731/4586/5603 2043/5054/5603
f 1897/4301/5604 2388/4746/5604 2742/3443/5604
f 2696/4095/5605 2825/4588/5605 2071/4160/5605
f 2496/3964/4303 2002/3966/4305 2248/4397/5606
f 2844/4157/5607 2621/4457/5607 2049/3974/5607
f 1986/4283/5608 2763/3422/5608 1900/3421/5608
f 2784/3800/5609 2070/4745/5609 1932/4744/5609
f 2217/3881/5610 2918/4186/5610 2308/3879/5610
f 2351/4722/5611 2019/3556/5611 2020/4401/5611
f 2769/4869/5612 2541/5055/5612 2686/4266/5612
f 2686/4266/5613 2541/5055/5613 2251/5056/5613
f 2478/4638/5614 2923/5057/5614 2541/4624/5614
f 2941/3552/5615 3006/3554/5615 2520/3856/5615
f 2977/3810/5616 3062/3811/5616 2520/3856/5616
f 1878/4357/5617 1857/4091/5617 2861/4358/5617
f 2072/3576/5618 2845/3912/5618 2071/4160/5618
f 2106/4252/5619 2362/4251/5619 2107/4758/5619
f 2840/3445/5620 1897/4301/5620 2742/3443/5620
f 2262/4130/5621 2721/4129/5621 2855/4804/5621
f 2022/4381/5622 2423/4423/5622 2198/4056/5622
f 2736/3837/5623 2063/4442/5623 2468/4444/5623
f 2036/3829/5624 2716/3934/5624 2143/4370/5624
f 2624/3545/5625 2011/3475/5625 2239/3809/5625
f 1854/4906/5626 1961/4719/5626 2122/4410/5626
f 2219/4473/5627 2635/4205/5628 2380/3763/5629
f 2823/4197/5630 2377/4519/5630 2047/3917/5630
f 2069/3420/5631 2070/4745/5631 2932/4860/5631
f 1855/5037/5632 2721/4129/5632 2566/4131/5632
f 1869/4685/5633 1942/3818/5633 1908/5058/5633
f 2370/3831/5634 2673/4644/5634 2371/4533/5634
f 2799/3549/5635 2507/4362/5635 2067/5059/5635
f 2131/5060/5636 2130/5061/5636 2322/5062/5636
f 2363/4452/5637 2362/4251/5637 2896/4119/5637
f 2898/4547/5638 2193/4753/5638 2815/4548/5638
f 2569/4574/5639 2033/3397/5639 2106/4252/5639
f 2483/3999/5640 2581/4004/5640 2485/4000/5640
f 2309/3589/5641 2641/4213/5641 2306/5063/5641
f 2668/3717/5642 2932/4860/5642 2784/3800/5642
f 2184/4718/5643 2568/4914/5643 2344/5014/5643
f 2405/3715/5644 2237/3801/5644 2636/4189/5644
f 2826/3431/5645 2270/4810/5645 2479/4314/5645
f 2326/3891/5646 2092/4682/5646 2773/3758/5646
f 2482/4014/5647 2609/4865/5647 2231/3658/5647
f 2464/3923/5648 1852/3724/5648 1949/3695/5648
f 2316/3649/5649 2375/4331/5649 2317/3650/5649
f 2855/4935/5650 2273/5064/5650 2177/4936/5650
f 2396/4902/5651 2397/4472/5651 2219/4473/5651
f 2176/4752/5652 1967/5065/5652 2076/4073/5652
f 2638/3405/5653 2301/4660/5653 2256/5066/5653
f 2393/3466/4922 1851/3988/5654 1910/4395/4923
f 2620/4269/5655 2516/4555/5655 2515/3580/5655
f 2087/4106/5656 2839/4699/5656 2445/4099/5656
f 1871/3417/5657 2422/3597/5657 2683/5027/5657
f 2217/3881/5658 2309/3880/5658 2307/4493/5658
f 3031/5067/5659 2642/3899/5659 3032/4614/5659
f 2814/4281/4924 2147/4280/5660 2393/3466/4922
f 2755/3512/5661 1976/3511/5661 2081/5068/5661
f 2474/4736/5662 2140/4735/5662 2240/5069/5662
f 2870/4636/5663 2381/5028/5663 2992/5029/5663 2988/4634/5663
f 2047/3917/5664 2048/3541/5665 2823/4197/5666
f 2067/5059/5667 2507/4362/5667 2865/4879/5667
f 2742/3443/5668 2481/4748/5668 2041/4800/5668
f 2363/4452/5669 2896/4119/5669 2400/4351/5669
f 2541/4624/5670 2923/5057/5670 2251/5070/5670
f 2224/4899/5671 2899/3712/5671 2351/4900/5671
f 2535/4777/5672 2850/4776/5672 2808/4814/5672
f 1949/3695/5673 2375/4331/5673 2316/3649/5673
f 1927/3551/5674 2068/4247/5674 2264/4612/5674
f 2351/4722/5675 2899/3557/5675 2019/3556/5675
f 2450/3684/5676 2291/4965/5676 2467/4839/5676
f 2641/4213/5677 2309/3589/5677 2054/3588/5677
f 2846/3574/5678 2265/4142/5678 2775/3641/5678
f 2845/3912/5679 2093/3914/5679 2697/4094/5679
f 2479/4314/5680 2871/4316/5680 2659/4520/5680
f 1905/3499/5681 2162/3501/5681 2810/5071/5681
f 2277/4662/5682 2667/5072/5682 2233/5047/5682
f 1982/4549/5683 1947/3830/5684 2587/4090/5685
f 2154/4192/5686 2179/4191/5686 2327/5073/5686
f 2017/3522/5687 2018/3933/5687 1894/3932/5687
f 2529/4212/5688 2318/4665/5688 2055/4667/5688
f 2145/3578/5689 2374/3436/5689 2144/3579/5689
f 2528/4084/5690 2099/3494/5690 2902/4332/5690
f 2183/3952/5691 2110/4203/5691 2387/4950/5691
f 2184/4718/5692 2667/5072/5692 2277/4662/5692
f 2835/4068/5693 2809/4064/5693 2028/3570/5693
f 2346/5074/5694 1938/5075/5694 2759/5076/5694
f 2854/3584/5695 1957/3848/5695 2159/3850/5695
f 2736/3837/5696 2466/3442/5696 1893/3441/5696
f 1999/3706/5697 2139/5077/5697 2634/4721/5697
f 2226/3689/5698 1894/3932/5698 2876/3936/5698
f 1898/3762/5699 2396/4902/5699 2380/3763/5699
f 2990/5078/5700 2946/5079/5700 2928/5080/5700
f 2657/4897/5701 2197/4058/5701 2623/5081/5701
f 1991/3990/5702 2570/3989/5702 1856/4885/5702
f 1998/3757/5703 2221/3631/5703 2540/4371/5703
f 2436/3693/5704 2619/4380/5704 1885/3691/5704
f 2438/3621/5705 2675/4454/5705 2220/4456/5705
f 2477/4982/5706 2609/4865/5706 2883/5082/5706
f 2874/3873/5707 2848/4243/5707 2524/3920/5707
f 2066/3900/5708 2539/4994/5708 2676/4775/5708
f 2705/4979/5709 2299/4968/5709 2905/4877/5709
f 2285/5083/5710 2574/4407/5710 2480/4406/5710
f 2927/3481/5711 1946/3483/5711 2170/4598/5711
f 1883/4738/5712 2810/5071/5712 2527/4366/5712
f 2044/4385/5713 1921/4384/5713 2133/4706/5713
f 1994/4531/5714 2255/4245/5714 2856/4244/5714
f 2327/4020/5715 2182/4837/5715 2526/5017/5715
f 2328/3938/5716 2007/4995/5716 2006/4559/5716
f 2535/4945/5717 2194/3750/5717 2193/4606/5717
f 3051/4582/5718 2844/4157/5718 2981/4486/5718
f 2751/5084/5719 1898/3762/5719 2891/4864/5719
f 1947/3830/5720 2673/4644/5720 2370/3831/5720
f 2499/3618/5721 2672/3624/5721 2094/3626/5721
f 2697/4094/5722 2696/4095/5722 2071/4160/5722
f 1875/4007/5723 2191/4292/5723 2096/3725/5723
f 2372/4769/5724 2022/4381/5724 2909/3505/5724
f 2340/5085/5725 2703/3439/5725 2962/3941/5725 2995/5086/5725
f 1913/5087/5726 2597/5088/5726 2631/5089/5726
f 2108/3648/5727 2929/3997/5727 2480/3518/5727
f 2579/5090/5728 2908/5091/5728 2235/5092/5728
f 2865/4879/5729 2507/4362/5729 2614/4105/5729
f 2844/4157/5730 3051/4582/5730 2968/4856/5730 2621/4457/5730
f 1996/4096/5731 2358/4378/5731 2084/4377/5731
f 2249/4781/5732 2572/4188/5732 2678/3411/5732
f 2473/4218/5733 2474/4217/5733 2305/4852/5733
f 2077/4165/5734 1940/4164/5735 2040/4892/5736
f 2306/5093/5737 2641/4822/5737 2925/3885/5737
f 3008/4651/5738 2912/4650/5738 2916/4854/5738 3023/4845/5738
f 3023/4845/5739 2916/4854/5739 3022/4726/5739
f 2761/3536/5740 1997/3535/5740 2433/4429/5740
f 1941/4610/5741 2152/4991/5451 2268/4611/5450
f 2362/4251/5742 2363/4452/5742 2105/4759/5742
f 2056/3593/5743 2404/4296/5743 1953/4295/5743
f 2396/4816/5744 2241/4815/5744 2416/4829/5744
f 2671/4080/5745 2520/3856/5745 2726/4076/5745
f 2778/5094/5746 2639/5095/5746 2801/5096/5746
f 1968/5097/5747 2319/5098/5747 1970/5099/5747
f 2251/5056/5748 2923/4418/5748 1902/4232/5748
f 2625/4134/5749 1904/4133/5749 1861/4467/5749
f 2057/5100/5750 2447/4425/5750 1952/4327/5750
f 2188/3824/5751 2252/3793/5751 2679/3792/5751
f 2423/4423/5752 2365/4422/5752 2198/4056/5752
f 1935/3803/5753 2295/4336/5753 2097/4265/5753
f 2472/4615/5754 2045/4971/5754 1886/4616/5754
f 2273/4981/5755 1855/5037/5755 1909/5101/5755 3089/5102/5755
f 2807/3587/5756 2305/5103/5756 2304/4052/5756
f 2039/4220/5757 2446/3677/5757 2718/3679/5757
f 2298/3858/5758 2476/3857/5758 2655/3513/5758
f 2507/4362/5759 2677/4208/5759 2260/3433/5759
f 2966/4813/5760 2562/4496/5760 3003/3525/5760
f 1926/4420/5761 2200/4398/5761 2418/3892/5761
f 1852/3724/4349 1875/4007/4348 2096/3725/5762
f 2236/4333/5763 2746/5021/5763 1967/5023/5763
f 3018/5104/5764 3052/5105/5764 2422/5106/5764
f 2792/4513/5765 2690/5107/5765 1890/4500/5765
f 3043/4337/5766 2549/3802/5766 3044/5108/5766
f 3044/5108/5767 2549/3802/5767 2887/3804/5767 2940/3696/5767
f 2251/5056/5768 2580/4562/5768 2686/4266/5768
f 2451/4806/5769 2450/3684/5769 2467/4839/5769
f 2010/3825/5770 2008/4690/5770 2376/4137/5770
f 1865/4620/5771 2735/4335/5771 1905/3499/5771
f 1886/4616/5772 1908/4260/5773 1942/4617/5774
f 1908/4260/5775 2858/4118/5775 2187/4117/5775
f 2376/4137/5776 2008/4690/5776 1987/5109/5776 3095/4603/5776
f 2280/4952/5777 2467/5110/5777 2553/4953/5777
f 2842/4842/5778 2775/3641/5778 2166/4262/5778
f 2814/4281/5779 1910/4395/5779 2391/4369/5779
f 2380/3763/5780 2635/4205/5780 2360/3562/5780
f 2553/3496/5781 2781/3498/5781 2281/3940/5781
f 1863/3736/5782 1966/3503/5783 2761/3536/5784
f 2310/5111/5785 2311/5112/5785 2779/5113/5785
f 2380/3763/5629 2396/4902/5786 2219/4473/5627
f 2616/4302/5787 1897/4301/5787 2840/3445/5787
f 2840/3445/5788 2459/4622/5788 2616/4302/5788
f 2267/4108/5789 2596/3774/4210 2386/3776/4212
f 2174/4557/5790 2584/5114/5790 2565/4558/5790
f 2736/3837/5791 2468/4444/5791 2830/3838/5791
f 1955/4298/4547 2560/4757/5792 2406/4299/4548
f 2569/5115/5793 2867/4701/5793 2284/4893/5793
f 2782/4590/5794 2817/4858/5794 2783/4771/5794
f 3047/3805/5795 2239/3809/5795 2401/3967/5795 2954/3806/5795
f 2185/4704/5796 2963/4469/5796 3001/4714/5796
f 2132/4707/5797 2353/4779/5797 2216/4190/5797
f 2883/3744/5798 2725/3746/5798 2652/3550/5798
f 2561/4112/5799 1888/4827/5799 2013/4183/5799
f 2882/3791/5800 2252/3793/5800 1920/4628/5800
f 1853/3718/5801 2157/4349/5801 2557/3787/5801
f 2902/4332/5802 2749/3546/5802 2118/4898/5802
f 2022/4381/5803 2180/3506/5803 2909/3505/5803
f 2462/4474/5804 2795/3813/5804 2242/3812/5804
f 1886/4616/5805 2045/4971/5805 2552/3823/5805
f 2924/4543/5806 2556/3786/5806 2615/4742/5806
f 2888/3755/5807 2010/3825/5808 2938/3828/5809 2999/4035/5809
f 2489/4279/5810 2577/4268/5810 1937/4459/5810
f 2557/3787/5811 2859/4097/5811 1996/4096/5811
f 2825/4588/5812 2696/4095/5812 1872/3943/5812
f 1951/3389/4610 2710/4373/4609 2179/4191/5813
f 2346/4008/4682 2475/4184/4681 1938/4569/5814
f 2524/3920/5815 2651/3654/5815 2913/3852/5815
f 2520/3856/5816 2295/4336/5816 2550/4728/5816
f 1989/4855/5817 2625/4134/5817 1953/4295/5817
f 2324/4236/5818 2588/5116/5818 3103/5117/5818 3093/5118/5818
f 2923/5057/5819 2478/4638/5819 2101/4863/5819
f 2213/3948/5820 2057/5100/5820 2214/3949/5820
f 1989/4403/5821 2720/4762/5046 1990/4404/5045
f 2374/3436/5822 3042/5119/5822 3013/3437/5822
f 2831/3991/5823 2115/4040/5823 2116/3781/5823
f 2743/4987/5824 2866/3788/5824 2126/5120/5824
f 2825/4588/5825 2268/4611/5825 2702/4890/5825
f 2413/4146/5826 2415/4021/5826 2526/5017/5826
f 2868/4933/5827 2242/3812/5827 2751/4980/5827
f 2448/4230/5828 1959/4875/5828 1960/3399/5828
f 2124/4884/5829 1868/4989/5829 2536/3733/5829
f 1949/3695/5830 2095/3726/5830 2375/4331/5830
f 2433/4429/5831 2333/3888/5831 1881/3890/5831
f 2296/4046/5832 2403/3721/5832 2695/3723/5832
f 1961/4719/5833 2409/3911/5833 2122/4410/5833
f 2602/3735/5834 1966/3503/5834 1863/3736/5834
f 2705/4571/5835 2759/4912/5835 1938/4569/5835
f 2252/3793/5836 2561/5121/5836 1920/4628/5836
f 2348/4187/5837 2811/4838/5837 2117/3652/5837
f 2358/4378/5838 2914/3591/5838 1882/4466/5839
f 2692/3419/5840 2711/4861/5840 2817/4276/5840
f 2034/4231/5841 2711/4861/5841 2692/3419/5841
f 2746/4287/5842 2354/3478/5842 2533/3480/5842
f 2091/4180/5843 2723/4179/5843 2571/3409/5843
f 2901/4796/5844 1858/4372/5845 1956/4656/5846
f 2047/3917/5664 2049/3974/5847 2048/3541/5665
f 2056/3593/5848 1861/4467/5848 2914/3591/5848
f 2276/4086/5849 2277/4662/5849 2880/3939/5849
f 2822/3780/5850 2115/4040/5850 2335/4039/5850
f 2066/3900/5851 2631/3705/5851 2232/3432/5851
f 1959/4875/5852 2448/4230/5852 2449/3683/5852
f 2820/4264/5853 2700/5030/5853 2211/3894/5853
f 1968/5097/5854 2452/4066/5855 2595/5122/5856
f 2410/4488/5857 2774/3756/5857 2411/3913/5857
f 3000/4392/5858 2969/4393/5858 2286/3448/5858
f 2466/3442/5859 2736/3837/5859 2072/3576/5859
f 3025/3598/5860 2005/3842/5860 2978/3599/5860
f 1890/4500/5861 2359/5123/5861 2764/3775/5861
f 2206/5041/5862 2330/4414/4642 2027/3569/4641
f 2721/4129/5863 1855/5037/5863 2273/4981/5863
f 2394/3651/5224 2317/3650/5864 1895/4430/5225
f 2777/4313/5865 2016/4312/5865 2664/4383/5865
f 2792/5050/5866 2415/4021/5866 2413/4146/5866
f 2558/4109/5867 2097/4265/5867 2294/3855/5867
f 3045/4069/5868 3021/4071/5868 2518/4803/5868
f 2384/5124/5869 2173/4563/5869 2341/4565/5869
f 2475/4184/5870 1888/4827/5870 2658/4570/5870
f 2523/5125/5871 1927/3551/5871 2264/4612/5871
f 2896/4119/5872 2052/4303/5872 2650/4120/5872
f 2071/4160/5873 2845/3912/5873 2697/4094/5873
f 2018/3933/5874 2017/3522/5874 2664/4383/5874
f 2271/4594/5875 2745/3844/5875 2272/3843/5875
f 2530/4431/5876 2573/3429/5876 2818/4432/5876
f 2883/5082/5877 2067/4798/5877 2477/4982/5877
f 2971/5126/5878 3063/4774/5878 2519/4664/5879
f 2406/4299/5880 2151/4453/5880 2150/5127/5880
f 2230/4483/5881 2224/4899/5881 2471/4482/5881
f 2651/3654/5882 2118/4898/5882 2913/3852/5882
f 2311/4567/5883 2618/3472/5883 2178/4944/5883
f 2005/3842/5884 2745/3844/5884 2674/3413/5884
f 2104/4491/5885 3014/5128/5885 3064/5129/5885 2262/4130/5885
f 3046/4754/5886 2272/3843/5886 3077/4755/5886
f 2147/4280/5887 2517/4786/5887 1974/4136/5887
f 2512/3916/5888 2564/5130/5888 2617/3388/5888
f 2741/4161/5889 1918/4895/5889 2607/3452/5889
f 2032/4700/5890 2278/4702/5890 2279/5131/5890
f 2399/4044/5891 2150/5127/5892 2400/4351/5893
f 2019/3556/5894 2518/4803/5894 2020/4401/5894
f 2020/4401/5895 2518/4803/5895 2853/4402/5895
f 2326/3891/5896 2539/4994/5896 2066/3900/5896
f 2912/4650/5897 2357/4037/5897 2916/4854/5897
f 2322/4932/5898 2130/3674/5898 2463/3676/5898
f 1897/4301/5899 2806/3819/5899 2388/4746/5899
f 2571/3409/5900 2723/4179/5900 1887/3410/5900
f 2654/4417/5901 1992/3969/5901 2338/3970/5901
f 2435/4159/5902 2605/4158/5902 2434/4487/5902
f 2074/3515/5903 2073/3440/5903 2466/3442/5903
f 2625/4134/5904 1861/4467/5904 1953/4295/5904
f 2483/5132/5905 1967/5065/5905 2176/4752/5905
f 3031/5067/5906 3032/4614/5906 2679/3792/5906
f 2529/4698/5907 1976/3511/5907 2484/4085/5907
f 2893/3516/5908 2606/3575/5908 2846/3574/5908
f 2749/3546/5909 2757/3548/5909 2290/3636/5909
f 2321/4817/5910 2315/3887/5910 2314/3886/5910
f 2971/5126/5878 2503/4621/5911 3063/4774/5878
f 2701/4278/5912 2899/3712/5912 2224/4899/5912
f 2570/3989/5913 2827/3468/5913 2839/4699/5913
f 2565/4809/5914 1858/4372/5914 1951/3389/5914
f 2667/5133/5915 2342/4928/5915 2233/4475/5915
f 1905/3499/5916 2810/5071/5917 1883/4738/5918
f 2111/5134/5919 2183/5135/5919 2331/5136/5919
f 1887/3410/5152 2014/4079/5920 2608/4182/5153
f 3054/3523/5921 3003/3525/5921 2562/4496/5921
f 2957/4663/5922 3041/4613/5922 2163/3898/5922 2503/4621/5922
f 2876/3936/5923 2074/3515/5923 2442/3514/5923
f 2931/5137/5924 2714/5138/5924 2602/5139/5924
f 2474/3686/5925 2304/3688/5925 2305/5140/5925
f 2429/4497/5926 1916/4171/5926 2328/3938/5926
f 2715/4658/5927 2424/3977/5927 2217/4674/5927
f 2652/3550/5928 2067/5059/5928 2883/3744/5928
f 1872/3943/5929 2682/3942/5929 2825/4588/5929
f 1915/3489/5930 2113/3488/5930 2324/4236/5930
f 2582/4743/5931 2600/4172/5931 2800/5141/5931
f 2331/4033/5932 2594/4534/5932 2371/4533/5932
f 2678/3411/5933 2572/4188/5933 2571/3409/5933
f 2412/4263/5934 2700/5030/5934 2820/4264/5934
f 2482/4014/5935 2231/3658/5935 2598/4015/5935
f 2803/3540/5936 1994/4531/5936 2513/5142/5936
f 1933/4148/5937 2238/4808/5937 1932/4744/5937
f 2356/4038/5938 2916/4854/5938 2357/4037/5938
f 2514/4997/5939 1959/4875/5939 2449/3683/5939
f 1944/4640/5940 2681/4901/5940 2591/4763/5940
f 2646/4222/5941 2734/3752/5941 2511/3751/5941
f 3011/4439/5942 3012/4048/5942 2505/4049/5942 2869/4440/5942
f 2926/3619/5943 2501/5143/5943 2648/3620/5943
f 2829/3564/5944 3070/4539/5945 3039/5144/5945 2903/5145/5944
f 1908/4260/5773 1886/4616/5772 2858/4118/5946
f 2579/4881/5947 2873/5146/5947 2246/5147/5947
f 2326/3891/5948 2633/4878/5948 2092/4682/5948
f 2008/4690/5949 2693/4241/5949 3105/5148/5949 1987/5109/5949
f 2926/3619/5950 2778/4110/5950 2801/5149/5950
f 2926/3619/5951 2685/3727/5951 2778/4110/5951
f 3050/3606/5952 3043/4337/5952 2523/5150/5952 2264/3607/5952
f 2691/3428/5953 3049/4163/5953 2994/5151/5953 2104/4491/5953
f 2327/4020/5954 2710/3921/5954 1993/3922/5954
f 2445/5152/5955 2254/5153/5955 3060/5154/5955 3061/5155/5955
f 2245/5024/5956 2754/4511/5956 2755/3512/5956
f 2737/4227/5957 2367/4541/5957 2208/4228/5957
f 2209/4579/5958 2626/4578/5958 3104/5156/5958 3088/5157/5958
f 2412/4263/5959 2837/4734/5959 2700/5030/5959
f 2595/5122/5960 2319/5098/5960 1968/5097/5960
f 2545/4390/5961 2851/4389/5961 2214/4428/5961
f 2543/4930/5962 1928/3978/5962 2398/3979/5962
f 2486/4938/5963 2529/4698/5963 2484/4085/5963
f 2835/4873/5964 2440/3571/5964 2453/5158/5964
f 2269/3659/5965 2231/3658/5965 2270/4234/5965
f 2667/5072/5966 2184/4718/5966 2385/5016/5966
f 2007/4995/5967 1916/4171/5967 2379/3629/5967
f 2007/4995/5968 2379/3629/5968 2805/4996/5968
f 2880/3939/5969 2283/4181/5969 2282/3530/5969
f 2300/3863/4333 2745/3844/5970 2170/3993/4334
f 1925/4445/5971 1926/4420/5971 2823/4197/5971
f 1893/3441/5972 2332/4326/5972 2063/4442/5972
f 2662/3728/5973 2847/4140/5973 2267/4108/5973
f 1983/4034/5974 2331/4033/5974 2673/4644/5974
f 2440/3982/4321 2443/4367/5975 2441/3613/4322
f 2929/3997/5976 1860/3647/5976 2392/3959/5976
f 2280/5159/5977 2788/5160/5977 2451/5161/5977
f 2688/4098/5978 2358/4378/5978 1996/4096/5978
f 2189/3742/5979 2086/3741/5979 2398/3979/5979
f 2418/3892/5980 2737/4227/5980 1926/4420/5980
f 2585/3474/5981 1956/3473/5981 2584/5114/5981
f 2160/5048/5982 2753/5162/5982 2408/5049/5982
f 1889/3406/5983 2719/3408/5983 1862/3711/5983
f 2192/3470/5984 2429/4497/5984 2190/3937/5984
f 1957/3848/5985 2854/3584/5985 2288/3667/5985
f 2757/3548/5986 2627/3476/5986 2624/3545/5986
f 2774/3756/5987 2614/4105/5987 2411/3913/5987
f 2592/3702/5988 2187/4117/5989 2591/4763/5990
f 2972/4438/5991 2919/4077/5991 3011/4439/5991
f 2002/4602/5992 2811/4838/5992 2348/4187/5992
f 1887/3410/5993 2723/4179/5993 2014/4079/5993
f 1959/4875/5994 2704/4424/5994 2706/4739/5994
f 2915/4318/5995 2300/3863/5995 1946/3992/5995
f 2169/3672/5996 2390/4637/5996 2127/3673/5996
f 2502/4070/5997 3066/5008/5997 3021/4071/5997
f 1984/4408/5998 2763/3422/5998 2892/4931/5998
f 1904/4133/5999 1882/4466/5999 1861/4467/5999
f 2503/4621/6000 2971/5126/6000 2957/4663/6000
f 2431/4499/6001 2881/4059/6001 1985/4909/6001
f 2431/4499/6002 1853/3718/6002 2881/4059/6002
f 2691/3428/6003 2104/4491/6003 2818/4432/6003
f 2883/5163/6004 2482/5164/6004 2756/5165/6004
f 2088/4943/6005 2496/3964/6005 2089/3479/6005
f 2326/3891/6006 2540/4371/6006 2539/4994/6006
f 2330/4414/6007 2657/5040/6007 1969/5166/6007
f 2586/3947/6008 2204/4767/6008 2001/4285/6008
f 1852/3724/6009 2095/3726/6009 1949/3695/6009
f 1873/4152/6010 2729/4322/6010 2465/3477/6010
f 2856/4261/6011 2842/4842/6011 2166/4262/6011
f 2600/4172/6012 1961/4719/6012 2800/5141/6012
f 2860/3435/6013 2261/3434/6013 2093/3914/6013
f 2768/4866/6014 1954/4868/6014 2488/3716/6014
f 2665/4476/6015 1950/5167/6015 2564/3458/6015
f 2925/3885/6016 2315/3887/6016 2824/5168/6016
f 2794/4942/6017 2496/3964/6017 2088/4943/6017
f 2836/4427/5049 2893/3516/5051 2775/3641/6018
f 2842/4842/6019 2836/4427/6019 2775/3641/6019
f 2861/4358/6020 2036/3829/6020 2143/4370/6020
f 2432/4490/6021 2029/3731/6021 1885/4294/6021
f 2173/4563/6022 2174/5169/6022 2894/4564/6022
f 2040/4892/6023 2218/4471/6023 2397/4472/6023
f 2257/3832/6024 2091/4180/6024 2879/4023/6024
f 2254/5153/6025 2542/4993/6025 3028/4992/6025 2960/5170/6025
f 1939/4043/6026 2863/5171/6026 2682/5172/6026
f 2178/3747/6027 2012/3465/4917 2311/4686/4919
f 2319/5098/6028 2320/5173/6028 1970/5099/6028
f 2974/4629/6029 2970/5000/6029 2124/4884/6029 1914/4730/6029
f 2278/4732/6030 2184/4718/6030 2279/3783/6030
f 2213/3948/6031 2447/4425/6031 2057/5100/6031
f 1961/4719/6032 2333/3888/6032 2409/3911/6032
f 2432/4490/6033 1883/4738/6033 2029/3731/6033
f 2862/3854/6034 2768/4343/6034 2158/3592/6034
f 2650/5174/6035 2851/5175/6035 2058/5176/6035
f 2347/4204/4969 2186/4465/4968 2367/4541/6036
f 2434/4487/6037 2275/3656/6037 2435/4159/6037
f 2765/4711/6038 2274/4551/6038 2275/4642/6038
f 1869/4685/6039 2793/5177/6039 2065/4747/6039
f 1865/4620/6040 2764/4619/6040 2359/4221/6040
f 2307/4675/6041 2258/5178/6041 2715/4658/6041
f 2507/4362/6042 2260/3433/6042 2860/3435/6042
f 2243/5179/6043 2694/3707/6043 2152/4991/6043
f 2548/3528/6044 2043/3527/6044 1925/4445/6044
f 2336/3655/6045 2337/4413/6045 2864/3402/6045
f 2488/3716/6046 2405/3715/6046 2404/4761/6046
f 2658/4570/6047 1888/4827/6047 2472/4916/6047
f 2897/3680/6048 2137/3682/6048 2510/5180/6048
f 2726/4076/6049 2383/4078/6049 2671/4080/6049
f 2621/4457/6050 2037/3610/6050 1875/4007/6050
f 2032/3782/6051 2599/3529/6051 2509/3398/6051
f 2481/4748/6052 2770/5181/6052 2041/4800/6052
f 2794/4942/6053 1901/4577/6053 2492/4554/6053
f 2588/5116/6054 2324/4236/6055 1982/4549/5683
f 2013/4183/6056 2382/4317/6056 2112/4524/6056
f 2258/3833/6057 2786/4363/6057 2713/3773/6057
f 3039/4584/6058 2935/4593/6059 3040/4585/6060
f 2643/5182/6061 2292/5012/6062 2866/3788/6063
f 1851/3988/6064 1991/3990/6064 2531/4731/6064
f 2667/5183/6065 2385/4258/6065 2342/4257/6065
f 1917/4162/6066 2607/3452/6066 2265/4142/6066
f 2352/4081/6067 2632/3703/6067 2004/4082/6067
f 2150/5127/6068 2151/4453/6068 2400/4351/6068
f 2114/4209/6069 2605/4158/6069 2121/3945/6069
f 1944/4640/6070 2552/3823/6070 2188/3824/6070
f 2790/5053/6071 2399/4044/6071 2016/4312/6071
f 2156/4807/6072 2447/4425/6072 2547/3685/6072
f 2577/4268/6073 2516/4555/6073 2620/4269/6073
f 2157/4349/6074 2688/4098/6074 2859/4097/6074
f 1985/4282/6075 2253/4468/6075 1986/4283/6075
f 2065/4747/6076 2770/5181/6076 2481/4748/6076
f 2302/4025/6077 2649/4223/6077 2256/5066/6077
f 2795/3813/6078 2417/4149/6078 2241/4815/6078
f 2132/4707/6079 1990/4404/6079 2353/4779/6079
f 2229/3595/6080 2469/4648/6080 2061/3596/6080
f 2078/4290/6081 2800/5141/6081 2491/4905/6081
f 1856/4885/6082 2573/5184/6082 2878/4903/6082
f 2213/3948/6083 2706/4739/6083 2704/4424/6083
f 2486/5185/6084 2495/5186/6084 2321/5187/6084
f 2749/3546/6085 2098/3635/6085 2748/3547/6085
f 2405/3715/6086 2353/4779/6086 2720/4762/6086
f 2344/5014/6087 2385/5016/6087 2184/4718/6087
f 2036/3829/6088 2370/3831/6088 2716/3934/6088
f 2037/3610/6089 2038/3630/6089 2191/4292/6089
f 2839/4699/6090 1972/3794/6090 2445/4099/6090
f 1976/3511/6091 2055/4697/6091 2081/5068/6091
f 2254/5153/6092 2445/5152/6092 2542/4993/6092
f 2010/3825/6093 2376/4137/6093 2175/3826/6093
f 2193/4606/6094 2194/3750/6094 2734/3752/6094
f 2104/4491/6095 2964/4790/6095 3014/5128/6095
f 2403/3721/6096 2852/5038/6096 2196/3722/6096
f 2640/4605/6097 2689/3533/6097 1884/3532/6097
f 2750/3395/6098 2770/3700/6098 2149/4498/6098
f 2901/5188/6099 2042/3526/4341 2563/3694/4340
f 1904/4133/6100 2358/4378/6100 1882/4466/6100
f 2885/4256/6101 2152/4991/6101 1941/4610/6101
f 2227/3732/6102 1914/4730/6102 2536/3733/6102
f 2327/4020/6103 1993/3922/6103 2182/4837/6103
f 2637/4530/6104 2425/3817/6105 2806/3819/6106
f 2196/4114/6107 2057/4116/6107 1952/5189/6107
f 2069/3420/6108 2582/4743/6108 2070/4745/6108
f 2865/4879/6109 2614/4105/6109 2092/4682/6109
f 2317/3650/6110 2776/3471/6110 1895/4430/6110
f 3075/5026/6111 1980/4382/6111 2832/3645/6111 3072/4632/6111
f 2903/4254/6112 2243/4967/6112 2152/4255/6112
f 2179/4191/6113 2710/4373/6113 2327/5073/6113
f 2669/4248/4560 2112/4524/6114 2382/4317/4558
f 2419/3893/6115 2820/4264/6115 2211/3894/6115
f 3029/4668/5453 2286/3448/6116 2574/4407/6116 3028/4992/5453
f 2782/4277/6117 2329/3904/6117 2692/3419/6117
f 2658/4570/6118 1938/4569/6118 2475/4184/6118
f 2103/3396/6119 2750/3395/6119 1981/4170/6119
f 2652/3550/4776 2532/3644/6120 2068/4247/4774
f 1994/4531/6121 2803/3540/4592 3010/4359/4594 3009/4477/6122
f 2000/4478/6123 2535/4777/6123 2911/3446/6123
f 2013/4183/6124 2608/4182/6124 2383/4078/6124
f 2134/5190/6125 2140/4735/6125 2644/4737/6125
f 2500/4024/6126 2649/4223/6126 2302/4025/6126
f 3060/5154/6127 2254/5153/6127 2960/5170/6127
f 2391/4369/6128 2861/4358/6128 2143/4370/6128
f 2788/4063/6129 2046/3915/6129 2451/4806/6129
f 2505/4049/6130 2680/4053/6130 2869/4440/6130
f 2207/4956/6131 2575/4348/6131 3101/4788/6131 3087/5191/6131
f 2266/3623/6132 2708/3622/6132 2709/3730/6132
f 2100/4419/6133 1901/4577/6133 2035/4233/6133
f 2717/4591/6134 2653/3690/6134 2517/4786/6134
f 2718/3679/6135 2555/3500/6135 2735/4335/6135
f 2737/4227/6136 1891/4240/6136 2367/4541/6136
f 2517/4786/6137 2442/3514/6137 1892/4426/6137
f 2271/4594/6138 2170/3993/6138 2745/3844/6138
f 1966/3503/5783 2210/4843/6139 2761/3536/5784
f 2556/3786/6140 2866/3788/6140 2615/4742/6140
f 2568/4914/6141 2867/4733/6141 2569/4574/6141
f 2399/4044/6142 2296/4046/6142 2016/4312/6142
f 1933/4148/6143 2237/3801/6143 2238/4808/6143
f 2332/4326/6144 2512/3916/6144 2064/4443/6144
f 2890/3423/5545 2930/4862/5547 2478/4638/6145
f 2877/4320/6146 1874/4150/6146 2748/3547/6146
f 2748/3547/6147 1874/4150/6147 2757/3548/6147
f 2012/3465/6148 2015/3815/6148 2730/3463/6148
f 2769/4087/6149 2164/4089/6149 2541/4626/6149
f 2794/4942/6150 2528/5192/6150 2886/3987/6150
f 2023/3563/6151 2414/4918/6151 2021/3561/6151
f 2232/5193/6152 2597/3657/6152 2269/3659/6152
f 2316/4795/5072 1877/4630/6153 2901/4796/5073
f 3019/4525/6154 2669/4248/6154 3048/3867/6154
f 2922/4379/6155 1904/4133/6155 2207/4956/6155
f 2391/4369/6156 2142/4394/6156 2654/4417/6156
f 2171/4772/6157 2459/4622/6157 2349/3534/6157
f 2829/5194/6158 2849/5195/6158 2885/5196/6158
f 2733/4143/6159 2512/3916/6159 2046/3915/6159
f 2508/3839/6160 2411/3913/6160 2845/3912/6160
f 3064/5129/6161 2292/5012/6161 2603/4708/6161 2987/4670/6161
f 2772/4350/6162 2603/4708/6162 2292/5012/6162
f 1981/4170/6163 2750/3395/6163 2149/4498/6163
f 1901/4577/6164 2088/4943/6164 2354/3478/6164
f 2543/3930/6165 2544/3709/6165 2460/3737/6165
f 2234/4826/6166 2342/4928/6166 2341/4825/6166
f 2635/4205/6167 2219/4473/6168 2928/4206/6169
f 2988/4634/6170 2920/3973/6170 3079/4635/6170
f 2657/5197/6171 2623/4194/6171 1969/4581/6171
f 2327/4020/6172 2526/5017/6172 2415/4021/6172
f 2572/4188/6173 2249/4781/6173 2248/5198/6173
f 2339/3754/6174 2010/3825/5808 2888/3755/5807
f 2354/3478/6175 2088/4943/6175 2089/3479/6175
f 2242/5199/6176 1898/3762/6176 2751/5084/6176
f 2579/4881/6177 2246/5147/6177 2907/4977/6177
f 2093/3914/6178 2261/3434/6178 2697/4094/6178
f 2296/4046/6179 2332/4326/6179 2664/4383/6179
f 2846/3574/6180 2071/4160/6180 1917/4162/6180
f 1926/4420/6181 2378/4229/6181 2823/4197/6181
f 2809/4064/6182 1968/5097/6182 2663/3568/6182
f 2829/5200/6183 2903/5201/6183 2849/5202/6183
f 2645/3634/6184 2099/3494/6184 2492/3493/6184
f 1921/5203/6185 2345/4870/6185 2133/4872/6185
f 2429/4497/6186 2428/3469/6186 2427/4293/6186
f 2921/4249/6187 2698/4526/6187 2348/4187/6187
f 2082/4507/6188 1967/5204/6188 2483/5205/6188
f 2460/3737/6189 1928/3994/6189 2543/3930/6189
f 2129/4340/6190 2320/4342/6190 2595/4643/6190
f 2075/4391/6191 2413/4146/6191 1864/3710/6191
f 2089/3479/6192 2496/3964/6192 2248/4397/6192
f 2119/4361/6193 2204/3808/6193 2205/4153/6193
f 2605/4158/6194 2677/4208/6194 2335/4039/6194
f 2804/4891/6195 2218/4471/6195 2040/4892/6195
f 2529/4212/6196 2054/3588/6196 2318/4665/6196
f 2807/3587/6197 2138/4051/6197 2562/4496/6197
f 2587/4090/5685 2588/5116/6054 1982/4549/5683
f 1934/4198/6198 3058/5206/6199 3004/4273/6200
f 2241/4815/6201 2417/4149/6201 2416/4829/6201
f 2977/3810/6202 2520/3856/6202 3006/3554/6202
f 2280/4952/6203 2281/4954/6203 2789/5207/6203
f 2582/4743/6204 2069/3420/4451 2600/4172/4450
f 2236/4333/6205 2082/5208/6205 2235/4334/6205
f 2708/3622/6206 2438/3621/6206 2220/4456/6206
f 1991/3990/6207 2878/4903/5341 2531/4731/5343
f 2138/4959/6208 2797/4958/6208 2562/5209/6208
f 2598/3822/6209 2231/5210/6209 2597/3820/6209
f 2447/4425/6210 2156/4807/6210 1952/4327/6210
f 3011/4439/6211 2919/4077/6211 2521/4075/6211 3012/4048/6211
f 2054/3588/6212 2308/3590/6212 2918/4876/6212
f 2874/3873/6213 2136/4242/6213 2848/4243/6213
f 3064/5129/6214 2987/4670/6214 2566/4131/6214 2262/4130/6214
f 2416/4829/6215 2040/5211/6215 2396/4816/6215
f 3060/5154/6216 2960/5170/6216 2285/5083/6216
f 2564/3458/6217 1950/5167/6217 2617/5212/6217
f 2577/4268/6218 2489/4279/6218 2578/3581/6218
f 2993/4789/6219 2126/5120/6219 2964/4790/6219
f 2292/5012/6220 2126/5120/6220 2866/3788/6220
f 2014/4079/6221 2723/4179/6221 2670/3404/6221
f 2604/4805/5553 2818/4432/5552 2262/4130/6222
f 1864/3710/6223 2526/5017/6223 1889/3406/6223
f 2716/3934/6224 1876/3935/6224 2814/4281/6224
f 2642/3899/6225 3031/5067/6225 3067/4537/6225 2828/4729/6225
f 2677/4208/6226 2507/4362/6226 2822/3780/6226
f 1941/4042/6227 2863/5171/6227 1939/4043/6227
f 2545/4390/6228 2195/4115/6228 2852/4716/6228
f 2660/4210/6229 2144/3579/6229 2460/3737/6229
f 2724/4517/6230 2134/5213/6230 2644/4841/6230
f 2772/4350/6231 2303/3872/6231 1859/4200/6231
f 2222/3632/6232 2266/3623/6232 2709/3730/6232
f 3018/5104/6233 2465/5214/6233 3052/5105/6233
f 3052/4344/6234 2465/3477/6234 2729/4322/6234 2944/4345/6234
f 2052/4303/6235 2706/4739/6235 2650/4120/6235
f 2486/5215/6236 2321/5216/6236 2529/5217/6236
f 2822/3780/6237 2116/3781/6237 2115/4040/6237
f 2932/4860/6238 2070/4745/6238 2784/3800/6238
f 2051/5218/6239 2650/5174/6239 2058/5176/6239
f 2668/3717/4188 2488/3716/4187 1954/4868/6240
f 2091/4180/6241 2257/3832/6241 2670/3404/6241
f 2291/4271/6242 2283/4927/6242 2791/3738/6242
f 2597/3657/6243 2232/5193/6243 2631/5219/6243
f 2173/5220/6244 2172/4857/6244 2174/4557/6244
f 2955/3908/4673 2939/4449/4675 2381/5028/6245 2139/3909/6245
f 2233/4475/6246 2234/4826/6246 2665/4476/6246
f 2328/3938/6247 1916/4171/6247 2007/4995/6247
f 2109/4018/4792 2387/4950/5340 2110/4203/6248
f 2546/3520/6249 2225/3543/6249 2656/3521/6249
f 2197/4058/6250 2199/4057/6250 2623/5081/6250
f 2097/4265/4523 2685/3727/4522 1935/3803/6251
f 1890/4500/6252 2764/3775/6252 2596/3774/6252
f 2620/4450/6253 2103/3396/6253 2439/3924/6253
f 2580/4562/6254 2034/4231/6254 2692/3419/6254
f 3065/4536/6255 2828/4729/6255 3067/4537/6255
f 2733/4143/6256 2564/5130/6256 2512/3916/6256
f 2943/3957/6257 2364/3427/6257 3016/3958/6257
f 1873/4152/6258 1945/4151/6258 2927/4601/6258
f 2198/4056/6259 2931/4851/6259 2199/4057/6259
f 2931/5221/6260 2602/3735/6260 2199/4193/6260
f 2812/3653/6261 2811/4838/6261 2002/4602/6261
f 2812/3653/6262 2002/4602/6262 2454/4848/6262
f 2432/4490/6263 1931/4618/6263 1883/4738/6264
f 2058/4388/6265 2545/4390/6265 2852/4716/6265
f 2137/3682/6266 2797/5222/6266 2510/5180/6266
f 2824/5168/6267 2315/3887/6267 2838/4818/6267
f 2198/4056/6268 2365/4422/6268 2931/4851/6268
f 2330/3906/6269 1969/4581/6269 2329/3904/6269
f 2470/4411/6270 2816/4047/6270 2230/4483/6270
f 2025/3678/6271 2699/4124/6271 2718/3679/6271
f 2963/4469/6272 2185/4704/6272 3030/4470/6272
f 2228/3927/6273 1974/4136/6273 2712/3795/6273
f 2702/4890/6274 2634/4721/6274 2741/4161/6274
f 1995/3719/6275 2557/3787/5530 2924/4543/5529
f 2114/4209/6276 2586/3947/6276 2707/3415/6276
f 2910/3870/6277 2643/5182/6277 2203/3871/6277
f 2335/4039/6278 2677/4208/6278 2822/3780/6278
f 1968/5097/5854 2809/4064/6279 2452/4066/5855
f 2297/4510/6280 1923/4509/6280 2904/3633/6280
f 2286/3448/6281 1911/3447/6281 1984/4408/6281
f 2350/4288/4934 2630/3869/4933 2869/4440/5232
f 2298/3858/6282 2759/3896/6282 2758/3859/6282
f 1869/4685/6283 2388/4746/6283 2806/3819/6283
f 2114/4209/6284 2121/3945/6284 2586/3947/6284
f 2399/4044/5891 2400/4351/5893 2402/4045/6285
f 2035/4233/6286 2711/4861/6286 2034/4231/6286
f 2543/4930/6287 2398/3979/6287 2583/4374/6287
f 2462/4474/6288 1933/4148/6288 2795/3813/6288
f 2393/3466/6289 2147/4280/6289 1973/3467/6289
f 2914/3591/6290 2688/4098/6290 2430/3853/6290
f 2630/3869/6291 3015/3868/6291 2972/4438/6291 2869/4440/6291
f 2472/4916/6292 1888/4827/6292 2045/4712/6292
f 2494/3453/6293 2381/4998/6293 2870/4006/6293
f 2479/4314/6294 2270/4810/6294 2610/4315/6294
f 2665/5223/6295 2894/4556/6295 2666/5224/6295
f 2688/4098/6296 2914/3591/5838 2358/4378/5838
f 2098/3635/5394 1923/4509/6297 2798/3860/5392
f 2671/4080/6298 2670/3404/6298 1919/3403/6298
f 2762/4484/6299 2024/3918/6299 2185/4704/6299
f 2866/3788/6063 2557/3787/6300 2643/5182/6061
f 1881/3890/6301 2934/3889/6302 1863/3736/6303
f 2934/3889/6302 1969/4581/6304 1863/3736/6303
f 2554/4199/5055 1964/4122/5054 1934/4198/6305
f 1866/3582/6306 2701/4278/6306 2224/4899/6306
f 2889/4107/6307 1856/4885/6307 2087/4106/6307
f 2645/5225/6308 2492/4554/6308 2101/4553/6308
f 2245/4844/6309 2082/4507/6309 2483/5205/6309
f 2917/3625/6310 2117/3652/6310 2651/3654/6310
f 2795/3813/6311 2396/4816/6311 1898/3814/6311
f 2444/3984/6312 2236/4333/6312 2908/3985/6312
f 2172/4857/6313 2585/3474/6313 2174/4557/6313
f 2612/4666/6314 2128/4896/6314 2055/4667/6314
f 2171/4772/6315 2616/4302/6315 2459/4622/6315
f 2548/3528/6316 2747/3542/6316 2563/3694/6316
f 2064/4443/6317 2221/3631/6317 2468/4444/6317
f 1908/4260/5042 2187/4117/6318 2592/3702/5043
f 2139/5077/6319 2381/4998/6319 2634/4721/6319
f 2769/4869/6320 2686/4266/6320 1954/4868/6320
f 2948/5034/6321 3035/4451/6321 2204/3808/6321 2119/4361/6321
f 2353/4779/6322 2405/3715/6322 2636/4189/6322
f 3055/3928/6323 2239/3809/6323 3047/3805/6323
f 2370/3831/6324 2457/3462/6324 2716/3934/6324
f 3038/4963/6325 2805/4996/6325 2965/4964/6325
f 2838/5226/6326 2495/4307/6326 2590/4306/6326
f 2566/5227/6327 2967/5228/6327 2975/5229/6327
f 2759/4912/6328 2705/4571/6328 2905/5230/6328
f 2044/4385/6329 2133/4706/4945 2155/4705/4944
f 2900/4583/6330 2040/4892/6330 1940/4164/6330
f 2403/3721/6331 2296/4046/4368 2402/4045/4367
f 2878/4903/6332 2573/5184/6332 2530/4951/6332
f 2973/3393/6333 3075/5026/6333 1963/3391/6333
f 3057/3627/6334 2061/3596/6334 2420/3841/6334 2991/3628/6334
f 2381/4998/6335 1918/4895/6335 2634/4721/6335
f 1992/3969/6336 2534/3961/6336 2059/3960/6336
f 2078/4290/6337 2582/4743/6337 2800/5141/6337
f 2817/4276/6338 2711/4861/6338 2030/5231/6338
f 2212/4874/6339 2817/5232/6339 2030/3572/6339
f 2210/4843/6340 2349/3534/6340 2761/3536/6340
f 2933/3612/6341 2684/4880/6341 2081/4521/6341
f 1982/4549/6342 1983/4034/6342 2673/4644/6342
f 2676/4775/6343 2631/3705/6343 2066/3900/6343
f 2904/3633/6344 1923/4509/6344 2098/3635/6344
f 1891/4240/6345 2347/4204/6345 2367/4541/6345
f 2390/4921/6346 2933/4923/6346 2389/5233/6346
f 2823/4197/6347 2378/4229/6347 2377/4519/6347
f 2146/4113/6348 2561/4112/6348 1870/4741/6348
f 2881/4059/6349 1853/3718/6349 2613/3720/6349
f 2260/3433/6350 2677/4208/6350 2114/4209/6350
f 1886/4616/6351 2552/3823/6351 2858/4118/6351
f 2980/4740/6352 2989/4523/6352 2090/4688/6352 1868/4687/6352
f 2292/5012/6353 2643/5182/6353 2910/3870/6353
f 2187/4117/5989 1944/4640/6354 2591/4763/5990
f 2203/3871/6355 1996/4096/6355 2559/5234/6355
f 2649/4223/6356 2648/3620/6356 2256/5066/6356
f 2559/5234/6357 2084/4377/6357 3080/5235/6357 3100/5236/6357
f 2728/4820/6358 2730/3463/6358 2777/4360/6358
f 1879/3426/6359 2123/3784/6359 2229/3595/6359
f 2940/3696/6360 2887/3804/6360 2912/4650/6360 2959/3697/6360
f 2951/5237/6361 2967/5228/6361 2566/5227/6361
f 2741/4161/6362 2634/4721/6362 1918/4895/6362
f 2009/3492/6363 2173/4563/6363 2384/5124/6363
f 2373/4833/6364 2424/3977/6364 2372/4831/6364
f 2925/3877/6365 2834/3883/6365 2307/3878/6365
f 2299/4968/6366 2425/3817/6105 2637/4530/6104
f 2894/4556/6367 2565/4558/6367 2666/5224/6367
f 2586/3947/6368 2001/4285/6368 2589/3416/6368
f 1863/3736/6369 2433/4429/6369 1881/3890/6369
f 1875/4007/6370 2037/3610/6370 2191/4292/6370
f 2564/3458/6371 2733/5238/6371 1962/3459/6371
f 2319/5239/6372 2595/4643/6372 2320/4342/6372
f 2456/5240/6373 2751/5084/6373 2891/4864/6373
f 2639/5241/6374 2638/3405/6374 2256/5066/6374
f 1877/4630/6375 1858/4372/5845 2901/4796/5844
f 2006/4559/6376 2007/4995/6376 2502/4070/6376
f 2162/3501/4473 2554/4199/4472 1936/4365/6377
f 2416/5242/6378 2077/4165/5734 2040/4892/5736
f 2794/4942/6379 2886/3987/6379 2496/3964/6379
f 2625/4134/6380 1989/4855/6380 2626/4910/6380
f 2885/5196/6381 2849/5195/6381 2152/5243/6381
f 2583/4374/6382 2398/3979/6382 2086/3741/6382
f 2542/4993/6383 1972/5244/6383 2255/4245/6383
f 2665/4476/6384 2666/5245/6384 1950/5167/6384
f 2821/4356/6385 2195/4115/6385 2545/4390/6385
f 2374/3436/6386 2145/3578/6386 3027/4801/6386 3042/5119/6386
f 1884/3532/5591 2567/3971/5590 2004/4082/6387
f 2832/3645/6388 2103/3396/6388 2522/4169/6388
f 2166/4262/6389 2687/3454/6389 2167/3902/6389
f 2200/4398/6390 2062/4575/6390 2418/3892/6390
f 2236/4333/6391 1967/5023/6391 2082/5208/6391
f 2760/3390/6392 1951/3389/6392 2179/4191/6392
f 2844/4157/6393 2049/3974/6393 1930/3919/6393
f 2203/3871/6394 2557/3787/6394 1996/4096/6394
f 2643/5182/6395 2557/3787/6395 2203/3871/6395
f 2500/4024/6396 2921/4249/6396 2649/4223/6396
f 1996/4096/6397 2084/4377/6397 2559/5234/6397
f 2902/4332/6398 2118/4898/6398 2455/4760/6398
f 2006/4559/6399 2502/4070/6399 2145/3578/6399
f 2926/3619/6400 2499/3618/6400 2094/3626/6400
f 2762/4484/6401 2985/4955/6401 2983/4485/6401
f 2834/5246/6402 1979/4984/6402 2307/4986/6402
f 2874/3873/6403 2135/3875/6403 2136/4242/6403
f 1944/4640/6404 2188/3824/6404 2519/4664/6404
f 2451/4806/6405 2547/3685/6405 2450/3684/6405
f 2386/4780/6406 1931/4618/6263 2432/4490/6263
f 2587/4090/6407 1947/3830/6407 1857/4091/6407
f 2881/4059/6408 2253/4060/6408 1985/4909/6408
f 2590/4306/6409 2824/4840/6409 2838/5226/6409
f 2640/4605/6410 2539/4994/6410 2540/4371/6410
f 2527/4366/6411 2163/3898/6411 2227/3732/6411
f 2906/5247/6412 2170/3993/6412 2935/4593/6412
f 2730/3463/6413 2015/3815/6413 2181/3816/6413
f 2580/4562/6414 1902/4232/6414 2034/4231/6414
f 2251/5056/6415 1902/4232/6415 2580/4562/6415
f 2084/4377/6416 2922/4379/6416 3110/5248/6416 3080/5235/6416
f 2443/4367/6417 2080/3614/6417 2441/3613/6417
f 2883/5082/6418 2609/4865/6418 2482/4014/6418
f 2048/3541/6419 2464/3923/6419 2747/3542/6419
f 2294/3855/6420 2295/4336/6420 2520/3856/6420
f 2744/5249/6421 2360/5250/6421 2021/5251/6421
f 2312/5252/6422 2487/5253/6422 2833/5254/6422
f 2833/4072/6423 2487/4751/6423 2076/4073/6423
f 2805/4996/6424 2379/3629/6424 3026/4709/6424 2965/4964/6424
f 2272/3843/6425 2005/3842/6425 3078/4988/6425 3077/4755/6425
f 2522/4169/6426 3076/4633/6426 3072/4632/6426 2832/3645/6426
f 2480/4406/6427 3061/5155/6427 3060/5154/6427 2285/5083/6427
f 1943/4764/6428 3058/5206/6429 3076/4633/6430 2522/4169/6430
f 2653/3690/4331 2629/3460/4330 2225/3543/6431
f 2550/4728/6432 2295/4336/6432 3050/3606/6432 3071/3605/6432
f 2271/4594/6433 2272/3843/6433 3046/4754/6433 3073/4966/6433
f 2901/4796/6434 1956/4656/6434 2310/3665/6434
f 2935/4593/6059 2271/4594/6435 3073/4966/6435 3040/4585/6060
f 2884/4538/6436 2935/4600/6436 3039/5144/5945 3070/4539/5945
f 2518/4803/6437 3066/5008/6437 3038/4963/6437 2853/4402/6437
f 2061/3596/6438 3057/3627/6438 3037/3609/6438 2060/3594/6438
f 1883/4738/5918 1931/4618/6439 1905/3499/5916
f 2920/3973/6440 2808/3972/6440 3033/4672/6440 3079/4635/6440
f 2188/3824/6441 2679/3792/6441 3032/4614/6441 3041/4613/6441
f 2679/3792/6442 2882/3791/6442 3067/4537/6442 3031/5067/6442
f 3008/4651/6443 2857/3698/6443 2958/4649/6443
f 2408/5049/6444 3042/5119/6444 3027/4801/6444 2161/3555/6444
f 2161/3555/6445 3027/4801/6445 3045/4069/6445 2518/4803/6445
f 2518/4803/6446 3021/4071/6446 3066/5008/6446
f 2126/5120/6447 2292/5012/6447 3064/5129/6447 3014/5128/6447
f 2408/5049/6448 2753/5162/6448 3034/3438/6448 3013/3437/6448
f 2408/5049/6449 3013/3437/6449 3042/5119/6449
f 2000/4478/6450 3009/4477/6122 3010/4359/4594 2850/4776/6451
f 2244/4756/6452 3077/4755/6452 3078/4988/6452 1999/3600/6452
f 2401/3967/6453 2465/3477/6453 3018/4883/6453 3005/3968/6453
f 1943/4764/6428 3004/4273/6454 3058/5206/6429
f 2609/4865/6455 2477/4982/6455 2610/4235/6455
f 2804/4891/6456 3020/4715/6456 3001/4714/6456 2218/4471/6456
f 2519/4664/6457 3063/4774/6457 2997/4773/6458 1944/4640/6459
f 2681/4901/6460 1944/4640/6459 2997/4773/6458 2998/4770/6460
f 2808/4814/6461 2850/4776/6461 2996/3539/6461 3068/3538/6461
f 2850/4776/6451 3010/4359/4594 2996/3539/4593
f 1980/4382/6462 3002/3392/6462 2995/4540/6462 2361/3925/6462
f 1929/3729/6463 2662/3728/6463 2619/4380/6463
f 2743/4987/6464 2126/5120/6464 2994/5151/6464 3049/4163/6464
f 2928/4206/6169 2219/4473/6168 3007/4464/6465 2990/4463/6465
f 2920/3973/6466 2988/4634/6466 2992/5029/6466 2421/3414/6466
f 2060/3594/6467 3036/3608/6467 2986/4462/6467
f 2804/4891/6468 2983/4485/6468 2985/4955/6468
f 2884/4538/6469 3069/3567/6469 2982/3566/6469 2729/5255/6469
f 2900/4583/6470 2981/4486/6470 2983/4485/6470 2804/4891/6470
f 2146/4113/6471 1870/4741/6471 2980/4740/6471 2979/4653/6471
f 1913/3704/6472 2504/4448/6472 2263/3643/6472
f 2392/3959/6473 3017/4693/6473 2976/4692/6473 2929/3997/6473
f 2008/4690/6474 2010/3825/6474 2339/3754/6474
f 2628/4250/6475 2015/3815/6475 2012/3465/6475
f 1980/4382/6476 2973/3393/6476 3002/3392/6476
f 2669/4248/6477 2919/4077/6477 2972/4438/6477 3015/3868/6477
f 2652/5256/6478 2799/5257/6478 2067/5258/6478
f 1928/3994/6479 2703/3439/6479 2340/5085/6479
f 2429/4497/6480 2192/3470/6480 2428/3469/6480
f 2457/3462/6481 2370/3831/6481 2371/4533/6481
f 2555/3500/6482 2125/4123/6482 2554/4199/6482
f 2060/3594/6483 2986/4462/6483 2968/4856/6483 2661/4595/6483
f 2900/4583/6484 2661/4595/6484 2968/4856/6484 3051/4582/6484
f 2984/4627/4855 2974/4629/4855 1914/4730/6485 2828/4729/6485
f 2526/5017/6486 2395/3407/6486 1889/3406/6486
f 2603/4708/6487 2975/5035/6487 2967/4766/6487
f 2025/3678/4895 2086/3741/4894 2699/4124/6488
f 2174/4557/6489 2585/3474/6489 2584/5114/6489
f 2853/4402/6490 2965/4964/6490 3026/4709/6490 2420/3841/6490
f 2126/5120/6491 3014/5128/6491 2964/4790/6491
f 2218/4471/6492 3001/4714/6492 2963/4469/6492
f 2753/5162/6493 2962/3941/6493 3034/3438/6493
f 2361/5259/6494 2995/5086/6494 2962/3941/6494 2753/5162/6494
f 2603/4708/6495 1859/4200/6495 2961/5036/6495 2975/5035/6495
f 2285/5083/6496 2960/5170/6496 3028/4992/6496 2574/4407/6496
f 2712/3795/6497 2836/4427/6497 2842/4842/6497
f 1934/4198/6198 2506/4022/6498 3076/4633/6498 3058/5206/6199
f 2519/4664/6499 2957/4663/6499 2971/5126/6499
f 2153/3412/6500 2956/3907/6500 2978/3599/6500 2005/3842/6500
f 3017/4693/6501 3016/3958/6501 2364/3427/6501
f 2202/5260/6502 2953/4677/6502 2952/4139/6502
f 2414/4918/6503 2202/5260/6503 2952/4139/6503 3024/4138/6503
f 2993/4789/6504 2104/4491/6504 2994/5151/6504
f 2929/3997/6505 2949/4681/6505 3061/4680/6505 2480/3518/6505
f 2137/5261/6506 2948/5262/6506 2950/4782/6506 2797/4784/6506
f 2162/3501/6507 2527/4366/6507 2810/5071/6507
f 2681/4901/6508 2998/4770/6508 2947/4274/6508
f 2681/4901/6509 2947/4274/6509 3004/4273/6509 1943/4764/6509
f 2928/5080/6510 2946/5079/6510 2999/5263/6510
f 2729/4325/6511 2945/4324/6511 2944/3836/6511
f 2743/4987/6512 3056/4093/6512 2943/3957/6512 2392/3959/6512
f 2053/5264/6513 2942/4727/6513 3022/4726/6513 2916/4854/6513
f 2562/4496/6514 2966/4813/6514 2942/4812/6514 2053/3585/6514
f 2110/4203/6515 2141/3951/6515 3083/5265/6515 3081/5266/6515
f 2520/3856/6516 2550/4728/6516 3074/4104/6516 2941/3552/6516
f 2841/5267/6517 2493/4561/6517 2119/4560/6517
f 2092/4682/6518 2614/4105/6518 2774/3756/6518
f 2421/3414/6519 2992/5029/6519 2939/4449/6519
f 2928/4206/5479 2999/4035/6520 2938/3828/6520 2023/3563/5480
f 2023/3563/6521 2938/3828/6521 2937/3827/6521 2202/5260/6521
f 2202/5260/6522 2937/3827/6522 2953/4677/6522
f 2218/4471/6523 3030/4470/6523 2936/4849/6523
f 2219/4473/4698 2218/4471/4697 2936/4849/6524 3007/4464/6524
f 2303/3872/6525 2203/3871/6525 3086/5268/6525 3091/4201/6525
f 2456/5240/6526 2891/4864/6526 3109/5269/6526 3098/5270/6526
f 2534/3961/6527 2177/4936/6527 3085/5271/6527 3099/3962/6527
f 2412/4263/6528 2293/4017/6528 3090/5272/6528 3096/5273/6528
f 2177/4936/6529 2273/5064/6529 3089/5274/6529 3085/5271/6529
f 1915/3489/6530 2324/4236/6530 3093/5118/6530 2738/5275/6530
f 2693/4241/6531 2837/4734/6531 3107/5276/6531 3105/5148/6531
f 1899/4092/6532 2872/4304/6532 3108/5277/6532 2796/5278/6532
f 2588/5116/6533 2587/4090/6533 3102/5279/6533 3103/5117/6533
f 2155/4705/6534 2131/4447/6534 3082/5280/6534 3084/4882/6534
f 2626/4910/6535 2345/4911/6535 3094/5281/6535 3104/5282/6535
f 2203/3871/6536 2559/5234/6536 3100/5236/6536 3086/5268/6536
f 2293/4017/6537 2110/4203/6537 3081/5266/6537 3090/5272/6537
f 2131/4447/6538 2322/4932/6538 3092/5044/6538 3082/5280/6538
f 2141/3951/6539 2026/4225/6539 1977/5283/6539 3083/5265/6539
f 1855/5037/6540 2961/5036/6540 3111/5284/6540 1909/5101/6540
f 2891/5285/6541 2744/5249/6541 3106/5286/6541 3109/5287/6541
f 2026/4225/6542 1915/5288/6542 2738/5289/6542 1977/5283/6542
f 2744/5249/6543 2021/5251/6543 1978/5290/6543 3106/5286/6543
f 2872/4304/6544 2059/3960/6544 2050/3963/6544 3108/5277/6544
f 2837/4734/6545 2412/4263/6545 3096/5273/6545 3107/5276/6545
f 2961/5036/6546 1859/4200/6546 1906/4202/6546 3111/5284/6546
f 2021/3561/6547 2414/4918/6547 3097/4919/6547 1978/5291/6547
f 2345/4405/6548 1921/4384/6548 1988/4387/6548 3094/5292/6548
f 2922/4379/6549 2207/4956/6549 3087/5191/6549 3110/5248/6549
f 2587/4090/6550 1899/4092/6550 2796/5278/6550 3102/5279/6550
f 3337/5293/6551 3379/5294/6551 3392/5295/6551 3373/5296/6551
f 3305/5297/6552 3264/5298/6552 3306/5299/6552
f 3295/5300/6553 3321/5301/6553 3328/5302/6553
f 3312/5303/6554 3251/5304/6554 3254/5305/6554
f 3114/5306/6555 3325/5307/6555 3124/5308/6555
f 3392/5309/6556 3317/5310/6556 3297/5311/6556
f 3310/5312/6557 3397/5313/6557 3160/5314/6557
f 3292/5315/6558 3215/5316/6558 3308/5317/6558
f 3145/5318/6559 3246/5319/6559 3370/5320/6559
f 3116/5321/6560 3311/5322/6560 3405/5323/6560
f 3361/5324/6561 3326/5325/6561 3338/5326/6561
f 3119/5327/6562 3380/5328/6562 3121/5329/6562
f 3394/5330/6563 3154/5331/6563 3369/5332/6563
f 3300/5333/6564 3394/5330/6564 3369/5332/6564
f 3255/5334/6565 3395/5335/6566 3388/5336/6567
f 3321/5337/6568 3389/5338/6568 3327/5339/6568
f 3116/5321/6569 3334/5340/6569 3359/5341/6569
f 3359/5341/6570 3335/5342/6570 3324/5343/6570
f 3391/5344/6571 3155/5345/6571 3249/5346/6571
f 3387/5347/6572 3383/5348/6572 3316/5349/6572
f 3326/5325/6573 3156/5350/6573 3338/5326/6573
f 3358/5351/6574 3265/5352/6574 3345/5353/6574
f 3340/5354/6575 3328/5355/6575 3327/5339/6575
f 3147/5356/6576 3311/5322/6576 3403/5357/6576
f 3346/5358/6577 3246/5319/6577 3145/5318/6577
f 3129/5359/6578 3360/5360/6578 3114/5306/6578
f 3405/5323/6579 3311/5322/6579 3329/5361/6579
f 3390/5362/6580 3308/5363/6580 3307/5364/6580
f 3383/5348/6581 3387/5347/6581 3151/5365/6581
f 3151/5365/6582 3157/5366/6582 3383/5348/6582
f 3152/5367/6583 3400/5368/6583 3298/5369/6583
f 3138/5370/6584 3364/5371/6584 3372/5372/6584
f 3377/5373/6585 3296/5374/6585 3334/5340/6585
f 3333/5375/6586 3356/5376/6586 3350/5377/6586
f 3124/5308/6587 3325/5307/6587 3366/5378/6587
f 3141/5379/6588 3113/5380/6588 3365/5381/6588
f 3375/5382/6589 3295/5300/6589 3248/5383/6589
f 3133/5384/6590 3359/5341/6590 3314/5385/6590
f 3396/5386/6591 3143/5387/6591 3152/5388/6591
f 3156/5350/6592 3127/5389/6592 3333/5375/6592
f 3402/5390/6593 3318/5391/6593 3299/5392/6593
f 3304/5393/6594 3331/5394/6594 3401/5395/6594
f 3292/5396/6595 3309/5397/6595 3215/5398/6595
f 3149/5399/6596 3406/5400/6596 3382/5401/6596
f 3389/5338/6597 3370/5320/6597 3246/5319/6597
f 3299/5392/6598 3339/5402/6598 3310/5312/6598
f 3386/5403/6599 3317/5310/6599 3379/5404/6599
f 3140/5405/6600 3353/5406/6600 3293/5407/6600
f 3302/5408/6601 3401/5395/6602 3128/5409/6603
f 3119/5327/6604 3301/5410/6604 3159/5411/6604
f 3346/5358/6605 3145/5318/6605 3360/5360/6605
f 3316/5412/6606 3366/5378/6606 3140/5405/6606
f 3338/5326/6607 3156/5350/6607 3123/5413/6607
f 3347/5414/6608 3336/5415/6608 3330/5416/6608
f 3123/5417/6609 3384/5418/6609 3303/5419/6609
f 3340/5354/6610 3346/5358/6610 3129/5359/6610
f 3391/5344/6611 3315/5420/6611 3375/5382/6611
f 3294/5421/6612 3313/5422/6612 3314/5385/6612
f 3319/5423/6613 3294/5421/6613 3324/5343/6613
f 3363/5424/6614 3135/5425/6614 3374/5426/6614
f 3132/5427/6615 3318/5391/6615 3328/5302/6615
f 3366/5378/6616 3303/5419/6617 3124/5308/6618
f 3150/5428/6619 3386/5403/6619 3379/5404/6619
f 3358/5351/6620 3142/5429/6620 3337/5293/6620
f 3301/5410/6621 3119/5327/6622 3127/5389/6623
f 3380/5328/6624 3386/5403/6624 3150/5428/6624
f 3136/5430/6625 3351/5431/6625 3332/5432/6625
f 3295/5300/6626 3318/5391/6626 3248/5383/6626
f 3130/5433/6627 3369/5434/6627 3291/5435/6627
f 3291/5435/6628 3407/5436/6628 3130/5433/6628
f 3395/5335/6566 3255/5334/6565 3370/5320/6629
f 3117/5437/6630 3113/5380/6630 3141/5379/6630
f 3298/5438/6631 3251/5304/6631 3312/5303/6631
f 3136/5439/6632 3262/5440/6632 3122/5441/6632
f 3138/5370/6633 3353/5406/6633 3140/5405/6633
f 3291/5435/6634 3120/5442/6634 3407/5436/6634
f 3122/5441/6635 3352/5443/6635 3394/5330/6635
f 3394/5330/6636 3256/5444/6636 3122/5441/6636
f 3302/5408/6637 3161/5445/6637 3159/5411/6637
f 3339/5446/6638 3397/5447/6638 3310/5448/6638
f 3354/5449/6639 3343/5450/6639 3392/5309/6639
f 3332/5451/6640 3391/5344/6640 3249/5346/6640
f 3143/5387/6641 3396/5386/6641 3331/5394/6641
f 3330/5416/6642 3138/5370/6642 3257/5452/6642
f 3144/5453/6643 3148/5454/6643 3158/5455/6643
f 3319/5423/6644 3324/5343/6644 3154/5331/6644
f 3336/5415/6645 3292/5396/6645 3308/5363/6645
f 3247/5456/6646 3143/5457/6646 3126/5458/6646
f 3365/5381/6647 3118/5459/6647 3141/5379/6647
f 3129/5359/6648 3339/5446/6648 3132/5460/6648
f 3353/5406/6649 3138/5370/6650 3372/5372/6651
f 3396/5386/6652 3398/5461/6652 3128/5409/6652
f 3378/5462/6653 3397/5447/6653 3339/5446/6653
f 3134/5463/6654 3406/5400/6654 3149/5399/6654
f 3152/5388/6655 3298/5438/6655 3398/5461/6655
f 3121/5329/6656 3333/5375/6656 3127/5389/6656
f 3386/5403/6657 3380/5328/6658 3159/5411/6659
f 3303/5419/6617 3366/5378/6616 3361/5464/6660
f 3253/5465/6661 3344/5466/6661 3137/5467/6661
f 3343/5468/6662 3373/5296/6662 3392/5295/6662
f 3156/5350/6663 3326/5325/6663 3127/5389/6663
f 3326/5325/6664 3383/5348/6664 3157/5366/6664
f 3322/5469/6665 3323/5470/6665 3348/5471/6665
f 3153/5472/6666 3355/5473/6666 3388/5336/6666
f 3324/5343/6667 3261/5474/6667 3154/5331/6667
f 3373/5296/6668 3343/5468/6668 3149/5399/6668
f 3250/5475/6669 3258/5476/6669 3115/5477/6669
f 3393/5478/6670 3293/5407/6670 3353/5406/6670
f 3319/5423/6671 3155/5345/6671 3294/5421/6671
f 3399/5479/6672 3309/5397/6672 3292/5396/6672
f 3315/5420/6673 3321/5301/6673 3375/5382/6673
f 3393/5478/6674 3372/5372/6674 3135/5480/6674
f 3398/5461/6675 3312/5303/6675 3368/5481/6675
f 3403/5357/6676 3404/5482/6676 3402/5390/6676
f 3334/5340/6677 3137/5467/6677 3335/5342/6677
f 3296/5374/6678 3118/5459/6678 3137/5467/6678
f 3297/5311/6679 3161/5445/6679 3139/5483/6679
f 3326/5325/6680 3131/5484/6680 3127/5389/6680
f 3248/5383/6681 3404/5482/6681 3313/5422/6681
f 3118/5459/6682 3365/5381/6682 3142/5485/6682
f 3160/5314/6683 3329/5361/6683 3147/5356/6683
f 3160/5314/6684 3384/5486/6684 3162/5487/6684
f 3401/5395/6685 3376/5488/6685 3151/5365/6685
f 3123/5413/6686 3156/5350/6686 3350/5377/6686
f 3403/5357/6687 3133/5384/6687 3404/5482/6687
f 3248/5383/6688 3313/5422/6688 3375/5382/6688
f 3123/5489/6689 3350/5490/6689 3162/5487/6689
f 3131/5484/6690 3376/5488/6690 3301/5410/6690
f 3488/5491/6691 3502/5492/6691 3271/5493/6691
f 3271/5493/6692 3472/5494/6692 3488/5491/6692
f 3446/5495/6693 3473/5496/6693 3424/5497/6693
f 3229/5498/6694 3477/5499/6694 3430/5500/6694
f 3235/5501/6695 3232/5502/6695 3422/5503/6695
f 3506/5504/6696 3425/5505/6696 3444/5506/6696
f 3414/5507/6697 3470/5508/6697 3411/5509/6697
f 3191/5510/6698 3431/5511/6698 3450/5512/6698
f 3235/5501/6699 3479/5513/6699 3290/5514/6699
f 3491/5515/6700 3429/5516/6700 3415/5517/6700
f 3205/5518/6701 3434/5519/6701 3201/5520/6701
f 3441/5521/6702 3443/5522/6702 3509/5523/6702
f 3465/5524/6703 3475/5525/6703 3471/5526/6703
f 3505/5527/6704 3452/5528/6704 3476/5529/6704
f 3193/5530/6705 3450/5512/6705 3463/5531/6705
f 3485/5532/6706 3509/5523/6706 3180/5533/6706
f 3210/5534/6707 3467/5535/6707 3287/5536/6707
f 3273/5537/6708 3188/5538/6708 3167/5539/6708
f 3214/5540/6709 3441/5521/6709 3475/5541/6709
f 3415/5517/6710 3468/5542/6710 3211/5543/6710
f 3183/5544/6711 3445/5545/6711 3165/5546/6711
f 3442/5547/6712 3280/5548/6712 3189/5549/6712
f 3496/5550/6713 3504/5551/6714 3416/5552/6715
f 3203/5553/6716 3213/5554/6716 3214/5555/6716
f 3214/5555/6717 3447/5556/6717 3203/5553/6717
f 3274/5557/6718 3439/5558/6718 3497/5559/6718
f 3410/5560/6719 3413/5561/6719 3473/5496/6719
f 3279/5562/6720 3478/5563/6720 3456/5564/6720
f 3169/5565/6721 3478/5563/6721 3279/5562/6721
f 3465/5566/6722 3214/5540/6722 3475/5541/6722
f 3410/5560/6723 3485/5532/6723 3413/5561/6723
f 3176/5567/6724 3174/5568/6724 3437/5569/6724
f 3290/5514/6725 3479/5513/6725 3277/5570/6725
f 3411/5509/6726 3472/5494/6726 3271/5493/6726
f 3194/5571/6727 3460/5572/6727 3492/5573/6727
f 3414/5507/6728 3164/5574/6728 3494/5575/6728
f 3184/5576/6729 3494/5575/6729 3438/5577/6729
f 3438/5577/6730 3450/5578/6730 3184/5576/6730
f 3456/5564/6731 3173/5579/6731 3204/5580/6731
f 3198/5581/6732 3495/5582/6732 3175/5583/6732
f 3500/5584/6733 3273/5537/6733 3167/5539/6733
f 3465/5524/6734 3447/5556/6734 3214/5555/6734
f 3438/5577/6735 3168/5585/6735 3267/5586/6735
f 3411/5509/6736 3418/5587/6736 3472/5494/6736
f 3212/5588/6737 3443/5522/6737 3214/5540/6737
f 3410/5560/6738 3471/5589/6738 3475/5541/6738
f 3410/5560/6739 3436/5590/6739 3471/5589/6739
f 3218/5591/6740 3279/5562/6740 3409/5592/6740
f 3427/5593/6741 3423/5594/6741 3200/5595/6741
f 3202/5596/6742 3419/5597/6742 3469/5598/6742
f 3287/5599/6743 3467/5600/6743 3418/5587/6743
f 3178/5601/6744 3461/5602/6744 3282/5603/6744
f 3288/5604/6745 3430/5500/6745 3503/5605/6745
f 3486/5606/6746 3163/5607/6746 3429/5516/6746
f 3178/5601/6747 3483/5608/6747 3199/5609/6747
f 3420/5610/6748 3196/5611/6748 3179/5612/6748
f 3171/5613/6749 3445/5545/6750 3201/5520/6751
f 3486/5606/6752 3471/5526/6752 3436/5614/6752
f 3267/5586/6753 3456/5564/6753 3478/5563/6753
f 3193/5530/6754 3184/5615/6754 3450/5512/6754
f 3192/5616/6755 3484/5617/6756 3185/5618/6757
f 3495/5619/6758 3170/5620/6758 3488/5491/6758
f 3453/5621/6759 3507/5622/6759 3179/5612/6759
f 3182/5623/6760 3188/5538/6760 3275/5624/6760
f 3417/5625/6761 3179/5612/6761 3196/5611/6761
f 3192/5616/6755 3185/5618/6757 3423/5594/6762
f 3268/5626/6763 3431/5511/6763 3483/5608/6763
f 3483/5608/6764 3431/5511/6764 3482/5627/6764
f 3488/5491/6765 3472/5494/6765 3428/5628/6765
f 3185/5618/6766 3175/5583/6766 3210/5534/6766
f 3167/5539/6767 3502/5492/6767 3500/5584/6767
f 3477/5499/6768 3229/5498/6768 3278/5629/6768
f 3274/5630/6769 3482/5627/6769 3191/5510/6769
f 3185/5618/6770 3484/5617/6770 3198/5581/6770
f 3283/5631/6771 3269/5632/6771 3208/5633/6771
f 3204/5580/6772 3166/5634/6772 3457/5635/6772
f 3439/5558/6773 3267/5586/6773 3497/5559/6773
f 3178/5601/6774 3437/5569/6774 3412/5636/6774
f 3491/5515/6775 3427/5593/6775 3429/5516/6775
f 3507/5622/6776 3189/5549/6776 3505/5527/6776
f 3186/5637/6777 3174/5568/6777 3180/5533/6777
f 3481/5638/6778 3468/5639/6779 3499/5640/6780
f 3427/5593/6781 3486/5606/6781 3429/5516/6781
f 3448/5641/6782 3460/5572/6782 3194/5571/6782
f 3443/5522/6783 3444/5506/6783 3172/5642/6783
f 3473/5496/6784 3413/5561/6785 3207/5643/6786
f 3477/5644/6787 3278/5645/6787 3187/5646/6787
f 3485/5532/6788 3410/5560/6788 3475/5541/6788
f 3194/5571/6789 3461/5602/6789 3199/5609/6789
f 3502/5492/6790 3488/5491/6790 3462/5647/6790
f 3199/5609/6791 3461/5602/6791 3178/5601/6791
f 3449/5648/6792 3425/5649/6792 3506/5650/6792
f 3463/5531/6793 3177/5651/6793 3186/5637/6793
f 3207/5643/6794 3176/5567/6794 3455/5652/6794
f 3480/5653/6795 3272/5654/6795 3190/5655/6795
f 3196/5611/6796 3484/5617/6796 3192/5616/6796
f 3281/5656/6797 3479/5513/6797 3188/5538/6797
f 3452/5528/6798 3505/5527/6798 3189/5549/6798
f 3282/5603/6799 3437/5569/6799 3178/5601/6799
f 3172/5642/6800 3425/5505/6800 3508/5657/6800
f 3419/5658/6801 3206/5659/6801 3197/5660/6801
f 3509/5523/6802 3485/5532/6802 3441/5521/6802
f 3474/5661/6803 3211/5543/6803 3181/5662/6803
f 3181/5662/6804 3453/5621/6804 3474/5661/6804
f 3209/5663/6805 3189/5549/6805 3507/5622/6805
f 3200/5595/6806 3501/5664/6806 3447/5556/6806
f 3478/5563/6807 3497/5559/6807 3267/5586/6807
f 3427/5593/6808 3491/5515/6808 3192/5616/6808
f 3208/5665/6809 3269/5666/6809 3448/5641/6809
f 3487/5667/6810 3499/5640/6810 3165/5546/6810
f 3488/5491/6811 3428/5628/6811 3493/5668/6811
f 3493/5668/6812 3495/5619/6812 3488/5491/6812
f 3420/5610/6813 3476/5529/6813 3206/5659/6813
f 3418/5587/6814 3467/5600/6814 3428/5628/6814
f 3496/5550/6815 3283/5669/6815 3504/5551/6815
f 3424/5497/6816 3207/5643/6816 3464/5670/6816
f 3201/5671/6817 3241/5672/6817 3205/5673/6817
f 3204/5580/6818 3457/5635/6818 3275/5624/6818
f 3271/5493/6819 3182/5623/6819 3457/5635/6819
f 3175/5583/6820 3493/5674/6820 3210/5534/6820
f 3187/5646/6821 3408/5675/6821 3446/5676/6821
f 3446/5676/6822 3424/5677/6822 3187/5646/6822
f 3448/5641/6823 3498/5678/6823 3208/5665/6823
f 3205/5518/6824 3459/5679/6824 3432/5680/6824
f 3283/5681/6825 3208/5682/6825 3435/5683/6825
f 3268/5626/6826 3463/5531/6826 3431/5511/6826
f 3413/5561/6827 3485/5532/6827 3490/5684/6827
f 3482/5627/6828 3274/5630/6828 3208/5665/6828
f 3421/5685/6829 3241/5672/6829 3201/5671/6829
f 3420/5610/6830 3206/5659/6830 3198/5581/6830
f 3453/5621/6831 3179/5612/6831 3474/5661/6831
f 3286/5686/6832 3440/5687/6832 3209/5663/6832
f 3473/5496/6833 3446/5495/6833 3466/5688/6833
f 3507/5622/6834 3505/5527/6834 3179/5612/6834
f 3185/5618/6835 3210/5534/6835 3501/5664/6835
f 3200/5595/6836 3423/5594/6836 3501/5664/6836
f 3463/5531/6837 3508/5657/6837 3193/5530/6837
f 3214/5540/6838 3213/5689/6838 3212/5588/6838
f 3146/5690/6839 3367/5691/6839 3205/5692/6839
f 3126/5458/6840 3240/5693/6841 3226/5694/6842
f 3221/5695/6843 3278/5629/6843 3229/5498/6843
f 3252/5696/6844 3228/5697/6844 3216/5698/6844
f 3228/5699/6845 3272/5654/6845 3216/5700/6845
f 3195/5701/6846 3120/5702/6846 3289/5703/6846
f 3480/5704/6847 3240/5705/6847 3216/5706/6847
f 3217/5707/6848 3348/5708/6848 3237/5709/6848
f 3237/5709/6849 3458/5710/6849 3217/5707/6849
f 3218/5711/6850 3309/5712/6850 3399/5713/6850
f 3218/5711/6851 3409/5714/6851 3309/5712/6851
f 3243/5715/6852 3351/5431/6852 3136/5430/6852
f 3460/5716/6853 3351/5431/6853 3243/5715/6853
f 3269/5717/6854 3153/5718/6855 3245/5719/6856
f 3448/5720/6857 3269/5717/6857 3245/5719/6857
f 3219/5721/6858 3406/5400/6858 3230/5722/6858
f 3230/5723/6859 3481/5724/6859 3219/5725/6859
f 3218/5711/6860 3399/5713/6860 3220/5726/6860
f 3220/5727/6861 3279/5562/6861 3218/5591/6861
f 3276/5728/6862 3232/5502/6862 3215/5729/6862
f 3407/5436/6863 3195/5730/6863 3221/5731/6863
f 3222/5732/6864 3307/5733/6864 3232/5734/6864
f 3232/5735/6865 3235/5736/6865 3222/5737/6865
f 3400/5738/6866 3440/5739/6866 3224/5740/6866
f 3225/5741/6867 3341/5742/6867 3323/5470/6867
f 3225/5741/6868 3323/5470/6868 3322/5469/6868
f 3442/5743/6869 3247/5456/6869 3226/5694/6869
f 3227/5744/6870 3258/5476/6870 3250/5475/6870
f 3236/5745/6871 3300/5746/6871 3229/5747/6871
f 3229/5747/6872 3430/5748/6872 3236/5745/6872
f 3332/5432/6873 3351/5431/6873 3245/5719/6873
f 3351/5431/6874 3460/5716/6874 3245/5719/6874
f 3309/5749/6875 3409/5750/6875 3215/5751/6875
f 3230/5723/6876 3181/5662/6876 3481/5724/6876
f 3234/5752/6877 3281/5656/6877 3273/5537/6877
f 3273/5537/6878 3228/5699/6878 3234/5752/6878
f 3492/5753/6879 3256/5754/6879 3288/5755/6879
f 3322/5756/6880 3217/5757/6880 3277/5570/6880
f 3320/5758/6881 3258/5476/6881 3227/5744/6881
f 3459/5759/6882 3367/5691/6882 3349/5760/6882
f 3233/5761/6883 3259/5762/6883 3260/5763/6883
f 3289/5764/6884 3120/5442/6884 3408/5765/6884
f 3234/5766/6885 3342/5767/6885 3341/5742/6885
f 3341/5742/6886 3225/5741/6886 3234/5766/6886
f 3241/5768/6887 3305/5769/6887 3146/5770/6887
f 3146/5771/6888 3205/5772/6888 3241/5773/6888
f 3408/5765/6889 3120/5442/6889 3231/5774/6889
f 3285/5775/6890 3408/5776/6890 3231/5777/6890
f 3237/5778/6891 3348/5779/6891 3263/5780/6891
f 3237/5778/6892 3263/5780/6892 3290/5781/6892
f 3290/5782/6893 3458/5783/6893 3237/5784/6893
f 3125/5785/6894 3320/5758/6894 3238/5786/6894
f 3320/5787/6895 3432/5788/6895 3238/5789/6895
f 3432/5680/6896 3459/5679/6896 3238/5790/6896
f 3240/5693/6897 3126/5458/6897 3374/5426/6897
f 3231/5774/6898 3264/5298/6898 3241/5791/6898
f 3285/5792/6899 3231/5793/6899 3241/5794/6899
f 3243/5715/6900 3122/5795/6900 3492/5753/6900
f 3244/5796/6901 3454/5797/6901 3270/5798/6901
f 3270/5799/6902 3227/5800/6902 3244/5801/6902
f 3223/5802/6903 3406/5400/6903 3219/5721/6903
f 3510/5803/6904 3223/5804/6904 3219/5725/6904
f 3244/5805/6905 3266/5806/6905 3382/5401/6905
f 3382/5401/6906 3223/5802/6906 3244/5805/6906
f 3440/5807/6907 3400/5368/6907 3209/5808/6907
f 3113/5380/6908 3356/5809/6908 3371/5810/6908
f 3328/5355/6909 3321/5337/6909 3327/5339/6909
f 3379/5294/6910 3337/5293/6910 3142/5429/6910
f 3300/5333/6911 3369/5332/6911 3130/5811/6911
f 3323/5812/6912 3263/5780/6912 3348/5779/6912
f 3394/5330/6913 3352/5443/6913 3154/5331/6913
f 3360/5360/6914 3257/5452/6914 3325/5307/6914 3114/5306/6914
f 3257/5452/6915 3140/5405/6915 3366/5378/6915
f 3356/5809/6916 3113/5380/6916 3117/5437/6916 3350/5490/6916
f 3147/5356/6917 3329/5361/6917 3311/5322/6917
f 3381/5813/6918 3405/5323/6918 3329/5361/6918
f 3386/5403/6919 3159/5411/6919 3161/5445/6919
f 3161/5445/6920 3297/5311/6920 3386/5403/6920
f 3249/5346/6921 3262/5440/6921 3332/5451/6921
f 3393/5478/6922 3363/5814/6922 3293/5407/6922
f 3144/5453/6923 3143/5387/6923 3331/5394/6923
f 3222/5815/6924 3263/5816/6924 3307/5817/6924
f 3385/5818/6925 3364/5371/6925 3342/5819/6925
f 3370/5320/6926 3399/5479/6926 3145/5318/6926
f 3118/5459/6927 3358/5820/6927 3345/5821/6927
f 3296/5374/6928 3377/5373/6928 3141/5379/6928
f 3377/5373/6929 3334/5340/6929 3116/5321/6929
f 3377/5373/6930 3116/5321/6930 3405/5323/6930
f 3303/5822/6931 3338/5326/6931 3123/5413/6931
f 3333/5375/6932 3350/5377/6932 3156/5350/6932
f 3117/5437/6933 3381/5813/6933 3350/5490/6933
f 3297/5311/6934 3139/5483/6934 3354/5449/6934 3392/5309/6934
f 3118/5459/6935 3296/5374/6935 3141/5379/6935
f 3115/5477/6936 3362/5823/6936 3382/5401/6936 3250/5475/6936
f 3324/5343/6937 3335/5342/6937 3344/5466/6937
f 3326/5325/6938 3157/5366/6938 3131/5484/6938
f 3259/5762/6939 3399/5479/6939 3370/5320/6939
f 3121/5329/6940 3356/5376/6940 3333/5375/6940
f 3334/5340/6941 3335/5342/6941 3359/5341/6941
f 3150/5428/6942 3365/5824/6942 3371/5825/6942
f 3257/5452/6943 3366/5378/6943 3325/5307/6943
f 3357/5826/6944 3389/5338/6944 3321/5337/6944
f 3337/5293/6945 3362/5823/6945 3265/5352/6945
f 3306/5299/6946 3345/5353/6946 3265/5352/6946
f 3128/5409/6947 3398/5461/6947 3368/5481/6947
f 3253/5465/6948 3291/5827/6948 3261/5474/6948
f 3383/5348/6949 3361/5324/6949 3316/5349/6949
f 3383/5348/6950 3326/5325/6950 3361/5324/6950
f 3132/5460/6951 3328/5355/6951 3340/5354/6951
f 3314/5385/6952 3359/5341/6952 3294/5421/6952
f 3307/5364/6953 3263/5780/6953 3390/5362/6953
f 3297/5311/6954 3317/5310/6954 3386/5403/6954
f 3364/5371/6955 3385/5818/6955 3372/5372/6955
f 3341/5828/6956 3263/5780/6956 3323/5812/6956
f 3127/5389/6623 3119/5327/6622 3121/5329/6957
f 3381/5813/6958 3329/5361/6958 3162/5487/6958
f 3378/5462/6959 3114/5306/6959 3124/5308/6959
f 3261/5474/6960 3369/5332/6960 3154/5331/6960
f 3371/5810/6961 3365/5381/6961 3113/5380/6961
f 3148/5454/6962 3293/5829/6962 3363/5830/6962
f 3338/5326/6963 3303/5822/6963 3361/5324/6963
f 3352/5443/6964 3319/5423/6964 3154/5331/6964
f 3125/5785/6965 3258/5476/6965 3320/5758/6965
f 3394/5330/6966 3300/5333/6966 3256/5444/6966
f 3299/5392/6967 3318/5391/6967 3132/5427/6967
f 3262/5440/6968 3155/5345/6969 3319/5423/6970
f 3143/5387/6971 3158/5455/6971 3126/5831/6971
f 3134/5463/6972 3254/5832/6972 3406/5400/6972
f 3134/5833/6973 3354/5449/6973 3254/5305/6973
f 3159/5411/6974 3301/5410/6974 3376/5488/6974
f 3397/5447/6975 3124/5308/6975 3384/5418/6975
f 3293/5407/6976 3316/5412/6976 3140/5405/6976
f 3157/5366/6977 3151/5365/6977 3131/5484/6977
f 3117/5437/6978 3377/5373/6978 3405/5323/6978
f 3117/5437/6979 3405/5323/6979 3381/5813/6979
f 3390/5362/6980 3364/5371/6980 3330/5416/6980
f 3128/5409/6603 3368/5481/6981 3302/5408/6601
f 3360/5360/6982 3145/5318/6982 3347/5414/6982
f 3155/5345/6983 3375/5382/6983 3313/5422/6983
f 3382/5401/6984 3266/5806/6984 3250/5475/6984
f 3380/5328/6985 3371/5825/6985 3356/5376/6985 3121/5329/6985
f 3118/5459/6986 3142/5485/6986 3358/5820/6986
f 3390/5362/6987 3263/5780/6987 3364/5371/6987
f 3310/5312/6988 3160/5314/6988 3147/5356/6988
f 3357/5826/6989 3395/5335/6989 3389/5338/6989
f 3378/5462/6990 3124/5308/6990 3397/5447/6990
f 3299/5392/6991 3310/5312/6991 3403/5357/6991
f 3403/5357/6992 3402/5390/6992 3299/5392/6992
f 3384/5418/6993 3124/5308/6993 3303/5419/6993
f 3390/5362/6994 3336/5415/6994 3308/5363/6994
f 3330/5416/6995 3336/5415/6995 3390/5362/6995
f 3375/5382/6996 3321/5301/6996 3295/5300/6996
f 3159/5411/6997 3376/5488/6997 3401/5395/6997 3302/5408/6997
f 3371/5825/6998 3380/5328/6998 3150/5428/6998
f 3346/5358/6999 3360/5360/6999 3129/5359/6999
f 3131/5484/7000 3151/5365/7000 3376/5488/7000
f 3253/5465/7001 3261/5474/7001 3344/5466/7001
f 3327/5339/7002 3389/5338/7002 3246/5319/7002
f 3328/5302/7003 3318/5391/7003 3295/5300/7003
f 3396/5386/7004 3152/5388/7004 3398/5461/7004
f 3392/5309/7005 3379/5404/7005 3317/5310/7005
f 3347/5414/7006 3257/5452/7006 3360/5360/7006
f 3133/5384/7007 3116/5321/7007 3359/5341/7007
f 3361/5464/7008 3366/5378/7008 3316/5412/7008
f 3137/5467/7009 3334/5340/7009 3296/5374/7009
f 3372/5372/7010 3385/5818/7010 3135/5480/7010
f 3143/5387/7011 3144/5453/7011 3158/5455/7011
f 3370/5320/7012 3389/5338/7012 3395/5335/7012
f 3134/5463/7013 3343/5468/7013 3354/5834/7013
f 3138/5370/7014 3330/5416/7014 3364/5371/7014
f 3152/5388/7015 3143/5387/7015 3247/5835/7015
f 3247/5456/7016 3400/5368/7016 3152/5367/7016
f 3135/5425/7017 3385/5836/7017 3252/5696/7017
f 3332/5451/7018 3262/5440/7018 3136/5439/7018
f 3298/5438/7019 3312/5303/7019 3398/5461/7019
f 3327/5339/7020 3246/5319/7020 3346/5358/7020
f 3346/5358/7021 3340/5354/7021 3327/5339/7021
f 3369/5332/7022 3261/5474/7022 3291/5827/7022
f 3141/5379/7023 3377/5373/7023 3117/5437/7023
f 3339/5402/7024 3299/5392/7024 3132/5427/7024
f 3262/5440/7025 3352/5443/7025 3122/5441/7025
f 3129/5359/7026 3114/5306/7026 3378/5462/7026
f 3129/5359/7027 3378/5462/7027 3339/5446/7027
f 3138/5370/7028 3140/5405/7028 3257/5452/7028
f 3139/5483/7029 3161/5445/7029 3368/5481/7029
f 3352/5443/7030 3262/5440/7030 3319/5423/7030
f 3404/5482/7031 3133/5384/7031 3314/5385/7031
f 3335/5342/7032 3137/5467/7032 3344/5466/7032
f 3252/5696/7033 3374/5426/7033 3135/5425/7033
f 3404/5482/7034 3314/5385/7034 3313/5422/7034
f 3263/5780/7035 3341/5828/7035 3342/5819/7035 3364/5371/7035
f 3315/5837/7036 3357/5826/7036 3321/5337/7036
f 3347/5414/7037 3145/5318/7037 3336/5415/7037
f 3158/5455/7038 3148/5454/7038 3363/5830/7038
f 3306/5299/7039 3291/5435/7039 3253/5838/7039
f 3306/5299/7040 3253/5838/7040 3345/5353/7040
f 3115/5477/7041 3125/5785/7041 3349/5839/7041 3367/5840/7041
f 3261/5474/7042 3324/5343/7042 3344/5466/7042
f 3293/5829/7043 3148/5454/7043 3387/5347/7043
f 3145/5318/7044 3292/5396/7044 3336/5415/7044
f 3249/5346/7045 3155/5345/6969 3262/5440/6968
f 3359/5341/7046 3324/5343/7046 3294/5421/7046
f 3146/5841/7047 3115/5477/7047 3367/5840/7047
f 3132/5460/7048 3340/5354/7048 3129/5359/7048
f 3147/5356/7049 3403/5357/7049 3310/5312/7049
f 3372/5372/6651 3393/5478/7050 3353/5406/6649
f 3302/5408/7051 3368/5481/7051 3161/5445/7051
f 3149/5399/7052 3343/5468/7052 3134/5463/7052
f 3150/5428/7053 3379/5404/7053 3365/5824/7053
f 3254/5305/7054 3354/5449/7055 3139/5483/7056
f 3254/5305/7054 3139/5483/7056 3312/5303/7057
f 3160/5842/7058 3397/5447/7058 3384/5418/7058
f 3139/5483/7059 3368/5481/7059 3312/5303/7059
f 3159/5411/6659 3380/5328/6658 3119/5327/7060
f 3153/5843/7061 3315/5420/7061 3332/5451/7061
f 3120/5442/7062 3291/5435/7062 3306/5299/7062
f 3306/5299/7063 3264/5298/7063 3120/5442/7063
f 3373/5296/7064 3382/5401/7065 3362/5823/7066
f 3362/5823/7066 3337/5293/7067 3373/5296/7064
f 3293/5407/7068 3387/5844/7068 3316/5412/7068
f 3374/5426/7069 3126/5458/7069 3158/5845/7069
f 3158/5845/7070 3363/5424/7070 3374/5426/7070
f 3304/5393/7071 3144/5453/7071 3331/5394/7071
f 3305/5769/7072 3115/5846/7072 3146/5770/7072
f 3255/5334/7073 3260/5763/7073 3259/5762/7073
f 3259/5762/7074 3370/5320/7074 3255/5334/7074
f 3345/5821/7075 3253/5465/7075 3137/5467/7075
f 3347/5414/7076 3330/5416/7076 3257/5452/7076
f 3362/5823/7077 3115/5477/7077 3265/5352/7077
f 3311/5322/7078 3116/5321/7078 3133/5384/7078
f 3332/5451/7079 3315/5420/7079 3391/5344/7079
f 3315/5837/7080 3153/5472/7080 3388/5336/7080 3357/5826/7080
f 3125/5785/7081 3115/5477/7081 3258/5476/7081
f 3388/5336/7082 3395/5335/7082 3357/5826/7082
f 3402/5390/7083 3404/5482/7083 3248/5383/7083 3318/5391/7083
f 3149/5399/7084 3382/5401/7084 3373/5296/7084
f 3399/5479/7085 3292/5396/7085 3145/5318/7085
f 3387/5347/7086 3148/5454/7086 3144/5453/7086
f 3144/5453/7087 3151/5365/7087 3387/5347/7087
f 3358/5351/7088 3337/5293/7088 3265/5352/7088
f 3489/5847/7089 3213/5848/7089 3418/5587/7089 3470/5508/7089
f 3304/5393/7090 3151/5365/7090 3144/5453/7090
f 3393/5478/7091 3135/5480/7091 3363/5814/7091
f 3400/5738/7092 3251/5849/7092 3298/5850/7092
f 3155/5345/7093 3313/5422/7093 3294/5421/7093
f 3137/5467/7094 3118/5459/7094 3345/5821/7094
f 3301/5410/7095 3127/5389/7095 3131/5484/7095
f 3365/5381/7096 3379/5851/7096 3142/5485/7096
f 3331/5394/7097 3396/5386/7097 3128/5409/7097
f 3128/5409/7098 3401/5395/7098 3331/5394/7098
f 3160/5314/7099 3162/5487/7099 3329/5361/7099
f 3151/5365/7100 3304/5393/7100 3401/5395/7100
f 3375/5382/7101 3155/5345/7101 3391/5344/7101
f 3265/5352/7102 3115/5477/7102 3305/5297/7102
f 3265/5352/7103 3305/5297/7103 3306/5299/7103
f 3403/5357/7104 3311/5322/7104 3133/5384/7104
f 3162/5487/7105 3384/5486/7105 3123/5489/7105
f 3350/5490/7106 3381/5813/7106 3162/5487/7106
f 3477/5499/7107 3455/5652/7107 3282/5603/7107
f 3285/5852/7108 3241/5853/7108 3421/5854/7108
f 3274/5630/7109 3191/5510/7109 3439/5855/7109
f 3486/5856/7110 3165/5546/7110 3163/5857/7110
f 3458/5858/7111 3290/5514/7111 3277/5570/7111
f 3422/5503/7112 3232/5502/7112 3276/5728/7112
f 3422/5503/7113 3479/5513/7113 3235/5501/7113
f 3461/5602/7114 3503/5605/7114 3282/5603/7114
f 3470/5508/7115 3418/5587/7115 3411/5509/7115
f 3411/5509/7116 3271/5493/7116 3164/5574/7116
f 3210/5534/7117 3287/5536/7117 3501/5664/7117
f 3474/5661/7118 3491/5515/7118 3211/5543/7118
f 3426/5859/7119 3443/5522/7119 3172/5642/7119
f 3489/5847/7120 3506/5650/7120 3444/5860/7120
f 3448/5641/7121 3199/5609/7121 3498/5678/7121
f 3202/5596/7122 3500/5584/7122 3170/5620/7122
f 3202/5596/7123 3170/5620/7123 3419/5597/7123
f 3281/5656/7124 3188/5538/7124 3273/5537/7124
f 3267/5586/7125 3168/5585/7125 3456/5564/7125
f 3180/5533/7126 3509/5523/7126 3426/5859/7126
f 3180/5533/7127 3490/5684/7127 3485/5532/7127
f 3213/5848/7128 3287/5599/7128 3418/5587/7128
f 3447/5556/7129 3501/5664/7129 3203/5553/7129
f 3166/5634/7130 3168/5585/7130 3494/5575/7130
f 3494/5575/7131 3164/5574/7131 3166/5634/7131
f 3410/5560/7132 3473/5496/7132 3436/5590/7132
f 3427/5593/7133 3192/5616/7133 3423/5594/7133
f 3492/5573/7134 3503/5605/7134 3461/5602/7134
f 3477/5499/7135 3503/5605/7135 3430/5500/7135
f 3455/5652/7136 3176/5567/7136 3437/5569/7136
f 3441/5521/7137 3214/5540/7137 3443/5522/7137
f 3465/5524/7138 3200/5595/7138 3447/5556/7138
f 3176/5567/7139 3490/5684/7139 3180/5533/7139
f 3176/5567/7140 3180/5533/7140 3174/5568/7140
f 3170/5620/7141 3495/5619/7141 3419/5597/7141
f 3414/5507/7142 3411/5509/7142 3164/5574/7142
f 3470/5508/7143 3414/5507/7143 3506/5650/7143
f 3470/5508/7144 3506/5650/7144 3489/5847/7144
f 3435/5861/7145 3274/5557/7145 3497/5559/7145
f 3167/5539/7146 3182/5623/7146 3502/5492/7146
f 3285/5852/7147 3421/5854/7147 3408/5675/7147
f 3492/5573/7148 3461/5602/7148 3194/5571/7148
f 3203/5553/7149 3501/5664/7149 3287/5536/7149
f 3466/5862/7150 3446/5676/7150 3445/5545/7150
f 3451/5863/7151 3479/5513/7151 3281/5656/7151
f 3193/5530/7152 3508/5657/7152 3425/5505/7152
f 3439/5558/7153 3450/5578/7153 3438/5577/7153
f 3172/5642/7154 3508/5657/7154 3426/5859/7154
f 3456/5564/7155 3168/5585/7155 3173/5579/7155
f 3467/5600/7156 3210/5864/7156 3493/5668/7156
f 3467/5600/7157 3493/5668/7157 3428/5628/7157
f 3436/5590/7158 3473/5496/7158 3466/5688/7158
f 3509/5523/7159 3443/5522/7159 3426/5859/7159
f 3164/5574/7160 3457/5635/7160 3166/5634/7160
f 3456/5564/7161 3204/5580/7161 3409/5592/7161
f 3163/5857/7162 3165/5546/7162 3499/5640/7162
f 3174/5568/7163 3177/5651/7163 3412/5636/7163
f 3275/5624/7164 3479/5513/7164 3422/5503/7164
f 3495/5582/7165 3493/5674/7165 3175/5583/7165
f 3277/5570/7166 3479/5513/7166 3451/5863/7166
f 3482/5627/7167 3431/5511/7167 3191/5510/7167
f 3469/5598/7168 3419/5597/7168 3197/5865/7168
f 3186/5637/7169 3177/5651/7169 3174/5568/7169
f 3179/5612/7170 3476/5529/7170 3420/5610/7170
f 3181/5662/7171 3211/5543/7171 3468/5542/7171
f 3487/5667/7172 3165/5546/7172 3171/5613/7172
f 3425/5505/7173 3449/5866/7174 3193/5530/7175
f 3488/5491/7176 3170/5620/7176 3462/5647/7176
f 3185/5618/7177 3198/5581/7177 3175/5583/7177
f 3167/5539/7178 3188/5538/7178 3182/5623/7178
f 3477/5499/7179 3282/5603/7179 3503/5605/7179
f 3417/5625/7180 3474/5661/7180 3179/5612/7180
f 3485/5532/7181 3475/5541/7181 3441/5521/7181
f 3166/5634/7182 3173/5579/7182 3168/5585/7182
f 3270/5798/7183 3171/5613/7183 3201/5520/7183
f 3183/5867/7184 3436/5590/7184 3466/5688/7184
f 3172/5642/7185 3444/5506/7185 3425/5505/7185
f 3445/5545/7186 3446/5676/7186 3421/5854/7186
f 3287/5536/7187 3213/5554/7187 3203/5553/7187
f 3497/5559/7188 3504/5551/7188 3435/5861/7188
f 3198/5581/7189 3484/5617/7189 3196/5611/7189 3420/5610/7189
f 3275/5624/7190 3457/5635/7190 3182/5623/7190
f 3427/5593/7191 3465/5524/7191 3471/5526/7191
f 3427/5593/7192 3200/5595/7192 3465/5524/7192
f 3168/5585/7193 3438/5577/7193 3494/5575/7193
f 3171/5613/7194 3165/5546/7194 3445/5545/7194
f 3482/5627/7195 3208/5665/7195 3498/5678/7195
f 3268/5626/7196 3412/5636/7196 3177/5651/7196
f 3492/5753/7197 3460/5716/7197 3243/5715/7197
f 3480/5653/7198 3202/5596/7198 3469/5598/7198
f 3271/5493/7199 3457/5635/7199 3164/5574/7199
f 3190/5655/7200 3273/5537/7200 3500/5584/7200
f 3464/5670/7201 3207/5643/7201 3455/5652/7201
f 3455/5652/7202 3187/5868/7202 3464/5670/7202
f 3500/5584/7203 3502/5492/7203 3462/5647/7203
f 3197/5660/7204 3476/5529/7204 3452/5528/7204
f 3183/5544/7205 3466/5862/7205 3445/5545/7205
f 3497/5559/7206 3478/5563/7206 3504/5551/7206
f 3480/5653/7207 3190/5655/7207 3202/5596/7207
f 3284/5869/7208 3452/5870/7208 3280/5871/7208
f 3188/5538/7209 3479/5513/7209 3275/5624/7209
f 3416/5552/6715 3504/5551/6714 3433/5872/7210
f 3189/5549/7211 3209/5663/7211 3442/5547/7211
f 3190/5655/7212 3272/5654/7212 3273/5537/7212
f 3194/5571/7213 3199/5609/7213 3448/5641/7213
f 3207/5643/6786 3413/5561/6785 3490/5684/7214
f 3453/5621/7215 3209/5663/7215 3507/5622/7215
f 3455/5652/7216 3477/5499/7216 3187/5868/7216
f 3433/5872/7217 3504/5551/7217 3478/5563/7217
f 3286/5686/7218 3209/5663/7218 3453/5621/7218
f 3193/5530/7175 3449/5866/7174 3184/5615/7219
f 3449/5648/7220 3414/5507/7220 3494/5575/7220
f 3185/5618/7221 3501/5664/7221 3423/5594/7221
f 3439/5558/7222 3438/5577/7222 3267/5586/7222
f 3195/5701/7223 3289/5703/7223 3278/5629/7223
f 3492/5573/7224 3288/5604/7224 3503/5605/7224
f 3181/5662/7225 3468/5542/7225 3481/5724/7225
f 3417/5625/7226 3192/5616/7226 3474/5661/7226
f 3268/5626/7227 3177/5651/7227 3463/5531/7227
f 3487/5667/7228 3171/5613/7228 3270/5798/7228
f 3270/5798/7229 3454/5797/7229 3487/5667/7229
f 3192/5616/7230 3417/5625/7230 3196/5611/7230
f 3486/5856/7231 3183/5544/7231 3165/5546/7231
f 3274/5557/7232 3435/5861/7232 3208/5873/7232
f 3204/5580/7233 3173/5579/7233 3166/5634/7233
f 3197/5874/7234 3452/5875/7234 3469/5876/7234
f 3408/5675/7235 3421/5854/7235 3446/5676/7235
f 3204/5580/7236 3422/5503/7236 3409/5592/7236
f 3182/5623/7237 3271/5493/7237 3502/5492/7237
f 3199/5609/7238 3483/5608/7238 3498/5678/7238
f 3412/5636/7239 3437/5569/7239 3174/5568/7239
f 3409/5592/7240 3422/5503/7240 3276/5728/7240
f 3452/5528/7241 3189/5549/7241 3280/5548/7241
f 3184/5576/7242 3449/5648/7242 3494/5575/7242
f 3170/5620/7243 3500/5584/7243 3462/5647/7243
f 3414/5507/7244 3449/5648/7244 3506/5650/7244
f 3481/5638/6778 3499/5640/6780 3510/5877/7245
f 3471/5526/7246 3486/5606/7246 3427/5593/7246
f 3480/5878/7247 3469/5879/7247 3284/5880/7247
f 3418/5587/7248 3428/5628/7248 3472/5494/7248
f 3202/5596/7249 3190/5655/7249 3500/5584/7249
f 3433/5872/7250 3478/5563/7250 3169/5565/7250
f 3499/5881/7251 3468/5542/7251 3415/5517/7251
f 3204/5580/7252 3275/5624/7252 3422/5503/7252
f 3453/5621/7253 3181/5662/7253 3286/5686/7253
f 3186/5637/7254 3180/5533/7254 3426/5859/7254
f 3458/5858/7255 3277/5570/7255 3217/5757/7255
f 3187/5646/7256 3424/5677/7256 3464/5882/7256
f 3424/5497/7257 3473/5496/7257 3207/5643/7257
f 3508/5657/7258 3186/5637/7258 3426/5859/7258
f 3508/5657/7259 3463/5531/7259 3186/5637/7259
f 3205/5518/7260 3432/5680/7260 3434/5519/7260
f 3504/5551/7261 3283/5669/7261 3435/5861/7261
f 3437/5569/7262 3282/5603/7262 3455/5652/7262
f 3499/5640/7263 3487/5667/7263 3510/5877/7263
f 3270/5798/7264 3201/5520/7264 3434/5519/7264
f 3415/5517/7265 3211/5543/7265 3491/5515/7265
f 3178/5601/7266 3412/5636/7267 3483/5608/7268
f 3284/5883/7269 3469/5884/7269 3452/5885/7269
f 3409/5592/7270 3279/5562/7270 3456/5564/7270
f 3206/5659/7271 3419/5658/7271 3495/5582/7271
f 3495/5582/7272 3198/5581/7272 3206/5659/7272
f 3463/5531/7273 3450/5512/7273 3431/5511/7273
f 3197/5660/7274 3206/5659/7274 3476/5529/7274
f 3439/5855/7275 3191/5510/7275 3450/5512/7275
f 3207/5643/7276 3490/5684/7276 3176/5567/7276
f 3443/5522/7277 3212/5588/7277 3444/5506/7277
f 3268/5626/7278 3483/5608/7268 3412/5636/7267
f 3187/5646/7279 3278/5645/7279 3289/5886/7279
f 3289/5886/7280 3408/5675/7280 3187/5646/7280
f 3486/5606/7281 3436/5614/7281 3183/5887/7281
f 3179/5612/7282 3505/5527/7282 3476/5529/7282
f 3489/5888/7283 3444/5506/7283 3212/5588/7283
f 3280/5548/7284 3226/5889/7284 3240/5705/7284 3284/5890/7284
f 3483/5608/7285 3482/5627/7285 3498/5678/7285
f 3421/5854/7286 3201/5520/6751 3445/5545/6750
f 3213/5689/7287 3489/5888/7287 3212/5588/7287
f 3415/5517/7288 3429/5516/7288 3163/5607/7288
f 3415/5517/7289 3163/5607/7289 3499/5881/7289
f 3474/5661/7290 3192/5616/7290 3491/5515/7290
f 3221/5731/7291 3229/5747/7291 3130/5433/7291 3407/5436/7291
f 3153/5718/7292 3269/5717/7292 3239/5891/7292 3355/5892/7292
f 3215/5893/7293 3409/5894/7293 3276/5895/7293
f 3216/5698/7294 3374/5426/7294 3252/5696/7294
f 3272/5896/7295 3480/5704/7295 3216/5706/7295
f 3195/5730/7296 3407/5436/7296 3120/5442/7296
f 3216/5698/7297 3240/5693/7297 3374/5426/7297
f 3217/5897/7298 3322/5469/7298 3348/5471/7298
f 3245/5719/6856 3153/5718/6855 3332/5432/7299
f 3400/5368/7300 3247/5456/7300 3442/5743/7300 3209/5808/7300
f 3269/5717/7301 3283/5898/7301 3239/5891/7301
f 3277/5570/7302 3451/5863/7302 3225/5899/7302 3322/5756/7302
f 3215/5316/7303 3232/5900/7303 3308/5317/7303
f 3221/5695/7304 3195/5701/7304 3278/5629/7304
f 3382/5401/7305 3406/5400/7305 3223/5802/7305
f 3223/5804/7306 3510/5803/7306 3487/5901/7306
f 3224/5740/7307 3251/5849/7307 3400/5738/7307
f 3440/5687/7308 3286/5686/7308 3224/5902/7308
f 3251/5849/7309 3224/5740/7309 3230/5722/7309 3254/5832/7309
f 3247/5456/7310 3126/5458/6840 3226/5694/6842
f 3226/5889/7311 3280/5548/7311 3442/5547/7311
f 3227/5800/7312 3270/5799/7312 3434/5903/7312
f 3230/5723/7313 3224/5902/7313 3286/5686/7313 3181/5662/7313
f 3342/5767/7314 3234/5766/7314 3228/5697/7314 3385/5836/7314
f 3228/5697/7315 3252/5696/7315 3385/5836/7315
f 3228/5699/7316 3273/5537/7316 3272/5654/7316
f 3229/5747/7317 3300/5746/7317 3130/5433/7317
f 3245/5719/7318 3460/5716/7318 3448/5720/7318
f 3230/5722/7319 3406/5400/7319 3254/5832/7319
f 3239/5891/7320 3242/5904/7320 3255/5905/7320 3388/5906/7320
f 3434/5519/7321 3432/5680/7321 3320/5907/7321 3227/5908/7321
f 3242/5904/7322 3239/5891/7322 3496/5909/7322
f 3496/5909/7323 3416/5910/7323 3242/5904/7323
f 3492/5753/7324 3122/5795/7324 3256/5754/7324
f 3232/5734/7325 3307/5733/7325 3308/5911/7325
f 3259/5912/7326 3233/5913/7326 3220/5726/7326 3399/5713/7326
f 3459/5759/7327 3205/5692/7327 3367/5691/7327
f 3220/5726/7328 3233/5913/7328 3169/5914/7328 3279/5915/7328
f 3433/5916/7329 3169/5914/7329 3233/5913/7329 3260/5917/7329
f 3281/5656/7330 3234/5752/7330 3225/5899/7330 3451/5863/7330
f 3222/5737/7331 3235/5736/7331 3290/5781/7331 3263/5780/7331
f 3349/5760/7332 3125/5918/7332 3238/5919/7332 3459/5759/7332
f 3231/5774/7333 3120/5442/7333 3264/5298/7333
f 3300/5746/7334 3236/5745/7334 3288/5920/7334 3256/5921/7334
f 3388/5906/7335 3355/5892/7335 3239/5891/7335
f 3283/5898/7336 3496/5909/7336 3239/5891/7336
f 3240/5705/7337 3480/5704/7337 3284/5890/7337
f 3266/5806/7338 3244/5805/7338 3227/5744/7338 3250/5475/7338
f 3236/5922/7339 3430/5923/7339 3288/5924/7339
f 3264/5925/7340 3305/5769/7340 3241/5768/7340
f 3416/5910/7341 3433/5926/7341 3242/5904/7341
f 3243/5715/7342 3136/5430/7342 3122/5795/7342
f 3454/5927/7343 3244/5928/7343 3223/5929/7343 3487/5930/7343
f 3219/5725/7344 3481/5724/7344 3510/5803/7344
f 3260/5931/7345 3255/5905/7345 3242/5904/7345
f 3260/5931/7346 3242/5904/7346 3433/5926/7346
