# Blender 4.0.2
# www.blender.org
mtllib Footballer2-bl.mtl
o Sphere.001
v 0.974188 0.039006 -3.548101
v 0.843082 0.019052 -3.505499
v 0.843081 0.038990 -3.643360
v 0.941180 0.048584 -3.640525
v 0.924107 0.039025 -3.393980
v 1.001800 0.048609 -3.453932
v 0.762055 0.039020 -3.393979
v 0.843081 0.048619 -3.338619
v 0.711972 0.038998 -3.548101
v 0.684359 0.048599 -3.453931
v 0.744981 0.048578 -3.640527
v 0.692845 0.196903 -3.850117
v 0.692851 0.091627 -3.712276
v 0.646898 0.151686 -3.775526
v 0.843056 0.249542 -3.919045
v 0.744973 0.254800 -3.910539
v 0.993269 0.196899 -3.850121
v 0.941140 0.254799 -3.910542
v 0.993262 0.091622 -3.712278
v 1.039217 0.151681 -3.775530
v 0.843056 0.038989 -3.643361
v 0.941132 0.048574 -3.640527
v 1.124355 0.196901 -3.754878
v 1.123690 0.118840 -3.596719
v 1.236317 0.249548 -3.633315
v 1.197924 0.254802 -3.723971
v 1.217178 0.196912 -3.469160
v 1.258533 0.254808 -3.537406
v 1.086087 0.091636 -3.426571
v 1.160438 0.151696 -3.402414
v 0.974133 0.038993 -3.548126
v 1.001743 0.048584 -3.453977
v 1.167102 0.196919 -3.315067
v 1.086088 0.249565 -3.171032
v 1.160439 0.254819 -3.235555
v 0.924065 0.196929 -3.138505
v 1.001744 0.254824 -3.120268
v 0.843056 0.091650 -3.250007
v 0.843056 0.151711 -3.171836
v 0.924064 0.039004 -3.394038
v 0.843056 0.048594 -3.338687
v 0.762047 0.196931 -3.138507
v 0.669624 0.118865 -3.266828
v 0.600028 0.249570 -3.171038
v 0.684370 0.254827 -3.120272
v 0.519018 0.196926 -3.315071
v 0.525681 0.254825 -3.235562
v 0.600029 0.091644 -3.426573
v 0.525682 0.151705 -3.402416
v 0.762048 0.039006 -3.394039
v 0.684371 0.048590 -3.453977
v 0.468944 0.196921 -3.469161
v 0.562427 0.118849 -3.596716
v 0.449807 0.249556 -3.633311
v 0.427592 0.254816 -3.537405
v 0.561763 0.196908 -3.754873
v 0.488198 0.254809 -3.723965
v 0.711980 0.038998 -3.548126
v 0.711942 0.334802 -3.069576
v 0.843055 0.287772 -3.070774
v 0.843055 0.420008 -3.026972
v 0.744952 0.421761 -3.036821
v 0.762026 0.196943 -3.138501
v 0.684328 0.254858 -3.120269
v 0.924086 0.196941 -3.138499
v 0.974170 0.334801 -3.069571
v 1.001785 0.254855 -3.120264
v 0.941160 0.421760 -3.036818
v 0.387896 0.334795 -3.495514
v 0.429562 0.287766 -3.371184
v 0.387901 0.420006 -3.357648
v 0.366946 0.421757 -3.453996
v 0.468933 0.196933 -3.469180
v 0.427576 0.254847 -3.537443
v 0.519019 0.196939 -3.315050
v 0.468942 0.334800 -3.246117
v 0.525690 0.254856 -3.235522
v 0.427588 0.421759 -3.267390
v 0.692860 0.334783 -3.935352
v 0.587483 0.287750 -3.857300
v 0.561733 0.419999 -3.892744
v 0.646896 0.421751 -3.942450
v 0.692859 0.196915 -3.850134
v 0.745003 0.254832 -3.910566
v 0.561742 0.196920 -3.754865
v 0.480700 0.334788 -3.781193
v 0.488162 0.254840 -3.723944
v 0.488151 0.421753 -3.827103
v 1.205422 0.334783 -3.781201
v 1.098633 0.287746 -3.857307
v 1.124385 0.419997 -3.892752
v 1.197971 0.421751 -3.827111
v 1.124376 0.196914 -3.754870
v 1.197959 0.254834 -3.723949
v 0.993255 0.196911 -3.850138
v 0.993254 0.334781 -3.935357
v 0.941109 0.254830 -3.910569
v 1.039219 0.421750 -3.942457
v 1.217179 0.334795 -3.246109
v 1.256562 0.287759 -3.371178
v 1.298226 0.420003 -3.357642
v 1.258537 0.421756 -3.267382
v 1.167100 0.196931 -3.315045
v 1.160429 0.254850 -3.235515
v 1.217190 0.196924 -3.469178
v 1.298232 0.334789 -3.495512
v 1.258549 0.254839 -3.537444
v 1.319184 0.421754 -3.453993
v 0.692830 0.505104 -3.967883
v 0.843055 0.413904 -3.983038
v 0.692838 0.334726 -3.935322
v 0.646880 0.421666 -3.942427
v 0.843056 0.590300 -3.984168
v 0.744963 0.588548 -3.974321
v 0.993283 0.505104 -3.967889
v 0.941150 0.588549 -3.974325
v 0.993276 0.334724 -3.935327
v 1.039235 0.421665 -3.942433
v 1.236351 0.505104 -3.791282
v 1.297175 0.413907 -3.653087
v 1.205386 0.334726 -3.781214
v 1.197943 0.421666 -3.827120
v 1.298250 0.590297 -3.653438
v 1.258579 0.588547 -3.743689
v 1.329178 0.505104 -3.505537
v 1.319193 0.588545 -3.557106
v 1.298210 0.334732 -3.495482
v 1.319166 0.421670 -3.453971
v 1.236321 0.505104 -3.219813
v 1.123694 0.413914 -3.119269
v 1.217180 0.334738 -3.246148
v 1.258536 0.421672 -3.267411
v 1.124359 0.590290 -3.118356
v 1.197929 0.588541 -3.183968
v 0.993265 0.505104 -3.043241
v 1.039220 0.588539 -3.068672
v 0.974135 0.334744 -3.069582
v 0.941133 0.421675 -3.036827
v 0.692849 0.505104 -3.043247
v 0.562424 0.413917 -3.119278
v 0.711978 0.334745 -3.069587
v 0.744980 0.421676 -3.036831
v 0.561759 0.590289 -3.118364
v 0.646894 0.588537 -3.068679
v 0.449803 0.505104 -3.219822
v 0.488193 0.588538 -3.183977
v 0.468942 0.334743 -3.246155
v 0.427590 0.421674 -3.267418
v 0.356952 0.505138 -3.505575
v 0.388956 0.413950 -3.653117
v 0.387904 0.334772 -3.495521
v 0.366953 0.421706 -3.454012
v 0.387893 0.590323 -3.653463
v 0.366945 0.588572 -3.557140
v 0.449787 0.505138 -3.791293
v 0.427563 0.588572 -3.743702
v 0.480738 0.334772 -3.781234
v 0.488187 0.421707 -3.827130
v 0.449796 0.249591 -3.633349
v 0.488192 0.254847 -3.724000
v 0.761986 0.971309 -3.617109
v 0.843010 0.991278 -3.505587
v 0.924041 0.971326 -3.617113
v 0.843013 0.961726 -3.672474
v 0.711909 0.971310 -3.462988
v 0.684297 0.961714 -3.557156
v 0.843012 0.971327 -3.367731
v 0.744918 0.961727 -3.370569
v 0.974123 0.971337 -3.462986
v 0.941112 0.961746 -3.370564
v 1.001741 0.961746 -3.557159
v 1.167100 0.813412 -3.696070
v 1.016486 0.891471 -3.744312
v 1.086085 0.918694 -3.584565
v 1.160436 0.858634 -3.608722
v 1.086086 0.760765 -3.840105
v 1.160437 0.755512 -3.775581
v 0.924063 0.813401 -3.872632
v 1.001742 0.755506 -3.890869
v 0.843053 0.918680 -3.761129
v 0.843054 0.858618 -3.839299
v 0.924062 0.971326 -3.617098
v 0.843054 0.961736 -3.672448
v 0.762045 0.813399 -3.872629
v 0.669622 0.891464 -3.744308
v 0.600026 0.760759 -3.840097
v 0.684368 0.755502 -3.890863
v 0.519017 0.813402 -3.696064
v 0.525679 0.755504 -3.775573
v 0.600027 0.918685 -3.584563
v 0.525680 0.858623 -3.608719
v 0.762046 0.971323 -3.617097
v 0.684369 0.961739 -3.557158
v 0.468944 0.813408 -3.541975
v 0.562425 0.891480 -3.414420
v 0.449806 0.760773 -3.377825
v 0.427591 0.755513 -3.473731
v 0.561761 0.813421 -3.256264
v 0.488197 0.755520 -3.287171
v 0.692849 0.918702 -3.298860
v 0.646896 0.858643 -3.235610
v 0.711977 0.971331 -3.463010
v 0.744979 0.961751 -3.370610
v 0.692843 0.813427 -3.161019
v 0.843052 0.891496 -3.210519
v 0.843054 0.760787 -3.092091
v 0.744971 0.755529 -3.100597
v 0.993267 0.813431 -3.161014
v 0.941138 0.755531 -3.100594
v 0.993260 0.918708 -3.298857
v 1.039216 0.858649 -3.235605
v 0.843053 0.971340 -3.367775
v 0.941130 0.961756 -3.370608
v 1.124353 0.813429 -3.256257
v 1.123689 0.891491 -3.414417
v 1.236316 0.760783 -3.377820
v 1.197923 0.755528 -3.287164
v 1.217177 0.813419 -3.541976
v 1.258533 0.755523 -3.473730
v 0.974131 0.971337 -3.463010
v 0.692858 0.675546 -3.075784
v 0.587482 0.722579 -3.153837
v 0.561731 0.590330 -3.118393
v 0.646895 0.588578 -3.068686
v 0.692857 0.813414 -3.161002
v 0.745002 0.755497 -3.100570
v 0.561741 0.813409 -3.256272
v 0.480699 0.675541 -3.229943
v 0.488162 0.755488 -3.287193
v 0.488150 0.588576 -3.184034
v 1.205421 0.675547 -3.229934
v 1.098631 0.722584 -3.153828
v 1.124383 0.590332 -3.118383
v 1.197969 0.588579 -3.184023
v 1.124374 0.813417 -3.256265
v 1.197958 0.755497 -3.287186
v 0.993253 0.813419 -3.160997
v 0.993252 0.675549 -3.075778
v 0.941107 0.755500 -3.100566
v 1.039217 0.588580 -3.068679
v 1.217179 0.675535 -3.765027
v 1.256562 0.722571 -3.639957
v 1.298226 0.590327 -3.653493
v 1.258536 0.588574 -3.743754
v 1.167099 0.813400 -3.696091
v 1.160428 0.755481 -3.775621
v 1.217189 0.813407 -3.541957
v 1.298232 0.675541 -3.515623
v 1.258548 0.755491 -3.473692
v 1.319184 0.588576 -3.557142
v 0.711940 0.675527 -3.941560
v 0.843052 0.722558 -3.940363
v 0.843053 0.590322 -3.984164
v 0.744951 0.588569 -3.974315
v 0.762023 0.813386 -3.872634
v 0.684326 0.755471 -3.890867
v 0.924084 0.813389 -3.872638
v 0.974169 0.675529 -3.941566
v 1.001783 0.755475 -3.890872
v 0.941158 0.588570 -3.974319
v 0.387895 0.675534 -3.515622
v 0.429561 0.722562 -3.639952
v 0.387901 0.590323 -3.653487
v 0.468931 0.813396 -3.541956
v 0.427575 0.755481 -3.473693
v 0.519018 0.813390 -3.696085
v 0.468942 0.675529 -3.765018
v 0.525689 0.755473 -3.775613
v 0.427588 0.588570 -3.743744
v 1.236320 0.505226 -3.791324
v 1.217179 0.675592 -3.764990
v 1.258535 0.588658 -3.743726
v 1.124358 0.420039 -3.892781
v 1.197927 0.421789 -3.827168
v 0.993263 0.505226 -3.967896
v 1.039219 0.421790 -3.942465
v 0.974132 0.675586 -3.941554
v 0.941132 0.588654 -3.974310
v 0.692847 0.505226 -3.967889
v 0.711976 0.675584 -3.941549
v 0.744977 0.588653 -3.974305
v 0.561757 0.420041 -3.892771
v 0.646893 0.421792 -3.942456
v 0.449802 0.505226 -3.791313
v 0.488192 0.421791 -3.827158
v 0.468942 0.675586 -3.764980
v 0.427588 0.588655 -3.743717
v 0.356952 0.505226 -3.505599
v 0.387917 0.675591 -3.515654
v 0.366963 0.588656 -3.557162
v 0.387878 0.420036 -3.357704
v 0.366937 0.421788 -3.454032
v 0.449773 0.505226 -3.219864
v 0.427545 0.421785 -3.267456
v 0.480735 0.675598 -3.229931
v 0.488177 0.588661 -3.184026
v 0.692828 0.505226 -3.043253
v 0.692835 0.675603 -3.075814
v 0.646878 0.588663 -3.068710
v 0.843053 0.420030 -3.026968
v 0.744961 0.421782 -3.036815
v 0.993281 0.505226 -3.043247
v 0.941147 0.421781 -3.036811
v 0.993274 0.675606 -3.075808
v 1.039233 0.588664 -3.068702
v 1.236373 0.505192 -3.219884
v 1.205418 0.675570 -3.229945
v 1.197973 0.588630 -3.184041
v 1.298255 0.420003 -3.357730
v 1.258592 0.421752 -3.267481
v 1.329178 0.505192 -3.505623
v 1.319191 0.421757 -3.454057
v 1.298225 0.675557 -3.515677
v 1.319171 0.588622 -3.557185
v 1.236347 0.760747 -3.377845
v 1.258557 0.755485 -3.473754
v 0.745923 0.056676 -3.636395
v 0.694266 0.203550 -3.844008
v 0.843055 0.126097 -3.795069
v 0.694272 0.099271 -3.707470
v 0.648782 0.158794 -3.770097
v 0.843056 0.255692 -3.912283
v 0.745915 0.260918 -3.903814
v 0.991848 0.203547 -3.844012
v 0.940198 0.260916 -3.903817
v 0.991842 0.099266 -3.707473
v 1.037333 0.158789 -3.770102
v 0.843056 0.047131 -3.639207
v 0.940190 0.056673 -3.636396
v 1.082113 0.099280 -3.429624
v 1.155722 0.158804 -3.405698
v 0.998552 0.056682 -3.456766
v 1.162361 0.203566 -3.319175
v 1.013227 0.126123 -3.271313
v 1.082114 0.255715 -3.176503
v 1.155723 0.260935 -3.240443
v 0.921624 0.203576 -3.144283
v 0.998554 0.260941 -3.126263
v 0.841381 0.099293 -3.254731
v 0.841390 0.158819 -3.177337
v 0.921623 0.047145 -3.397399
v 0.841390 0.056692 -3.342585
v 1.081077 0.757466 -3.833209
v 1.154692 0.752230 -3.769276
v 0.997521 0.752224 -3.883456
v 0.605037 0.757460 -3.833201
v 0.688589 0.752221 -3.883450
v 0.531425 0.752222 -3.769268
v 0.457913 0.757473 -3.380459
v 0.435946 0.752231 -3.475454
v 0.495969 0.752237 -3.290687
v 0.843054 0.757488 -3.100615
v 0.745913 0.752246 -3.109075
v 0.940196 0.752249 -3.109072
v 1.190185 0.752215 -3.290701
v 1.229889 0.504344 -3.784889
v 1.118415 0.594700 -3.884605
v 1.210929 0.673099 -3.758804
v 1.251847 0.586979 -3.737727
v 1.118986 0.419963 -3.885386
v 1.191822 0.421713 -3.820367
v 0.989131 0.504344 -3.959790
v 1.034638 0.421715 -3.934556
v 0.970182 0.673092 -3.933698
v 0.937493 0.586976 -3.966095
v 0.696979 0.504344 -3.959784
v 0.567698 0.594697 -3.884594
v 0.715927 0.673090 -3.933693
v 0.748616 0.586975 -3.966090
v 0.567129 0.419965 -3.885376
v 0.651474 0.421716 -3.934548
v 0.456233 0.504344 -3.784879
v 0.494298 0.421716 -3.820357
v 0.475192 0.673092 -3.758795
v 0.434277 0.586976 -3.737718
v 0.365937 0.504344 -3.507024
v 0.397490 0.594703 -3.360829
v 0.396609 0.673097 -3.516983
v 0.375900 0.586978 -3.558084
v 0.396571 0.419960 -3.360528
v 0.375874 0.421712 -3.455945
v 0.457880 0.504344 -3.223992
v 0.435901 0.421710 -3.271161
v 0.488549 0.673104 -3.233964
v 0.495950 0.586982 -3.188533
v 0.694249 0.504344 -3.052239
v 0.843053 0.594709 -3.037076
v 0.694257 0.673109 -3.084492
v 0.648764 0.586984 -3.077494
v 0.843054 0.419954 -3.036108
v 0.745903 0.421706 -3.045907
v 0.991860 0.504344 -3.052232
v 0.940205 0.421705 -3.045902
v 0.991853 0.673112 -3.084486
v 1.037348 0.586986 -3.077486
v 1.228265 0.504310 -3.224012
v 1.288655 0.594668 -3.360853
v 1.197604 0.673077 -3.233978
v 1.190200 0.586952 -3.188547
v 1.289562 0.419928 -3.360554
v 1.250237 0.421677 -3.271185
v 1.320193 0.504310 -3.507047
v 1.310253 0.421682 -3.455969
v 1.289532 0.673064 -3.517006
v 1.310233 0.586944 -3.558106
v 1.228240 0.757448 -3.380478
v 1.250202 0.752203 -3.475477
vn 0.1025 -0.9847 -0.1409
vn 0.1658 -0.9847 0.0540
vn -0.0000 -0.9847 0.1745
vn -0.1658 -0.9847 0.0540
vn -0.1024 -0.9847 -0.1409
vn -0.8423 -0.4516 0.2941
vn 0.5086 0.4536 0.7318
vn 0.1823 0.5009 0.8461
vn 0.3498 -0.9321 0.0941
vn -0.0194 0.9998 -0.0050
vn 0.5388 -0.4321 -0.7232
vn 0.5012 -0.7776 -0.3796
vn 0.6680 -0.6693 -0.3254
vn 0.7317 -0.6692 -0.1293
vn 0.6286 -0.7776 0.0126
vn 0.4618 -0.8860 -0.0416
vn 0.3981 -0.8860 -0.2377
vn 0.5086 -0.4517 -0.7330
vn -0.2278 -0.9321 -0.2817
vn -0.0125 -0.4332 0.9012
vn -0.8610 -0.4332 0.2665
vn 0.8423 -0.4516 0.2941
vn 0.8423 -0.4650 0.2726
vn -0.1823 -0.7776 0.6018
vn -0.3491 -0.6692 0.6560
vn -0.5159 -0.6692 0.5348
vn -0.5159 -0.7776 0.3594
vn -0.3491 -0.8860 0.3052
vn -0.1823 -0.8860 0.4264
vn -0.6286 -0.7776 0.0126
vn -0.7317 -0.6692 -0.1293
vn -0.6680 -0.6692 -0.3254
vn -0.5012 -0.7776 -0.3796
vn -0.3981 -0.8860 -0.2377
vn -0.4618 -0.8860 -0.0416
vn -0.1025 -0.3142 0.9438
vn -0.1658 -0.4885 0.8566
vn -0.0000 -0.5963 0.8028
vn 0.1658 -0.4885 0.8566
vn 0.1025 -0.3142 0.9438
vn -0.9293 -0.3142 0.1942
vn -0.8659 -0.4886 0.1071
vn -0.7635 -0.5963 0.2481
vn -0.7634 -0.4885 0.4225
vn -0.8659 -0.3142 0.3892
vn -0.4719 -0.3142 -0.8238
vn -0.3694 -0.4886 -0.7905
vn -0.4719 -0.5963 -0.6494
vn -0.6377 -0.4886 -0.5955
vn -0.6377 -0.3142 -0.7033
vn 0.6377 -0.3142 -0.7033
vn 0.6377 -0.4886 -0.5955
vn 0.4718 -0.5963 -0.6494
vn 0.3694 -0.4886 -0.7905
vn 0.4719 -0.3142 -0.8238
vn 0.8659 -0.3142 0.3892
vn 0.7634 -0.4886 0.4225
vn 0.7634 -0.5963 0.2481
vn 0.8659 -0.4886 0.1071
vn 0.9293 -0.3142 0.1943
vn -0.2062 -0.1837 -0.9611
vn -0.1031 -0.0083 -0.9946
vn 0.1031 -0.0083 -0.9946
vn 0.2062 -0.1837 -0.9611
vn 0.1031 -0.3591 -0.9276
vn -0.1031 -0.3591 -0.9276
vn 0.8504 -0.1837 -0.4931
vn 0.9141 -0.0083 -0.4054
vn 0.9778 -0.0083 -0.2092
vn 0.9778 -0.1837 -0.1008
vn 0.9141 -0.3591 -0.1885
vn 0.8504 -0.3591 -0.3846
vn 0.7317 -0.1837 0.6564
vn 0.6680 -0.0083 0.7441
vn 0.5012 -0.0083 0.8653
vn 0.3981 -0.1837 0.8988
vn 0.4618 -0.3591 0.8111
vn 0.6286 -0.3591 0.6899
vn -0.3981 -0.1837 0.8988
vn -0.5012 -0.0083 0.8653
vn -0.6680 -0.0083 0.7441
vn -0.7317 -0.1837 0.6564
vn -0.6286 -0.3591 0.6899
vn -0.4618 -0.3591 0.8111
vn -0.9778 -0.1836 -0.1009
vn -0.9778 -0.0082 -0.2093
vn -0.9141 -0.0082 -0.4054
vn -0.8504 -0.1836 -0.4931
vn -0.8504 -0.3590 -0.3847
vn -0.9141 -0.3590 -0.1886
vn -0.0001 0.9847 -0.1744
vn -0.1659 0.9847 -0.0539
vn -0.1026 0.9847 0.1410
vn 0.1024 0.9847 0.1410
vn 0.1657 0.9847 -0.0539
vn 0.5159 0.7776 -0.3594
vn 0.5159 0.6692 -0.5348
vn 0.3491 0.6692 -0.6560
vn 0.1823 0.7776 -0.6018
vn 0.1823 0.8860 -0.4264
vn 0.3491 0.8860 -0.3052
vn -0.1823 0.7776 -0.6018
vn -0.3491 0.6692 -0.6560
vn -0.5159 0.6692 -0.5348
vn -0.5159 0.7776 -0.3594
vn -0.3491 0.8860 -0.3052
vn -0.1823 0.8860 -0.4264
vn -0.6286 0.7776 -0.0126
vn -0.7317 0.6692 0.1293
vn -0.6680 0.6692 0.3254
vn -0.5012 0.7776 0.3796
vn -0.3981 0.8860 0.2377
vn -0.4618 0.8860 0.0416
vn -0.2062 0.7776 0.5939
vn -0.1031 0.6693 0.7358
vn 0.1031 0.6693 0.7358
vn 0.2062 0.7777 0.5939
vn 0.1031 0.8860 0.4520
vn -0.1031 0.8860 0.4520
vn 0.5012 0.7777 0.3796
vn 0.6680 0.6693 0.3254
vn 0.7317 0.6693 0.1293
vn 0.6286 0.7776 -0.0126
vn 0.4618 0.8860 0.0416
vn 0.3981 0.8860 0.2377
vn -0.4719 0.3142 0.8238
vn -0.3694 0.4886 0.7905
vn -0.4719 0.5963 0.6494
vn -0.6377 0.4886 0.5955
vn -0.6377 0.3142 0.7033
vn 0.6377 0.3142 0.7033
vn 0.6377 0.4886 0.5955
vn 0.4718 0.5963 0.6494
vn 0.3694 0.4886 0.7905
vn 0.4719 0.3142 0.8238
vn 0.8659 0.3142 -0.3892
vn 0.7634 0.4886 -0.4225
vn 0.7634 0.5963 -0.2481
vn 0.8659 0.4886 -0.1071
vn 0.9293 0.3142 -0.1943
vn -0.1025 0.3142 -0.9438
vn -0.1658 0.4885 -0.8566
vn -0.0000 0.5963 -0.8028
vn 0.1658 0.4885 -0.8566
vn 0.1025 0.3142 -0.9438
vn -0.9293 0.3142 -0.1942
vn -0.8659 0.4886 -0.1071
vn -0.7635 0.5963 -0.2481
vn -0.7635 0.4885 -0.4225
vn -0.8659 0.3142 -0.3892
vn 0.0128 0.9998 0.0155
vn -0.8532 -0.4332 0.2904
vn 0.5212 -0.4650 -0.7156
vn 0.8610 0.1452 -0.4875
vn 0.8610 -0.4320 0.2684
vn -0.8610 0.1453 -0.4875
vn 0.0187 -0.9320 0.3619
vn -0.5195 -0.4333 -0.7365
vn 0.6333 0.5327 -0.5614
vn -0.0187 -0.7403 0.6720
vn -0.8610 -0.4320 0.2684
vn -0.4101 0.1453 0.9004
vn -0.0187 0.9998 -0.0074
vn -0.8423 -0.4650 0.2726
vn -0.3799 0.1649 0.9102
vn 0.0187 0.9998 -0.0073
vn 0.8423 0.1649 -0.5132
vn 0.8423 0.5327 0.0819
vn 0.0012 0.9998 -0.0200
vn 0.3381 0.5327 -0.7758
vn 0.5194 -0.4333 -0.7365
vn 0.3383 -0.9321 0.1296
vn 0.0108 0.9998 0.0169
vn -0.8417 -0.4650 0.2746
vn -0.8423 0.1649 -0.5132
vn -0.8423 0.5327 0.0819
vn 0.5399 -0.4332 -0.7217
vn 0.7483 0.5009 0.4349
vn 0.8417 -0.4650 0.2745
vn -0.6334 0.5327 -0.5613
vn -0.2072 -0.7775 -0.5938
vn -0.1036 -0.6686 -0.7364
vn 0.1036 -0.6686 -0.7364
vn 0.2071 -0.7775 -0.5938
vn 0.1036 -0.8864 -0.4512
vn -0.1036 -0.8864 -0.4512
vn 0.5166 -0.7775 0.3587
vn 0.5166 -0.6685 0.5349
vn 0.3490 -0.6685 0.6567
vn 0.1814 -0.7774 0.6022
vn 0.1814 -0.8863 0.4260
vn 0.3490 -0.8863 0.3043
vn 0.7324 0.1836 -0.6557
vn 0.6684 0.0074 -0.7438
vn 0.5008 0.0074 -0.8656
vn 0.3972 0.1836 -0.8992
vn 0.4612 0.3599 -0.8111
vn 0.6288 0.3599 -0.6893
vn -0.3972 0.1836 -0.8992
vn -0.5008 0.0074 -0.8655
vn -0.6684 0.0074 -0.7438
vn -0.7324 0.1836 -0.6557
vn -0.6288 0.3598 -0.6893
vn -0.4612 0.3598 -0.8110
vn -0.9779 0.1836 0.0998
vn -0.9779 0.0074 0.2088
vn -0.9139 0.0074 0.4058
vn -0.8499 0.1836 0.4939
vn -0.8499 0.3599 0.3850
vn -0.9139 0.3599 0.1880
vn -0.2072 0.1837 0.9609
vn -0.1036 0.0074 0.9946
vn 0.1036 0.0074 0.9946
vn 0.2072 0.1837 0.9609
vn 0.1036 0.3599 0.9272
vn -0.1036 0.3599 0.9272
vn 0.8499 0.1836 0.4939
vn 0.9140 0.0073 0.4058
vn 0.9779 0.0073 0.2087
vn 0.9779 0.1836 0.0998
vn 0.9139 0.3598 0.1879
vn 0.8499 0.3598 0.3849
vn 0.8610 -0.4332 0.2666
vn -0.0108 0.9998 0.0169
vn -0.1976 -0.9321 -0.3037
vn 0.0010 -0.4650 0.8853
vn 0.5194 -0.4650 -0.7169
vn -0.5399 -0.4333 -0.7216
vn -0.7483 0.5009 0.4349
vn -0.0127 0.9998 0.0155
vn 0.0187 0.4535 -0.8911
vn 0.9831 0.1649 -0.0799
vn 0.8532 -0.4332 0.2904
vn 0.0125 -0.4332 0.9012
vn -0.3382 0.5327 -0.7758
vn 0.0194 0.9998 -0.0050
vn 0.1976 -0.9321 -0.3037
vn -0.1823 0.5327 0.8264
vn -0.8543 -0.4320 0.2890
vn -0.7296 0.5327 0.4289
vn 0.3497 0.5009 -0.7917
vn -0.3384 -0.9320 0.1296
vn -0.8610 0.5009 0.0880
vn -0.3497 0.5009 -0.7917
vn -0.1822 0.5009 0.8461
vn -0.6449 0.5009 -0.5772
vn -0.4101 -0.7403 -0.5327
vn -0.5212 -0.4650 -0.7156
vn -0.3799 -0.7403 -0.5546
vn -0.5195 -0.4650 -0.7169
vn -0.8543 -0.4516 0.2572
vn -0.0187 -0.9320 0.3619
vn 0.7296 0.5327 0.4288
vn 0.8610 0.5009 0.0880
vn -0.0010 -0.4650 0.8853
vn 0.2278 -0.9321 -0.2817
vn -0.3499 -0.9321 0.0941
vn 0.0187 -0.7403 0.6720
vn 0.9831 0.1452 -0.1117
vn -0.0012 0.9998 -0.0200
vn 0.1823 0.5327 0.8264
vn -0.0187 0.4535 -0.8911
vn 0.5388 0.4536 0.7099
vn 0.6448 0.5009 -0.5773
vt 0.892115 0.477571
vt 0.876290 0.432455
vt 0.920205 0.431029
vt 0.920937 0.465137
vt 0.846667 0.462460
vt 0.865914 0.488652
vt 0.846666 0.406582
vt 0.831910 0.435538
vt 0.892115 0.387154
vt 0.865913 0.379194
vt 0.920937 0.397484
vt 0.820452 0.979050
vt 0.816280 0.950172
vt 0.819335 0.949890
vt 0.823481 0.978486
vt 0.110198 0.778485
vt 0.111905 0.744955
vt 0.113916 0.744647
vt 0.112219 0.777859
vt 0.223559 0.977657
vt 0.214359 0.952208
vt 0.217362 0.952046
vt 0.226490 0.977246
vt 0.239545 0.523107
vt 0.232885 0.553135
vt 0.230100 0.553133
vt 0.236708 0.523390
vt 0.475904 0.962229
vt 0.472956 0.928860
vt 0.475879 0.928720
vt 0.478811 0.961766
vt 0.802177 0.888767
vt 0.813492 0.861488
vt 0.816280 0.861932
vt 0.805058 0.888945
vt 0.771574 0.241618
vt 0.774135 0.180714
vt 0.818878 0.213142
vt 0.801603 0.241618
vt 0.732219 0.211881
vt 0.745018 0.240795
vt 0.740171 0.153669
vt 0.724513 0.183367
vt 0.787474 0.125197
vt 0.760592 0.126767
vt 0.826826 0.154933
vt 0.817173 0.127593
vt 0.837679 0.185016
vt 0.797375 0.917152
vt 0.800317 0.917062
vt 0.226491 0.893135
vt 0.232653 0.862036
vt 0.235678 0.862628
vt 0.229559 0.893424
vt 0.350616 0.850389
vt 0.347309 0.816471
vt 0.350391 0.816471
vt 0.353681 0.850062
vt 0.481830 0.830192
vt 0.485593 0.860856
vt 0.482583 0.860599
vt 0.478842 0.830225
vt 0.573197 0.970808
vt 0.570711 0.998685
vt 0.567709 0.998099
vt 0.570185 0.970495
vt 0.237377 0.744649
vt 0.240458 0.772277
vt 0.237429 0.772590
vt 0.234363 0.745233
vt 0.137026 0.657757
vt 0.178150 0.693242
vt 0.122651 0.713290
vt 0.115127 0.683220
vt 0.187659 0.633583
vt 0.157575 0.631175
vt 0.223916 0.664942
vt 0.214311 0.635866
vt 0.209541 0.720476
vt 0.228599 0.692604
vt 0.158908 0.744649
vt 0.186150 0.744649
vt 0.129415 0.739957
vt 0.923107 0.830621
vt 0.967524 0.802844
vt 0.951117 0.859720
vt 0.927925 0.858148
vt 0.931309 0.771669
vt 0.914990 0.800655
vt 0.967524 0.741817
vt 0.943992 0.742669
vt 0.925273 0.587939
vt 0.967076 0.557863
vt 0.967076 0.618824
vt 0.939877 0.617273
vt 0.918343 0.529375
vt 0.908057 0.558866
vt 0.953213 0.501695
vt 0.926301 0.502553
vt 0.798788 0.278065
vt 0.785410 0.323778
vt 0.747297 0.296793
vt 0.766900 0.269383
vt 0.832042 0.322548
vt 0.830307 0.288655
vt 0.801107 0.368768
vt 0.832042 0.356519
vt 0.748732 0.352852
vt 0.769710 0.379194
vt 0.729447 0.325341
vt 0.895519 0.358356
vt 0.879663 0.315502
vt 0.924972 0.311210
vt 0.925385 0.344321
vt 0.847867 0.349236
vt 0.867693 0.372772
vt 0.847869 0.296456
vt 0.832042 0.326457
vt 0.895520 0.272954
vt 0.867695 0.269383
vt 0.925385 0.280420
vt 0.257658 0.967372
vt 0.291684 0.934192
vt 0.299055 0.966785
vt 0.271805 0.983447
vt 0.257660 0.918401
vt 0.240833 0.947244
vt 0.299055 0.887551
vt 0.271808 0.887522
vt 0.238420 0.315291
vt 0.206403 0.314364
vt 0.220120 0.269225
vt 0.240533 0.281285
vt 0.220118 0.359938
vt 0.240533 0.349158
vt 0.498464 0.906092
vt 0.524255 0.938584
vt 0.498461 0.961386
vt 0.485593 0.931347
vt 0.539756 0.894434
vt 0.516492 0.881255
vt 0.565274 0.942518
vt 0.566479 0.908509
vt 0.539755 0.983898
vt 0.566479 0.975446
vt 0.516488 0.989565
vt 0.641692 0.980303
vt 0.625888 0.936903
vt 0.669474 0.942706
vt 0.670270 0.973748
vt 0.596741 0.955257
vt 0.615850 0.983137
vt 0.596740 0.902182
vt 0.582217 0.924688
vt 0.641690 0.894422
vt 0.615847 0.879170
vt 0.670270 0.909489
vt 0.918251 0.979959
vt 0.947603 0.927791
vt 0.963105 0.979257
vt 0.938658 0.995461
vt 0.895821 0.928337
vt 0.894723 0.962214
vt 0.918250 0.876013
vt 0.894722 0.894340
vt 0.963105 0.875315
vt 0.938657 0.859720
vt 0.722996 0.826647
vt 0.677258 0.823390
vt 0.704271 0.772924
vt 0.724644 0.792574
vt 0.704272 0.876520
vt 0.724644 0.860215
vt 0.356612 0.713380
vt 0.412739 0.721625
vt 0.384426 0.764230
vt 0.357580 0.744115
vt 0.386581 0.666952
vt 0.358987 0.680595
vt 0.444362 0.671379
vt 0.416285 0.653170
vt 0.472171 0.722230
vt 0.472171 0.689266
vt 0.442204 0.768653
vt 0.470761 0.752781
vt 0.413469 0.780205
vt 0.975577 0.694049
vt 0.933192 0.682709
vt 0.958803 0.637419
vt 0.977467 0.660563
vt 0.958802 0.737660
vt 0.977467 0.726018
vt 0.862271 0.621938
vt 0.891875 0.569776
vt 0.908057 0.621204
vt 0.883204 0.637419
vt 0.839380 0.570341
vt 0.838362 0.604206
vt 0.862273 0.518010
vt 0.838364 0.536347
vt 0.908057 0.517271
vt 0.883206 0.501695
vt 0.133898 0.545531
vt 0.186180 0.573524
vt 0.140775 0.601838
vt 0.122471 0.573682
vt 0.173908 0.520967
vt 0.144105 0.520876
vt 0.220795 0.552715
vt 0.200845 0.525566
vt 0.034329 0.951531
vt 0.046221 1.000000
vt 0.000000 1.000000
vt 0.008380 0.968423
vt 0.227668 0.609023
vt 0.444548 0.540831
vt 0.412940 0.591918
vt 0.386680 0.537162
vt 0.416410 0.522849
vt 0.472348 0.592562
vt 0.472348 0.559023
vt 0.442279 0.640625
vt 0.470867 0.624185
vt 0.384411 0.636954
vt 0.413446 0.653170
vt 0.356612 0.585224
vt 0.357510 0.616996
vt 0.358992 0.551837
vt 0.745364 0.778460
vt 0.778366 0.807904
vt 0.745361 0.834376
vt 0.728943 0.805687
vt 0.794167 0.762562
vt 0.765460 0.751956
vt 0.824329 0.808651
vt 0.824542 0.774544
vt 0.794166 0.853037
vt 0.824542 0.842239
vt 0.765456 0.861488
vt 0.044977 0.744647
vt 0.063567 0.693231
vt 0.096028 0.720470
vt 0.072690 0.744647
vt 0.007869 0.713284
vt 0.015125 0.739956
vt 0.021813 0.657746
vt 0.000000 0.683212
vt 0.072862 0.633570
vt 0.042438 0.631163
vt 0.109970 0.664931
vt 0.100000 0.635854
vt 0.115127 0.692595
vt 0.025584 0.601827
vt 0.071641 0.573515
vt 0.019184 0.545526
vt 0.007388 0.573674
vt 0.060063 0.520968
vt 0.029902 0.520876
vt 0.107341 0.552712
vt 0.087465 0.525568
vt 0.024761 0.361177
vt 0.005494 0.318197
vt 0.057163 0.312034
vt 0.051721 0.342156
vt 0.113741 0.609013
vt 0.095619 0.274803
vt 0.115091 0.318189
vt 0.064562 0.285760
vt 0.152866 0.286711
vt 0.127051 0.269225
vt 0.171656 0.335854
vt 0.176701 0.309089
vt 0.133197 0.373086
vt 0.163858 0.365489
vt 0.075952 0.361174
vt 0.101366 0.382021
vt 0.186818 0.389139
vt 0.147549 0.432265
vt 0.198353 0.446568
vt 0.206403 0.413469
vt 0.156264 0.487941
vt 0.186452 0.477983
vt 0.102643 0.471883
vt 0.123956 0.494512
vt 0.091111 0.414457
vt 0.081416 0.446529
vt 0.114437 0.520876
vt 0.058005 0.502774
vt 0.941621 0.328610
vt 0.977386 0.295777
vt 0.977386 0.356768
vt 0.954149 0.357016
vt 0.933335 0.269383
vt 0.925385 0.299956
vt 0.007726 0.471884
vt 0.019516 0.520876
vt 0.000000 0.494513
vt 0.049288 0.447389
vt 0.019440 0.446531
vt 0.395022 0.888465
vt 0.379872 0.933251
vt 0.356612 0.915604
vt 0.373732 0.886513
vt 0.418760 0.925294
vt 0.420232 0.893765
vt 0.395024 0.975191
vt 0.420232 0.958654
vt 0.356615 0.969205
vt 0.373736 0.991508
vt 0.478811 0.780205
vt 0.478811 0.827186
vt 0.451429 0.820055
vt 0.458413 0.786728
vt 0.237214 0.403630
vt 0.206403 0.405739
vt 0.219835 0.359938
vt 0.239417 0.369888
vt 0.219837 0.450532
vt 0.239417 0.437672
vt 0.998137 0.909520
vt 0.963105 0.902490
vt 0.977495 0.859720
vt 1.000000 0.875766
vt 0.977493 0.948265
vt 1.000000 0.942014
vt 0.206403 0.450532
vt 0.240563 0.458193
vt 0.240563 0.494311
vt 0.215080 0.479424
vt 0.304573 0.883038
vt 0.288719 0.839847
vt 0.334132 0.843468
vt 0.334518 0.874903
vt 0.256747 0.860336
vt 0.276617 0.887522
vt 0.256746 0.806736
vt 0.240833 0.830434
vt 0.304572 0.796309
vt 0.276614 0.782527
vt 0.334518 0.810009
vt 0.748604 0.405587
vt 0.785178 0.434644
vt 0.747274 0.461646
vt 0.729447 0.433107
vt 0.800911 0.389589
vt 0.769580 0.379194
vt 0.831910 0.435758
vt 0.831910 0.401768
vt 0.798762 0.480292
vt 0.830302 0.469633
vt 0.766976 0.489004
vt 0.897883 0.091015
vt 0.882068 0.047800
vt 0.925826 0.042911
vt 0.926589 0.076450
vt 0.852672 0.081714
vt 0.871853 0.105482
vt 0.852673 0.027866
vt 0.838028 0.058233
vt 0.897884 0.003883
vt 0.871855 0.000000
vt 0.926589 0.011255
vt 0.211785 0.925599
vt 0.214358 0.893183
vt 0.217362 0.893580
vt 0.214829 0.925688
vt 0.474249 0.711721
vt 0.472171 0.679041
vt 0.474966 0.679249
vt 0.477008 0.711618
vt 0.226490 0.952416
vt 0.226892 0.925301
vt 0.229972 0.925285
vt 0.229559 0.952145
vt 0.573197 0.910860
vt 0.569468 0.941586
vt 0.566479 0.941549
vt 0.570185 0.911115
vt 0.818518 0.920070
vt 0.816281 0.890156
vt 0.819335 0.890442
vt 0.821566 0.920073
vt 0.754588 0.734353
vt 0.729593 0.711902
vt 0.731198 0.710159
vt 0.755944 0.732407
vt 0.111965 0.851505
vt 0.108041 0.879713
vt 0.105434 0.880048
vt 0.109310 0.852116
vt 0.969997 0.637328
vt 0.967076 0.603475
vt 0.969419 0.603401
vt 0.972327 0.636928
vt 0.723105 0.913128
vt 0.726016 0.879170
vt 0.728901 0.879483
vt 0.726006 0.913115
vt 0.754878 0.538392
vt 0.783479 0.521219
vt 0.784472 0.523315
vt 0.756136 0.540311
vt 0.478842 0.924190
vt 0.482163 0.890390
vt 0.485033 0.890798
vt 0.481728 0.924274
vt 0.483144 0.890390
vt 0.480144 0.889845
vt 0.729488 0.560384
vt 0.730999 0.562104
vt 0.482163 0.958081
vt 0.485033 0.957840
vt 0.570711 0.881255
vt 0.567710 0.881798
vt 0.240458 0.832188
vt 0.237377 0.862007
vt 0.234362 0.861464
vt 0.237429 0.831935
vt 0.223559 0.862036
vt 0.226490 0.862736
vt 0.472998 0.861167
vt 0.475919 0.827186
vt 0.478811 0.827474
vt 0.475905 0.861128
vt 0.239545 0.583126
vt 0.240563 0.611880
vt 0.237703 0.611314
vt 0.236708 0.582841
vt 0.240562 0.494311
vt 0.237703 0.494875
vt 0.475904 0.895022
vt 0.478811 0.895205
vt 0.482774 0.743801
vt 0.485467 0.743387
vt 0.820452 0.861488
vt 0.823481 0.862053
vt 0.483144 0.772924
vt 0.485593 0.800890
vt 0.482583 0.801200
vt 0.480144 0.773508
vt 0.232653 0.978161
vt 0.235678 0.977637
vt 0.218565 0.833986
vt 0.211785 0.804824
vt 0.214578 0.804898
vt 0.221277 0.833784
vt 0.218566 0.774061
vt 0.231633 0.744649
vt 0.234236 0.745300
vt 0.221278 0.774425
vt 0.235678 0.895850
vt 0.238539 0.862036
vt 0.240799 0.862463
vt 0.237950 0.895952
vt 0.267966 0.538907
vt 0.298658 0.586701
vt 0.240833 0.590717
vt 0.240868 0.558095
vt 0.325857 0.536732
vt 0.296376 0.522849
vt 0.356612 0.586371
vt 0.354251 0.553838
vt 0.329475 0.638180
vt 0.356612 0.620070
vt 0.271587 0.640352
vt 0.301103 0.655310
vt 0.243233 0.624324
vt 0.810847 0.529831
vt 0.780124 0.573272
vt 0.838362 0.568287
vt 0.838154 0.541580
vt 0.811166 0.617219
vt 0.838362 0.598633
vt 0.756457 0.627697
vt 0.784889 0.637419
vt 0.728943 0.589244
vt 0.731210 0.619155
vt 0.949604 0.153032
vt 0.983936 0.186324
vt 0.941160 0.211756
vt 0.933713 0.181217
vt 0.983936 0.125953
vt 0.961640 0.125197
vt 0.848559 0.979268
vt 0.878127 0.927406
vt 0.894722 0.977560
vt 0.869747 0.994015
vt 0.825480 0.928698
vt 0.824542 0.962113
vt 0.848561 0.876420
vt 0.824544 0.894969
vt 0.894722 0.874707
vt 0.869749 0.859720
vt 0.752450 0.876444
vt 0.781692 0.928265
vt 0.729991 0.927211
vt 0.728943 0.893741
vt 0.797375 0.877809
vt 0.772934 0.861488
vt 0.942588 0.058014
vt 0.977480 0.028819
vt 0.977480 0.089195
vt 0.954817 0.087264
vt 0.934243 0.000000
vt 0.926589 0.029031
vt 0.752453 0.979340
vt 0.797375 0.980707
vt 0.772936 0.995842
vt 0.728945 0.960917
vt 0.810494 0.106786
vt 0.779131 0.057560
vt 0.838028 0.056229
vt 0.838028 0.088773
vt 0.753735 0.112019
vt 0.782997 0.125197
vt 0.724513 0.066690
vt 0.726863 0.099020
vt 0.752052 0.016132
vt 0.725765 0.036419
vt 0.808808 0.010904
vt 0.780798 0.000000
vt 0.836927 0.026177
vt 0.755939 0.646318
vt 0.779051 0.700908
vt 0.728943 0.683457
vt 0.731194 0.653955
vt 0.809941 0.658131
vt 0.784074 0.637419
vt 0.836943 0.707085
vt 0.836959 0.677092
vt 0.809943 0.744222
vt 0.836959 0.733298
vt 0.784078 0.749828
vt 0.952955 0.211756
vt 0.972828 0.263526
vt 0.933713 0.263526
vt 0.934446 0.229746
vt 0.325740 0.667242
vt 0.296781 0.714410
vt 0.268347 0.671129
vt 0.297103 0.655310
vt 0.355614 0.714016
vt 0.354077 0.683310
vt 0.328096 0.764674
vt 0.355614 0.746920
vt 0.270708 0.768559
vt 0.300182 0.782527
vt 0.240833 0.721789
vt 0.243213 0.754530
vt 0.241671 0.690923
vt 0.237249 0.801269
vt 0.234236 0.801309
vt 0.106205 0.769668
vt 0.110198 0.802685
vt 0.107197 0.802579
vt 0.103229 0.769877
vt 0.344244 0.850377
vt 0.340923 0.816436
vt 0.344005 0.816435
vt 0.347309 0.850050
vt 0.473660 0.545831
vt 0.481602 0.522849
vt 0.484586 0.523235
vt 0.476705 0.545991
vt 0.482789 0.653170
vt 0.485467 0.653621
vt 0.230303 0.696990
vt 0.230100 0.664835
vt 0.233181 0.664832
vt 0.233368 0.696682
vt 0.573197 0.915199
vt 0.576486 0.881255
vt 0.579549 0.881579
vt 0.576277 0.915197
vt 0.334518 0.816460
vt 0.337882 0.782527
vt 0.340923 0.782860
vt 0.337575 0.816467
vt 0.344244 0.782527
vt 0.347309 0.782852
vt 0.969938 0.569498
vt 0.967076 0.535508
vt 0.969946 0.535563
vt 0.972793 0.569227
vt 0.108015 0.835142
vt 0.105021 0.834722
vt 0.473661 0.603411
vt 0.472348 0.570063
vt 0.475421 0.569996
vt 0.476706 0.603027
vt 0.230304 0.637691
vt 0.233368 0.637944
vt 0.970094 0.809597
vt 0.967524 0.775824
vt 0.970200 0.775742
vt 0.972756 0.809189
vt 0.110198 0.744647
vt 0.107197 0.745090
vt 0.475919 0.895022
vt 0.478811 0.894658
vt 0.108041 0.939701
vt 0.111965 0.969014
vt 0.109310 0.968496
vt 0.105434 0.939468
vt 0.969938 0.501695
vt 0.972793 0.502075
vt 0.237104 0.611880
vt 0.240118 0.612386
vt 0.238539 0.929837
vt 0.240799 0.929612
vt 0.813492 0.978503
vt 0.802177 0.948503
vt 0.805057 0.948116
vt 0.816280 0.977823
vt 0.099123 0.909292
vt 0.096590 0.909348
vt 0.970094 0.741817
vt 0.972756 0.742061
vt 0.782986 0.751956
vt 0.231633 0.862036
vt 0.234236 0.861559
vt 0.350616 0.782527
vt 0.353681 0.782852
vt 0.481602 0.635644
vt 0.484586 0.634946
vt 0.726016 0.947043
vt 0.728901 0.946704
vt 0.337882 0.850386
vt 0.340923 0.850067
vt 0.237104 0.728038
vt 0.240118 0.727428
vt 0.576486 0.949116
vt 0.579549 0.948788
vt 0.111905 0.810449
vt 0.113916 0.809512
vt 0.969997 0.569498
vt 0.972327 0.569749
s 1
usemtl Material.140
f 18/12/6 17/13/6 324/14/6 325/15/6
f 40/16/7 32/17/7 332/18/7 341/19/7
f 290/20/8 288/21/8 376/22/8 379/23/8
f 315/24/9 236/25/9 355/26/9 406/27/9
f 274/28/10 273/29/10 360/30/10 361/31/10
f 36/32/11 39/33/11 340/34/11 337/35/11
f 23/36/12 24/37/12 19/38/12 20/39/12
f 25/40/13 24/37/13 23/36/13 26/41/13
f 27/42/14 24/37/14 25/40/14 28/43/14
f 29/44/15 24/37/15 27/42/15 30/45/15
f 31/46/16 24/37/16 29/44/16 32/47/16
f 19/38/17 24/37/17 31/46/17 22/48/17
f 37/49/18 36/32/18 337/35/18 338/50/18
f 186/51/19 187/52/19 347/53/19 346/54/19
f 314/55/20 313/56/20 404/57/20 405/58/20
f 305/59/21 304/60/21 394/61/21 395/62/21
f 12/63/22 16/64/22 323/65/22 318/66/22
f 207/67/23 298/68/23 388/69/23 353/70/23
f 42/71/24 43/72/24 38/73/24 39/74/24
f 44/75/25 43/72/25 42/71/25 45/76/25
f 46/77/26 43/72/26 44/75/26 47/78/26
f 48/79/27 43/72/27 46/77/27 49/80/27
f 50/81/28 43/72/28 48/79/28 51/82/28
f 38/73/29 43/72/29 50/81/29 41/83/29
f 52/84/30 53/85/30 48/86/30 49/87/30
f 54/88/31 53/85/31 52/84/31 55/89/31
f 56/90/32 53/85/32 54/88/32 57/91/32
f 13/92/33 53/93/33 56/94/33 14/95/33
f 58/96/34 53/93/34 13/92/34 11/97/34
f 48/98/35 53/93/35 58/96/35 51/99/35
f 109/158/61 110/159/61 111/160/61 112/161/61
f 113/162/62 110/159/62 109/158/62 114/163/62
f 115/164/63 110/159/63 113/162/63 116/165/63
f 117/166/64 110/159/64 115/164/64 118/167/64
f 15/168/65 110/169/65 117/170/65 18/171/65
f 111/172/66 110/169/66 15/168/66 16/173/66
f 119/174/67 120/175/67 121/176/67 122/177/67
f 123/178/68 120/175/68 119/174/68 124/179/68
f 125/180/69 120/175/69 123/178/69 126/181/69
f 127/182/70 120/175/70 125/180/70 128/183/70
f 25/184/71 120/175/71 127/182/71 28/185/71
f 121/176/72 120/175/72 25/184/72 26/186/72
f 129/187/73 130/188/73 131/189/73 132/190/73
f 133/191/74 130/188/74 129/187/74 134/192/74
f 135/193/75 130/194/75 133/195/75 136/196/75
f 137/197/76 130/194/76 135/193/76 138/198/76
f 34/199/77 130/194/77 137/197/77 37/200/77
f 131/201/78 130/194/78 34/199/78 35/202/78
f 139/203/79 140/204/79 141/205/79 142/206/79
f 143/207/80 140/204/80 139/203/80 144/208/80
f 145/209/81 140/204/81 143/207/81 146/210/81
f 147/211/82 140/212/82 145/213/82 148/214/82
f 44/75/83 140/204/83 147/215/83 47/78/83
f 141/205/84 140/204/84 44/75/84 45/76/84
f 149/216/85 150/217/85 151/218/85 152/219/85
f 153/220/86 150/217/86 149/216/86 154/221/86
f 155/222/87 150/217/87 153/220/87 156/223/87
f 157/224/88 150/217/88 155/222/88 158/225/88
f 159/226/89 150/217/89 157/224/89 160/227/89
f 151/218/90 150/217/90 159/226/90 74/228/90
f 172/240/96 173/241/96 174/242/96 175/243/96
f 176/244/97 173/241/97 172/240/97 177/245/97
f 178/246/98 173/241/98 176/244/98 179/247/98
f 180/248/99 173/241/99 178/246/99 181/249/99
f 182/250/100 173/241/100 180/248/100 183/251/100
f 174/242/101 173/241/101 182/250/101 171/252/101
f 184/253/102 185/254/102 180/248/102 181/249/102
f 186/255/103 185/254/103 184/253/103 187/256/103
f 188/257/104 185/254/104 186/255/104 189/258/104
f 190/259/105 185/254/105 188/257/105 191/260/105
f 192/261/106 185/262/106 190/263/106 193/264/106
f 180/248/107 185/254/107 192/265/107 183/251/107
f 194/266/108 195/267/108 190/263/108 191/268/108
f 196/269/109 195/267/109 194/266/109 197/270/109
f 198/271/110 195/267/110 196/269/110 199/272/110
f 200/273/111 195/267/111 198/271/111 201/274/111
f 202/275/112 195/267/112 200/273/112 203/276/112
f 190/263/113 195/267/113 202/275/113 193/264/113
f 204/277/114 205/278/114 200/273/114 201/274/114
f 206/279/115 205/278/115 204/277/115 207/280/115
f 208/281/116 205/278/116 206/279/116 209/282/116
f 210/283/117 205/278/117 208/281/117 211/284/117
f 212/285/118 205/278/118 210/283/118 213/286/118
f 200/273/119 205/278/119 212/285/119 203/276/119
f 214/287/120 215/288/120 210/283/120 211/284/120
f 216/289/121 215/290/121 214/291/121 217/292/121
f 218/293/122 215/290/122 216/289/122 219/294/122
f 174/295/123 215/288/123 218/296/123 175/297/123
f 220/298/124 215/288/124 174/295/124 171/299/124
f 210/283/125 215/288/125 220/298/125 213/286/125
f 292/363/151 291/364/151 380/365/151 381/366/151
f 280/367/152 281/368/152 369/369/152 368/370/152
f 286/371/153 189/372/153 348/373/153 374/374/153
f 13/375/154 14/376/154 321/377/154 320/378/154
f 14/376/155 12/63/155 318/66/155 321/377/155
f 20/379/156 19/380/156 326/381/156 327/382/156
f 206/383/157 207/384/157 353/385/157 352/386/157
f 296/387/158 295/388/158 384/389/158 385/390/158
f 285/391/159 284/392/159 372/393/159 373/394/159
f 15/395/160 18/396/160 325/397/160 322/398/160
f 17/13/161 20/379/161 327/382/161 324/14/161
f 29/399/162 30/400/162 331/401/162 330/402/162
f 300/403/163 303/404/163 393/405/163 390/406/163
f 304/60/164 209/407/164 354/408/164 394/61/164
f 32/409/165 29/399/165 330/402/165 332/410/165
f 301/411/166 300/403/166 390/406/166 391/412/166
f 11/413/167 13/375/167 320/378/167 317/414/167
f 297/415/168 301/416/168 391/417/168 386/418/168
f 291/364/169 294/419/169 383/420/169 380/365/169
f 306/421/170 310/422/170 401/423/170 396/424/170
f 307/425/171 308/426/171 399/427/171 398/428/171
f 316/429/172 315/24/172 406/27/172 407/430/172
f 273/29/173 276/431/173 363/432/173 360/30/173
f 187/433/174 280/367/174 368/370/174 347/434/174
f 19/380/175 22/435/175 329/436/175 326/381/175
f 303/437/176 302/438/176 392/439/176 393/440/176
f 287/441/177 286/371/177 374/374/177 375/442/177
f 275/443/178 278/444/178 365/445/178 362/446/178
f 277/447/179 179/448/179 345/449/179 364/450/179
f 270/451/180 274/452/180 361/453/180 356/454/180
f 318/455/181 319/456/181 320/457/181 321/458/181
f 322/459/182 319/456/182 318/455/182 323/460/182
f 324/461/183 319/456/183 322/459/183 325/462/183
f 326/463/184 319/456/184 324/461/184 327/464/184
f 328/465/185 319/456/185 326/463/185 329/466/185
f 320/457/186 319/456/186 328/465/186 317/467/186
f 333/468/187 334/469/187 330/402/187 331/401/187
f 335/470/188 334/469/188 333/468/188 336/471/188
f 337/472/189 334/469/189 335/470/189 338/473/189
f 339/474/190 334/469/190 337/472/190 340/475/190
f 341/476/191 334/469/191 339/474/191 342/477/191
f 330/402/192 334/469/192 341/476/192 332/410/192
f 356/478/193 357/479/193 358/480/193 359/481/193
f 360/482/194 357/479/194 356/478/194 361/483/194
f 362/484/195 357/485/195 360/486/195 363/487/195
f 364/488/196 357/485/196 362/484/196 365/489/196
f 343/490/197 357/485/197 364/488/197 345/491/197
f 358/492/198 357/485/198 343/490/198 344/493/198
f 366/494/199 367/495/199 368/496/199 369/497/199
f 370/498/200 367/495/200 366/494/200 371/499/200
f 372/500/201 367/501/201 370/502/201 373/503/201
f 374/504/202 367/501/202 372/500/202 375/505/202
f 346/506/203 367/495/203 374/507/203 348/508/203
f 368/496/204 367/495/204 346/506/204 347/509/204
f 376/510/205 377/511/205 378/512/205 379/513/205
f 380/514/206 377/511/206 376/510/206 381/515/206
f 382/516/207 377/511/207 380/514/207 383/517/207
f 384/518/208 377/511/208 382/516/208 385/519/208
f 349/520/209 377/511/209 384/518/209 351/521/209
f 378/512/210 377/511/210 349/520/210 350/522/210
f 386/523/211 387/524/211 388/525/211 389/526/211
f 390/527/212 387/524/212 386/523/212 391/528/212
f 392/529/213 387/524/213 390/527/213 393/530/213
f 394/531/214 387/524/214 392/529/214 395/532/214
f 352/386/215 387/524/215 394/531/215 354/533/215
f 388/534/216 387/535/216 352/536/216 353/537/216
f 396/538/217 397/539/217 398/540/217 399/541/217
f 400/542/218 397/539/218 396/538/218 401/543/218
f 402/544/219 397/539/219 400/542/219 403/545/219
f 404/546/220 397/539/220 402/544/220 405/547/220
f 406/548/221 397/539/221 404/546/221 407/549/221
f 398/540/222 397/539/222 406/548/222 355/550/222
f 298/68/223 299/551/223 389/552/223 388/69/223
f 283/553/224 282/554/224 370/555/224 371/556/224
f 189/372/225 186/51/225 346/54/225 348/373/225
f 197/557/226 289/558/226 378/559/226 350/560/226
f 236/25/227 307/425/227 398/428/227 355/26/227
f 271/561/228 272/562/228 359/563/228 358/564/228
f 281/368/229 279/565/229 366/566/229 369/369/229
f 309/567/230 312/568/230 403/569/230 400/570/230
f 21/571/231 11/572/231 317/573/231 328/574/231
f 38/575/232 41/576/232 342/577/232 339/578/232
f 278/444/233 277/447/233 364/450/233 365/445/233
f 289/558/234 290/579/234 379/580/234 378/559/234
f 294/581/235 293/582/235 382/583/235 383/584/235
f 282/554/236 285/585/236 373/586/236 370/555/236
f 176/587/237 177/588/237 344/589/237 343/590/237
f 312/568/238 311/591/238 402/592/238 403/569/238
f 30/593/239 33/594/239 333/595/239 331/596/239
f 279/597/240 283/553/240 371/556/240 366/598/240
f 308/599/241 306/421/241 396/424/241 399/600/241
f 196/601/242 197/602/242 350/603/242 349/604/242
f 302/438/243 305/59/243 395/62/243 392/439/243
f 293/582/244 296/605/244 385/606/244 382/583/244
f 311/591/245 314/607/245 405/608/245 402/592/245
f 272/609/246 270/451/246 356/454/246 359/610/246
f 35/611/247 34/612/247 335/613/247 336/614/247
f 177/588/248 271/561/248 358/564/248 344/589/248
f 34/612/249 37/49/249 338/50/249 335/613/249
f 295/388/250 199/615/250 351/616/250 384/389/250
f 33/594/251 35/617/251 336/618/251 333/595/251
f 209/619/252 206/383/252 352/386/252 354/533/252
f 276/620/253 275/443/253 362/446/253 363/621/253
f 299/551/254 297/415/254 386/418/254 389/552/254
f 313/56/255 316/622/255 407/623/255 404/57/255
f 179/624/256 176/587/256 343/590/256 345/625/256
f 199/615/257 196/601/257 349/604/257 351/616/257
f 16/626/258 15/395/258 322/398/258 323/627/258
f 39/628/259 38/575/259 339/578/259 340/629/259
f 310/630/260 309/567/260 400/570/260 401/631/260
f 288/21/261 292/363/261 381/366/261 376/22/261
f 22/632/262 21/571/262 328/574/262 329/633/262
f 41/634/263 40/16/263 341/19/263 342/635/263
f 284/392/264 287/636/264 375/637/264 372/393/264
usemtl Material1
f 1/1/1 2/2/1 3/3/1 4/4/1
f 5/5/2 2/2/2 1/1/2 6/6/2
f 7/7/3 2/2/3 5/5/3 8/8/3
f 9/9/4 2/2/4 7/7/4 10/10/4
f 3/3/5 2/2/5 9/9/5 11/11/5
f 59/100/36 60/101/36 61/102/36 62/103/36
f 63/104/37 60/101/37 59/100/37 64/105/37
f 65/106/38 60/101/38 63/104/38 39/107/38
f 66/108/39 60/101/39 65/106/39 67/109/39
f 61/102/40 60/101/40 66/108/40 68/110/40
f 69/111/41 70/112/41 71/113/41 72/114/41
f 73/115/42 70/112/42 69/111/42 74/116/42
f 75/117/43 70/112/43 73/115/43 49/118/43
f 76/119/44 70/112/44 75/117/44 77/120/44
f 71/113/45 70/112/45 76/119/45 78/121/45
f 79/122/46 80/123/46 81/124/46 82/125/46
f 83/126/47 80/123/47 79/122/47 84/127/47
f 85/128/48 80/123/48 83/126/48 14/129/48
f 86/130/49 80/131/49 85/132/49 87/133/49
f 81/134/50 80/131/50 86/130/50 88/135/50
f 89/136/51 90/137/51 91/138/51 92/139/51
f 93/140/52 90/137/52 89/136/52 94/141/52
f 95/142/53 90/137/53 93/140/53 20/143/53
f 96/144/54 90/137/54 95/142/54 97/145/54
f 91/138/55 90/137/55 96/144/55 98/146/55
f 99/147/56 100/148/56 101/149/56 102/150/56
f 103/151/57 100/148/57 99/147/57 104/152/57
f 105/153/58 100/148/58 103/151/58 30/154/58
f 106/155/59 100/148/59 105/153/59 107/156/59
f 101/149/60 100/148/60 106/155/60 108/157/60
f 161/229/91 162/230/91 163/231/91 164/232/91
f 165/233/92 162/230/92 161/229/92 166/234/92
f 167/235/93 162/230/93 165/233/93 168/236/93
f 169/237/94 162/230/94 167/235/94 170/238/94
f 163/231/95 162/230/95 169/237/95 171/239/95
f 221/300/126 222/301/126 223/302/126 224/303/126
f 225/304/127 222/301/127 221/300/127 226/305/127
f 227/306/128 222/301/128 225/304/128 201/307/128
f 228/308/129 222/301/129 227/306/129 229/309/129
f 223/310/130 222/311/130 228/312/130 230/313/130
f 231/314/131 232/315/131 233/316/131 234/317/131
f 235/318/132 232/315/132 231/314/132 236/319/132
f 237/320/133 232/321/133 235/322/133 211/323/133
f 238/324/134 232/321/134 237/320/134 239/325/134
f 233/326/135 232/327/135 238/328/135 240/329/135
f 241/330/136 242/331/136 243/332/136 244/333/136
f 245/334/137 242/331/137 241/330/137 246/335/137
f 247/336/138 242/331/138 245/334/138 175/337/138
f 248/338/139 242/331/139 247/336/139 249/339/139
f 243/332/140 242/331/140 248/338/140 250/340/140
f 251/341/141 252/342/141 253/343/141 254/344/141
f 255/345/142 252/342/142 251/341/142 256/346/142
f 257/347/143 252/342/143 255/345/143 181/348/143
f 258/349/144 252/342/144 257/347/144 259/350/144
f 253/343/145 252/342/145 258/349/145 260/351/145
f 261/352/146 262/353/146 263/354/146 154/355/146
f 264/356/147 262/353/147 261/352/147 265/357/147
f 266/358/148 262/353/148 264/356/148 191/359/148
f 267/360/149 262/353/149 266/358/149 268/361/149
f 263/354/150 262/353/150 267/360/150 269/362/150
o Footballer.003
v 0.226006 3.542181 -4.902232
v -0.113602 3.632501 -5.167050
v 0.473573 3.483274 -4.852408
v 0.271198 5.282434 -4.374523
v 0.299986 5.388159 -4.424625
v 0.193687 5.588259 -4.992065
v 0.107342 5.611344 -4.697768
v -0.082846 5.472035 -4.597205
v 0.026046 5.357563 -4.455825
v -0.194498 5.400105 -4.583473
v -0.026048 5.433575 -4.521397
v -0.063448 5.569987 -4.774765
v -0.149853 5.549984 -4.822333
v 0.171335 4.154728 -4.584331
v 0.150913 5.077819 -4.360828
v 0.181559 4.786411 -4.361000
v 0.230276 4.438473 -4.416749
v 0.212087 5.328561 -5.211926
v 0.206982 5.029505 -5.348404
v -0.139010 5.156241 -4.432963
v -0.403129 4.819016 -4.806198
v -0.601405 5.190863 -5.028900
v -0.646554 5.054912 -5.127531
v -0.600073 5.004601 -4.869177
v -0.554106 5.147202 -5.245825
v -0.243189 4.921590 -5.345002
v -0.620316 4.919065 -4.988060
v -0.336140 4.716236 -4.991695
v -0.420656 5.148477 -5.335401
v -0.319632 5.045857 -5.368203
v -0.474844 4.761987 -4.932055
v -0.508239 5.249576 -5.132800
v -0.334129 5.220631 -5.218518
v 0.137896 3.896342 -4.739216
v 0.079507 3.621139 -4.858385
v -0.210802 4.203617 -5.149446
v -0.158876 4.066702 -4.976673
v -0.246201 3.718544 -5.377825
v -0.163730 3.682011 -5.091147
v 0.159308 4.257100 -5.618965
v -0.090814 4.219929 -5.449477
v 0.123729 3.858084 -5.752839
v -0.157612 3.716047 -5.632457
v -0.436507 4.565877 -5.256909
v -0.364245 4.647568 -5.369566
v -0.378293 4.777905 -5.470415
v -0.424589 4.524104 -5.279351
v -0.633541 4.552397 -5.208073
v -0.751900 4.673629 -5.262148
v -0.758364 4.864022 -5.416563
v -0.627034 4.942428 -5.549080
v -0.358251 4.753957 -5.525253
v -0.491603 4.887752 -5.565193
v -0.251254 4.891128 -4.585544
v -0.174583 5.512786 -4.930779
v -0.236950 5.531047 -4.801794
v -0.196499 5.455370 -5.033983
v -0.345626 5.487600 -4.796111
v -0.342843 5.101682 -4.542509
v -0.304170 5.356378 -4.588792
v -0.108007 5.208456 -5.171440
v -0.152509 4.490118 -4.705423
v -0.209274 4.665114 -4.820803
v -0.297055 4.759361 -4.825866
v -0.146642 4.325233 -4.777478
v -0.186572 4.843637 -5.210008
v -0.156268 4.655400 -5.235520
v -0.199194 4.719694 -5.046556
v -0.504248 5.194586 -4.673452
v -0.510832 5.369817 -4.862257
v -0.426524 5.290120 -4.600464
v -0.452788 5.350056 -5.035061
v -0.564512 5.284434 -4.941637
v -0.314632 4.893141 -4.659674
v -0.444150 5.039882 -4.656448
v -0.523826 4.923103 -4.832262
v -0.569591 5.090375 -4.773512
v -0.489125 4.977013 -4.744333
v -0.697113 4.554990 -5.369015
v -0.638388 4.777781 -5.660377
v -0.548081 4.756412 -5.651294
v -0.763676 4.623414 -5.485804
v -0.799059 4.599782 -5.780273
v -0.854500 4.576645 -5.691551
v -0.822070 4.599699 -5.619952
v -0.753234 4.550176 -5.871005
v -0.775830 4.651914 -5.739406
v -0.556344 4.629327 -5.764247
v -0.693539 4.632805 -5.818907
v -0.624228 4.520949 -5.819882
v -0.556001 4.489981 -5.755439
v -0.519341 4.577126 -5.680403
v -1.006990 4.438690 -5.948215
v -0.851068 4.143076 -5.735992
v -0.751211 4.251910 -5.980492
v -1.077724 4.338788 -5.789264
v -1.065039 4.266743 -5.731149
v -0.962363 4.482208 -5.652610
v -0.944190 4.164848 -5.694413
v -0.892093 4.159046 -5.728944
v -0.850587 4.378462 -5.581429
v -0.651681 4.740494 -5.722937
v -0.765390 4.703230 -5.682863
v -0.544634 4.699279 -5.702914
v -0.755198 4.732528 -5.611569
v -0.879808 4.394350 -6.034321
v -1.071085 4.400477 -5.840282
v -1.126654 4.273380 -6.073548
v -1.182808 4.247083 -5.985658
v -0.927609 4.136036 -6.087400
v -1.025573 4.232912 -6.140322
v -1.159031 4.127363 -5.891160
v -1.173814 4.202223 -5.923195
v -1.045156 3.974090 -5.863100
v -0.500472 4.522832 -5.349064
v -1.000527 4.008814 -5.912211
v -0.572162 4.469714 -5.446200
v -0.743564 4.334110 -5.626493
v -1.258635 3.923527 -6.304101
v -1.249032 3.816628 -6.327125
v -1.300724 3.868579 -6.358760
v -1.113419 3.965152 -6.197709
v -1.170578 4.029059 -6.238526
v -1.253650 4.079230 -6.180497
v -1.291932 3.772850 -6.088896
v -1.279010 3.950094 -6.032045
v -1.431365 3.801961 -6.196913
v -1.343999 3.716524 -6.137464
v -1.372687 3.935367 -6.206463
v -1.307174 4.040829 -6.083333
v -1.383181 3.884349 -6.328521
v -1.432613 3.859553 -6.272048
v -1.183732 3.848881 -6.015130
v -1.224947 3.871142 -6.010823
v -1.112750 4.044517 -5.849857
v -0.984182 4.193914 -5.699861
v -1.448035 3.615336 -6.149662
v -1.515982 3.258174 -6.293033
v -1.511352 3.295807 -6.306583
v -1.311434 3.601376 -6.289699
v -1.284392 3.637462 -6.247523
v -1.328855 3.552360 -6.272990
v -1.401184 3.507817 -6.294831
v -1.390996 3.579759 -6.319105
v -1.369479 3.712581 -6.500735
v -1.451162 3.641601 -6.559469
v -1.495811 3.657424 -6.608693
v -1.297302 3.749829 -6.441179
v -1.391575 3.783195 -6.487072
v -1.349994 3.825890 -6.424103
v -1.280885 3.788552 -6.407205
v -1.599859 3.496439 -6.285794
v -1.644605 3.394890 -6.363279
v -1.603683 3.356613 -6.440700
v -1.589131 3.462513 -6.429200
v -1.570402 3.436569 -6.395042
v -1.618266 3.340135 -6.402514
v -1.675857 3.412042 -6.388595
v -1.660088 3.474933 -6.361400
v -1.660056 3.239561 -6.458592
v -1.685886 3.307934 -6.435481
v -1.671339 3.333938 -6.478537
v -1.674358 3.361634 -6.465234
v -1.267633 3.740999 -6.353719
v -1.476205 3.457093 -6.148579
v -1.472692 3.333868 -6.197574
v -1.496154 3.363075 -6.180417
v -1.487472 3.392982 -6.166952
v -1.471745 3.356391 -6.261971
v -1.436123 3.422662 -6.247259
v -1.453900 3.333076 -6.237891
v -1.408388 3.423254 -6.211456
v -1.427317 3.388904 -6.212724
v -1.414673 3.440908 -6.247349
v -1.500735 3.532522 -6.211928
v -1.513429 3.604943 -6.224071
v -1.510744 3.453409 -6.225574
v -1.502970 3.469361 -6.183908
v -1.530511 3.393605 -6.228930
v -1.520060 3.305553 -6.226861
v -1.487342 3.324306 -6.288351
v -1.468143 3.289522 -6.258894
v -1.556748 3.296853 -6.283530
v -1.545983 3.342208 -6.250700
v -1.324878 3.544310 -6.219427
v -1.430341 3.806026 -6.438059
v -1.501047 3.731804 -6.535903
v -1.487514 3.768255 -6.448340
v -1.637920 3.545362 -6.336101
v -1.361975 3.494353 -6.216315
v -1.370842 3.497833 -6.260445
v -1.313236 3.673322 -6.367191
v -1.511952 3.521736 -6.435884
v -1.483359 3.581047 -6.497111
v -1.445208 3.571638 -6.375688
v -1.476367 3.621601 -6.531288
v -1.406955 3.646623 -6.435732
v -1.486603 3.490808 -6.326606
v -1.515870 3.476773 -6.347241
v -1.589991 3.168222 -6.467872
v -1.604359 3.235229 -6.448346
v -1.689381 3.337065 -6.424866
v -1.616943 3.193151 -6.536740
v -1.650751 3.262836 -6.501943
v -1.593705 3.257824 -6.488799
v -1.573300 3.182797 -6.501221
v -1.649117 3.509158 -6.413872
v -1.636790 3.487475 -6.435623
v -1.661222 3.471968 -6.419602
v -1.583259 3.637641 -6.545527
v -1.570877 3.613756 -6.570862
v -1.603625 3.602483 -6.557364
v -1.627862 3.571465 -6.488981
v -1.608072 3.546779 -6.512678
v -1.638438 3.540919 -6.495108
v -1.665624 3.430821 -6.435086
v -1.572248 3.422046 -6.364424
v -1.633143 3.189644 -6.527960
v -1.608462 3.152005 -6.521270
v -1.643450 3.163607 -6.477388
v -1.614379 3.137337 -6.491904
v -1.535194 3.684788 -6.298050
v -1.582806 3.631042 -6.584335
v -1.637889 3.591095 -6.430382
v -1.659930 3.503981 -6.449119
v -1.609255 3.640946 -6.500850
v -1.619254 3.576803 -6.514658
v -1.520833 3.742804 -6.413083
v -1.533621 3.727421 -6.378461
v -1.530019 3.702676 -6.337950
v -1.516358 3.250230 -6.264118
v -1.538429 3.264838 -6.256053
v -1.521103 3.407096 -6.194730
v -1.524280 3.376065 -6.204068
v -1.552240 3.700503 -6.551539
v -1.643545 3.434310 -6.465311
v -1.617232 3.462199 -6.547656
v -1.591513 3.402416 -6.541604
v -1.558600 3.494204 -6.480999
v -1.600018 3.375938 -6.506933
v -1.568110 3.479029 -6.453467
v -1.666105 3.447409 -6.488224
v -1.638592 3.257329 -6.591203
v -1.676639 3.336985 -6.550251
v -1.660857 3.366312 -6.592068
v -1.664353 3.395327 -6.575078
v -1.567247 3.237413 -6.575131
v -1.593576 3.302440 -6.547567
v -1.648782 3.333136 -6.515263
v -1.680474 3.367615 -6.536027
v -1.627631 3.277585 -6.626296
v -1.582983 3.325911 -6.584057
v -1.556252 3.258521 -6.608369
v -1.651915 3.468018 -6.533320
v -1.595297 3.198949 -6.660870
v -1.560606 3.168304 -6.653952
v -1.605079 3.172735 -6.616927
v -1.569033 3.152695 -6.624483
v -1.542261 3.209531 -6.632802
v -1.601437 3.501706 -6.537222
v -1.574441 3.533199 -6.611580
v -1.552447 3.477150 -6.610768
v -1.525627 3.557855 -6.543096
v -1.561122 3.450155 -6.580777
v -1.536823 3.539066 -6.520403
v -1.622160 3.515351 -6.558628
v -1.595148 3.342793 -6.669376
v -1.632428 3.416595 -6.627366
v -1.617922 3.442707 -6.664264
v -1.620543 3.471494 -6.644245
v -1.531644 3.325926 -6.652750
v -1.557123 3.385245 -6.623771
v -1.605931 3.410850 -6.594377
v -1.635907 3.443936 -6.611813
v -1.587218 3.365323 -6.700262
v -1.546113 3.409950 -6.656178
v -1.520689 3.347665 -6.681514
v -1.607652 3.537601 -6.598969
v -1.559262 3.295614 -6.738336
v -1.527308 3.264193 -6.734948
v -1.569103 3.268753 -6.700380
v -1.536994 3.245974 -6.705398
v -1.552794 3.571611 -6.591400
v -1.508829 3.564975 -6.650067
v -1.476522 3.617052 -6.601355
v -1.520882 3.540907 -6.625188
v -1.489691 3.602782 -6.580047
v -1.584749 3.593199 -6.610831
v -1.564601 3.454655 -6.706630
v -1.587607 3.501562 -6.674606
v -1.572278 3.530583 -6.706152
v -1.575062 3.553755 -6.688182
v -1.495734 3.429850 -6.693732
v -1.523470 3.501871 -6.660131
v -1.589346 3.529307 -6.656484
v -1.529316 3.480320 -6.736141
v -1.554562 3.474288 -6.731716
v -1.513063 3.525298 -6.687247
v -1.493268 3.456315 -6.719486
v -1.566592 3.612261 -6.644811
v -1.532240 3.423400 -6.762156
v -1.508029 3.391484 -6.765139
v -1.542456 3.394842 -6.734710
v -1.514691 3.374940 -6.741385
v -1.547774 3.675729 -6.596071
v -1.578220 3.657888 -6.573711
v -0.663144 4.702446 -5.769002
v -0.429313 5.256906 -5.181996
v 0.335430 5.449870 -4.411132
v 0.143334 5.500434 -4.538523
v 0.256590 5.480397 -4.450366
v 0.214965 5.427023 -4.474545
v 0.422713 5.427554 -4.380883
v 0.140315 5.634650 -4.613672
v 0.091690 5.583941 -4.628175
v 0.191734 5.643357 -4.772695
v 0.183820 5.551098 -4.519330
v 0.217991 5.687853 -4.725997
v 0.412791 5.731565 -4.791455
v 0.158502 5.661427 -4.671330
v -0.368434 4.579797 -5.220763
v -0.565796 4.602900 -5.124190
v -0.700044 4.733800 -5.144763
v -0.422679 4.945168 -5.504338
v -0.373057 4.570221 -5.345432
v -0.757487 4.774032 -5.334321
v -0.533922 4.537287 -5.236857
v -0.689471 4.608257 -5.228079
v -0.578172 4.937048 -5.562440
v -0.719571 4.902399 -5.470739
v -0.336977 4.707000 -5.501519
v -0.389865 4.808732 -5.543092
v -0.584973 5.024711 -5.476175
v -0.725746 4.940345 -5.307398
v -0.302367 4.816563 -5.467335
v 0.179344 4.491803 -5.505122
v -0.134404 4.441691 -5.303329
v 0.061558 3.744918 -4.843685
v -0.150660 3.822028 -5.061218
v -0.123226 3.930796 -5.545502
v 0.160807 4.001043 -5.733934
v 0.257849 4.371486 -4.484868
v -0.772128 4.866638 -5.412397
v -0.480004 4.890558 -5.575835
v -0.759563 4.670437 -5.250865
v -0.415048 4.511011 -5.281925
v -0.639281 4.539639 -5.196792
v -0.631282 4.953894 -5.562845
v -0.341591 4.758980 -5.530643
v -0.337474 4.585024 -5.383309
v -0.582168 4.947238 -5.574492
v -0.729669 4.914236 -5.474013
v -0.324636 4.714907 -5.501119
v -0.490500 4.513814 -5.247417
v -0.380826 4.810930 -5.556632
v 0.208200 4.870900 -5.401488
v -0.124624 5.091975 -5.224103
v 0.205604 4.715015 -5.455077
v -0.144511 4.959936 -5.245957
v 0.028079 5.583083 -4.918581
v 0.008925 5.132294 -5.276650
v 0.012890 4.981468 -5.311179
v 0.022914 4.710113 -5.396189
v 0.016103 4.839312 -5.376642
v 0.014902 5.390630 -5.133652
v 0.010702 4.232517 -5.537134
v 0.001313 3.967068 -5.656471
v -0.023592 4.480132 -5.450632
v 0.311417 5.592097 -4.989537
v 0.319833 5.331883 -5.207323
v 0.336803 5.013057 -5.354828
v 0.341318 4.851583 -5.416294
v 0.363194 4.295244 -5.610036
v 0.362783 4.039302 -5.751472
v 0.357633 3.905734 -5.771235
v 0.355705 4.510246 -5.521088
v 0.347168 4.710905 -5.483045
v -0.060554 5.563786 -4.867997
v -0.141519 4.580142 -4.621180
v -0.050472 4.524046 -4.525622
v -0.100225 4.784134 -4.468769
v 0.268089 3.714475 -4.779633
v 0.278133 3.598026 -4.809514
v 0.329203 4.012544 -4.616789
v 0.124638 4.041351 -4.681324
v -0.190155 4.288856 -4.997169
v -0.154279 4.190803 -4.861869
v -0.007625 3.977103 -4.823632
v -0.039384 3.774451 -4.920916
v -0.042620 3.654195 -4.949175
v -0.012941 4.247969 -4.660059
v -0.028665 4.431582 -4.581797
v -0.000667 4.101481 -4.726705
v 0.206585 4.606320 -4.377896
v 0.065019 4.645704 -4.423523
v 0.323145 3.876528 -4.693037
v -0.199186 4.009433 -5.123554
v -0.207838 4.046498 -5.243806
v -0.669012 4.831954 -5.086896
v -0.671355 5.014076 -5.254057
v -0.544598 4.696856 -5.038239
v -0.537596 5.086913 -5.384519
v -0.182108 5.483408 -4.688267
v -0.083500 5.534125 -4.670114
v -0.617309 5.118544 -4.945606
v -0.650956 5.004238 -5.052198
v -0.728189 4.839323 -5.207415
v -0.685856 4.911785 -5.138884
v -0.222179 5.478486 -4.688406
v -0.523643 5.307373 -4.770694
v -0.583054 5.212125 -4.857456
v -0.330655 5.437396 -4.698380
v -0.773469 4.740074 -5.303138
v 0.153508 5.328227 -4.434658
v 0.094662 5.216983 -4.420635
v 0.058748 5.124471 -4.410120
v -0.127041 4.914916 -4.481432
v -0.067024 4.889854 -4.445076
v -0.209086 4.722766 -4.624356
v 0.427644 5.290990 -4.357756
v 0.416980 5.683615 -4.826696
v 0.428968 5.590905 -4.991016
v 0.468581 4.132302 -4.554703
v 0.477940 4.713730 -5.470475
v 0.436953 5.044526 -4.327722
v 0.449297 4.777906 -4.320316
v 0.463304 4.449056 -4.396451
v 0.454232 5.329532 -5.182075
v 0.472342 4.996538 -5.349912
v 0.471066 3.558857 -4.765007
v 0.468529 3.866763 -4.670822
v 0.478599 4.305505 -5.619220
v 0.476606 3.920733 -5.773639
v 0.425735 5.360824 -4.386991
v 0.478398 4.510106 -5.508730
v 0.469850 3.669096 -4.716069
v 0.476054 4.061647 -5.753768
v 0.466246 4.352250 -4.477141
v 0.475976 4.835059 -5.398538
v 0.468678 3.992457 -4.602908
v 0.457690 4.608412 -4.347008
v 0.316063 5.468771 -5.109172
v 0.202413 5.468461 -5.107591
v 0.442339 5.471023 -5.102154
v 0.274430 3.652811 -4.791019
v 0.073349 3.673823 -4.839455
v -0.183991 3.730189 -5.081880
v -0.057903 3.700308 -4.948589
v -0.157332 3.776913 -5.610718
v -0.024944 3.800794 -5.705194
v 0.470201 3.614307 -4.736474
v 0.585045 5.295634 -4.363486
v 0.551076 5.398720 -4.415796
v 0.666487 5.592732 -4.979031
v 0.730163 5.624964 -4.677870
v 0.932393 5.511029 -4.561893
v 0.828128 5.391297 -4.427620
v 1.047648 5.448848 -4.539751
v 0.878042 5.471490 -4.489630
v 0.904730 5.599457 -4.740364
v 0.985927 5.585259 -4.778897
v 0.767740 4.162949 -4.575392
v 0.720809 5.101788 -4.340788
v 0.715787 4.808110 -4.342762
v 0.698202 4.452460 -4.404356
v 0.697551 5.334253 -5.202541
v 0.742422 5.042017 -5.337865
v 1.008484 5.193436 -4.399248
v 1.454181 4.966182 -4.753338
v 1.529052 5.428133 -4.879894
v 1.648899 5.341389 -4.971336
v 1.570156 5.229601 -4.741681
v 1.555958 5.410991 -5.103907
v 1.386502 5.092374 -5.304301
v 1.651461 5.182498 -4.855828
v 1.473502 4.877184 -4.957090
v 1.455871 5.371334 -5.229695
v 1.409834 5.237663 -5.298940
v 1.574179 4.968811 -4.857284
v 1.446410 5.464456 -5.001440
v 1.316147 5.372240 -5.139897
v 0.803980 3.902025 -4.731730
v 0.861653 3.594115 -4.821929
v 1.169512 4.226258 -5.120608
v 1.104403 4.082291 -4.958253
v 1.104880 3.673718 -5.040302
v 0.793508 4.282243 -5.592972
v 1.050846 4.253950 -5.403607
v 0.805433 3.936904 -5.734723
v 1.088651 3.821043 -5.540390
v 1.627279 4.872968 -5.371446
v 1.714344 4.804652 -5.219740
v 1.869033 4.897855 -5.089637
v 1.933753 5.063285 -5.098268
v 1.894175 5.266540 -5.229630
v 1.776325 5.311197 -5.387975
v 1.615276 5.032424 -5.456397
v 1.684558 5.212360 -5.446287
v 1.215752 4.944511 -4.563895
v 1.014892 5.549503 -4.883405
v 1.062917 5.576378 -4.746957
v 1.055922 5.502112 -4.983085
v 1.152055 5.554453 -4.718110
v 1.234087 5.164229 -4.493834
v 1.152127 5.413891 -4.534276
v 1.039143 5.250120 -5.140772
v 1.112226 4.536687 -4.672127
v 1.193108 4.722962 -4.790816
v 1.365034 4.864854 -4.802655
v 1.096711 4.359355 -4.747374
v 1.185216 4.905360 -5.179507
v 1.144850 4.701481 -5.206817
v 1.200540 4.779702 -5.018216
v 1.367052 5.323910 -4.572338
v 1.340997 5.517369 -4.738759
v 1.258228 5.373436 -4.520116
v 1.333072 5.509074 -4.920111
v 1.437918 5.479428 -4.801887
v 1.302313 4.974270 -4.628009
v 1.370814 5.158288 -4.582613
v 1.529194 5.118674 -4.734806
v 1.485909 5.275319 -4.654048
v 1.455711 5.135936 -4.657562
v 1.957241 4.960356 -5.228324
v 1.884958 5.190362 -5.505623
v 1.811230 5.134192 -5.524099
v 2.016928 5.068372 -5.315138
v 2.177316 5.064905 -5.558647
v 2.170931 5.054930 -5.457979
v 2.115593 5.089719 -5.425633
v 2.189856 5.002622 -5.651680
v 2.101712 5.138039 -5.549670
v 1.911411 5.059125 -5.651860
v 2.078654 5.104259 -5.654077
v 2.044475 4.988210 -5.688665
v 1.944980 4.932491 -5.651471
v 1.866532 4.975556 -5.579618
v 2.412871 4.846646 -5.531987
v 2.104183 4.610744 -5.455829
v 2.206141 4.685125 -5.712286
v 2.345297 4.769269 -5.359663
v 2.284913 4.710245 -5.319679
v 2.212801 4.953442 -5.349176
v 2.151533 4.629585 -5.364847
v 2.133445 4.623315 -5.424628
v 2.073996 4.868789 -5.358565
v 1.936509 5.177757 -5.568679
v 2.043713 5.176799 -5.497941
v 1.849724 5.098422 -5.584756
v 1.995734 5.185147 -5.428601
v 2.364018 4.801482 -5.677346
v 2.384726 4.821423 -5.406331
v 2.549953 4.650332 -5.537033
v 2.530926 4.634098 -5.432419
v 2.383453 4.534301 -5.669279
v 2.509056 4.609611 -5.650976
v 2.429887 4.535933 -5.369308
v 2.475800 4.602061 -5.388491
v 2.297283 4.402726 -5.413120
v 1.792435 4.853969 -5.269702
v 2.301894 4.432795 -5.481560
v 1.887470 4.863188 -5.352177
v 2.010204 4.824281 -5.456154
v 2.727399 4.253644 -5.601234
v 2.714161 4.145969 -5.617978
v 2.782957 4.185873 -5.611164
v 2.559318 4.328235 -5.619254
v 2.640354 4.377663 -5.616521
v 2.675234 4.428237 -5.521595
v 2.586252 4.140333 -5.407937
v 2.574776 4.325157 -5.385068
v 2.764744 4.135313 -5.399476
v 2.645124 4.071234 -5.406651
v 2.752817 4.270386 -5.453738
v 2.646002 4.402051 -5.410960
v 2.828387 4.197969 -5.535321
v 2.824606 4.178407 -5.458832
v 2.473234 4.239015 -5.428394
v 2.505599 4.257245 -5.399533
v 2.353002 4.466909 -5.363320
v 2.190505 4.652897 -5.344559
v 2.653935 3.902714 -5.415163
v 2.711009 3.959143 -5.341031
v 2.758499 3.584388 -5.387696
v 2.695295 3.935263 -5.535063
v 2.655262 3.980807 -5.523428
v 2.688192 3.888379 -5.507919
v 2.747491 3.833372 -5.474000
v 2.769247 3.900618 -5.503554
v 2.894388 4.001095 -5.662733
v 2.979015 3.912768 -5.648707
v 3.046736 3.914962 -5.657415
v 2.809809 4.055548 -5.667736
v 2.915885 4.070301 -5.642493
v 2.853050 4.127481 -5.625197
v 2.783441 4.101125 -5.655461
v 2.887972 3.803008 -5.336065
v 2.951005 3.685339 -5.358416
v 2.962248 3.638596 -5.441014
v 2.923837 3.728351 -5.433675
v 2.945670 3.627624 -5.401681
v 2.993773 3.694423 -5.358033
v 2.976879 3.762405 -5.351981
v 2.993070 3.514969 -5.409944
v 2.952757 3.433029 -5.428674
v 3.010915 3.583245 -5.380008
v 3.032461 3.602686 -5.423589
v 3.031622 3.631813 -5.413387
v 2.730320 4.065327 -5.620902
v 2.700718 3.801468 -5.311564
v 2.717659 3.701762 -5.316364
v 2.708402 3.734308 -5.313862
v 2.749986 3.683495 -5.393259
v 2.726852 3.754680 -5.409839
v 2.716826 3.666756 -5.385375
v 2.683481 3.764434 -5.401169
v 2.691776 3.728602 -5.387492
v 2.714418 3.774773 -5.425157
v 2.819129 3.799563 -5.377633
v 2.773936 3.861647 -5.347925
v 2.805166 3.929089 -5.353371
v 2.774769 3.780762 -5.346531
v 2.745556 3.804488 -5.321340
v 2.780088 3.719558 -5.332239
v 2.753910 3.634814 -5.331890
v 2.772198 3.645832 -5.400790
v 2.732388 3.618948 -5.389017
v 2.815670 3.612530 -5.349845
v 2.795536 3.663809 -5.335146
v 2.649603 3.890294 -5.469752
v 2.918103 4.097174 -5.581672
v 3.018770 3.999975 -5.604041
v 2.960039 4.052409 -5.549447
v 2.957870 3.838104 -5.352038
v 2.665664 3.838047 -5.439854
v 2.701023 3.832798 -5.467429
v 2.759849 3.991938 -5.596749
v 2.922633 3.810698 -5.508211
v 2.951689 3.861034 -5.576811
v 2.844156 3.877082 -5.509979
v 2.976052 3.895483 -5.609694
v 2.868279 3.943981 -5.585037
v 2.828218 3.802211 -5.440722
v 2.860487 3.781792 -5.436121
v 2.932809 3.450845 -5.458329
v 2.944105 3.518357 -5.438523
v 3.012419 3.613256 -5.371605
v 3.018192 3.531138 -5.450131
v 2.966244 3.534509 -5.477375
v 2.944368 3.461022 -5.495288
v 3.008676 3.787871 -5.400822
v 3.009099 3.764126 -5.423870
v 3.014160 3.749191 -5.394795
v 3.068072 3.897496 -5.551263
v 3.070307 3.870973 -5.576901
v 3.084007 3.858870 -5.544536
v 3.052623 3.837941 -5.475232
v 3.048126 3.811698 -5.504450
v 3.058505 3.805856 -5.470934
v 3.019327 3.705738 -5.400902
v 2.902934 3.719302 -5.408516
v 3.007406 3.456775 -5.476546
v 2.977422 3.423685 -5.485301
v 2.977906 3.439062 -5.430095
v 2.960330 3.413847 -5.458400
v 2.936645 3.422857 -5.462024
v 2.883932 3.992021 -5.399819
v 3.091134 3.884287 -5.580308
v 3.026655 3.866370 -5.425864
v 3.038165 3.775498 -5.419885
v 3.059725 3.905832 -5.500829
v 3.063554 3.839572 -5.500527
v 2.957584 4.030177 -5.499439
v 2.942143 4.019841 -5.464033
v 2.908901 4.003087 -5.434357
v 2.764121 3.574519 -5.358771
v 2.778311 3.587920 -5.339160
v 2.753925 3.739739 -5.313573
v 2.756227 3.707392 -5.316514
v 3.060896 3.961231 -5.580181
v 3.022727 3.706173 -5.438337
v 3.026189 3.667041 -5.527790
v 2.980839 3.770957 -5.509735
v 3.005368 3.646300 -5.494446
v 2.967499 3.759927 -5.481822
v 3.056687 3.712621 -5.441594
v 3.064801 3.511390 -5.524853
v 3.082613 3.592555 -5.474213
v 3.103091 3.615596 -5.517887
v 3.100520 3.646610 -5.504685
v 2.997422 3.502180 -5.558325
v 3.012158 3.567909 -5.524498
v 3.082365 3.624630 -5.462970
v 3.082849 3.526223 -5.559727
v 3.031993 3.585605 -5.560388
v 3.014430 3.518176 -5.591881
v 3.078753 3.726386 -5.486128
v 3.065446 3.446575 -5.601890
v 3.029195 3.421419 -5.617493
v 3.039736 3.427582 -5.560754
v 3.013729 3.410416 -5.588808
v 2.985311 3.447967 -5.576048
v 3.050047 3.763970 -5.524360
v 3.055456 3.732183 -5.610223
v 3.008019 3.825850 -5.582142
v 3.037638 3.710100 -5.580252
v 2.998314 3.810256 -5.556529
v 3.041548 3.745270 -5.538084
v 3.081783 3.771408 -5.527724
v 3.098603 3.585917 -5.617619
v 3.059808 3.502843 -5.647841
v 3.114036 3.661619 -5.566310
v 3.131718 3.682239 -5.605244
v 3.126523 3.713652 -5.590324
v 3.037320 3.578968 -5.645723
v 3.049417 3.639445 -5.611025
v 3.112041 3.690744 -5.554091
v 3.102219 3.613507 -5.668452
v 3.116682 3.603396 -5.647487
v 3.066582 3.659110 -5.644197
v 3.051636 3.596360 -5.675931
v 3.100904 3.787646 -5.568998
v 3.106504 3.531415 -5.689980
v 3.074392 3.504595 -5.706390
v 3.084520 3.510735 -5.653265
v 3.059310 3.490919 -5.676651
v 3.061694 3.828014 -5.601502
v 3.064867 3.815849 -5.674033
v 3.019841 3.878744 -5.661968
v 3.053391 3.795382 -5.645875
v 3.013368 3.867126 -5.636390
v 3.102104 3.842397 -5.596519
v 3.121134 3.692103 -5.672855
v 3.088566 3.622035 -5.699853
v 3.096353 3.683944 -5.664474
v 3.127043 3.741222 -5.636696
v 3.141271 3.765713 -5.672333
v 3.136413 3.791252 -5.658486
v 3.056677 3.677293 -5.706773
v 3.069982 3.750776 -5.667934
v 3.122193 3.771374 -5.623713
v 3.133387 3.707981 -5.699563
v 3.083986 3.770052 -5.696653
v 3.076336 3.698948 -5.729449
v 3.113838 3.857010 -5.635202
v 3.126211 3.655172 -5.733828
v 3.103837 3.625941 -5.749913
v 3.110860 3.630951 -5.704657
v 3.090507 3.613208 -5.726622
v 3.081079 3.929649 -5.614994
v 3.086151 3.912910 -5.577056
v 1.985096 5.157539 -5.614615
v 1.382974 5.442625 -5.073518
v 0.509723 5.457200 -4.405003
v 0.703197 5.520956 -4.519685
v 0.588281 5.494348 -4.438702
v 0.635829 5.444723 -4.459744
v 0.691149 5.646574 -4.596194
v 0.746248 5.601592 -4.606872
v 0.647927 5.647861 -4.759481
v 0.657153 5.567912 -4.503491
v 0.613963 5.690456 -4.714479
v 0.672785 5.670073 -4.655293
v 1.624508 4.818849 -5.176444
v 1.769003 4.901473 -5.025161
v 1.835848 5.075520 -4.996515
v 1.585855 5.226072 -5.403625
v 1.664828 4.838668 -5.294172
v 1.912664 5.169582 -5.158076
v 1.794777 4.850984 -5.146822
v 1.898947 4.973702 -5.088525
v 1.738868 5.289901 -5.415147
v 1.856367 5.296279 -5.289620
v 1.611092 4.977350 -5.443347
v 1.623850 5.097458 -5.460268
v 1.687846 5.355514 -5.324239
v 1.808166 5.302350 -5.129003
v 1.522141 5.052508 -5.413575
v 0.780495 4.501129 -5.495482
v 1.105744 4.466593 -5.284573
v 0.879163 3.745132 -4.828510
v 1.097221 3.827579 -5.033549
v 1.151923 3.907390 -5.256751
v 1.062112 3.983086 -5.479821
v 0.788890 4.055585 -5.717045
v 0.675628 4.380904 -4.475995
v 1.904168 5.273457 -5.221511
v 1.675651 5.212388 -5.459568
v 1.939228 5.061263 -5.085535
v 1.712127 4.789618 -5.225914
v 1.876878 4.886453 -5.078174
v 1.778348 5.325770 -5.399045
v 1.599790 5.031508 -5.465944
v 1.635548 4.845051 -5.339813
v 1.740817 5.302902 -5.424748
v 1.860947 5.311491 -5.288966
v 1.596836 4.979629 -5.445910
v 1.769114 4.814940 -5.171115
v 1.618109 5.098473 -5.475626
v 1.860618 5.171317 -5.161094
v 0.751601 4.885248 -5.389552
v 1.080155 5.140624 -5.193182
v 0.758022 4.729650 -5.441852
v 1.121751 5.013598 -5.215276
v 0.822379 5.602039 -4.891957
v 0.931129 5.161558 -5.253557
v 0.945697 5.012044 -5.289099
v 0.951839 4.737801 -5.375075
v 0.955367 4.869392 -5.355024
v 0.876492 5.408465 -5.110768
v 0.940783 4.266003 -5.496965
v 0.945007 4.029523 -5.612690
v 0.988255 4.498360 -5.433194
v 0.547198 5.594395 -4.982996
v 0.590140 5.330825 -5.204207
v 0.609817 5.018856 -5.349496
v 0.612302 4.858580 -5.409904
v 0.593027 4.298259 -5.606541
v 0.588552 4.067182 -5.743703
v 0.594397 3.940116 -5.764495
v 0.602249 4.513736 -5.517388
v 0.610788 4.716288 -5.477845
v 0.904062 5.589752 -4.833692
v 1.087366 4.628457 -4.586140
v 0.978984 4.566941 -4.489707
v 1.017410 4.823331 -4.439714
v 0.671552 3.705557 -4.763316
v 0.663502 3.566227 -4.780885
v 0.608485 4.015039 -4.613569
v 0.816422 4.048798 -4.672446
v 1.144351 4.314807 -4.974734
v 1.095787 4.212961 -4.839617
v 0.953040 3.987087 -4.811586
v 0.981273 3.778370 -4.905965
v 0.983896 3.636396 -4.908578
v 0.958003 4.268698 -4.640269
v 0.967502 4.468155 -4.550568
v 0.945536 4.114651 -4.712437
v 0.707627 4.625013 -4.361975
v 0.846839 4.678551 -4.396056
v 0.615747 3.878628 -4.690029
v 1.149514 4.018645 -5.069880
v 1.753757 5.141251 -4.942790
v 1.717005 5.337829 -5.088128
v 1.690856 4.961971 -4.942109
v 1.598914 5.376134 -5.245622
v 1.028164 5.527984 -4.644277
v 0.927147 5.569585 -4.634550
v 1.554509 5.353433 -4.801199
v 1.656932 5.283257 -4.901920
v 1.830163 5.193401 -5.040379
v 1.746615 5.229566 -4.981633
v 1.065212 5.526590 -4.640274
v 1.359261 5.449633 -4.652481
v 1.465679 5.405786 -4.721557
v 1.164536 5.499420 -4.635012
v 1.933897 5.139291 -5.126256
v 0.702406 5.351312 -4.415357
v 0.769246 5.245355 -4.396913
v 0.811965 5.156150 -4.383633
v 1.041584 4.948228 -4.458121
v 0.972535 4.921799 -4.420473
v 1.169386 4.775375 -4.595716
v 0.569509 5.468118 -5.104610
v 0.680797 5.471090 -5.097149
v 0.665820 3.630813 -4.765898
v 0.866833 3.658249 -4.809177
v 1.118630 3.728862 -5.039176
v 1.166460 3.798391 -5.290495
v 0.999162 3.692955 -4.916040
v 1.091923 3.863215 -5.525180
v 0.964692 3.897846 -5.648726
v 1.368677 1.943624 -5.234822
v 1.598273 2.021833 -5.298548
v 1.677736 2.036267 -5.435480
v 1.221784 1.840114 -5.677454
v 1.205693 1.792120 -5.434073
v 1.252949 1.909691 -5.260204
v 1.399352 1.631511 -5.373983
v 1.529411 1.704960 -5.342646
v 1.717061 1.685064 -5.453309
v 1.688331 2.042771 -5.556513
v 1.769058 1.737144 -5.625273
v 1.384337 1.537763 -5.504884
v 1.285931 1.884313 -5.835277
v 1.489900 1.990074 -5.848888
v 1.853151 1.516779 -6.084749
v 1.773312 1.455628 -5.839842
v 1.695610 1.345272 -5.819314
v 1.757677 1.764648 -5.990632
v 1.657863 1.872339 -5.791656
v 1.409150 1.469961 -5.855703
v 1.361460 1.561715 -5.836955
v 1.524098 1.382270 -6.107203
v 1.525251 1.389045 -5.857101
v 1.369339 1.797978 -5.837616
v 1.769904 1.466980 -5.693497
v 1.810547 1.628881 -5.781429
v 1.733058 1.583506 -5.477586
v 1.616332 1.504362 -5.424521
v 1.687501 1.352220 -5.651705
v 1.450467 1.432830 -5.579099
v 1.583654 1.826608 -5.989637
v 1.451650 1.760517 -5.994232
v 1.853908 1.651068 -6.041726
v 1.676137 1.342038 -6.064609
v 1.441689 1.816694 -6.197230
v 1.208463 1.898660 -5.347717
v 1.213709 1.770052 -5.540059
v 1.644124 2.039869 -5.755955
v 1.440174 1.912646 -5.861867
v 1.554912 1.880010 -5.843118
v 1.713811 1.793141 -5.703963
v 1.394100 1.948452 -5.238155
v 1.451559 1.969325 -5.231792
v 1.581131 1.743016 -5.334604
v 1.365951 1.890000 -5.839941
v 1.528132 1.986305 -5.859101
v 1.707684 1.751683 -5.428026
v 1.751608 1.663189 -5.556381
v 1.526560 1.993930 -5.245632
v 1.507049 1.563871 -5.405766
v 1.414272 1.491320 -5.527970
v 1.479080 1.694571 -5.328897
v 1.791604 1.641451 -5.845588
v 1.820402 1.688765 -6.019624
v 1.677269 2.042044 -5.606421
v 1.775291 1.439918 -6.075891
v 1.669437 1.389748 -5.551222
v 1.768966 1.486196 -5.599226
v 1.778183 1.637561 -5.602911
v 1.565870 1.885585 -6.137178
v 1.774569 1.819620 -6.177957
v 1.813901 1.758599 -6.186638
v 1.792553 1.787951 -6.179377
v -0.161008 2.430963 -4.189807
v -0.399933 2.413929 -4.264084
v -0.479946 2.318815 -4.363202
v 0.003173 2.066209 -4.450989
v 0.026630 2.211722 -4.254928
v -0.041162 2.403215 -4.197270
v -0.135586 2.146200 -4.088463
v -0.276454 2.199538 -4.102730
v -0.457880 2.085333 -4.145165
v -0.490806 2.237507 -4.453062
v -0.519958 1.961335 -4.295524
v -0.104922 1.992304 -4.112267
v -0.066468 1.979310 -4.587280
v -0.284868 2.019813 -4.647571
v -0.582200 1.513219 -3.992438
v -0.477529 1.727237 -4.014498
v -0.375578 1.758456 -3.925835
v -0.543215 1.520510 -4.279823
v -0.432114 1.945659 -4.519892
v -0.127689 1.670436 -4.115739
v -0.232617 1.485104 -3.930192
v -0.221713 1.701000 -4.005221
v -0.134975 1.895726 -4.535820
v -0.470533 1.846828 -4.039783
v -0.550841 1.740470 -4.201356
v -0.454518 2.027541 -4.079865
v -0.323475 2.059076 -4.000150
v -0.363342 1.889144 -3.935847
v -0.149046 1.912143 -4.058443
v -0.388679 1.482146 -4.392272
v -0.245469 1.478494 -4.352105
v -0.612526 1.516768 -4.131448
v -0.367666 1.555399 -3.872145
v -0.262175 1.276319 -4.329135
v 0.004998 2.339605 -4.257123
v 0.022691 2.118839 -4.314744
v -0.445643 2.101340 -4.598522
v -0.223126 1.961833 -4.609369
v -0.331533 1.927081 -4.573657
v -0.474830 1.943583 -4.399186
v -0.186860 2.428980 -4.192724
v -0.246986 2.441231 -4.196258
v -0.334315 2.220139 -4.115767
v -0.146318 1.970042 -4.586515
v -0.321919 2.005419 -4.648060
v -0.460631 2.140002 -4.173902
v -0.489296 1.981055 -4.193087
v -0.324918 2.439881 -4.214882
v -0.228664 2.086612 -4.050098
v -0.125125 1.960422 -4.088522
v -0.225152 2.208310 -4.090982
v -0.539019 1.676175 -4.204517
v -0.587949 1.519002 -4.184013
v -0.479505 2.203432 -4.489461
v -0.487836 1.531772 -3.939527
v -0.351597 1.963990 -3.953050
v -0.470923 1.923632 -4.042989
v -0.511935 1.923254 -4.194963
v -0.395197 1.331287 -4.384833
v -0.584235 1.335852 -4.266504
v -0.608318 1.348238 -4.198589
v -0.594186 1.344930 -4.232638
v -0.559207 0.355817 -3.799591
v -0.649435 0.347221 -3.708531
v -0.404834 0.445755 -3.574604
v -0.422979 0.326782 -3.810955
v -0.665455 0.492919 -3.604430
v -0.544021 0.527279 -3.514613
v -0.618878 0.528881 -3.534440
v -0.442375 0.474674 -3.542973
v -0.456044 1.002110 -4.265742
v -0.592877 0.971910 -4.139286
v -0.648080 1.215764 -4.114911
v -0.330335 1.177606 -3.768471
v -0.211819 1.116797 -3.873872
v -0.233356 0.995333 -4.193738
v -0.335512 0.979882 -4.251604
v -0.593839 1.198998 -3.818151
v -0.437102 1.212823 -3.746411
v -0.658891 1.178830 -3.931947
v -0.598657 1.222691 -4.242192
v -0.408794 1.200783 -4.358504
v -0.486335 0.327049 -3.828141
v -0.540851 0.686620 -3.997653
v -0.434766 0.661063 -4.024064
v -0.372715 0.841444 -3.674705
v -0.296230 0.794034 -3.747880
v -0.615099 0.744998 -3.903546
v -0.592147 0.845503 -3.711225
v -0.324615 0.667217 -3.990435
v -0.643402 0.805970 -3.795359
v -0.462654 0.867729 -3.643689
v -0.376456 0.426054 -3.604959
v -0.649312 0.981056 -4.006201
v -0.619986 1.207720 -4.172308
v -0.588710 0.951102 -4.077733
v -0.556895 0.716093 -3.945832
v -0.538389 1.206577 -3.786169
v -0.553444 0.861470 -3.673625
v -0.394173 1.193094 -3.762068
v -0.427220 0.854120 -3.661985
v -0.642366 1.340599 -4.114723
v -0.434213 1.085137 -4.314784
v -0.266456 1.150108 -4.294801
v -0.606467 1.088509 -4.189111
v 1.726440 1.629666 -7.245994
v 1.834944 1.564902 -7.289548
v 1.633906 1.364270 -7.207232
v 1.589299 1.615868 -7.261722
v 1.887034 1.430462 -7.182333
v 1.786703 1.313841 -7.159844
v 1.856276 1.345233 -7.162458
v 1.678322 1.335348 -7.190927
v 1.608575 1.874476 -6.489811
v 1.764260 1.796586 -6.562763
v 1.853576 1.723979 -6.339477
v 1.614533 1.333638 -6.453199
v 1.469638 1.419698 -6.474472
v 1.407241 1.755632 -6.502518
v 1.491989 1.838191 -6.507506
v 1.862001 1.437560 -6.435309
v 1.727108 1.329396 -6.432345
v 1.898311 1.564829 -6.426814
v 1.779494 1.829531 -6.294069
v 1.568031 1.898716 -6.270547
v 1.646495 1.646541 -7.260947
v 1.708109 1.725254 -6.872465
v 1.596484 1.731238 -6.882890
v 1.633296 1.342802 -6.804135
v 1.537665 1.405275 -6.824242
v 1.807402 1.639821 -6.847580
v 1.838677 1.428355 -6.803773
v 1.497669 1.671858 -6.879514
v 1.865489 1.529563 -6.821274
v 1.730346 1.328464 -6.793291
v 1.599073 1.391050 -7.216207
v 1.380982 1.594789 -6.586214
v 1.848391 1.683125 -6.594842
v 1.813138 1.773075 -6.329333
v 1.770694 1.743345 -6.599684
v 1.738378 1.672967 -6.859765
v 1.816020 1.392419 -6.433537
v 1.811173 1.379790 -6.796590
v 1.679701 1.338893 -6.444162
v 1.690410 1.340641 -6.798977
v 1.863765 1.690199 -6.219596
v 1.587427 1.893727 -6.395168
v 1.437277 1.818171 -6.328015
v 1.781488 1.816360 -6.437964
v 0.490483 3.134159 -6.003023
v 0.479110 3.357349 -4.897636
v 0.575754 2.755444 -4.993703
v 0.526111 2.828133 -5.760048
v 0.500275 2.747360 -5.570988
v 0.485152 3.384582 -6.005505
v 0.530040 2.915592 -4.815022
v 0.519938 3.030495 -4.800808
v 0.494592 3.197294 -4.857287
v 0.498645 2.825257 -5.745909
v 0.573906 2.741966 -5.595945
v 1.037217 2.374390 -5.857051
v 0.802805 3.267123 -4.922769
v 1.002508 3.163321 -5.972963
v 0.980708 3.238889 -5.959714
v 1.333700 2.681965 -5.888567
v 0.994656 3.433389 -5.019693
v 0.772038 3.387524 -5.991966
v 1.149786 2.618494 -5.010715
v 1.388099 2.827452 -5.173320
v 0.808812 2.360214 -5.166595
v 0.756784 3.659394 -5.844572
v 1.042917 3.619966 -5.624842
v 1.156051 3.569799 -5.350343
v 0.919375 3.381197 -5.938280
v 1.289299 3.178683 -5.648235
v 1.278735 3.338514 -5.320795
v 1.176193 3.414115 -5.613457
v 1.126377 2.923508 -5.922170
v 1.258838 2.986974 -5.807567
v 1.165351 3.083368 -5.857331
v 1.163034 3.400332 -5.171387
v 1.126469 3.519840 -5.209506
v 0.742181 2.906343 -5.973516
v 1.053448 3.008455 -5.950970
v 1.234387 3.422146 -5.320493
v 1.525744 2.763277 -5.592341
v 1.211305 3.422489 -5.482908
v 1.102682 3.595346 -5.496833
v 1.280169 3.303904 -5.499821
v 1.497491 2.811823 -5.337517
v 1.212728 2.765787 -5.043356
v 1.523977 2.570366 -5.746064
v 1.162499 2.572289 -5.921135
v 1.280996 2.578900 -5.929969
v 0.795622 2.790641 -5.904973
v 0.711707 3.059444 -6.042806
v 1.237309 3.298249 -5.630883
v 0.922171 2.847785 -5.973544
v 0.733024 3.481890 -4.865438
v 0.947985 3.534139 -4.959059
v 1.063414 3.600860 -5.081794
v 1.029741 3.768335 -5.571580
v 1.113779 3.682577 -5.309060
v 0.757058 3.829945 -5.748933
v 0.917500 3.628682 -5.761075
v 0.898087 3.791918 -5.670259
v 1.080122 3.308300 -5.837152
v 1.110284 3.234902 -5.838976
v 1.030424 3.383832 -5.832218
v 0.742058 3.357679 -4.924997
v 0.984915 3.439137 -5.021788
v 1.123975 3.538542 -5.218408
v 1.141449 3.583731 -5.353086
v 1.032864 3.626532 -5.612874
v 0.751674 3.668200 -5.823466
v 0.913105 3.636051 -5.745575
v 1.030301 2.534378 -4.985040
v 0.621080 2.863203 -4.866209
v 0.918912 2.377119 -5.090620
v 1.000869 2.409266 -5.027364
v 0.606659 2.829829 -4.894828
v 1.235126 2.408049 -5.052643
v 1.364578 2.459530 -5.076388
v 1.116290 2.403975 -5.044113
v 1.521724 2.529965 -5.173758
v 1.588887 2.579844 -5.367161
v 0.627703 2.930912 -4.844185
v 1.432926 3.031822 -5.326026
v 1.365435 3.045100 -5.618305
v 0.606741 2.985833 -4.833390
v 0.815837 2.358714 -5.324930
v 0.604153 3.174378 -4.875407
v 1.017557 3.334046 -5.020673
v 0.659557 3.105427 -4.886852
v 0.833067 3.174663 -4.918552
v 0.669850 3.053480 -4.866353
v 0.830466 3.141196 -6.037054
v 0.913264 2.968865 -6.008658
v 1.006537 2.880234 -5.967631
v 1.244178 2.758293 -5.896926
v 1.354350 2.845947 -5.769965
v 1.467523 2.865629 -5.601771
v 1.031839 2.668832 -5.939889
v 0.887284 2.629065 -5.864873
v 1.168648 2.728782 -5.935846
v 1.573520 2.647146 -5.586862
v 1.546595 2.697056 -5.352114
v 1.266257 2.657162 -5.082682
v 1.432278 2.708969 -5.151004
v 1.244264 2.426852 -5.950047
v 1.259184 2.300291 -5.979606
v 0.994853 2.507921 -5.830638
v 0.799599 2.569409 -5.617848
v 1.441621 2.534495 -5.864705
v 1.445460 2.697177 -5.748208
v 1.358816 2.475330 -5.921902
v 0.482921 3.506737 -5.930638
v 0.771295 3.517647 -5.924435
v 0.906650 3.495553 -5.865825
v 0.989661 3.493055 -5.791458
v 1.136465 3.510082 -5.608016
v 1.176858 3.506507 -5.477770
v 0.752013 3.349630 -4.914866
v 1.068533 2.338726 -5.831937
v 1.534992 2.470088 -5.645576
v 0.955534 2.270845 -5.296797
v 1.243416 2.068491 -5.197475
v 1.168188 2.063345 -5.240773
v 1.469377 2.459679 -5.751789
v 1.318185 2.107384 -5.888816
v 1.463724 2.168712 -5.863453
v 1.434933 2.154805 -5.854705
v 1.332035 2.262360 -5.133781
v 1.125368 2.016709 -5.313192
v 1.090238 2.009891 -5.383355
v 1.080461 2.017887 -5.519112
v 1.206300 2.065662 -5.833558
v 1.076827 2.231816 -5.872269
v 1.673589 2.367241 -5.395563
v 1.657922 2.385365 -5.595516
v 1.475509 2.354722 -5.907723
v 0.946434 2.179378 -5.228415
v 1.218308 2.189111 -5.090803
v 1.476520 2.269457 -5.157974
v 1.072326 2.175713 -5.135400
v 0.912628 2.174621 -5.389381
v 0.919235 2.192630 -5.549584
v 1.614651 2.391809 -5.759411
v 1.611662 2.331995 -5.260752
v 1.346938 2.210925 -5.104584
v 1.092467 2.236926 -5.858367
v 1.654459 2.364812 -5.401690
v 1.636292 2.386069 -5.585920
v 1.465137 2.354541 -5.889957
v 0.971006 2.183302 -5.233190
v 1.226541 2.194190 -5.117023
v 1.464254 2.270101 -5.175406
v 1.085661 2.177927 -5.154674
v 0.935644 2.177531 -5.384904
v 1.261965 2.299992 -5.964163
v 1.166745 2.185633 -5.125844
v 1.590993 2.393026 -5.747216
v 1.593097 2.329329 -5.276406
v 1.343928 2.216875 -5.126855
v 0.103213 2.335640 -4.981411
v 0.172637 3.461557 -4.938133
v -0.006549 2.947039 -5.734486
v 0.005893 3.027481 -5.768735
v -0.243284 2.498502 -5.170837
v -0.041741 3.596859 -5.097248
v 0.198817 3.307451 -5.944665
v -0.051987 3.024364 -4.552366
v -0.324518 3.094557 -4.753911
v 0.333158 2.668707 -4.612439
v 0.198454 3.568093 -5.843330
v -0.106431 3.423744 -5.661261
v -0.217299 3.534326 -5.424373
v 0.051656 3.207015 -5.839818
v -0.282140 3.023499 -5.351033
v -0.295154 3.361304 -5.234468
v -0.220405 3.239002 -5.509831
v -0.088618 2.711056 -5.467220
v -0.221091 2.783910 -5.343450
v -0.149929 2.859169 -5.503112
v -0.192842 3.510834 -5.182004
v -0.182893 3.573936 -5.290547
v 0.275784 2.806405 -5.767380
v -0.033292 2.792236 -5.587314
v -0.265164 3.425714 -5.297582
v -0.447605 2.739825 -4.994035
v -0.257408 3.325943 -5.417073
v -0.173939 3.475979 -5.553532
v -0.310382 3.219093 -5.335264
v -0.441093 2.957660 -4.849514
v -0.142621 3.145371 -4.649676
v -0.413599 2.496598 -4.970947
v -0.056327 2.419014 -5.137253
v -0.174269 2.403251 -5.135085
v 0.248728 2.687629 -5.591631
v 0.280484 2.985440 -5.937162
v -0.265759 3.132899 -5.434131
v 0.119850 2.679253 -5.587250
v 0.025354 3.428439 -5.770344
v -0.099617 3.072967 -5.652245
v -0.119012 3.003710 -5.601963
v -0.060323 3.153449 -5.701158
v 0.083450 2.939107 -4.517092
v 0.440355 2.976774 -4.782122
v 0.220949 2.734246 -4.535099
v 0.133394 2.815066 -4.478564
v 0.463146 2.916060 -4.818411
v 0.303836 2.527578 -4.821784
v -0.103551 2.862478 -4.418397
v -0.241883 2.905838 -4.433175
v 0.017666 2.828910 -4.452176
v -0.407878 2.868514 -4.534117
v -0.480619 2.759798 -4.700014
v 0.421015 3.048307 -4.775085
v -0.385912 3.123827 -4.997934
v -0.335223 2.939577 -5.224829
v 0.432916 3.080400 -4.786176
v 0.325127 2.598877 -4.720806
v 0.385060 3.261204 -4.865248
v -0.047299 3.554642 -5.043941
v 0.347149 3.246176 -4.850336
v 0.161449 3.409012 -4.889780
v 0.351294 3.204524 -4.813236
v 0.157943 3.021541 -5.895435
v 0.105621 2.791654 -5.701571
v 0.033731 2.687177 -5.537133
v -0.167411 2.557722 -5.241047
v -0.291017 2.694513 -5.196983
v -0.406790 2.812370 -5.077855
v 0.052782 2.507628 -5.330799
v 0.196168 2.534351 -5.350452
v -0.091237 2.528511 -5.284787
v -0.475848 2.656061 -4.904677
v -0.451218 2.857318 -4.773617
v -0.176799 3.047189 -4.588008
v -0.348920 3.021339 -4.651287
v -0.113144 2.286465 -5.048508
v -0.107082 2.174804 -4.980618
v 0.127678 2.437805 -5.113933
v 0.307100 2.595505 -5.168102
v -0.325860 2.398271 -5.040076
v -0.356784 2.593917 -5.068680
v -0.234214 2.326538 -5.049240
v 0.192190 3.420035 -5.892844
v 0.052771 3.301570 -5.806001
v -0.033458 3.266516 -5.727242
v -0.185205 3.319994 -5.573453
v -0.225888 3.396049 -5.473392
v 0.208477 3.479661 -4.952572
v -0.446213 2.658336 -4.604584
v -0.408668 2.494852 -4.828654
v 0.169292 2.661580 -4.492730
v -0.083496 2.726749 -4.338514
v -0.057971 2.560140 -4.263109
v 0.017322 2.535287 -4.298799
v -0.134350 2.095223 -4.776020
v -0.288071 2.138682 -4.784203
v -0.257447 2.138458 -4.771516
v -0.368084 2.684523 -4.455409
v 0.067559 2.456935 -4.323092
v 0.103708 2.407300 -4.372418
v 0.112783 2.319198 -4.476079
v -0.017462 2.117901 -4.720027
v -0.663767 0.206357 -3.710071
v 0.083414 2.223509 -4.876679
v -0.521605 2.579058 -4.562905
v -0.543416 2.458790 -4.724731
v -0.329769 2.237416 -4.942982
v 0.223172 2.550760 -4.474951
v -0.051411 2.688929 -4.295166
v -0.320916 2.701375 -4.347949
v 0.098113 2.616273 -4.370134
v 0.257123 2.459157 -4.591225
v 0.247806 2.383712 -4.708899
v -0.473893 2.350517 -4.847227
v -0.463886 2.657349 -4.449729
v -0.183818 2.713027 -4.283635
v 0.067075 2.234950 -4.868546
v -0.502301 2.575362 -4.567715
v -0.521434 2.468538 -4.720562
v -0.319602 2.250956 -4.931297
v 0.197827 2.555563 -4.472212
v -0.060773 2.682052 -4.311193
v -0.308825 2.691116 -4.362208
v 0.084002 2.613245 -4.377777
v 0.233630 2.465759 -4.582745
v -0.109861 2.185056 -4.969064
v 0.001010 2.655226 -4.333445
v -0.450815 2.362745 -4.841952
v -0.445051 2.646758 -4.461125
v -0.181698 2.702012 -4.303997
v 0.212723 3.539107 -4.905197
v -0.002938 3.605840 -5.033029
v -0.123928 3.636178 -5.164067
v -0.104452 3.614987 -5.676055
v -0.177389 3.653727 -5.395416
v 0.189952 3.753102 -5.777945
v 0.035567 3.651617 -5.739542
v 0.216957 3.472328 -4.960843
v -0.032984 3.595056 -5.100464
v -0.181002 3.575306 -5.303442
v -0.202682 3.538132 -5.430262
v -0.097107 3.439627 -5.655982
v 0.202880 3.581192 -5.825215
v 0.028813 3.441995 -5.760955
v 1.895332 1.428242 -7.449029
v 1.887151 1.242883 -7.327331
v 1.579111 1.408269 -7.290070
v 1.738164 1.641025 -7.389690
v 1.612103 0.848954 -7.615800
v 1.723440 0.959261 -7.526958
v 1.584434 0.991551 -7.599483
v 1.641762 1.101017 -7.516614
v 1.577831 1.100364 -7.585211
v 1.923449 1.186886 -7.778751
v 1.937392 1.182637 -7.671841
v 1.482648 1.681937 -7.645701
v 1.557333 0.826492 -7.767715
v 1.961336 0.901715 -7.892905
v 1.941126 0.771812 -7.726090
v 1.983565 0.925884 -7.718883
v 1.801277 0.705006 -7.690235
v 1.923310 0.733931 -7.805019
v 1.584449 0.826345 -7.689941
v 1.697101 0.738461 -7.665257
v 1.671262 0.687149 -7.731442
v 1.551077 1.130877 -7.658085
v 1.548480 1.267101 -7.640314
v 1.521142 1.281834 -7.687407
v 1.446833 1.519181 -7.631887
v 1.476511 1.507616 -7.582630
v 1.485955 1.691948 -7.614120
v 1.516028 1.669653 -7.567247
v 1.767323 1.626944 -7.721818
v 1.790576 1.604748 -7.660635
v 1.825093 1.434934 -7.772906
v 1.840041 1.411285 -7.711865
v 1.561828 0.818587 -7.741035
v 1.521675 0.961875 -7.721876
v 1.546824 0.967961 -7.676888
v 1.908934 1.218977 -7.828569
v 1.969418 1.065595 -7.868885
v 1.973186 1.065443 -7.826822
v 1.975395 0.897602 -7.876354
v 1.978597 0.906523 -7.833482
v 1.916114 0.722500 -7.847929
v 1.778055 0.652674 -7.795762
v 1.789277 0.666582 -7.756087
v 1.525223 1.139175 -7.706471
v 1.656414 0.673495 -7.769050
v 1.846142 0.689947 -7.845663
v 1.863600 0.691694 -7.784592
v 1.874595 0.727835 -7.710573
v 1.855033 0.679368 -7.826200
v 1.962948 0.823338 -7.825212
v 1.963300 0.842327 -7.715256
v 1.947077 0.827269 -7.886580
v 1.960015 0.819159 -7.869043
v 1.654524 0.774487 -7.643703
v 1.620184 0.749257 -7.709154
v 1.601884 0.737671 -7.753924
v 1.499534 1.394197 -7.605314
v 1.470740 1.406530 -7.654504
v 1.575737 1.730110 -7.580101
v 1.552919 1.749497 -7.629275
v 1.969797 1.078246 -7.705606
v 1.849632 0.962809 -7.556547
v 1.940416 1.030711 -7.635775
v 1.899696 1.382964 -7.542173
v 1.621102 1.208202 -7.463569
v 1.591654 1.339057 -7.426028
v 1.547097 1.468743 -7.412060
v 1.564045 1.617203 -7.452963
v 1.850893 1.567031 -7.519497
v 1.723347 1.062324 -7.457039
v 1.937389 1.122360 -7.561196
v 1.861568 1.046851 -7.495440
v 1.794376 1.617243 -7.491974
v 1.742381 1.654529 -7.478193
v 1.613203 1.675163 -7.459874
v -0.735585 0.269063 -3.575144
v -0.698253 0.420451 -3.415807
v -0.551339 0.407251 -3.385324
v -0.367565 0.340331 -3.590792
v -0.562814 0.218753 -3.771860
v -0.618375 0.169828 -2.941346
v -0.669316 0.262460 -3.087224
v -0.569511 0.137868 -3.075347
v -0.572835 0.205153 -3.207643
v -0.544595 0.120494 -3.181011
v -0.926020 0.053994 -3.301380
v -0.895285 0.155725 -3.320053
v -0.408219 -0.101763 -3.532503
v -0.573000 -0.011414 -3.009527
v -0.998238 0.084202 -2.843768
v -0.970345 0.213123 -2.916563
v -0.987216 0.196143 -3.074734
v -0.837248 0.210200 -2.829483
v -0.991170 0.145654 -2.861824
v -0.626506 0.099098 -2.900065
v -0.728798 0.185317 -2.844153
v -0.738760 0.129665 -2.777187
v -0.546627 0.037724 -3.191132
v -0.520599 0.017993 -3.324596
v -0.513427 -0.037959 -3.324226
v -0.394918 -0.076320 -3.546535
v -0.396648 -0.017538 -3.552564
v -0.402210 -0.089855 -3.723899
v -0.407264 -0.029931 -3.719920
v -0.529680 -0.089087 -3.805914
v -0.528332 -0.032126 -3.808437
v -0.707588 -0.065611 -3.700196
v -0.702378 0.000456 -3.690442
v -0.804858 -0.040377 -3.519668
v -0.796181 0.025698 -3.511442
v -0.627946 0.047044 -2.878370
v -0.566547 0.012811 -3.010917
v -0.570097 0.060776 -3.030413
v -0.929470 -0.004044 -3.319877
v -1.019141 0.021412 -3.178030
v -1.005314 0.060412 -3.186471
v -1.047823 0.059676 -3.016704
v -1.032059 0.096883 -3.033882
v -1.003640 0.107570 -2.841385
v -0.865835 0.120646 -2.754806
v -0.858032 0.156707 -2.777875
v -0.542102 -0.017196 -3.184662
v -0.742405 0.094039 -2.753977
v -0.933894 0.152465 -2.812432
v -0.909125 0.213458 -2.863147
v -0.944698 0.115261 -2.791085
v -1.024529 0.119608 -2.952273
v -0.977463 0.213103 -2.990932
v -1.034879 0.057912 -2.941322
v -1.040358 0.080439 -2.939526
v -0.677130 0.179596 -2.873701
v -0.675968 0.114811 -2.830099
v -0.679181 0.070981 -2.806815
v -0.444728 -0.086420 -3.439934
v -0.443610 -0.001131 -3.443011
v -0.439363 -0.058997 -3.439307
v -0.460524 -0.035202 -3.787125
v -0.462039 -0.093157 -3.790496
v -0.950991 0.164148 -3.220486
v -0.795108 0.281992 -3.111869
v -0.901506 0.227685 -3.181580
v -0.781460 0.202764 -3.521877
v -0.512918 0.217607 -3.316269
v -0.452293 0.208779 -3.445867
v -0.385842 0.177042 -3.572796
v -0.398846 0.116913 -3.724801
v -0.706846 0.155823 -3.688441
v -0.622085 0.297293 -3.196992
v -0.855037 0.267767 -3.279209
v -0.767571 0.317669 -3.203154
v -0.638304 0.144572 -3.726199
v -0.582824 0.133032 -3.761919
v -0.449918 0.110776 -3.783079
v 0.486228 5.671632 -4.176944
v 0.456147 5.712202 -4.153827
v 0.402414 5.724637 -4.158938
v 0.456532 5.648955 -4.191369
v 0.324810 5.664842 -4.182620
v 0.349687 5.707724 -4.157570
v 0.357299 5.644221 -4.195874
v -0.228100 4.754841 -5.165527
v -0.227255 4.780949 -4.643881
v -0.192099 5.026686 -5.228890
v -0.256777 5.284476 -5.146312
v -0.197119 4.785581 -4.964809
v -0.195796 4.784139 -4.960599
v -0.451166 5.440367 -4.811829
v -0.453848 5.387422 -4.710277
v -0.215475 4.666007 -4.983297
v -0.321092 5.388452 -5.047549
v -0.374366 5.431742 -4.947936
v -0.614856 4.604889 -5.201238
v -0.678583 4.900954 -5.413209
v -0.711699 4.797436 -5.325572
v -0.802567 4.152717 -5.806120
v -0.634625 4.326266 -5.633334
v -0.442776 4.897268 -5.510528
v -0.556214 4.941977 -5.504066
v -0.694870 4.688181 -5.240914
v -0.453005 4.531447 -5.538316
v -0.960991 4.004003 -5.918818
v -1.128865 3.854993 -6.072263
v -1.264841 3.704727 -6.219458
v -1.638433 3.229045 -6.435012
v -1.621469 3.266844 -6.507354
v -1.646396 3.348118 -6.488176
v -1.626226 3.152740 -6.461385
v -1.541307 3.273074 -6.302165
v -1.362646 3.553802 -6.178974
v -1.480116 3.288042 -6.226382
v -1.493349 3.256355 -6.244799
v -1.492138 3.260660 -6.280557
v -1.521502 3.482404 -6.273868
v -1.509090 3.461895 -6.256353
v -1.508684 3.385963 -6.265971
v -1.543631 3.310990 -6.303186
v -1.524686 3.346342 -6.293440
v -1.580678 3.519690 -6.505061
v -1.588129 3.424486 -6.337527
v -1.553525 3.464655 -6.302726
v -1.589059 3.164250 -6.520649
v -1.661544 3.305960 -6.404879
v -1.607821 3.413643 -6.446471
v -1.629385 3.365085 -6.376728
v -1.632838 3.381802 -6.599638
v -1.590061 3.159755 -6.595939
v -1.623976 3.244893 -6.564953
v -1.604506 3.287826 -6.635461
v -1.552244 3.183132 -6.590246
v -1.563576 3.205857 -6.666747
v -1.618405 3.414290 -6.468329
v -1.590253 3.460010 -6.666313
v -1.555027 3.255893 -6.681972
v -1.580459 3.330534 -6.645345
v -1.529663 3.302022 -6.741279
v -1.509463 3.303646 -6.709233
v -1.561592 3.373767 -6.705054
v -1.588038 3.482635 -6.545408
v -1.529887 3.381487 -6.718484
v -1.483305 3.413576 -6.749483
v -1.533850 3.546136 -6.699333
v -1.552444 3.441330 -6.686001
v -1.552945 3.496739 -6.638277
v -1.510040 3.416646 -6.769084
v -1.525511 3.612670 -6.648482
v -1.546854 3.547542 -6.602798
v -1.530557 3.579878 -6.569517
v -1.487055 3.392762 -6.714861
v -1.518751 3.277742 -6.674055
v -1.593362 3.141803 -6.477989
v -1.432088 3.416813 -6.177898
v -1.454609 3.370808 -6.188811
v 0.343349 5.441384 -4.419204
v 0.231456 5.670381 -4.712621
v 0.203293 5.540604 -4.525215
v 0.166631 5.621648 -4.618841
v 0.184585 5.647195 -4.668490
v 0.274243 5.474916 -4.459485
v -0.189427 4.373633 -5.095329
v -0.235227 3.885827 -5.311831
v -0.286595 4.686264 -5.364314
v -0.317765 4.618399 -5.421642
v -0.331595 4.611217 -5.416792
v -0.207322 4.536035 -5.050978
v -0.255252 3.775024 -5.357188
v 1.170171 3.747835 -5.304952
v 1.110688 3.684762 -5.291630
v 1.200449 4.836161 -4.619754
v 1.238707 4.856529 -4.949634
v 1.232388 4.853158 -4.944698
v 1.218678 5.114034 -5.199616
v 1.195906 5.379972 -5.088544
v 1.255694 5.548474 -4.705673
v 1.200414 5.488548 -4.969072
v 1.212199 4.726159 -4.952811
v 1.213706 5.533281 -4.856381
v 1.872743 5.050335 -5.093248
v 1.940053 4.812428 -5.523165
v 2.114806 4.613132 -5.541159
v 1.828840 4.936711 -5.084534
v 1.807854 5.268317 -5.246534
v 1.701921 4.842776 -5.191760
v 1.625189 5.191788 -5.407364
v 1.704132 5.274910 -5.365320
v 1.789135 4.884711 -5.467459
v 1.629863 4.909581 -5.313954
v 1.610084 5.051544 -5.396482
v 2.635838 4.053619 -5.519485
v 2.275626 4.431069 -5.512169
v 2.469756 4.240741 -5.507748
v 2.959886 3.511068 -5.405737
v 2.972889 3.589222 -5.372856
v 3.000532 3.537181 -5.473678
v 2.964573 3.745807 -5.448722
v 2.980054 3.692982 -5.446298
v 3.022703 3.617492 -5.448118
v 2.720373 3.621939 -5.356624
v 2.783765 3.577272 -5.381263
v 2.821107 3.624302 -5.374137
v 2.796210 3.612225 -5.396904
v 2.807602 3.662602 -5.381518
v 3.032766 3.842268 -5.600181
v 2.857966 3.773779 -5.377166
v 2.964903 3.437813 -5.498356
v 3.001564 3.460367 -5.494005
v 2.942414 3.655400 -5.376601
v 2.898169 3.724737 -5.378031
v 3.012656 3.420124 -5.554003
v 3.034780 3.505343 -5.513917
v 3.073383 3.537066 -5.582453
v 3.060830 3.721812 -5.519297
v 3.089972 3.632370 -5.542964
v 3.017569 3.789382 -5.514966
v 3.010025 3.467404 -5.616284
v 3.038807 3.597831 -5.465951
v 3.046822 3.455631 -5.627573
v 3.001986 3.688679 -5.455823
v 3.115700 3.701718 -5.626057
v 3.069974 3.579664 -5.608410
v 3.083259 3.784607 -5.599995
v 3.087504 3.540273 -5.712033
v 3.031904 3.529418 -5.667106
v 3.052350 3.549590 -5.701308
v 3.072151 3.664546 -5.558536
v 3.111238 3.786159 -5.693430
v 3.079690 3.652900 -5.755792
v 3.112722 3.649673 -5.753173
v 3.118508 3.715757 -5.719848
v 3.059842 3.803077 -5.612423
v 3.085560 3.861071 -5.664955
v 3.077114 3.746492 -5.631830
v 2.811378 3.587606 -5.372460
v 2.705383 3.672623 -5.342786
v 2.785853 3.707875 -5.373918
v 2.735833 3.586308 -5.359747
v 2.678601 3.761523 -5.359974
v 2.794748 3.783852 -5.371298
v 3.056446 3.638193 -5.725970
v 2.693455 3.712215 -5.350441
v 0.571833 5.487433 -4.449020
v 0.639889 5.556797 -4.510464
v 0.503129 5.448104 -4.413586
v 0.423256 5.430929 -4.400353
v 0.666898 5.631048 -4.603545
v 0.413542 5.713257 -4.780402
v 0.601728 5.671799 -4.702337
v 0.648473 5.653332 -4.654690
v 1.390155 4.897761 -5.147825
v 1.535860 4.906400 -5.329799
v 1.164371 4.400957 -5.075813
v 1.159601 4.097884 -5.209759
v 1.612242 4.874118 -5.379716
v 1.190968 4.583001 -5.022485
v 1.265203 5.485623 -4.613335
v 1.331384 1.602916 -5.693770
v 1.405036 1.596842 -6.065195
v -0.101186 1.660587 -4.236168
v -0.165863 1.454966 -4.168134
v -0.065518 1.874717 -4.301958
v -0.152127 1.063564 -4.085834
v -0.152102 1.063705 -4.085903
v -0.159377 1.145095 -4.136920
v -0.259084 0.707197 -3.902595
v -0.174739 0.953403 -4.025302
v 1.360043 1.617602 -6.462311
v 1.457865 1.563655 -6.861727
v 1.366451 1.646098 -6.370351
v 0.511880 2.726885 -5.191083
v 1.054138 3.605893 -5.094505
v 1.011635 3.771336 -5.563457
v 0.477072 3.838645 -5.733478
v 0.782780 3.829230 -5.713523
v 0.934877 3.540474 -4.966896
v 0.719433 3.491029 -4.865268
v 0.836177 2.361418 -5.493693
v 0.580497 2.712397 -5.242628
v 1.114508 2.027992 -5.651424
v 1.175292 2.230206 -5.165089
v 1.240230 2.242282 -5.134142
v 1.571731 2.465629 -5.550266
v 1.577054 2.436727 -5.370874
v 0.988437 2.296681 -5.652783
v 0.982892 2.269391 -5.240441
v 1.207116 2.398744 -5.903023
v 0.956745 2.275117 -5.478486
v 1.132406 2.229665 -5.168591
v 1.359269 2.434811 -5.872641
v 1.426505 2.294724 -5.158220
v 1.513250 2.339458 -5.246333
v 0.943241 2.196868 -5.548115
v 0.501583 2.906947 -5.886052
v 0.512340 3.087398 -4.820738
v 0.479966 3.343376 -4.889928
v 0.515840 2.782575 -4.952539
v 0.523729 2.995533 -4.793191
v 0.533973 2.875921 -4.848024
v 0.502898 3.137912 -4.854359
v 0.480029 3.647740 -5.854989
v 0.078259 2.229722 -4.573906
v -0.444703 2.553927 -4.753386
v 0.160529 2.427874 -4.783408
v 0.223778 2.391304 -4.700090
v 0.196452 2.625989 -4.540307
v -0.072166 2.303997 -4.999570
v 0.073959 2.328055 -4.922569
v 0.194392 2.528147 -4.655778
v 0.026331 2.687975 -4.379510
v -0.016557 2.692792 -4.367660
v -0.341663 2.421147 -4.904633
v -0.228324 2.332365 -4.985994
v -0.275685 2.725025 -4.371078
v -0.177338 2.730658 -4.341663
v 0.479767 3.655208 -5.837818
v -0.084819 3.631309 -5.664674
v 0.162022 3.748193 -5.749372
v 0.007891 3.600000 -5.032331
v -0.173687 3.661367 -5.375282
v 0.473804 3.473981 -4.851180
v 0.477188 3.828240 -5.756026
v 1.566257 1.516735 -7.250315
v 1.642507 1.743000 -7.599763
v 1.516553 1.285307 -7.713969
v 1.548338 1.736517 -7.660801
v 1.753883 1.621662 -7.752360
v 1.811900 1.437096 -7.801824
v 1.518219 0.965924 -7.746413
v 1.955210 1.068482 -7.885065
v 1.521981 1.144359 -7.733270
v 1.600687 0.740840 -7.777744
v 1.651799 0.683335 -7.788438
v 1.769545 0.662925 -7.814958
v 1.892253 1.232287 -7.849978
v 1.903057 0.731379 -7.866139
v 1.446439 1.510585 -7.662663
v 1.465541 1.413458 -7.681078
v 1.618845 1.755118 -7.650530
v 1.611786 1.738796 -7.681644
v 1.831769 1.582104 -7.449689
v 1.649410 1.274845 -7.339044
v 1.745770 1.221462 -7.298729
v 1.921615 1.307200 -7.377834
v 1.566201 1.458282 -7.381586
v 1.581335 1.566703 -7.344399
v 1.611720 1.629151 -7.354905
v 1.680060 1.656255 -7.357885
v 1.789423 1.617265 -7.422980
v 1.687762 1.692040 -7.465900
v -0.374799 0.358906 -3.723734
v -0.526021 0.120926 -3.800078
v -0.519756 -0.064267 -3.321668
v -0.413378 -0.116740 -3.707744
v -0.472391 -0.119710 -3.771233
v -0.709586 -0.095948 -3.687583
v -0.804532 -0.071649 -3.513594
v -0.633875 0.019539 -2.880063
v -1.012586 0.000954 -3.174796
v -1.041407 0.038629 -3.014609
v -0.943371 0.091889 -2.795750
v -0.745001 0.072510 -2.758852
v -0.549539 -0.043650 -3.183987
v -0.921569 -0.032741 -3.325152
v -0.864781 0.097738 -2.759286
v -0.687488 0.048459 -2.805192
v -0.538025 -0.115345 -3.782994
v -0.744740 0.370601 -3.473317
v -0.469283 0.326462 -3.416750
v -0.388978 0.217972 -3.579376
v -0.443078 0.233067 -3.786407
v -0.616887 0.206423 -3.740993
v -0.512779 0.234559 -3.801294
v -0.401387 0.253522 -3.733910
v 0.445737 5.610633 -4.086076
v 0.404418 5.606903 -4.075136
v 0.449591 5.614870 -4.085766
v 0.511248 5.626285 -4.118715
v 0.512494 5.629837 -4.123844
v 0.512511 5.610242 -4.089851
v 0.515143 5.612262 -4.091965
v 0.407452 5.645059 -4.207037
v 0.363801 5.607187 -4.088957
v 0.404517 5.603524 -4.073906
v 0.359648 5.610544 -4.089828
v 0.298482 5.620836 -4.131370
v 0.299659 5.617385 -4.126155
v 0.295088 5.603007 -4.099704
v 0.297725 5.601208 -4.097404
v 0.543551 5.506320 -4.461111
v 0.584843 6.051703 -4.608486
v 0.299823 5.496068 -4.469678
v 0.225153 6.036576 -4.621135
v 0.456217 5.155665 -4.510975
v 0.452616 5.424469 -4.414639
v 0.686494 5.447714 -4.607422
v 0.694877 6.103699 -4.482001
v 0.419409 5.154117 -4.512270
v 0.393690 5.421991 -4.416712
v 0.172782 5.426112 -4.625496
v 0.586372 6.408663 -4.482947
v 0.102548 6.078786 -4.502831
v 0.607391 6.435682 -4.416124
v 0.613470 6.430587 -4.102285
v 0.184894 6.391778 -4.497066
v 0.157050 6.416742 -4.431960
v 0.435744 6.199169 -3.815457
v 0.129428 6.410228 -4.119307
v 0.305384 6.193686 -3.820041
v 0.454833 5.660975 -3.935398
v 0.512266 5.682364 -3.985857
v 0.339956 5.656143 -3.939438
v 0.284611 5.672788 -3.993863
v 0.506002 6.108216 -4.640063
v 0.632942 5.646628 -4.455051
v 0.684347 6.074942 -4.509872
v 0.631637 5.403550 -4.527548
v 0.300997 6.099593 -4.647272
v 0.199482 5.628400 -4.470303
v 0.117381 6.051097 -4.529810
v 0.225413 5.386465 -4.541833
v 0.529610 6.386698 -3.954676
v 0.604559 6.039052 -3.887480
v 0.533990 6.262617 -3.870522
v 0.206115 6.373093 -3.966052
v 0.156059 6.020189 -3.903251
v 0.206267 6.248833 -3.882046
v 0.626433 6.379997 -4.464996
v 0.676727 6.384804 -4.210000
v 0.556077 5.721500 -4.712056
v 0.592416 5.629054 -4.349394
v 0.685849 5.829988 -4.230972
v 0.685050 5.784792 -4.323459
v 0.652541 6.248893 -4.523221
v 0.146218 6.359801 -4.481883
v 0.077942 6.359621 -4.231057
v 0.287865 5.710236 -4.721525
v 0.660452 5.309119 -4.563528
v 0.234031 5.613983 -4.362001
v 0.116875 5.806057 -4.250981
v 0.127905 5.761363 -4.343055
v 0.135345 6.227141 -4.541409
v 0.204221 5.341697 -4.556141
v 0.549590 6.457145 -4.053836
v 0.412103 5.021362 -4.577750
v 0.511961 5.529321 -4.298165
v 0.187300 6.441908 -4.066576
v 0.504837 5.030280 -4.578334
v 0.582316 5.562796 -4.455645
v 0.318490 5.521194 -4.304992
v 0.256300 5.549083 -4.467106
v 0.440370 5.979943 -3.849869
v 0.417986 6.275702 -3.833067
v 0.797296 5.488068 -4.768370
v 0.479983 6.300475 -4.616731
v 0.542320 5.600701 -4.089625
v 0.474772 5.526947 -4.035632
v 0.321584 5.974947 -3.854046
v 0.317852 6.271491 -3.836588
v 0.070546 5.457523 -4.793975
v 0.309100 6.293289 -4.622740
v 0.268832 5.589200 -4.099242
v 0.338369 5.521211 -4.040429
v 0.622068 5.820997 -4.546216
v 0.605582 5.799737 -4.580151
v 0.423235 5.890793 -3.870165
v 0.490401 6.527621 -4.376573
v 0.620602 6.173020 -3.927843
v 0.493714 5.907093 -4.635602
v 0.612881 6.391214 -4.048293
v 0.204868 5.800064 -4.562555
v 0.224674 5.781216 -4.594325
v 0.395830 6.541757 -4.140185
v 0.347516 5.887609 -3.872828
v 0.421228 6.478952 -4.004944
v 0.262854 6.518051 -4.384575
v 0.131708 6.152459 -3.945035
v 0.496974 5.665765 -3.980764
v 0.329767 5.900230 -4.641438
v 0.479504 5.659963 -3.984133
v 0.129529 6.370884 -4.065290
v 0.339097 6.539370 -4.142180
v 0.309636 6.474258 -4.008868
v 0.300847 5.657516 -3.987660
v 0.318934 5.653210 -3.989779
v 0.681241 5.566681 -4.611699
v 0.643104 5.650695 -4.487144
v 0.631694 6.046391 -4.576220
v 0.708796 6.168948 -4.320424
v 0.710400 6.212061 -4.364645
v 0.716217 6.026084 -4.330731
v 0.172275 5.543567 -4.632369
v 0.191268 5.631695 -4.503042
v 0.728082 5.972339 -4.433459
v 0.693346 6.076421 -4.452764
v 0.735492 6.022982 -4.444222
v 0.721438 6.049277 -4.439221
v 0.717907 6.065725 -4.362862
v 0.741041 6.056717 -4.386142
v 0.176766 6.027257 -4.592218
v 0.734203 6.142597 -4.294461
v 0.377617 6.553254 -4.346100
v 0.453580 6.543925 -4.166703
v 0.071911 6.142162 -4.342821
v 0.069802 6.185118 -4.387172
v 0.077239 5.999209 -4.353201
v 0.077156 5.944962 -4.456349
v 0.104308 6.051648 -4.473477
v 0.066297 5.994836 -4.467754
v 0.077711 6.022203 -4.461858
v 0.485561 5.513853 -4.323030
v 0.588399 5.625201 -4.393364
v 0.590922 5.631410 -4.373413
v 0.074488 6.038664 -4.385488
v 0.053880 6.027815 -4.410306
v 0.746749 5.295887 -4.866634
v 0.347473 5.421911 -5.058682
v 0.047046 6.113697 -4.318626
v 0.370676 6.552961 -4.346344
v 0.283371 6.536767 -4.172688
v 0.721103 5.538343 -4.664702
v 0.721012 5.570704 -4.683834
v 0.347558 5.508062 -4.327917
v 0.241223 5.610600 -4.405573
v 0.236911 5.616521 -4.385864
v 0.531370 5.430889 -5.049539
v 0.120436 5.235662 -4.862692
v 0.134797 5.513706 -4.685370
v 0.133515 5.546024 -4.704558
v 0.514055 5.443078 -4.459332
v 0.561605 5.398850 -4.476058
v 0.683913 6.237323 -4.476976
v 0.468966 5.469370 -4.144328
v 0.334192 5.435513 -4.465656
v 0.291809 5.387503 -4.485546
v 0.101889 6.212843 -4.497444
v 0.661643 5.972485 -4.023910
v 0.417119 5.591111 -3.989241
v 0.356061 5.464635 -4.148333
v 0.425656 5.701404 -3.922786
v 0.114467 5.949471 -4.043151
v 0.532905 6.131999 -3.837894
v 0.565101 6.033239 -3.851609
v 0.387078 5.589847 -3.990297
v 0.470003 6.391088 -4.566391
v 0.452892 6.351196 -4.597944
v 0.511060 5.510093 -5.009196
v 0.751601 6.114040 -4.429581
v 0.480411 5.617566 -4.871317
v 0.364683 5.698841 -3.924929
v 0.694550 5.941377 -4.402296
v 0.216011 6.118670 -3.849038
v 0.193253 6.017600 -3.864686
v 0.716630 5.907575 -4.371821
v 0.700873 5.921419 -4.308383
v 0.690693 5.826957 -4.343321
v 0.695274 5.853961 -4.287778
v 0.307891 6.384270 -4.572091
v 0.330457 6.346047 -4.602250
v 0.370105 5.504158 -5.014137
v 0.041622 6.084179 -4.454548
v 0.381888 5.613383 -4.874695
v 0.495007 5.862189 -4.640276
v 0.569436 6.503719 -4.226791
v 0.778255 5.524519 -4.795894
v 0.110898 5.916828 -4.422821
v 0.089648 5.881207 -4.393868
v 0.511433 6.318009 -3.886048
v 0.099701 5.896134 -4.329523
v 0.409756 5.736324 -3.846938
v 0.758322 6.131775 -4.365439
v 0.746364 6.045489 -4.403622
v 0.120193 5.802963 -4.363383
v 0.109480 5.829324 -4.308377
v 0.656742 5.508998 -4.574149
v 0.433095 6.157484 -4.654092
v 0.463972 6.230290 -4.643747
v 0.579266 6.474094 -4.130431
v 0.332556 5.855408 -4.646101
v 0.175795 6.487163 -4.240634
v 0.646000 5.889095 -4.500004
v 0.637078 5.834202 -4.517087
v 0.088346 5.495533 -4.820221
v 0.225132 6.305968 -3.896116
v 0.710101 6.079962 -4.279438
v 0.533025 5.898068 -4.618662
v 0.570983 5.897396 -4.594595
v 0.520102 5.969159 -4.627723
v 0.665784 5.096373 -4.639243
v 0.731346 5.968042 -4.345182
v 0.731872 5.994897 -4.394682
v 0.372240 5.734745 -3.848257
v 0.028957 6.101099 -4.391088
v 0.050756 6.016233 -4.428083
v 0.194883 5.489577 -4.590400
v 0.712443 6.018470 -4.343440
v 0.709622 5.979247 -4.354284
v 0.615811 5.277079 -4.522515
v 0.370319 6.154843 -4.656300
v 0.332795 6.224772 -4.648361
v 0.634945 5.712405 -4.617382
v 0.682912 5.907306 -4.172159
v 0.696045 6.026858 -4.166815
v 0.161752 6.456533 -4.145113
v 0.579287 5.991271 -3.912842
v 0.485848 5.894117 -3.914178
v 0.421252 5.929139 -3.871475
v 0.170677 5.868522 -4.516864
v 0.187080 5.811774 -4.535032
v 0.565540 5.674114 -4.065407
v 0.622438 5.733001 -4.115185
v 0.681683 5.767458 -4.282189
v 0.663996 5.719017 -4.273463
v 0.616884 6.452529 -4.352302
v 0.075204 6.053260 -4.301764
v 0.290260 5.887881 -4.627251
v 0.250909 5.883904 -4.605868
v 0.297778 5.959816 -4.635558
v 0.068081 5.940146 -4.368506
v 0.068777 5.967009 -4.417999
v 0.082520 5.991976 -4.365592
v 0.089374 5.953159 -4.376096
v 0.251398 5.261752 -4.535330
v 0.204021 5.693388 -4.632459
v 0.461310 6.551660 -4.230548
v 0.452365 5.485243 -4.354009
v 0.109186 5.883176 -4.192334
v 0.085731 6.001188 -4.188277
v 0.457919 6.129800 -3.818410
v 0.186966 5.974770 -3.926638
v 0.598020 5.908374 -3.957693
v 0.577040 5.798191 -3.978599
v 0.288086 5.885800 -3.921132
v 0.612117 6.126185 -4.596886
v 0.581144 6.140984 -4.613589
v 0.346364 5.925989 -3.874108
v 0.237927 5.660335 -4.076928
v 0.179921 5.714389 -4.130747
v 0.129819 5.744248 -4.301598
v 0.150729 5.697441 -4.291535
v 0.141725 6.432544 -4.369011
v 0.279516 6.544013 -4.236941
v 0.433328 5.335463 -4.504602
v 0.731902 5.965315 -4.410677
v 0.741199 6.053949 -4.418275
v 0.746836 6.024773 -4.427351
v 0.384805 5.482405 -4.356393
v 0.654871 5.662129 -4.708145
v 0.710391 5.568894 -4.809415
v 0.716130 5.594605 -4.705567
v 0.289367 6.122711 -3.824337
v 0.746963 5.569998 -4.720906
v 0.469838 5.761427 -3.921955
v 0.441032 5.796734 -3.855233
v 0.428169 5.849084 -3.862540
v 0.178441 5.890728 -3.972447
v 0.210002 5.782753 -3.991506
v 0.417986 5.736114 -3.908848
v 0.411377 5.755152 -3.868829
v 0.458550 5.743467 -3.917311
v 0.190983 6.108472 -4.611696
v 0.221700 6.125866 -4.626229
v 0.415026 6.235977 -3.818097
v 0.480784 6.523497 -4.115069
v 0.426635 5.335182 -4.504837
v 0.072350 5.937577 -4.433871
v 0.056208 6.025141 -4.442363
v 0.053688 5.995620 -4.451726
v 0.193742 5.642726 -4.724342
v 0.153030 5.545482 -4.829081
v 0.137887 5.570318 -4.725976
v 0.110378 5.543260 -4.743371
v 0.315674 5.754943 -3.927376
v 0.336667 5.792346 -3.858903
v 0.345575 5.845610 -3.865445
v 0.368418 5.734029 -3.910592
v 0.370585 5.753436 -3.870263
v 0.429105 5.559889 -4.013532
v 0.328074 5.737979 -3.921899
v 0.748509 5.544026 -4.795243
v 0.576300 5.510422 -4.475397
v 0.623040 5.503903 -4.526174
v 0.496317 6.477727 -4.469669
v 0.445740 6.465578 -4.507910
v 0.323076 6.232110 -3.821331
v 0.612956 5.660663 -4.406133
v 0.450976 5.964036 -3.893406
v 0.254423 6.513977 -4.123030
v 0.728318 5.926232 -4.351776
v 0.720764 5.950239 -4.383392
v 0.457059 5.652270 -3.970735
v 0.379486 5.557803 -4.015277
v 0.704745 6.328104 -4.309420
v 0.116233 5.517466 -4.817549
v 0.726150 6.052529 -4.318197
v 0.267845 5.497448 -4.486243
v 0.225446 5.487180 -4.540156
v 0.724649 6.077078 -4.435149
v 0.267687 6.468112 -4.477709
v 0.321661 6.460360 -4.512273
v 0.488806 6.466401 -4.014084
v 0.433735 6.421750 -3.937110
v 0.214921 5.643930 -4.420147
v 0.315429 5.958335 -3.898173
v 0.503971 5.493058 -4.113949
v 0.469108 5.481012 -4.064865
v 0.075060 5.898757 -4.374749
v 0.082772 5.923406 -4.405828
v 0.340951 5.647387 -3.974818
v 0.061819 6.301064 -4.332028
v 0.724035 6.106110 -4.420938
v 0.729327 6.135461 -4.397617
v 0.711304 6.121728 -4.406254
v 0.434796 5.601756 -4.922739
v 0.064269 6.024691 -4.341473
v 0.542603 5.255820 -4.505305
v 0.707580 5.992199 -4.431893
v 0.707102 6.275033 -4.375973
v 0.071903 6.049624 -4.458104
v 0.699042 5.905769 -4.335508
v 0.678163 6.294738 -4.458070
v 0.687241 5.623235 -4.687404
v 0.765632 6.158904 -4.383555
v 0.422567 5.816064 -4.677829
v 0.472225 5.763515 -4.701629
v 0.244156 6.456112 -4.022687
v 0.297245 6.416008 -3.941910
v 0.435031 6.554216 -4.322513
v 0.567663 6.343411 -4.555793
v 0.518938 6.184493 -4.635181
v 0.601667 6.253337 -4.576989
v 0.317387 5.485229 -4.120552
v 0.349773 5.476000 -4.069076
v 0.721426 6.000782 -4.343960
v 0.725506 6.001882 -4.333962
v 0.069081 6.078564 -4.443970
v 0.059724 6.107298 -4.421164
v 0.079397 6.095152 -4.428475
v 0.641176 5.711773 -4.591427
v 0.631571 5.756428 -4.562885
v 0.432162 5.601613 -4.922761
v 0.324743 5.246657 -4.512966
v 0.424020 5.721620 -3.918058
v 0.441347 5.740491 -3.908277
v 0.095760 5.966467 -4.453408
v 0.182052 5.247486 -4.587209
v 0.548487 5.814961 -4.629767
v 0.122627 5.338977 -4.703572
v 0.068593 6.248178 -4.398426
v 0.576737 5.759555 -4.654648
v 0.104736 5.880774 -4.356407
v 0.711420 6.020245 -4.365192
v 0.694695 6.006465 -4.349707
v 0.101463 6.270484 -4.478350
v 0.163032 5.601208 -4.705884
v 0.020685 6.127572 -4.409752
v 0.410893 5.815637 -4.678382
v 0.367216 5.759163 -4.705465
v 0.689096 6.337506 -4.182606
v 0.677193 5.992482 -4.066573
v 0.648069 6.048800 -3.978058
v 0.311871 6.549035 -4.326844
v 0.214071 6.328540 -4.568227
v 0.656165 5.784413 -4.450765
v 0.652997 5.750048 -4.388879
v 0.463688 6.315421 -3.862001
v 0.523069 5.538388 -4.363898
v 0.281399 6.174503 -4.643535
v 0.189312 6.235994 -4.591490
v 0.516871 5.951713 -3.893148
v 0.537870 5.992551 -3.888121
v 0.744866 6.171022 -4.324093
v 0.741427 6.175806 -4.337076
v 0.075111 5.973599 -4.366689
v 0.070262 5.974322 -4.357005
v 0.198449 5.689586 -4.608949
v 0.203047 5.733665 -4.580784
v 0.364281 5.719107 -3.920159
v 0.344791 5.736431 -3.911673
v 0.282508 5.803770 -4.639133
v 0.260462 5.746234 -4.665729
v 0.421141 5.621782 -3.962197
v 0.428666 5.606905 -3.970395
v 0.084913 5.993894 -4.387224
v 0.101608 5.981520 -4.370563
v 0.067693 6.311371 -4.204458
v 0.100324 5.968219 -4.086859
v 0.118344 6.026520 -3.996686
v 0.167269 5.761836 -4.471158
v 0.167034 5.729622 -4.405999
v 0.271121 6.307322 -3.868773
v 0.311095 5.529483 -4.371376
v 0.427948 5.496867 -4.308863
v 0.473161 5.501606 -4.262207
v 0.250944 5.940527 -3.902500
v 0.226293 5.979447 -3.899078
v 0.036141 6.141214 -4.349016
v 0.040069 6.146307 -4.361739
v 0.486171 5.793880 -3.912165
v 0.531386 5.763567 -3.954241
v 0.466161 5.311250 -4.502030
v 0.421452 5.959696 -3.857944
v 0.407477 5.924190 -3.860819
v 0.552004 5.570532 -4.122330
v 0.665783 6.084767 -4.045534
v 0.646925 6.298497 -4.012720
v 0.476780 5.628383 -3.987895
v 0.538418 5.976820 -3.890374
v 0.536829 5.954398 -3.894231
v 0.378612 5.619993 -3.963693
v 0.372954 5.604563 -3.972354
v 0.513352 5.182714 -4.502419
v 0.435728 5.761801 -3.885478
v 0.451060 5.754073 -3.874579
v 0.746207 6.153024 -4.344151
v 0.752757 6.163855 -4.331894
v 0.750656 6.141256 -4.382698
v 0.749003 6.151865 -4.360917
v 0.725005 6.098786 -4.293761
v 0.709646 6.114388 -4.313876
v 0.748494 6.110459 -4.358531
v 0.728884 6.108266 -4.349362
v 0.758697 6.110827 -4.386086
v 0.405124 5.495909 -4.309670
v 0.356844 5.496729 -4.266330
v 0.735163 5.979952 -4.433421
v 0.749379 6.032909 -4.435058
v 0.296029 5.785883 -3.918851
v 0.256579 5.752007 -3.963904
v 0.741231 6.096771 -4.352579
v 0.395849 5.308293 -4.504503
v 0.661265 5.593873 -4.795953
v 0.342653 5.956383 -3.860716
v 0.359723 5.922181 -3.862498
v 0.702841 5.954784 -4.294793
v 0.263918 5.558433 -4.132496
v 0.102451 6.061074 -4.065344
v 0.100971 6.275536 -4.031919
v 0.324554 5.621982 -3.993248
v 0.227514 5.971805 -3.919154
v 0.230957 5.941532 -3.904987
v 0.359747 5.176254 -4.507820
v 0.346990 5.758069 -3.888599
v 0.331633 5.749050 -3.878779
v 0.037724 6.123226 -4.369066
v 0.029445 6.133434 -4.357330
v 0.036992 6.111240 -4.407794
v 0.036217 6.121887 -4.385983
v 0.679237 5.983354 -4.453383
v 0.693044 6.005027 -4.439065
v 0.059814 6.070809 -4.317153
v 0.075183 6.087703 -4.336187
v 0.040029 6.080661 -4.383445
v 0.059062 6.080095 -4.372917
v 0.671201 6.076807 -4.539037
v 0.660714 6.143445 -4.547262
v 0.031788 6.080254 -4.411648
v 0.069475 5.951954 -4.456830
v 0.051018 6.003537 -4.459616
v 0.047979 6.067614 -4.376958
v 0.198823 5.574443 -4.812256
v 0.093994 5.929176 -4.316204
v 0.777305 5.473408 -4.741622
v 0.635252 6.112046 -3.928696
v 0.603563 5.971365 -3.946640
v 0.694333 6.296187 -4.414815
v 0.525153 6.349412 -4.575360
v 0.126181 5.960093 -4.472831
v 0.109635 5.980489 -4.459580
v 0.683119 5.618602 -4.646232
v 0.697687 5.962056 -4.267580
v 0.132338 6.054143 -4.557986
v 0.137750 6.121449 -4.565652
v 0.468435 5.776379 -3.876973
v 0.441581 5.766322 -3.856796
v 0.422745 5.765209 -3.827962
v 0.617468 5.363366 -4.505620
v 0.519463 5.669418 -4.787658
v 0.427630 6.537341 -4.398813
v 0.744441 6.174094 -4.368879
v 0.755598 6.178016 -4.363289
v 0.766681 6.124755 -4.423440
v 0.769202 6.114988 -4.417902
v 0.089771 5.444509 -4.765841
v 0.122318 6.090472 -3.946734
v 0.527879 5.736265 -4.706606
v 0.166874 5.952999 -3.961997
v 0.082236 6.270443 -4.436340
v 0.484853 6.084222 -3.817711
v 0.257196 6.338141 -4.584784
v 0.510345 6.046958 -3.823644
v 0.164767 5.596809 -4.664478
v 0.096599 5.936774 -4.288718
v 0.312660 5.769828 -3.882451
v 0.338781 5.761999 -3.860411
v 0.355576 5.762384 -3.830324
v 0.241329 5.347547 -4.518847
v 0.637907 6.429710 -4.161452
v 0.333256 5.661586 -4.794206
v 0.325993 6.533066 -4.402387
v 0.727732 5.995663 -4.412209
v 0.718523 5.971725 -4.401304
v 0.431722 5.420488 -4.411526
v 0.039446 6.144443 -4.393671
v 0.027635 6.147399 -4.388888
v 0.521141 5.801441 -4.653242
v 0.478895 5.817620 -4.662288
v 0.398003 5.687804 -3.930369
v 0.666707 5.606835 -4.584342
v 0.656357 5.668164 -4.581073
v 0.025303 6.093574 -4.449511
v 0.023228 6.083613 -4.444135
v 0.432038 6.485965 -4.487319
v 0.640445 6.104069 -4.574298
v 0.470879 5.488389 -5.036802
v 0.532298 5.848268 -4.624722
v 0.562934 5.834186 -4.608473
v 0.417778 6.267871 -4.640585
v 0.314370 5.727344 -4.714244
v 0.442138 5.517805 -4.020350
v 0.266367 6.075032 -3.825395
v 0.244570 6.035780 -3.832989
v 0.755951 6.165620 -4.390945
v 0.767560 6.156296 -4.398406
v 0.619678 6.324076 -3.990271
v 0.675901 5.640657 -4.702915
v 0.109359 6.407480 -4.180038
v 0.074058 5.968169 -4.435195
v 0.084454 5.945056 -4.423602
v 0.596174 5.497844 -4.493113
v 0.414575 5.419767 -4.412129
v 0.594195 5.610608 -4.428353
v 0.683043 6.127015 -4.517196
v 0.658467 6.320084 -4.475338
v 0.312404 5.792726 -4.660724
v 0.353694 5.812424 -4.666845
v 0.492526 6.540214 -4.310830
v 0.721744 5.925117 -4.314760
v 0.727458 5.943343 -4.350382
v 0.393842 5.687629 -3.930515
v 0.721823 5.954517 -4.321688
v 0.721305 5.977914 -4.326601
v 0.183391 5.583201 -4.606501
v 0.188586 5.643494 -4.602089
v 0.734704 5.925135 -4.378023
v 0.725711 5.907924 -4.346655
v 0.332127 6.481763 -4.490832
v 0.163095 6.083992 -4.591084
v 0.649528 5.898582 -4.010892
v 0.626578 5.843570 -4.000000
v 0.647481 5.589489 -4.853679
v 0.653183 6.417769 -4.335766
v 0.413802 5.485989 -5.038810
v 0.684417 6.375407 -4.320761
v 0.295597 5.838192 -4.633082
v 0.265281 5.821037 -4.618902
v 0.602330 5.767868 -4.609677
v 0.622237 5.713342 -4.657636
v 0.375339 6.266086 -4.642078
v 0.370520 5.514793 -4.022869
v 0.429753 5.663434 -3.922912
v 0.030263 6.135099 -4.416464
v 0.020029 6.124855 -4.424694
v 0.124335 6.303242 -4.007690
v 0.174044 5.619561 -4.720589
v 0.507482 6.245450 -4.628930
v 0.568538 6.207422 -4.611430
v 0.540651 6.284663 -4.601914
v 0.250341 5.483298 -4.505274
v 0.238922 5.595667 -4.440849
v 0.581929 6.319943 -3.945633
v 0.114825 6.103116 -4.537178
v 0.464289 5.756281 -3.878850
v 0.460754 5.745701 -3.891606
v 0.582938 6.134388 -3.873729
v 0.120126 6.297442 -4.494269
v 0.686435 6.256649 -4.134894
v 0.255076 6.530228 -4.319180
v 0.079092 5.898088 -4.337359
v 0.074382 5.915875 -4.373347
v 0.639076 5.677649 -4.310560
v 0.077035 5.927397 -4.344362
v 0.075931 5.950770 -4.349296
v 0.448359 5.496627 -4.324113
v 0.619592 6.464053 -4.205076
v 0.724750 6.038574 -4.339050
v 0.737501 6.075789 -4.366195
v 0.714209 6.066320 -4.333890
v 0.725901 6.083555 -4.321243
v 0.727838 6.083378 -4.298000
v 0.070645 5.897206 -4.401375
v 0.078828 5.880718 -4.369404
v 0.131794 5.876807 -4.029098
v 0.158456 5.823883 -4.016462
v 0.216939 5.571392 -4.868844
v 0.653496 5.641543 -4.550558
v 0.107400 6.394815 -4.354959
v 0.078853 6.349939 -4.342056
v 0.532380 6.493354 -4.416156
v 0.595109 6.063364 -3.867867
v 0.231673 5.751167 -4.622618
v 0.218820 5.696346 -4.671758
v 0.574111 5.960173 -4.601623
v 0.363803 5.660660 -3.925231
v 0.669353 5.765980 -4.214605
v 0.725307 6.091566 -4.314529
v 0.672715 5.916693 -4.076602
v 0.287235 6.236187 -4.636675
v 0.228508 6.193120 -4.623387
v 0.249083 6.272400 -4.612167
v 0.159075 6.302158 -3.960503
v 0.318598 5.750155 -3.883973
v 0.323893 5.739945 -3.896419
v 0.168592 6.116961 -3.888300
v 0.073773 6.230881 -4.156439
v 0.516623 5.911989 -3.917808
v 0.181268 5.658409 -4.326691
v 0.564334 5.947612 -3.920238
v 0.385878 5.494005 -4.326322
v 0.127743 6.443367 -4.222373
v 0.491829 5.947357 -3.910416
v 0.068293 6.010964 -4.362135
v 0.054400 6.047058 -4.390217
v 0.076082 6.039481 -4.356331
v 0.062128 6.055636 -4.344585
v 0.058587 6.055230 -4.321535
v 0.190239 5.618906 -4.571780
v 0.226777 6.480500 -4.426903
v 0.162038 6.045150 -3.883096
v 0.243016 5.946250 -4.613272
v 0.137493 5.743611 -4.233308
v 0.408259 5.755314 -3.879725
v 0.463956 5.497553 -4.042253
v 0.061576 6.063652 -4.337870
v 0.111835 5.893102 -4.096325
v 0.602716 6.483974 -4.273936
v 0.587097 6.490300 -4.314170
v 0.256251 5.901038 -3.926964
v 0.206009 5.932541 -3.932839
v 0.277412 5.938339 -3.917956
v 0.390991 6.404351 -4.568507
v 0.389496 6.461455 -3.975132
v 0.393745 5.959603 -3.847543
v 0.421373 5.996176 -3.828490
v 0.402392 6.558131 -4.208418
v 0.515900 5.855608 -3.927757
v 0.624638 5.777993 -4.077927
v 0.755465 6.100424 -4.370278
v 0.374435 5.753892 -3.880914
v 0.352009 5.492847 -4.046195
v 0.706011 6.110537 -4.258361
v 0.469188 5.470655 -4.091412
v 0.711188 6.057386 -4.351264
v 0.147676 6.464836 -4.289937
v 0.165493 6.472569 -4.328996
v 0.627815 5.699240 -4.383139
v 0.385466 6.404119 -4.568701
v 0.340555 6.459395 -3.976853
v 0.369473 5.958582 -3.848397
v 0.337607 5.992652 -3.831435
v 0.335986 6.555337 -4.210753
v 0.403538 5.877660 -3.851072
v 0.262396 5.844946 -3.936672
v 0.390105 5.931594 -3.855561
v 0.663683 6.362989 -4.415267
v 0.473661 6.428617 -3.957825
v 0.171348 5.758929 -4.093866
v 0.034764 6.070111 -4.395622
v 0.508367 5.395347 -4.477122
v 0.534839 5.437405 -4.471972
v 0.439076 5.941482 -3.895472
v 0.075226 6.084006 -4.280543
v 0.578931 5.258636 -4.507394
v 0.352300 5.465749 -4.095545
v 0.483208 6.255366 -3.839218
v 0.402824 5.736482 -3.865051
v 0.081052 6.030883 -4.373424
v 0.629394 5.991658 -3.976223
v 0.651134 5.997428 -4.001759
v 0.195623 5.681075 -4.398364
v 0.452577 5.501581 -4.290886
v 0.543156 6.509830 -4.357657
v 0.563444 6.483944 -4.394453
v 0.705902 5.984311 -4.345597
v 0.668231 5.800576 -4.401854
v 0.722949 6.068437 -4.317261
v 0.613318 5.868485 -4.551646
v 0.366857 5.876117 -3.852362
v 0.376002 5.931002 -3.856057
v 0.107132 6.339582 -4.434839
v 0.258435 6.419565 -3.965393
v 0.708410 6.105626 -4.318505
v 0.460874 6.512257 -4.075532
v 0.497341 6.498885 -4.070335
v 0.345096 5.388481 -4.482863
v 0.314895 5.428155 -4.479706
v 0.329294 5.936864 -3.899332
v 0.288543 5.246423 -4.517605
v 0.735014 5.969236 -4.421072
v 0.255158 6.245774 -3.847238
v 0.380387 5.735538 -3.865840
v 0.623233 5.916528 -4.547962
v 0.709567 6.158689 -4.297412
v 0.708137 6.152972 -4.364870
v 0.434402 5.252022 -4.501001
v 0.576622 6.056046 -3.852859
v 0.759156 6.083781 -4.425237
v 0.746440 6.086857 -4.413816
v 0.480368 5.442859 -4.425148
v 0.141570 5.971140 -3.993377
v 0.121268 5.975143 -4.020391
v 0.469376 5.368154 -4.484547
v 0.379122 5.498500 -4.293487
v 0.145234 5.291252 -4.654127
v 0.696876 6.349334 -4.245518
v 0.210581 6.495843 -4.369352
v 0.195166 6.468455 -4.407403
v 0.092038 5.958492 -4.367184
v 0.149222 5.778247 -4.420938
v 0.066051 6.040809 -4.340361
v 0.208859 5.850035 -4.566283
v 0.540470 6.521183 -4.299717
v 0.703329 6.127434 -4.405843
v 0.701050 6.093758 -4.433949
v 0.462020 5.728210 -3.932062
v 0.716674 5.421008 -4.674188
v 0.749380 5.452700 -4.710030
v 0.469816 5.703769 -3.942817
v 0.077471 6.079089 -4.340693
v 0.272384 6.504330 -4.082161
v 0.236892 6.487931 -4.079494
v 0.487770 5.716082 -4.737378
v 0.660319 5.664917 -4.621849
v 0.069657 5.941252 -4.444470
v 0.658548 6.348002 -4.080106
v 0.489463 5.987037 -3.919844
v 0.493627 5.967235 -3.897395
v 0.751988 6.133737 -4.343975
v 0.194087 5.898470 -4.563046
v 0.070391 6.131807 -4.319889
v 0.077022 6.126429 -4.387064
v 0.432312 5.251935 -4.501075
v 0.525252 5.344586 -4.483579
v 0.475447 5.762533 -3.894233
v 0.654798 5.720323 -4.224248
v 0.515661 5.543088 -4.069044
v 0.179976 6.039365 -3.866808
v 0.511927 5.936536 -3.909089
v 0.534668 5.934787 -3.910538
v 0.036345 6.053379 -4.450655
v 0.047926 6.057479 -4.438380
v 0.365299 5.438020 -4.429195
v 0.598835 5.860688 -3.963833
v 0.386655 5.364675 -4.487456
v 0.063379 6.322690 -4.267795
v 0.701890 6.120605 -4.201982
v 0.696036 6.058653 -4.447846
v 0.595757 6.246676 -3.915723
v 0.208236 6.507211 -4.311400
v 0.466816 6.019184 -4.641762
v 0.086816 6.101504 -4.427524
v 0.093877 6.068221 -4.455301
v 0.326939 5.722528 -3.936812
v 0.146645 5.446929 -4.666669
v 0.117050 5.426119 -4.732296
v 0.321993 5.697551 -3.948015
v 0.715041 5.937999 -4.409696
v 0.649307 5.690672 -4.519692
v 0.417513 6.089700 -3.816963
v 0.549499 6.012659 -3.860837
v 0.483734 6.014373 -3.827411
v 0.566607 5.919800 -3.926807
v 0.480318 5.577928 -4.031671
v 0.357791 5.710650 -4.742029
v 0.183458 5.643505 -4.639079
v 0.089991 6.324090 -4.100099
v 0.251266 5.971686 -3.898582
v 0.273045 5.957958 -3.905152
v 0.629330 6.030044 -3.941213
v 0.033583 6.103520 -4.369239
v 0.413694 6.366896 -3.886600
v 0.333023 5.336501 -4.490339
v 0.308061 5.755493 -3.900120
v 0.156420 5.699364 -4.241777
v 0.298673 5.533967 -4.076687
v 0.384025 6.515449 -4.069613
v 0.258249 5.925867 -3.918010
v 0.235892 5.922221 -3.921044
v 0.726515 5.993096 -4.383440
v 0.182061 5.843160 -3.978489
v 0.446299 5.922509 -3.902912
v 0.651522 5.746597 -4.437848
v 0.585540 5.461381 -4.488824
v 0.074525 6.094220 -4.224044
v 0.684002 5.877916 -4.370445
v 0.102779 6.033701 -4.468709
v 0.149376 6.227901 -3.931420
v 0.582835 5.973394 -3.932178
v 0.549399 6.424992 -4.496912
v 0.347533 6.014166 -4.645957
v 0.626313 6.251603 -3.950839
v 0.091332 5.911766 -4.431629
v 0.696173 5.912909 -4.303884
v 0.717972 6.164914 -4.331347
v 0.708638 6.163709 -4.340758
v 0.761361 6.173265 -4.360406
v 0.188231 5.667699 -4.541240
v 0.332792 6.086137 -3.819942
v 0.211134 5.998427 -3.872736
v 0.274017 6.005553 -3.834786
v 0.206542 5.904655 -3.939469
v 0.686753 5.590189 -4.629055
v 0.328337 5.571536 -4.037015
v 0.704316 6.296429 -4.227660
v 0.591338 6.007834 -3.898674
v 0.476270 5.786976 -3.905322
v 0.135960 6.009293 -3.958563
v 0.318224 6.362881 -3.889957
v 0.460974 6.023858 -3.816391
v 0.348090 6.513938 -4.070877
v 0.510828 5.671391 -3.999738
v 0.400192 5.644595 -3.931001
v 0.073465 5.965631 -4.406404
v 0.324226 5.917375 -3.907205
v 0.172624 5.726165 -4.455995
v 0.518508 5.522892 -4.087313
v 0.263668 5.447844 -4.500143
v 0.626392 6.058378 -3.912486
v 0.632913 6.453588 -4.215265
v 0.442677 5.358529 -4.489856
v 0.124472 5.854383 -4.390121
v 0.554341 5.593042 -4.866025
v 0.453392 5.619182 -3.974162
v 0.707275 6.014071 -4.299499
v 0.560487 5.700533 -4.037581
v 0.565792 5.742548 -4.003958
v 0.186294 5.956715 -3.946122
v 0.511820 6.525492 -4.161971
v 0.598483 5.678122 -4.752160
v 0.221255 6.411191 -4.508451
v 0.508546 5.624468 -4.017534
v 0.438928 6.515297 -4.443832
v 0.712538 6.029398 -4.371797
v 0.121053 6.230352 -3.968606
v 0.721232 6.033917 -4.384293
v 0.509124 5.727811 -3.964457
v 0.670992 6.230505 -4.034376
v 0.649818 6.115371 -3.961287
v 0.699343 6.236131 -4.433900
v 0.104771 5.888034 -4.324681
v 0.528587 5.547074 -4.318786
v 0.063895 6.137405 -4.354347
v 0.073934 6.137014 -4.363078
v 0.022103 6.142174 -4.386402
v 0.640016 5.594260 -4.522406
v 0.637802 5.707589 -4.421086
v 0.538843 6.504814 -4.132756
v 0.612197 6.320107 -4.533580
v 0.164727 5.566891 -4.648918
v 0.462295 5.256091 -4.497307
v 0.059169 6.269295 -4.250346
v 0.172604 5.990223 -3.913399
v 0.305971 5.779813 -3.911311
v 0.465961 5.958163 -3.909128
v 0.295073 6.016881 -3.822226
v 0.287934 5.662016 -4.007576
v 0.687286 5.908422 -4.370008
v 0.395335 5.644391 -3.931171
v 0.695167 5.912653 -4.368725
v 0.643571 5.734109 -4.541116
v 0.719252 6.159102 -4.306427
v 0.711361 6.118102 -4.275125
v 0.298739 5.513661 -4.095069
v 0.539186 6.484116 -4.084817
v 0.668105 5.857802 -4.145137
v 0.565636 5.796643 -4.629183
v 0.754917 5.266640 -4.831146
v 0.134490 6.037689 -3.929784
v 0.401576 5.737390 -3.881358
v 0.512883 5.584913 -4.056712
v 0.116095 6.431851 -4.233439
v 0.414374 5.357338 -4.490851
v 0.310088 5.582748 -4.874568
v 0.347610 5.614733 -3.977881
v 0.084945 5.987896 -4.321383
v 0.597698 5.932714 -4.579366
v 0.238782 5.687003 -4.048894
v 0.227628 5.728324 -4.015850
v 0.226694 6.513500 -4.171997
v 0.251635 5.663522 -4.764329
v 0.295386 5.615503 -4.025030
v 0.319768 6.510287 -4.448021
v 0.083497 6.002941 -4.393918
v 0.075353 6.006753 -4.407005
v 0.472401 5.959054 -3.919348
v 0.282423 5.718275 -3.972429
v 0.084268 6.205830 -4.055008
v 0.109846 6.092660 -3.980276
v 0.711359 6.268062 -4.300392
v 0.083630 6.210236 -4.455552
v 0.438630 5.873797 -4.653984
v 0.301941 5.537558 -4.326788
v 0.643920 6.381049 -4.085554
v 0.426287 5.750140 -3.856032
v 0.439703 5.466544 -4.064676
v 0.726065 5.911878 -4.376748
v 0.201120 5.575803 -4.537845
v 0.187649 5.688671 -4.436949
v 0.199519 6.490542 -4.144689
v 0.170201 6.301516 -4.549124
v 0.403986 5.253637 -4.499359
v 0.624775 5.933581 -3.976949
v 0.630117 5.883116 -3.983489
v 0.538195 5.529683 -4.145348
v 0.617685 6.179049 -4.585325
v 0.692553 5.902801 -4.331155
v 0.302128 5.951272 -3.914889
v 0.688200 5.936633 -4.399402
v 0.129194 5.265736 -4.897338
v 0.709586 6.115546 -4.325244
v 0.118618 5.884506 -4.390005
v 0.110339 5.888055 -4.389291
v 0.193478 5.708663 -4.562466
v 0.392183 6.563468 -4.263325
v 0.061362 6.131433 -4.329562
v 0.070450 6.091145 -4.297663
v 0.730442 6.121993 -4.287760
v 0.733896 6.132022 -4.297146
v 0.715822 5.903820 -4.338889
v 0.714729 6.104204 -4.335252
v 0.674336 6.398360 -4.268582
v 0.197553 6.469747 -4.096830
v 0.126162 5.835009 -4.164195
v 0.266837 5.784067 -4.639673
v 0.720349 5.147943 -4.694404
v 0.382695 5.736596 -3.882022
v 0.297125 5.575838 -4.064300
v 0.466117 5.883326 -3.903125
v 0.220312 5.916842 -4.592637
v 0.296369 5.951651 -3.925539
v 0.059647 6.240652 -4.323310
v 0.438072 5.459217 -4.096614
v 0.388589 5.871744 -4.655855
v 0.412665 6.339591 -4.609638
v 0.102142 6.358263 -4.104606
v 0.355288 5.747153 -3.858528
v 0.380179 5.464044 -4.066778
v 0.080254 5.884716 -4.399459
v 0.516392 6.432837 -3.991937
v 0.151083 5.913659 -3.993606
v 0.150464 5.862943 -4.000356
v 0.564823 5.463659 -4.478337
v 0.615354 5.572584 -4.482966
v 0.282489 5.518956 -4.154399
v 0.180204 6.160649 -4.600709
v 0.111130 5.878347 -4.351601
v 0.511023 5.374594 -4.484401
v 0.117405 5.912627 -4.419474
v 0.622039 5.675915 -4.731194
v 0.698467 6.003780 -4.342576
v 0.460926 5.809562 -3.887163
v 0.580541 5.851361 -4.588256
v 0.075943 6.088895 -4.347527
v 0.534807 5.666371 -4.024674
v 0.569923 5.980014 -3.908998
v 0.527862 5.517166 -4.426214
v 0.401177 6.333036 -3.863300
v 0.410560 5.637700 -3.947448
v 0.647968 5.858605 -4.035353
v 0.408964 5.793474 -3.820424
v 0.349537 6.561674 -4.264824
v 0.052043 6.093460 -4.311616
v 0.048426 6.103192 -4.321251
v 0.088457 5.877433 -4.360951
v 0.564475 5.571057 -4.245188
v 0.594536 5.598844 -4.849966
v 0.072483 6.077193 -4.357837
v 0.477331 5.496097 -4.363529
v 0.083290 6.373502 -4.289367
v 0.429069 5.758595 -3.892700
v 0.518131 5.506822 -4.193555
v 0.518996 6.406319 -4.534812
v 0.449586 5.945849 -4.644230
v 0.608088 5.779970 -4.035512
v 0.600495 5.652262 -4.164700
v 0.653033 6.234606 -3.990099
v 0.307828 5.876668 -3.908691
v 0.435855 5.649841 -3.964822
v 0.384501 5.456969 -4.098510
v 0.698310 5.990601 -4.358276
v 0.716171 5.979358 -4.338861
v 0.372236 6.337890 -4.611060
v 0.753570 6.084694 -4.437851
v 0.516482 5.281923 -4.485158
v 0.489099 5.480878 -4.161501
v 0.400302 5.766483 -3.815635
v 0.217997 6.420288 -4.002430
v 0.283335 5.451820 -4.488236
v 0.546439 5.818127 -3.947243
v 0.610043 5.445465 -4.511943
v 0.224574 5.556151 -4.496713
v 0.498125 5.666821 -4.001071
v 0.414947 5.745133 -3.833003
v 0.567405 5.889574 -3.944750
v 0.344708 5.367599 -4.490250
v 0.751553 6.124143 -4.398746
v 0.226888 5.659287 -4.745076
v 0.417366 6.044646 -3.816422
v 0.438714 5.485544 -4.039069
v 0.569561 5.942389 -3.921968
v 0.659552 5.268963 -4.546264
v 0.097583 5.978508 -4.363707
v 0.318055 5.803553 -3.892187
v 0.245116 5.836269 -4.600144
v 0.667553 5.729953 -4.317679
v 0.266268 5.655077 -4.034117
v 0.487765 5.400439 -4.464672
v 0.196948 5.964328 -3.922114
v 0.728955 6.133767 -4.315461
v 0.312230 5.508092 -4.433787
v 0.331871 6.330121 -3.865737
v 0.472589 5.942894 -3.913535
v 0.386760 5.636699 -3.948285
v 0.444948 5.651421 -3.945519
v 0.138412 5.837174 -4.053272
v 0.366375 5.791682 -3.821922
v 0.435305 5.679853 -4.780578
v 0.429149 5.476557 -4.353788
v 0.259617 5.558261 -4.255967
v 0.268522 5.585123 -4.861412
v 0.359807 5.491155 -4.367662
v 0.600695 5.620617 -4.242129
v 0.717343 6.154684 -4.356404
v 0.650164 5.800062 -4.484458
v 0.731830 5.975129 -4.381017
v 0.354384 5.755452 -3.895327
v 0.307399 5.497988 -4.201031
v 0.255700 6.395245 -4.544071
v 0.370984 5.942556 -4.647024
v 0.665073 5.972154 -4.492214
v 0.184659 5.762162 -4.050403
v 0.419693 5.640501 -3.964844
v 0.211935 5.635922 -4.178370
v 0.098672 6.211290 -4.009593
v 0.361816 5.646727 -3.967425
v 0.099946 5.965434 -4.379318
v 0.081773 5.952675 -4.361169
v 0.042706 6.054795 -4.462849
v 0.347106 5.274799 -4.491115
v 0.336238 5.474470 -4.166923
v 0.376913 5.765500 -3.816458
v 0.236549 5.805094 -3.958140
v 0.242269 5.429997 -4.524877
v 0.301038 5.658531 -4.008002
v 0.365364 5.743047 -3.834746
v 0.209543 5.874522 -3.957335
v 0.038660 6.094160 -4.423815
v 0.336678 6.041253 -3.819259
v 0.377878 5.482987 -4.041211
v 0.201372 5.926903 -3.934915
v 0.210265 5.250067 -4.562063
v 0.149311 5.708171 -4.335935
v 0.364275 5.395245 -4.469015
v 0.054476 6.105400 -4.339180
v 0.297129 5.935514 -3.919705
v 0.351292 5.647481 -3.948812
v 0.415699 5.679024 -4.781257
v 0.408528 5.475690 -4.354515
v 0.219482 5.604589 -4.255544
v 0.067135 6.127337 -4.379269
v 0.175508 5.776179 -4.505428
v 0.069519 5.947274 -4.404307
v 0.143923 5.950235 -4.510540
v 0.378666 5.638776 -3.966286
v 0.417234 5.808506 -4.684241
v 0.432971 5.606070 -4.913547
v 0.428387 5.648299 -4.829970
v 0.406167 5.519598 -4.020966
v 0.387102 5.803347 -3.817901
v 0.382152 5.949607 -3.852068
v 0.390899 5.735032 -3.844183
v 0.424286 5.407229 -4.428773
v 0.397707 5.645537 -3.930747
v 0.397756 5.645004 -3.931482
v 0.425470 5.682327 -4.782933
v 0.366482 6.522887 -4.092134
v 0.393588 5.726974 -3.911004
v 0.418163 5.482993 -4.342303
v 0.393540 5.727228 -3.909948
v 0.433339 5.252358 -4.500967
v 0.433580 5.600691 -4.924439
v 0.433435 5.602106 -4.922004
v 0.395860 5.688783 -3.929952
v 0.405198 5.539842 -4.017430
v 0.404283 5.559376 -4.014686
v 0.364995 6.434799 -3.944493
v 0.388312 5.773836 -3.817033
v 0.387134 5.802492 -3.817802
v 0.416390 5.497462 -4.306196
v 0.437929 5.150039 -4.509111
v 0.377428 6.532774 -4.415218
v 0.416725 5.816202 -4.678283
v 0.430022 5.334187 -4.504505
v 0.393316 6.323432 -4.616642
v 0.391179 5.735325 -3.852487
v 0.433366 5.251540 -4.500764
v 0.407538 6.008655 -4.644588
v 0.414058 5.483225 -4.216020
v 0.368668 6.244937 -3.821843
v 0.364983 6.456941 -3.970607
v 0.377201 6.039644 -3.818970
v 0.374130 6.552990 -4.345616
v 0.368264 6.258967 -3.827140
v 0.433445 5.249110 -4.500112
v 0.418809 5.477124 -4.354544
v 0.381459 5.962574 -3.847869
v 0.402959 5.578349 -3.999738
v 0.370922 6.181431 -3.809996
v 0.370939 6.181004 -3.809953
v 0.410563 5.938570 -4.646808
v 0.397799 5.644512 -3.932122
v 0.412441 5.899333 -4.653269
v 0.367613 6.286053 -3.841036
v 0.413156 5.882969 -4.654048
v 0.404718 6.080302 -4.650084
v 0.433183 5.256505 -4.501509
v 0.407985 5.488913 -4.036748
v 0.370956 6.180588 -3.809960
v 0.424835 5.690951 -4.773957
v 0.397948 6.239295 -4.647722
v 0.407025 5.504471 -4.027586
v 0.429883 5.337032 -4.503976
v 0.429874 5.337115 -4.503822
v 0.377206 6.534691 -4.411200
v 0.411321 5.458222 -4.098883
v 0.365619 6.495115 -4.034370
v 0.365890 6.508994 -4.058674
v 0.426353 5.670935 -4.796043
v 0.415046 5.498810 -4.266491
v 0.416312 5.824045 -4.675439
v 0.375340 6.546002 -4.371660
v 0.391561 5.736374 -3.864613
v 0.367298 6.537988 -4.133376
v 0.396132 5.681851 -3.929390
v 0.381739 5.957905 -3.850268
v 0.420679 5.753893 -4.722748
v 0.389095 5.758126 -3.820501
v 0.413128 5.471587 -4.172065
v 0.412252 5.465274 -4.136701
v 0.377839 6.026279 -3.821130
v 0.379291 5.997711 -3.828245
v 0.380429 6.504833 -4.467142
v 0.430305 5.327975 -4.505125
v 0.376626 6.053492 -3.819176
v 0.423120 5.420931 -4.411977
v 0.421789 5.438666 -4.395351
v 0.396705 5.665563 -3.926210
v 0.370988 6.179868 -3.809990
v 0.413988 5.866715 -4.658515
v 0.388118 6.405616 -4.567133
v 0.390675 5.737181 -3.840389
v 0.389836 5.747262 -3.828572
v 0.441808 5.493115 -5.029743
v 0.402126 5.590589 -3.990669
v 0.396100 6.274788 -4.637634
v 0.383380 6.469603 -4.508920
v 0.415920 5.500326 -4.295311
v 0.415637 5.500070 -4.286299
v 0.416949 5.812779 -4.680855
v 0.365646 6.379292 -3.896603
v 0.365166 6.412220 -3.922334
v 0.409789 5.466754 -4.063075
v 0.380305 6.506173 -4.465216
v 0.393600 5.726781 -3.911118
v 0.401634 6.158211 -4.655573
v 0.399783 6.200132 -4.653064
v 0.391974 6.345927 -4.605395
v 0.399171 5.639717 -3.965398
v 0.399837 5.621611 -3.962697
v 0.365053 6.422599 -3.931530
v 0.383244 6.471320 -4.507099
v 0.384578 5.892378 -3.852610
v 0.387060 5.804794 -3.818442
v 0.386448 6.428309 -4.546761
v 0.400159 5.614644 -3.963522
v 0.394646 5.710669 -3.921606
v 0.374781 6.096844 -3.818552
v 0.428518 5.358504 -4.490819
v 0.384504 5.894489 -3.853034
v 0.408868 5.977789 -4.645490
v 0.396828 5.661530 -3.924871
v 0.392238 5.736605 -3.884146
v 0.392060 5.736235 -3.878618
v 0.393950 5.723728 -3.917429
v 0.428311 5.360796 -4.487680
v 0.398803 6.221697 -4.650991
v 0.369099 6.554671 -4.204564
v 0.443216 5.494449 -5.071386
v 0.416854 5.494531 -4.316730
v 0.417208 5.493196 -4.325855
v 0.381160 5.966558 -3.844149
v 0.365381 6.482722 -4.012760
v 0.431278 5.305320 -4.505694
v 0.366539 6.331733 -3.865129
v 0.388401 6.401521 -4.570262
v 0.365860 6.367045 -3.888043
v 0.410612 5.461957 -4.081980
v 0.398511 5.639553 -3.946431
v 0.398871 5.638281 -3.955163
v 0.384353 5.898108 -3.853063
v 0.370375 6.562563 -4.250268
v 0.399992 5.617444 -3.962111
v 0.383039 5.932241 -3.856531
v 0.373405 6.554804 -4.327152
v 0.369747 6.560675 -4.230168
v 0.400802 5.605078 -3.970361
v 0.401446 5.597623 -3.979764
v 0.409065 5.475026 -4.051677
v 0.240764 5.055504 -4.636568
v 0.710952 5.349484 -4.933905
v 0.166095 5.322883 -4.960995
v 0.731989 5.323700 -4.901132
v 0.144523 5.295017 -4.930340
v 0.591857 5.056011 -4.599427
v 0.321518 5.030015 -4.597726
v 0.176689 5.095666 -4.690982
v 0.134726 5.147099 -4.756353
v 0.549542 5.041149 -4.586389
v 0.684085 5.372692 -4.964255
v 0.366049 5.023504 -4.585234
v 0.193450 5.348737 -4.988649
v 0.756318 5.236581 -4.795424
v 0.118434 5.205437 -4.827140
v 0.485956 5.435226 -5.059554
v 0.651962 5.392827 -4.991535
v 0.393018 5.430689 -5.064174
v 0.226005 5.372031 -5.012713
v 0.630882 5.074552 -4.617171
v 0.279457 5.040759 -4.614959
v 0.152672 5.120227 -4.722628
v 0.738848 5.176594 -4.726317
v 0.750924 5.206350 -4.760232
v 0.123231 5.175704 -4.791440
v 0.574782 5.422239 -5.034636
v 0.303847 5.409010 -5.048107
v 0.615267 5.409460 -5.015163
v 0.695820 5.121012 -4.665171
v 0.263068 5.392265 -5.032674
v 0.206262 5.073938 -4.662090
v 0.458696 5.023639 -4.575433
v 0.439509 5.435159 -5.064467
v 0.573218 6.532829 -4.405791
v 0.134218 6.414364 -4.496919
v 0.720616 6.122443 -4.194649
v 0.547862 6.374053 -4.608596
v 0.549644 6.520843 -4.455640
v 0.688343 6.436256 -4.347608
v 0.486610 6.571705 -4.117873
v 0.712214 6.098495 -4.445313
v 0.471534 6.595987 -4.227387
v 0.575291 5.845419 -4.685331
v 0.317894 6.571880 -4.426154
v 0.167692 6.502367 -4.426081
v 0.721369 5.929644 -4.229385
v 0.220791 6.272715 -3.821765
v 0.394604 6.608180 -4.235958
v 0.379751 6.433425 -3.880306
v 0.156559 6.312186 -4.584919
v 0.662338 5.897351 -4.527548
v 0.317759 6.586924 -4.151143
v 0.242143 6.265816 -4.661896
v 0.501342 6.306833 -4.661457
v 0.654584 6.288451 -3.924671
v 0.055594 6.254995 -3.995280
v 0.529776 5.851120 -4.706919
v 0.683352 6.311849 -4.500504
v 0.033931 6.378667 -4.230925
v 0.554772 6.400071 -3.913177
v 0.083400 6.465548 -4.221306
v 0.633992 6.475239 -4.422763
v 0.710362 6.423843 -4.233232
v 0.271978 6.334854 -3.827371
v 0.224535 6.454217 -3.950536
v 0.105590 6.065606 -4.557908
v 0.714182 6.172195 -4.278993
v 0.389966 6.429808 -4.609544
v 0.183545 6.436701 -3.970072
v 0.699848 6.268291 -3.988370
v 0.615620 6.529361 -4.230895
v 0.245822 6.540483 -4.065064
v 0.367959 6.269495 -3.779819
v 0.310089 5.847426 -4.714106
v 0.588085 5.912248 -4.639438
v 0.452276 5.974243 -4.691288
v 0.371946 6.598563 -4.352613
v 0.243910 6.563195 -4.132553
v 0.183061 6.305728 -3.863533
v 0.481906 6.551822 -4.058635
v 0.319748 6.502714 -4.536582
v 0.515978 6.487800 -3.977615
v 0.381068 6.546348 -4.489112
v 0.638224 6.411932 -4.131197
v 0.117430 6.332231 -4.461351
v 0.692572 6.346932 -4.209929
v 0.107441 6.251841 -4.495003
v 0.064108 6.306139 -4.223763
v 0.146632 6.190672 -4.562485
v 0.175718 5.860669 -4.527260
v 0.123935 6.398254 -4.116692
v 0.706270 6.294752 -4.236941
v 0.387268 6.399180 -4.569878
v 0.117359 6.112857 -4.538860
v 0.548757 6.232658 -4.614592
v 0.253569 6.512841 -4.135052
v 0.598663 6.241663 -4.582192
v 0.487125 6.222498 -4.637702
v 0.522292 5.963362 -4.626506
v 0.378192 6.409623 -3.923548
v 0.535245 6.348627 -4.568708
v 0.534707 6.269485 -3.873563
v 0.061446 6.306549 -4.306327
v 0.677730 6.390211 -4.274603
v 0.238158 6.279279 -4.601994
v 0.353305 6.532822 -4.131753
v 0.486035 6.289611 -4.617680
v 0.684551 6.086569 -4.516234
v 0.060753 6.241572 -4.246176
v 0.336188 6.247612 -3.827095
v 0.104688 6.248341 -4.007932
v 0.310014 6.117918 -4.647511
v 0.472314 6.509260 -4.083280
v 0.323823 6.287112 -4.626881
v 0.506910 5.842086 -4.662407
v 0.683755 5.990252 -4.463908
v 0.367234 6.453060 -3.970696
v 0.218292 6.378540 -3.965387
v 0.262358 6.497789 -4.085143
v 0.494381 5.881092 -4.645789
v 0.448297 6.549582 -4.232590
v 0.703581 6.118306 -4.213492
v 0.118796 6.321471 -4.037511
v 0.372040 6.548854 -4.347079
v 0.082052 6.219403 -4.452975
v 0.711153 6.143435 -4.273773
v 0.241893 6.439612 -4.009128
v 0.643599 6.249658 -4.532889
v 0.339235 5.847612 -4.661919
v 0.382461 6.243792 -3.820411
v 0.292247 6.543420 -4.228606
v 0.527529 6.407403 -3.978928
v 0.365575 6.501026 -4.465331
v 0.331397 6.524342 -4.417741
v 0.435843 6.523762 -4.420686
v 0.075852 6.097462 -4.431797
v 0.099945 6.231503 -3.957389
v 0.093573 5.880611 -4.250148
v 0.120196 5.969608 -4.482148
v 0.646348 6.254488 -3.937810
v 0.137643 5.934045 -4.515930
v 0.674688 5.959464 -4.496318
v 0.063883 6.147002 -4.302971
v 0.691111 6.225641 -4.020457
v 0.482345 6.259140 -3.816753
v 0.083514 6.019830 -4.132817
v 0.252915 6.250061 -3.824317
v 0.696852 6.036179 -4.123520
v 0.064712 6.199629 -4.042970
v 0.646609 5.866941 -4.513763
v 0.559457 6.264198 -3.861609
v 0.722554 6.152911 -4.360604
v 0.065851 6.139926 -4.343287
v 0.167498 5.846566 -4.535046
v 0.087193 6.058987 -4.074598
v 0.069988 6.127949 -4.306736
v 0.647215 5.838103 -4.540948
v 0.079957 5.939378 -4.291898
v 0.707043 5.916843 -4.243100
v 0.285817 5.815661 -4.693460
v 0.176021 6.247728 -3.877472
v 0.712982 6.166916 -4.318819
v 0.209947 5.804661 -4.614439
v 0.540575 5.820138 -4.674778
v 0.683056 6.083950 -4.054071
v 0.417004 5.835044 -4.708388
v 0.148053 6.053539 -4.616303
v 0.303208 6.254483 -3.785836
v 0.362248 6.170629 -4.704218
v 0.446105 5.894464 -4.704588
v 0.701955 6.056978 -4.112108
v 0.496518 6.276824 -3.804579
v 0.058067 6.223108 -3.996929
v 0.694673 6.110723 -4.540679
v 0.557250 6.287523 -3.839835
v 0.196031 5.815978 -4.618843
v 0.624145 5.834283 -4.618993
v 0.059350 6.406678 -4.335087
v 0.718944 5.970181 -4.174719
v 0.156563 5.871442 -4.548432
v 0.171808 5.819961 -4.561213
v 0.657217 6.062103 -4.599233
v 0.503703 5.898000 -4.691232
v 0.054818 6.103895 -4.268605
v 0.734278 6.163020 -4.350808
v 0.728965 6.269704 -4.335904
v 0.695276 6.084153 -4.066089
v 0.159288 6.061851 -4.585538
v 0.439780 6.170887 -4.651549
v 0.345097 5.826404 -4.687749
v 0.679002 6.068333 -4.102272
v 0.085065 6.358742 -4.347887
v 0.085762 6.211992 -4.026617
v 0.082498 6.208472 -4.063743
v 0.309619 5.937747 -4.636619
v 0.060217 6.243657 -4.340582
v 0.069612 6.139057 -4.369843
v 0.085667 5.976431 -4.182543
v 0.667621 5.977388 -4.493311
v 0.141521 5.954828 -4.512302
v 0.247911 6.251472 -3.854012
v 0.095858 6.060557 -4.093733
v 0.579084 5.915135 -4.593397
v 0.303088 5.811240 -4.675119
v 0.202266 6.252328 -3.887501
v 0.713029 6.166058 -4.348576
v 0.487269 6.260919 -3.844233
v 0.310528 6.542131 -4.334573
v 0.613192 5.818988 -4.588436
v 0.694954 6.066794 -4.450883
v 0.071727 6.080495 -4.284672
v 0.698816 6.072382 -4.524945
v 0.080952 6.081820 -4.480356
v 0.101737 6.435047 -4.082387
v 0.517295 6.144340 -4.686326
v 0.283033 6.136980 -4.692306
v 0.640665 6.417637 -4.488596
v 0.582342 6.476696 -4.022647
v 0.438813 6.277718 -3.785456
v 0.295884 6.297693 -4.670274
v 0.653616 5.845688 -4.553328
v 0.396208 6.586800 -4.133805
v 0.432122 6.499704 -3.957982
v 0.223628 6.552195 -4.390257
v 0.294255 6.493353 -3.961858
v 0.729561 6.168844 -4.311199
v 0.737116 6.172841 -4.365178
v 0.050697 6.139975 -4.334369
v 0.047455 6.134888 -4.378469
v 0.096520 6.033020 -4.476798
v 0.290277 6.397957 -4.618199
v 0.479419 6.388134 -4.625293
v 0.517560 6.329958 -3.834747
v 0.415267 6.168358 -4.704498
v 0.501413 6.231324 -4.683889
v 0.314456 5.878306 -4.699115
v 0.118682 6.499195 -4.208725
v 0.640002 6.472465 -4.098151
v 0.306962 6.219787 -4.693152
v 0.525915 5.968069 -4.676018
v 0.703926 5.920173 -4.198848
v 0.288270 5.934383 -4.680592
v 0.080925 5.918303 -4.202541
v 0.062847 5.973623 -4.189811
v 0.607593 6.119077 -4.647076
v 0.107587 6.448291 -4.409183
v 0.296615 6.596880 -4.248526
v 0.193787 6.102059 -4.657892
v 0.224227 6.140561 -4.673335
v 0.430168 6.502717 -4.540471
v 0.034582 6.342534 -4.272738
v 0.305746 6.439705 -3.898211
v 0.416348 5.848702 -4.727952
v 0.427904 6.598930 -4.333928
v 0.612114 6.340463 -4.578778
v 0.618703 6.229523 -4.619577
v 0.052417 6.189439 -4.415456
v 0.721455 6.395918 -4.213598
v 0.296161 6.589813 -4.340169
v 0.235340 6.357325 -4.622406
v 0.182954 6.216897 -4.637897
v 0.074329 6.031768 -4.128635
v 0.066050 6.094522 -4.072253
v 0.688729 6.335871 -4.011814
v 0.667306 6.130363 -4.585434
v 0.709399 6.297529 -4.439455
v 0.134844 6.126740 -4.602424
v 0.071710 6.271751 -4.470886
v 0.073999 5.901499 -4.261543
v 0.723176 5.965258 -4.253854
v 0.425092 6.576419 -4.428838
v 0.483359 5.846577 -4.709387
v 0.556934 5.881160 -4.669738
v 0.066829 6.419143 -4.149960
v 0.645346 6.340939 -3.950262
v 0.294831 5.835579 -4.713410
v 0.520769 6.577384 -4.334640
v 0.266333 5.868107 -4.675091
v 0.711978 6.393356 -4.308985
v 0.561756 6.248637 -4.655650
v 0.096594 6.300021 -4.514684
v 0.186559 6.548458 -4.319788
v 0.722573 6.269042 -4.115494
v 0.094900 6.318847 -3.970023
v 0.035387 6.240593 -4.141659
v 0.640648 6.507372 -4.318890
v 0.126052 6.500350 -4.336947
v 0.718894 6.097672 -4.262904
v 0.467379 6.451028 -3.912091
v 0.634719 5.885029 -4.584998
v 0.188233 5.863150 -4.600026
v 0.574528 6.554897 -4.316625
v 0.043665 6.330139 -4.083732
v 0.706346 6.369508 -4.089044
v 0.100099 6.250538 -3.925985
v 0.358413 5.960262 -4.693848
v 0.363972 6.553911 -4.046716
v 0.591815 6.436850 -4.525711
v 0.178357 6.427761 -4.532451
v 0.673734 6.475790 -4.195397
v 0.540577 6.561589 -4.151847
v 0.470854 6.528221 -4.497808
v 0.714303 6.234221 -4.030140
v 0.191887 6.545853 -4.164320
v 0.296051 6.537420 -4.481258
v 0.038455 6.208892 -4.056566
v 0.580004 6.524680 -4.098201
v 0.166526 6.499192 -4.076989
v 0.256798 5.832076 -4.695913
v 0.217564 5.893360 -4.638634
v 0.043380 6.236918 -4.332623
v 0.382394 5.891179 -4.706665
v 0.671313 6.418514 -4.063892
v 0.063542 6.376057 -4.080850
v 0.615714 5.855776 -4.622231
v 0.213209 5.844361 -4.635828
v 0.329437 6.373159 -3.837907
v 0.224198 6.465121 -4.531740
v 0.413441 6.374580 -3.834232
v 0.117852 5.957030 -4.504452
v 0.427178 6.257025 -3.782785
v 0.360099 6.492809 -3.940817
v 0.368791 6.278714 -4.687883
v 0.396128 6.348248 -4.659914
v 0.414835 6.268983 -4.691026
v 0.535342 6.451556 -4.553120
v 0.660062 6.269057 -3.926294
v 0.687393 5.974958 -4.493248
v 0.703610 6.106920 -4.426361
v 0.096023 6.068392 -4.466170
v 0.606271 6.436835 -4.411269
v 0.155987 6.421027 -4.416795
v 0.528154 6.145821 -4.632381
v 0.634968 6.349723 -4.480492
v 0.175342 6.377655 -4.498328
v 0.622620 6.378610 -4.051341
v 0.218789 5.804896 -4.601058
v 0.424996 6.459363 -3.986205
v 0.215874 6.490883 -4.385631
v 0.175578 6.416092 -4.056275
v 0.307529 6.455664 -3.991524
v 0.710910 6.185297 -4.348516
v 0.070598 6.157121 -4.371093
v 0.419998 6.546835 -4.181742
v 0.686186 6.233795 -4.473400
v 0.312997 6.355213 -4.589785
v 0.461467 6.366366 -4.583261
v 0.523464 6.516306 -4.160985
v 0.166564 6.476662 -4.281865
v 0.583908 6.463963 -4.122339
v 0.633671 5.838977 -4.533968
v 0.390568 6.165815 -4.655251
v 0.694734 5.923272 -4.223640
v 0.188593 5.820662 -4.548913
v 0.697505 6.016409 -4.158856
v 0.286430 5.863474 -4.633499
v 0.647658 6.419549 -4.342377
v 0.605188 6.118604 -4.601151
v 0.188251 6.142399 -4.608515
v 0.209376 6.107137 -4.621120
v 0.417286 6.240058 -3.812679
v 0.492676 6.476295 -4.469189
v 0.320341 6.236012 -3.816218
v 0.431004 6.469797 -4.501608
v 0.341911 6.462967 -4.509309
v 0.708950 6.316191 -4.294260
v 0.702808 6.272435 -4.407115
v 0.422447 6.549246 -4.331771
v 0.416923 5.826975 -4.684621
v 0.229633 6.338752 -4.569187
v 0.280878 6.213580 -4.638783
v 0.091411 6.030057 -4.146178
v 0.265935 6.301138 -3.871449
v 0.456378 6.325483 -3.870806
v 0.674273 6.116686 -4.058335
v 0.649613 6.095067 -4.566515
v 0.116820 6.065762 -4.538112
v 0.076344 6.265598 -4.423602
v 0.097404 5.906906 -4.268993
v 0.710090 5.968822 -4.268665
v 0.489134 5.833024 -4.681261
v 0.545840 5.863802 -4.622836
v 0.102632 6.399978 -4.203778
v 0.404767 6.254184 -4.643390
v 0.679272 6.115865 -4.525527
v 0.500952 6.532825 -4.315245
v 0.685764 6.357529 -4.347147
v 0.227529 6.513291 -4.313486
v 0.610854 6.318776 -3.979121
v 0.163078 6.303690 -3.961617
v 0.225128 6.461357 -4.446049
v 0.588807 6.490126 -4.289289
v 0.148822 6.456643 -4.316051
v 0.662837 6.324042 -4.463824
v 0.492979 6.435391 -3.981545
v 0.544745 6.494671 -4.392048
v 0.276498 6.409355 -3.952662
v 0.613779 5.887038 -4.554203
v 0.204641 5.876957 -4.568545
v 0.073845 6.099053 -4.227559
v 0.121819 6.234723 -3.966815
v 0.621012 6.254606 -3.943198
v 0.371494 5.959906 -4.643853
v 0.450451 5.964289 -4.641665
v 0.365991 6.508756 -4.067905
v 0.567156 6.411085 -4.493051
v 0.631354 6.451741 -4.211845
v 0.672599 6.232400 -4.039681
v 0.120913 6.433806 -4.230224
v 0.301421 6.483015 -4.472971
v 0.594075 6.327833 -4.542460
v 0.547135 6.472836 -4.080604
v 0.575094 5.815917 -4.640387
v 0.212385 6.500296 -4.172466
v 0.176497 6.277905 -4.564119
v 0.190267 6.470377 -4.118689
v 0.257842 5.804246 -4.650951
v 0.247832 5.895641 -4.608767
v 0.425617 5.876837 -4.658097
v 0.654396 6.343651 -4.068882
v 0.090949 6.327761 -4.108451
v 0.371728 6.558849 -4.246482
v 0.074981 6.355168 -4.264917
v 0.580865 5.849169 -4.599495
v 0.256379 5.836071 -4.621662
v 0.321590 6.345673 -3.880936
v 0.256934 6.409137 -4.528753
v 0.398277 6.346471 -3.875808
v 0.398054 6.332506 -4.611212
v 0.512477 6.412302 -4.528287
v 0.648484 6.246252 -3.980730
vn -0.1195 0.4516 0.8842
vn 0.0027 0.8710 -0.4912
vn 0.0051 0.8711 -0.4911
vn 0.0052 0.8711 -0.4911
vn -0.3053 -0.1005 0.9470
vn -0.3311 -0.0161 0.9435
vn -0.7323 0.6735 0.1005
vn -0.7204 0.6874 0.0920
vn -0.1901 0.3747 0.9074
vn -0.2688 0.6227 0.7349
vn -0.3862 0.4364 0.8127
vn -0.3422 0.8980 0.2766
vn -0.4089 0.7373 0.5378
vn -0.4545 0.6761 0.5799
vn -0.2746 0.9576 -0.0876
vn -0.3484 0.7121 0.6095
vn -0.3200 0.9134 0.2517
vn -0.1376 0.9604 -0.2424
vn -0.1877 0.9797 -0.0710
vn -0.2513 0.9652 -0.0720
vn -0.1502 0.5848 0.7972
vn -0.2757 0.9562 0.0980
vn -0.5720 0.7544 -0.3220
vn -0.6197 0.7121 -0.3301
vn -0.2759 0.4719 0.8373
vn -0.2392 0.4878 0.8396
vn -0.0584 0.4047 0.9126
vn -0.1315 0.5753 0.8073
vn -0.2478 0.7763 0.5796
vn -0.3672 0.6892 0.6247
vn -0.1124 0.0224 0.9934
vn -0.1507 -0.0164 0.9884
vn -0.1533 -0.1611 0.9750
vn -0.1205 -0.1093 0.9867
vn -0.0279 -0.7184 0.6951
vn -0.0873 -0.6394 0.7639
vn -0.1008 0.1166 0.9881
vn -0.1128 0.1322 0.9848
vn -0.0129 0.5824 -0.8128
vn 0.0083 0.4202 -0.9074
vn 0.0261 0.4147 -0.9096
vn -0.0525 0.3540 -0.9338
vn -0.3376 -0.1343 0.9316
vn -0.3690 -0.5446 0.7531
vn -0.4298 -0.7247 0.5387
vn -0.3420 0.2934 0.8927
vn -0.3473 0.2644 0.8997
vn -0.3250 0.2304 0.9172
vn -0.3335 -0.0356 0.9421
vn -0.4598 -0.2727 0.8451
vn -0.3538 -0.1192 0.9277
vn -0.3549 -0.0970 0.9299
vn -0.3940 0.4161 0.8195
vn -0.2517 0.3054 -0.9183
vn -0.2343 0.2111 -0.9490
vn -0.5866 0.0908 -0.8048
vn -0.6676 0.0003 -0.7445
vn -0.9592 0.2769 0.0573
vn -0.0960 -0.8850 0.4557
vn 0.4037 0.6142 -0.6780
vn -0.7405 -0.4794 0.4710
vn -0.6438 -0.6426 0.4154
vn -0.9824 -0.0245 0.1849
vn -0.9304 -0.0628 0.3611
vn -0.7177 0.6356 -0.2844
vn -0.0838 0.7451 -0.6616
vn -0.4394 0.4214 -0.7933
vn -0.3681 0.7585 -0.5377
vn -0.1895 0.4789 -0.8572
vn -0.1123 0.4141 -0.9033
vn -0.6879 -0.4282 0.5860
vn 0.0916 0.8156 -0.5713
vn -0.4031 0.7417 -0.5362
vn -0.4065 0.7351 -0.5425
vn -0.4059 0.7362 -0.5415
vn -0.8331 0.4783 -0.2779
vn -0.2538 -0.3532 0.9005
vn -0.9397 -0.1395 0.3123
vn -0.9620 -0.0212 0.2723
vn -0.7989 -0.1539 0.5814
vn -0.7567 -0.2361 0.6096
vn -0.9508 -0.2287 0.2089
vn -0.2975 -0.7263 0.6196
vn -0.2358 -0.7681 0.5953
vn -0.2903 -0.7388 0.6082
vn -0.3934 -0.8792 0.2688
vn -0.6133 -0.7826 -0.1071
vn -0.4830 -0.8444 0.2318
vn -0.4860 -0.8373 0.2505
vn -0.6329 -0.7696 0.0840
vn -0.9141 0.1959 -0.3549
vn -0.9167 0.2779 -0.2873
vn -0.2604 -0.1209 -0.9579
vn -0.8944 0.2281 -0.3848
vn -0.4684 0.3760 -0.7995
vn -0.4954 0.3534 -0.7935
vn -0.7789 -0.5682 -0.2654
vn -0.1124 0.4808 -0.8696
vn -0.1123 0.4808 -0.8696
vn -0.1125 0.4807 -0.8696
vn -0.1120 0.4810 -0.8696
vn -0.0672 -0.0548 -0.9962
vn 0.1327 -0.2961 -0.9459
vn 0.0372 -0.4390 -0.8977
vn -0.6192 -0.7821 0.0702
vn -0.2637 -0.1352 -0.9551
vn -0.6819 0.2982 -0.6678
vn -0.6819 0.2985 -0.6677
vn -0.6817 0.3022 -0.6663
vn -0.1544 -0.4698 0.8692
vn -0.1541 -0.4695 0.8694
vn -0.1542 -0.4696 0.8693
vn -0.3257 -0.4513 0.8309
vn -0.2618 -0.3792 0.8875
vn -0.2618 -0.3784 0.8878
vn -0.2618 -0.3834 0.8857
vn -0.1640 -0.4768 0.8636
vn -0.1225 0.3758 -0.9186
vn -0.0428 0.4390 -0.8975
vn -0.1074 0.1808 -0.9776
vn -0.4750 -0.3971 0.7853
vn -0.5190 -0.4221 0.7433
vn -0.9919 0.0997 0.0787
vn -0.9729 -0.1187 0.1984
vn -0.6225 -0.4591 0.6338
vn -0.9777 -0.1219 0.1709
vn -0.9586 -0.0282 -0.2834
vn -0.8076 0.1017 -0.5810
vn -0.8075 0.1003 -0.5813
vn -0.8072 0.0933 -0.5829
vn -0.3035 0.2423 -0.9215
vn -0.2641 0.2724 -0.9252
vn -0.9279 0.0600 -0.3678
vn -0.9636 0.1832 -0.1949
vn -0.6253 -0.3200 -0.7118
vn -0.6267 -0.3184 -0.7112
vn -0.6245 -0.3209 -0.7121
vn -0.6275 -0.3175 -0.7109
vn 0.1402 -0.8592 0.4920
vn -0.7467 0.6618 -0.0672
vn 0.9607 -0.1585 -0.2280
vn 0.6999 -0.6527 0.2901
vn -0.4258 -0.7556 -0.4977
vn -0.4038 -0.6746 -0.6180
vn -0.4028 -0.6758 -0.6173
vn -0.3980 -0.6819 -0.6137
vn 0.3685 0.5919 -0.7168
vn -0.4213 -0.5573 -0.7155
vn -0.4200 -0.5566 -0.7168
vn -0.4201 -0.5567 -0.7167
vn -0.1692 -0.7823 -0.5995
vn -0.9374 0.0283 0.3472
vn -0.8991 0.0061 0.4376
vn -0.2838 0.8666 -0.4105
vn 0.3882 -0.5692 -0.7248
vn 0.0791 -0.6580 -0.7489
vn -0.1052 -0.6582 0.7455
vn -0.0432 -0.8387 0.5428
vn -0.8530 0.0364 -0.5207
vn -0.7394 -0.1223 -0.6620
vn -0.8447 -0.0693 -0.5307
vn -0.2487 0.2116 -0.9452
vn -0.2482 0.1778 -0.9523
vn -0.2933 0.3861 -0.8746
vn 0.3673 -0.0883 -0.9259
vn 0.3265 -0.1725 -0.9293
vn 0.3386 0.0020 -0.9409
vn 0.3374 -0.6688 -0.6625
vn 0.4364 -0.6047 -0.6663
vn 0.4092 -0.5185 -0.7508
vn 0.4109 -0.5171 -0.7508
vn 0.4087 -0.5189 -0.7508
vn 0.4114 -0.5168 -0.7508
vn 0.1452 -0.9603 -0.2380
vn 0.2436 -0.9496 -0.1974
vn 0.4097 -0.8567 -0.3134
vn -0.8622 -0.5059 -0.0254
vn -0.5667 -0.5607 0.6038
vn -0.8616 -0.4982 -0.0973
vn -0.4732 -0.8449 0.2493
vn -0.0781 -0.9905 0.1130
vn -0.3107 -0.8499 0.4255
vn -0.8698 -0.3542 -0.3436
vn -0.8745 -0.3523 -0.3334
vn -0.8738 -0.3526 -0.3350
vn -0.8688 -0.3546 -0.3457
vn -0.8798 -0.4597 -0.1208
vn 0.6359 0.4061 -0.6563
vn -0.6568 -0.3745 0.6544
vn -0.6571 -0.3692 0.6572
vn -0.6572 -0.3683 0.6576
vn -0.6568 -0.3751 0.6542
vn -0.6102 -0.1850 0.7703
vn -0.2635 0.9293 -0.2587
vn -0.2631 0.9294 -0.2588
vn -0.2737 0.9272 -0.2556
vn -0.3571 0.7716 -0.5263
vn -0.3426 0.9009 -0.2666
vn -0.3151 0.8447 0.4326
vn -0.5076 0.2281 0.8309
vn -0.5042 -0.4873 0.7129
vn -0.3734 -0.3389 0.8636
vn -0.7109 -0.3229 0.6248
vn 0.1200 0.5154 -0.8485
vn -0.9544 -0.1335 0.2671
vn 0.2684 -0.9632 0.0113
vn -0.9846 -0.1252 0.1219
vn -0.4627 -0.1048 -0.8803
vn -0.1022 0.1774 -0.9788
vn 0.0529 0.4051 -0.9127
vn -0.9703 0.0487 -0.2370
vn -0.9984 -0.0348 -0.0452
vn -0.7994 0.3075 0.5161
vn -0.6570 0.6917 -0.2998
vn -0.5652 0.7394 -0.3658
vn -0.5763 -0.6653 0.4746
vn 0.3631 -0.9278 0.0861
vn 0.9498 -0.2398 -0.2009
vn 0.9877 -0.0641 -0.1426
vn 0.6659 0.5164 -0.5385
vn -0.7144 -0.1045 0.6919
vn -0.5824 -0.1382 0.8011
vn -0.4187 -0.8500 0.3197
vn 0.4872 -0.8663 0.1104
vn -0.6949 -0.4214 0.5827
vn -0.5164 -0.4715 0.7149
vn 0.7189 0.3278 -0.6130
vn -0.1825 0.2581 -0.9487
vn 0.4498 0.3728 -0.8116
vn -0.6249 -0.7776 -0.0699
vn 0.7890 -0.4611 -0.4060
vn -0.7710 -0.0272 0.6363
vn -0.5914 -0.4039 0.6979
vn -0.9822 -0.1036 0.1570
vn -0.9753 -0.1331 -0.1763
vn -0.9572 -0.2874 0.0350
vn -0.9968 0.0772 -0.0185
vn -0.6480 -0.0011 -0.7617
vn -0.8953 0.1925 0.4018
vn -0.8984 0.1776 0.4017
vn -0.7094 0.6519 -0.2677
vn -0.3180 -0.7547 0.5739
vn -0.8474 -0.3806 0.3702
vn -0.6471 -0.2764 0.7105
vn -0.7831 -0.2412 0.5733
vn -0.4025 0.7427 -0.5351
vn 0.0219 0.7372 -0.6753
vn -0.5244 -0.5424 0.6564
vn -0.5823 -0.5275 0.6186
vn -0.2022 0.2047 0.9577
vn -0.3756 0.8258 0.4206
vn -0.3674 0.8796 -0.3022
vn -0.1116 0.8960 0.4299
vn -0.0958 0.9005 0.4241
vn -0.3123 0.8568 -0.4103
vn -0.2818 0.7893 -0.5454
vn -0.2328 0.5902 -0.7730
vn 0.0357 0.6998 -0.7135
vn -0.9785 0.1818 -0.0976
vn -0.9764 0.0483 -0.2103
vn -0.9868 0.1570 0.0385
vn -0.9951 -0.0034 -0.0989
vn -0.8977 -0.4225 0.1249
vn -0.9588 -0.2723 0.0808
vn -0.7328 -0.3738 0.5686
vn -0.9504 0.3006 0.0795
vn -0.9521 0.3018 0.0496
vn -0.6015 -0.5531 0.5765
vn -0.7207 -0.4269 0.5462
vn -0.6836 0.6235 -0.3795
vn -0.8956 0.4157 0.1584
vn -0.8958 0.4152 0.1585
vn -0.8955 0.4159 0.1583
vn -0.2853 0.8138 -0.5063
vn -0.5336 0.8012 -0.2709
vn -0.4184 0.7802 0.4649
vn -0.2298 0.4728 0.8507
vn -0.3164 0.7181 0.6199
vn -0.3288 0.7197 0.6115
vn -0.3617 0.8951 -0.2608
vn -0.7317 -0.4660 0.4974
vn 0.2212 0.6121 -0.7592
vn -0.9552 0.2959 -0.0115
vn -0.9649 0.0510 0.2576
vn -0.4745 0.8776 -0.0677
vn -0.4524 0.6663 -0.5928
vn 0.3599 0.2976 -0.8843
vn 0.4006 0.2072 -0.8925
vn 0.7224 0.2509 -0.6443
vn 0.9044 -0.0132 -0.4265
vn -0.5437 0.8302 -0.1232
vn 0.5471 -0.7925 0.2695
vn 0.5472 -0.7924 0.2695
vn 0.5452 -0.7943 0.2679
vn 0.8341 -0.5255 -0.1676
vn 0.7727 -0.6220 -0.1263
vn -0.8496 0.2323 0.4734
vn 0.4132 -0.5606 0.7176
vn -0.4297 0.7067 -0.5621
vn 0.9347 0.1327 -0.3298
vn 0.8789 -0.1409 -0.4557
vn -0.4863 0.7178 -0.4983
vn -0.8902 0.4518 -0.0584
vn -0.1294 0.7908 -0.5983
vn -0.4205 0.6815 -0.5990
vn 0.5656 0.2092 -0.7977
vn 0.4151 0.4757 -0.7755
vn 0.8196 -0.2483 -0.5163
vn -0.6761 0.7026 -0.2218
vn -0.7203 0.6667 -0.1917
vn 0.5306 0.0753 -0.8443
vn 0.4705 0.0932 -0.8774
vn -0.1960 0.6786 -0.7079
vn -0.2383 0.6742 -0.6991
vn -0.9054 0.1583 0.3939
vn -0.8932 0.3397 0.2945
vn 0.3277 -0.7172 0.6149
vn -0.1861 -0.9131 0.3628
vn -0.5479 0.7301 -0.4083
vn -0.9552 0.2524 0.1546
vn 0.6975 0.2224 -0.6812
vn -0.4474 0.8479 -0.2845
vn 0.7048 0.0876 -0.7040
vn -0.2515 0.7901 -0.5590
vn 0.3600 0.5803 -0.7305
vn 0.3891 0.7526 -0.5312
vn 0.7796 -0.5692 -0.2611
vn 0.5492 -0.7905 0.2711
vn -0.1611 -0.7144 0.6809
vn -0.8665 0.4834 -0.1241
vn -0.5986 0.7977 -0.0731
vn 0.6617 -0.7412 -0.1131
vn -0.0534 -0.8900 0.4528
vn 0.1987 0.6145 -0.7635
vn -0.8933 -0.3036 0.3313
vn -0.1885 -0.7964 0.5746
vn -0.6481 0.7600 0.0479
vn -0.6479 0.7601 0.0487
vn -0.6487 0.7597 0.0457
vn -0.6552 0.7395 0.1545
vn -0.6488 0.7596 0.0450
vn 0.6240 -0.7067 0.3335
vn 0.5118 -0.8544 0.0895
vn -0.8415 0.0906 0.5327
vn -0.8593 0.4136 0.3009
vn -0.0539 -0.7727 0.6325
vn -0.0859 -0.7348 0.6728
vn 0.6575 -0.6508 -0.3795
vn 0.7336 -0.6605 -0.1597
vn 0.6801 -0.7201 0.1378
vn 0.9161 -0.1789 -0.3588
vn 0.7113 0.1537 -0.6859
vn 0.6576 0.2146 -0.7221
vn 0.8232 -0.4497 -0.3465
vn 0.8350 -0.4603 -0.3014
vn -0.1655 0.6164 -0.7698
vn 0.3520 -0.7979 0.4894
vn -0.6258 -0.1965 0.7548
vn 0.3894 -0.7810 0.4883
vn -0.6220 -0.0952 0.7772
vn -0.8240 0.3917 0.4095
vn -0.7470 0.6463 -0.1561
vn -0.0424 0.6220 -0.7818
vn 0.5890 0.0107 -0.8081
vn -0.6449 0.7233 -0.2469
vn 0.5335 0.2236 -0.8157
vn -0.1024 0.7398 -0.6649
vn -0.1966 -0.5242 0.8286
vn -0.6012 -0.2040 0.7726
vn -0.7352 0.6456 -0.2066
vn -0.8582 0.4005 0.3212
vn -0.8587 0.3997 0.3207
vn -0.8593 0.3990 0.3201
vn -0.7909 0.5755 -0.2082
vn -0.7273 0.6281 -0.2767
vn 0.5432 -0.0495 -0.8382
vn 0.5119 0.0491 -0.8577
vn -0.2290 0.5499 -0.8032
vn -0.2653 0.5925 -0.7606
vn -0.8076 0.0877 0.5831
vn -0.8069 0.0825 0.5849
vn -0.8079 0.0897 0.5824
vn -0.6473 -0.2497 0.7201
vn -0.2303 -0.5779 0.7830
vn 0.0251 -0.7307 0.6822
vn 0.7702 -0.5672 -0.2917
vn 0.7379 -0.5495 -0.3917
vn -0.5626 -0.2923 0.7734
vn -0.5598 -0.0350 0.8279
vn -0.7218 -0.0595 0.6895
vn -0.7918 -0.1467 0.5929
vn -0.8407 0.0641 0.5378
vn -0.8641 0.3727 0.3383
vn -0.8624 0.3441 0.3713
vn -0.8833 0.3111 0.3506
vn -0.8066 0.0806 0.5855
vn -0.8808 -0.0057 0.4735
vn -0.4236 -0.4338 0.7952
vn 0.1077 -0.5686 0.8155
vn 0.4225 -0.8499 0.3148
vn -0.3669 -0.4997 0.7847
vn -0.3822 -0.5115 0.7696
vn 0.4053 -0.8647 0.2967
vn -0.3487 -0.3142 0.8830
vn -0.4956 -0.1857 0.8485
vn -0.5979 -0.0984 0.7955
vn -0.0185 -0.7905 0.6121
vn 0.0179 -0.5048 0.8631
vn 0.0039 -0.7970 0.6039
vn -0.0369 -0.4813 0.8758
vn 0.6925 -0.7101 0.1272
vn 0.7051 -0.6929 0.1508
vn 0.6774 -0.2538 0.6905
vn 0.1407 -0.2598 0.9553
vn -0.3572 0.2591 0.8974
vn 0.4627 -0.3502 -0.8144
vn -0.1204 -0.0341 -0.9921
vn 0.8900 -0.3892 -0.2376
vn 0.8891 -0.3938 -0.2332
vn 0.8889 -0.3950 -0.2320
vn 0.4582 -0.3417 -0.8205
vn 0.6872 -0.2173 -0.6932
vn 0.5030 0.3133 -0.8055
vn 0.4684 0.5562 -0.6865
vn -0.0588 -0.5891 0.8059
vn 0.7446 -0.0135 -0.6674
vn 0.8278 -0.1231 -0.5474
vn 0.2380 -0.6447 0.7265
vn -0.6834 -0.2158 0.6974
vn -0.6851 -0.2264 0.6924
vn -0.6849 -0.2252 0.6929
vn -0.7680 -0.0821 0.6351
vn -0.7652 -0.3162 0.5607
vn -0.7495 -0.4479 0.4875
vn -0.4979 0.3308 -0.8017
vn -0.0321 0.8477 -0.5296
vn 0.6811 0.2611 -0.6841
vn 0.5067 0.7306 -0.4577
vn 0.9377 -0.1095 -0.3297
vn 0.9364 -0.1128 -0.3323
vn 0.9362 -0.1133 -0.3327
vn 0.4089 -0.2003 0.8903
vn 0.2946 -0.0459 0.9545
vn 0.2463 -0.3362 0.9090
vn 0.3116 -0.3120 0.8975
vn 0.6785 -0.2083 -0.7045
vn 0.8225 -0.4399 -0.3604
vn -0.8861 -0.1671 0.4323
vn -0.9177 -0.0962 0.3855
vn -0.9986 0.0014 -0.0533
vn -0.9915 0.1285 -0.0178
vn -0.9843 0.0994 0.1456
vn -0.7961 0.2929 -0.5296
vn -0.9488 0.3104 0.0582
vn -0.2481 -0.5441 0.8015
vn -0.1987 -0.4291 0.8811
vn 0.8341 -0.0068 -0.5516
vn 0.7182 -0.1741 -0.6737
vn 0.3081 0.3148 -0.8978
vn -0.8668 0.4106 -0.2831
vn -0.7859 0.5154 -0.3417
vn 0.8942 -0.4281 -0.1307
vn -0.8706 0.2249 0.4376
vn -0.7496 -0.0205 0.6616
vn -0.1104 0.8304 -0.5462
vn -0.4974 0.8255 -0.2668
vn -0.0092 0.6991 -0.7150
vn -0.7854 0.0250 0.6185
vn -0.7023 0.1656 0.6924
vn -0.1147 -0.5922 0.7976
vn -0.2283 -0.6956 0.6812
vn -0.2027 -0.3572 0.9118
vn 0.7533 -0.6263 -0.2007
vn 0.7896 -0.5955 -0.1481
vn 0.7859 -0.4439 -0.4304
vn 0.8131 -0.4833 -0.3246
vn 0.7227 -0.6335 -0.2762
vn 0.6426 -0.7655 0.0314
vn 0.7615 -0.4894 -0.4250
vn 0.7450 -0.6050 -0.2809
vn 0.5919 -0.7291 -0.3437
vn 0.2813 -0.2730 0.9200
vn 0.3907 -0.2317 0.8909
vn -0.7554 -0.3025 0.5813
vn -0.2164 0.3501 -0.9114
vn -0.2011 0.1661 -0.9654
vn 0.5964 0.3530 -0.7208
vn 0.5949 0.2862 -0.7511
vn -0.4561 -0.7460 0.4852
vn -0.1058 0.1850 -0.9770
vn -0.6050 -0.7054 0.3693
vn -0.0494 0.3443 -0.9376
vn -0.7148 -0.6889 0.1207
vn -0.0849 0.2241 -0.9709
vn -0.0056 0.5393 -0.8421
vn -0.4560 0.4033 -0.7934
vn 0.9377 -0.3325 -0.1012
vn -0.3710 -0.3928 -0.8415
vn -0.7188 -0.5475 -0.4284
vn -0.7150 -0.5566 -0.4230
vn -0.7150 -0.5568 -0.4229
vn -0.7147 -0.5575 -0.4225
vn 0.3160 -0.3742 0.8718
vn 0.6466 0.2167 -0.7314
vn -0.7133 0.3617 0.6003
vn -0.7472 0.2251 0.6253
vn -0.8482 -0.5237 0.0791
vn -0.9471 0.1829 0.2637
vn -0.8905 0.3633 -0.2740
vn -0.9359 0.2821 -0.2108
vn -0.9400 0.2052 -0.2725
vn -0.6997 0.5563 -0.4483
vn -0.9529 0.1980 -0.2297
vn -0.9514 0.2067 -0.2281
vn -0.9529 0.1984 -0.2294
vn -0.9542 0.2991 0.0034
vn -0.9505 0.3106 -0.0077
vn -0.6146 0.7622 -0.2033
vn -0.7168 0.6698 -0.1939
vn -0.7876 0.6159 -0.0172
vn -0.6828 0.6496 -0.3344
vn -0.8019 0.4755 0.3618
vn -0.8918 0.2971 0.3412
vn -0.7755 0.6075 0.1717
vn -0.8094 0.2649 0.5241
vn -0.9706 0.2405 0.0067
vn -0.9730 0.1838 -0.1399
vn -0.9524 -0.1314 -0.2750
vn -0.9525 -0.1327 -0.2740
vn -0.9530 -0.1411 -0.2682
vn -0.9161 -0.2367 -0.3237
vn -0.9457 0.0511 -0.3209
vn -0.9478 0.0024 -0.3188
vn -0.5760 -0.8102 -0.1087
vn 0.8084 -0.4108 0.4215
vn 0.7150 -0.1022 0.6916
vn 0.7227 -0.3617 0.5889
vn 0.6146 -0.4146 0.6711
vn 0.7926 -0.4778 0.3788
vn 0.7706 -0.4416 0.4595
vn 0.8564 -0.4229 0.2962
vn 0.8180 -0.5034 0.2783
vn -0.7651 0.1405 0.6284
vn -0.9661 0.0215 0.2573
vn -0.6665 -0.1514 0.7300
vn -0.6890 -0.2599 0.6766
vn -0.8058 -0.2097 0.5539
vn 0.2313 -0.9389 -0.2549
vn -0.8077 -0.0653 -0.5859
vn -0.8521 -0.5219 -0.0400
vn -0.0208 -0.5758 -0.8173
vn -0.0801 -0.6749 -0.7336
vn 0.0742 -0.0921 -0.9930
vn 0.1948 0.1116 -0.9745
vn 0.0189 0.2563 -0.9664
vn 0.5352 -0.5580 -0.6342
vn 0.4129 -0.4219 -0.8071
vn 0.9380 -0.1089 -0.3292
vn 0.9740 -0.2186 -0.0595
vn 0.9658 -0.2371 -0.1046
vn 0.8901 -0.3885 -0.2383
vn 0.7222 -0.5143 -0.4625
vn 0.4973 -0.7276 -0.4725
vn 0.5485 -0.7553 -0.3589
vn 0.7402 -0.2740 -0.6140
vn 0.5863 -0.7564 0.2900
vn 0.7120 -0.6501 -0.2654
vn 0.3866 -0.9191 0.0768
vn -0.1005 -0.3053 -0.9469
vn 0.5059 -0.7833 -0.3612
vn 0.2209 -0.3030 -0.9270
vn 0.4062 -0.8476 -0.3415
vn 0.8365 -0.5152 -0.1867
vn 0.5513 -0.6745 -0.4911
vn 0.4113 -0.6632 -0.6253
vn 0.5138 0.4323 -0.7410
vn 0.6363 -0.6938 -0.3372
vn -0.1254 0.8576 -0.4987
vn 0.5317 0.3183 -0.7848
vn 0.5672 -0.6305 -0.5299
vn 0.6663 -0.6801 -0.3059
vn 0.3978 -0.9098 0.1182
vn 0.6351 -0.7086 0.3074
vn 0.6115 -0.6153 -0.4976
vn 0.7395 -0.5830 -0.3365
vn 0.5653 -0.6967 -0.4416
vn -0.7692 0.6145 -0.1753
vn -0.8395 0.2155 0.4988
vn -0.7589 0.6511 0.0090
vn -0.8592 0.3990 0.3201
vn -0.6946 0.7040 -0.1483
vn -0.4339 0.8536 -0.2883
vn -0.8019 0.5771 0.1547
vn -0.5259 0.7692 -0.3629
vn -0.9530 -0.1422 -0.2674
vn -0.7447 -0.3092 0.5915
vn -0.9110 -0.1355 -0.3896
vn -0.4358 0.1651 -0.8848
vn 0.3867 -0.1806 0.9044
vn -0.7199 -0.4298 0.5449
vn 0.6510 0.3844 -0.6545
vn 0.9377 -0.0270 0.3464
vn 0.6427 0.3175 -0.6972
vn -0.4986 0.1813 -0.8476
vn -0.7024 -0.1874 0.6866
vn -0.1507 -0.4695 0.8700
vn -0.9455 0.2633 -0.1916
vn -0.6832 -0.2145 0.6980
vn -0.9756 0.1607 -0.1498
vn -0.0768 0.3583 -0.9304
vn -0.0769 0.3582 -0.9305
vn 0.8088 -0.0008 -0.5881
vn -0.0214 -0.4203 0.9072
vn 0.4055 -0.5633 0.7199
vn 0.9054 -0.2476 0.3449
vn 0.8834 0.0537 0.4656
vn 0.9174 0.1918 0.3487
vn 0.9696 -0.0207 0.2438
vn 0.2369 -0.3624 0.9014
vn 0.8474 -0.5218 0.0984
vn 0.5716 -0.7151 0.4024
vn 0.6725 -0.5873 0.4504
vn -0.3364 -0.4262 0.8398
vn 0.7420 0.2565 -0.6194
vn 0.7463 0.0184 -0.6653
vn 0.4503 -0.5169 0.7280
vn -0.7562 -0.2318 0.6120
vn -0.7570 -0.2426 0.6067
vn -0.7569 -0.2413 0.6073
vn -0.6533 -0.3810 0.6543
vn -0.8571 -0.4393 0.2691
vn -0.8310 -0.5105 0.2209
vn -0.4431 0.4126 -0.7959
vn 0.1314 -0.2924 0.9472
vn 0.2799 -0.4101 0.8680
vn -0.7504 -0.3534 0.5586
vn -0.4163 0.1353 -0.8991
vn -0.4370 0.2024 -0.8764
vn 0.6721 0.4319 -0.6014
vn 0.6319 0.4723 -0.6145
vn -0.2347 0.5595 -0.7949
vn -0.3828 0.5086 -0.7713
vn 0.9141 -0.3932 0.0990
vn -0.1025 -0.3281 -0.9391
vn -0.5036 -0.6880 -0.5225
vn -0.4968 -0.7001 -0.5129
vn 0.0178 -0.2636 0.9645
vn 0.7283 0.4609 -0.5072
vn -0.9379 0.2606 -0.2290
vn -0.9477 0.2658 -0.1767
vn -0.9480 0.2642 -0.1775
vn -0.8981 -0.1962 -0.3937
vn -0.8890 -0.2174 -0.4031
vn -0.9402 0.0805 -0.3310
vn -0.9430 0.0356 -0.3309
vn 0.7093 -0.0494 -0.7032
vn 0.6317 -0.7502 -0.1953
vn 0.9187 -0.3940 -0.0289
vn 0.8471 -0.1102 -0.5200
vn 0.8772 -0.4800 -0.0034
vn 0.9468 0.1219 0.2977
vn -0.9023 -0.2509 -0.3505
vn -0.8381 -0.4330 0.3319
vn -0.8817 -0.1588 -0.4442
vn -0.3632 0.2138 -0.9068
vn 0.1215 -0.3453 0.9306
vn -0.7087 -0.4868 0.5107
vn 0.6630 0.4184 -0.6207
vn 0.9762 -0.0329 0.2143
vn 0.6365 0.5312 -0.5591
vn -0.2377 0.3074 -0.9214
vn -0.7191 -0.2773 0.6371
vn -0.2914 -0.4898 0.8217
vn -0.9407 0.2821 -0.1881
vn -0.7561 -0.2308 0.6125
vn -0.9474 0.2674 -0.1759
vn -0.2631 0.4856 -0.8336
vn 0.0666 0.5663 -0.8215
vn 0.6775 0.2204 -0.7018
vn -0.2301 -0.4212 0.8773
vn 0.3699 -0.5650 0.7375
vn 0.9092 0.1424 0.3912
vn 0.8916 0.1859 0.4130
vn 0.8937 0.2118 0.3956
vn 0.9656 -0.0353 0.2576
vn 0.2501 -0.4516 0.8565
vn 0.9544 -0.2986 0.0061
vn 0.6080 -0.7938 -0.0136
vn 0.7459 -0.6295 0.2177
vn -0.6644 -0.6828 0.3041
vn -0.6191 -0.4439 0.6478
vn 0.7491 0.2853 -0.5979
vn 0.8161 -0.3598 -0.4522
vn 0.2821 -0.5900 0.7565
vn 0.2814 -0.5905 0.7564
vn 0.2850 -0.5881 0.7569
vn -0.7734 -0.3872 0.5019
vn -0.8445 -0.2846 0.4536
vn -0.8497 -0.4354 0.2973
vn -0.8132 -0.5376 0.2228
vn -0.3741 0.5063 -0.7770
vn 0.0987 -0.4111 0.9062
vn 0.1001 -0.4023 0.9100
vn 0.0987 -0.4107 0.9064
vn 0.2743 -0.4517 0.8489
vn -0.7480 -0.3975 0.5315
vn -0.2778 0.3316 -0.9016
vn -0.2679 0.3175 -0.9096
vn -0.2724 0.3170 -0.9085
vn -0.2742 0.3168 -0.9080
vn 0.6717 0.4776 -0.5663
vn 0.6489 0.4987 -0.5747
vn -0.2077 0.6142 -0.7613
vn -0.3269 0.5766 -0.7488
vn 0.9089 -0.4002 0.1171
vn -0.0613 -0.1685 -0.9838
vn -0.5421 -0.6132 -0.5745
vn -0.5866 -0.8022 -0.1119
vn 0.0380 -0.3956 0.9176
vn 0.7264 0.4892 -0.4827
vn -0.9523 0.2058 -0.2252
vn -0.9382 0.3005 -0.1717
vn -0.9375 0.3023 -0.1725
vn -0.9342 0.3102 -0.1765
vn -0.9171 -0.1710 -0.3602
vn -0.9171 -0.1712 -0.3601
vn -0.9171 -0.1719 -0.3596
vn -0.8910 -0.2260 -0.3936
vn -0.9356 0.1402 -0.3241
vn -0.9435 0.0648 -0.3250
vn 0.7640 -0.4183 -0.4912
vn 0.6634 -0.7034 -0.2551
vn 0.9205 -0.3884 -0.0429
vn 0.8462 -0.0363 -0.5316
vn 0.3284 -0.7522 0.5713
vn 0.9539 0.0578 0.2945
vn -0.9171 -0.1721 -0.3595
vn -0.8358 -0.4345 0.3355
vn -0.8829 -0.1421 -0.4476
vn -0.2661 0.3178 -0.9101
vn 0.1002 -0.4017 0.9103
vn -0.7057 -0.5254 0.4753
vn 0.6602 0.4623 -0.5920
vn 0.9744 -0.0793 0.2104
vn 0.6517 0.5524 -0.5198
vn -0.1786 0.4155 -0.8919
vn -0.7246 -0.3409 0.5989
vn -0.4699 -0.6058 0.6420
vn -0.9335 0.3117 -0.1773
vn -0.7725 -0.2769 0.5714
vn -0.9515 0.2057 -0.2287
vn -0.2371 0.5348 -0.8110
vn 0.0672 0.6323 -0.7718
vn 0.7320 0.2782 -0.6219
vn -0.2207 -0.5115 0.8305
vn 0.2857 -0.5876 0.7570
vn 0.9142 0.0680 0.3995
vn 0.8780 0.1561 0.4524
vn 0.8807 0.1815 0.4376
vn 0.9615 -0.0859 0.2612
vn 0.2159 -0.5299 0.8201
vn 0.9597 -0.2798 0.0258
vn 0.4785 -0.8046 0.3517
vn 0.4909 -0.6844 0.5390
vn -0.8655 -0.3462 -0.3621
vn -0.4784 -0.5420 0.6909
vn 0.8006 0.2973 -0.5203
vn 0.6716 0.1908 -0.7159
vn 0.3846 -0.6627 0.6426
vn -0.6725 -0.5368 0.5095
vn -0.8636 -0.2587 0.4328
vn -0.8665 -0.4471 0.2219
vn -0.8393 -0.5200 0.1587
vn -0.1030 0.6018 -0.7920
vn -0.1030 0.6019 -0.7919
vn 0.0253 -0.4695 0.8826
vn 0.5606 -0.5375 0.6299
vn -0.6811 -0.4299 0.5928
vn -0.2478 0.3849 -0.8890
vn -0.2585 0.4579 -0.8506
vn 0.7180 0.3768 -0.5853
vn 0.6090 0.4725 -0.6371
vn -0.0759 0.6209 -0.7802
vn -0.0765 0.6115 -0.7875
vn -0.0764 0.6119 -0.7872
vn 0.8010 -0.5903 0.0998
vn -0.3408 -0.1722 -0.9242
vn -0.6255 -0.4127 -0.6622
vn -0.6011 -0.7796 -0.1760
vn 0.0538 -0.4848 0.8730
vn 0.5285 0.5668 -0.6320
vn -0.7764 0.5122 -0.3672
vn -0.8950 0.3419 -0.2864
vn -0.8837 -0.1246 -0.4512
vn -0.8856 -0.1195 -0.4488
vn -0.8853 -0.1178 -0.4498
vn -0.8835 -0.1251 -0.4515
vn -0.9382 0.1346 -0.3189
vn -0.9363 0.1490 -0.3179
vn 0.7557 0.2512 -0.6048
vn 0.7160 -0.6976 -0.0247
vn 0.7332 -0.6149 -0.2903
vn 0.5834 -0.0801 -0.8083
vn 0.2032 -0.8975 0.3914
vn 0.9793 0.1082 0.1711
vn -0.8852 -0.1163 -0.4505
vn -0.8466 -0.4482 0.2870
vn -0.8759 -0.0581 -0.4790
vn -0.0051 0.4121 -0.9111
vn 0.0414 -0.4093 0.9115
vn -0.6612 -0.4930 0.5654
vn 0.7331 0.4218 -0.5336
vn 0.9438 -0.2529 0.2126
vn 0.6150 0.5011 -0.6088
vn -0.1313 0.4659 -0.8751
vn -0.6681 -0.3939 0.6312
vn -0.5262 -0.4665 0.7110
vn -0.9410 0.2390 -0.2397
vn -0.6590 -0.4053 0.6336
vn -0.9035 0.2760 -0.3279
vn -0.0759 0.6214 -0.7798
vn 0.0433 0.6476 -0.7607
vn 0.6587 0.2539 -0.7083
vn -0.4613 -0.4702 0.7524
vn 0.4639 -0.5439 0.6993
vn 0.9723 0.1101 0.2062
vn 0.9271 0.2134 0.3080
vn 0.9097 0.0697 0.4094
vn 0.9568 -0.2466 0.1542
vn 0.5487 -0.5775 0.6045
vn 0.8934 -0.4492 -0.0017
vn 0.5237 -0.7418 0.4189
vn 0.5221 -0.7252 0.4489
vn 0.0741 0.7002 -0.7101
vn 0.6145 -0.7888 -0.0102
vn -0.6807 0.3671 -0.6339
vn -0.9819 0.1847 -0.0429
vn -0.1623 0.8391 -0.5192
vn -0.4632 0.8031 -0.3748
vn 0.3346 -0.9369 -0.1015
vn -0.2886 -0.7585 0.5842
vn -0.4245 -0.8717 -0.2450
vn 0.1287 -0.3499 -0.9279
vn -0.9327 0.1399 0.3325
vn -0.8319 0.4092 -0.3749
vn -0.8385 -0.0123 0.5448
vn -0.2958 -0.4649 0.8345
vn 0.8339 -0.3842 0.3962
vn -0.0362 -0.5277 0.8487
vn -0.6306 0.5978 -0.4949
vn 0.3646 0.4266 -0.8277
vn 0.4347 0.4364 -0.7878
vn 0.8276 0.0568 -0.5584
vn 0.7854 -0.6172 -0.0477
vn 0.7307 -0.1006 -0.6753
vn -0.8117 -0.2231 0.5397
vn -0.6579 -0.0983 0.7466
vn 0.7621 -0.4668 0.4486
vn 0.7588 -0.5220 -0.3896
vn 0.1883 0.1244 -0.9742
vn 0.4774 -0.5644 -0.6735
vn 0.7284 -0.5380 0.4242
vn 0.8727 -0.2188 -0.4364
vn -0.5641 -0.5949 -0.5726
vn 0.6920 -0.6688 -0.2717
vn -0.5348 -0.6297 -0.5635
vn 0.8731 -0.4873 -0.0143
vn 0.4042 -0.7730 0.4890
vn -0.5053 -0.8475 -0.1626
vn -0.0873 -0.9026 0.4216
vn -0.6218 -0.7693 0.1469
vn -0.8598 0.4478 0.2453
vn -0.3449 0.8051 -0.4825
vn 0.7533 -0.6262 -0.2007
vn -0.7719 0.1161 0.6251
vn -0.9544 0.2494 0.1642
vn -0.6730 -0.1322 0.7277
vn 0.2572 -0.4578 0.8510
vn 0.7367 -0.4748 0.4814
vn 0.3301 -0.3678 0.8693
vn -0.8780 0.4491 0.1657
vn -0.6667 0.6209 -0.4123
vn -0.4098 0.8192 -0.4012
vn -0.9049 0.3847 -0.1821
vn 0.4571 0.6266 -0.6313
vn -0.4605 0.7373 -0.4944
vn 0.2282 0.6603 -0.7155
vn 0.9753 0.1777 -0.1315
vn -0.4507 0.6415 -0.6207
vn 0.3412 0.4446 -0.8282
vn 0.5485 0.7852 -0.2873
vn 0.5175 0.8162 0.2570
vn 0.4440 0.8166 0.3687
vn -0.5867 0.1688 0.7921
vn -0.5988 0.1074 0.7937
vn 0.1873 0.9670 0.1729
vn 0.2390 0.7770 -0.5823
vn 0.4616 0.7399 0.4893
vn 0.2669 0.7070 0.6549
vn 0.5256 0.7342 0.4298
vn 0.4645 0.7583 0.4574
vn -0.7098 0.3319 0.6213
vn -0.6042 0.3789 0.7010
vn 0.1204 0.6603 0.7413
vn 0.1671 0.5146 0.8410
vn -0.3520 0.7685 -0.5343
vn -0.2864 0.5510 -0.7838
vn 0.3026 0.6865 0.6612
vn 0.3623 0.7690 0.5267
vn 0.3291 0.9416 0.0713
vn -0.4588 -0.0442 0.8875
vn -0.4764 0.0822 0.8754
vn 0.7825 -0.6224 -0.0155
vn -0.8966 0.1371 0.4211
vn 0.2597 -0.7340 0.6275
vn -0.0135 0.6391 -0.7690
vn 0.2513 0.7356 -0.6291
vn -0.6128 0.7640 -0.2017
vn -0.6922 0.6818 -0.2366
vn 0.9338 -0.1454 -0.3269
vn 0.6583 0.2741 -0.7010
vn 0.5012 0.4453 -0.7420
vn 0.6597 0.4424 -0.6075
vn 0.8875 -0.4570 0.0584
vn -0.0405 0.7842 -0.6191
vn -0.7912 0.6068 -0.0765
vn 0.8565 -0.0161 -0.5160
vn -0.3315 -0.6382 -0.6948
vn -0.3313 -0.6412 -0.6922
vn -0.3315 -0.6385 -0.6946
vn -0.0902 -0.6503 -0.7543
vn -0.3078 -0.5488 -0.7773
vn -0.3498 -0.2395 -0.9057
vn -0.4664 -0.7161 -0.5194
vn -0.1886 -0.5183 -0.8341
vn -0.5639 -0.6685 -0.4850
vn -0.1732 -0.3940 -0.9027
vn -0.6399 0.3312 -0.6934
vn -0.6398 0.3316 -0.6933
vn -0.6395 0.3335 -0.6927
vn -0.8071 0.0919 -0.5832
vn -0.9653 -0.0161 -0.2606
vn -0.3518 -0.3454 0.8700
vn -0.2618 -0.3842 0.8854
vn -0.3247 -0.4207 0.8471
vn -0.6494 -0.2245 0.7266
vn -0.9865 0.1222 0.1086
vn -0.9476 -0.1519 0.2811
vn -0.9251 0.1315 -0.3563
vn -0.0366 0.4092 -0.9117
vn -0.1099 0.1571 -0.9814
vn -0.1130 0.1510 -0.9821
vn -0.1136 0.1497 -0.9822
vn -0.1094 0.1581 -0.9813
vn -0.6817 0.3028 -0.6661
vn -0.5755 0.4239 -0.6993
vn -0.1199 -0.3741 0.9196
vn -0.0656 -0.3325 0.9408
vn -0.3586 -0.2673 0.8944
vn -0.5081 -0.3742 0.7758
vn 0.8716 -0.4664 0.1510
vn 0.7658 -0.6307 0.1256
vn 0.2699 0.7600 -0.5912
vn 0.3268 0.6062 -0.7251
vn -0.6042 0.7893 -0.1095
vn -0.5806 0.7544 -0.3062
vn 0.9510 -0.1126 -0.2880
vn 0.9376 -0.1788 -0.2982
vn -0.1916 -0.6134 -0.7662
vn -0.6701 -0.4575 -0.5845
vn -0.3992 -0.3589 -0.8437
vn -0.3700 -0.0878 -0.9249
vn -0.2821 -0.5611 -0.7782
vn -0.3972 -0.6829 -0.6131
vn -0.5024 -0.7354 -0.4548
vn -0.5393 -0.4779 -0.6934
vn 0.3533 -0.8850 -0.3031
vn -0.2432 -0.7805 -0.5759
vn -0.2428 -0.7794 -0.5776
vn -0.2427 -0.7790 -0.5782
vn -0.2433 -0.7809 -0.5754
vn -0.3312 -0.6417 -0.6918
vn -0.4188 -0.5559 -0.7180
vn 0.3113 -0.4433 -0.8406
vn -0.1295 -0.4934 -0.8601
vn -0.9500 0.2309 0.2100
vn -0.9396 0.2293 0.2541
vn 0.2401 -0.7111 0.6608
vn 0.0719 -0.7869 0.6128
vn -0.4772 -0.3637 0.8000
vn -0.6906 -0.3809 0.6148
vn 0.7255 0.2220 -0.6514
vn -0.0385 0.4271 -0.9034
vn -0.1742 0.3227 -0.9303
vn -0.1744 0.3227 -0.9303
vn -0.1737 0.3227 -0.9304
vn -0.1828 0.4078 -0.8946
vn -0.1734 0.3228 -0.9305
vn -0.4092 0.1934 -0.8917
vn -0.3074 0.1265 -0.9431
vn -0.1325 0.5867 -0.7989
vn -0.1812 0.6758 -0.7145
vn -0.3002 0.7199 -0.6258
vn -0.2961 0.3814 -0.8757
vn -0.2742 0.8639 -0.4224
vn -0.3114 0.9310 -0.1906
vn -0.4197 0.4470 -0.7900
vn -0.6394 0.3340 -0.6925
vn -0.4543 -0.0521 -0.8893
vn -0.6862 0.2961 -0.6644
vn -0.2564 0.4395 -0.8609
vn -0.4983 0.2236 -0.8377
vn -0.3976 0.3153 -0.8617
vn -0.4646 0.2335 -0.8542
vn -0.2370 0.4019 -0.8845
vn -0.5142 0.2149 -0.8303
vn -0.0264 0.9695 -0.2437
vn -0.2454 0.9044 -0.3492
vn 0.0395 0.4939 -0.8686
vn 0.1604 0.5781 -0.8001
vn -0.0023 0.6797 -0.7335
vn 0.1724 0.4508 -0.8758
vn 0.0842 0.4221 -0.9026
vn -0.0067 0.3173 -0.9483
vn 0.0699 0.2891 -0.9548
vn 0.1649 0.3549 -0.9202
vn -0.1653 0.4772 -0.8631
vn -0.1067 0.3769 -0.9201
vn -0.1818 0.2354 -0.9547
vn 0.0911 0.1847 -0.9786
vn 0.0975 0.1887 -0.9772
vn 0.0901 0.1841 -0.9788
vn 0.0986 0.1894 -0.9769
vn 0.0888 0.4734 -0.8764
vn -0.0492 0.1480 -0.9878
vn -0.0376 0.1394 -0.9895
vn 0.0772 0.4300 -0.8995
vn 0.1734 0.5044 -0.8459
vn -0.2740 0.9272 -0.2555
vn -0.7413 -0.2907 0.6049
vn -0.7623 -0.4578 0.4576
vn -0.7336 -0.4145 0.5386
vn -0.7715 -0.2732 0.5747
vn -0.3124 -0.3227 0.8934
vn -0.3126 -0.3252 0.8925
vn -0.3131 -0.3308 0.8903
vn -0.1396 -0.3228 0.9361
vn -0.1188 -0.3445 0.9312
vn -0.3217 -0.5355 0.7809
vn -0.4667 -0.3644 0.8058
vn -0.9928 -0.0869 -0.0824
vn -0.7247 -0.3364 0.6014
vn -0.7246 -0.3363 0.6015
vn -0.7237 -0.3353 0.6032
vn -0.9759 -0.0735 0.2055
vn -0.9798 -0.0249 0.1982
vn -0.5836 -0.2409 0.7755
vn -0.6335 -0.2519 0.7316
vn -0.4423 -0.8502 0.2854
vn -0.7236 -0.3351 0.6034
vn -0.7226 -0.4548 0.5206
vn -0.7598 -0.3727 0.5327
vn -0.7071 -0.4084 0.5773
vn -0.7230 -0.3224 0.6111
vn -0.1141 -0.2981 0.9477
vn -0.0738 -0.2348 0.9692
vn -0.3755 -0.3602 0.8540
vn -0.4171 -0.2604 0.8708
vn -0.1618 -0.2212 0.9617
vn -0.9971 -0.0522 0.0556
vn -0.8968 0.0231 0.4418
vn -0.8906 0.1009 0.4435
vn -0.5706 -0.4805 0.6660
vn -0.5871 -0.2653 0.7648
vn -0.6903 0.6299 -0.3560
vn -0.4794 0.8265 0.2951
vn -0.3445 0.9064 0.2446
vn -0.9744 0.2089 0.0836
vn -0.9603 0.2546 0.1144
vn -0.9602 0.2546 0.1149
vn -0.9610 0.2555 0.1059
vn -0.9602 0.2545 0.1151
vn -0.8190 0.5208 0.2409
vn -0.8190 0.5208 0.2408
vn -0.8154 0.5219 0.2505
vn -0.8191 0.5208 0.2406
vn -0.8241 0.3064 0.4765
vn -0.9662 0.0651 0.2495
vn -0.8961 0.4145 0.1586
vn -0.3477 0.7118 0.6103
vn -0.4052 0.6319 0.6607
vn -0.0985 0.7846 0.6121
vn -0.9505 0.0607 0.3049
vn -0.3501 0.8103 0.4699
vn -0.9071 0.0079 0.4209
vn -0.9205 0.2859 0.2663
vn -0.8580 0.4329 0.2765
vn -0.1192 0.1860 0.9753
vn -0.1020 0.1944 0.9756
vn -0.0902 0.1470 0.9850
vn -0.1443 -0.2017 0.9688
vn -0.4307 0.0972 0.8973
vn -0.4753 0.1251 0.8709
vn -0.8366 0.1443 0.5284
vn -0.0114 0.6939 -0.7200
vn -0.0077 0.6959 -0.7181
vn -0.0119 0.6937 -0.7202
vn -0.0073 0.6961 -0.7179
vn 0.0158 0.5985 -0.8010
vn 0.0274 0.6966 -0.7170
vn -0.2614 -0.3246 0.9090
vn -0.2322 0.0194 0.9725
vn -0.3173 -0.2036 0.9262
vn -0.8881 -0.4125 0.2029
vn -0.9632 0.0675 0.2603
vn -0.8984 0.2439 0.3652
vn -0.6455 -0.0617 0.7613
vn -0.6262 -0.1305 0.7686
vn -0.6191 -0.3286 0.7132
vn -0.9441 -0.0314 -0.3282
vn -0.8789 0.3376 -0.3369
vn -0.8798 0.3074 -0.3625
vn -0.5909 0.2738 -0.7589
vn -0.2859 -0.4420 0.8503
vn -0.3357 -0.2043 0.9196
vn -0.3133 -0.3332 0.8893
vn -0.7551 0.1294 0.6427
vn -0.7325 -0.0698 0.6772
vn -0.7593 -0.2592 0.5969
vn 0.0189 0.4574 0.8891
vn 0.0076 0.8712 -0.4910
vn 0.2455 -0.0773 0.9663
vn 0.2643 0.0089 0.9644
vn 0.6404 0.7609 0.1045
vn 0.6410 0.7603 0.1050
vn 0.6404 0.7609 0.1046
vn 0.6397 0.7616 0.1040
vn 0.0939 0.3866 0.9174
vn 0.1607 0.6838 0.7118
vn 0.3077 0.4548 0.8358
vn 0.2292 0.9388 0.2571
vn 0.3200 0.7831 0.5332
vn 0.3593 0.7391 0.5698
vn 0.1908 0.9778 -0.0870
vn 0.2275 0.7662 0.6010
vn 0.2031 0.9527 0.2259
vn 0.0745 0.9687 -0.2369
vn 0.1235 0.9869 -0.1035
vn 0.2191 0.9703 -0.1025
vn 0.0321 0.5990 0.8001
vn 0.0328 0.5995 0.7997
vn 0.0319 0.5989 0.8002
vn 0.1775 0.9794 0.0960
vn 0.5163 0.8042 -0.2946
vn 0.5668 0.7677 -0.2989
vn 0.1760 0.4909 0.8532
vn 0.1380 0.5036 0.8528
vn -0.0399 0.4055 0.9132
vn 0.0330 0.5996 0.7996
vn 0.1374 0.8218 0.5530
vn 0.2800 0.7378 0.6143
vn 0.0400 0.0296 0.9988
vn 0.0848 -0.0082 0.9964
vn 0.0998 -0.1500 0.9836
vn 0.0665 -0.1071 0.9920
vn 0.0339 -0.7124 0.7009
vn 0.0829 -0.6366 0.7667
vn 0.0211 0.1217 0.9923
vn 0.0320 0.1383 0.9899
vn 0.0383 0.5905 -0.8061
vn 0.0018 0.4208 -0.9072
vn 0.0057 0.4225 -0.9064
vn 0.0047 0.4220 -0.9066
vn 0.0007 0.4203 -0.9074
vn 0.0688 0.3528 -0.9332
vn 0.2769 -0.1125 0.9543
vn 0.3541 -0.5200 0.7773
vn 0.4531 -0.6980 0.5544
vn 0.2527 0.3184 0.9136
vn 0.2600 0.2899 0.9210
vn 0.2394 0.2542 0.9371
vn 0.2943 -0.0115 0.9556
vn 0.4228 -0.2341 0.8755
vn 0.3086 -0.0778 0.9480
vn 0.3078 -0.0455 0.9504
vn 0.3242 0.4173 0.8490
vn 0.2651 0.3159 -0.9110
vn 0.2604 0.2472 -0.9333
vn 0.5834 0.1070 -0.8051
vn 0.6599 0.0285 -0.7508
vn 0.7097 0.6111 0.3505
vn 0.3661 -0.8395 0.4014
vn -0.4567 0.5281 -0.7159
vn 0.7430 -0.2356 0.6264
vn 0.7389 -0.4268 0.5214
vn 0.8286 0.3241 0.4565
vn 0.7588 0.2364 0.6069
vn 0.4247 0.9052 -0.0183
vn 0.0691 0.7556 -0.6514
vn 0.3834 0.5116 -0.7689
vn 0.1038 0.9223 -0.3722
vn 0.1022 0.9225 -0.3721
vn 0.1047 0.9223 -0.3719
vn 0.2067 0.5237 -0.8265
vn 0.1248 0.4326 -0.8929
vn 0.6392 -0.2362 0.7319
vn -0.3253 0.7937 -0.5141
vn 0.1007 0.9241 -0.3685
vn 0.5909 0.8067 0.0092
vn 0.2329 -0.2077 0.9501
vn 0.8815 -0.1566 0.4455
vn 0.9275 0.0020 0.3737
vn 0.7615 -0.1787 0.6231
vn 0.7450 -0.2083 0.6337
vn 0.9813 0.0173 0.1915
vn 0.0580 -0.7543 0.6540
vn 0.2412 -0.6396 0.7299
vn 0.0846 -0.7154 0.6936
vn 0.4082 -0.7696 0.4910
vn 0.6081 -0.6651 -0.4334
vn 0.6626 -0.7027 0.2590
vn 0.6640 -0.6058 0.4383
vn 0.7912 -0.6111 0.0240
vn 0.9129 0.1829 -0.3649
vn 0.8938 0.0731 -0.4425
vn 0.4354 -0.3865 -0.8131
vn 0.9342 0.1321 -0.3313
vn 0.5579 0.3728 -0.7415
vn 0.5313 0.3984 -0.7476
vn 0.5777 -0.7011 -0.4180
vn 0.0518 0.5090 -0.8592
vn 0.1266 0.4782 -0.8691
vn 0.1331 -0.2183 -0.9668
vn 0.0506 -0.3450 -0.9373
vn 0.1405 -0.4345 -0.8897
vn 0.7181 -0.6923 -0.0710
vn 0.4092 -0.2584 -0.8751
vn 0.7687 0.2027 -0.6067
vn 0.1427 -0.4709 0.8706
vn 0.1425 -0.4707 0.8707
vn 0.1424 -0.4706 0.8708
vn 0.3102 -0.4522 0.8362
vn 0.2449 -0.3809 0.8916
vn 0.1514 -0.4772 0.8657
vn 0.1368 0.3737 -0.9174
vn 0.1284 0.3745 -0.9183
vn 0.1391 0.3735 -0.9171
vn 0.0941 0.4097 -0.9073
vn 0.1327 0.1845 -0.9738
vn 0.4535 -0.4079 0.7924
vn 0.4961 -0.4298 0.7544
vn 0.9835 -0.0172 0.1801
vn 0.9562 -0.1463 0.2537
vn 0.6093 -0.4640 0.6431
vn 0.9610 -0.1486 0.2334
vn 0.9610 -0.1501 0.2323
vn 0.9610 -0.1501 0.2322
vn 0.9587 -0.0590 -0.2781
vn 0.9587 -0.0590 -0.2783
vn 0.9589 -0.0588 -0.2777
vn 0.7898 0.0702 -0.6093
vn 0.3065 0.2459 -0.9196
vn 0.2801 0.2665 -0.9223
vn 0.9213 -0.0205 -0.3883
vn 0.9658 0.0907 -0.2427
vn 0.8440 0.0750 -0.5310
vn 0.8477 0.0898 -0.5229
vn 0.1572 -0.9221 0.3535
vn 0.3890 0.8994 0.1994
vn -0.6790 -0.4677 -0.5659
vn -0.3150 -0.9484 0.0353
vn 0.8077 -0.4238 -0.4099
vn 0.7817 -0.3367 -0.5250
vn 0.7788 -0.3463 -0.5230
vn 0.7812 -0.3383 -0.5247
vn -0.4086 0.5268 -0.7453
vn 0.7697 -0.2058 -0.6043
vn 0.7687 -0.2054 -0.6057
vn 0.7686 -0.2054 -0.6059
vn 0.6176 -0.5283 -0.5827
vn 0.7294 0.3240 0.6025
vn 0.6846 0.2722 0.6762
vn -0.0609 0.9648 -0.2558
vn 0.0692 -0.5229 -0.8496
vn 0.3947 -0.4789 -0.7841
vn 0.2172 -0.6804 0.6999
vn 0.2926 -0.8330 0.4696
vn 0.8514 0.4610 -0.2501
vn 0.8517 0.3002 -0.4294
vn 0.8911 0.3636 -0.2716
vn 0.3453 0.4643 -0.8156
vn 0.3608 0.4349 -0.8250
vn 0.2942 0.6259 -0.7222
vn -0.0716 -0.0487 -0.9962
vn 0.0006 -0.1083 -0.9941
vn -0.0813 0.0467 -0.9956
vn 0.1401 -0.6105 -0.7796
vn 0.0271 -0.5902 -0.8068
vn 0.0338 -0.4861 -0.8733
vn 0.0344 -0.4862 -0.8732
vn 0.0318 -0.4856 -0.8736
vn 0.0312 -0.4854 -0.8737
vn 0.3346 -0.8785 -0.3409
vn 0.2345 -0.9146 -0.3295
vn 0.0762 -0.8734 -0.4810
vn 0.9757 -0.1176 0.1850
vn 0.5954 -0.3994 0.6971
vn 0.9884 -0.0974 0.1167
vn 0.7155 -0.6258 0.3105
vn 0.4624 -0.8849 0.0561
vn 0.5348 -0.7263 0.4318
vn 0.9912 0.0808 -0.1046
vn 0.9918 0.0818 -0.0979
vn 0.9919 0.0819 -0.0968
vn 0.9911 0.0805 -0.1062
vn 0.9934 -0.0512 0.1024
vn -0.5614 0.2513 -0.7885
vn 0.5690 -0.1966 0.7985
vn 0.5806 -0.2153 0.7852
vn 0.5123 -0.1345 0.8482
vn 0.2176 0.9404 -0.2614
vn 0.2244 0.9394 -0.2592
vn 0.2170 0.9405 -0.2616
vn 0.1228 0.9174 -0.3786
vn 0.1234 0.9170 -0.3792
vn 0.1264 0.9152 -0.3826
vn 0.0955 0.9894 -0.1089
vn 0.0864 0.9035 0.4198
vn 0.4018 0.2735 0.8739
vn 0.4543 -0.4581 0.7641
vn 0.3328 -0.3116 0.8900
vn 0.6328 -0.3070 0.7109
vn -0.1630 0.5311 -0.8315
vn 0.9043 -0.1346 0.4051
vn 0.1203 -0.9916 -0.0473
vn 0.9639 -0.2176 0.1534
vn 0.2963 -0.1386 -0.9450
vn -0.0137 0.1670 -0.9859
vn -0.0438 0.4179 -0.9074
vn 0.9628 -0.0410 -0.2673
vn 0.9569 -0.1757 -0.2313
vn 0.9567 -0.1764 -0.2314
vn 0.9558 -0.1804 -0.2321
vn 0.4881 0.4905 0.7219
vn 0.3312 0.9418 -0.0575
vn 0.2777 0.9450 -0.1726
vn 0.7120 -0.3986 0.5781
vn 0.1604 -0.9836 -0.0821
vn -0.4663 -0.6346 -0.6163
vn -0.6417 -0.4879 -0.5918
vn -0.6104 0.3899 -0.6895
vn 0.4147 -0.0470 0.9087
vn 0.5454 0.0422 0.8371
vn 0.6027 -0.7087 0.3667
vn -0.0245 -0.9950 -0.0966
vn 0.4928 -0.3769 0.7842
vn 0.6318 -0.2828 0.7217
vn -0.5152 0.1141 -0.8495
vn 0.0316 0.3875 -0.9213
vn -0.3518 0.3350 -0.8741
vn 0.4708 -0.8822 0.0001
vn -0.1767 -0.6926 -0.6993
vn 0.6509 -0.0327 0.7585
vn 0.5465 -0.3334 0.7683
vn 0.9588 -0.1779 0.2214
vn 0.9627 -0.1615 -0.2173
vn 0.9347 -0.3400 0.1034
vn 0.9555 -0.1817 -0.2324
vn 0.5094 0.0144 -0.8604
vn 0.6092 0.4528 0.6511
vn 0.6241 0.4332 0.6502
vn 0.3783 0.9255 0.0194
vn 0.4465 -0.6774 0.5847
vn 0.6100 -0.5542 0.5663
vn 0.5234 -0.1346 0.8414
vn 0.6568 -0.0318 0.7534
vn 0.0999 0.9245 -0.3679
vn -0.2088 0.7686 -0.6047
vn 0.5733 -0.3910 0.7200
vn 0.5368 -0.4183 0.7328
vn -0.0810 0.1334 0.9877
vn -0.0080 0.8263 0.5632
vn 0.3158 0.9037 -0.2892
vn -0.0116 0.9060 0.4231
vn -0.0640 0.9109 0.4076
vn 0.1267 0.9151 -0.3829
vn 0.0042 0.9181 -0.3963
vn 0.1335 0.7309 -0.6693
vn -0.1918 0.7299 -0.6561
vn 0.9511 -0.1334 -0.2787
vn 0.9769 -0.0430 -0.2093
vn 0.9802 -0.1630 0.1123
vn 0.9774 -0.1933 0.0860
vn 0.8563 -0.4632 0.2285
vn 0.9017 -0.3773 0.2110
vn 0.6674 -0.1629 0.7266
vn 0.6784 0.6298 0.3784
vn 0.6873 0.6379 0.3473
vn 0.6226 -0.3888 0.6791
vn 0.6846 -0.2095 0.6981
vn 0.4009 0.9071 -0.1281
vn 0.5596 0.7053 0.4352
vn -0.0080 0.9297 -0.3681
vn 0.1715 0.9838 -0.0525
vn -0.0185 0.8323 0.5540
vn 0.1099 0.4661 0.8779
vn 0.2194 0.7528 0.6206
vn 0.1683 0.7411 0.6500
vn 0.0715 0.9902 -0.1197
vn 0.7434 -0.2394 0.6245
vn -0.2838 0.6146 -0.7361
vn 0.7094 0.6420 0.2908
vn 0.7642 0.3720 0.5268
vn 0.5766 0.8087 0.1167
vn 0.6205 0.6877 -0.3768
vn -0.0053 -0.0294 -0.9996
vn 0.1299 0.6378 -0.7592
vn -0.5029 0.3796 -0.7765
vn -0.7199 -0.2052 -0.6630
vn 0.6681 0.7351 0.1152
vn -0.7522 -0.6494 -0.1118
vn -0.6429 -0.5468 -0.5364
vn -0.6464 -0.5160 -0.5621
vn 0.3787 0.2213 0.8987
vn -0.9036 -0.3009 0.3050
vn 0.2573 0.8894 -0.3779
vn -0.7669 -0.1312 -0.6282
vn -0.6107 -0.3541 -0.7083
vn 0.2300 0.9357 -0.2674
vn 0.5862 0.7461 0.3158
vn 0.6430 0.6431 -0.4159
vn 0.6333 0.6844 -0.3613
vn 0.1157 0.1384 -0.9836
vn 0.2074 0.2985 -0.9316
vn -0.4478 -0.4349 -0.7812
vn 0.7822 0.5782 0.2320
vn 0.7891 0.5437 0.2859
vn 0.1551 -0.0185 -0.9877
vn 0.2252 -0.0130 -0.9742
vn 0.7280 0.5198 -0.4471
vn 0.7531 0.5126 -0.4124
vn 0.4566 0.1291 0.8802
vn 0.5459 0.2905 0.7859
vn -0.7748 -0.5602 0.2932
vn 0.4695 -0.8368 0.2816
vn 0.2559 0.9515 -0.1706
vn 0.6893 0.5653 0.4531
vn -0.5603 0.0927 -0.8231
vn 0.0878 0.9944 -0.0590
vn -0.3048 -0.0887 -0.9483
vn 0.6904 0.6407 -0.3359
vn -0.4002 0.5814 -0.7084
vn -0.5070 0.6656 -0.5476
vn -0.5150 -0.6159 -0.5961
vn -0.7361 -0.6678 -0.1103
vn -0.4510 -0.5970 0.6635
vn 0.6940 0.6938 0.1926
vn 0.6739 0.6806 0.2876
vn -0.2083 -0.9047 -0.3718
vn 0.3785 -0.8705 0.3146
vn -0.2670 0.6247 -0.7338
vn 0.8392 -0.0272 0.5431
vn 0.4247 -0.8129 0.3985
vn 0.6405 0.6688 0.3774
vn 0.6399 0.6691 0.3779
vn 0.6408 0.6687 0.3771
vn 0.4885 0.6652 0.5647
vn 0.6396 0.6693 0.3781
vn -0.3800 -0.9121 0.1539
vn -0.0369 -0.9876 -0.1529
vn 0.7702 0.0826 0.6324
vn 0.5017 0.6479 0.5731
vn 0.0410 -0.9189 0.3923
vn 0.0446 -0.7980 0.6010
vn -0.3761 -0.6346 -0.6751
vn -0.5756 -0.5973 -0.5585
vn -0.2854 -0.9477 -0.1426
vn -0.6564 -0.4454 -0.6089
vn -0.5333 -0.0082 -0.8459
vn 0.0094 0.1525 -0.9883
vn -0.4818 -0.4147 -0.7720
vn -0.5213 -0.4160 -0.7451
vn 0.7325 0.4513 -0.5096
vn -0.7287 -0.6585 0.1880
vn -0.0505 -0.1257 0.9908
vn -0.7527 -0.6383 0.1616
vn -0.0480 -0.0223 0.9986
vn 0.4311 0.3689 0.8235
vn 0.7825 0.5271 0.3315
vn 0.6493 0.4676 -0.5998
vn 0.0759 -0.0694 -0.9947
vn 0.7789 0.5973 0.1913
vn 0.1634 0.1320 -0.9777
vn 0.6426 0.5971 -0.4802
vn -0.4816 -0.3887 0.7855
vn -0.0816 -0.1274 0.9885
vn 0.8057 0.5188 0.2858
vn 0.5145 0.3584 0.7790
vn 0.5157 0.3566 0.7790
vn 0.5151 0.3575 0.7790
vn 0.8347 0.4441 0.3257
vn 0.8409 0.4903 0.2290
vn 0.1176 -0.1384 -0.9834
vn 0.1725 -0.0485 -0.9838
vn 0.7884 0.3737 -0.4888
vn 0.7966 0.4191 -0.4357
vn 0.2496 0.1034 0.9628
vn 0.2506 0.1052 0.9624
vn 0.2469 0.0986 0.9640
vn -0.0226 -0.1861 0.9823
vn -0.4377 -0.4527 0.7768
vn -0.5940 -0.5933 0.5433
vn -0.4997 -0.5257 -0.6884
vn -0.4087 -0.5293 -0.7435
vn -0.1281 -0.2097 0.9693
vn -0.1186 0.0848 0.9893
vn 0.0893 -0.0131 0.9959
vn 0.1861 -0.1228 0.9748
vn 0.2985 0.0689 0.9519
vn 0.5129 0.3237 0.7951
vn 0.4748 0.3116 0.8231
vn 0.4972 0.2734 0.8234
vn 0.2459 0.0969 0.9644
vn 0.3558 -0.0149 0.9344
vn -0.2732 -0.3298 0.9037
vn -0.7096 -0.3382 0.6181
vn -0.6805 -0.7326 0.0139
vn -0.3216 -0.3902 0.8627
vn -0.3029 -0.4060 0.8622
vn -0.6589 -0.7521 0.0125
vn -0.3852 -0.1488 0.9108
vn -0.2221 -0.0567 0.9734
vn 0.0542 -0.1975 0.9788
vn -0.0852 -0.9620 0.2594
vn -0.6402 -0.2807 0.7151
vn -0.6380 -0.2797 0.7174
vn -0.6387 -0.2800 0.7167
vn -0.5413 -0.6741 0.5026
vn -0.6409 -0.2810 0.7143
vn -0.7358 -0.6004 -0.3133
vn -0.7569 -0.5781 -0.3050
vn -0.9943 -0.0566 0.0907
vn -0.7629 -0.0723 0.6424
vn -0.2535 0.3734 0.8924
vn 0.1044 -0.4370 -0.8934
vn 0.7142 -0.2197 -0.6645
vn -0.5892 -0.3294 -0.7378
vn -0.5931 -0.3342 -0.7325
vn -0.5923 -0.3332 -0.7336
vn 0.1132 -0.4302 -0.8956
vn -0.1147 -0.2621 -0.9582
vn 0.1971 0.2183 -0.9558
vn 0.1943 0.4734 -0.8592
vn -0.5826 -0.4417 0.6822
vn -0.1345 -0.0521 -0.9895
vn -0.2942 -0.1297 -0.9469
vn -0.7646 -0.4790 0.4312
vn 0.0253 -0.1607 0.9867
vn 0.0275 -0.1709 0.9849
vn 0.0278 -0.1722 0.9847
vn 0.1540 -0.0496 0.9868
vn 0.1539 -0.2915 0.9441
vn 0.1632 -0.4316 0.8872
vn 0.9458 0.1313 -0.2970
vn 0.5249 0.7337 -0.4314
vn -0.0233 0.2071 -0.9780
vn 0.0540 0.6882 -0.7235
vn -0.5121 -0.0667 -0.8563
vn -0.5098 -0.0711 -0.8573
vn -0.5101 -0.0705 -0.8572
vn -0.9104 0.0027 0.4137
vn -0.8359 0.1531 0.5271
vn -0.8271 -0.1442 0.5432
vn -0.8640 -0.1156 0.4901
vn -0.0992 -0.2562 -0.9615
vn -0.4705 -0.4077 -0.7826
vn 0.3548 -0.1807 0.9173
vn 0.4218 -0.1228 0.8983
vn 0.7802 -0.1126 0.6153
vn 0.7770 0.0188 0.6292
vn 0.6621 0.0197 0.7492
vn 0.9882 0.1106 0.1057
vn 0.7320 0.2146 0.6467
vn -0.4297 -0.4182 0.8003
vn -0.4949 -0.2866 0.8203
vn -0.2737 -0.0158 -0.9617
vn -0.1419 -0.2132 -0.9667
vn 0.4017 0.1832 -0.8973
vn 0.9071 0.2616 0.3298
vn 0.9042 0.3624 0.2259
vn -0.6679 -0.3483 -0.6578
vn 0.4157 0.2057 0.8859
vn 0.1354 0.0173 0.9906
vn 0.5906 0.7057 -0.3914
vn 0.7011 0.7093 0.0730
vn 0.5969 0.5582 -0.5763
vn 0.1983 0.0505 0.9788
vn 0.1165 0.2098 0.9708
vn -0.5361 -0.4521 0.7129
vn -0.3973 -0.5856 0.7065
vn -0.4975 -0.2112 0.8414
vn -0.5565 -0.5693 -0.6052
vn -0.5564 -0.5693 -0.6052
vn -0.6110 -0.5262 -0.5914
vn -0.3995 -0.4276 -0.8109
vn -0.4946 -0.4448 -0.7467
vn -0.4871 -0.5929 -0.6413
vn -0.6484 -0.6766 -0.3490
vn -0.3935 -0.4738 -0.7879
vn -0.4951 -0.5635 -0.6613
vn -0.3649 -0.7119 -0.6000
vn -0.8480 -0.0767 0.5244
vn -0.9032 -0.0298 0.4281
vn 0.1361 -0.2734 0.9522
vn 0.8090 0.1605 -0.5655
vn 0.7963 -0.0275 -0.6043
vn 0.0811 0.2819 -0.9560
vn 0.0885 0.2109 -0.9735
vn -0.1123 -0.6931 0.7120
vn 0.7361 -0.0011 -0.6768
vn 0.0805 -0.6892 0.7201
vn 0.6997 0.1677 -0.6944
vn 0.3238 -0.7281 0.6042
vn 0.7242 0.0405 -0.6884
vn 0.6441 0.3799 -0.6639
vn 0.9233 0.2081 -0.3229
vn -0.7006 -0.2450 -0.6702
vn 0.7361 -0.5708 -0.3638
vn 0.7034 -0.6863 0.1850
vn 0.6952 -0.6940 0.1872
vn 0.6954 -0.6938 0.1872
vn 0.6946 -0.6945 0.1874
vn -0.8629 -0.1806 0.4720
vn 0.0239 0.1518 -0.9881
vn 0.2213 0.3845 0.8962
vn 0.2043 0.2515 0.9460
vn 0.4820 -0.5876 0.6499
vn 0.5753 0.1260 0.8082
vn 0.9099 0.2144 0.3552
vn 0.8879 0.1413 0.4378
vn 0.9153 0.0547 0.3991
vn 0.9155 0.3928 0.0866
vn 0.8963 0.0538 0.4401
vn 0.8962 0.0542 0.4403
vn 0.8959 0.0628 0.4398
vn 0.7687 0.1935 0.6096
vn 0.7752 0.2031 0.5982
vn 0.7361 0.6462 0.2017
vn 0.7886 0.5466 0.2817
vn 0.7187 0.5175 0.4645
vn 0.8486 0.5058 0.1551
vn 0.4612 0.4449 0.7677
vn 0.5069 0.2572 0.8228
vn 0.5879 0.5435 0.5992
vn 0.3228 0.2663 0.9082
vn 0.7675 0.1349 0.6267
vn 0.8515 0.0535 0.5217
vn 0.8610 -0.2765 0.4269
vn 0.8552 -0.2849 0.4330
vn 0.8602 -0.2777 0.4278
vn 0.8444 -0.3843 0.3732
vn 0.9205 -0.1053 0.3763
vn 0.9113 -0.1527 0.3824
vn 0.3426 -0.8725 0.3484
vn -0.9516 -0.2437 -0.1875
vn -0.9938 0.0960 0.0570
vn -0.9845 -0.1753 -0.0085
vn -0.9662 -0.2240 0.1276
vn -0.9256 -0.3184 -0.2048
vn -0.9534 -0.2712 -0.1321
vn -0.9101 -0.2724 -0.3124
vn -0.8856 -0.3584 -0.2954
vn 0.1992 0.1674 0.9655
vn 0.5623 -0.0351 0.8262
vn 0.0044 -0.0902 0.9959
vn 0.0342 -0.2082 0.9775
vn 0.2092 -0.1927 0.9587
vn -0.1925 -0.9396 -0.2832
vn 0.9634 -0.2511 0.0940
vn 0.5609 -0.6072 0.5627
vn 0.4237 -0.7090 -0.5637
vn 0.3956 -0.7975 -0.4555
vn 0.5581 -0.2563 -0.7892
vn 0.4957 -0.0410 -0.8675
vn 0.6500 0.0837 -0.7553
vn -0.1046 -0.6013 -0.7922
vn 0.1230 -0.5111 -0.8507
vn -0.5125 -0.0659 -0.8561
vn -0.7322 -0.1224 -0.6700
vn -0.7010 -0.1492 -0.6974
vn -0.5887 -0.3288 -0.7384
vn -0.3451 -0.5088 -0.7887
vn -0.2120 -0.7429 -0.6349
vn -0.3279 -0.7448 -0.5812
vn -0.2157 -0.2982 -0.9298
vn -0.7690 -0.6283 -0.1183
vn -0.4890 -0.6083 -0.6251
vn -0.5156 -0.8458 -0.1370
vn 0.6181 -0.4752 -0.6262
vn -0.3000 -0.7771 -0.5532
vn 0.3657 -0.4358 -0.8224
vn -0.2505 -0.8470 -0.4689
vn -0.6060 -0.4494 -0.6563
vn -0.2302 -0.6885 -0.6877
vn -0.0381 -0.7157 -0.6974
vn 0.1711 0.3473 -0.9220
vn -0.3953 -0.6716 -0.6266
vn 0.5769 0.7391 -0.3476
vn 0.1634 0.2298 -0.9594
vn -0.2089 -0.6507 -0.7301
vn -0.4350 -0.6495 -0.6236
vn -0.5486 -0.8283 -0.1138
vn -0.8072 -0.5733 -0.1403
vn -0.2596 -0.6254 -0.7359
vn -0.4514 -0.5523 -0.7009
vn -0.2765 -0.7002 -0.6582
vn 0.8052 0.4903 0.3336
vn 0.3517 0.2104 0.9121
vn 0.6874 0.5595 0.4631
vn 0.5157 0.3567 0.7790
vn 0.7495 0.5904 0.2993
vn 0.6728 0.7397 0.0133
vn 0.6125 0.5080 0.6056
vn 0.7726 0.6344 0.0230
vn 0.8545 -0.2858 0.4337
vn 0.1204 -0.2771 0.9533
vn 0.9021 -0.2963 0.3138
vn 0.9202 -0.0390 -0.3896
vn -0.8989 0.0220 0.4376
vn 0.1081 -0.4008 0.9098
vn 0.0042 0.3299 -0.9440
vn -0.9261 0.1324 -0.3534
vn 0.0246 0.2561 -0.9663
vn 0.9466 -0.0231 -0.3215
vn 0.0519 -0.1368 0.9892
vn -0.5316 -0.3231 0.7830
vn 0.8792 0.1251 0.4597
vn 0.0250 -0.1593 0.9869
vn 0.8552 0.0290 0.5175
vn 0.7184 0.1798 -0.6720
vn 0.7185 0.1797 -0.6719
vn -0.2305 -0.0191 -0.9729
vn -0.6422 -0.2548 0.7229
vn -0.8698 -0.3829 0.3112
vn -0.9437 -0.0872 -0.3191
vn -0.9456 0.2267 -0.2333
vn -0.8700 0.3449 -0.3524
vn -0.8834 0.1239 -0.4519
vn -0.8204 -0.1721 0.5453
vn -0.7967 -0.4048 -0.4487
vn -0.8214 -0.5698 -0.0268
vn -0.9026 -0.4256 -0.0652
vn -0.3652 -0.3054 0.8794
vn -0.1108 0.2203 -0.9691
vn -0.1310 -0.0203 -0.9912
vn -0.8994 -0.3314 0.2849
vn 0.1309 -0.1989 0.9712
vn 0.1326 -0.2091 0.9689
vn 0.1328 -0.2105 0.9685
vn -0.0017 -0.3268 0.9451
vn 0.3841 -0.4728 0.7931
vn 0.3815 -0.5481 0.7443
vn 0.9170 0.2182 -0.3338
vn -0.7571 -0.1066 0.6445
vn -0.8405 -0.2202 0.4951
vn 0.1370 -0.3267 0.9351
vn 0.9089 -0.0686 -0.4113
vn 0.9229 -0.0011 -0.3849
vn -0.0361 0.3879 -0.9210
vn 0.0102 0.4210 -0.9070
vn 0.7892 0.3840 -0.4794
vn 0.8749 0.3227 -0.3611
vn -0.8221 -0.2718 -0.5003
vn 0.6102 -0.4963 -0.6175
vn 0.5752 -0.8178 -0.0180
vn 0.5617 -0.8272 -0.0145
vn -0.6776 -0.0873 0.7302
vn -0.1323 0.4387 -0.8888
vn 0.8968 0.1168 0.4268
vn 0.8719 0.1299 0.4722
vn 0.8719 0.1300 0.4722
vn 0.8723 0.1283 0.4718
vn 0.8833 -0.3550 0.3061
vn 0.8784 -0.3765 0.2945
vn 0.9285 -0.0776 0.3632
vn 0.9218 -0.1219 0.3680
vn -0.0923 -0.0973 -0.9910
vn -0.4931 -0.7025 -0.5133
vn -0.7443 -0.2945 -0.5994
vn -0.3236 -0.1102 -0.9398
vn -0.7462 -0.3787 -0.5476
vn -0.8731 0.2707 -0.4055
vn 0.8484 -0.4015 0.3449
vn 0.3312 -0.4535 0.8274
vn 0.9104 -0.3256 0.2551
vn 0.8894 0.0125 -0.4570
vn -0.7493 -0.1624 0.6420
vn 0.1104 -0.4614 0.8803
vn -0.0196 0.3703 -0.9287
vn -0.8720 0.1076 -0.4776
vn -0.0171 0.4888 -0.8722
vn 0.8230 0.1147 -0.5564
vn 0.0784 -0.2353 0.9688
vn -0.3996 -0.3662 0.8404
vn 0.8771 0.1447 0.4580
vn 0.1307 -0.1979 0.9715
vn 0.8714 0.1317 0.4725
vn 0.8207 0.3019 -0.4851
vn 0.5823 0.4175 -0.6976
vn -0.0172 0.1639 -0.9863
vn -0.4675 -0.2828 0.8375
vn -0.8548 -0.3852 0.3478
vn -0.9005 0.3031 -0.3119
vn -0.8927 0.3477 -0.2867
vn -0.8782 0.3702 -0.3028
vn -0.8920 0.1117 -0.4379
vn -0.8189 -0.2659 0.5086
vn -0.7747 -0.1912 -0.6027
vn -0.5993 -0.7158 -0.3583
vn -0.8176 -0.5000 -0.2855
vn 0.1707 -0.6847 0.7085
vn -0.0354 -0.3860 0.9218
vn -0.1242 0.2531 -0.9594
vn -0.3919 -0.3459 -0.8525
vn -0.8060 -0.4156 0.4214
vn -0.8081 -0.4134 0.4197
vn -0.8055 -0.4162 0.4218
vn 0.1837 -0.3721 0.9098
vn 0.2874 -0.2876 0.9136
vn 0.3615 -0.4632 0.8092
vn 0.3617 -0.5725 0.7358
vn 0.8716 0.3204 -0.3710
vn -0.7296 -0.2334 0.6428
vn -0.7297 -0.2330 0.6429
vn -0.7313 -0.2240 0.6442
vn -0.8322 -0.2649 0.4871
vn 0.1439 -0.3745 0.9160
vn 0.8451 0.1376 -0.5166
vn 0.8401 0.1235 -0.5282
vn 0.8436 0.1224 -0.5229
vn 0.8426 0.1227 -0.5244
vn -0.0492 0.4388 -0.8973
vn -0.0228 0.4555 -0.8899
vn 0.7582 0.4462 -0.4754
vn 0.8320 0.3991 -0.3853
vn -0.8310 -0.2761 -0.4830
vn 0.6388 -0.3436 -0.6884
vn 0.6516 -0.7577 -0.0367
vn 0.3540 -0.8663 0.3525
vn -0.6885 -0.2226 0.6902
vn -0.1411 0.4705 -0.8711
vn 0.8946 0.0623 0.4426
vn 0.8683 0.1659 0.4675
vn 0.8702 0.1749 0.4606
vn 0.8686 0.1675 0.4663
vn 0.8811 -0.3266 0.3422
vn 0.8806 -0.3273 0.3427
vn 0.8810 -0.3267 0.3423
vn 0.8722 -0.3835 0.3035
vn 0.9322 -0.0175 0.3615
vn 0.9241 -0.0923 0.3708
vn -0.3394 -0.4155 -0.8439
vn -0.4697 -0.6638 -0.5821
vn -0.7356 -0.2913 -0.6116
vn -0.3012 -0.0400 -0.9527
vn -0.7543 -0.6019 0.2622
vn -0.8887 0.2081 -0.4085
vn 0.8805 -0.3275 0.3428
vn 0.3269 -0.4542 0.8288
vn 0.9167 -0.3099 0.2522
vn 0.8390 0.1239 -0.5298
vn -0.7315 -0.2233 0.6443
vn 0.1232 -0.5051 0.8542
vn -0.0273 0.4180 -0.9080
vn -0.8771 0.0612 -0.4763
vn -0.0494 0.5181 -0.8539
vn 0.7811 0.2319 -0.5798
vn 0.0945 -0.3048 0.9477
vn -0.1745 -0.5298 0.8300
vn 0.8705 0.1764 0.4594
vn 0.1602 -0.2519 0.9544
vn 0.8962 0.0617 0.4394
vn 0.7964 0.3567 -0.4883
vn 0.5630 0.4909 -0.6649
vn -0.0975 0.2402 -0.9658
vn -0.4623 -0.3784 0.8019
vn -0.8086 -0.4128 0.4192
vn -0.9239 0.2322 -0.3041
vn -0.9134 0.3240 -0.2463
vn -0.9011 0.3465 -0.2608
vn -0.9010 0.0624 -0.4293
vn -0.7854 -0.3525 0.5088
vn -0.7876 -0.1689 -0.5926
vn -0.7370 -0.6759 0.0019
vn -0.8421 -0.5242 0.1268
vn 0.8098 -0.4930 0.3181
vn -0.1869 -0.4597 0.8682
vn -0.2097 0.2838 -0.9357
vn -0.0096 0.1317 -0.9912
vn -0.8243 -0.4959 0.2731
vn 0.0745 -0.5068 0.8589
vn 0.3199 -0.2679 0.9088
vn 0.4197 -0.4896 0.7643
vn 0.4254 -0.5692 0.7036
vn 0.6971 0.4396 -0.5663
vn 0.6971 0.4397 -0.5663
vn 0.6971 0.4398 -0.5663
vn -0.6710 -0.3025 0.6769
vn -0.9235 -0.3572 0.1400
vn 0.0487 -0.3884 0.9202
vn 0.8250 0.1952 -0.5303
vn 0.8227 0.2722 -0.4991
vn -0.0913 0.3416 -0.9354
vn 0.0416 0.4148 -0.9090
vn 0.6731 0.4633 -0.5765
vn 0.6762 0.4532 -0.5808
vn 0.6763 0.4527 -0.5810
vn 0.6970 0.4398 -0.5663
vn -0.7762 -0.4765 -0.4129
vn 0.8090 -0.3661 -0.4600
vn 0.8085 -0.5854 -0.0606
vn 0.4100 -0.8569 0.3123
vn -0.6892 -0.3161 0.6520
vn 0.1168 0.4996 -0.8584
vn 0.9128 0.3558 0.2007
vn 0.9170 0.1908 0.3502
vn 0.9230 -0.2935 0.2489
vn 0.9246 -0.2869 0.2506
vn 0.9239 -0.2884 0.2516
vn 0.9229 -0.2940 0.2486
vn 0.9298 -0.0224 0.3674
vn 0.9306 -0.0079 0.3661
vn -0.1314 0.2191 -0.9668
vn -0.6544 -0.6123 -0.4437
vn -0.4823 -0.5760 -0.6600
vn 0.0626 -0.1588 -0.9853
vn -0.5745 -0.7888 0.2185
vn -0.8195 0.2384 -0.5211
vn 0.9252 -0.2854 0.2499
vn 0.3633 -0.4772 0.8002
vn 0.9477 -0.2325 0.2186
vn 0.6630 0.2434 -0.7080
vn -0.6898 -0.2368 0.6842
vn 0.0390 -0.4529 0.8907
vn -0.1267 0.3963 -0.9094
vn -0.8893 -0.1115 -0.4435
vn 0.0247 0.4484 -0.8935
vn 0.7448 0.2891 -0.6015
vn 0.0215 -0.3450 0.9383
vn -0.1493 -0.3873 0.9098
vn 0.9017 0.0934 0.4221
vn 0.0110 -0.3548 0.9349
vn 0.9370 0.1181 0.3288
vn 0.6729 0.4638 -0.5763
vn 0.5768 0.5053 -0.6419
vn 0.0075 0.1935 -0.9811
vn -0.2249 -0.3768 0.8986
vn -0.8965 -0.3615 0.2561
vn -0.8362 0.2457 -0.4903
vn -0.8472 0.3599 -0.3908
vn -0.9264 0.2352 -0.2939
vn -0.8606 -0.1142 -0.4963
vn -0.9062 -0.4020 0.1313
vn -0.7534 -0.3464 -0.5589
vn -0.8013 -0.5980 0.0187
vn -0.8160 -0.5766 0.0413
vn 0.5317 0.5688 -0.6274
vn -0.6054 -0.7096 -0.3604
vn 0.9827 0.1771 -0.0532
vn 0.7966 0.0705 0.6004
vn 0.6139 0.7135 -0.3376
vn 0.7399 0.6721 -0.0293
vn -0.3669 -0.8999 -0.2357
vn -0.3028 -0.6705 0.6773
vn 0.3041 -0.9407 0.1504
vn 0.4261 -0.4916 -0.7595
vn 0.5125 0.0975 0.8531
vn 0.9391 0.2478 0.2379
vn 0.2777 -0.0045 0.9607
vn -0.3997 -0.3399 0.8513
vn -0.9494 -0.2194 -0.2249
vn -0.6148 -0.3717 0.6956
vn 0.9016 0.4325 0.0035
vn 0.3366 0.3109 -0.8888
vn 0.2607 0.3348 -0.9055
vn -0.2523 0.0445 -0.9666
vn -0.6760 -0.5303 -0.5118
vn -0.1360 -0.1402 -0.9807
vn 0.2200 -0.2089 0.9529
vn -0.0022 -0.0345 0.9994
vn -0.9450 -0.2986 -0.1330
vn -0.4202 -0.4997 -0.7574
vn 0.5029 -0.0291 -0.8639
vn -0.0377 -0.6205 -0.7833
vn -0.9181 -0.3762 -0.1248
vn -0.4169 -0.1992 -0.8869
vn 0.6703 -0.7418 -0.0219
vn -0.4738 -0.6298 -0.6155
vn 0.6359 -0.7711 -0.0321
vn -0.7376 -0.3881 -0.5525
vn -0.7626 -0.6287 0.1519
vn 0.3167 -0.9111 0.2639
vn -0.3777 -0.8189 0.4322
vn 0.2222 -0.7925 0.5680
vn 0.5731 0.3912 0.7201
vn 0.7204 0.6676 -0.1879
vn 0.2017 0.1423 0.9691
vn 0.6569 0.1729 0.7338
vn 0.0145 -0.0725 0.9973
vn -0.8219 -0.2722 0.5003
vn -0.9485 -0.3034 -0.0912
vn -0.8706 -0.1733 0.4604
vn 0.6376 0.3767 0.6720
vn 0.8805 0.4659 0.0878
vn 0.0904 0.9882 -0.1236
vn 0.6640 0.7189 0.2058
vn -0.4199 0.5789 -0.6989
vn 0.2480 0.9557 -0.1584
vn -0.3623 0.6839 -0.6332
vn -0.8712 -0.1389 -0.4710
vn 0.3440 0.8685 -0.3570
vn -0.1289 0.4340 -0.8916
vn -0.5909 0.7373 -0.3274
vn -0.5898 0.7762 0.2230
vn -0.5318 0.7827 0.3233
vn 0.5241 0.2312 0.8197
vn 0.5412 0.1693 0.8236
vn -0.2794 0.9473 0.1565
vn -0.2619 0.7560 -0.5999
vn -0.5743 0.6837 0.4503
vn -0.3857 0.6674 0.6370
vn -0.6044 0.6990 0.3822
vn -0.5773 0.7147 0.3948
vn 0.6599 0.4360 0.6119
vn 0.5267 0.4784 0.7026
vn -0.1816 0.6173 0.7655
vn -0.2194 0.4976 0.8392
vn 0.3507 0.7978 -0.4905
vn 0.3091 0.5806 -0.7532
vn -0.4242 0.6391 0.6416
vn -0.4860 0.7235 0.4903
vn -0.4111 0.9105 0.0452
vn 0.3975 -0.0082 0.9176
vn 0.4053 0.1193 0.9064
vn -0.3372 -0.8882 -0.3122
vn 0.6306 0.3925 0.6695
vn -0.0408 -0.8902 0.4538
vn -0.1002 0.7256 -0.6808
vn -0.3875 0.6842 -0.6178
vn 0.2593 0.9650 0.0403
vn 0.3718 0.9280 0.0236
vn -0.6401 -0.4265 -0.6390
vn -0.5025 0.1123 -0.8573
vn -0.4574 0.3465 -0.8190
vn -0.6101 0.2667 -0.7460
vn -0.5234 -0.8046 -0.2805
vn -0.1547 0.8395 -0.5209
vn 0.4535 0.8687 0.1993
vn -0.5873 -0.2622 -0.7657
vn 0.7206 -0.3175 -0.6164
vn 0.7206 -0.3178 -0.6162
vn 0.7211 -0.3208 -0.6141
vn 0.5280 -0.4107 -0.7433
vn 0.6809 -0.2305 -0.6952
vn 0.6160 0.0889 -0.7827
vn 0.8315 -0.3683 -0.4160
vn 0.5766 -0.2385 -0.7815
vn 0.8888 -0.2940 -0.3516
vn 0.5261 -0.1195 -0.8420
vn 0.6430 0.2409 -0.7270
vn 0.7854 0.0094 -0.6189
vn 0.9554 -0.0636 -0.2883
vn 0.2687 -0.3008 0.9150
vn 0.2423 -0.3110 0.9190
vn 0.3418 -0.3693 0.8642
vn 0.6379 -0.0710 0.7668
vn 0.9978 -0.0509 0.0431
vn 0.9603 -0.2340 0.1517
vn 0.9551 0.0321 -0.2945
vn 0.0972 0.4764 -0.8739
vn 0.1402 0.1651 -0.9763
vn 0.1395 0.1662 -0.9762
vn 0.1396 0.1659 -0.9762
vn 0.1402 0.1650 -0.9763
vn 0.7670 0.2735 -0.5804
vn 0.6923 0.3996 -0.6009
vn 0.1023 -0.3767 0.9207
vn 0.0403 -0.3319 0.9424
vn 0.3154 -0.2802 0.9067
vn 0.4803 -0.3787 0.7912
vn -0.5288 -0.8317 -0.1691
vn -0.3975 -0.9014 -0.1714
vn -0.4228 0.6920 -0.5851
vn -0.3767 0.5562 -0.7408
vn 0.2199 0.9671 0.1278
vn 0.2591 0.9633 -0.0695
vn -0.6710 -0.4152 -0.6143
vn -0.6129 -0.4822 -0.6260
vn 0.6039 -0.3359 -0.7228
vn 0.9153 -0.0438 -0.4005
vn 0.6957 -0.0112 -0.7183
vn 0.5739 0.2373 -0.7838
vn 0.6638 -0.2515 -0.7044
vn 0.7784 -0.3476 -0.5228
vn 0.8563 -0.3839 -0.3454
vn 0.8337 -0.0814 -0.5462
vn 0.1961 -0.8574 -0.4759
vn 0.6762 -0.5024 -0.5388
vn 0.6756 -0.5008 -0.5410
vn 0.6758 -0.5013 -0.5404
vn 0.6764 -0.5028 -0.5383
vn 0.7211 -0.3213 -0.6138
vn 0.7675 -0.2050 -0.6074
vn 0.1083 -0.3635 -0.9253
vn 0.5202 -0.2341 -0.8213
vn 0.6862 0.5374 0.4903
vn 0.6676 0.5237 0.5292
vn -0.0420 -0.8594 0.5095
vn 0.1298 -0.8529 0.5057
vn 0.3885 -0.2930 0.8736
vn 0.6252 -0.1911 0.7567
vn -0.5531 0.0309 -0.8325
vn 0.0494 0.4299 -0.9015
vn 0.1975 0.3196 -0.9267
vn 0.1833 0.4226 -0.8876
vn 0.1824 0.3200 -0.9297
vn 0.3935 0.2487 -0.8850
vn 0.3177 0.1345 -0.9386
vn 0.1428 0.6149 -0.7756
vn 0.1744 0.6964 -0.6961
vn 0.2869 0.7516 -0.5940
vn 0.3237 0.4863 -0.8116
vn 0.2624 0.9089 -0.3241
vn 0.2664 0.9481 -0.1736
vn 0.3698 0.5251 -0.7665
vn 0.6277 0.3512 -0.6947
vn 0.4749 -0.3639 -0.8013
vn 0.6610 0.2704 -0.6999
vn 0.2675 0.4053 -0.8742
vn 0.5513 0.1142 -0.8264
vn 0.5091 0.2972 -0.8078
vn 0.5673 0.1981 -0.7993
vn 0.2240 0.4213 -0.8788
vn 0.4520 0.2945 -0.8420
vn 0.2365 0.9155 -0.3256
vn 0.0216 0.9701 -0.2418
vn -0.0056 0.4914 -0.8709
vn -0.1375 0.5680 -0.8115
vn 0.0295 0.6813 -0.7314
vn -0.1485 0.4386 -0.8863
vn -0.0651 0.4179 -0.9062
vn 0.0283 0.3145 -0.9488
vn -0.0437 0.2872 -0.9569
vn -0.1373 0.3475 -0.9276
vn 0.1425 0.5032 -0.8523
vn 0.1255 0.3747 -0.9186
vn 0.2095 0.2429 -0.9472
vn -0.0580 0.1842 -0.9812
vn -0.0741 0.1941 -0.9782
vn -0.0752 0.4738 -0.8774
vn 0.0799 0.1645 -0.9831
vn 0.0538 0.1396 -0.9887
vn -0.0583 0.4306 -0.9006
vn -0.1575 0.5018 -0.8506
vn 0.2249 0.9393 -0.2590
vn 0.6941 -0.3316 0.6390
vn 0.6939 -0.3319 0.6390
vn 0.6975 -0.3259 0.6381
vn 0.7245 -0.4206 0.5460
vn 0.6937 -0.3834 0.6097
vn 0.7172 -0.2354 0.6559
vn 0.1636 -0.2286 0.9597
vn 0.1238 -0.3233 0.9382
vn 0.1001 -0.3484 0.9320
vn 0.3094 -0.5359 0.7855
vn 0.4412 -0.3680 0.8185
vn 0.9853 -0.1609 0.0580
vn 0.7292 -0.3681 0.5769
vn 0.9610 -0.1517 0.2311
vn 0.9655 -0.1274 0.2273
vn 0.5571 -0.2260 0.7991
vn 0.6353 -0.2452 0.7323
vn 0.5856 -0.6181 0.5245
vn 0.7047 -0.3470 0.6189
vn 0.7304 -0.4321 0.5289
vn 0.7559 -0.3735 0.5377
vn 0.7317 -0.1958 0.6529
vn 0.7011 -0.3200 0.6372
vn 0.0765 -0.2930 0.9530
vn 0.0361 -0.2402 0.9700
vn 0.3427 -0.3317 0.8789
vn 0.3708 -0.2406 0.8970
vn 0.1436 -0.2199 0.9649
vn 0.9956 -0.0909 0.0203
vn 0.6744 0.2858 0.6808
vn 0.6356 0.3533 0.6864
vn 0.5506 -0.3372 0.7637
vn 0.4511 -0.1549 0.8789
vn 0.4194 0.9028 -0.0949
vn 0.3891 0.8853 0.2546
vn 0.2642 0.9414 0.2098
vn 0.7459 0.5506 0.3748
vn 0.7070 0.5807 0.4036
vn 0.7093 0.5833 0.3958
vn 0.7069 0.5805 0.4041
vn 0.7068 0.5804 0.4043
vn 0.4778 0.7483 0.4601
vn 0.4596 0.7432 0.4862
vn 0.5498 0.5133 0.6589
vn 0.7571 0.3890 0.5249
vn 0.5708 0.6939 0.4389
vn -0.0341 0.7639 0.6444
vn 0.1372 0.6280 0.7660
vn -0.0358 0.7935 0.6075
vn 0.7315 0.3682 0.5738
vn 0.1996 0.8305 0.5200
vn 0.6946 0.2801 0.6626
vn 0.6241 0.5650 0.5397
vn 0.5046 0.6716 0.5425
vn 0.0345 0.1924 0.9807
vn 0.0500 0.1863 0.9812
vn 0.0462 0.1687 0.9846
vn 0.1181 -0.2167 0.9691
vn 0.3694 0.1080 0.9230
vn 0.4274 0.1528 0.8911
vn 0.7318 0.2066 0.6494
vn 0.0298 0.6979 -0.7156
vn 0.0293 0.6981 -0.7154
vn 0.0331 0.6965 -0.7167
vn 0.0335 0.6964 -0.7169
vn -0.0072 0.6096 -0.7927
vn 0.0019 0.6939 -0.7201
vn 0.2281 -0.2278 0.9466
vn 0.1820 0.1889 0.9650
vn 0.3089 -0.0565 0.9494
vn 0.9557 -0.2417 0.1681
vn 0.9766 0.0670 0.2044
vn 0.9368 0.1863 0.2962
vn 0.6117 0.0881 0.7861
vn 0.5977 0.0307 0.8011
vn 0.6119 -0.2015 0.7649
vn 0.9478 0.1501 -0.2815
vn 0.9276 0.3098 -0.2090
vn 0.9288 0.2169 -0.3004
vn 0.7101 0.1895 -0.6781
vn 0.0905 -0.4546 0.8861
vn 0.2366 -0.0517 0.9702
vn 0.1680 -0.3431 0.9242
vn 0.7126 0.1151 0.6920
vn 0.7067 0.0649 0.7046
vn 0.7477 -0.1155 0.6540
vn -0.0732 -0.5172 0.8527
vn 0.1800 -0.3017 0.9362
vn 0.5897 -0.2127 0.7791
vn 0.9900 0.1066 0.0924
vn 0.9420 0.1860 0.2794
vn 0.8555 0.1033 0.5074
vn -0.8074 -0.5896 0.0230
vn -0.8088 -0.5849 0.0606
vn -0.6523 -0.6183 -0.4383
vn -0.0782 -0.4124 0.9077
vn -0.7206 -0.5404 0.4344
vn -0.6835 -0.5541 0.4752
vn 0.8113 -0.5818 -0.0567
vn 0.7837 0.6184 0.0585
vn -0.8817 -0.4110 -0.2316
vn -0.8906 -0.4512 -0.0572
vn -0.2597 -0.9653 0.0262
vn -0.2629 -0.9644 0.0273
vn -0.2564 -0.9660 0.0324
vn -0.0562 -0.0273 -0.9980
vn 0.9770 0.1279 0.1709
vn 0.9820 -0.0554 0.1807
vn 0.6996 -0.4428 0.5608
vn 0.7335 -0.5829 0.3496
vn -0.2211 -0.9260 0.3061
vn 0.2174 0.9300 -0.2963
vn 0.3157 0.8917 -0.3243
vn -0.3978 0.8228 -0.4059
vn -0.9375 0.3230 -0.1293
vn -0.9763 0.0320 -0.2143
vn 0.9313 -0.2790 0.2339
vn -0.2716 -0.2097 -0.9393
vn 0.8215 -0.5667 0.0631
vn 0.8215 -0.5667 0.0632
vn 0.8214 -0.5668 0.0632
vn 0.7046 -0.7076 0.0530
vn -0.5718 -0.8200 -0.0247
vn -0.8314 -0.5540 0.0431
vn -0.8338 -0.5498 0.0503
vn -0.8305 -0.5555 0.0413
vn -0.5714 -0.8203 0.0249
vn -0.8673 -0.4332 -0.2453
vn -0.2555 -0.9663 0.0326
vn -0.2545 -0.9667 0.0278
vn -0.3024 -0.9507 0.0684
vn -0.8821 0.0281 -0.4703
vn 0.7900 0.5458 0.2791
vn 0.7926 0.5424 0.2786
vn 0.7931 0.5417 0.2785
vn 0.9740 -0.2228 0.0400
vn 0.9856 -0.0566 0.1594
vn -0.7396 -0.3003 -0.6024
vn -0.9675 0.2276 0.1105
vn 0.9502 0.0605 0.3056
vn -0.3052 -0.7573 0.5774
vn 0.4937 -0.1279 0.8602
vn 0.4872 -0.1407 0.8619
vn -0.4179 -0.6059 0.6770
vn -0.2775 -0.7227 0.6330
vn -0.2800 -0.7179 0.6374
vn -0.2769 -0.7238 0.6320
vn -0.8339 -0.5496 0.0508
vn 0.9034 0.2648 -0.3372
vn 0.9673 0.2534 -0.0111
vn 0.7887 0.5775 0.2108
vn 0.7891 0.5771 0.2106
vn 0.7901 0.5758 0.2100
vn -0.4396 0.8599 0.2595
vn -0.4971 -0.5385 0.6803
vn -0.4946 -0.5395 0.6814
vn -0.4889 -0.5416 0.6839
vn -0.8850 -0.3916 -0.2517
vn 0.4457 -0.0223 -0.8949
vn -0.3831 0.8411 -0.3817
vn 0.9682 0.1255 -0.2164
vn 0.1062 -0.3417 0.9338
vn 0.5938 -0.1511 0.7903
vn 0.0413 -0.3936 0.9184
vn 0.3481 -0.6214 0.7019
vn -0.2735 -0.0344 -0.9613
vn 0.5920 0.2141 -0.7770
vn 0.0846 -0.2559 -0.9630
vn 0.1755 0.0521 -0.9831
vn 0.6194 -0.1209 0.7757
vn 0.9551 0.0223 0.2955
vn 0.9501 0.0775 0.3020
vn 0.9464 -0.0499 0.3192
vn 0.2602 -0.2719 0.9265
vn -0.0606 -0.3996 0.9147
vn 0.3194 -0.4287 0.8451
vn -0.2806 -0.7166 0.6385
vn -0.8304 -0.5557 0.0411
vn 0.2989 -0.2184 0.9290
vn -0.1763 -0.4152 0.8925
vn 0.6878 0.7252 0.0332
vn 0.8675 0.3156 -0.3845
vn 0.8370 0.5280 -0.1437
vn 0.2314 0.9653 0.1208
vn 0.7898 0.5462 0.2792
vn 0.9509 0.2235 -0.2140
vn -0.2273 -0.7677 0.5992
vn 0.6038 -0.4487 0.6589
vn 0.9750 -0.2156 0.0537
vn 0.8266 -0.5497 0.1203
vn 0.8940 0.1921 0.4048
vn 0.8934 0.1748 0.4139
vn 0.3196 0.8925 0.3182
vn -0.5799 0.7300 0.3617
vn 0.3397 0.8937 0.2929
vn 0.7915 0.5743 0.2093
vn 0.8142 0.5385 0.2169
vn 0.8531 0.4748 0.2163
vn -0.9475 0.1927 0.2552
vn -0.9063 0.1752 -0.3846
vn -0.5683 0.3586 0.7405
vn -0.5688 0.3601 0.7395
vn -0.5687 0.3597 0.7398
vn 0.9053 -0.1211 -0.4072
vn -0.6095 -0.2630 -0.7479
vn 0.2848 0.5013 0.8170
vn -0.6767 0.1900 0.7113
vn -0.6366 0.3452 0.6896
vn 0.8813 -0.2817 0.3794
vn 0.4919 0.0498 0.8692
vn -0.8634 0.3198 0.3902
vn 0.4827 0.1235 0.8670
vn -0.4650 -0.5790 -0.6697
vn -0.5272 0.6227 0.5782
vn 0.6311 0.1199 0.7664
vn 0.7933 0.0028 0.6088
vn 0.8840 -0.2922 0.3648
vn 0.8804 -0.2988 0.3681
vn 0.8809 -0.2980 0.3677
vn -0.2060 0.5283 0.8237
vn -0.9337 -0.1324 -0.3327
vn -0.5683 0.3584 0.7407
vn -0.7151 0.1197 0.6887
vn -0.9975 0.0509 -0.0496
vn -0.8850 0.2221 -0.4093
vn -0.8866 0.2232 -0.4051
vn -0.8863 0.2230 -0.4058
vn 0.8242 -0.3942 -0.4065
vn 0.8243 -0.3950 -0.4055
vn 0.8246 -0.3962 -0.4039
vn 0.4431 0.0920 0.8918
vn -0.9578 0.1890 0.2166
vn 0.9277 -0.2349 0.2900
vn 0.8091 -0.5131 -0.2864
vn 0.2951 -0.5073 -0.8097
vn 0.2585 -0.7263 -0.6369
vn 0.2554 -0.7338 -0.6296
vn 0.2588 -0.7257 -0.6375
vn 0.2731 -0.6799 -0.6806
vn -0.5134 0.6115 0.6020
vn -0.5102 0.3313 0.7937
vn -0.9176 -0.1194 -0.3791
vn 0.2647 -0.1304 -0.9555
vn 0.1373 0.3430 0.9293
vn 0.9462 0.0069 0.3235
vn -0.9195 0.1320 0.3701
vn -0.9938 0.0101 0.1110
vn -0.9475 0.1102 0.3003
vn 0.8642 -0.2118 0.4564
vn 0.8660 -0.2072 0.4551
vn 0.8632 -0.2142 0.4571
vn -0.0691 0.3876 0.9192
vn 0.4933 0.2632 0.8291
vn -0.0702 -0.5999 -0.7970
vn 0.8669 -0.2048 0.4545
vn -0.8604 -0.1472 -0.4879
vn -0.9524 0.1711 0.2522
vn -0.9639 0.2013 0.1745
vn 0.4655 0.0242 0.8847
vn 0.2131 0.3444 0.9143
vn -0.2188 0.4090 0.8859
vn 0.7137 0.0340 0.6996
vn 0.4991 0.2652 0.8250
vn 0.4979 0.2632 0.8264
vn 0.4996 0.2661 0.8244
vn -0.9134 0.3511 0.2058
vn 0.0129 -0.7359 -0.6769
vn -0.2720 0.4548 0.8481
vn -0.8848 0.2220 -0.4096
vn -0.7240 0.6767 0.1341
vn -0.8222 -0.3361 -0.4594
vn 0.9707 -0.0937 0.2213
vn 0.9404 -0.3400 -0.0034
vn 0.2317 -0.4428 -0.8662
vn 0.4122 -0.0585 0.9092
vn 0.9082 -0.2335 0.3474
vn -0.0138 0.4055 0.9140
vn 0.1873 0.3080 0.9328
vn -0.4922 -0.2736 -0.8263
vn -0.6360 0.2663 0.7243
vn 0.5698 0.2271 0.7897
vn -0.9676 0.2006 0.1532
vn -0.1332 0.4065 0.9039
vn 0.4974 0.2625 0.8269
vn 0.0134 0.3374 0.9413
vn -0.5352 0.4967 0.6833
vn 0.6887 0.2282 0.6882
vn -0.2626 0.3141 0.9124
vn 0.9480 -0.2231 0.2269
vn 0.0567 -0.5567 -0.8288
vn -0.6754 0.1638 0.7190
vn 0.7753 -0.6315 0.0065
vn -0.8203 -0.1234 -0.5584
vn 0.5140 0.2379 0.8241
vn 0.1143 -0.3876 -0.9147
vn -0.9414 0.0585 -0.3321
vn -0.9379 0.2377 0.2525
vn -0.8989 0.1426 -0.4142
vn -0.8983 0.1426 -0.4156
vn -0.8988 0.1426 -0.4146
vn -0.8249 0.4400 0.3548
vn -0.9238 0.3203 0.2097
vn -0.1456 0.7769 0.6126
vn 0.7460 -0.0905 0.6597
vn -0.9752 -0.1614 -0.1517
vn -0.5922 -0.4037 -0.6974
vn -0.2227 -0.0085 0.9749
vn -0.5956 0.3672 0.7144
vn 0.7733 0.1729 0.6100
vn 0.8852 -0.2901 0.3637
vn -0.9142 0.0338 -0.4038
vn -0.6167 -0.0749 -0.7837
vn -0.9721 -0.0923 -0.2154
vn 0.5161 0.2375 0.8229
vn 0.2218 -0.5186 -0.8257
vn -0.8362 0.3593 0.4143
vn 0.4782 0.2156 0.8514
vn -0.9750 -0.1110 -0.1925
vn 0.6983 0.1466 0.7006
vn 0.5086 0.1978 0.8379
vn -0.5705 -0.2732 -0.7746
vn -0.4169 -0.1697 -0.8930
vn -0.8726 0.1372 0.4688
vn -0.8709 0.1372 0.4720
vn -0.8733 0.1372 0.4675
vn -0.9489 -0.2992 -0.1003
vn -0.9238 0.3574 0.1370
vn -0.9977 -0.0243 -0.0639
vn 0.8875 -0.1831 -0.4228
vn -0.6516 -0.2817 -0.7043
vn 0.3773 0.2481 0.8922
vn -0.5288 0.0564 -0.8469
vn 0.9410 -0.2127 0.2632
vn 0.9410 -0.2123 0.2634
vn 0.9412 -0.2107 0.2642
vn -0.3185 -0.4739 -0.8210
vn -0.9870 0.0064 -0.1608
vn 0.7972 -0.4645 -0.3857
vn 0.7956 -0.4640 -0.3894
vn 0.7945 -0.4638 -0.3920
vn -0.7878 -0.2555 -0.5605
vn 0.8114 -0.1803 -0.5560
vn 0.8098 -0.1894 -0.5553
vn 0.8101 -0.1880 -0.5554
vn 0.9205 -0.1320 0.3678
vn -0.7012 0.0262 0.7125
vn -0.8990 0.0137 0.4378
vn -0.9439 -0.3171 -0.0926
vn 0.7155 0.0837 0.6936
vn -0.6246 -0.2208 0.7491
vn 0.9616 0.0937 0.2579
vn 0.8526 -0.4142 -0.3184
vn -0.9844 -0.1760 0.0072
vn -0.8702 0.1372 0.4732
vn -0.4758 -0.1170 -0.8717
vn 0.2987 -0.2185 -0.9290
vn -0.8977 0.1427 -0.4169
vn -0.9505 -0.0649 -0.3040
vn 0.8000 -0.3067 -0.5158
vn 0.4970 -0.3974 -0.7714
vn -0.9888 -0.0921 0.1178
vn -0.5469 -0.1142 -0.8294
vn 0.8725 -0.0309 -0.4877
vn 0.6535 0.4185 0.6307
vn 0.9451 -0.1301 0.2999
vn 0.8350 0.2176 0.5054
vn -0.0745 0.7329 0.6762
vn -0.5287 -0.1137 -0.8412
vn -0.5285 -0.1134 -0.8413
vn -0.5289 -0.1142 -0.8410
vn 0.9539 -0.0977 0.2839
vn -0.9737 -0.0646 -0.2183
vn 0.7227 0.1138 0.6817
vn -0.7775 -0.3846 -0.4976
vn 0.9587 -0.2415 0.1499
vn 0.9588 -0.0426 0.2807
vn 0.2553 -0.7342 -0.6291
vn -0.6686 -0.2800 -0.6889
vn 0.9321 -0.3621 0.0022
vn -0.9582 0.0622 -0.2791
vn -0.7200 0.3837 0.5782
vn -0.3577 0.3848 0.8509
vn -0.6235 -0.1869 0.7592
vn -0.5906 -0.0143 -0.8068
vn 0.7462 0.3479 0.5676
vn 0.2454 -0.3343 -0.9100
vn -0.4605 -0.1644 -0.8723
vn -0.5507 -0.4496 -0.7033
vn -0.5653 -0.3042 -0.7667
vn 0.7982 -0.4639 -0.3843
vn 0.2359 -0.3279 -0.9148
vn -0.8715 0.2931 0.3932
vn 0.1889 0.4094 0.8926
vn -0.4981 0.4325 0.7516
vn -0.5020 0.4315 0.7495
vn -0.5043 0.4312 0.7482
vn -0.9649 -0.0935 -0.2456
vn 0.0069 -0.5099 -0.8602
vn 0.8289 0.0499 0.5572
vn -0.5291 -0.1145 -0.8408
vn -0.8571 0.3109 0.4107
vn 0.8378 -0.3848 -0.3873
vn -0.5041 0.4331 0.7472
vn -0.5018 0.4330 0.7488
vn -0.3171 0.3065 0.8975
vn -0.7826 0.6144 0.1000
vn -0.9065 0.1579 -0.3916
vn 0.6918 0.1118 0.7134
vn -0.4658 -0.3931 -0.7928
vn -0.8986 -0.0075 -0.4388
vn -0.5077 0.2870 0.8123
vn -0.3247 -0.5603 -0.7620
vn 0.1942 -0.2873 -0.9379
vn 0.3637 -0.0615 -0.9295
vn 0.2772 -0.5095 -0.8146
vn 0.4594 -0.6063 -0.6491
vn 0.7984 -0.4630 -0.3849
vn 0.9790 0.0406 0.1996
vn 0.9497 -0.2055 0.2362
vn 0.9381 -0.2578 0.2311
vn 0.6933 0.1234 0.7100
vn -0.9644 0.1546 0.2143
vn 0.3187 0.9431 0.0947
vn 0.3175 0.9432 0.0975
vn 0.3190 0.9431 0.0940
vn 0.8482 0.5284 -0.0366
vn 0.3276 0.9060 -0.2681
vn 0.0822 0.9356 -0.3434
vn 0.8710 0.4845 -0.0812
vn 0.4734 0.8728 -0.1185
vn -0.5353 -0.8418 -0.0694
vn -0.5047 -0.8619 -0.0495
vn -0.8684 -0.4729 -0.1494
vn -0.8748 -0.4808 -0.0593
vn -0.9530 0.2561 0.1618
vn -0.5058 0.8279 -0.2425
vn 0.2357 0.9545 -0.1827
vn -0.2536 0.9353 -0.2469
vn 0.8894 0.4516 -0.0709
vn 0.9332 0.3594 -0.0028
vn 0.9413 -0.3070 0.1404
vn 0.9658 -0.2381 0.1026
vn 0.8770 0.4741 0.0777
vn 0.7008 -0.7132 0.0155
vn 0.5366 -0.8436 0.0222
vn -0.2945 -0.9554 0.0220
vn -0.1971 -0.9803 0.0088
vn 0.3538 0.9319 -0.0804
vn -0.5093 -0.8605 -0.0122
vn -0.8652 -0.4953 0.0778
vn -0.9012 -0.4311 0.0444
vn -0.9425 0.2619 -0.2075
vn -0.9129 0.2906 -0.2868
vn -0.9115 0.2969 -0.2846
vn -0.9121 0.2940 -0.2858
vn -0.5116 0.8559 0.0760
vn -0.9271 0.3732 0.0340
vn -0.9267 0.3749 0.0263
vn -0.9266 0.3752 0.0250
vn 0.9443 -0.2809 0.1718
vn 0.9995 -0.0148 0.0286
vn 0.9875 0.1332 0.0840
vn 0.7000 -0.6931 0.1718
vn 0.6999 -0.6929 0.1734
vn 0.6968 -0.6963 0.1724
vn 0.7019 -0.6912 0.1717
vn 0.0582 -0.9864 0.1539
vn -0.2553 -0.9669 -0.0021
vn 0.3466 0.9313 -0.1120
vn 0.3173 0.9432 0.0980
vn -0.6956 0.7060 -0.1333
vn -0.4643 0.8846 -0.0429
vn 0.0746 0.9670 -0.2438
vn 0.6121 0.7788 -0.1370
vn 0.5993 0.7509 -0.2776
vn -0.5350 -0.8436 -0.0457
vn -0.5382 -0.8416 -0.0456
vn -0.5332 -0.8447 -0.0458
vn -0.5396 -0.8407 -0.0456
vn -0.9270 -0.3023 -0.2221
vn -0.8749 -0.4692 -0.1200
vn -0.6594 0.6545 -0.3700
vn -0.4988 0.8130 -0.3003
vn 0.9501 0.3044 -0.0680
vn 0.8899 0.4418 -0.1135
vn 0.9615 -0.2692 -0.0555
vn 0.9611 -0.2705 -0.0558
vn 0.9625 -0.2659 -0.0547
vn 0.9629 -0.2645 -0.0543
vn 0.8695 -0.4700 0.1516
vn 0.5358 -0.8364 0.1157
vn 0.0807 -0.9967 -0.0025
vn -0.2899 -0.9570 -0.0135
vn -0.9478 0.1910 -0.2552
vn -0.9128 0.2882 -0.2894
vn -0.9130 0.2885 -0.2884
vn -0.2354 0.9155 -0.3264
vn -0.5977 -0.7991 -0.0646
vn -0.8304 -0.5301 -0.1718
vn 0.9716 0.1497 -0.1832
vn 0.8656 0.4457 -0.2282
vn 0.7765 0.6273 0.0595
vn 0.7389 0.6473 -0.1872
vn 0.9333 0.2739 -0.2323
vn 0.9515 0.2515 -0.1770
vn 0.4536 0.8632 -0.2215
vn 0.4463 0.8877 -0.1133
vn -0.4548 0.8543 -0.2516
vn 0.8330 0.5289 0.1625
vn 0.7018 -0.6909 0.1738
vn 0.5759 -0.8104 0.1077
vn 0.5783 -0.8158 0.0073
vn 0.4117 -0.9011 0.1359
vn 0.8667 -0.4971 -0.0424
vn -0.1966 -0.9805 0.0008
vn -0.2039 -0.9785 0.0318
vn -0.0353 -0.9990 -0.0280
vn -0.0391 -0.9991 0.0147
vn 0.8688 0.4902 0.0706
vn 0.8139 0.5785 0.0543
vn 0.8246 0.5590 0.0874
vn 0.9620 0.2730 -0.0048
vn 0.3120 0.9500 0.0105
vn -0.4857 0.8671 -0.1103
vn -0.5330 0.8457 0.0275
vn -0.9272 0.3729 0.0355
vn -0.9485 0.3151 -0.0316
vn -0.8500 -0.4835 0.2091
vn 0.3644 0.9107 -0.1946
vn 0.9577 0.2330 -0.1691
vn -0.1126 -0.9081 -0.4034
vn -0.1679 -0.8501 -0.4991
vn -0.0810 -0.9824 0.1683
vn -0.2386 -0.9701 -0.0450
vn -0.1001 -0.9917 -0.0811
vn 0.1079 -0.7507 0.6518
vn -0.2708 -0.9364 0.2231
vn 0.3392 0.2814 -0.8977
vn 0.3121 0.2465 -0.9175
vn 0.3105 0.2487 -0.9174
vn 0.3146 0.2426 -0.9177
vn -0.3070 -0.4429 -0.8424
vn -0.3026 -0.4479 -0.8413
vn -0.3050 -0.4451 -0.8419
vn -0.3074 -0.4425 -0.8425
vn -0.8568 -0.1867 -0.4807
vn 0.9503 0.3079 -0.0465
vn -0.1814 -0.0136 -0.9833
vn 0.0452 0.1449 -0.9884
vn 0.2784 0.5677 0.7747
vn 0.3336 0.4025 0.8525
vn 0.1434 0.1889 0.9715
vn 0.0921 -0.0386 0.9950
vn 0.4080 0.1529 -0.9001
vn 0.2487 0.2480 -0.9363
vn 0.1250 0.2606 -0.9573
vn -0.4422 -0.5995 -0.6672
vn -0.1823 -0.8492 -0.4957
vn 0.2676 -0.2427 0.9325
vn 0.0772 -0.2129 0.9740
vn 0.8754 0.2979 0.3808
vn 0.8703 0.1971 0.4513
vn 0.0012 0.4704 -0.8824
vn 0.0015 0.4631 -0.8863
vn 0.0011 0.4728 -0.8812
vn -0.0235 0.9195 -0.3923
vn -0.0235 0.9177 -0.3965
vn -0.0236 0.9166 -0.3990
vn 0.1569 0.5619 0.8122
vn -0.0105 0.7779 0.6284
vn 0.0899 0.4853 0.8697
vn -0.0800 0.9054 0.4169
vn 0.0960 0.8465 0.5237
vn 0.6016 0.7046 0.3763
vn 0.9547 0.2217 0.1983
vn 0.2507 0.9451 0.2096
vn 0.6723 0.7398 0.0265
vn 0.3757 0.8987 -0.2262
vn 0.3846 0.8853 -0.2615
vn 0.0309 0.9995 -0.0023
vn 0.4697 0.5220 -0.7120
vn 0.4135 0.4787 -0.7745
vn 0.6684 0.4677 -0.5783
vn 0.6693 0.4658 -0.5789
vn 0.6622 0.4792 -0.5761
vn 0.7694 0.5896 -0.2458
vn 0.7593 0.6129 -0.2187
vn 0.8872 0.4543 -0.0808
vn 0.7739 0.6084 -0.1758
vn 0.6355 0.3755 -0.6747
vn 0.5720 0.4223 -0.7032
vn 0.3551 0.1299 0.9258
vn 0.8561 0.4198 -0.3016
vn 0.8581 0.4173 -0.2993
vn 0.8586 0.4167 -0.2987
vn 0.8274 0.4802 -0.2913
vn 0.8204 0.5126 -0.2535
vn -0.8673 -0.4966 -0.0338
vn 0.3169 -0.3213 0.8924
vn 0.0682 -0.6340 0.7703
vn 0.0586 -0.6643 0.7452
vn 0.3923 0.0814 0.9162
vn 0.6853 0.3335 0.6475
vn 0.8089 0.3161 0.4956
vn 0.6603 0.1979 0.7244
vn 0.5344 0.2072 0.8194
vn 0.6548 0.4041 0.6387
vn 0.6557 0.4026 0.6387
vn 0.6603 0.3953 0.6386
vn 0.6779 0.1492 0.7199
vn 0.8765 0.4652 -0.1236
vn 0.8554 0.5098 -0.0917
vn -0.7920 -0.4096 -0.4528
vn -0.7478 -0.1077 -0.6551
vn -0.6584 -0.5107 -0.5528
vn 0.6047 0.0865 -0.7918
vn 0.7088 0.3809 -0.5938
vn 0.7034 0.3895 -0.5945
vn 0.7075 0.3830 -0.5940
vn 0.7786 0.3233 -0.5378
vn 0.7144 0.3488 -0.6066
vn 0.4748 0.4757 -0.7404
vn 0.7936 0.4192 0.4411
vn 0.8077 0.3886 0.4434
vn 0.7993 0.4934 0.3429
vn 0.7569 0.3688 -0.5396
vn 0.7481 0.3751 -0.5473
vn 0.7479 0.3775 -0.5461
vn 0.7481 0.3753 -0.5473
vn 0.8691 0.4946 0.0021
vn -0.0339 -0.4177 -0.9080
vn 0.1201 -0.1050 -0.9872
vn 0.7954 0.3393 -0.5021
vn -0.4942 -0.0446 -0.8682
vn -0.4372 0.1553 -0.8858
vn 0.9210 0.3887 0.0272
vn 0.9203 0.3902 0.0277
vn 0.9234 0.3829 0.0254
vn 0.9241 0.3813 0.0249
vn 0.6019 0.0117 0.7985
vn 0.5581 -0.1080 0.8227
vn 0.3076 0.1693 0.9363
vn 0.4806 0.3463 0.8057
vn 0.3223 -0.0626 0.9446
vn 0.6882 0.4126 -0.5968
vn 0.6886 0.4115 -0.5972
vn 0.6887 0.4164 -0.5935
vn 0.0352 -0.0128 -0.9993
vn 0.3230 0.2059 -0.9237
vn 0.7136 0.4325 -0.5510
vn 0.8455 0.3280 -0.4213
vn 0.8641 0.2922 -0.4098
vn 0.2045 0.0832 -0.9753
vn -0.0667 -0.1272 -0.9896
vn 0.8652 0.4551 -0.2105
vn -0.2732 -0.5261 -0.8053
vn -0.0570 -0.2642 -0.9628
vn 0.6479 0.3192 -0.6917
vn 0.6484 0.3183 -0.6916
vn 0.6523 0.3115 -0.6911
vn 0.7524 0.3416 -0.5633
vn 0.6944 0.4506 -0.5610
vn 0.7021 0.3916 -0.5947
vn 0.3015 0.4326 0.8497
vn 0.0515 0.8170 0.5743
vn 0.7565 -0.1293 0.6411
vn 0.8456 -0.2321 0.4807
vn -0.0037 0.9288 0.3705
vn 0.9787 -0.0894 0.1848
vn 0.9566 0.1007 -0.2733
vn 0.5262 0.4106 -0.7447
vn 0.4626 0.3583 -0.8109
vn 0.0213 0.4190 -0.9077
vn 0.0205 0.4179 -0.9083
vn 0.0265 0.4265 -0.9041
vn 0.0273 0.4275 -0.9036
vn 0.8742 0.3796 -0.3028
vn 0.5986 0.4647 -0.6525
vn 0.3998 0.8666 -0.2986
vn 0.3194 0.9179 -0.2353
vn 0.6925 0.4902 -0.5293
vn 0.6533 0.3096 -0.6909
vn 0.6576 0.2876 -0.6963
vn 0.6603 0.4806 -0.5771
vn 0.6607 0.4802 -0.5769
vn 0.4473 -0.3643 0.8169
vn 0.4477 -0.3649 0.8163
vn 0.4453 -0.3615 0.8192
vn 0.4447 -0.3607 0.8198
vn 0.0942 -0.4249 0.9003
vn 0.0622 -0.3669 0.9282
vn 0.9644 0.1864 0.1877
vn 0.9222 0.2506 0.2945
vn 0.3100 0.7420 0.5944
vn 0.6622 0.3922 0.6385
vn 0.3335 0.8846 -0.3260
vn 0.3254 0.8981 -0.2959
vn -0.0234 0.9206 -0.3898
vn 0.6972 0.7048 -0.1311
vn 0.4920 0.8683 -0.0626
vn 0.4917 0.8685 -0.0624
vn 0.4923 0.8682 -0.0628
vn 0.7339 0.2048 -0.6476
vn 0.5952 0.3954 -0.6996
vn -0.5389 -0.5835 0.6075
vn -0.3995 -0.5819 0.7084
vn 0.3112 -0.2274 0.9227
vn -0.4901 -0.5918 0.6400
vn -0.4385 -0.5001 0.7468
vn 0.2302 -0.0301 0.9727
vn -0.0972 -0.7805 0.6176
vn -0.2972 -0.5443 0.7845
vn 0.1195 -0.3433 0.9316
vn -0.4083 -0.4832 0.7745
vn 0.4488 0.0073 0.8936
vn -0.1119 -0.2947 0.9490
vn -0.8517 -0.2705 -0.4488
vn 0.2194 -0.1043 0.9700
vn 0.4475 0.2500 0.8586
vn 0.5352 -0.0417 0.8437
vn 0.1342 -0.1492 0.9797
vn 0.1317 -0.1504 0.9798
vn 0.1353 -0.1486 0.9796
vn -0.2196 -0.4641 0.8581
vn 0.2654 -0.0838 0.9605
vn 0.8855 0.2711 0.3774
vn 0.8219 0.3540 0.4462
vn 0.9301 0.3643 0.0465
vn 0.5949 0.0022 0.8038
vn 0.2892 0.2802 0.9153
vn 0.1306 -0.1509 0.9799
vn 0.3205 0.0724 0.9445
vn 0.4214 0.0904 0.9024
vn 0.8901 0.4488 -0.0796
vn 0.8223 0.2138 0.5275
vn 0.8558 0.4201 -0.3018
vn 0.9030 0.3849 -0.1910
vn -0.3751 -0.5343 0.7575
vn 0.4615 0.0018 0.8871
vn -0.8953 -0.4305 -0.1148
vn 0.3893 -0.0218 0.9209
vn 0.0791 -0.3676 0.9266
vn -0.9048 -0.4174 -0.0842
vn -0.8391 -0.5328 -0.1097
vn -0.8208 -0.5653 0.0821
vn -0.7531 -0.6336 0.1769
vn -0.8896 -0.4554 -0.0352
vn 0.2059 0.2330 0.9504
vn 0.2239 0.0181 0.9745
vn 0.1434 0.0919 0.9854
vn 0.3671 0.1619 0.9160
vn 0.1776 0.0732 0.9814
vn 0.2033 0.0008 0.9791
vn 0.0217 0.3707 0.9285
vn 0.1786 -0.3201 0.9304
vn 0.3074 -0.0041 0.9516
vn -0.0656 0.1646 -0.9842
vn 0.3096 0.2501 -0.9174
vn 0.1678 -0.2632 -0.9500
vn -0.0924 -0.2836 -0.9545
vn 0.3510 -0.0175 -0.9362
vn 0.3739 0.0269 -0.9271
vn 0.3253 0.0881 -0.9415
vn 0.3789 0.2168 -0.8997
vn 0.5489 0.1958 -0.8126
vn 0.5958 0.1729 -0.7843
vn -0.3186 -0.8743 -0.3663
vn -0.1831 -0.5623 -0.8064
vn 0.3856 -0.0212 -0.9224
vn 0.3577 -0.0095 -0.9338
vn -0.5847 -0.7164 -0.3806
vn -0.6098 -0.7906 -0.0548
vn 0.5988 0.3144 -0.7366
vn 0.5890 0.1894 -0.7856
vn 0.7489 0.3762 -0.5455
vn 0.7492 0.3759 -0.5453
vn 0.9576 0.2837 -0.0508
vn 0.8623 0.4742 -0.1776
vn 0.0871 -0.1323 -0.9874
vn -0.3146 -0.3581 -0.8791
vn -0.4190 0.0464 -0.9068
vn -0.3328 -0.4007 -0.8537
vn 0.1057 -0.0946 -0.9899
vn 0.3407 0.3021 -0.8903
vn 0.9415 0.3350 0.0368
vn 0.8369 0.2998 0.4580
vn 0.7848 0.3842 0.4863
vn 0.3224 0.1899 0.9274
vn 0.4797 0.1294 0.8678
vn -0.6327 -0.6710 -0.3866
vn -0.8575 -0.3664 -0.3611
vn -0.2693 -0.4758 -0.8373
vn -0.4507 -0.0766 -0.8894
vn 0.6934 0.3970 -0.6013
vn 0.6927 0.3983 -0.6013
vn 0.4230 0.2500 -0.8710
vn 0.5766 0.4802 -0.6610
vn 0.5460 0.0447 -0.8366
vn -0.2035 -0.8900 -0.4080
vn 0.5417 0.2346 0.8072
vn 0.0348 0.5227 -0.8518
vn 0.3244 0.4372 -0.8388
vn 0.0017 0.4606 -0.8876
vn 0.6023 0.4740 -0.6424
vn 0.5982 0.4669 -0.6513
vn 0.5982 0.4668 -0.6514
vn 0.4094 0.5204 -0.7494
vn 0.5980 0.4664 -0.6518
vn 0.8862 0.3816 -0.2629
vn 0.8861 0.3817 -0.2628
vn 0.8865 0.3799 -0.2643
vn 0.7582 0.3453 -0.5530
vn 0.9147 0.3829 -0.1292
vn 0.8865 0.3796 -0.2645
vn 0.0366 0.7996 0.5994
vn 0.0121 0.4918 -0.8706
vn 0.0476 0.1321 0.9901
vn -0.3116 -0.4579 0.8326
vn 0.9702 0.2423 0.0102
vn 0.8347 0.1357 0.5336
vn 0.8512 0.1321 0.5079
vn -0.8843 -0.4160 -0.2122
vn -0.4862 -0.5426 0.6850
vn -0.8074 -0.3811 -0.4504
vn -0.5114 -0.5525 0.6582
vn -0.7738 -0.5196 0.3622
vn -0.0940 -0.3706 0.9240
vn 0.1609 -0.1296 0.9784
vn 0.1626 -0.1274 0.9784
vn 0.1567 -0.1349 0.9784
vn 0.9062 0.2549 -0.3374
vn -0.7860 -0.3929 -0.4774
vn -0.7893 -0.3858 -0.4776
vn -0.7898 -0.3848 -0.4776
vn -0.3792 -0.1864 -0.9063
vn -0.3818 -0.1897 -0.9046
vn -0.3813 -0.1891 -0.9049
vn 0.2035 0.0333 -0.9785
vn 0.9332 0.2909 -0.2111
vn 0.9597 0.2632 0.0982
vn -0.6116 -0.4220 0.6692
vn 0.3016 -0.1722 0.9378
vn -0.8907 -0.4543 -0.0166
vn -0.8567 -0.4375 -0.2734
vn -0.8792 -0.4752 0.0331
vn -0.8792 -0.4754 0.0325
vn -0.8795 -0.4747 0.0348
vn -0.3786 -0.1856 -0.9068
vn -0.2671 -0.1171 -0.9565
vn 0.2604 0.0523 -0.9641
vn 0.6005 0.1935 -0.7758
vn 0.0142 -0.3271 0.9449
vn 0.6015 -0.0319 0.7983
vn 0.1544 -0.1377 0.9784
vn -0.0764 -0.2266 0.9710
vn -0.3022 -0.3659 0.8803
vn -0.7588 -0.4750 0.4456
vn -0.4813 -0.4341 0.7615
vn -0.2009 -0.2567 -0.9454
vn 0.6273 0.2684 -0.7311
vn 0.7873 0.3329 -0.5190
vn -0.0405 -0.2276 -0.9729
vn -0.2328 -0.1247 -0.9645
vn -0.2379 -0.1143 -0.9645
vn -0.2331 -0.1242 -0.9645
vn 0.2674 0.0343 -0.9630
vn 0.6903 0.2475 -0.6799
vn 0.1979 -0.0093 -0.9802
vn -0.2382 -0.1136 -0.9645
vn 0.6936 0.0678 0.7172
vn 0.2309 -0.1643 0.9590
vn 0.0706 -0.3396 0.9379
vn -0.5603 -0.5050 0.6565
vn -0.7338 -0.5345 0.4193
vn -0.8981 -0.4381 0.0389
vn -0.7544 -0.4992 0.4262
vn -0.8795 -0.4745 0.0354
vn -0.8861 -0.3855 -0.2574
vn -0.7857 -0.3936 -0.4774
vn -0.8546 -0.4527 -0.2545
vn -0.3879 -0.1617 -0.9074
vn -0.8256 -0.3584 -0.4359
vn 0.2013 -0.6687 -0.7157
vn 0.4534 -0.4106 -0.7911
vn -0.6974 -0.7105 -0.0938
vn -0.7757 -0.6311 0.0037
vn -0.3388 -0.6494 -0.6808
vn -0.6902 -0.5333 -0.4891
vn 0.9485 -0.2857 0.1371
vn 0.8992 0.1009 0.4257
vn 0.8972 0.0535 0.4384
vn 0.9738 0.0070 -0.2272
vn 0.8865 -0.1590 -0.4345
vn -0.6993 -0.6741 0.2380
vn 0.5684 -0.1812 0.8026
vn 0.4907 -0.1091 0.8645
vn -0.1827 -0.1945 -0.9637
vn -0.3903 0.0435 -0.9197
vn 0.9815 -0.1900 0.0232
vn 0.9777 -0.2099 0.0016
vn 0.0810 -0.3265 -0.9417
vn 0.3063 -0.6615 -0.6846
vn 0.5543 -0.1456 -0.8195
vn 0.2758 -0.4741 -0.8361
vn -0.6847 -0.7107 0.1616
vn -0.4583 -0.8114 0.3627
vn -0.4145 -0.7180 0.5591
vn -0.4452 -0.7060 0.5509
vn -0.1978 -0.4488 0.8714
vn -0.0393 -0.5417 0.8397
vn -0.5694 -0.3557 -0.7411
vn -0.3566 -0.5328 -0.7674
vn -0.0149 -0.3315 -0.9433
vn 0.0348 -0.1415 -0.9893
vn 0.1598 -0.9773 -0.1391
vn 0.1509 -0.9783 -0.1421
vn 0.1603 -0.9772 -0.1389
vn 0.1655 -0.9777 -0.1291
vn -0.0699 -0.9940 -0.0846
vn 0.2585 -0.9552 -0.1439
vn 0.1780 -0.9690 -0.1716
vn 0.2954 -0.9552 0.0188
vn 0.1757 -0.9839 -0.0336
vn 0.1578 -0.9875 0.0008
vn 0.1249 -0.9922 0.0031
vn 0.3330 -0.9425 -0.0282
vn 0.3118 -0.9472 -0.0745
vn 0.3059 -0.9189 -0.2492
vn 0.2952 -0.9123 -0.2836
vn 0.1457 -0.9832 -0.1097
vn 0.1790 -0.9785 -0.1026
vn 0.1083 -0.9933 -0.0392
vn 0.1107 -0.9918 -0.0645
vn 0.0215 -0.9948 -0.0994
vn 0.1172 -0.9734 -0.1969
vn -0.0642 -0.9976 -0.0250
vn -0.0447 -0.9986 -0.0275
vn 0.1866 -0.9774 0.0990
vn 0.0511 -0.9791 0.1969
vn 0.2822 -0.9568 -0.0694
vn 0.2076 -0.9719 0.1113
vn 0.2610 -0.9403 -0.2184
vn 0.2921 -0.9380 -0.1867
vn 0.1602 -0.9480 -0.2749
vn 0.1507 -0.9783 -0.1422
vn -0.4601 -0.2230 -0.8594
vn -0.6406 -0.0405 -0.7668
vn 0.0438 -0.4556 -0.8891
vn -0.0757 -0.6851 -0.7245
vn 0.7793 -0.4957 -0.3834
vn -0.9613 0.2667 -0.0686
vn -0.2891 -0.0156 -0.9572
vn -0.1890 -0.0708 -0.9794
vn 0.4064 0.5577 0.7238
vn 0.4742 0.6114 0.6335
vn -0.0272 0.3162 0.9483
vn 0.0718 0.5311 0.8442
vn -0.4226 -0.5705 -0.7042
vn -0.4224 -0.5705 -0.7044
vn -0.4185 -0.5690 -0.7079
vn -0.2808 -0.5097 -0.8133
vn -0.1606 -0.5007 -0.8506
vn 0.1226 -0.8309 -0.5427
vn 0.1206 -0.8587 -0.4980
vn 0.0197 0.3782 0.9255
vn 0.3592 0.5112 0.7808
vn -0.9217 0.3444 0.1785
vn -0.9127 0.3354 0.2335
vn -0.2467 0.4542 -0.8560
vn -0.4786 0.1402 -0.8668
vn -0.6609 0.2623 -0.7032
vn -0.6611 0.2630 -0.7027
vn -0.6602 0.2606 -0.7044
vn -0.7107 0.0066 -0.7035
vn -0.8446 0.0123 -0.5352
vn -0.8385 0.2118 -0.5020
vn -0.9603 0.1443 -0.2389
vn -0.9002 0.1941 -0.3899
vn -0.7655 -0.0586 -0.6408
vn -0.7479 -0.0376 -0.6627
vn -0.0746 0.7079 0.7024
vn -0.9382 -0.1090 -0.3284
vn -0.8901 0.0579 -0.4522
vn -0.8891 0.0985 -0.4470
vn 0.8172 -0.5101 0.2682
vn 0.3449 0.0009 0.9386
vn -0.1616 -0.6405 0.7507
vn 0.0876 -0.4866 0.8692
vn 0.0314 0.7819 0.6226
vn -0.7831 0.5628 0.2645
vn -0.8392 0.4956 0.2238
vn -0.6353 0.6074 0.4769
vn -0.4939 0.6944 0.5233
vn -0.6054 0.7109 0.3578
vn -0.6186 0.6460 0.4471
vn -0.9487 0.2098 -0.2367
vn -0.9301 0.2734 -0.2452
vn 0.7356 -0.6660 -0.1237
vn 0.4986 -0.7286 -0.4696
vn 0.2396 -0.8422 -0.4830
vn -0.6778 -0.4417 -0.5878
vn -0.8438 -0.2303 -0.4847
vn -0.8441 -0.2314 -0.4838
vn -0.8451 -0.2360 -0.4797
vn -0.8338 -0.2284 -0.5026
vn -0.7584 -0.2642 -0.5959
vn -0.5512 -0.2408 -0.7988
vn -0.5513 -0.2408 -0.7988
vn -0.5512 -0.2409 -0.7988
vn -0.8393 0.5259 0.1379
vn -0.8617 0.4691 0.1937
vn -0.8730 0.4807 0.0822
vn -0.8270 -0.2085 -0.5221
vn -0.7963 -0.2082 -0.5679
vn -0.7963 -0.2081 -0.5680
vn -0.7964 -0.2057 -0.5687
vn -0.9382 0.2104 -0.2748
vn -0.2171 -0.6687 -0.7111
vn -0.4092 -0.5320 -0.7413
vn -0.8340 -0.1516 -0.5305
vn 0.4875 -0.6404 -0.5935
vn 0.3572 -0.4710 -0.8066
vn -0.9968 0.0629 -0.0499
vn -0.9725 0.1985 -0.1220
vn -0.9726 0.1982 -0.1216
vn -0.9721 0.1993 -0.1234
vn -0.6000 0.4942 0.6291
vn -0.5375 0.4320 0.7242
vn 0.3345 0.4054 0.8507
vn 0.3475 0.3509 0.8695
vn 0.2822 0.2182 0.9342
vn -0.7442 -0.2043 -0.6360
vn -0.3173 -0.6333 -0.7059
vn -0.4184 -0.5689 -0.7080
vn -0.7716 -0.1662 -0.6140
vn -0.8854 -0.1650 -0.4346
vn -0.8669 -0.1396 -0.4785
vn -0.2100 -0.6479 -0.7322
vn 0.0918 -0.7735 -0.6271
vn -0.8819 -0.0343 -0.4702
vn 0.1225 -0.9267 -0.3552
vn 0.1190 -0.9265 -0.3571
vn 0.1242 -0.9268 -0.3543
vn 0.1172 -0.9263 -0.3580
vn -0.7882 -0.2235 -0.5733
vn -0.8093 -0.2036 -0.5509
vn -0.7858 -0.0996 -0.6104
vn -0.8453 -0.2371 -0.4787
vn -0.6856 0.0558 -0.7258
vn -0.7696 -0.0123 -0.6384
vn -0.7834 -0.1370 -0.6062
vn -0.7643 -0.2248 -0.6044
vn -0.6380 0.0269 -0.7696
vn 0.8900 -0.0965 0.4457
vn 0.6460 0.2585 0.7182
vn 0.0362 -0.2606 0.9648
vn 0.6859 0.1818 0.7047
vn 0.6531 0.2952 0.6974
vn 0.1701 0.5951 0.7854
vn 0.1701 0.5952 0.7854
vn 0.1699 0.5949 0.7856
vn -0.1312 -0.7280 0.6729
vn 0.7816 -0.0766 0.6190
vn 0.2485 0.3772 0.8922
vn 0.6794 0.2547 0.6881
vn 0.4773 0.4037 0.7805
vn 0.4485 0.4248 0.7864
vn 0.8008 -0.5303 -0.2783
vn 0.1086 0.6130 0.7826
vn -0.0520 0.7483 0.6613
vn -0.1313 0.5597 0.8183
vn 0.2403 0.6696 0.7027
vn 0.5453 0.3247 0.7728
vn 0.1704 0.5955 0.7851
vn -0.9110 0.3855 0.1468
vn -0.8835 0.4474 0.1390
vn -0.9840 0.1486 -0.0983
vn -0.5215 0.5766 0.6290
vn -0.3064 0.8078 0.5035
vn 0.1866 0.6911 0.6982
vn 0.1181 0.6745 0.7287
vn -0.0620 0.6823 0.7284
vn -0.0623 0.6820 0.7287
vn -0.0667 0.6786 0.7314
vn -0.9644 0.2136 -0.1556
vn -0.8177 0.5100 0.2669
vn -0.8939 -0.0937 -0.4383
vn -0.9759 0.0005 -0.2184
vn 0.6389 0.1668 0.7510
vn 0.1180 0.2850 0.9512
vn 0.9220 -0.3801 0.0740
vn -0.3425 0.7239 0.5989
vn 0.3357 0.3212 0.8855
vn 0.9521 -0.2861 0.1080
vn 0.8339 -0.5182 0.1901
vn 0.7670 -0.6275 0.1338
vn 0.8507 -0.2626 0.4553
vn 0.9352 -0.3251 0.1402
vn 0.0596 0.2234 0.9729
vn 0.1519 0.4762 0.8661
vn 0.3622 0.5882 0.7230
vn -0.0612 0.6829 0.7279
vn -0.0477 0.0425 0.9980
vn 0.2391 0.3098 0.9202
vn 0.4112 0.6288 0.6600
vn 0.6844 0.1142 0.7201
vn 0.2954 0.5631 0.7718
vn -0.3493 -0.1103 -0.9305
vn -0.6295 -0.2199 -0.7452
vn -0.4171 -0.6735 -0.6103
vn -0.1992 -0.7111 -0.6743
vn -0.4129 -0.5891 -0.6946
vn -0.5680 -0.4512 -0.6883
vn -0.4699 -0.6460 -0.6016
vn -0.5650 -0.5430 -0.6212
vn -0.6774 -0.4258 -0.5999
vn -0.7312 -0.4308 -0.5290
vn 0.2428 -0.8853 -0.3965
vn 0.0352 -0.8312 -0.5549
vn 0.0351 -0.8305 -0.5559
vn 0.0355 -0.8342 -0.5502
vn -0.5037 -0.6124 -0.6093
vn -0.4800 -0.6082 -0.6322
vn 0.5470 -0.8355 -0.0526
vn 0.5340 -0.8432 -0.0618
vn -0.6995 -0.4543 -0.5517
vn -0.7349 -0.3634 -0.5726
vn -0.7973 -0.2063 -0.5672
vn -0.7975 -0.2064 -0.5669
vn -0.9672 0.1220 -0.2229
vn -0.9334 0.1466 -0.3276
vn -0.2961 -0.7562 -0.5835
vn 0.0356 -0.8348 -0.5494
vn 0.3413 -0.7738 -0.5335
vn 0.0869 -0.8493 -0.5208
vn -0.4232 -0.6577 -0.6231
vn -0.5511 -0.2410 -0.7989
vn -0.9720 0.1996 -0.1238
vn -0.8931 0.3252 0.3108
vn -0.8105 0.5505 0.2000
vn -0.3210 0.7628 0.5614
vn -0.4991 0.6403 0.5840
vn 0.6325 -0.7638 -0.1286
vn 0.5203 -0.8389 -0.1596
vn 0.1381 -0.9303 -0.3398
vn 0.1606 -0.5957 -0.7870
vn -0.7427 -0.2173 -0.6334
vn -0.7451 -0.2229 -0.6286
vn -0.7455 -0.2239 -0.6277
vn -0.7422 -0.2162 -0.6344
vn -0.4534 -0.4836 -0.7487
vn -0.6436 -0.1930 -0.7406
vn -0.5414 -0.6190 -0.5689
vn 0.2839 0.2334 0.9300
vn -0.3059 0.4934 -0.8142
vn -0.6753 0.2752 -0.6843
vn -0.2334 0.3952 -0.8885
vn -0.7987 0.2110 -0.5635
vn -0.6599 0.2599 -0.7049
vn -0.7185 -0.0421 -0.6943
vn -0.6719 -0.0112 -0.7406
vn -0.9051 0.0636 -0.4203
vn -0.9048 0.0685 -0.4204
vn -0.9052 0.0632 -0.4203
vn -0.7883 -0.1299 -0.6015
vn -0.9424 0.2242 -0.2484
vn -0.9047 0.0691 -0.4204
vn -0.1292 0.3194 -0.9388
vn 0.8427 -0.5155 -0.1553
vn 0.8445 -0.5102 -0.1628
vn 0.8442 -0.5109 -0.1620
vn -0.8641 0.3458 0.3657
vn -0.6597 -0.3781 -0.6495
vn 0.8419 -0.5165 -0.1561
vn 0.7554 0.0875 0.6494
vn -0.3651 0.2903 0.8845
vn -0.9289 0.1831 -0.3220
vn 0.2877 -0.7192 -0.6324
vn -0.9903 0.1387 -0.0058
vn 0.4333 0.2575 0.8637
vn -0.9235 0.1219 -0.3638
vn 0.1597 0.2652 0.9509
vn 0.5793 -0.1560 0.8000
vn 0.6089 0.1165 0.7846
vn 0.2431 -0.8163 -0.5239
vn -0.8603 0.0930 -0.5012
vn -0.9670 -0.0547 -0.2490
vn 0.9478 -0.2514 0.1961
vn 0.9945 0.0964 -0.0406
vn -0.2746 0.4980 0.8226
vn 0.5670 -0.2464 0.7860
vn -0.2603 -0.6685 -0.6967
vn -0.5286 -0.1961 -0.8259
vn 0.8753 -0.4581 -0.1551
vn -0.2248 0.4135 0.8823
vn -0.5829 -0.3758 -0.7204
vn 0.2703 -0.5603 -0.7829
vn -0.3117 0.4011 0.8614
vn -0.8824 -0.2536 -0.3964
vn -0.9271 0.0430 -0.3724
vn -0.9932 -0.1150 0.0165
vn 0.5910 0.1322 0.7957
vn 0.9807 -0.1789 -0.0784
vn 0.2790 0.2772 0.9194
vn 0.4922 0.6239 0.6070
vn 0.2711 0.2268 0.9355
vn 0.2801 0.5388 0.7945
vn -0.0110 -0.5786 -0.8155
vn -0.9545 0.0502 -0.2940
vn -0.2679 0.6466 0.7142
vn -0.9596 -0.2249 -0.1692
vn -0.9829 0.1725 0.0638
vn -0.9234 0.0049 -0.3837
vn 0.7742 0.1806 0.6066
vn -0.2084 -0.6831 -0.7000
vn 0.2566 -0.3906 -0.8841
vn 0.8709 0.0078 0.4913
vn -0.8486 0.3684 0.3798
vn -0.9977 0.0457 -0.0497
vn 0.9523 0.2183 0.2133
vn -0.6199 -0.4782 -0.6222
vn -0.0488 -0.2150 0.9754
vn -0.0484 -0.1939 0.9798
vn -0.7237 0.1966 0.6615
vn -0.6587 -0.3974 -0.6389
vn -0.4907 -0.7009 -0.5176
vn -0.5557 -0.6206 -0.5532
vn 0.8456 -0.4329 0.3123
vn 0.7638 -0.5700 0.3028
vn 0.4438 -0.8929 -0.0757
vn 0.8162 -0.5753 -0.0530
vn -0.8161 -0.3291 0.4751
vn -0.8924 0.2740 0.3586
vn -0.7719 0.0966 0.6284
vn -0.9692 -0.1806 -0.1672
vn -0.9075 -0.3010 -0.2929
vn 0.6854 -0.3762 0.6234
vn -0.5356 0.3650 0.7615
vn -0.4710 0.4685 0.7474
vn 0.2171 -0.7889 -0.5749
vn 0.3830 -0.5654 -0.7305
vn -0.9247 -0.2819 0.2559
vn -0.9247 -0.2816 0.2563
vn -0.9247 -0.2819 0.2560
vn -0.9246 -0.2823 0.2557
vn -0.2835 -0.2403 -0.9284
vn -0.5823 -0.6792 -0.4468
vn -0.6953 -0.3124 -0.6473
vn -0.5982 -0.4766 -0.6442
vn 0.6968 -0.2884 0.6567
vn 0.5825 -0.2632 0.7690
vn 0.5230 -0.0654 0.8498
vn 0.5513 -0.0589 0.8322
vn 0.2636 0.3167 0.9112
vn 0.1225 0.2100 0.9700
vn 0.6237 -0.7004 -0.3470
vn 0.4428 -0.8692 -0.2201
vn -0.1420 -0.5678 -0.8108
vn -0.0128 -0.7952 -0.6062
vn -0.1973 -0.8539 0.4816
vn -0.0137 -0.8188 0.5740
vn -0.0138 -0.8189 0.5738
vn 0.2463 -0.7935 0.5565
vn -0.0952 -0.8027 0.5888
vn -0.0138 -0.8190 0.5736
vn -0.1100 -0.6754 0.7292
vn 0.0184 -0.7321 0.6810
vn -0.0829 -0.7864 0.6121
vn 0.0029 -0.7851 0.6194
vn -0.1749 -0.7241 0.6672
vn -0.1529 -0.7572 0.6351
vn -0.1507 -0.8586 0.4899
vn -0.1411 -0.8768 0.4596
vn -0.0425 -0.8420 0.5378
vn -0.0659 -0.8376 0.5422
vn -0.1205 -0.8231 0.5550
vn -0.1222 -0.8247 0.5523
vn -0.1178 -0.8205 0.5594
vn -0.1162 -0.8190 0.5619
vn -0.0621 -0.8833 0.4647
vn -0.1263 -0.9019 0.4130
vn 0.1982 -0.6789 0.7070
vn 0.1713 -0.6879 0.7053
vn -0.0254 -0.6421 0.7662
vn 0.1080 -0.5586 0.8224
vn -0.1222 -0.7568 0.6421
vn -0.0470 -0.6322 0.7734
vn -0.1031 -0.8468 0.5218
vn -0.1343 -0.8267 0.5463
vn -0.1175 -0.8785 0.4630
vn -0.1217 -0.8844 0.4506
vn 0.0530 0.0602 0.9968
vn 0.1683 0.9857 0.0110
vn 0.0051 0.9080 -0.4190
vn -0.2657 0.8826 -0.3879
vn 0.2844 0.9238 0.2565
vn 0.5203 0.8297 -0.2022
vn 0.0008 0.4831 0.8756
vn 0.3159 0.9460 -0.0727
vn 0.4739 0.8522 -0.2218
vn -0.3192 0.9279 -0.1926
vn -0.7817 0.6217 -0.0486
vn -0.5307 0.8107 -0.2472
vn -0.4640 0.8531 -0.2384
vn -0.4970 0.5856 -0.6403
vn -0.5677 0.6991 -0.4348
vn -0.2700 0.9577 -0.0993
vn -0.3026 0.5727 0.7619
vn 0.4615 0.8135 -0.3539
vn -0.5872 -0.7167 0.3762
vn -0.6249 -0.5886 0.5129
vn 0.3433 0.9387 0.0311
vn -0.9710 -0.1007 0.2168
vn -0.9678 -0.0683 -0.2421
vn -0.3054 0.1065 -0.9463
vn -0.4759 0.1997 -0.8565
vn 0.0041 0.2654 -0.9641
vn -0.1531 0.4205 -0.8943
vn -0.7925 0.3283 -0.5140
vn -0.5326 0.5695 -0.6261
vn -0.5496 0.5357 -0.6410
vn -0.5679 -0.7350 0.3706
vn -0.5442 -0.5572 0.6272
vn -0.4254 -0.5951 0.6818
vn -0.2753 -0.3665 0.8887
vn -0.9771 0.1793 0.1145
vn -0.9177 0.3194 0.2363
vn 0.1306 0.9731 -0.1899
vn -0.2479 0.9665 0.0663
vn -0.6362 0.5423 -0.5487
vn -0.6729 0.6677 -0.3184
vn -0.2415 0.8134 -0.5291
vn -0.3982 0.7784 -0.4853
vn -0.2434 0.8421 -0.4813
vn -0.5699 0.5403 -0.6191
vn -0.6349 -0.1141 -0.7641
vn -0.4334 0.1054 -0.8950
vn 0.4800 0.8401 -0.2528
vn -0.1671 0.1251 0.9780
vn -0.2104 -0.0331 0.9770
vn -0.4089 0.7991 -0.4407
vn -0.2012 0.8890 -0.4113
vn 0.5343 0.8415 0.0798
vn -0.9881 -0.1401 0.0628
vn -0.8954 -0.4316 -0.1095
vn 0.9240 0.3818 0.0227
vn 0.9526 0.2786 0.1220
vn 0.9425 0.3315 -0.0423
vn 0.3630 -0.7597 0.5396
vn 0.2269 -0.8404 0.4921
vn 0.9106 -0.2523 0.3272
vn 0.9171 -0.2435 0.3157
vn 0.9168 -0.2415 0.3180
vn 0.9168 -0.2415 0.3181
vn -0.3164 -0.7442 0.5883
vn -0.5668 -0.7180 0.4039
vn -0.5987 -0.6938 0.4003
vn -0.8119 -0.5230 0.2593
vn -0.9578 -0.1920 0.2141
vn -0.6058 -0.7953 -0.0217
vn 0.4749 0.8734 0.1078
vn 0.3558 0.9097 0.2143
vn -0.3666 0.9293 0.0443
vn -0.9842 0.1620 -0.0717
vn -0.8981 0.4105 -0.1576
vn -0.9743 0.2221 -0.0382
vn -0.4705 0.8792 -0.0748
vn 0.1890 0.9776 0.0927
vn 0.6975 0.6881 0.2000
vn -0.4887 -0.1922 0.8510
vn -0.7245 -0.1327 0.6764
vn -0.4900 -0.4897 0.7212
vn 0.9387 0.3268 -0.1094
vn 0.9232 0.3839 -0.0147
vn -0.3258 0.1478 -0.9338
vn -0.3128 0.1832 -0.9320
vn -0.3341 0.1445 -0.9314
vn -0.3298 0.1618 -0.9301
vn -0.3338 0.1078 -0.9364
vn -0.3339 0.1118 -0.9360
vn -0.3339 0.1113 -0.9360
vn -0.3338 0.1075 -0.9365
vn -0.3015 0.0337 -0.9529
vn -0.3140 0.0567 -0.9477
vn -0.2593 -0.3058 -0.9161
vn -0.2785 -0.0900 -0.9562
vn -0.3236 0.1161 -0.9391
vn -0.3273 0.0927 -0.9404
vn 0.9038 0.3391 -0.2611
vn 0.9215 0.3739 -0.1053
vn 0.9829 -0.1821 0.0283
vn 0.9718 -0.2358 -0.0023
vn 0.9992 0.0330 0.0244
vn 0.9937 0.0949 -0.0591
vn 0.6159 -0.7401 0.2699
vn 0.5737 -0.7814 0.2455
vn -0.8725 -0.2694 0.4076
vn -0.8495 -0.2197 0.4797
vn -0.4561 -0.6082 0.6496
vn -0.3952 -0.7683 0.5035
vn -0.9449 -0.0600 0.3218
vn -0.9290 -0.0420 0.3677
vn -0.8753 -0.3380 0.3458
vn -0.9135 -0.2497 0.3211
vn -0.8940 0.1790 0.4108
vn -0.8569 0.2255 0.4635
vn -0.1714 0.9001 0.4006
vn -0.0483 0.9027 0.4276
vn 0.6909 0.7218 0.0412
vn 0.5519 0.8300 -0.0807
vn 0.5682 0.8196 -0.0735
vn 0.6430 0.7626 -0.0710
vn 0.9013 0.3105 -0.3022
vn 0.9198 0.2780 -0.2770
vn 0.9877 0.1374 0.0749
vn 0.3703 -0.4814 0.7944
vn 0.0609 -0.4685 0.8814
vn -0.6570 -0.4323 0.6176
vn -0.6571 -0.4323 0.6176
vn -0.6564 -0.4324 0.6181
vn 0.7964 -0.4255 0.4297
vn 0.1648 -0.5536 0.8163
vn 0.1993 -0.5946 0.7789
vn 0.9577 0.2527 0.1377
vn 0.9445 -0.1880 0.2694
vn -0.2343 -0.4553 0.8589
vn -0.0183 -0.5292 0.8483
vn 0.7772 -0.1621 0.6080
vn -0.2816 -0.0747 -0.9566
vn -0.3055 -0.0224 -0.9519
vn -0.2899 -0.0348 -0.9564
vn -0.2762 -0.0672 -0.9588
vn -0.0434 -0.8594 0.5094
vn -0.0950 -0.7684 0.6328
vn -0.8218 -0.4306 0.3731
vn -0.8359 -0.4194 0.3540
vn -0.8346 0.1340 0.5343
vn -0.8017 0.1403 0.5811
vn -0.4391 0.6689 0.5999
vn -0.5527 0.6553 0.5148
vn 0.6209 0.7770 -0.1039
vn 0.6836 0.7299 0.0050
vn 0.9146 0.3353 -0.2260
vn 0.9526 0.2769 -0.1260
vn -0.8558 -0.2965 0.4239
vn -0.8259 -0.2653 0.4976
vn 0.9171 0.3869 -0.0962
vn 0.9109 0.4048 -0.0801
vn -0.6577 -0.4321 0.6170
vn -0.3176 0.0771 -0.9451
vn -0.3172 0.0796 -0.9450
vn -0.3170 0.0806 -0.9450
vn -0.3178 0.0763 -0.9451
vn -0.9468 -0.0977 0.3067
vn -0.8957 -0.0278 0.4437
vn -0.6413 -0.2205 0.7349
vn 0.9957 0.0388 -0.0841
vn 0.9953 0.0376 -0.0890
vn 0.9954 0.0380 -0.0874
vn 0.9958 0.0391 -0.0825
vn 0.5992 -0.7929 0.1109
vn 0.5993 -0.7929 0.1107
vn 0.5991 -0.7929 0.1115
vn 0.5990 -0.7929 0.1116
vn -0.8732 -0.0890 0.4791
vn -0.8848 -0.0768 0.4596
vn -0.7808 -0.4657 0.4164
vn -0.7774 -0.4541 0.4353
vn -0.0889 -0.9318 0.3518
vn -0.0780 -0.9268 0.3673
vn -0.8711 -0.0252 0.4904
vn -0.8838 -0.0308 0.4669
vn 0.9222 0.3785 -0.0792
vn 0.9387 0.3443 0.0154
vn 0.9794 -0.1964 -0.0468
vn 0.9816 -0.1881 -0.0342
vn -0.9190 -0.3861 0.0791
vn -0.9119 -0.3965 0.1057
vn -0.9784 0.2030 0.0381
vn -0.9729 0.2255 -0.0505
vn -0.6525 0.7394 -0.1660
vn -0.6643 0.7202 -0.2000
vn 0.3922 0.7750 -0.4955
vn 0.5056 0.7849 -0.3582
vn 0.8236 0.3733 -0.4270
vn 0.8599 0.3560 -0.3657
vn -0.9565 -0.2802 0.0807
vn -0.9567 -0.2803 0.0781
vn -0.9562 -0.2799 0.0859
vn -0.9560 -0.2797 0.0885
vn 0.8265 0.4021 -0.3940
vn 0.7158 0.4274 -0.5523
vn 0.7680 0.0582 -0.6378
vn 0.7552 0.0559 -0.6531
vn 0.3241 -0.7378 -0.5921
vn 0.3335 -0.7560 -0.5633
vn -0.9849 -0.0601 0.1623
vn -0.9928 -0.0433 0.1117
vn -0.7511 -0.6583 -0.0498
vn -0.7705 -0.6234 -0.1330
vn -0.2422 -0.8872 -0.3926
vn -0.2357 -0.8968 -0.3744
vn -0.9899 0.0105 0.1411
vn -0.9925 0.0093 0.1219
vn 0.8401 0.4124 -0.3524
vn 0.8241 0.4184 -0.3820
vn 0.7232 -0.1948 -0.6626
vn 0.7400 -0.2048 -0.6406
vn 0.4267 -0.8128 0.3965
vn 0.3674 -0.8561 0.3634
vn 0.7229 -0.1922 0.6637
vn 0.3917 -0.8972 0.2037
vn 0.3790 -0.9056 0.1903
vn 0.0987 -0.8580 -0.5041
vn 0.0991 -0.8588 -0.5026
vn 0.0979 -0.8559 -0.5077
vn 0.0975 -0.8551 -0.5093
vn 0.9132 -0.4073 -0.0107
vn 0.9123 -0.4090 -0.0198
vn 0.9131 -0.4076 -0.0122
vn 0.9505 -0.3066 0.0499
vn 0.9064 -0.4204 -0.0400
vn 0.9121 -0.4094 -0.0220
vn 0.6235 -0.4262 -0.6554
vn 0.6237 -0.4264 -0.6551
vn 0.6230 -0.4260 -0.6560
vn 0.6228 -0.4258 -0.6564
vn 0.4728 -0.4474 0.7591
vn 0.6456 -0.3102 0.6979
vn -0.7032 -0.5632 0.4340
vn -0.7005 -0.4606 0.5451
vn 0.2069 -0.5369 0.8179
vn -0.6138 -0.6328 0.4721
vn -0.6189 -0.6612 0.4241
vn -0.8914 -0.4530 0.0160
vn -0.8970 -0.4418 -0.0137
vn -0.9159 -0.2867 0.2808
vn -0.8548 -0.4150 0.3116
vn -0.8513 -0.2709 0.4493
vn -0.8601 -0.2621 0.4377
vn -0.9724 -0.2213 0.0743
vn -0.9674 -0.2155 0.1331
vn -0.5455 0.6510 0.5279
vn -0.6423 0.6014 0.4750
vn -0.1032 0.9556 0.2762
vn 0.0340 0.9351 0.3529
vn -0.2097 0.8846 -0.4165
vn -0.1506 0.9217 -0.3576
vn 0.9092 0.0461 0.4139
vn 0.7539 -0.3995 0.5215
vn 0.9828 0.1652 -0.0820
vn -0.8817 -0.3023 0.3622
vn -0.6763 0.6209 0.3965
vn 0.9892 0.1448 -0.0241
vn 0.9508 0.2260 0.2117
vn 0.9153 0.3775 -0.1406
vn -0.5702 -0.6633 0.4846
vn -0.6905 -0.4589 0.5591
vn 0.1333 -0.6551 0.7437
vn 0.9165 -0.2396 0.3203
vn -0.8810 -0.3185 0.3499
vn -0.8457 -0.3353 0.4151
vn -0.8547 -0.0577 0.5160
vn -0.9569 0.1734 0.2331
vn -0.1879 0.9363 0.2968
vn -0.3275 0.8671 0.3754
vn 0.6704 0.7417 0.0235
vn 0.6554 0.7538 0.0468
vn 0.7972 -0.4496 0.4029
vn 0.2419 -0.7012 0.6706
vn 0.4961 0.8545 0.1540
vn 0.5896 0.8066 0.0421
vn 0.3978 0.8621 0.3140
vn 0.5824 0.7990 0.1497
vn -0.8706 0.4551 0.1872
vn 0.8116 -0.1788 -0.5561
vn 0.4909 0.3841 0.7820
vn 0.4895 0.3848 0.7825
vn 0.4907 0.3842 0.7820
vn 0.4094 -0.7194 -0.5611
vn 0.4120 -0.7200 -0.5584
vn 0.4125 -0.7202 -0.5578
vn 0.8419 -0.2308 -0.4878
vn 0.4877 0.2414 0.8389
vn 0.4139 -0.7018 -0.5798
vn -0.9967 0.0613 -0.0531
vn 0.1481 0.3961 0.9062
vn -0.9943 -0.1018 0.0329
vn 0.9183 -0.3942 0.0365
vn -0.1352 0.5684 0.8116
vn 0.4989 0.3802 0.7788
vn 0.3162 -0.2590 -0.9126
vn -0.9338 -0.1652 -0.3174
vn 0.4087 -0.7193 -0.5618
vn 0.0345 0.4298 0.9023
vn 0.9412 -0.2102 0.2645
vn 0.4248 0.2292 0.8758
vn 0.9541 -0.2442 0.1734
vn 0.9181 -0.3957 0.0213
vn 0.9484 -0.2620 0.1787
vn -0.5925 0.4633 0.6590
vn 0.9343 -0.3551 0.0311
vn -0.8282 -0.2229 -0.5142
vn 0.8237 0.0680 0.5630
vn -0.6992 0.4658 0.5424
vn -0.8207 0.1755 -0.5438
vn -0.5322 0.1646 -0.8305
vn -0.8623 0.1725 -0.4762
vn -0.2638 -0.6796 -0.6845
vn 0.7370 0.1065 -0.6674
vn 0.9936 0.0884 -0.0696
vn 0.8175 0.0235 0.5754
vn -0.1170 -0.9578 0.2624
vn 0.1448 0.6573 0.7396
vn 0.6220 0.3369 0.7068
vn 0.0915 -0.8335 -0.5448
vn 0.6056 0.5654 0.5600
vn 0.9383 0.1688 0.3019
vn 0.9570 -0.1743 0.2319
vn -0.7118 0.0801 -0.6978
vn 0.8731 0.4431 0.2034
vn -0.0913 -0.9819 0.1657
vn -0.0912 -0.9814 0.1691
vn -0.0912 -0.9815 0.1683
vn -0.5368 0.0294 -0.8432
vn -0.4828 -0.0026 -0.8757
vn 0.9119 0.1362 0.3872
vn -0.8634 0.1397 -0.4847
vn 0.9794 -0.0459 0.1964
vn 0.9791 -0.0480 0.1979
vn 0.9791 -0.0479 0.1978
vn 0.9790 -0.0483 0.1981
vn -0.1517 -0.9416 0.3005
vn -0.1344 -0.9529 0.2719
vn -0.7566 0.6471 -0.0944
vn 0.5093 0.7958 0.3275
vn 0.6663 0.5786 0.4703
vn -0.9312 0.2819 -0.2310
vn -0.9300 0.2848 -0.2325
vn -0.9294 0.2861 -0.2331
vn 0.9752 0.1262 0.1816
vn 0.9792 0.1014 0.1760
vn 0.8207 0.2003 0.5352
vn 0.8267 0.2155 0.5198
vn -0.5163 -0.2995 -0.8023
vn -0.8777 -0.1336 -0.4603
vn -0.8544 -0.1077 -0.5084
vn 0.6051 -0.6084 -0.5135
vn -0.4646 -0.4939 -0.7350
vn -0.8513 -0.1415 -0.5052
vn 0.1096 0.5347 0.8379
vn 0.9857 0.1208 0.1178
vn 0.8168 -0.1724 0.5505
vn 0.7782 0.4094 0.4762
vn -0.8220 0.1562 -0.5477
vn 0.9868 0.0966 0.1302
vn 0.9246 -0.3809 0.0053
vn 0.8860 -0.4637 -0.0010
vn 0.6107 -0.5786 -0.5406
vn 0.8201 -0.1434 0.5540
vn -0.9240 0.3818 -0.0210
vn 0.7951 0.3694 0.4809
vn 0.1158 0.9313 0.3454
vn 0.9700 -0.0528 0.2374
vn -0.9061 0.0506 -0.4201
vn -0.8867 -0.0196 -0.4619
vn 0.0685 0.9220 0.3810
vn -0.7651 0.4446 -0.4657
vn -0.8989 0.4365 -0.0386
vn 0.7677 0.6274 0.1303
vn 0.8449 0.0957 0.5263
vn 0.2530 0.7252 0.6403
vn -0.8542 0.1677 -0.4921
vn -0.7945 0.2320 -0.5612
vn -0.5132 -0.0258 -0.8579
vn 0.7830 0.0157 -0.6218
vn -0.9490 -0.2737 0.1565
vn -0.9564 -0.2453 0.1585
vn -0.0706 -0.9925 0.1001
vn -0.0913 -0.9821 0.1648
vn -0.0775 -0.9950 0.0630
vn -0.0626 -0.9925 0.1046
vn -0.1513 -0.9344 0.3224
vn -0.0693 -0.9876 0.1406
vn -0.0687 -0.9882 0.1372
vn -0.0686 -0.9882 0.1368
vn -0.9318 0.2805 -0.2304
vn -0.7177 -0.3839 -0.5809
vn -0.1885 -0.7156 -0.6726
vn 0.9206 0.3569 0.1584
vn -0.0639 -0.9942 0.0868
vn -0.8009 0.2748 -0.5320
vn -0.8313 0.1530 -0.5344
vn -0.8745 0.0442 -0.4829
vn 0.9185 -0.0099 0.3952
vn 0.9963 -0.0593 -0.0617
vn 0.9963 -0.0593 -0.0616
vn 0.9963 -0.0592 -0.0618
vn -0.8893 0.3844 -0.2478
vn -0.9112 0.2921 -0.2906
vn -0.4728 0.8728 -0.1216
vn -0.0786 -0.9849 0.1545
vn -0.9079 0.4188 0.0209
vn 0.9236 0.1085 0.3678
vn -0.5352 0.6579 0.5299
vn -0.5120 0.6309 0.5829
vn -0.1781 -0.8366 0.5180
vn -0.0980 -0.9773 0.1876
vn 0.2501 0.9288 0.2735
vn -0.5508 0.0480 -0.8333
vn -0.5505 0.0473 -0.8335
vn -0.5534 0.0537 -0.8312
vn -0.3209 0.7192 0.6162
vn -0.2861 0.6786 0.6765
vn -0.4045 0.9100 -0.0915
vn -0.3785 0.5555 0.7403
vn -0.3735 0.5409 0.7536
vn -0.3993 -0.1954 0.8958
vn -0.3997 -0.1994 0.8947
vn -0.3991 -0.1936 0.8962
vn -0.3999 -0.2012 0.8942
vn -0.8790 0.4331 0.1995
vn -0.8795 0.4318 0.2000
vn -0.8821 0.4251 0.2029
vn -0.8757 0.4755 0.0837
vn -0.8865 0.4077 0.2189
vn -0.8829 0.4231 0.2038
vn -0.8838 -0.2455 0.3984
vn -0.8836 -0.2461 0.3983
vn -0.8839 -0.2450 0.3984
vn -0.8835 -0.2466 0.3983
vn -0.1699 0.9672 0.1886
vn -0.3347 0.9418 0.0318
vn 0.7459 0.2697 0.6090
vn 0.8015 0.3437 0.4894
vn 0.0838 0.9437 0.3200
vn 0.6724 0.3545 0.6498
vn 0.6539 0.3170 0.6870
vn 0.7578 -0.2015 0.6205
vn 0.7521 -0.2330 0.6165
vn 0.9032 -0.0525 0.4261
vn 0.8407 0.0421 0.5398
vn 0.9255 0.0655 0.3730
vn 0.9201 0.0919 0.3807
vn 0.8829 -0.2385 0.4045
vn 0.9032 -0.1856 0.3870
vn 0.7845 -0.0655 -0.6166
vn 0.7535 -0.0358 -0.6565
vn 0.7535 -0.0365 -0.6565
vn 0.7533 -0.0306 -0.6569
vn 0.4713 0.4982 0.7277
vn 0.8895 0.0430 0.4549
vn -0.1142 -0.9715 0.2079
vn 0.9964 -0.0614 -0.0587
vn 0.2240 0.0498 -0.9733
vn 0.2974 -0.0493 -0.9535
vn 0.2249 0.0507 -0.9731
vn 0.3000 0.0046 -0.9539
vn -0.5502 0.0466 -0.8338
vn -0.0668 0.9693 0.2365
vn -0.8256 0.4298 -0.3655
vn 0.1252 -0.6747 -0.7274
vn 0.1004 -0.6096 -0.7863
vn -0.0694 -0.9876 0.1410
vn 0.9188 0.2051 0.3373
vn -0.5793 0.8032 0.1392
vn 0.3008 0.8853 0.3546
vn -0.8076 0.1638 -0.5665
vn -0.1468 -0.9399 0.3084
vn -0.0787 -0.9883 0.1310
vn -0.6466 0.6955 -0.3134
vn -0.5077 0.8546 0.1092
vn -0.5916 0.5232 0.6134
vn -0.5913 0.5236 0.6134
vn -0.5918 0.5230 0.6135
vn -0.5912 0.5237 0.6134
vn 0.9988 0.0250 -0.0430
vn 0.8413 0.1113 0.5290
vn -0.8909 0.2791 -0.3584
vn 0.9029 0.0242 0.4291
vn 0.9062 0.0264 0.4221
vn 0.9059 0.0262 0.4227
vn 0.1126 0.5181 0.8479
vn -0.8817 -0.0988 -0.4613
vn 0.7533 -0.0298 -0.6570
vn -0.8778 0.3239 -0.3529
vn -0.7614 0.4489 -0.4676
vn -0.8381 0.1613 -0.5211
vn 0.9884 0.0707 0.1342
vn -0.9283 0.3718 -0.0102
vn 0.6299 0.3752 0.6800
vn 0.7957 0.3430 0.4992
vn 0.1040 0.8818 0.4601
vn -0.7118 0.7016 -0.0328
vn 0.9026 0.0240 0.4297
vn 0.8912 0.1378 0.4321
vn 0.9957 0.0659 -0.0648
vn 0.9959 0.0125 -0.0901
vn 0.2127 -0.0357 -0.9765
vn 0.2086 -0.0379 -0.9773
vn 0.2134 -0.0353 -0.9763
vn 0.2079 -0.0382 -0.9774
vn -0.4782 0.0320 -0.8777
vn -0.5498 -0.0094 -0.8352
vn -0.5506 -0.0090 -0.8347
vn -0.5436 -0.0125 -0.8392
vn -0.6011 0.7786 0.1804
vn -0.0252 0.8674 0.4970
vn -0.4984 0.0158 -0.8668
vn -0.5432 -0.0127 -0.8395
vn -0.5184 0.0513 -0.8536
vn -0.5526 0.0324 -0.8328
vn 0.7931 -0.0609 -0.6061
vn -0.2276 -0.4981 0.8367
vn -0.1987 -0.5161 0.8331
vn -0.0278 -0.5104 0.8595
vn -0.0482 -0.5508 -0.8332
vn -0.1405 -0.5705 -0.8092
vn -0.1618 0.9489 0.2708
vn -0.0968 0.9490 0.3000
vn 0.1682 0.7907 0.5886
vn 0.1489 0.8115 0.5650
vn -0.6531 0.7322 0.1934
vn -0.8157 -0.5763 -0.0501
vn -0.3102 -0.5053 -0.8052
vn -0.3501 0.8077 0.4744
vn -0.2605 0.8390 0.4777
vn 0.1973 -0.4889 0.8497
vn 0.1824 -0.5001 0.8465
vn 0.0233 -0.5143 0.8573
vn 0.1526 -0.5424 -0.8262
vn 0.2442 -0.5544 -0.7956
vn 0.0460 0.9593 0.2786
vn -0.0220 0.9527 0.3030
vn -0.2583 0.7778 0.5730
vn -0.2443 0.7942 0.5564
vn 0.5871 0.7752 0.2332
vn 0.8627 -0.5057 0.0089
vn 0.4072 -0.4752 -0.7800
vn 0.2471 0.8328 0.4954
vn 0.1547 0.8565 0.4924
vn 0.8622 -0.1047 0.4956
vn -0.8714 0.3060 -0.3835
vn 0.9232 -0.2448 -0.2962
vn 0.8241 -0.3939 -0.4070
vn 0.8433 -0.5145 -0.1555
vn 0.9642 -0.2307 -0.1305
vn 0.9986 -0.0468 0.0259
vn -0.1089 0.9588 -0.2623
vn -0.4811 0.8764 0.0209
vn -0.4811 0.8764 0.0205
vn -0.4812 0.8762 0.0273
vn 0.7488 -0.4302 0.5043
vn 0.6884 -0.7009 0.1866
vn -0.2589 -0.8435 0.4706
vn 0.6930 0.4656 -0.5504
vn -0.7983 -0.4658 0.3819
vn -0.4072 -0.0758 0.9102
vn 0.4922 -0.0215 0.8702
vn -0.9282 -0.1211 -0.3519
vn -0.6835 -0.7011 -0.2035
vn -0.2692 -0.0743 -0.9602
vn -0.2754 -0.0663 -0.9590
vn -0.2694 -0.0740 -0.9602
vn 0.1512 -0.7649 0.6262
vn 0.5139 -0.1041 0.8515
vn 0.5611 -0.2558 0.7872
vn 0.0787 0.8206 -0.5660
vn 0.9637 -0.2046 0.1713
vn -0.8143 0.5689 -0.1151
vn -0.8101 0.5745 -0.1171
vn -0.8148 0.5682 -0.1149
vn -0.3108 -0.9117 -0.2686
vn -0.1053 0.6019 -0.7916
vn 0.6850 -0.4332 0.5857
vn 0.9994 -0.0357 0.0014
vn 0.9993 -0.0382 -0.0035
vn 0.9994 -0.0359 0.0010
vn 0.4316 0.7521 0.4981
vn 0.9965 0.0388 0.0739
vn 0.9862 -0.0192 0.1644
vn 0.2590 -0.7316 -0.6307
vn 0.7673 -0.5367 0.3510
vn 0.5502 0.2093 -0.8084
vn 0.9158 0.0278 -0.4006
vn -0.4758 0.0040 0.8796
vn -0.9896 -0.1428 -0.0155
vn -0.2267 -0.9730 0.0430
vn 0.5198 -0.3918 -0.7591
vn 0.8656 0.4972 0.0596
vn -0.3771 0.4008 -0.8350
vn -0.9031 -0.3246 0.2811
vn 0.9320 0.1214 0.3414
vn 0.4374 0.7460 0.5022
vn 0.4375 0.7461 0.5019
vn 0.4397 0.7473 0.4983
vn -0.9905 -0.1194 -0.0686
vn -0.9904 -0.1196 -0.0689
vn -0.9898 -0.1218 -0.0734
vn 0.1847 0.1521 -0.9709
vn 0.4440 0.0079 -0.8960
vn -0.5662 -0.4713 0.6762
vn -0.9990 -0.0452 0.0038
vn 0.8448 -0.5344 0.0284
vn -0.3411 -0.8983 0.2770
vn 0.9403 -0.0553 -0.3359
vn 0.0100 -0.9999 0.0102
vn 0.8386 0.0330 -0.5438
vn 0.4635 -0.5188 0.7183
vn 0.8006 -0.1557 0.5787
vn -0.9141 0.1039 -0.3919
vn 0.0202 -0.9752 0.2205
vn 0.6444 -0.1655 -0.7466
vn 0.9578 -0.0408 -0.2845
vn -0.4484 -0.2904 0.8454
vn -0.5599 -0.6044 0.5667
vn 0.6131 0.3061 0.7283
vn -0.1868 -0.2170 0.9581
vn -0.2630 0.6252 -0.7348
vn 0.1534 -0.9243 0.3494
vn -0.2085 0.7784 -0.5921
vn -0.1175 -0.9401 0.3200
vn 0.4336 -0.7098 -0.5551
vn -0.3585 -0.4016 0.8427
vn 0.8563 -0.4184 0.3027
vn 0.3224 0.6918 -0.6461
vn -0.8099 0.5747 -0.1172
vn -0.5686 0.6562 -0.4960
vn -0.5614 0.6596 -0.4997
vn -0.5702 0.6555 -0.4952
vn 0.1862 0.2780 -0.9423
vn -0.6386 -0.7567 0.1400
vn -0.9053 0.3682 -0.2119
vn -0.8512 -0.1135 0.5124
vn -0.1331 0.0410 -0.9903
vn 0.4456 -0.0008 0.8952
vn -0.0554 -0.5969 0.8004
vn 0.2756 -0.9570 0.0902
vn 0.2975 0.0201 0.9545
vn 0.0484 0.0618 -0.9969
vn -0.9953 -0.0965 0.0051
vn -0.9684 -0.2343 -0.0855
vn -0.3160 0.8075 0.4981
vn 0.1263 -0.3455 0.9299
vn 0.9891 -0.0461 0.1400
vn -0.2991 -0.5085 0.8074
vn 0.0843 0.1860 -0.9789
vn 0.9583 0.0545 0.2806
vn -0.8374 -0.4894 0.2435
vn -0.7887 -0.5204 0.3273
vn -0.4313 -0.5172 0.7393
vn -0.8192 -0.5618 0.1154
vn -0.7789 0.5171 -0.3549
vn 0.8885 -0.4239 0.1755
vn 0.7192 -0.4295 0.5462
vn -0.2591 0.9651 -0.0393
vn -0.4894 -0.6511 0.5801
vn 0.8163 0.0575 -0.5748
vn -0.6228 -0.1450 0.7688
vn 0.5672 -0.5053 0.6504
vn -0.4481 0.2911 0.8453
vn 0.2347 -0.7287 0.6433
vn 0.0723 -0.2090 0.9752
vn 0.9771 -0.1025 -0.1865
vn 0.8494 -0.0967 -0.5187
vn 0.3440 -0.8182 0.4607
vn -0.7517 0.4325 0.4979
vn -0.7633 0.5981 -0.2444
vn -0.7589 0.6024 -0.2473
vn -0.7650 0.5963 -0.2432
vn -0.5477 -0.4037 0.7328
vn 0.5634 0.8077 0.1739
vn 0.9744 -0.0002 0.2248
vn -0.0986 -0.6195 0.7788
vn 0.8642 -0.2791 -0.4187
vn 0.3389 -0.7022 0.6262
vn 0.9568 -0.2906 -0.0083
vn 0.5649 0.1956 0.8017
vn 0.7459 -0.1877 -0.6390
vn 0.1671 0.1200 0.9786
vn -0.5110 0.7958 0.3248
vn 0.2846 -0.7489 0.5985
vn 0.4565 -0.7995 0.3904
vn 0.5450 0.7030 -0.4569
vn 0.5466 0.7024 -0.4559
vn 0.5378 0.7058 -0.4611
vn -0.3331 0.6642 -0.6692
vn -0.9987 -0.0499 0.0140
vn -0.9981 -0.0562 0.0242
vn -0.9986 -0.0510 0.0158
vn -0.6989 -0.3554 0.6207
vn 0.8824 -0.0102 0.4704
vn 0.4627 -0.0315 -0.8859
vn -0.3934 0.0452 0.9183
vn 0.8289 0.1008 0.5503
vn 0.3863 0.4343 0.8137
vn -0.9794 -0.1033 -0.1734
vn 0.3302 0.8227 -0.4628
vn 0.6080 0.7769 0.1635
vn 0.1793 0.9835 -0.0239
vn 0.8206 0.2019 0.5347
vn -0.2365 -0.1687 -0.9569
vn -0.5819 -0.6405 0.5011
vn -0.6657 -0.5684 0.4835
vn 0.0361 0.7437 -0.6675
vn 0.7854 0.0029 0.6190
vn -0.4212 0.6749 -0.6058
vn -0.2866 0.7152 -0.6374
vn 0.2980 -0.9469 -0.1209
vn -0.7929 0.2115 -0.5714
vn 0.3660 0.9286 -0.0614
vn 0.7808 0.4307 0.4526
vn 0.7855 0.4223 0.4524
vn 0.7844 0.4244 0.4524
vn -0.6005 -0.1947 0.7755
vn 0.6783 0.1095 0.7266
vn 0.9012 0.3657 0.2325
vn -0.3324 0.0734 -0.9403
vn -0.3152 -0.3113 0.8965
vn 0.1864 0.0253 0.9822
vn -0.2339 0.5131 0.8258
vn 0.6127 -0.7717 -0.1704
vn -0.9092 -0.0855 0.4074
vn -0.9897 0.0593 -0.1302
vn -0.6199 0.2693 0.7370
vn 0.0196 -0.3553 0.9345
vn -0.0916 -0.5194 0.8496
vn -0.1830 -0.6783 0.7117
vn -0.5776 0.5268 -0.6236
vn -0.1375 -0.9837 -0.1155
vn -0.8019 0.4219 0.4231
vn -0.4700 0.6169 0.6313
vn -0.3833 0.5773 0.7210
vn 0.1704 0.8854 -0.4325
vn 0.8606 -0.0347 0.5082
vn -0.2726 -0.8481 0.4543
vn 0.2018 0.8862 0.4171
vn -0.4478 0.8257 0.3431
vn 0.9186 -0.3562 0.1711
vn -0.1519 0.2997 -0.9419
vn -0.4140 -0.8361 0.3599
vn 0.2439 0.1588 0.9567
vn -0.0664 0.1521 -0.9861
vn -0.5915 -0.3043 0.7467
vn 0.6185 0.2115 0.7568
vn -0.7834 -0.3383 0.5214
vn -0.2929 -0.5998 0.7446
vn -0.9891 -0.1293 0.0704
vn -0.6613 -0.1812 0.7279
vn -0.5419 -0.5736 0.6143
vn -0.1846 0.3993 0.8981
vn -0.0345 -0.0158 0.9993
vn -0.0399 -0.0161 0.9991
vn -0.5375 -0.2075 0.8173
vn -0.7936 0.2825 0.5389
vn -0.7565 -0.6531 0.0345
vn -0.6934 -0.6569 0.2960
vn -0.5921 -0.3027 -0.7468
vn -0.3217 -0.7779 0.5397
vn -0.8221 -0.3098 -0.4778
vn -0.8251 -0.3082 -0.4736
vn -0.8263 -0.3076 -0.4719
vn 0.7992 -0.0328 0.6002
vn 0.6147 0.6354 -0.4673
vn -0.9476 -0.1862 0.2598
vn -0.8995 -0.1011 0.4250
vn 0.2506 0.6047 0.7561
vn 0.5053 -0.1290 0.8532
vn 0.4183 -0.8458 0.3312
vn -0.8126 -0.3627 -0.4563
vn -0.0430 -0.1410 0.9891
vn -0.7231 -0.0205 -0.6904
vn -0.5963 -0.7473 -0.2932
vn 0.6852 -0.4967 0.5328
vn 0.8966 -0.1637 0.4115
vn -0.4413 -0.4877 0.7532
vn 0.4148 0.1050 -0.9038
vn 0.4149 0.1049 -0.9038
vn 0.4139 0.1060 -0.9041
vn -0.4495 -0.1942 0.8719
vn 0.9363 0.1138 -0.3323
vn 0.5796 -0.1512 -0.8008
vn -0.2200 0.7273 -0.6501
vn -0.3214 0.9449 -0.0629
vn -0.2901 0.9239 -0.2495
vn 0.8129 -0.5293 0.2428
vn -0.0014 -0.3047 0.9525
vn 0.2190 0.9738 -0.0611
vn 0.5776 0.7826 -0.2321
vn 0.9879 -0.1542 0.0158
vn 0.9378 -0.2195 0.2691
vn 0.9390 -0.2203 0.2640
vn 0.9376 -0.2203 0.2690
vn 0.9498 -0.3085 -0.0521
vn 0.4107 0.5582 -0.7210
vn 0.7032 -0.7069 -0.0757
vn 0.0333 0.8831 -0.4680
vn 0.7370 -0.5653 0.3705
vn 0.4587 -0.5615 0.6887
vn 0.7437 -0.1786 0.6443
vn 0.6225 0.7562 -0.2017
vn -0.6699 0.0694 0.7392
vn 0.0932 -0.7683 0.6333
vn 0.5694 -0.3129 0.7602
vn -0.9560 -0.1765 0.2345
vn -0.9539 -0.1812 0.2393
vn -0.9540 -0.1809 0.2390
vn -0.4491 -0.4807 0.7531
vn -0.0147 -0.1398 0.9901
vn -0.3026 0.0652 0.9509
vn 0.1837 -0.0120 0.9829
vn 0.3649 -0.1856 0.9124
vn 0.5686 0.1686 0.8051
vn -0.3432 -0.7692 0.5390
vn 0.4163 -0.1166 -0.9017
vn 0.4155 -0.1212 -0.9015
vn 0.4164 -0.1164 -0.9017
vn -0.4703 0.7884 -0.3965
vn 0.2685 0.9444 -0.1896
vn -0.6836 -0.3189 0.6564
vn -0.7207 0.2716 -0.6378
vn -0.7917 0.6033 0.0962
vn -0.9932 -0.0474 0.1065
vn -0.9932 -0.0442 0.1081
vn -0.9932 -0.0480 0.1062
vn -0.6112 0.7715 -0.1769
vn -0.9653 -0.2260 0.1305
vn -0.9358 -0.2838 0.2091
vn 0.6807 -0.2987 0.6689
vn 0.7621 0.2026 0.6150
vn 0.9923 -0.1130 0.0503
vn 0.9931 -0.1079 0.0468
vn 0.9925 -0.1116 0.0494
vn -0.5859 -0.1929 0.7871
vn -0.5857 -0.1931 0.7872
vn -0.5724 0.0673 0.8172
vn 0.3205 0.8575 -0.4024
vn -0.9950 -0.0161 0.0990
vn -0.9864 0.0225 0.1626
vn 0.8610 -0.1402 -0.4889
vn 0.8570 -0.1503 -0.4928
vn 0.8606 -0.1413 -0.4893
vn -0.2515 -0.7021 0.6662
vn -0.8205 0.3205 -0.4734
vn -0.3946 -0.9176 0.0473
vn -0.8062 -0.3493 -0.4774
vn 0.4046 -0.6917 0.5982
vn 0.3411 -0.0487 -0.9388
vn 0.3413 -0.0484 -0.9387
vn 0.3466 -0.0401 -0.9372
vn -0.8584 -0.0336 0.5119
vn -0.5074 -0.1969 -0.8389
vn -0.5735 -0.4119 0.7081
vn 0.3139 0.7606 -0.5684
vn 0.9171 0.3472 -0.1958
vn 0.1352 0.9883 0.0709
vn -0.6128 -0.4039 0.6793
vn 0.6818 0.5635 0.4666
vn 0.4302 -0.4243 0.7968
vn 0.8483 0.4404 0.2938
vn 0.3274 0.7240 -0.6071
vn 0.0362 0.9910 -0.1287
vn -0.8696 -0.0848 0.4865
vn 0.6076 -0.0298 0.7937
vn 0.3039 -0.9507 0.0616
vn 0.8525 -0.4935 0.1724
vn 0.8104 0.1323 0.5707
vn 0.8104 0.1326 0.5707
vn 0.8099 0.1372 0.5703
vn -0.7054 0.1432 -0.6942
vn -0.0122 -0.4552 0.8903
vn -0.0114 -0.4552 0.8903
vn 0.7481 0.1804 0.6387
vn 0.7475 0.1706 0.6420
vn 0.7475 0.1715 0.6417
vn 0.1011 -0.9259 -0.3640
vn 0.2908 -0.3409 0.8940
vn -0.3502 -0.5274 0.7741
vn 0.1127 0.6400 -0.7601
vn -0.6108 -0.7524 0.2468
vn 0.9644 -0.2490 0.0889
vn -0.7781 -0.6168 -0.1190
vn 0.2274 -0.9684 -0.1028
vn -0.0642 0.6640 -0.7449
vn 0.7481 0.1809 0.6385
vn -0.6090 -0.1605 0.7768
vn -0.1204 -0.5304 0.8391
vn 0.0722 -0.2411 0.9678
vn -0.3698 -0.4099 0.8338
vn -0.3345 -0.8163 0.4709
vn 0.4165 -0.1613 0.8947
vn 0.6558 -0.6435 0.3949
vn -0.9134 -0.3491 0.2093
vn -0.4206 -0.6497 0.6332
vn 0.7567 0.2324 0.6110
vn -0.1570 0.2581 -0.9533
vn -0.8471 -0.3748 0.3768
vn 0.9052 -0.0359 0.4235
vn -0.0305 -0.7860 0.6175
vn 0.5675 -0.5570 0.6064
vn -0.5130 -0.0317 0.8578
vn 0.4168 -0.9053 0.0821
vn -0.3791 -0.0267 -0.9250
vn 0.5653 0.3851 -0.7295
vn -0.1543 -0.2534 0.9550
vn 0.6379 -0.3806 0.6695
vn 0.3281 -0.8674 0.3742
vn 0.7705 0.3576 0.5277
vn -0.5812 -0.6106 0.5379
vn -0.5594 -0.1813 0.8088
vn -0.2827 0.3137 0.9065
vn 0.8196 0.4275 -0.3815
vn -0.4934 0.6723 0.5518
vn 0.9539 0.2917 0.0706
vn 0.2776 0.9344 0.2234
vn 0.0993 0.1436 -0.9846
vn 0.1301 0.0067 -0.9915
vn -0.1442 0.0945 0.9850
vn 0.6328 -0.1931 -0.7498
vn -0.8748 0.0293 0.4836
vn 0.8092 -0.5822 0.0788
vn -0.0416 0.6997 -0.7132
vn 0.8427 0.1049 0.5281
vn -0.5698 0.7779 -0.2649
vn 0.8686 -0.4312 0.2442
vn 0.5179 0.1776 0.8368
vn 0.7698 0.6355 -0.0594
vn 0.7653 0.6407 -0.0617
vn 0.7651 0.6410 -0.0618
vn -0.7025 0.3259 -0.6327
vn -0.6781 -0.5034 0.5356
vn -0.3073 -0.7318 0.6083
vn -0.6345 -0.7631 -0.1227
vn 0.2808 0.1074 -0.9538
vn 0.7528 -0.6583 -0.0073
vn 0.7687 -0.4056 0.4945
vn 0.7700 -0.3991 0.4979
vn 0.7693 -0.4060 0.4933
vn -0.0385 -0.8082 0.5876
vn -0.3158 -0.0762 -0.9458
vn -0.3410 -0.1485 -0.9283
vn -0.3410 -0.1482 -0.9283
vn -0.3398 -0.1528 -0.9280
vn -0.2498 0.9604 0.1233
vn 0.1919 0.3141 -0.9298
vn -0.8958 -0.2657 -0.3562
vn -0.8974 -0.2629 -0.3542
vn -0.8977 -0.2624 -0.3539
vn -0.8213 -0.3102 -0.4788
vn -0.8047 -0.2208 -0.5511
vn -0.8048 -0.2206 -0.5510
vn -0.8096 -0.2115 -0.5476
vn -0.7279 0.6417 0.2415
vn 0.6421 0.5293 0.5546
vn -0.3698 -0.7783 0.5074
vn -0.3518 -0.6219 0.6997
vn 0.4096 -0.7295 0.5479
vn -0.6358 0.1180 0.7628
vn -0.5845 -0.4227 0.6926
vn -0.8025 -0.1023 0.5878
vn -0.9257 0.3756 0.0452
vn 0.9936 0.1025 -0.0465
vn -0.3721 0.5469 -0.7499
vn -0.0919 0.4135 0.9059
vn -0.7738 -0.4096 0.4832
vn -0.3446 -0.6962 0.6297
vn 0.7302 0.0577 -0.6808
vn 0.7304 0.0569 -0.6806
vn 0.7302 0.0578 -0.6808
vn 0.0736 0.9681 0.2394
vn 0.6903 -0.2686 0.6718
vn 0.2302 0.8272 0.5126
vn 0.2235 0.8271 0.5157
vn 0.2291 0.8272 0.5132
vn -0.1273 -0.4436 0.8871
vn 0.2339 0.7758 -0.5860
vn 0.1072 0.7615 -0.6392
vn -0.0509 0.7394 -0.6713
vn -0.4062 -0.0905 0.9093
vn 0.0750 0.9721 -0.2223
vn 0.9740 -0.1200 -0.1923
vn -0.4142 0.8819 0.2252
vn 0.5006 0.7099 -0.4954
vn -0.6094 -0.4295 0.6664
vn -0.9512 -0.2112 0.2248
vn 0.8980 -0.4301 -0.0927
vn -0.7080 -0.6631 0.2428
vn 0.6674 0.6952 0.2671
vn 0.6674 0.6952 0.2669
vn 0.6672 0.6961 0.2653
vn -0.6777 -0.4449 0.5855
vn -0.6956 -0.2273 0.6815
vn -0.0733 -0.3331 0.9400
vn -0.8608 -0.4953 0.1169
vn -0.8131 -0.5627 0.1489
vn 0.5237 0.8076 -0.2713
vn 0.5157 0.8121 -0.2730
vn 0.5212 0.8090 -0.2718
vn 0.5010 0.4454 -0.7420
vn 0.6759 -0.6938 -0.2485
vn 0.6785 -0.6743 0.2916
vn -0.9717 -0.2209 -0.0834
vn 0.1274 -0.6424 0.7557
vn 0.8130 0.1339 0.5666
vn -0.0000 -0.8662 0.4997
vn 0.2671 0.7385 -0.6191
vn -0.6856 0.1567 0.7109
vn 0.4026 -0.8819 -0.2452
vn 0.8341 -0.2279 0.5023
vn 0.7189 -0.4343 0.5428
vn -0.0291 -0.0156 0.9995
vn -0.2533 -0.2501 0.9345
vn 0.0279 -0.7787 -0.6267
vn 0.8612 -0.2453 -0.4452
vn 0.2855 -0.4960 0.8200
vn 0.4545 -0.8253 0.3351
vn 0.4291 0.8263 -0.3649
vn -0.6784 0.6407 0.3596
vn 0.6787 -0.4463 0.5833
vn 0.5583 -0.8288 0.0377
vn 0.7934 0.5626 -0.2322
vn -0.6861 0.2515 0.6826
vn -0.8302 -0.0080 0.5574
vn -0.8301 -0.0089 0.5575
vn -0.8300 -0.0094 0.5576
vn -0.9829 -0.1735 -0.0610
vn 0.0663 0.9313 0.3582
vn -0.4582 0.8686 -0.1889
vn 0.4332 0.8507 0.2977
vn -0.7606 0.6191 -0.1956
vn -0.0422 0.9385 0.3428
vn -0.7578 0.5057 -0.4123
vn -0.9585 -0.1854 -0.2166
vn -0.3727 0.6576 -0.6547
vn -0.4761 0.6857 -0.5506
vn 0.8224 -0.3611 0.4396
vn 0.0987 -0.2261 0.9691
vn -0.7877 -0.6160 0.0127
vn 0.4109 0.0413 0.9108
vn -0.9814 -0.1396 0.1316
vn 0.1652 -0.0438 0.9853
vn -0.4731 -0.0489 -0.8797
vn -0.4728 -0.0515 -0.8797
vn -0.4727 -0.0522 -0.8797
vn 0.2720 0.1486 -0.9507
vn 0.4377 0.4035 0.8035
vn -0.9141 -0.0082 0.4054
vn 0.6956 -0.5038 -0.5121
vn 0.6932 -0.5058 -0.5135
vn 0.6966 -0.5031 -0.5116
vn -0.9575 0.2655 0.1127
vn 0.9236 -0.3055 -0.2315
vn 0.4433 -0.1804 0.8780
vn -0.6931 0.6611 -0.2873
vn 0.1316 0.3425 0.9303
vn 0.9124 0.2113 0.3505
vn 0.5823 -0.7206 0.3764
vn 0.3118 -0.0026 0.9502
vn -0.0812 0.0100 0.9966
vn -0.0799 0.0148 0.9967
vn -0.0847 0.0176 0.9962
vn -0.2218 -0.8838 0.4120
vn -0.2505 -0.8299 0.4985
vn 0.2678 -0.7551 0.5985
vn 0.9780 -0.0572 0.2005
vn 0.9659 -0.1124 0.2333
vn -0.9932 -0.1163 0.0087
vn 0.5419 0.3181 0.7779
vn 0.6639 0.0924 -0.7421
vn -0.7464 -0.5037 0.4349
vn -0.8410 -0.3715 -0.3934
vn 0.5603 0.7619 0.3249
vn -0.1594 0.1886 0.9690
vn -0.7565 0.5667 -0.3264
vn -0.3191 -0.5083 0.7999
vn 0.2480 -0.1002 0.9636
vn -0.9570 -0.2880 0.0349
vn -0.8631 -0.4083 0.2971
vn -0.5740 -0.5607 0.5967
vn -0.0357 -0.3464 0.9374
vn 0.9268 0.0644 0.3700
vn -0.8724 0.0854 0.4813
vn -0.4356 -0.3968 0.8079
vn 0.0846 -0.1560 0.9841
vn 0.9483 0.2855 0.1385
vn 0.9882 -0.1520 -0.0167
vn 0.3324 0.0777 0.9399
vn 0.5550 -0.3645 0.7477
vn -0.0604 -0.0013 -0.9982
vn 0.7210 0.1178 0.6828
vn 0.7216 0.1178 0.6822
vn 0.7214 0.1178 0.6824
vn 0.9672 -0.1800 -0.1791
vn 0.0517 -0.9820 -0.1816
vn 0.0476 -0.9821 -0.1820
vn 0.7940 0.0568 0.6053
vn 0.2757 -0.9343 -0.2258
vn 0.0954 -0.6113 0.7856
vn 0.5038 0.1487 0.8509
vn 0.9835 -0.1038 -0.1483
vn -0.2553 0.9456 0.2017
vn 0.2239 0.7801 0.5842
vn 0.4684 0.5836 -0.6633
vn -0.9314 0.0326 0.3626
vn -0.6436 0.7112 0.2826
vn -0.9769 0.1966 -0.0839
vn 0.7701 -0.2757 0.5753
vn 0.7860 -0.1910 0.5880
vn 0.9884 0.0213 -0.1504
vn 0.9885 0.0245 -0.1493
vn 0.9884 0.0231 -0.1498
vn 0.5344 0.8419 -0.0751
vn -0.4870 -0.2196 0.8453
vn 0.7575 0.1510 0.6351
vn 0.3998 0.4334 -0.8077
vn -0.1101 0.9849 -0.1338
vn 0.4021 -0.1425 0.9044
vn -0.3948 0.0417 0.9178
vn -0.6571 -0.0830 0.7493
vn 0.9689 0.0654 0.2386
vn 0.8046 -0.4536 0.3831
vn 0.9808 0.0260 -0.1930
vn -0.8989 -0.0397 -0.4364
vn 0.7213 0.6866 -0.0914
vn 0.7178 0.6813 -0.1436
vn 0.9137 -0.0284 0.4054
vn 0.7091 0.1129 -0.6960
vn 0.0675 -0.9537 -0.2932
vn 0.4104 -0.3627 0.8367
vn -0.8667 -0.3079 0.3924
vn -0.9853 -0.0168 0.1699
vn 0.9295 0.3186 -0.1857
vn -0.1166 0.3896 -0.9136
vn -0.9159 0.1774 0.3600
vn -0.3459 -0.9365 0.0570
vn -0.4680 0.0869 -0.8794
vn -0.4667 0.0889 -0.8800
vn -0.4670 0.0884 -0.8798
vn -0.4695 0.0847 -0.8789
vn -0.0129 -0.4553 0.8903
vn 0.4303 -0.3734 0.8218
vn 0.1187 -0.4947 -0.8609
vn 0.1217 -0.4945 -0.8606
vn 0.1234 -0.4944 -0.8604
vn 0.4315 -0.1617 0.8875
vn -0.9159 -0.3842 -0.1163
vn 0.7050 0.3808 -0.5983
vn -0.0235 -0.6196 0.7846
vn 0.0664 0.9136 -0.4012
vn 0.9185 -0.2989 -0.2588
vn 0.7502 -0.6425 -0.1564
vn 0.8689 0.3809 -0.3163
vn -0.8083 0.1140 -0.5776
vn -0.8082 0.1140 -0.5778
vn -0.8084 0.1141 -0.5774
vn -0.7759 -0.0095 -0.6308
vn 0.7384 0.3330 -0.5865
vn 0.9585 -0.1635 -0.2336
vn 0.2765 -0.2864 0.9173
vn 0.4815 0.0010 0.8765
vn 0.5444 -0.8368 -0.0575
vn -0.9440 -0.3292 0.0218
vn -0.2085 -0.9681 -0.1387
vn -0.0425 -0.1614 0.9860
vn -0.2828 0.6584 0.6976
vn 0.9867 -0.1136 0.1164
vn 0.9372 -0.2432 -0.2500
vn 0.5145 -0.1361 0.8466
vn -0.6855 -0.2426 0.6865
vn 0.7952 0.2586 -0.5484
vn 0.8542 -0.2774 0.4398
vn -0.8916 0.4353 -0.1245
vn 0.3679 -0.7867 0.4957
vn -0.0275 -0.1690 0.9852
vn -0.0323 -0.1692 0.9851
vn -0.4812 0.8762 0.0276
vn -0.6893 0.4074 -0.5990
vn -0.0540 -0.9000 0.4325
vn 0.9740 -0.0763 -0.2135
vn 0.9696 0.1888 0.1554
vn -0.8024 0.1063 0.5872
vn -0.8035 0.1151 0.5841
vn -0.8035 0.1156 0.5839
vn 0.1948 -0.0671 -0.9785
vn -0.2433 -0.7928 0.5589
vn -0.3156 0.8655 -0.3890
vn 0.0453 -0.0684 -0.9966
vn 0.1871 0.6292 -0.7544
vn 0.1914 0.6274 -0.7548
vn 0.1868 0.6294 -0.7543
vn -0.4727 0.1588 0.8668
vn -0.4426 -0.8312 0.3364
vn -0.8206 0.0985 0.5629
vn -0.7575 -0.6518 -0.0375
vn -0.0442 0.5983 -0.8001
vn -0.1953 0.5428 -0.8169
vn -0.1955 0.5432 -0.8166
vn -0.1956 0.5434 -0.8163
vn -0.6375 0.5917 -0.4934
vn -0.2745 0.9333 0.2318
vn 0.0053 -0.9654 -0.2606
vn 0.4372 0.7459 0.5025
vn 0.6344 -0.5876 -0.5022
vn 0.4856 -0.3568 0.7981
vn 0.9571 -0.1515 0.2470
vn -0.4436 0.2374 -0.8642
vn 0.0670 0.1385 -0.9881
vn 0.9226 -0.2719 0.2738
vn 0.6354 -0.2007 0.7456
vn 0.8249 -0.0359 0.5641
vn -0.8428 0.3346 -0.4215
vn -0.9390 -0.0115 -0.3438
vn 0.4991 0.5778 -0.6458
vn 0.6067 0.3959 0.6894
vn 0.7100 -0.1936 -0.6771
vn -0.1813 -0.1424 0.9731
vn -0.7005 -0.7038 0.1181
vn 0.5082 -0.8610 0.0188
vn -0.9671 -0.0175 -0.2539
vn -0.9905 -0.1305 -0.0440
vn 0.9838 -0.1481 0.1007
vn -0.4662 -0.8474 -0.2542
vn 0.4270 0.4287 -0.7962
vn -0.4730 0.8269 0.3042
vn -0.6326 -0.5460 0.5493
vn -0.6334 -0.5456 0.5488
vn -0.6323 -0.5458 0.5498
vn 0.9004 0.3690 0.2306
vn 0.8265 0.5389 0.1624
vn 0.9885 -0.0489 0.1434
vn -0.8176 0.1361 0.5594
vn 0.8995 0.2038 -0.3865
vn 0.5845 -0.7058 0.4003
vn -0.5027 -0.6431 -0.5776
vn -0.8631 -0.3007 0.4057
vn -0.8442 -0.3152 0.4335
vn 0.3749 -0.5791 0.7240
vn 0.9098 0.4150 -0.0068
vn -0.9264 0.2335 0.2955
vn 0.7169 0.1691 0.6763
vn 0.6760 0.4926 0.5481
vn 0.5643 0.3849 -0.7303
vn -0.9762 -0.1614 0.1448
vn 0.5736 0.0241 0.8188
vn -0.9227 -0.2426 -0.2997
vn -0.1404 -0.0478 0.9889
vn -0.4872 0.0805 0.8696
vn -0.3058 -0.1235 0.9441
vn -0.9737 0.1208 0.1933
vn -0.9902 -0.0737 0.1185
vn 0.0939 -0.9616 -0.2577
vn -0.1344 -0.4592 0.8781
vn -0.1259 -0.9882 -0.0878
vn 0.9377 0.3416 0.0639
vn -0.0400 0.5434 0.8386
vn 0.2110 -0.9660 0.1493
vn 0.2562 0.7821 -0.5681
vn -0.7742 0.1064 0.6239
vn -0.7616 0.2030 0.6155
vn 0.0168 0.9615 -0.2743
vn 0.4724 0.3736 -0.7983
vn 0.9152 0.3798 0.1344
vn -0.6130 -0.5084 0.6047
vn -0.8842 0.4465 -0.1373
vn -0.2761 -0.0654 -0.9589
vn -0.1889 0.9471 -0.2595
vn -0.7373 -0.6692 -0.0929
vn -0.6655 0.0551 -0.7444
vn 0.8314 -0.5517 0.0666
vn -0.1794 -0.8469 0.5006
vn -0.1916 -0.9094 0.3691
vn 0.6756 -0.5132 0.5293
vn 0.8703 0.2524 0.4228
vn 0.7868 0.0591 0.6144
vn 0.7869 0.0617 0.6140
vn 0.7868 0.0601 0.6142
vn 0.2616 -0.9483 0.1798
vn -0.9163 -0.3880 0.0994
vn -0.5297 0.0104 0.8481
vn -0.6682 0.6856 -0.2889
vn 0.3599 0.7576 -0.5445
vn 0.2605 0.6473 -0.7164
vn -0.1162 -0.1841 0.9760
vn 0.7995 -0.3430 0.4932
vn -0.9416 -0.1949 -0.2747
vn -0.6467 0.6017 -0.4687
vn -0.2505 -0.0303 0.9676
vn 0.7975 -0.1169 -0.5919
vn -0.7908 0.0756 0.6073
vn -0.9532 -0.0152 0.3019
vn 0.9365 -0.0855 -0.3400
vn 0.7194 0.6621 -0.2101
vn 0.7168 0.6646 -0.2108
vn 0.7224 0.6598 -0.2069
vn -0.1932 -0.9674 0.1640
vn -0.9528 -0.2850 0.1044
vn -0.6744 -0.7122 -0.1948
vn 0.4154 -0.1216 -0.9015
vn -0.9175 0.0703 0.3915
vn -0.9038 -0.2185 -0.3681
vn 0.0089 0.0340 -0.9994
vn -0.0323 0.1463 0.9887
vn -0.0308 0.1448 0.9890
vn -0.0319 0.1459 0.9888
vn 0.6842 0.5408 -0.4893
vn -0.7575 0.6039 -0.2482
vn -0.5602 0.6601 -0.5004
vn 0.9923 0.0884 -0.0865
vn 0.9181 -0.0261 -0.3955
vn 0.7721 -0.4015 0.4925
vn -0.6806 0.2474 -0.6896
vn -0.4269 -0.8718 -0.2402
vn 0.5196 0.1284 -0.8447
vn 0.5185 0.1298 -0.8452
vn 0.5181 0.1303 -0.8453
vn 0.5212 0.1263 -0.8440
vn -0.2230 -0.7098 -0.6682
vn 0.9376 -0.2226 0.2670
vn 0.9400 -0.2176 0.2629
vn -0.0039 0.6217 -0.7832
vn 0.5643 -0.1111 0.8180
vn 0.3240 -0.7053 0.6305
vn -0.1892 0.1348 0.9726
vn -0.0818 -0.0599 -0.9948
vn 0.4917 0.2072 0.8457
vn 0.3157 0.3260 -0.8911
vn -0.0383 -0.9991 0.0189
vn -0.4299 -0.8984 0.0896
vn -0.2869 -0.9499 -0.1237
vn -0.2642 -0.8463 0.4625
vn -0.8065 -0.2580 0.5320
vn 0.0031 0.4597 -0.8881
vn -0.3726 -0.5640 0.7369
vn 0.9087 -0.2469 0.3365
vn -0.7589 -0.6334 0.1513
vn 0.1053 -0.5209 0.8471
vn -0.9768 -0.0269 0.2126
vn 0.0166 0.0605 -0.9980
vn 0.5277 -0.3507 -0.7736
vn 0.5725 -0.5342 0.6220
vn 0.6944 -0.1439 0.7051
vn 0.3528 -0.5922 0.7244
vn 0.6489 -0.3116 0.6941
vn 0.0688 0.6621 0.7463
vn -0.6928 0.4977 0.5218
vn -0.6913 0.4993 0.5224
vn -0.6929 0.4976 0.5218
vn 0.6994 0.5738 0.4261
vn 0.7796 0.0391 0.6251
vn 0.1579 0.7690 0.6194
vn -0.8532 0.4992 -0.1514
vn -0.3328 0.9191 -0.2107
vn -0.8114 0.0868 -0.5780
vn -0.8178 -0.5536 -0.1576
vn -0.8465 -0.5162 0.1303
vn -0.0504 0.4549 0.8891
vn -0.0536 0.4548 0.8890
vn 0.9429 -0.0231 -0.3324
vn 0.0150 0.9955 0.0940
vn 0.7165 0.2285 -0.6591
vn -0.4974 -0.1570 0.8532
vn -0.0290 -0.7329 0.6797
vn 0.9846 0.1613 0.0677
vn -0.9468 -0.1571 -0.2810
vn -0.7036 -0.6847 -0.1900
vn -0.6475 0.1137 0.7535
vn 0.9179 -0.1197 0.3782
vn 0.5129 -0.8326 -0.2093
vn -0.3289 0.7569 0.5648
vn -0.5153 -0.8480 0.1236
vn -0.8923 0.3054 0.3326
vn -0.1267 0.0955 0.9873
vn 0.8373 -0.0130 0.5465
vn 0.8308 0.1911 0.5227
vn 0.5941 -0.5970 -0.5391
vn -0.1677 0.2939 -0.9410
vn 0.0299 0.0281 0.9992
vn 0.1962 -0.2021 0.9595
vn 0.7963 -0.5697 0.2035
vn -0.0422 0.1818 0.9824
vn -0.0443 0.1817 0.9824
vn 0.9891 -0.1298 -0.0693
vn -0.9058 -0.2992 0.2999
vn 0.3372 0.5908 0.7330
vn -0.7219 0.6444 -0.2523
vn -0.6047 0.7574 0.2465
vn 0.9486 -0.0965 0.3015
vn 0.9488 -0.0959 0.3009
vn 0.9467 -0.1009 0.3058
vn 0.1223 0.1600 -0.9795
vn -0.2865 -0.9011 0.3256
vn 0.2598 -0.2370 -0.9361
vn 0.7471 -0.6429 0.1690
vn 0.4029 0.9134 0.0587
vn 0.4029 0.9134 0.0584
vn 0.4033 0.9136 0.0520
vn 0.9251 -0.3333 0.1818
vn -0.6986 -0.0919 0.7096
vn -0.1730 0.7168 0.6755
vn -0.8999 -0.1627 -0.4046
vn 0.0525 -0.9967 -0.0618
vn 0.0732 0.1320 0.9885
vn -0.9869 0.0582 -0.1505
vn 0.0294 -0.8040 0.5939
vn -0.9626 -0.1994 0.1832
vn -0.7509 -0.4333 0.4984
vn -0.8698 -0.3741 -0.3217
vn -0.5346 -0.8189 -0.2088
vn 0.9821 0.0092 0.1879
vn 0.3795 0.8627 0.3342
vn 0.7696 -0.1330 0.6245
vn -0.0514 0.8623 -0.5038
vn 0.0623 -0.8455 0.5303
vn 0.6074 -0.0385 0.7935
vn -0.5883 0.1311 0.7979
vn -0.9668 -0.1738 0.1873
vn -0.7732 0.5119 0.3743
vn -0.0162 -0.5004 -0.8656
vn -0.0208 -0.5005 -0.8655
vn -0.0192 -0.5004 -0.8656
vn 0.2502 0.0388 0.9674
vn 0.3913 0.7400 -0.5470
vn 0.6366 -0.4958 0.5907
vn 0.6363 -0.4956 0.5913
vn 0.6323 -0.4991 0.5925
vn 0.9806 0.0150 0.1954
vn -0.8154 -0.0870 0.5723
vn -0.2370 -0.9702 -0.0506
vn -0.1463 -0.7180 0.6805
vn 0.2867 -0.1727 0.9423
vn -0.7436 -0.4929 0.4518
vn 0.5815 -0.7819 0.2246
vn -0.8118 -0.1619 0.5610
vn 0.0129 0.0217 0.9997
vn 0.0100 0.0138 0.9999
vn 0.0130 0.0230 0.9997
vn -0.6590 -0.2559 0.7072
vn 0.9241 0.2860 -0.2533
vn -0.9674 -0.2121 -0.1381
vn -0.0401 0.1819 0.9825
vn -0.8073 -0.5871 0.0606
vn 0.2062 0.5587 -0.8033
vn 0.6666 -0.3256 0.6706
vn 0.0969 0.0996 -0.9903
vn -0.5614 0.7669 -0.3110
vn -0.5668 0.7632 -0.3101
vn -0.5590 0.7685 -0.3114
vn -0.1533 0.1224 0.9806
vn 0.7045 0.6707 0.2322
vn 0.0889 0.2766 -0.9569
vn 0.9466 -0.1013 0.3061
vn 0.0027 -0.9300 -0.3674
vn 0.8425 -0.0843 -0.5321
vn 0.7681 -0.6244 -0.1416
vn -0.4775 0.3979 0.7834
vn 0.6672 0.6961 0.2652
vn 0.0749 0.3663 -0.9275
vn 0.5198 0.8237 -0.2266
vn 0.6255 -0.7464 0.2274
vn -0.6782 0.6566 -0.3299
vn -0.6809 -0.2477 -0.6892
vn -0.3397 -0.1532 -0.9280
vn 0.5757 -0.5124 0.6371
vn -0.2529 0.4375 -0.8629
vn -0.2727 0.3254 -0.9054
vn -0.8341 -0.2419 0.4958
vn 0.1311 -0.8593 0.4944
vn 0.0488 0.1028 0.9935
vn 0.2443 0.6332 -0.7345
vn 0.2433 0.6315 -0.7362
vn 0.2445 0.6334 -0.7342
vn 0.1203 0.4904 0.8632
vn 0.3193 -0.1373 0.9377
vn 0.6348 -0.5106 0.5799
vn 0.1441 0.7590 -0.6349
vn -0.6925 -0.7191 -0.0581
vn 0.4035 0.5910 0.6985
vn 0.9107 -0.3524 0.2155
vn -0.1567 -0.0244 0.9873
vn 0.6780 -0.7327 0.0581
vn 0.3856 0.6474 -0.6574
vn -0.9443 -0.2927 -0.1502
vn 0.2531 0.0919 -0.9631
vn -0.7919 -0.3855 0.4736
vn -0.4370 -0.6771 0.5921
vn 0.9964 -0.0326 0.0787
vn -0.8346 0.0256 -0.5503
vn -0.8925 0.4340 0.1227
vn 0.1033 -0.6847 0.7215
vn -0.0807 -0.9004 0.4275
vn -0.3648 0.7934 -0.4872
vn -0.7402 0.6368 0.2160
vn -0.7401 0.6369 0.2157
vn -0.7404 0.6360 0.2174
vn -0.8619 0.3189 -0.3942
vn -0.7404 0.6359 0.2176
vn 0.0064 -0.9692 0.2462
vn 0.9584 0.0683 -0.2770
vn -0.6302 -0.5483 0.5497
vn -0.6295 -0.5489 0.5500
vn -0.8841 0.1287 -0.4491
vn -0.6948 -0.4793 0.5362
vn -0.5499 -0.7535 0.3604
vn -0.0798 0.0149 0.9967
vn 0.9425 -0.2041 0.2646
vn -0.5919 -0.8042 -0.0540
vn 0.0390 -0.5794 0.8141
vn 0.1315 0.5285 0.8387
vn 0.6928 -0.4543 0.5601
vn 0.9590 -0.1793 0.2195
vn -0.8148 -0.5037 0.2870
vn -0.9212 0.0512 0.3857
vn -0.2027 0.9294 0.3084
vn -0.2031 0.9293 0.3083
vn -0.2044 0.9291 0.3081
vn -0.2113 0.9280 0.3069
vn -0.3689 -0.3953 -0.8412
vn 0.9102 -0.0352 -0.4126
vn 0.3164 -0.1455 -0.9374
vn 0.7207 -0.5006 0.4796
vn -0.1952 0.2301 0.9534
vn 0.0528 -0.1204 0.9913
vn -0.5957 -0.0599 0.8010
vn -0.6605 -0.3313 0.6737
vn -0.4997 -0.3968 0.7699
vn 0.3568 -0.6667 0.6544
vn 0.3516 0.0958 -0.9312
vn 0.0067 0.6222 -0.7828
vn 0.9200 0.2229 0.3225
vn -0.0981 0.9197 0.3801
vn 0.3401 -0.9287 -0.1477
vn -0.9970 0.0780 -0.0020
vn -0.9993 0.0331 -0.0195
vn -0.0111 0.8675 0.4974
vn -0.0102 0.8682 0.4961
vn -0.0109 0.8676 0.4971
vn 0.1861 0.7678 0.6131
vn 0.4770 -0.6344 0.6083
vn -0.2629 -0.9648 0.0016
vn 0.6685 0.3857 0.6358
vn 0.8636 0.1827 0.4699
vn -0.5324 0.7051 0.4684
vn -0.5325 0.7052 0.4681
vn -0.5326 0.7052 0.4679
vn 0.6059 0.7896 0.0971
vn -0.8839 0.2159 0.4149
vn -0.8841 0.2130 0.4160
vn -0.8839 0.2168 0.4145
vn 0.7320 0.4864 0.4771
vn 0.8079 -0.5882 -0.0358
vn 0.8079 -0.5881 -0.0371
vn 0.8079 -0.5884 -0.0323
vn -0.0641 0.4644 0.8833
vn 0.1018 0.9422 0.3191
vn 0.1036 0.9421 0.3189
vn 0.1023 0.9422 0.3191
vn 0.7507 -0.2382 0.6162
vn -0.9062 -0.3233 0.2726
vn 0.0773 -0.9358 0.3440
vn -0.0140 -0.9976 -0.0672
vn -0.2450 -0.7763 0.5808
vn -0.0444 0.2710 -0.9616
vn 0.8928 -0.4278 0.1408
vn -0.9357 -0.1561 0.3163
vn 0.2656 -0.8633 0.4292
vn 0.8852 0.2069 0.4167
vn 0.0972 -0.1773 0.9793
vn -0.8081 0.1140 -0.5779
vn -0.8101 0.1789 -0.5583
vn 0.7943 0.3886 -0.4669
vn 0.5124 0.8587 0.0021
vn 0.8760 -0.2388 -0.4191
vn 0.8766 -0.2383 -0.4180
vn 0.8792 -0.2366 -0.4137
vn 0.2834 -0.4840 0.8279
vn 0.7187 -0.2474 0.6498
vn 0.3709 0.8845 0.2830
vn -0.2251 -0.9398 -0.2571
vn 0.5564 -0.1795 0.8113
vn 0.8632 0.3903 -0.3202
vn -0.6753 0.7357 0.0520
vn -0.1711 0.9578 0.2308
vn 0.0794 -0.6786 0.7302
vn -0.8599 -0.4879 0.1502
vn 0.3709 -0.9237 -0.0962
vn -0.2296 -0.0604 0.9714
vn 0.8153 0.0284 0.5783
vn 0.8153 0.0284 0.5784
vn 0.8151 0.0283 0.5786
vn 0.0556 0.6768 -0.7341
vn 0.9855 -0.1097 0.1292
vn -0.9897 -0.0679 0.1262
vn -0.9252 0.1810 0.3336
vn -0.1269 0.6271 -0.7685
vn 0.9201 0.3914 -0.0167
vn -0.3861 -0.7244 0.5711
vn -0.3078 0.0191 0.9513
vn 0.6933 -0.4209 0.5850
vn -0.9366 0.1164 -0.3304
vn 0.9997 -0.0194 -0.0154
vn 0.9993 -0.0382 -0.0037
vn 0.5140 -0.1807 0.8385
vn -0.7919 0.3106 -0.5257
vn 0.0635 -0.9974 -0.0330
vn 0.0575 -0.9671 0.2479
vn -0.4465 0.3774 -0.8113
vn 0.0062 -0.9963 -0.0860
vn -0.8567 -0.3477 0.3811
vn -0.6571 0.3710 0.6562
vn 0.3282 -0.6866 -0.6487
vn 0.4588 -0.3605 -0.8121
vn 0.9515 -0.3074 -0.0123
vn 0.9803 -0.0665 0.1861
vn 0.8756 -0.1832 0.4469
vn -0.6898 -0.5124 0.5115
vn -0.8094 -0.2231 0.5432
vn -0.9157 0.1825 -0.3580
vn 0.9688 -0.1673 0.1829
vn -0.4374 0.8948 -0.0896
vn -0.9346 -0.2485 -0.2546
vn -0.6341 0.1451 0.7595
vn -0.1405 0.9630 -0.2298
vn -0.6127 0.1454 -0.7768
vn 0.5410 -0.0121 0.8410
vn -0.5471 0.0394 -0.8362
vn -0.4731 -0.0482 -0.8797
vn -0.3198 0.0148 0.9474
vn 0.3974 0.0481 0.9164
vn -0.6823 -0.3823 0.6231
vn 0.9857 0.0168 -0.1677
vn -0.7788 0.4187 -0.4671
vn -0.7930 -0.1531 -0.5897
vn 0.2287 0.0876 0.9696
vn -0.3059 0.8683 -0.3905
vn 0.1022 -0.9928 -0.0631
vn 0.9481 0.2443 0.2036
vn 0.9314 0.2132 -0.2949
vn 0.8294 0.2479 -0.5006
vn -0.5224 0.6668 -0.5314
vn -0.9885 -0.1320 0.0739
vn -0.6282 0.4629 -0.6253
vn -0.6562 -0.0917 0.7490
vn 0.9794 0.1948 -0.0535
vn -0.9732 -0.2127 -0.0876
vn -0.8451 0.4528 -0.2842
vn -0.9720 0.0239 0.2336
vn -0.4342 0.8749 -0.2146
vn 0.5857 -0.7846 -0.2033
vn -0.1036 0.3963 -0.9123
vn -0.5771 -0.5872 0.5676
vn -0.9546 0.1778 -0.2391
vn -0.5024 -0.8546 -0.1314
vn -0.6892 -0.3481 0.6355
vn -0.6869 -0.3518 0.6359
vn -0.6885 -0.3492 0.6356
vn 0.0915 -0.5898 0.8023
vn -0.7142 0.0430 0.6986
vn -0.9047 -0.4198 -0.0726
vn -0.8555 -0.3371 0.3931
vn 0.8445 -0.4199 0.3324
vn 0.2133 0.5679 -0.7950
vn -0.1021 0.0225 0.9945
vn 0.5959 0.7685 -0.2330
vn -0.3099 -0.7161 0.6254
vn -0.6702 -0.7250 0.1588
vn 0.0742 -0.0388 0.9965
vn -0.3623 0.8288 -0.4264
vn -0.4571 -0.6001 0.6565
vn 0.8844 0.2907 0.3650
vn -0.8392 0.1068 0.5332
vn 0.0606 -0.0740 -0.9954
vn -0.9421 0.2915 0.1658
vn -0.7438 -0.5373 0.3976
vn 0.4157 0.1039 -0.9036
vn -0.8832 0.4611 -0.0859
vn -0.4574 0.5106 -0.7281
vn -0.6676 -0.3670 0.6478
vn 0.3405 0.3036 -0.8899
vn -0.3915 0.6147 -0.6847
vn -0.8197 -0.4250 0.3839
vn 0.1131 0.4387 -0.8915
vn 0.4125 -0.1925 0.8904
vn 0.9452 0.3264 -0.0111
vn -0.1801 -0.9535 -0.2418
vn -0.5075 0.6733 -0.5377
vn -0.9917 -0.0408 -0.1222
vn -0.9930 0.0189 -0.1164
vn -0.3220 -0.7300 0.6029
vn 0.1096 0.6109 -0.7841
vn -0.1192 -0.0802 -0.9896
vn -0.9605 -0.0832 -0.2657
vn 0.7862 -0.3191 0.5291
vn -0.9552 0.2235 -0.1939
vn -0.9447 -0.2820 0.1675
vn -0.7985 -0.6014 -0.0260
vn -0.9898 -0.1219 -0.0737
vn -0.6670 -0.2555 0.6998
vn -0.8426 -0.2895 0.4542
vn -0.7728 0.6085 0.1802
vn 0.8200 0.5165 -0.2468
vn -0.1616 0.7466 -0.6454
vn -0.8978 -0.2623 -0.3538
vn 0.3901 0.1038 -0.9149
vn -0.5704 -0.4602 0.6804
vn 0.8397 0.1777 -0.5132
vn -0.0115 -0.7224 0.6914
vn -0.9341 -0.2923 0.2050
vn -0.9339 -0.2930 0.2048
vn -0.9332 -0.2956 0.2044
vn -0.9330 -0.2962 0.2043
vn -0.1516 -0.7489 -0.6451
vn 0.3678 -0.7087 -0.6020
vn -0.5118 -0.2356 0.8262
vn -0.8592 0.0638 0.5076
vn -0.4409 -0.3915 -0.8077
vn 0.0376 -0.8646 0.5010
vn -0.6852 0.1695 -0.7084
vn -0.5052 -0.8292 -0.2390
vn 0.5550 -0.4241 0.7156
vn -0.8623 -0.0168 -0.5062
vn -0.9526 -0.0146 0.3039
vn 0.5578 -0.4127 0.7200
vn -0.1509 0.0165 -0.9884
vn -0.9776 0.2105 0.0026
vn -0.5913 0.7575 -0.2765
vn 0.8344 0.1831 -0.5198
vn 0.8343 0.1831 -0.5200
vn 0.8342 0.1831 -0.5201
vn -0.7005 0.1826 -0.6899
vn 0.8411 -0.4507 -0.2991
vn 0.4492 -0.6515 -0.6113
vn -0.9703 -0.2362 -0.0527
vn -0.0856 0.1880 0.9784
vn 0.0082 0.0185 0.9998
vn 0.0082 0.0186 0.9998
vn 0.1911 0.3336 0.9231
vn 0.4997 -0.6107 0.6142
vn -0.7911 -0.5041 0.3464
vn -0.9392 0.3351 0.0750
vn -0.3680 0.8557 0.3637
vn 0.9387 -0.3445 -0.0097
vn -0.6535 -0.1482 0.7423
vn 0.1888 -0.9139 0.3593
vn 0.5437 -0.5279 0.6524
vn -0.1920 0.0743 -0.9786
vn -0.1393 -0.9807 0.1370
vn 0.3677 -0.7400 0.5632
vn -0.1636 -0.0389 -0.9858
vn -0.5270 0.7118 0.4644
vn 0.0816 -0.7765 -0.6248
vn 0.9320 0.2627 -0.2496
vn 0.3246 0.0719 0.9431
vn 0.2390 0.3592 -0.9022
vn 0.6701 -0.3890 0.6322
vn -0.7352 -0.1471 0.6617
vn -0.8042 -0.3153 -0.5038
vn 0.3861 -0.0472 -0.9212
vn -0.0867 0.4303 -0.8985
vn -0.2922 0.0687 -0.9539
vn -0.6590 -0.4744 0.5836
vn -0.0993 -0.9350 0.3406
vn -0.4046 0.3937 -0.8254
vn -0.9686 -0.0323 -0.2464
vn -0.6711 -0.1471 0.7266
vn -0.1691 0.9214 0.3500
vn 0.5813 0.1654 0.7967
vn -0.7182 -0.2958 0.6298
vn -0.2794 0.3024 -0.9113
vn -0.9016 0.1300 -0.4125
vn 0.6096 -0.4570 0.6477
vn 0.9771 -0.2023 0.0666
vn 0.3641 0.1625 -0.9171
vn -0.6405 0.7165 -0.2765
vn -0.4812 -0.1700 -0.8600
vn -0.8566 0.0676 0.5116
vn -0.8567 0.0624 0.5120
vn -0.8566 0.0671 0.5117
vn -0.8567 0.0622 0.5120
vn 0.8826 0.4653 0.0666
vn 0.6265 -0.4843 0.6107
vn -0.8097 -0.5197 0.2728
vn 0.6416 -0.7140 0.2805
vn 0.8300 -0.2191 0.5130
vn -0.5485 -0.0652 0.8336
vn 0.6422 0.7121 -0.2835
vn 0.2833 -0.7115 0.6430
vn 0.6176 0.6322 0.4678
vn 0.8105 0.2789 -0.5150
vn 0.7735 -0.4012 0.4907
vn 0.6441 0.6170 -0.4521
vn -0.7279 -0.5983 -0.3350
vn -0.8051 -0.1450 0.5752
vn -0.9343 -0.1061 0.3405
vn 0.9730 -0.2068 0.1028
vn -0.7548 0.3361 0.5634
vn -0.3679 0.2232 -0.9027
vn -0.3112 0.1341 -0.9408
vn 0.9624 -0.0927 0.2551
vn -0.9240 0.0479 0.3793
vn 0.0322 0.4633 -0.8856
vn -0.3085 0.4559 0.8349
vn -0.0371 0.4655 0.8843
vn -0.0100 0.8684 0.4958
vn -0.6834 -0.5635 -0.4642
vn -0.6931 0.4975 0.5217
vn 0.8692 -0.2823 0.4059
vn -0.4892 -0.8722 0.0035
vn 0.8945 0.4422 0.0658
vn 0.8219 0.3896 -0.4157
vn 0.6194 0.7851 0.0034
vn 0.4003 0.1784 0.8989
vn -0.5321 0.2797 -0.7991
vn -0.9536 -0.2598 0.1522
vn 0.3220 0.9128 0.2511
vn 0.1614 -0.2909 0.9430
vn -0.7415 0.3264 0.5862
vn 0.1863 0.6296 -0.7543
vn 0.9200 0.2597 -0.2934
vn 0.5157 0.8449 -0.1416
vn -0.6190 -0.7852 0.0151
vn 0.8379 0.3782 0.3935
vn -0.7672 0.5345 -0.3546
vn -0.8660 0.0255 0.4993
vn -0.8927 0.3282 -0.3087
vn -0.8173 0.4988 -0.2885
vn 0.8994 -0.1879 0.3946
vn 0.4524 0.0089 0.8918
vn 0.5450 -0.0973 0.8327
vn 0.8962 -0.4437 0.0043
vn 0.6945 -0.2364 0.6795
vn -0.3488 -0.6852 -0.6394
vn -0.6235 0.7321 -0.2744
vn -0.9683 -0.0520 0.2444
vn -0.6383 -0.7297 0.2453
vn -0.5229 0.8105 0.2640
vn -0.9560 -0.2320 0.1797
vn 0.2546 -0.1837 -0.9494
vn -0.3952 -0.0676 -0.9161
vn -0.3684 -0.8782 0.3049
vn 0.2043 -0.9766 0.0674
vn 0.8575 0.4764 -0.1943
vn 0.7237 0.6585 -0.2063
vn 0.4121 -0.3594 0.8372
vn 0.4145 -0.3631 0.8345
vn 0.4141 -0.3624 0.8350
vn 0.8398 0.1563 -0.5200
vn -0.0490 0.2624 -0.9637
vn -0.8647 0.0383 0.5008
vn -0.6355 0.7216 -0.2748
vn -0.6657 0.7036 -0.2487
vn 0.9089 -0.1288 0.3967
vn -0.9910 -0.1032 -0.0854
vn 0.3241 -0.6895 0.6477
vn -0.8605 -0.3900 -0.3277
vn 0.8163 0.0293 0.5768
vn 0.6479 -0.2619 0.7153
vn 0.4785 0.7004 0.5296
vn 0.0725 0.4495 -0.8903
vn 0.2873 0.9461 0.1494
vn 0.7158 -0.6667 0.2075
vn 0.2141 -0.9739 -0.0758
vn 0.7852 -0.1560 0.5993
vn 0.3443 -0.2096 0.9152
vn 0.9944 -0.0203 -0.1040
vn 0.4718 -0.1681 -0.8655
vn -0.5815 0.8127 -0.0364
vn -0.9552 0.1241 -0.2685
vn -0.2877 -0.7743 0.5637
vn 0.5972 -0.5921 0.5410
vn 0.3073 0.3498 -0.8850
vn 0.7427 0.5960 -0.3053
vn 0.3038 -0.4821 0.8218
vn -0.0243 0.1381 0.9901
vn -0.7356 0.6447 -0.2079
vn 0.7944 -0.5301 0.2966
vn -0.7139 0.0432 0.6989
vn 0.0945 -0.4434 0.8913
vn 0.6512 -0.7017 0.2890
vn -0.5401 -0.0420 0.8405
vn -0.9557 0.1441 0.2565
vn 0.7305 0.0568 -0.6806
vn -0.2583 -0.9647 -0.0505
vn -0.0225 -0.9400 0.3404
vn 0.0556 0.1025 0.9932
vn 0.9441 0.2015 0.2608
vn 0.8202 0.0370 0.5709
vn 0.7639 -0.6358 -0.1099
vn 0.2081 0.3097 -0.9278
vn 0.9897 -0.1127 0.0886
vn 0.6477 -0.1001 0.7553
vn -0.6603 0.5622 -0.4980
vn 0.1591 0.9776 0.1377
vn -0.7683 -0.4662 0.4385
vn -0.7669 -0.4636 0.4439
vn -0.7696 -0.4660 0.4366
vn -0.7647 -0.4699 0.4410
vn -0.7684 -0.4518 0.4532
vn -0.8275 -0.4903 0.2736
vn -0.9192 0.3505 0.1797
vn 0.6880 -0.6811 -0.2505
vn -0.0545 -0.1049 0.9930
vn -0.4361 0.5583 0.7058
vn 0.7041 0.3057 -0.6409
vn -0.1198 -0.9795 -0.1622
vn -0.3713 -0.1660 0.9135
vn -0.3809 -0.7697 0.5123
vn -0.7111 -0.6263 0.3196
vn -0.9847 -0.1588 -0.0714
vn 0.5383 -0.3670 0.7587
vn 0.8677 -0.4865 -0.1017
vn -0.6834 -0.0041 -0.7301
vn -0.6835 -0.0046 -0.7300
vn -0.6827 -0.0005 -0.7307
vn 0.5552 0.8205 -0.1359
vn 0.9740 -0.1942 0.1165
vn 0.0355 -0.9974 -0.0624
vn -0.9673 -0.0772 0.2415
vn -0.7172 -0.4899 0.4957
vn 0.4202 -0.4814 0.7692
vn 0.9379 -0.1881 -0.2913
vn 0.9385 -0.1867 -0.2904
vn 0.9390 -0.1855 -0.2895
vn 0.3612 0.6885 -0.6289
vn -0.6289 -0.3145 0.7110
vn 0.9110 -0.3155 -0.2654
vn 0.3090 -0.9303 0.1976
vn -0.3862 0.1060 0.9163
vn -0.7681 0.6240 -0.1437
vn -0.5567 0.6236 0.5488
vn -0.8329 0.2902 0.4713
vn -0.4949 0.7267 -0.4763
vn -0.1400 -0.1654 0.9762
vn -0.6770 -0.3947 0.6212
vn -0.6491 -0.4348 0.6242
vn -0.5252 0.3630 0.7697
vn 0.8976 0.1095 0.4269
vn 0.5951 -0.3789 0.7087
vn 0.1968 -0.1419 0.9701
vn 0.9694 -0.1447 0.1985
vn -0.9962 -0.0834 0.0262
vn -0.8471 0.2055 0.4900
vn 0.7426 -0.4678 0.4793
vn -0.0959 -0.6930 0.7145
vn 0.0648 -0.8039 0.5913
vn 0.9865 0.0432 -0.1581
vn 0.9850 0.0458 -0.1662
vn 0.9868 0.0425 -0.1560
vn 0.0546 -0.8375 0.5437
vn 0.3108 0.1353 0.9408
vn -0.8407 0.4468 -0.3061
vn 0.8459 -0.3095 0.4344
vn 0.5431 -0.1456 0.8269
vn 0.5432 -0.1456 0.8269
vn 0.5430 -0.1458 0.8270
vn 0.0428 -0.9987 -0.0262
vn 0.0376 -0.9989 -0.0264
vn 0.9845 0.0467 -0.1689
vn 0.9393 -0.1068 0.3261
vn 0.6574 0.1007 0.7468
vn -0.8233 -0.2240 0.5216
vn -0.8183 -0.4295 0.3820
vn 0.5061 0.1127 0.8551
vn 0.6825 0.3965 0.6139
vn -0.6979 -0.1990 0.6880
vn -0.8762 -0.3812 -0.2948
vn 0.9394 -0.2049 0.2750
vn -0.9906 0.1064 0.0865
vn 0.5589 -0.1459 0.8163
vn 0.9033 -0.3396 -0.2622
vn -0.7641 0.2196 -0.6066
vn 0.7430 -0.4814 0.4650
vn 0.9940 0.0169 0.1080
vn -0.8450 -0.5011 0.1867
vn 0.8409 -0.2502 0.4798
vn -0.1301 -0.7767 0.6163
vn -0.2173 -0.7478 0.6274
vn 0.5366 0.7063 -0.4618
vn -0.0222 -0.8407 0.5410
vn 0.0812 0.5536 -0.8288
vn -0.0890 0.8299 -0.5508
vn -0.1008 0.8294 -0.5496
vn -0.0997 0.8294 -0.5497
vn 0.9045 -0.2231 0.3635
vn 0.0991 0.2684 -0.9582
vn 0.0036 0.9055 -0.4242
vn 0.7209 0.1178 0.6829
vn -0.1471 -0.2365 0.9604
vn 0.3676 -0.1527 0.9174
vn -0.9067 0.3938 -0.1512
vn 0.4763 -0.3563 0.8039
vn -0.4632 -0.1983 0.8638
vn -0.0879 0.3497 0.9327
vn 0.2599 0.3451 0.9019
vn 0.2062 0.3607 0.9096
vn -0.7577 0.5030 0.4159
vn -0.9492 0.1330 0.2851
vn 0.4268 -0.4512 0.7837
vn 0.9954 0.0003 0.0963
vn -0.1393 0.0130 -0.9902
vn 0.5132 0.8135 -0.2736
vn 0.8507 0.5246 -0.0327
vn 0.2033 0.7449 -0.6355
vn 0.1256 -0.8920 0.4343
vn 0.3102 0.5737 -0.7580
vn 0.8058 -0.3983 0.4382
vn 0.9418 -0.2594 -0.2137
vn -0.7556 0.5998 -0.2632
vn -0.5663 -0.0748 0.8208
vn 0.6270 0.7401 -0.2433
vn 0.2284 0.9457 -0.2313
vn -0.7999 -0.1661 -0.5768
vn -0.5056 -0.0408 0.8618
vn 0.8874 -0.3470 0.3036
vn 0.6270 -0.2018 0.7525
vn 0.4556 -0.6170 -0.6416
vn 0.3660 -0.5330 0.7629
vn 0.5837 0.5246 -0.6198
vn 0.5523 -0.8046 -0.2184
vn 0.0505 -0.7580 0.6503
vn -0.0100 0.5337 -0.8456
vn -0.1143 0.9060 -0.4075
vn -0.5670 -0.5530 0.6105
vn 0.8598 -0.2353 0.4531
vn 0.9153 -0.1239 0.3833
vn 0.3227 -0.9168 0.2352
vn 0.1858 0.1195 0.9753
vn 0.3011 -0.8226 0.4824
vn 0.2336 -0.6923 0.6827
vn -0.9923 -0.1066 0.0629
vn 0.9697 0.1348 -0.2038
vn -0.4382 -0.3952 0.8073
vn -0.4397 -0.3982 0.8050
vn -0.4401 -0.3990 0.8044
vn 0.7557 0.5817 -0.3010
vn -0.9064 -0.2395 0.3480
vn -0.9670 -0.1937 0.1653
vn 0.5906 0.7729 -0.2322
vn -0.9861 0.1122 -0.1226
vn 0.9216 0.3445 0.1787
vn 0.8393 0.4053 -0.3624
vn -0.7694 -0.2422 0.5911
vn -0.8908 -0.4282 0.1522
vn -0.6156 0.0386 -0.7871
vn -0.5431 0.3385 -0.7684
vn 0.0114 0.9952 -0.0973
vn 0.2837 -0.8074 0.5173
vn -0.7533 -0.6518 -0.0872
vn -0.7536 -0.6521 -0.0827
vn -0.7535 -0.6520 -0.0837
vn 0.9392 -0.1851 -0.2892
vn -0.7107 -0.3275 0.6226
vn 0.4980 0.3614 -0.7883
vn -0.0357 -0.4024 0.9148
vn -0.2500 -0.0921 0.9639
vn -0.2532 -0.0937 0.9629
vn -0.2541 -0.0941 0.9626
vn 0.2280 0.7717 -0.5936
vn -0.6825 -0.0000 -0.7308
vn 0.5721 0.5737 -0.5862
vn 0.6917 0.7047 -0.1577
vn 0.7299 0.6669 0.1498
vn -0.1289 -0.5097 0.8506
vn 0.0989 -0.8936 0.4379
vn 0.8716 -0.3373 0.3558
vn 0.1726 -0.0722 0.9824
vn 0.5988 0.7102 0.3701
vn 0.9919 0.1169 0.0505
vn 0.8947 -0.2985 -0.3323
vn -0.1711 -0.2016 -0.9644
vn -0.2292 -0.1932 -0.9540
vn -0.8351 0.3264 -0.4428
vn 0.3281 0.6927 -0.6423
vn -0.2918 0.3982 -0.8696
vn -0.8688 -0.3554 0.3448
vn 0.2072 -0.2308 0.9507
vn -0.9671 -0.1440 0.2097
vn 0.7905 0.2743 0.5476
vn -0.2810 0.7443 -0.6058
vn 0.0568 0.6224 -0.7806
vn -0.6841 0.6179 -0.3876
vn -0.7974 -0.1981 0.5700
vn 0.8286 -0.4884 -0.2738
vn -0.4676 -0.5580 0.6856
vn 0.8335 -0.5491 -0.0623
vn 0.0721 0.8858 0.4584
vn 0.3641 0.5179 -0.7740
vn 0.7703 0.6349 -0.0591
vn -0.5258 -0.1382 -0.8393
vn 0.1769 0.6777 0.7137
vn 0.1875 0.7594 -0.6231
vn 0.6698 -0.2909 0.6832
vn 0.6691 -0.2921 0.6833
vn 0.6677 -0.2948 0.6835
vn -0.5093 -0.3969 0.7636
vn -0.6894 -0.5632 0.4555
vn -0.5725 0.8121 0.1130
vn 0.5990 -0.5154 0.6128
vn -0.5807 0.4756 -0.6607
vn 0.1596 -0.5609 0.8124
vn -0.1032 0.9892 -0.1039
vn 0.3034 -0.3376 0.8911
vn 0.1603 0.9631 0.2164
vn 0.6138 -0.6606 0.4324
vn -0.9310 0.1843 -0.3151
vn 0.9589 0.1235 -0.2554
vn -0.8782 0.4672 0.1025
vn 0.7699 -0.3871 0.5073
vn -0.9562 -0.1760 0.2339
vn 0.2349 -0.0225 -0.9718
vn -0.7007 -0.6957 -0.1585
vn -0.8154 0.1011 -0.5700
vn -0.6289 -0.5637 0.5355
vn -0.2514 0.5037 -0.8265
vn -0.9415 -0.3094 0.1336
vn -0.8560 -0.5135 -0.0602
vn -0.7659 -0.5528 -0.3282
vn 0.1367 -0.2035 0.9695
vn 0.1888 -0.6627 0.7247
vn 0.7680 0.1653 0.6188
vn 0.8044 -0.4370 0.4025
vn 0.6967 -0.0869 0.7120
vn -0.8834 0.4676 0.0303
vn -0.2631 0.1006 0.9595
vn 0.4569 0.5959 -0.6604
vn 0.9672 -0.2211 0.1249
vn 0.8142 -0.1760 0.5533
vn -0.4141 -0.2163 0.8842
vn -0.4920 -0.1206 -0.8622
vn -0.2444 0.6132 -0.7511
vn -0.2446 0.6135 -0.7509
vn -0.2434 0.6119 -0.7526
vn 0.5970 0.0883 -0.7973
vn -0.8776 -0.1039 -0.4679
vn -0.1119 -0.1274 0.9855
vn -0.6998 0.5768 0.4215
vn 0.9219 0.1363 0.3626
vn 0.4661 0.0523 0.8832
vn -0.2569 0.7560 -0.6020
vn 0.7658 -0.4863 -0.4207
vn -0.6783 -0.7341 -0.0322
vn 0.9203 -0.0952 -0.3794
vn -0.7894 0.3220 -0.5226
vn -0.9763 0.2046 0.0708
vn -0.9604 -0.0209 -0.2778
vn 0.7478 -0.3703 0.5511
vn -0.9648 0.2264 0.1338
vn 0.5953 -0.3530 0.7218
vn 0.6825 -0.1842 0.7073
vn -0.3749 -0.6106 0.6976
vn 0.5529 -0.1266 -0.8236
vn 0.7689 0.0423 -0.6380
vn 0.4944 -0.1641 0.8536
vn -0.3518 0.4893 -0.7980
vn -0.5951 -0.5657 0.5708
vn -0.6524 -0.0879 0.7527
vn 0.6382 -0.4951 0.5896
vn -0.5965 0.7943 -0.1148
vn 0.4851 -0.7936 0.3672
vn 0.2629 -0.6984 0.6657
vn -0.5751 -0.7968 0.1852
vn -0.0052 0.6157 0.7880
vn 0.6316 -0.4998 0.5927
vn -0.3366 -0.1989 0.9204
vn -0.1259 -0.9905 0.0558
vn 0.0118 -0.5041 0.8636
vn 0.5354 -0.0061 -0.8446
vn 0.5353 -0.0095 -0.8446
vn 0.5354 -0.0051 -0.8446
vn 0.3475 -0.0588 0.9358
vn -0.6818 0.7303 -0.0424
vn 0.7590 -0.5029 -0.4135
vn -0.7801 -0.5152 -0.3551
vn -0.4044 0.5239 -0.7497
vn -0.2434 -0.9532 0.1794
vn 0.7171 -0.0857 -0.6917
vn 0.5977 0.0582 0.7996
vn -0.3033 0.5479 -0.7796
vn 0.9093 -0.2255 0.3496
vn -0.9428 0.2881 0.1677
vn 0.8847 -0.4167 0.2087
vn 0.7476 -0.3946 0.5342
vn 0.4166 0.1185 0.9013
vn 0.4535 0.7197 0.5258
vn 0.8000 0.4547 0.3915
vn 0.7717 -0.0796 0.6310
vn 0.7757 -0.0799 0.6261
vn 0.7748 -0.0799 0.6271
vn 0.9507 0.2580 -0.1721
vn 0.9902 -0.1391 -0.0140
vn -0.9589 -0.2837 -0.0015
vn 0.2594 0.7670 -0.5868
vn -0.8630 -0.4102 0.2948
vn 0.8607 0.5053 -0.0617
vn 0.9608 -0.1185 0.2508
vn -0.2843 -0.9513 -0.1193
vn -0.9265 0.1307 0.3530
vn -0.1283 0.1390 -0.9819
vn 0.9502 -0.1798 0.2547
vn 0.4340 -0.4435 0.7842
vn 0.9071 -0.3184 -0.2753
vn -0.1898 0.6185 -0.7625
vn -0.3392 0.6663 -0.6641
vn -0.3015 0.2767 -0.9124
vn 0.5913 -0.5613 0.5791
vn 0.9276 0.0639 0.3681
vn 0.6123 0.2147 0.7609
vn 0.9672 0.1047 0.2313
vn -0.1617 -0.3576 0.9198
vn -0.5729 0.1034 0.8131
vn 0.5298 -0.7400 0.4144
vn -0.8961 0.1740 0.4084
vn -0.0164 -0.9911 0.1323
vn -0.3402 -0.9301 0.1387
vn 0.4416 0.6369 0.6320
vn -0.9063 0.4226 -0.0026
vn 0.3199 -0.9167 -0.2393
vn 0.8576 0.3913 -0.3337
vn 0.2656 0.5254 -0.8083
vn -0.5981 -0.7649 0.2391
vn 0.0592 0.0361 -0.9976
vn -0.2067 0.7433 -0.6362
vn 0.9197 0.0697 0.3864
vn -0.2518 -0.1608 0.9543
vn 0.5094 -0.5760 0.6393
vn 0.3306 0.0043 -0.9438
vn -0.1424 0.2642 -0.9539
vn 0.0576 0.9023 -0.4273
vn 0.2956 -0.9488 0.1112
vn -0.2806 -0.8921 0.3541
vn -0.3266 -0.3369 -0.8831
vn 0.4020 -0.1584 0.9018
vn 0.0462 0.0252 -0.9986
vn -0.4111 -0.2183 0.8851
vn -0.9204 -0.2057 0.3324
vn -0.2805 -0.7972 0.5346
vn -0.3604 0.0705 -0.9301
vn -0.3576 0.0746 -0.9309
vn -0.3577 0.0744 -0.9309
vn -0.8145 0.1663 0.5558
vn -0.0978 -0.5978 0.7957
vn -0.0322 -0.7615 0.6474
vn -0.9169 0.0358 -0.3974
vn 0.5434 -0.1454 0.8268
vn 0.6083 0.1231 0.7841
vn -0.8978 -0.0347 0.4390
vn -0.4724 0.3237 -0.8198
vn -0.1686 -0.5746 0.8009
vn -0.2000 -0.9770 0.0735
vn -0.1728 -0.2552 -0.9513
vn -0.8572 -0.3900 -0.3362
vn -0.7789 0.1987 0.5949
vn 0.8442 -0.5317 0.0678
vn -0.3528 0.5793 0.7348
vn 0.5523 0.6694 -0.4969
vn -0.6550 0.0055 0.7556
vn -0.6309 0.4669 0.6197
vn 0.1621 -0.4471 0.8796
vn 0.2658 -0.8803 -0.3929
vn 0.5839 0.7842 0.2100
vn -0.9843 -0.0826 0.1560
vn 0.6099 -0.0950 0.7867
vn 0.0834 -0.9930 -0.0833
vn 0.7811 0.3796 -0.4958
vn 0.3472 -0.0392 -0.9370
vn -0.9291 0.2144 0.3012
vn -0.0744 0.3124 0.9470
vn 0.8368 0.5400 0.0908
vn -0.2990 0.3394 0.8918
vn -0.3506 0.3194 0.8804
vn -0.9280 -0.3641 -0.0786
vn 0.9866 0.1413 -0.0812
vn -0.0031 0.7884 -0.6152
vn 0.5954 0.6942 0.4044
vn -0.6624 0.5546 0.5036
vn -0.6628 0.5542 0.5035
vn -0.6664 0.5512 0.5021
vn -0.5480 0.6775 0.4906
vn 0.2726 0.4724 -0.8382
vn 0.6537 0.7177 -0.2400
vn 0.7366 -0.6762 0.0141
vn 0.6599 -0.2648 0.7031
vn -0.1256 0.7515 -0.6477
vn 0.9913 -0.1301 -0.0185
vn -0.9737 -0.0612 -0.2194
vn -0.9740 -0.0594 -0.2188
vn -0.9742 -0.0580 -0.2183
vn 0.8701 -0.2919 -0.3971
vn -0.2421 0.6102 -0.7543
vn -0.9308 0.3654 0.0016
vn -0.9387 0.3373 -0.0718
vn 0.7795 0.4331 0.4526
vn 0.4857 0.7151 -0.5027
vn 0.9445 -0.2779 0.1753
vn 0.6920 -0.5068 -0.5142
vn 0.8940 0.0570 -0.4444
vn -0.4004 -0.8894 -0.2207
vn -0.0552 -0.3585 0.9319
vn 0.0808 0.3435 -0.9357
vn -0.8017 0.5900 0.0963
vn 0.4239 -0.0764 0.9025
vn -0.5655 0.1627 0.8086
vn -0.2212 0.4760 0.8511
vn -0.4556 -0.2282 0.8605
vn -0.7475 -0.4575 0.4816
vn 0.2012 0.2732 -0.9407
vn -0.7033 0.4798 -0.5246
vn -0.4996 0.5531 0.6667
vn -0.2882 -0.6404 0.7119
vn 0.0679 0.8364 -0.5440
vn 0.0670 0.8364 -0.5441
vn 0.0684 0.8364 -0.5439
vn -0.4505 0.8230 -0.3462
vn -0.2562 0.0067 0.9666
vn 0.7442 -0.3428 0.5734
vn 0.9885 0.0249 -0.1491
vn -0.8023 0.1054 0.5875
vn -0.4512 -0.1784 0.8744
vn -0.2022 -0.3062 0.9302
vn -0.8203 0.0146 0.5718
vn 0.9214 -0.1168 0.3706
vn -0.8275 -0.5512 -0.1068
vn 0.5802 -0.8091 -0.0933
vn -0.8841 0.2121 0.4164
vn 0.0297 0.7669 -0.6411
vn 0.6969 0.2643 0.6667
vn -0.0756 -0.5618 0.8238
vn 0.6371 -0.2767 0.7194
vn 0.8196 0.5166 -0.2477
vn -0.5209 0.6764 -0.5208
vn 0.4282 -0.6140 0.6631
vn 0.2371 0.2016 0.9503
vn 0.5917 -0.0630 -0.8037
vn -0.8729 -0.1102 -0.4753
vn 0.8728 -0.0266 0.4873
vn -0.5265 -0.1100 -0.8430
vn -0.9787 -0.1207 -0.1661
vn -0.8709 0.0293 0.4905
vn -0.3056 0.3841 0.8713
vn -0.7126 -0.2428 0.6582
vn -0.7745 0.0549 0.6302
vn -0.7749 0.0549 0.6297
vn -0.7750 0.0549 0.6295
vn -0.9191 -0.3861 -0.0782
vn -0.9636 -0.0557 -0.2614
vn -0.9819 -0.1490 0.1171
vn -0.4937 -0.7830 0.3784
vn 0.9665 -0.2073 -0.1511
vn 0.9666 -0.2073 -0.1507
vn 0.9675 -0.2081 -0.1434
vn 0.5353 -0.0103 -0.8446
vn -0.8220 -0.0283 0.5688
vn 0.8043 -0.5875 0.0893
vn 0.7274 0.3465 0.5924
vn 0.2695 -0.8265 0.4943
vn 0.4659 -0.8814 0.0776
vn 0.5002 0.7163 -0.4866
vn -0.6133 -0.5589 -0.5581
vn -0.6106 -0.5607 -0.5594
vn -0.6091 -0.5616 -0.5600
vn 0.8511 -0.2653 0.4531
vn 0.0333 -0.9551 -0.2943
vn 0.9052 -0.2485 0.3447
vn 0.0491 -0.5925 0.8041
vn 0.8471 0.4753 0.2377
vn 0.1171 -0.4949 -0.8610
vn -0.0868 -0.1292 0.9878
vn 0.8345 0.1832 -0.5197
vn 0.8858 -0.4610 0.0533
vn 0.8168 0.5694 -0.0927
vn -0.8452 -0.2985 0.4433
vn 0.0603 0.6693 -0.7406
vn -0.5703 0.6221 -0.5364
vn -0.6800 0.1603 0.7155
vn 0.6570 0.1009 0.7471
vn 0.8385 0.3086 0.4491
vn 0.7537 -0.4407 0.4876
vn 0.9973 -0.0333 -0.0661
vn -0.3357 -0.3645 0.8686
vn 0.0470 -0.3253 0.9445
vn 0.1078 0.0162 0.9940
vn -0.0542 0.8521 0.5206
vn -0.0476 0.8523 0.5208
vn 0.8422 0.5069 0.1837
vn -0.4829 0.3328 -0.8100
vn -0.5575 -0.4130 0.7201
vn 0.3109 -0.1705 -0.9350
vn -0.2670 -0.7347 0.6237
vn -0.0995 -0.0293 0.9946
vn -0.0473 -0.5831 0.8111
vn 0.8739 -0.4484 0.1876
vn 0.9971 -0.0127 0.0752
vn 0.6630 -0.1709 0.7288
vn 0.8838 0.4435 -0.1490
vn 0.9837 0.0357 0.1761
vn 0.9838 0.0351 0.1758
vn 0.9833 0.0389 0.1776
vn -0.1115 0.5742 -0.8111
vn -0.0691 0.5473 -0.8341
vn 0.7812 -0.0949 0.6170
vn -0.4539 -0.4106 0.7908
vn -0.3340 0.7350 -0.5902
vn -0.8985 0.4019 0.1763
vn -0.7308 -0.5434 0.4132
vn 0.4683 0.0011 0.8836
vn 0.7423 -0.6022 0.2938
vn 0.9358 -0.3121 0.1639
vn -0.8374 0.0283 0.5459
vn -0.8429 -0.5091 0.1741
vn -0.1017 0.6116 0.7846
vn -0.7162 -0.4946 0.4923
vn 0.8445 -0.4949 0.2045
vn -0.5679 -0.5821 0.5819
vn -0.4759 0.1416 0.8680
vn -0.0608 0.8518 0.5204
vn -0.4680 0.5442 -0.6962
vn 0.7558 -0.4766 0.4490
vn 0.9946 -0.0377 -0.0967
vn 0.5203 0.8047 0.2860
vn 0.5771 0.6064 0.5471
vn 0.5761 0.6071 0.5474
vn 0.5766 0.6067 0.5472
vn 0.7415 0.6544 0.1479
vn -0.6846 -0.3555 0.6363
vn 0.0733 -0.9972 0.0125
vn 0.0645 0.7268 0.6839
vn 0.8744 -0.4827 -0.0491
vn -0.2490 0.8738 -0.4177
vn 0.5747 -0.8022 0.1619
vn 0.3176 0.4239 -0.8482
vn -0.9986 0.0379 0.0369
vn 0.3228 0.0753 0.9435
vn 0.4074 -0.7365 0.5400
vn 0.7679 0.1057 0.6318
vn -0.6864 -0.1620 -0.7089
vn 0.9070 0.4176 0.0549
vn -0.7159 -0.5251 0.4602
vn 0.4663 0.7655 -0.4433
vn -0.4479 -0.4612 0.7659
vn 0.3418 -0.9395 0.0214
vn -0.7808 0.1852 -0.5967
vn -0.7614 -0.4840 0.4312
vn 0.8474 -0.5175 0.1188
vn -0.1781 0.8753 0.4496
vn -0.6855 -0.4898 0.5386
vn -0.0032 -0.2419 0.9703
vn 0.0715 -0.1142 0.9909
vn 0.0416 -0.9896 -0.1375
vn 0.0464 -0.9894 -0.1374
vn -0.6619 0.5550 0.5038
vn -0.8734 0.3076 -0.3776
vn 0.6536 -0.1862 0.7336
vn 0.5673 0.5806 -0.5840
vn -0.8701 0.1308 0.4752
vn -0.4783 -0.1144 0.8707
vn 0.0747 0.1984 0.9773
vn -0.0570 -0.5212 0.8515
vn 0.9274 0.1813 -0.3272
vn 0.1004 -0.9837 0.1491
vn -0.7691 0.2980 0.5655
vn 0.4673 0.4126 -0.7820
vn -0.9887 -0.0739 0.1305
vn 0.0922 0.7717 -0.6292
vn -0.5462 -0.6372 -0.5437
vn 0.8652 0.3762 -0.3315
vn 0.3733 0.9089 -0.1862
vn -0.7659 -0.5957 0.2417
vn -0.5851 -0.7110 0.3902
vn 0.0767 -0.1743 0.9817
vn 0.9869 0.1213 0.1068
vn 0.1337 0.4062 -0.9039
vn 0.1473 0.4007 -0.9043
vn 0.3472 -0.7498 0.5633
vn -0.5855 -0.1933 0.7873
vn 0.7772 0.2893 -0.5588
vn 0.9910 -0.0551 0.1219
vn 0.8475 0.2473 0.4697
vn 0.8448 0.3518 0.4032
vn -0.9931 -0.0438 0.1083
vn -0.2221 -0.7112 0.6670
vn -0.0380 0.2585 -0.9653
vn -0.5275 -0.0407 0.8486
vn 0.2447 0.9687 -0.0430
vn 0.6715 0.4656 -0.5764
vn 0.4629 0.5493 -0.6957
vn -0.2804 0.7595 -0.5870
vn 0.6295 0.5158 -0.5811
vn 0.5089 0.3745 -0.7751
vn 0.5931 -0.0911 -0.8000
vn -0.5949 -0.2279 0.7708
vn 0.6625 -0.3383 0.6683
vn -0.3342 0.8034 0.4928
vn -0.3330 0.8035 0.4934
vn -0.3277 0.8039 0.4963
vn -0.0134 -0.1602 0.9870
vn -0.8337 -0.1015 0.5428
vn -0.6250 -0.5370 0.5667
vn 0.8352 -0.2446 0.4926
vn -0.7276 -0.2037 0.6551
vn -0.7215 0.4720 0.5067
vn -0.1161 0.5981 -0.7930
vn -0.5300 -0.8268 0.1884
vn -0.7893 0.1867 0.5850
vn -0.0211 0.7626 0.6466
vn -0.7430 -0.5976 0.3014
vn -0.7084 -0.5582 0.4319
vn 0.0646 -0.5559 0.8287
vn -0.2248 0.3275 0.9177
vn -0.9794 -0.1963 0.0473
vn 0.7650 -0.0364 0.6430
vn -0.3940 -0.2045 -0.8961
vn 0.3678 -0.1834 0.9116
vn 0.5597 -0.0764 -0.8252
vn -0.2495 -0.7199 0.6476
vn 0.6582 -0.7527 -0.0131
vn -0.6421 -0.2505 -0.7246
vn 0.6017 -0.2628 0.7543
vn -0.9773 -0.2051 0.0528
vn 0.6529 0.6997 0.2900
vn -0.3843 -0.7629 0.5199
vn -0.9516 -0.3018 0.0575
vn 0.8079 -0.5885 -0.0312
vn 0.7937 -0.6068 -0.0426
vn 0.8197 -0.0432 0.5712
vn 0.5760 0.4295 0.6955
vn -0.3750 0.7936 -0.4792
vn -0.2042 0.3422 -0.9172
vn -0.5513 -0.1734 0.8161
vn 0.0041 -0.9680 0.2508
vn 0.3412 -0.9395 -0.0295
vn -0.0145 -0.5004 -0.8657
vn -0.5603 -0.2432 -0.7918
vn -0.0073 0.3531 0.9356
vn 0.7236 -0.5973 0.3458
vn 0.8579 -0.5073 -0.0817
vn -0.6571 -0.1435 -0.7400
vn 0.5445 0.5163 0.6610
vn -0.8875 -0.2536 0.3848
vn 0.4626 0.6665 0.5846
vn 0.2422 0.6295 -0.7383
vn 0.3082 -0.7724 0.5553
vn -0.1628 -0.8984 -0.4080
vn -0.6808 0.6564 0.3251
vn 0.7615 0.5714 0.3060
vn -0.8608 0.3849 0.3331
vn 0.5117 -0.0295 0.8587
vn 0.3352 -0.1337 0.9326
vn 0.8644 0.1030 -0.4921
vn 0.7672 -0.4197 0.4850
vn -0.9902 0.0768 0.1163
vn -0.6846 0.3416 0.6440
vn -0.4546 -0.6948 0.5572
vn -0.3231 -0.3667 0.8724
vn 0.1561 -0.0499 -0.9865
vn 0.9475 -0.1313 0.2916
vn -0.6400 0.7571 0.1316
vn -0.9473 -0.2596 0.1880
vn 0.7713 -0.0795 0.6315
vn 0.7720 -0.0789 0.6307
vn -0.3229 0.1350 0.9368
vn 0.1783 0.9523 0.2477
vn -0.0495 0.1456 0.9881
vn -0.0499 0.1452 0.9882
vn -0.0509 0.1440 0.9883
vn 0.1920 -0.0749 0.9785
vn 0.1879 -0.0734 0.9794
vn 0.1887 -0.0737 0.9793
vn 0.4702 -0.1951 0.8607
vn 0.6813 0.7033 -0.2029
vn 0.8551 -0.2296 0.4650
vn 0.3435 -0.3798 0.8589
vn 0.9805 0.0644 -0.1854
vn 0.8206 -0.5530 -0.1440
vn -0.2923 0.7476 0.5963
vn 0.3114 -0.7491 0.5847
vn 0.9580 0.2046 -0.2012
vn -0.5736 0.7991 -0.1800
vn -0.4777 -0.1995 0.8556
vn -0.7630 -0.6458 0.0271
vn -0.6609 0.7318 0.1662
vn -0.1258 -0.6531 0.7468
vn -0.4904 0.4111 -0.7685
vn -0.8996 0.3686 0.2344
vn -0.2162 0.1281 -0.9679
vn -0.5367 -0.1662 -0.8273
vn 0.4497 -0.6398 0.6232
vn 0.7000 0.3596 0.6170
vn -0.9095 -0.3020 0.2858
vn -0.5028 -0.6186 0.6038
vn -0.9553 0.1375 0.2618
vn 0.9909 -0.0232 0.1327
vn 0.9209 -0.0536 0.3860
vn 0.1983 0.0549 -0.9786
vn 0.3935 -0.8687 0.3009
vn -0.9060 -0.2638 0.3311
vn 0.0898 -0.9867 0.1357
vn 0.4046 0.7094 -0.5771
vn -0.6596 -0.6932 0.2907
vn 0.0663 -0.0961 0.9932
vn 0.8746 -0.2757 -0.3987
vn 0.8226 -0.3605 0.4397
vn -0.4627 0.8495 0.2537
vn 0.8569 -0.1506 -0.4929
vn -0.7131 0.1166 0.6913
vn 0.4065 -0.8986 0.1650
vn 0.2104 0.4058 0.8894
vn 0.9142 0.2064 -0.3487
vn -0.8440 0.3624 0.3954
vn -0.8470 0.3558 0.3951
vn -0.8479 0.3536 0.3949
vn 0.8059 0.3709 -0.4615
vn -0.7975 -0.0378 -0.6021
vn 0.4422 -0.1071 0.8905
vn 0.7379 0.2039 -0.6434
vn 0.0269 0.9947 -0.0993
vn 0.1086 0.1474 0.9831
vn 0.9605 0.1538 -0.2320
vn -0.0849 0.0189 0.9962
vn 0.6582 0.6702 -0.3428
vn 0.0480 -0.9985 -0.0260
vn -0.9496 -0.1835 -0.2542
vn -0.8102 0.0851 0.5800
vn -0.3754 0.9182 0.1261
vn 0.7868 0.0586 0.6145
vn 0.0472 -0.9831 -0.1768
vn 0.0475 -0.9831 -0.1768
vn -0.4353 -0.9002 -0.0120
vn -0.4633 0.0120 0.8861
vn -0.7593 -0.6194 -0.1996
vn -0.4633 -0.6336 0.6196
vn 0.0124 -0.9632 0.2686
vn 0.7777 -0.0200 0.6283
vn 0.7250 -0.2218 0.6520
vn -0.1194 -0.2492 0.9611
vn -0.8908 -0.2183 0.3985
vn 0.9777 -0.0505 0.2036
vn -0.9727 -0.2300 0.0321
vn 0.9485 -0.2500 0.1946
vn 0.4184 0.8349 0.3575
vn 0.4145 0.6499 -0.6371
vn 0.7947 -0.5369 -0.2830
vn -0.3874 -0.1641 0.9072
vn -0.9742 -0.0576 -0.2182
vn -0.0857 -0.3309 0.9398
vn 0.5679 -0.3742 0.7331
vn 0.3309 -0.3726 0.8670
vn -0.8894 0.3084 -0.3375
vn 0.9968 -0.0593 0.0544
vn -0.7533 -0.6518 -0.0884
vn -0.7512 -0.4057 0.5208
vn -0.7694 -0.3022 0.5627
vn -0.2641 -0.7353 -0.6242
vn -0.8643 -0.4965 0.0809
vn -0.8952 -0.4325 0.1073
vn -0.0199 0.7879 -0.6155
vn -0.5318 -0.1382 0.8355
vn 0.8802 -0.2358 -0.4118
vn -0.0067 -0.1029 0.9947
vn -0.6579 -0.0917 0.7475
vn 0.6292 -0.0927 0.7717
vn -0.9270 0.2696 -0.2606
vn 0.3736 -0.9221 -0.1005
vn 0.9587 -0.0630 0.2774
vn 0.8320 -0.4345 0.3449
vn 0.0407 0.0869 0.9954
vn 0.0663 0.1033 0.9924
vn -0.3699 0.9071 0.2007
vn -0.9890 -0.1383 0.0522
vn 0.4716 0.8223 -0.3185
vn -0.2950 0.9522 -0.0792
vn -0.1844 0.6142 -0.7673
vn -0.1848 0.6140 -0.7674
vn -0.1849 0.6139 -0.7674
vn 0.0426 -0.7300 0.6821
vn -0.8846 -0.0479 -0.4640
vn 0.8815 0.4028 -0.2463
vn -0.9289 -0.1974 0.3132
vn 0.0578 0.8362 -0.5453
vn -0.9805 -0.1955 0.0193
vn -0.2510 0.7525 -0.6088
vn -0.8683 0.3033 -0.3924
vn 0.6539 -0.4192 0.6298
vn 0.9509 -0.2023 0.2342
vn 0.8380 -0.3907 0.3810
vn 0.6488 0.1994 -0.7344
vn -0.3561 -0.6512 -0.6702
vn 0.4964 -0.8594 0.1223
vn -0.8745 -0.4204 0.2420
vn -0.8164 0.0393 0.5761
vn 0.4103 0.2560 -0.8753
vn -0.6296 -0.0266 0.7764
vn -0.7994 -0.6008 0.0100
vn 0.4030 0.8589 -0.3161
vn -0.9601 -0.2755 0.0485
vn 0.7274 0.6291 -0.2743
vn -0.9828 -0.1618 0.0888
vn 0.0751 -0.5124 0.8555
vn 0.9478 0.1047 0.3011
vn -0.2426 0.2769 -0.9298
vn -0.9795 -0.1924 0.0601
vn -0.4306 -0.4317 -0.7926
vn -0.0746 0.9713 0.2258
vn -0.0748 0.9713 0.2259
vn -0.0745 0.9713 0.2257
vn -0.5502 0.3430 -0.7613
vn 0.1106 -0.4489 0.8867
vn 0.6663 -0.2498 -0.7026
vn -0.8101 -0.2105 -0.5472
vn -0.8238 0.3584 -0.4393
vn 0.9834 0.0671 0.1685
vn 0.4116 -0.3587 0.8378
vn -0.8500 -0.5037 -0.1542
vn 0.3814 0.7272 0.5707
vn 0.8683 -0.4372 0.2343
vn -0.0446 -0.2436 0.9689
vn -0.9248 0.2083 -0.3184
vn -0.7343 0.0501 0.6769
vn -0.1176 0.0803 0.9898
vn -0.4486 0.3373 -0.8276
vn 0.0493 -0.9617 0.2698
vn 0.3525 0.8591 0.3712
vn -0.5154 0.7808 -0.3532
vn -0.1505 -0.1877 0.9706
vn 0.1239 -0.1296 0.9838
vn -0.4636 -0.6739 0.5752
vn -0.2493 -0.0918 0.9641
vn 0.7398 0.5687 -0.3597
vn 0.8698 -0.3410 0.3565
vn -0.0229 0.5725 0.8196
vn 0.6621 -0.1418 0.7358
vn 0.3204 -0.9468 -0.0310
vn 0.4148 -0.3057 -0.8570
vn 0.4543 0.7248 -0.5179
vn -0.9446 -0.2007 -0.2598
vn 0.0278 -0.1244 0.9918
vn 0.9738 -0.0793 0.2133
vn -0.0186 0.3147 0.9490
vn -0.0012 -0.3449 0.9386
vn 0.8879 0.1242 0.4430
vn -0.5718 0.6561 0.4926
vn 0.7650 0.2696 0.5849
vn -0.9426 0.0300 -0.3325
vn 0.2115 0.8297 0.5166
vn -0.9980 -0.0571 0.0255
vn -0.2332 -0.8476 0.4766
vn 0.5760 0.4229 0.6996
vn -0.3473 -0.6781 0.6478
vn -0.1123 0.6305 -0.7680
vn -0.0228 -0.1688 0.9854
vn -0.3041 0.8649 0.3993
vn 0.2752 0.4597 -0.8443
vn 0.7236 0.6578 -0.2089
vn 0.9725 -0.1165 -0.2014
vn -0.0384 0.6948 -0.7182
vn -0.8304 -0.0064 0.5571
vn 0.8717 0.4258 0.2426
vn -0.4434 0.8961 -0.0184
vn -0.9067 -0.1327 -0.4003
vn -0.0647 0.5423 0.8377
vn 0.8810 0.2570 0.3971
vn -0.0727 -0.7753 0.6274
vn -0.4061 -0.8615 0.3048
vn 0.3397 0.8237 -0.4541
vn -0.3831 0.7264 -0.5706
vn -0.8243 -0.0648 0.5624
vn -0.8565 -0.1066 0.5050
vn 0.6104 0.5525 0.5676
vn 0.6086 0.5539 0.5681
vn 0.5437 0.8053 -0.2366
vn -0.8005 -0.4103 0.4369
vn -0.7393 -0.3087 0.5985
vn 0.6253 0.6552 -0.4240
vn -0.7414 -0.1817 -0.6461
vn -0.5078 0.1648 -0.8456
vn 0.4931 0.8569 0.1504
vn 0.0760 0.6021 -0.7948
vn 0.8085 -0.5883 0.0144
vn 0.5832 -0.5385 0.6082
vn -0.4378 -0.3945 0.8079
vn 0.5270 -0.3585 0.7706
vn -0.5920 -0.1451 0.7928
vn 0.8805 0.3095 0.3591
vn -0.6144 -0.5582 -0.5577
vn -0.8486 -0.3198 0.4213
vn -0.4688 -0.8786 -0.0910
vn -0.9819 -0.1330 0.1347
vn -0.8263 0.5046 0.2502
vn 0.7696 -0.3447 0.5375
vn 0.9833 0.0393 0.1778
vn -0.9839 -0.1166 -0.1357
vn 0.3958 0.9045 -0.1589
vn -0.6799 0.4125 -0.6063
vn 0.8279 -0.4555 0.3272
vn -0.6884 -0.1563 0.7083
vn -0.0648 0.0122 0.9978
vn -0.6574 0.3776 0.6521
vn 0.3380 -0.4989 0.7980
vn 0.4703 -0.5943 0.6524
vn 0.2586 0.8920 -0.3707
vn -0.7744 0.0549 0.6304
vn -0.7651 -0.4703 0.4397
vn -0.2621 -0.7719 0.5792
vn 0.2830 0.2978 -0.9117
vn 0.1930 -0.0753 0.9783
vn -0.9327 -0.2871 -0.2181
vn -0.9328 -0.2871 -0.2179
vn -0.9328 -0.2872 -0.2176
vn -0.9342 -0.2881 -0.2103
vn 0.1108 0.9415 0.3182
vn -0.4993 0.5358 -0.6809
vn 0.2614 -0.6812 0.6839
vn -0.9044 -0.4097 0.1193
vn -0.8044 -0.5773 -0.1402
vn -0.4930 -0.1464 0.8576
vn -0.4239 0.6157 -0.6643
vn -0.8183 -0.3470 -0.4583
vn 0.0303 0.6977 -0.7158
vn -0.8802 -0.1709 -0.4427
vn -0.9462 0.3129 -0.0824
vn 0.7450 -0.1032 -0.6590
vn 0.9843 -0.0791 0.1580
vn -0.5346 0.7063 0.4640
vn 0.3473 -0.0442 0.9367
vn -0.9408 -0.2804 0.1902
vn 0.1112 -0.4996 0.8591
vn -0.9429 0.3063 0.1308
vn -0.0398 -0.3063 0.9511
vn 0.9201 -0.0298 0.3905
vn -0.0473 0.4444 -0.8946
vn -0.6810 0.7227 0.1182
vn 0.0982 0.2610 0.9603
vn -0.8835 0.0323 0.4674
vn -0.5693 0.7616 -0.3098
vn -0.2212 0.0873 -0.9713
vn 0.8099 0.1377 0.5702
vn 0.2902 -0.6161 0.7323
vn -0.0888 0.9909 -0.1009
vn -0.0307 0.1811 -0.9830
vn 0.4480 -0.1176 0.8863
vn 0.4364 -0.1445 0.8881
vn -0.5726 -0.2140 -0.7914
vn -0.8455 -0.5339 -0.0076
vn -0.5447 -0.7680 0.3368
vn -0.9514 0.0734 -0.2992
vn -0.8909 0.2359 0.3883
vn 0.8572 0.2639 0.4422
vn 0.3972 -0.7461 0.5344
vn -0.8269 -0.4605 0.3227
vn 0.1868 0.6339 -0.7505
vn -0.6910 -0.5475 -0.4719
vn 0.5560 0.3287 -0.7635
vn -0.3192 0.1782 0.9308
vn -0.7331 -0.5270 0.4300
vn 0.7005 -0.5048 0.5044
vn -0.5367 0.5957 0.5976
vn 0.0885 -0.0141 0.9960
vn 0.2377 0.0420 0.9704
vn -0.3276 0.8040 0.4963
vn -0.1227 -0.2172 0.9684
vn 0.0236 -0.7210 0.6926
vn -0.5364 -0.3456 0.7700
vn 0.4881 -0.8520 -0.1894
vn -0.2628 -0.0206 -0.9646
vn -0.2448 0.1027 0.9641
vn 0.1078 0.2428 0.9641
vn 0.6217 -0.1277 0.7728
vn -0.4579 0.5574 -0.6926
vn -0.9609 0.0536 -0.2717
vn -0.6092 -0.7356 -0.2961
vn -0.8429 0.3648 0.3956
vn 0.2036 0.8928 -0.4018
vn 0.4108 -0.2542 0.8756
vn -0.9120 -0.1011 -0.3976
vn 0.2068 0.0275 -0.9780
vn 0.2099 0.4777 0.8531
vn -0.8994 -0.3369 -0.2785
vn -0.1116 0.7636 -0.6360
vn 0.2141 -0.1240 0.9689
vn 0.9665 -0.2072 -0.1513
vn 0.1195 0.5839 -0.8030
vn 0.2234 0.8271 0.5157
vn -0.3604 0.0704 -0.9301
vn -0.9278 -0.3567 0.1094
vn -0.9056 -0.0425 0.4219
vn 0.1205 -0.9924 0.0245
vn 0.3669 0.9302 0.0100
vn 0.2119 -0.9655 -0.1512
vn 0.1264 0.9604 -0.2484
vn -0.0417 0.1376 -0.9896
vn 0.0581 0.7285 -0.6826
vn 0.6657 -0.2988 0.6838
vn -0.2222 0.9732 0.0584
vn 0.6932 -0.6377 0.3359
vn 0.8350 0.5171 -0.1879
vn -0.7998 0.3034 -0.5180
vn 0.9977 0.0428 -0.0522
vn 0.2180 0.0311 -0.9754
vn 0.0625 -0.1766 0.9823
vn -0.4169 -0.1857 0.8898
vn -0.3763 -0.0315 0.9260
vn -0.4839 -0.1833 0.8557
vn -0.6768 -0.5540 0.4849
vn 0.1274 0.6378 -0.7596
vn -0.1783 0.0042 0.9840
vn 0.0199 0.0484 -0.9986
vn -0.9263 -0.2013 0.3186
vn -0.8240 0.2028 0.5290
vn -0.2648 0.7513 0.6045
vn 0.9738 -0.2120 -0.0828
vn 0.6106 0.5523 0.5675
vn 0.9179 0.0547 0.3930
vn -0.7820 -0.5938 0.1893
vn -0.9606 0.0418 0.2749
vn 0.7233 -0.4646 0.5108
vn 0.2821 0.6053 0.7444
vn -0.2997 -0.5207 0.7994
vn -0.2498 -0.9535 -0.1685
vn -0.8942 -0.3192 -0.3139
vn -0.8525 -0.4114 -0.3225
vn -0.5498 -0.3725 0.7477
vn -0.9383 -0.2832 0.1984
vn -0.1310 -0.1227 0.9838
vn 0.6052 -0.1183 -0.7873
vn -0.3888 -0.2404 0.8894
vn -0.4114 0.7071 -0.5751
vn 0.0838 0.2637 -0.9610
vn -0.7478 -0.2837 0.6002
vn 0.0014 0.3963 -0.9181
vn -0.0299 -0.7843 0.6197
vn -0.1050 0.9904 0.0898
vn -0.0281 -0.9891 0.1449
vn -0.0232 0.9735 0.2276
vn -0.0230 0.9735 0.2277
vn 0.9933 -0.1063 0.0458
vn -0.3643 -0.0077 0.9312
vn -0.1193 -0.4523 0.8838
vn 0.9425 -0.1409 -0.3032
vn -0.0569 0.1367 0.9890
vn 0.0513 -0.9892 -0.1372
vn 0.0244 0.5352 -0.8444
vn -0.0353 0.0940 -0.9949
vn 0.5810 0.6037 0.5459
vn -0.0037 -0.8054 0.5927
vn -0.1763 0.6518 0.7377
vn -0.0827 0.5700 0.8175
vn -0.2453 -0.2207 0.9440
vn -0.0709 0.7230 -0.6871
vn -0.0605 0.6719 -0.7381
vn 0.1210 0.6080 -0.7846
vn 0.0316 -0.0238 0.9992
vn -0.1074 0.8128 -0.5725
vn -0.0489 0.7636 -0.6439
vn 0.0478 -0.9831 -0.1768
vn 0.0436 -0.9824 -0.1819
vn 0.0520 -0.7808 0.6226
vn 0.0007 0.1916 0.9815
vn -0.0233 0.9735 0.2275
vn 0.0349 -0.3286 0.9438
vn -0.0313 0.3640 -0.9309
vn -0.0967 0.8639 0.4944
vn -0.0969 0.8640 0.4940
vn -0.0974 0.8645 0.4931
vn -0.0977 0.8647 0.4927
vn 0.0460 -0.9741 0.2213
vn -0.0781 0.9575 -0.2776
vn 0.7372 0.1399 0.6611
vn 0.0407 -0.5171 0.8549
vn -0.1876 0.6125 -0.7679
vn -0.0301 -0.5059 0.8621
vn 0.0306 -0.0691 -0.9971
vn 0.0507 0.0497 -0.9975
vn 0.1733 -0.9279 0.3302
vn -0.0070 0.1364 -0.9906
vn -0.1335 0.0946 0.9865
vn 0.2892 -0.5753 0.7651
vn 0.1583 -0.7054 0.6909
vn 0.1841 0.7946 -0.5785
vn -0.3325 -0.7420 -0.5821
vn 0.0461 0.9654 -0.2569
vn -0.0066 0.0146 0.9999
vn 0.3958 0.1953 0.8973
vn 0.2684 0.8900 -0.3685
vn 0.4816 0.2763 -0.8317
vn 0.9634 0.1508 0.2218
vn 0.2686 0.8825 0.3861
vn 0.0158 -0.0759 -0.9970
vn 0.0222 0.0246 -0.9995
vn -0.0472 0.4551 0.8892
vn 0.7718 0.4839 -0.4126
vn -0.1868 0.2491 0.9503
vn 0.4033 0.9136 0.0516
vn 0.3766 0.5784 -0.7236
vn 0.0297 0.3975 -0.9171
vn -0.1274 -0.1043 0.9864
vn -0.0169 0.3400 -0.9403
vn -0.0743 0.8786 -0.4717
vn -0.1029 0.8955 -0.4330
vn -0.2344 -0.0893 0.9680
vn 0.0592 -0.9658 0.2526
vn 0.7416 -0.6543 -0.1484
vn -0.0884 0.7597 0.6442
vn 0.0203 -0.6177 0.7861
vn -0.0733 -0.6850 0.7248
vn -0.0343 0.8633 -0.5035
vn 0.0301 0.7032 -0.7104
vn -0.3044 -0.8458 0.4381
vn -0.0286 -0.8492 0.5273
vn -0.2603 -0.9414 0.2147
vn 0.3954 0.7097 0.5831
vn -0.0063 0.9236 0.3833
vn -0.0608 0.9377 0.3421
vn -0.3437 0.6973 -0.6291
vn 0.2692 -0.7708 0.5773
vn 0.0530 -0.7825 0.6204
vn -0.0929 -0.8687 0.4865
vn 0.0229 -0.9991 -0.0344
vn 0.7357 0.2932 -0.6106
vn 0.1076 -0.2423 0.9642
vn 0.4711 -0.6559 0.5898
vn 0.5773 -0.0946 0.8110
vn 0.0051 -0.4007 0.9162
vn -0.1014 0.8293 -0.5495
vn -0.2148 0.8689 -0.4459
vn -0.0944 0.8994 -0.4268
vn -0.0278 0.6197 -0.7843
vn -0.1994 0.5508 -0.8105
vn -0.5116 -0.3490 0.7852
vn -0.3300 0.5894 -0.7374
vn 0.3335 -0.3722 0.8662
vn 0.8510 0.3454 -0.3956
vn 0.5283 -0.2850 0.7998
vn 0.9708 -0.1757 0.1631
vn 0.3505 0.6579 -0.6666
vn 0.9072 -0.0548 0.4171
vn 0.8640 -0.0624 0.4997
vn -0.7237 0.2796 -0.6309
vn -0.9326 -0.1475 0.3295
vn -0.2958 -0.3710 0.8803
vn 0.4790 0.5033 -0.7192
vn -0.4769 0.4925 -0.7280
vn 0.7138 0.1890 -0.6744
vn 0.1480 -0.4316 0.8898
vn -0.3482 0.6481 -0.6773
vn 0.9080 -0.0250 -0.4182
vn -0.5242 0.5857 -0.6181
vn 0.5743 -0.3721 0.7292
vn 0.3348 0.5953 -0.7304
vn -0.0871 -0.4552 0.8861
vn -0.2303 0.4977 -0.8362
vn -0.9714 -0.2011 0.1262
vn -0.6977 -0.3636 0.6172
vn 0.8939 -0.0211 0.4477
vn 0.8531 0.4758 0.2139
vn 0.9870 -0.0932 0.1312
vn -0.3099 -0.0629 -0.9487
vn 0.4367 0.3071 0.8455
vn -0.6665 0.6046 -0.4361
vn 0.6254 0.6433 0.4416
vn -0.2871 0.6377 -0.7148
vn -0.6546 -0.7369 0.1686
vn -0.8102 -0.2175 -0.5442
vn 0.3038 0.5865 -0.7508
vn -0.3635 0.9290 -0.0698
vn 0.2840 0.9436 0.1701
vn 0.7921 0.2133 -0.5719
vn 0.8779 0.0373 -0.4774
vn -0.7911 0.1199 -0.5998
vn -0.7869 0.1133 -0.6066
vn -0.7916 0.1207 -0.5990
vn -0.4478 -0.1326 -0.8843
vn 0.5381 0.3477 -0.7678
vn 0.5639 0.1457 -0.8129
vn 0.0238 0.1626 -0.9864
vn -0.6168 0.7545 0.2240
vn -0.1266 0.9891 -0.0756
vn 0.9763 0.1647 -0.1402
vn -0.5426 0.0942 -0.8347
vn 0.0976 0.5283 -0.8434
vn -0.8118 -0.0360 -0.5829
vn -0.7445 0.3347 -0.5777
vn 0.2229 0.6401 -0.7352
vn -0.9937 -0.0765 0.0819
vn -0.4756 0.8258 0.3031
vn -0.4594 0.8378 0.2950
vn 0.0686 0.0896 0.9936
vn -0.9960 0.0408 0.0793
vn 0.6439 0.4686 -0.6048
vn 0.2182 0.9481 -0.2313
vn -0.6830 0.6641 -0.3040
vn 0.6224 0.7356 -0.2674
vn -0.1292 -0.0465 -0.9905
vn 0.3443 0.2677 -0.8999
vn -0.1349 0.4457 0.8849
vn 0.0223 0.9960 -0.0864
vn -0.1633 0.2565 -0.9526
vn -0.2024 0.7305 0.6523
vn -0.9527 -0.3041 -0.0021
vn 0.8029 -0.2947 0.5182
vn -0.6951 -0.2056 -0.6889
vn -0.2551 0.4344 -0.8638
vn 0.6363 0.7313 0.2457
vn -0.7421 0.6274 0.2357
vn 0.0933 0.7254 0.6819
vn 0.0930 0.7256 0.6818
vn 0.0984 0.7233 0.6835
vn 0.1000 0.9408 0.3237
vn -0.8687 0.0574 -0.4920
vn -0.6836 0.7291 -0.0327
vn -0.1499 0.9596 -0.2380
vn -0.9734 0.0849 -0.2127
vn -0.3314 0.8534 -0.4023
vn -0.7521 0.1487 -0.6421
vn -0.1347 0.1353 -0.9816
vn 0.1891 0.0620 -0.9800
vn 0.3902 -0.0347 -0.9201
vn -0.7990 0.2817 0.5313
vn -0.3511 0.1348 -0.9266
vn -0.5576 0.7912 -0.2512
vn -0.5575 0.7914 -0.2507
vn -0.5548 0.7962 -0.2412
vn 0.6008 0.7768 0.1887
vn 0.9471 0.3043 -0.1023
vn 0.1267 0.9713 0.2013
vn 0.1316 0.9714 0.1975
vn 0.1270 0.9713 0.2011
vn 0.5370 0.8256 0.1733
vn 0.1107 -0.8602 -0.4979
vn -0.1641 0.0373 -0.9857
vn 0.9009 -0.1819 -0.3941
vn 0.9476 -0.1937 -0.2539
vn -0.7863 0.1123 -0.6075
vn 0.5534 0.7116 -0.4328
vn 0.2962 0.3802 0.8762
vn 0.4229 0.4902 -0.7621
vn -0.8688 0.4823 0.1119
vn 0.9816 -0.1525 -0.1151
vn 0.6538 0.5585 -0.5105
vn 0.8015 0.2313 -0.5514
vn 0.2406 0.8082 0.5375
vn -0.3697 0.5754 -0.7295
vn 0.7423 0.4622 0.4851
vn 0.0058 0.4517 -0.8921
vn -0.2584 0.5966 0.7598
vn -0.9637 0.1943 -0.1829
vn -0.5387 0.5328 0.6526
vn 0.4544 -0.0756 -0.8876
vn -0.9592 -0.0935 -0.2666
vn -0.3124 0.3375 0.8880
vn 0.7603 0.6052 -0.2359
vn -0.5440 0.2981 -0.7844
vn -0.9058 0.3781 0.1913
vn -0.9096 0.3730 0.1831
vn -0.9095 0.3731 0.1832
vn -0.0451 0.5997 0.7989
vn -0.4385 0.5515 -0.7096
vn 0.8277 0.1896 0.5281
vn 0.0182 0.4535 0.8911
vn 0.1606 0.9863 -0.0385
vn 0.3717 0.8696 0.3251
vn 0.3673 0.8724 0.3226
vn 0.3668 0.8727 0.3223
vn -0.5577 0.7911 -0.2514
vn 0.8711 0.1429 -0.4699
vn 0.8353 0.4081 0.3683
vn -0.1066 0.9924 -0.0611
vn -0.3693 0.9239 0.1005
vn -0.9151 -0.3465 0.2061
vn -0.4037 0.4739 -0.7826
vn 0.6369 -0.0884 -0.7658
vn 0.9102 0.2613 0.3214
vn 0.9716 0.0202 0.2357
vn -0.8000 0.5255 0.2896
vn 0.1990 -0.0475 -0.9788
vn -0.9511 -0.2973 0.0833
vn -0.2514 0.1957 -0.9479
vn -0.8482 0.3418 0.4047
vn 0.2583 0.5938 0.7620
vn 0.0144 0.3683 -0.9296
vn 0.7594 0.2638 -0.5947
vn 0.8579 0.3845 -0.3409
vn 0.4999 0.6453 0.5776
vn -0.1299 0.9831 0.1287
vn 0.0005 0.1327 -0.9912
vn 0.8092 0.5802 -0.0928
vn -0.0253 0.6949 -0.7187
vn -0.1377 0.8114 -0.5680
vn -0.1730 0.8558 0.4875
vn -0.0480 0.9497 -0.3093
vn 0.1403 0.3903 -0.9100
vn -0.0074 -0.0491 -0.9988
vn -0.0489 0.9075 -0.4171
vn -0.0713 0.9416 0.3292
vn 0.8450 -0.5288 0.0799
vn 0.8152 -0.5679 0.1140
vn -0.8854 -0.2693 0.3790
vn -0.7916 -0.0722 0.6068
vn 0.6834 -0.6674 -0.2960
vn 0.2213 -0.6210 0.7519
vn 0.5846 -0.6505 0.4848
vn 0.1261 -0.0520 0.9907
vn 0.9990 0.0168 -0.0425
vn -0.6374 -0.6427 -0.4250
vn -0.9916 -0.0099 -0.1287
vn -0.2748 -0.6968 0.6625
vn -0.4698 -0.8676 0.1631
vn 0.3429 -0.5850 -0.7350
vn 0.1082 -0.2201 0.9695
vn -0.4474 -0.5878 0.6740
vn 0.3434 -0.9365 0.0706
vn 0.9927 -0.0099 -0.1201
vn -0.3365 -0.8393 0.4271
vn -0.6015 -0.5643 -0.5655
vn -0.9245 -0.3789 -0.0414
vn 0.1517 -0.7784 -0.6092
vn 0.6913 -0.4719 0.5472
vn 0.6918 -0.4741 0.5447
vn 0.6914 -0.4724 0.5467
vn 0.0039 -0.9455 0.3257
vn -0.0729 -0.9616 0.2646
vn 0.3411 0.1165 0.9328
vn -0.7393 -0.5511 0.3870
vn 0.8130 0.2975 0.5005
vn 0.7700 0.1825 0.6114
vn -0.3145 -0.9093 0.2724
vn -0.6327 -0.5987 0.4911
vn -0.5177 -0.1570 0.8410
vn 0.9954 0.0736 -0.0608
vn 0.7678 -0.5850 0.2614
vn -0.4425 -0.5709 0.6916
vn 0.6933 -0.3912 0.6053
vn 0.5134 -0.2266 0.8277
vn 0.4413 -0.2026 0.8742
vn 0.9229 -0.0044 0.3849
vn 0.4657 -0.8213 -0.3297
vn 0.9695 -0.1432 -0.1988
vn -0.2458 -0.9410 0.2327
vn 0.7109 -0.0556 0.7011
vn 0.6577 -0.6942 0.2922
vn -0.0860 -0.8265 0.5563
vn -0.6256 -0.7438 0.2354
vn -0.6625 -0.7166 0.2182
vn 0.8372 0.1185 0.5340
vn -0.2434 -0.9518 -0.1868
vn 0.6836 -0.5131 -0.5191
vn 0.3697 -0.9026 0.2206
vn -0.5651 -0.1035 0.8185
vn -0.6842 -0.5628 0.4638
vn -0.6883 -0.6720 -0.2731
vn -0.2059 -0.1566 0.9660
vn 0.2099 -0.6943 -0.6884
vn -0.9990 0.0095 -0.0432
vn -0.9987 0.0063 -0.0510
vn -0.9990 0.0089 -0.0447
vn -0.7382 -0.6706 0.0732
vn 0.7332 0.2384 0.6369
vn 0.2912 -0.3162 0.9029
vn -0.0456 -0.9379 -0.3438
vn -0.0454 -0.9377 -0.3444
vn -0.0455 -0.9378 -0.3441
vn 0.7138 -0.6627 -0.2265
vn -0.1610 -0.6272 -0.7620
vn 0.9998 -0.0162 -0.0060
vn -0.0967 -0.7431 -0.6621
vn -0.0511 -0.9418 -0.3323
vn -0.0794 0.0435 0.9959
vn -0.0309 0.0581 0.9978
vn 0.7096 -0.7033 0.0436
vn 0.1985 -0.9529 -0.2294
vn 0.9296 -0.3351 -0.1536
vn -0.7692 0.0281 0.6384
vn 0.0947 0.0599 0.9937
vn 0.1591 -0.9130 -0.3757
vn 0.4242 -0.6503 0.6302
vn 0.8942 -0.1563 0.4195
vn 0.4870 0.1389 0.8623
vn -0.3627 0.0416 0.9310
vn -0.5173 -0.8072 -0.2842
vn 0.0637 -0.4730 -0.8788
vn -0.3847 -0.3780 0.8421
vn -0.7786 -0.3956 -0.4871
vn -0.7783 -0.3960 -0.4873
vn -0.7816 -0.3920 -0.4853
vn -0.5691 -0.7994 -0.1925
vn 0.0591 -0.9203 0.3866
vn -0.0093 -0.6920 0.7218
vn -0.7055 -0.3756 0.6010
vn -0.7064 -0.3752 0.6002
vn -0.7058 -0.3755 0.6008
vn -0.8716 0.2264 0.4347
vn -0.5206 -0.7109 0.4728
vn -0.4864 -0.4700 0.7365
vn 0.8690 -0.4939 -0.0310
vn -0.4252 -0.0673 0.9026
vn 0.3013 -0.5602 0.7717
vn -0.1744 -0.2841 0.9428
vn -0.7133 -0.1753 0.6786
vn 0.8697 -0.2278 -0.4378
vn -0.0675 -0.8661 -0.4953
vn 0.9873 0.0722 -0.1416
vn 0.2090 -0.4466 -0.8700
vn -0.4429 0.0908 0.8920
vn 0.0770 -0.5163 0.8529
vn 0.5919 -0.6078 -0.5293
vn -0.4055 -0.6847 0.6056
vn -0.4060 -0.5681 -0.7159
vn -0.4294 -0.5660 -0.7037
vn 0.0859 -0.4833 -0.8712
vn -0.1266 -0.9913 0.0364
vn 0.6122 0.2200 0.7595
vn -0.4015 -0.8499 -0.3414
vn -0.0213 -0.7751 0.6315
vn -0.9399 -0.2219 -0.2596
vn 0.6233 -0.7764 -0.0933
vn 0.6426 -0.7507 -0.1534
vn 0.3380 -0.7275 -0.5970
vn 0.5678 -0.8076 0.1591
vn 0.4485 -0.5940 0.6678
vn -0.8216 -0.1895 0.5376
vn -0.7295 -0.5939 -0.3392
vn 0.9816 -0.0000 0.1907
vn 0.9427 -0.2592 0.2103
vn 0.3971 -0.9081 -0.1326
vn -0.9764 -0.0296 0.2138
vn -0.9569 -0.0713 0.2815
vn 0.1250 -0.4829 0.8667
vn -0.9453 -0.0038 -0.3262
vn 0.2624 -0.5488 0.7937
vn -0.0618 -0.1230 0.9905
vn -0.6000 -0.5428 0.5877
vn 0.1868 -0.2081 0.9601
vn -0.6554 -0.6619 -0.3639
vn 0.3315 -0.7902 -0.5155
vn -0.2180 -0.6557 -0.7229
vn 0.0227 -0.8564 -0.5158
vn -0.8833 -0.3751 0.2812
vn 0.0600 -0.5897 -0.8054
vn 0.1440 -0.9698 -0.1969
vn -0.0999 -0.9890 -0.1090
vn 0.0353 -0.3772 0.9255
vn 0.0075 -0.8958 0.4443
vn 0.1963 -0.1951 -0.9610
vn -0.4170 -0.6616 0.6232
vn -0.4144 -0.6584 0.6283
vn -0.4150 -0.6590 0.6273
vn -0.0294 -0.1766 0.9838
vn -0.2181 -0.8818 0.4182
vn 0.3953 -0.9021 0.1733
vn -0.0137 -0.1658 0.9861
vn 0.1640 -0.9855 0.0439
vn -0.1827 -0.5972 -0.7810
vn -0.0134 -0.5812 -0.8137
vn -0.8870 -0.3560 0.2940
vn -0.4982 -0.2559 0.8284
vn 0.1060 -0.6979 -0.7083
vn -0.1754 -0.9005 -0.3979
vn -0.0646 -0.8202 -0.5684
vn -0.0644 -0.8195 -0.5695
vn -0.0646 -0.8200 -0.5687
vn 0.0215 -0.9467 -0.3213
vn 0.3737 -0.7656 0.5236
vn -0.0254 -0.9949 0.0978
vn -0.5510 -0.7007 0.4531
vn 0.7298 -0.2474 0.6374
vn 0.9878 -0.0633 0.1420
vn 0.6644 -0.6258 0.4086
vn 0.1009 -0.9791 0.1767
vn -0.9519 -0.3065 0.0073
vn 0.2808 -0.8716 0.4018
vn -0.4732 -0.5925 0.6519
vn -0.7353 -0.3708 0.5673
vn -0.2329 -0.8837 0.4059
vn 0.3126 -0.5147 0.7984
vn 0.9128 -0.2699 0.3066
vn 0.3158 -0.6473 0.6937
vn 0.1323 -0.8106 -0.5704
vn 0.1460 -0.8792 -0.4536
vn 0.7805 -0.1698 0.6016
vn -0.1943 -0.9804 -0.0313
vn 0.9110 -0.0013 0.4124
vn 0.7642 -0.0228 0.6446
vn 0.4390 -0.8565 -0.2714
vn 0.8900 -0.2116 0.4040
vn 0.3652 -0.4912 0.7908
vn 0.7467 -0.0213 -0.6648
vn -0.9326 -0.3184 0.1701
vn 0.7021 -0.4754 0.5301
vn -0.7651 -0.4833 0.4256
vn -0.6144 -0.6362 0.4667
vn 0.0556 -0.9900 0.1296
vn 0.9941 -0.1075 -0.0157
vn 0.2825 -0.8224 0.4938
vn -0.2730 -0.7496 0.6030
vn -0.9452 -0.1004 -0.3108
vn -0.6912 -0.0033 -0.7226
vn 0.8424 0.0764 -0.5334
vn 0.6067 -0.7883 0.1021
vn -0.4130 -0.9099 0.0394
vn -0.8570 -0.1861 -0.4806
vn -0.4286 -0.6442 0.6334
vn 0.4075 -0.8337 0.3727
vn -0.8027 -0.5961 0.0159
vn 0.4051 -0.7651 -0.5005
vn -0.9588 -0.2367 0.1573
vn -0.7632 -0.5931 0.2564
vn 0.4076 -0.7707 0.4897
vn -0.3001 -0.9395 0.1653
vn 0.6808 -0.2511 0.6880
vn 0.4463 -0.2305 0.8647
vn -0.2064 -0.8201 0.5338
vn 0.4386 0.8708 -0.2220
vn -0.3671 -0.0814 -0.9266
vn 0.8616 0.4726 0.1853
vn 0.8929 0.0711 -0.4445
vn -0.9937 -0.0962 -0.0578
vn 0.6487 0.0870 -0.7561
vn -0.8608 0.3358 -0.3823
vn -0.8093 0.5738 -0.1258
vn 0.3138 0.8867 -0.3395
vn 0.1602 0.6309 -0.7592
vn 0.2600 0.6992 -0.6660
vn 0.4036 0.7928 0.4567
vn 0.4463 0.7616 0.4699
vn 0.1919 0.3444 -0.9190
vn -0.7388 0.4904 0.4622
vn -0.3552 0.5992 0.7175
vn 0.8723 -0.4035 -0.2761
vn -0.9724 -0.2278 -0.0498
vn -0.8837 -0.2832 -0.3726
vn 0.9252 0.2969 -0.2364
vn 0.6133 0.6242 -0.4840
vn 0.5640 0.4863 -0.6675
vn 0.4750 0.5616 -0.6774
vn -0.2929 0.9185 -0.2656
vn 0.0711 0.9701 -0.2322
vn 0.2981 0.8639 -0.4059
vn 0.6123 0.5740 0.5437
vn 0.8102 0.4793 -0.3373
vn 0.9902 -0.0946 0.1023
vn 0.7048 0.1038 -0.7018
vn -0.2666 0.9512 0.1551
vn -0.8543 -0.1274 -0.5039
vn 0.2250 0.9722 -0.0653
vn 0.5809 0.3111 -0.7522
vn 0.5824 0.8120 -0.0373
vn -0.7995 0.5653 -0.2030
vn -0.5556 0.1156 -0.8234
vn 0.9991 0.0313 0.0291
vn 0.9802 0.1281 -0.1508
vn 0.1364 0.6580 0.7406
vn 0.8740 -0.1007 -0.4755
vn -0.5513 0.8337 0.0329
vn -0.4185 0.9077 0.0296
vn -0.4736 0.1470 -0.8684
vn 0.3985 0.0983 -0.9119
vn -0.9969 -0.0756 0.0210
vn 0.5965 0.6858 0.4171
vn -0.9969 0.0555 0.0566
vn -0.9875 0.0325 0.1544
vn 0.1320 0.9714 0.1972
vn 0.1062 0.8056 -0.5829
vn -0.5942 0.6292 -0.5009
vn 0.7142 -0.1458 -0.6846
vn 0.5665 0.7980 -0.2058
vn -0.6932 0.5217 0.4973
vn -0.3731 0.9160 -0.1477
vn 0.6026 0.1585 -0.7822
vn 0.8380 -0.4198 0.3485
vn 0.8594 0.2719 -0.4329
vn -0.2832 0.2329 -0.9303
vn 0.2138 0.1435 -0.9663
vn 0.2149 0.1442 -0.9659
vn 0.2124 0.1426 -0.9667
vn -0.4587 0.4472 0.7678
vn 0.6515 0.1213 0.7489
vn 0.5891 0.4355 0.6806
vn 0.0538 0.9274 0.3702
vn -0.4200 0.7618 -0.4932
vn -0.7134 0.6588 0.2388
vn -0.2169 0.9233 0.3169
vn 0.4525 0.6942 -0.5598
vn 0.3749 0.7288 -0.5730
vn -0.9974 -0.0601 -0.0406
vn 0.1037 0.7210 0.6851
vn -0.8824 0.0523 -0.4675
vn 0.0363 -0.0610 -0.9975
vn 0.9530 -0.1793 0.2442
vn 0.3972 0.9170 0.0362
vn 0.9141 0.3826 -0.1345
vn -0.9937 -0.1045 -0.0396
vn -0.1358 0.6324 -0.7626
vn -0.5964 0.0070 -0.8027
vn -0.5345 0.6658 -0.5206
vn -0.1361 0.4506 -0.8823
vn -0.1124 0.4085 -0.9058
vn -0.4114 0.7894 -0.4556
vn -0.9933 0.0121 -0.1153
vn -0.9954 -0.0316 -0.0905
vn -0.1635 -0.0612 -0.9846
vn 0.0531 0.8698 0.4906
vn 0.4422 0.8953 0.0547
vn -0.7646 0.1487 -0.6271
vn -0.1605 0.9185 0.3614
vn 0.8493 -0.0189 -0.5276
vn -0.5806 -0.1402 -0.8020
vn -0.3018 0.0775 -0.9502
vn -0.0465 0.4751 0.8787
vn 0.7432 0.6083 0.2786
vn -0.9019 0.2626 -0.3430
vn 0.4255 0.3588 -0.8308
vn -0.6172 0.7863 -0.0284
vn 0.7511 0.3650 -0.5501
vn -0.9745 0.0881 0.2063
vn -0.4628 0.5408 0.7024
vn -0.8100 0.0385 -0.5852
vn 0.7692 0.3843 0.5105
vn -0.9999 -0.0132 -0.0041
vn -0.1758 0.3972 0.9007
vn -0.0171 -0.3075 0.9514
vn -0.9395 -0.0900 0.3304
vn 0.1597 0.3920 -0.9060
vn 0.2113 0.4832 0.8496
vn -0.6817 0.0157 -0.7314
vn -0.6691 0.0658 -0.7403
vn 0.8715 -0.1483 -0.4675
vn 0.5546 0.6793 -0.4805
vn -0.3437 0.3504 -0.8712
vn 0.4564 0.5422 -0.7055
vn -0.6438 0.4137 -0.6438
vn -0.5759 0.4255 -0.6980
vn -0.8628 0.4997 -0.0762
vn 0.3876 0.6509 0.6528
vn 0.3935 0.0742 -0.9163
vn 0.1989 0.2793 -0.9394
vn 0.7988 0.1956 -0.5689
vn -0.8405 -0.0928 0.5338
vn 0.1383 0.1320 -0.9815
vn -0.9825 -0.1802 0.0476
vn -0.4585 0.0783 -0.8852
vn -0.9396 -0.0101 -0.3420
vn -0.6436 0.4844 0.5925
vn 0.9713 0.0075 -0.2376
vn 0.9648 0.0623 -0.2554
vn 0.9999 0.0153 0.0027
vn 0.7145 0.0356 -0.6987
vn -0.6438 0.6116 0.4599
vn -0.9547 -0.0804 -0.2865
vn 0.2151 0.1444 -0.9659
vn 0.4177 0.0879 -0.9043
vn 0.9976 0.0535 -0.0446
vn -0.5520 0.2831 -0.7843
vn -0.0917 0.5182 -0.8503
vn -0.9047 0.3795 0.1936
vn 0.2493 0.7538 0.6080
vn 0.8194 0.3035 0.4862
vn 0.6752 0.7376 0.0077
vn 0.5749 0.4556 0.6797
vn 0.5754 0.4554 0.6793
vn 0.5748 0.4556 0.6797
vn 0.5744 0.4557 0.6800
vn -0.3195 0.7351 -0.5980
vn 0.3609 0.6037 0.7109
vn 0.3664 0.8729 0.3221
vn -0.1209 0.4473 -0.8862
vn 0.9692 -0.2302 -0.0876
vn 0.9535 -0.3008 -0.0172
vn 0.9821 0.1206 0.1446
vn 0.9821 0.1206 0.1444
vn 0.9821 0.1206 0.1445
vn 0.9821 0.1205 0.1447
vn -0.6915 0.6773 0.2512
vn -0.6618 0.1680 0.7306
vn -0.7005 0.3482 0.6229
vn -0.2907 0.7051 0.6468
vn -0.7469 -0.5961 -0.2946
vn -0.9115 -0.1779 -0.3709
vn -0.8449 0.0718 -0.5301
vn 0.9228 0.1247 -0.3645
vn -0.9617 0.1456 -0.2322
vn 0.9992 -0.0289 0.0289
vn 0.2982 0.4539 -0.8397
vn -0.1661 0.3325 -0.9284
vn -0.4373 0.4933 -0.7519
vn 0.9988 -0.0047 0.0478
vn -0.6478 0.5024 -0.5727
vn -0.0500 0.1522 -0.9871
vn 0.9657 0.1493 0.2124
vn -0.9404 -0.2297 -0.2507
vn -0.5294 0.6930 0.4893
vn -0.4612 0.7478 0.4775
vn 0.9823 0.1571 -0.1018
vn 0.3699 -0.8203 0.4363
vn -0.3521 0.7779 0.5205
vn -0.8381 0.3505 0.4181
vn 0.3134 -0.0538 0.9481
vn 0.1672 -0.0352 -0.9853
vn 0.8923 0.3354 -0.3021
vn -0.0438 0.9777 0.2053
vn 0.7952 0.6035 -0.0587
vn -0.1289 0.6403 0.7572
vn -0.1143 0.6902 0.7145
vn -0.0233 0.7508 -0.6601
vn -0.1415 0.8737 0.4654
vn -0.0003 0.1823 -0.9832
vn 0.9958 0.0273 0.0873
vn 0.9891 0.0405 0.1414
vn 0.1589 0.4367 -0.8855
vn -0.1356 0.8633 -0.4861
vn 0.1219 0.8497 -0.5129
vn -0.6797 0.1595 0.7160
vn -0.9940 -0.1095 0.0016
vn 0.2474 0.0579 0.9672
vn -0.8489 -0.4990 -0.1740
vn 0.9889 0.1477 0.0155
vn 0.9889 -0.0442 0.1415
vn 0.8118 -0.5347 -0.2347
vn -0.5782 -0.0906 0.8109
vn 0.5836 -0.6908 0.4270
vn 0.7858 -0.5139 0.3442
vn 0.2004 -0.9786 0.0465
vn -0.5077 -0.6766 -0.5333
vn -0.1465 -0.6392 0.7550
vn 0.2745 -0.6792 0.6806
vn -0.1306 -0.4478 0.8846
vn 0.8271 -0.4294 -0.3627
vn 0.7183 -0.5222 -0.4598
vn 0.9892 0.1092 -0.0981
vn 0.7422 -0.0467 0.6685
vn -0.2900 -0.5847 0.7577
vn -0.4946 -0.5563 0.6678
vn 0.3376 -0.8996 0.2771
vn -0.0223 -0.9949 0.0988
vn 0.7305 -0.2381 0.6401
vn 0.7263 -0.3403 0.5973
vn -0.7738 -0.5413 0.3290
vn -0.2308 -0.9436 -0.2375
vn -0.6067 -0.5727 0.5513
vn -0.7818 -0.0624 0.6203
vn -0.6559 -0.1488 0.7401
vn -0.2047 -0.8087 0.5515
vn -0.2164 -0.9745 0.0597
vn -0.4863 -0.3871 0.7834
vn -0.4570 -0.3728 0.8076
vn 0.6726 -0.6294 -0.3891
vn 0.7110 -0.5367 0.4543
vn 0.4726 -0.6517 0.5932
vn 0.4067 -0.6937 0.5944
vn 0.4697 -0.1099 0.8760
vn 0.9697 -0.2423 -0.0325
vn -0.9739 -0.1079 0.1999
vn -0.4383 -0.5330 0.7237
vn 0.1279 -0.9869 0.0984
vn -0.9362 -0.3074 0.1702
vn 0.9865 0.0905 -0.1363
vn 0.0979 -0.4640 0.8804
vn 0.3789 -0.1018 0.9198
vn -0.0849 -0.5349 0.8406
vn 0.6193 0.0054 0.7851
vn 0.4569 -0.8889 -0.0328
vn 0.5052 -0.8626 -0.0252
vn -0.8007 -0.5154 0.3053
vn -0.2132 -0.6433 0.7353
vn 0.8572 -0.2858 0.4284
vn 0.9593 0.0647 0.2750
vn -0.8691 -0.4296 -0.2452
vn -0.3325 -0.1129 0.9363
vn 0.9935 0.1112 0.0225
vn 0.4903 -0.8315 -0.2610
vn 0.9813 0.0245 -0.1911
vn 0.0666 0.0490 0.9966
vn 0.6696 -0.5206 -0.5298
vn -0.2969 -0.2774 0.9137
vn 0.1971 -0.7043 -0.6819
vn -0.5570 -0.5223 -0.6457
vn -0.9668 -0.1447 -0.2108
vn 0.2950 -0.4205 0.8580
vn 0.2948 -0.4208 0.8579
vn 0.2884 -0.4299 0.8556
vn 0.7858 -0.5840 -0.2038
vn 0.1965 -0.9287 -0.3147
vn 0.9986 -0.0406 -0.0324
vn -0.7739 -0.0790 0.6284
vn -0.1961 -0.6914 -0.6954
vn -0.4771 -0.7261 0.4951
vn 0.8040 -0.1260 0.5811
vn -0.9749 -0.0146 -0.2220
vn -0.8381 -0.5261 0.1442
vn 0.1594 -0.6178 0.7700
vn -0.9964 -0.0446 0.0715
vn 0.1542 -0.9576 0.2435
vn 0.4598 -0.1244 0.8793
vn 0.1561 -0.8630 -0.4804
vn 0.9809 -0.1075 0.1621
vn -0.4287 -0.9028 -0.0341
vn -0.3675 -0.9289 -0.0458
vn 0.6158 -0.1966 0.7630
vn -0.9738 -0.1944 -0.1182
vn 0.0111 -0.1619 0.9867
vn -0.2261 -0.0535 0.9726
vn -0.2572 -0.9560 0.1409
vn 0.7449 -0.4057 -0.5297
vn 0.8753 -0.3517 0.3319
vn 0.9513 -0.1650 -0.2604
vn -0.7566 -0.1669 0.6322
vn -0.8179 0.0348 0.5742
vn 0.9216 -0.3554 -0.1563
vn 0.4499 -0.5637 -0.6927
vn -0.9103 -0.4057 0.0820
vn 0.6933 -0.0561 0.7185
vn 0.8214 -0.3428 -0.4558
vn 0.5243 -0.4451 -0.7259
vn 0.9958 0.0910 -0.0036
vn 0.6919 -0.4746 0.5441
vn 0.0421 -0.7134 -0.6995
vn 0.8939 -0.4468 -0.0362
vn -0.1483 -0.4276 0.8917
vn -0.7074 -0.3748 0.5992
vn -0.0909 -0.4620 -0.8822
vn -0.7952 0.1714 0.5816
vn 0.7279 0.0313 0.6849
vn -0.1325 -0.4308 -0.8927
vn 0.2879 -0.4306 0.8554
vn 0.5756 -0.4456 0.6857
vn 0.0445 -0.9758 -0.2142
vn 0.5565 0.0367 0.8300
vn -0.8848 0.0506 0.4633
vn -0.6704 -0.5265 0.5228
vn -0.6043 -0.4599 -0.6507
vn -0.2479 -0.8072 -0.5357
vn -0.1249 -0.1486 0.9810
vn -0.9867 0.0230 -0.1612
vn -0.9938 0.0035 -0.1108
vn -0.0293 -0.8831 -0.4682
vn -0.8539 -0.5013 -0.1395
vn 0.4474 -0.1024 0.8884
vn 0.8804 -0.0844 0.4667
vn 0.5786 -0.4607 -0.6731
vn -0.9937 -0.0177 0.1110
vn 0.9784 0.0737 0.1929
vn 0.9338 -0.3440 0.0987
vn -0.1664 -0.1362 0.9766
vn -0.4017 -0.0914 0.9112
vn 0.9576 -0.0324 0.2863
vn 0.2512 -0.4005 -0.8812
vn 0.4932 -0.3649 0.7897
vn 0.8729 -0.4344 -0.2221
vn 0.4710 -0.5696 0.6736
vn -0.7819 -0.3916 -0.4851
vn -0.5480 -0.8292 -0.1099
vn 0.6925 -0.3675 -0.6208
vn 0.5798 -0.7976 0.1662
vn 0.8725 -0.3183 -0.3707
vn 0.8256 -0.0390 0.5630
vn -0.7538 -0.4404 -0.4877
vn 0.9823 0.0547 0.1790
vn -0.3869 -0.5032 -0.7727
vn -0.2777 -0.4657 0.8403
vn 0.9869 -0.0303 0.1584
vn -0.9511 -0.0765 0.2992
vn -0.8160 -0.2656 0.5134
vn -0.1518 -0.4445 0.8828
vn -0.1210 -0.3861 0.9145
vn -0.9968 0.0633 -0.0484
vn 0.6102 -0.3655 0.7029
vn -0.5763 0.1048 0.8105
vn -0.9179 -0.2343 -0.3204
vn -0.9661 -0.0749 -0.2471
vn -0.5830 -0.6274 -0.5162
vn -0.2059 0.0381 0.9778
vn -0.2050 0.0377 0.9780
vn -0.2026 0.0367 0.9786
vn 0.5582 -0.5140 -0.6513
vn 0.9284 0.2669 0.2586
vn 0.5687 -0.6822 -0.4595
vn 0.4911 -0.7505 -0.4422
vn 0.0845 -0.1459 0.9857
vn 0.4681 -0.6269 -0.6228
vn 0.2547 -0.0106 0.9670
vn -0.6666 -0.3411 0.6628
vn 0.0015 -0.7566 0.6539
vn -0.2020 0.0364 0.9787
vn -0.9583 0.1929 0.2109
vn -0.9778 0.0977 0.1852
vn -0.7654 -0.6405 0.0624
vn 0.2077 -0.6630 -0.7192
vn 0.1492 -0.7860 0.5999
vn 0.0856 -0.9909 -0.1042
vn -0.0173 -0.1799 0.9835
vn -0.9987 0.0062 -0.0511
vn 0.1703 -0.8311 0.5295
vn -0.6685 -0.6308 -0.3939
vn -0.7726 -0.5180 -0.3671
vn -0.3653 -0.7870 -0.4972
vn 0.8000 -0.3888 0.4570
vn 0.2462 -0.6534 -0.7159
vn -0.2898 -0.8079 0.5132
vn -0.3041 -0.8140 0.4949
vn 0.2339 -0.9473 0.2191
vn 0.9207 -0.2874 0.2640
vn -0.3418 -0.8029 0.4884
vn -0.7711 -0.5827 0.2565
vn -0.0644 -0.8193 -0.5698
vn 0.0531 -0.9132 0.4041
vn 0.2007 -0.8924 -0.4041
vn 0.9566 -0.1977 0.2140
vn -0.4385 -0.8286 0.3480
vn -0.7291 -0.3826 0.5675
vn 0.4754 -0.7288 0.4928
vn -0.3925 -0.9181 0.0552
vn 0.3873 -0.7129 0.5846
vn 0.2808 -0.9597 -0.0118
vn 0.4375 -0.6457 0.6258
vn -0.4177 -0.6623 0.6220
vn -0.2025 -0.9792 -0.0124
vn -0.7148 -0.6158 0.3313
vn 0.0020 -0.9841 -0.1774
vn -0.4381 -0.2464 0.8645
vn -0.4668 -0.8133 0.3474
vn 0.4824 -0.8750 0.0405
vn 0.8918 -0.3134 0.3263
vn 0.0939 -0.9428 -0.3197
vn 0.4593 -0.5825 0.6706
vn -0.4142 -0.7637 -0.4952
vn -0.9745 -0.1385 0.1768
vn -0.3513 -0.8202 -0.4514
vn 0.0031 -0.9999 0.0155
vn 0.4833 -0.7328 -0.4789
vn 0.0614 -0.9920 0.1099
vn -0.7557 -0.4668 0.4593
vn 0.7649 -0.0235 -0.6437
vn -0.1897 -0.2452 0.9507
vn -0.2479 -0.6064 0.7556
vn 0.8354 -0.4908 0.2476
vn -0.8445 -0.2324 -0.4825
vn 0.7267 -0.3706 -0.5783
vn 0.2970 -0.8195 0.4902
vn 0.6321 -0.7603 -0.1496
vn -0.2835 -0.6116 -0.7386
vn 0.0166 -0.9683 -0.2491
vn 0.1841 -0.9824 0.0313
vn 0.6841 -0.5505 0.4786
vn 0.0987 -0.9456 0.3099
vn 0.0456 -0.9875 0.1506
vn -0.2209 -0.9616 0.1628
vn 0.2571 -0.6512 -0.7141
vn -0.7392 -0.1164 0.6634
vn -0.0442 -0.9815 0.1861
vn -0.5825 -0.7903 -0.1902
vn -0.1078 -0.9733 0.2026
vt 0.622257 0.551498
vt 0.633923 0.568926
vt 0.621945 0.570809
vt 0.340068 0.243448
vt 0.313820 0.245350
vt 0.330984 0.234165
vt 0.162977 0.901473
vt 0.154296 0.915118
vt 0.155504 0.898674
vt 0.162248 0.913219
vt 0.989119 0.832219
vt 0.980790 0.838129
vt 0.982588 0.828356
vt 0.988173 0.840701
vt 0.629535 0.552827
vt 0.654223 0.617590
vt 0.651636 0.590009
vt 0.666813 0.596943
vt 0.632651 0.602533
vt 0.643722 0.610297
vt 0.647426 0.630220
vt 0.676525 0.595341
vt 0.680950 0.615951
vt 0.664680 0.629499
vt 0.666505 0.618167
vt 0.687537 0.585585
vt 0.698266 0.605529
vt 0.707892 0.585814
vt 0.691197 0.615557
vt 0.684950 0.625749
vt 0.979598 0.851611
vt 0.987628 0.850707
vt 0.640746 0.580199
vt 0.629944 0.586263
vt 0.185244 0.397786
vt 0.151848 0.401774
vt 0.191995 0.367598
vt 0.160692 0.368287
vt 0.194564 0.346644
vt 0.165839 0.346546
vt 0.169990 0.313234
vt 0.195598 0.325722
vt 0.169451 0.324837
vt 0.193455 0.310538
vt 0.177773 0.424408
vt 0.160099 0.423609
vt 0.371437 0.217473
vt 0.365939 0.239114
vt 0.356189 0.230853
vt 0.409470 0.197381
vt 0.398852 0.186351
vt 0.381495 0.225040
vt 0.421658 0.182490
vt 0.411708 0.170580
vt 0.147273 0.349977
vt 0.131269 0.331719
vt 0.132184 0.317747
vt 0.143060 0.426574
vt 0.139660 0.414990
vt 0.138170 0.405215
vt 0.126905 0.378149
vt 0.123812 0.365125
vt 0.617152 0.619379
vt 0.426856 0.208061
vt 0.415866 0.222288
vt 0.513954 0.821657
vt 0.529521 0.851884
vt 0.510644 0.835787
vt 0.544695 0.822197
vt 0.963085 0.748973
vt 0.968418 0.730304
vt 0.976316 0.748839
vt 0.051252 0.358886
vt 0.060548 0.341463
vt 0.067331 0.367996
vt 0.462784 0.263929
vt 0.442743 0.259762
vt 0.467458 0.245663
vt 0.031545 0.376551
vt 0.052906 0.383262
vt 0.042004 0.391503
vt 0.989075 0.726937
vt 0.990657 0.743165
vt 0.033270 0.395927
vt 0.022776 0.380298
vt 0.946924 0.727202
vt 0.945392 0.743741
vt 0.399397 0.265467
vt 0.357645 0.265189
vt 0.390399 0.244822
vt 0.787676 0.317331
vt 0.787676 0.332745
vt 0.772242 0.325246
vt 0.439480 0.281697
vt 0.458449 0.279290
vt 0.441199 0.272953
vt 0.936115 0.738205
vt 0.932145 0.716201
vt 0.148530 0.195317
vt 0.172760 0.204343
vt 0.147851 0.204028
vt 0.105721 0.253032
vt 0.095558 0.239927
vt 0.108079 0.217105
vt 0.589337 0.756819
vt 0.597405 0.771196
vt 0.576211 0.778315
vt 0.132460 0.248647
vt 0.128562 0.215746
vt 0.578610 0.711791
vt 0.604925 0.722407
vt 0.578895 0.719323
vt 0.163598 0.181602
vt 0.193442 0.180159
vt 0.197299 0.195098
vt 0.173303 0.195199
vt 0.132383 0.182175
vt 0.482868 0.708444
vt 0.471633 0.708014
vt 0.479173 0.672633
vt 0.110789 0.185230
vt 0.107979 0.196510
vt 0.129514 0.196837
vt 0.492767 0.735651
vt 0.499472 0.729836
vt 0.539503 0.769566
vt 0.576350 0.756679
vt 0.577804 0.734595
vt 0.499472 0.641489
vt 0.478058 0.656536
vt 0.491162 0.639777
vt 0.545799 0.736127
vt 0.523993 0.768041
vt 0.504915 0.738285
vt 0.524351 0.737636
vt 0.505769 0.767429
vt 0.469999 0.676443
vt 0.455598 0.113719
vt 0.467085 0.084217
vt 0.476533 0.092737
vt 0.446348 0.105641
vt 0.485070 0.082054
vt 0.504915 0.087980
vt 0.502865 0.099221
vt 0.162654 0.644715
vt 0.165799 0.683532
vt 0.155339 0.661477
vt 0.154192 0.646343
vt 0.194922 0.242011
vt 0.195487 0.261354
vt 0.179077 0.263415
vt 0.177706 0.242176
vt 0.152770 0.263856
vt 0.154674 0.242368
vt 0.452509 0.147442
vt 0.438289 0.135366
vt 0.472507 0.128487
vt 0.424358 0.156017
vt 0.134036 0.290644
vt 0.135340 0.269147
vt 0.160368 0.282386
vt 0.586760 0.795739
vt 0.573835 0.799458
vt 0.602790 0.792463
vt 0.572949 0.820094
vt 0.520488 0.794318
vt 0.545175 0.795916
vt 0.446817 0.181613
vt 0.434014 0.167750
vt 0.466246 0.162421
vt 0.913752 0.164910
vt 0.913461 0.176921
vt 0.910950 0.183106
vt 0.915491 0.165243
vt 0.029035 0.337328
vt 0.040530 0.316658
vt 0.962877 0.717884
vt 0.853891 0.947678
vt 0.871984 0.955359
vt 0.844048 0.969802
vt 0.849539 0.919848
vt 0.875866 0.930370
vt 0.389546 0.913946
vt 0.378241 0.916098
vt 0.376868 0.914630
vt 0.388937 0.915531
vt 0.491253 0.250418
vt 0.371976 0.917534
vt 0.368842 0.933053
vt 0.367221 0.932336
vt 0.373505 0.919213
vt 0.990657 0.712986
vt 0.978697 0.731245
vt 0.980975 0.717234
vt 0.019970 0.364562
vt 0.475635 0.272612
vt 0.423499 0.939158
vt 0.414456 0.927321
vt 0.415568 0.925928
vt 0.422406 0.941082
vt 0.036916 0.350403
vt 0.921474 0.166104
vt 0.918804 0.185451
vt 0.910866 0.188145
vt 0.930017 0.150909
vt 0.934915 0.155464
vt 0.923313 0.157192
vt 0.383241 0.968962
vt 0.390068 0.965761
vt 0.403315 0.971354
vt 0.393752 0.973558
vt 0.402534 0.976763
vt 0.368662 0.942177
vt 0.376327 0.934516
vt 0.380493 0.951381
vt 0.375803 0.955547
vt 0.383523 0.918108
vt 0.693507 0.942278
vt 0.686770 0.931116
vt 0.686719 0.924176
vt 0.685743 0.947123
vt 0.917496 0.206835
vt 0.924381 0.203232
vt 0.934915 0.212605
vt 0.693507 0.957240
vt 0.686293 0.959514
vt 0.686728 0.965034
vt 0.914057 0.202290
vt 0.468438 0.229208
vt 0.489375 0.229281
vt 0.115439 0.409881
vt 0.097934 0.377964
vt 0.117746 0.380356
vt 0.694509 0.628802
vt 0.681544 0.635338
vt 0.960004 0.866448
vt 0.960004 0.881781
vt 0.945840 0.868485
vt 0.336581 0.828477
vt 0.343687 0.809833
vt 0.354778 0.828477
vt 0.678793 0.646618
vt 0.664316 0.634055
vt 0.623106 0.644128
vt 0.645321 0.642055
vt 0.098348 0.358821
vt 0.089872 0.407389
vt 0.103059 0.351906
vt 0.114187 0.334097
vt 0.415918 0.237989
vt 0.426851 0.256443
vt 0.109779 0.319122
vt 0.091912 0.333728
vt 0.223621 0.554360
vt 0.225377 0.525187
vt 0.241579 0.534519
vt 0.575832 0.838294
vt 0.605008 0.813542
vt 0.950749 0.348735
vt 0.963726 0.345427
vt 0.963726 0.358922
vt 0.444957 0.229403
vt 0.428081 0.228978
vt 0.439009 0.218855
vt 0.566674 0.839588
vt 0.540098 0.854215
vt 0.543089 0.841442
vt 0.578527 0.851942
vt 0.641543 0.665216
vt 0.661769 0.658287
vt 0.659853 0.668716
vt 0.957699 0.775073
vt 0.941932 0.758773
vt 0.960606 0.762900
vt 0.938677 0.771703
vt 0.954102 0.784235
vt 0.077039 0.352613
vt 0.086239 0.378060
vt 0.838395 0.940806
vt 0.837637 0.911841
vt 0.241579 0.590962
vt 0.224923 0.597246
vt 0.075289 0.424557
vt 0.072750 0.400434
vt 0.064118 0.415551
vt 0.828760 0.986649
vt 0.817805 0.980043
vt 0.828760 0.959164
vt 0.222863 0.554346
vt 0.605598 0.837198
vt 0.591669 0.849206
vt 0.657599 0.680139
vt 0.639529 0.677845
vt 0.062490 0.391956
vt 0.051489 0.403708
vt 0.643477 0.653713
vt 0.675885 0.659517
vt 0.662960 0.645763
vt 0.351721 0.809461
vt 0.404209 0.280959
vt 0.381196 0.272212
vt 0.421704 0.282728
vt 0.414425 0.271396
vt 0.605738 0.874925
vt 0.974075 0.762786
vt 0.970885 0.775876
vt 0.590165 0.984683
vt 0.582460 0.971913
vt 0.590165 0.963011
vt 0.873873 0.208648
vt 0.882659 0.187857
vt 0.887694 0.211439
vt 0.119547 0.634313
vt 0.118382 0.606006
vt 0.130668 0.631509
vt 0.660680 0.345371
vt 0.633898 0.342838
vt 0.630627 0.325957
vt 0.639412 0.357245
vt 0.892621 0.383206
vt 0.879628 0.382654
vt 0.878956 0.373575
vt 0.903492 0.392013
vt 0.895816 0.374362
vt 0.136099 0.650153
vt 0.119003 0.672462
vt 0.119620 0.660184
vt 0.133856 0.663431
vt 0.145676 0.656858
vt 0.144363 0.643221
vt 0.154192 0.628373
vt 0.888617 0.412487
vt 0.852624 0.088599
vt 0.842151 0.088231
vt 0.846655 0.057661
vt 0.821333 0.081030
vt 0.828287 0.044563
vt 0.874018 0.114094
vt 0.883330 0.116687
vt 0.869945 0.141400
vt 0.863993 0.087874
vt 0.856559 0.087931
vt 0.867265 0.055567
vt 0.908157 0.366294
vt 0.895277 0.365871
vt 0.133974 0.639802
vt 0.802144 0.981310
vt 0.784384 0.975148
vt 0.802144 0.959164
vt 0.660680 0.312157
vt 0.658475 0.326042
vt 0.636390 0.308719
vt 0.891784 0.359012
vt 0.906036 0.418478
vt 0.907141 0.380758
vt 0.120787 0.703716
vt 0.145254 0.700578
vt 0.598065 0.982203
vt 0.590165 0.974397
vt 0.598065 0.963011
vt 0.872801 0.414290
vt 0.888207 0.438664
vt 0.875094 0.439637
vt 0.140720 0.726260
vt 0.122960 0.730516
vt 0.901811 0.443983
vt 0.886811 0.088463
vt 0.867265 0.112507
vt 0.877654 0.088620
vt 0.857110 0.118992
vt 0.905333 0.194740
vt 0.147363 0.605377
vt 0.109780 0.644945
vt 0.109487 0.635454
vt 0.119770 0.643283
vt 0.841737 0.030289
vt 0.844969 0.114572
vt 0.910684 0.118739
vt 0.906339 0.118552
vt 0.909343 0.086707
vt 0.136350 0.985410
vt 0.127729 0.968868
vt 0.136350 0.962917
vt 0.909035 0.209041
vt 0.133364 0.605352
vt 0.871139 0.176305
vt 0.901903 0.179053
vt 0.865016 0.394895
vt 0.739801 0.330593
vt 0.753395 0.334548
vt 0.754551 0.357881
vt 0.860924 0.031912
vt 0.863345 0.020943
vt 0.889476 0.147925
vt 0.754551 0.316090
vt 0.901072 0.145309
vt 0.660680 0.328718
vt 0.687442 0.330492
vt 0.687442 0.351647
vt 0.846747 0.009119
vt 0.831566 0.000000
vt 0.131431 0.775777
vt 0.141909 0.783829
vt 0.132386 0.786396
vt 0.140645 0.755923
vt 0.153458 0.780342
vt 0.844797 0.142671
vt 0.842623 0.169607
vt 0.831451 0.133771
vt 0.896225 0.474194
vt 0.893687 0.490601
vt 0.885025 0.467716
vt 0.856774 0.158262
vt 0.892605 0.059000
vt 0.892681 0.027251
vt 0.907907 0.042864
vt 0.856665 0.168171
vt 0.908669 0.032503
vt 0.883486 0.036136
vt 0.875697 0.487787
vt 0.871053 0.469735
vt 0.836803 0.991855
vt 0.828760 0.968439
vt 0.836803 0.959164
vt 0.129385 0.758968
vt 0.885481 0.498375
vt 0.875870 0.500175
vt 0.277851 0.979673
vt 0.270571 0.974020
vt 0.277851 0.968330
vt 0.909765 0.059350
vt 0.904726 0.059217
vt 0.885231 0.022610
vt 0.880498 0.057459
vt 0.899209 0.090196
vt 0.848780 0.115150
vt 0.662871 0.308719
vt 0.683568 0.308744
vt 0.896981 0.119445
vt 0.871192 0.084250
vt 0.902823 0.120157
vt 0.854819 0.059242
vt 0.854608 0.143306
vt 0.910684 0.087919
vt 0.909759 0.148710
vt 0.854869 0.188909
vt 0.864327 0.183773
vt 0.485675 0.801416
vt 0.499842 0.796737
vt 0.499842 0.812730
vt 0.837637 0.973655
vt 0.840482 0.974838
vt 0.839837 0.978996
vt 0.984062 0.209292
vt 0.986566 0.210834
vt 0.983162 0.213621
vt 0.840209 0.185467
vt 0.841824 0.178958
vt 0.843354 0.191123
vt 0.932299 0.569618
vt 0.932846 0.561732
vt 0.940887 0.567885
vt 0.139235 0.812844
vt 0.138608 0.826664
vt 0.132726 0.832752
vt 0.142366 0.801349
vt 0.131078 0.808420
vt 0.131414 0.797707
vt 0.140591 0.794941
vt 0.978568 0.124635
vt 0.982684 0.140430
vt 0.977626 0.135703
vt 0.945069 0.557162
vt 0.947876 0.547474
vt 0.951639 0.552667
vt 0.948137 0.541310
vt 0.953476 0.541259
vt 0.491769 0.567957
vt 0.488715 0.580959
vt 0.488616 0.571387
vt 0.988087 0.140510
vt 0.988083 0.132240
vt 0.982831 0.163004
vt 0.975611 0.171987
vt 0.978713 0.162363
vt 0.986892 0.154381
vt 0.160485 0.733670
vt 0.159810 0.729899
vt 0.163751 0.732200
vt 0.125159 0.786345
vt 0.147177 0.791748
vt 0.861085 0.206983
vt 0.867265 0.202871
vt 0.862834 0.218570
vt 0.862055 0.213410
vt 0.866240 0.215436
vt 0.866687 0.211245
vt 0.943678 0.676095
vt 0.943491 0.668355
vt 0.948146 0.676037
vt 0.748220 0.315885
vt 0.744727 0.315885
vt 0.747271 0.311949
vt 0.970401 0.125356
vt 0.966972 0.126142
vt 0.966713 0.115801
vt 0.972520 0.109420
vt 0.983429 0.188984
vt 0.986566 0.189330
vt 0.985476 0.198560
vt 0.985077 0.179090
vt 0.961460 0.120038
vt 0.964367 0.124705
vt 0.980574 0.196298
vt 0.980708 0.185217
vt 0.953097 0.141394
vt 0.954991 0.130435
vt 0.957393 0.139574
vt 0.953891 0.145897
vt 0.942797 0.681423
vt 0.948426 0.681960
vt 0.941413 0.685841
vt 0.937780 0.680247
vt 0.980860 0.210220
vt 0.979949 0.203394
vt 0.985632 0.204545
vt 0.848058 0.190084
vt 0.962074 0.103030
vt 0.896119 0.508091
vt 0.890745 0.512404
vt 0.893115 0.525960
vt 0.886569 0.518272
vt 0.126649 0.821422
vt 0.988087 0.123372
vt 0.974279 0.129191
vt 0.851535 0.196986
vt 0.853104 0.205988
vt 0.848124 0.198395
vt 0.072015 0.981476
vt 0.065888 0.974521
vt 0.072015 0.969582
vt 0.958205 0.587670
vt 0.951704 0.587670
vt 0.953759 0.577724
vt 0.918118 0.555438
vt 0.920948 0.544696
vt 0.926073 0.557147
vt 0.982285 0.474196
vt 0.987087 0.486296
vt 0.977126 0.473360
vt 0.921354 0.538210
vt 0.929958 0.545273
vt 0.921822 0.568398
vt 0.918279 0.567630
vt 0.495469 0.544076
vt 0.499129 0.546798
vt 0.492474 0.553384
vt 0.496537 0.554722
vt 0.488242 0.562542
vt 0.987938 0.150669
vt 0.982477 0.152371
vt 0.165242 0.742207
vt 0.166217 0.752009
vt 0.162287 0.742735
vt 0.950298 0.566618
vt 0.954509 0.566066
vt 0.959457 0.574397
vt 0.971294 0.401890
vt 0.965047 0.407942
vt 0.965549 0.404120
vt 0.161293 0.710253
vt 0.166217 0.715712
vt 0.159808 0.714942
vt 0.693507 0.916578
vt 0.687707 0.924176
vt 0.688191 0.919883
vt 0.885978 0.538911
vt 0.891460 0.545618
vt 0.884904 0.543854
vt 0.502786 0.959145
vt 0.497801 0.966036
vt 0.498674 0.961680
vt 0.965057 0.909501
vt 0.968081 0.916149
vt 0.963440 0.913250
vt 0.942552 0.544987
vt 0.159711 0.720446
vt 0.495564 0.580848
vt 0.492492 0.580226
vt 0.496597 0.568944
vt 0.089391 0.977053
vt 0.087622 0.978549
vt 0.085598 0.974216
vt 0.089391 0.969948
vt 0.085598 0.970125
vt 0.499634 0.543293
vt 0.952614 0.576124
vt 0.957717 0.577724
vt 0.984084 0.106859
vt 0.974108 0.087898
vt 0.685263 0.920595
vt 0.960507 0.414958
vt 0.961748 0.404887
vt 0.960157 0.904051
vt 0.956312 0.914811
vt 0.876069 0.545499
vt 0.879785 0.537393
vt 0.879245 0.545634
vt 0.156204 0.702454
vt 0.154751 0.711974
vt 0.880211 0.520616
vt 0.875703 0.521421
vt 0.969949 0.885929
vt 0.148189 0.964098
vt 0.153959 0.962917
vt 0.153959 0.977897
vt 0.610499 0.805160
vt 0.605738 0.785071
vt 0.610499 0.780318
vt 0.500546 0.671285
vt 0.503886 0.688857
vt 0.499472 0.689777
vt 0.154192 0.720640
vt 0.164026 0.752190
vt 0.157001 0.743580
vt 0.154728 0.734900
vt 0.154295 0.731088
vt 0.843552 0.977013
vt 0.840749 0.971381
vt 0.843552 0.971815
vt 0.857547 0.219392
vt 0.857543 0.211211
vt 0.856005 0.206575
vt 0.856894 0.225597
vt 0.860907 0.225069
vt 0.860372 0.229789
vt 0.955945 0.118715
vt 0.960474 0.127026
vt 0.963091 0.130888
vt 0.959789 0.130816
vt 0.954851 0.126465
vt 0.963276 0.137607
vt 0.964213 0.144553
vt 0.958939 0.145767
vt 0.963052 0.148355
vt 0.931364 0.579452
vt 0.917734 0.574524
vt 0.919497 0.577705
vt 0.928880 0.580995
vt 0.938282 0.674130
vt 0.937774 0.684533
vt 0.936228 0.573544
vt 0.942552 0.562415
vt 0.830191 0.170117
vt 0.830901 0.159889
vt 0.914935 0.537968
vt 0.909464 0.549260
vt 0.909141 0.561137
vt 0.959457 0.533590
vt 0.488562 0.587950
vt 0.495841 0.588960
vt 0.836193 0.356904
vt 0.839962 0.351416
vt 0.839962 0.358560
vt 0.496410 0.592268
vt 0.083458 0.975507
vt 0.082915 0.969582
vt 0.504069 0.544469
vt 0.503670 0.547810
vt 0.941473 0.549345
vt 0.933815 0.533590
vt 0.942552 0.536145
vt 0.898037 0.516146
vt 0.488617 0.592070
vt 0.504069 0.605856
vt 0.164902 0.683532
vt 0.974234 0.433683
vt 0.888693 0.000000
vt 0.890020 0.531148
vt 0.892296 0.002975
vt 0.503886 0.708212
vt 0.157934 0.753042
vt 0.978816 0.172042
vt 0.980835 0.144449
vt 0.164916 0.722340
vt 0.486299 0.574796
vt 0.501288 0.556201
vt 0.965485 0.396615
vt 0.757488 0.333334
vt 0.758274 0.321434
vt 0.764075 0.326916
vt 0.761482 0.312510
vt 0.766412 0.313231
vt 0.978685 0.532824
vt 0.981504 0.547448
vt 0.975628 0.539257
vt 0.961197 0.396348
vt 0.965513 0.369550
vt 0.974234 0.359178
vt 0.969357 0.370158
vt 0.961328 0.380720
vt 0.962472 0.938118
vt 0.961973 0.933939
vt 0.966024 0.936804
vt 0.977743 0.504064
vt 0.981264 0.513852
vt 0.975793 0.514956
vt 0.979436 0.522413
vt 0.973322 0.527410
vt 0.960503 0.384863
vt 0.966493 0.382781
vt 0.967415 0.949261
vt 0.969949 0.960123
vt 0.964345 0.949900
vt 0.762441 0.345360
vt 0.765900 0.337708
vt 0.770121 0.346226
vt 0.966286 0.924942
vt 0.962512 0.923508
vt 0.985079 0.547409
vt 0.983179 0.533546
vt 0.848446 0.978901
vt 0.844820 0.980747
vt 0.843552 0.976816
vt 0.848446 0.972445
vt 0.843815 0.972586
vt 0.981567 0.507159
vt 0.768212 0.355847
vt 0.772242 0.352927
vt 0.956730 0.923296
vt 0.966594 0.960577
vt 0.959677 0.950205
vt 0.956473 0.939061
vt 0.956245 0.934857
vt 0.772242 0.307094
vt 0.358788 0.809461
vt 0.358788 0.815490
vt 0.354778 0.809889
vt 0.985162 0.501520
vt 0.986798 0.507387
vt 0.771285 0.358619
vt 0.981514 0.501640
vt 0.985650 0.514102
vt 0.961034 0.961053
vt 0.970727 0.359012
vt 0.968385 0.394279
vt 0.755884 0.309668
vt 0.984133 0.522711
vt 0.986798 0.553475
vt 0.977115 0.547069
vt 0.499314 0.955265
vt 0.805455 0.332667
vt 0.806175 0.321217
vt 0.811395 0.326434
vt 0.810115 0.313168
vt 0.813495 0.313180
vt 0.497947 0.900102
vt 0.499905 0.913486
vt 0.494540 0.905899
vt 0.495266 0.955402
vt 0.496223 0.964760
vt 0.496512 0.929684
vt 0.502786 0.919447
vt 0.500206 0.929923
vt 0.493417 0.940545
vt 0.891197 0.566789
vt 0.889580 0.562725
vt 0.893861 0.564316
vt 0.496643 0.872937
vt 0.499895 0.882234
vt 0.495274 0.883224
vt 0.498353 0.890402
vt 0.493127 0.895077
vt 0.493127 0.944477
vt 0.498510 0.941968
vt 0.898359 0.575350
vt 0.903116 0.584525
vt 0.895744 0.576643
vt 0.810478 0.343874
vt 0.812909 0.336452
vt 0.817128 0.344312
vt 0.891171 0.553434
vt 0.887431 0.553070
vt 0.503437 0.913907
vt 0.502178 0.900885
vt 0.884971 0.978092
vt 0.881569 0.979614
vt 0.880422 0.976299
vt 0.884971 0.972172
vt 0.880720 0.971834
vt 0.882694 0.969802
vt 0.500297 0.875753
vt 0.815127 0.353469
vt 0.818882 0.350677
vt 0.882138 0.554510
vt 0.900393 0.585716
vt 0.891854 0.578335
vt 0.886164 0.568808
vt 0.884875 0.565090
vt 0.818882 0.307094
vt 0.226715 0.788838
vt 0.226715 0.794576
vt 0.222863 0.789422
vt 0.503339 0.870205
vt 0.504909 0.876070
vt 0.817900 0.356601
vt 0.499468 0.870308
vt 0.503988 0.882552
vt 0.895618 0.587700
vt 0.499564 0.919649
vt 0.500640 0.952607
vt 0.803057 0.310426
vt 0.502857 0.890782
vt 0.504909 0.919447
vt 0.494005 0.912508
vt 0.879456 0.548898
vt 0.690501 0.914133
vt 0.138662 0.850040
vt 0.133946 0.840714
vt 0.139738 0.842858
vt 0.138193 0.833458
vt 0.978084 0.458564
vt 0.979263 0.468316
vt 0.974230 0.460304
vt 0.685230 0.914846
vt 0.687475 0.893859
vt 0.693507 0.885669
vt 0.690730 0.894079
vt 0.685335 0.900953
vt 0.900167 0.557098
vt 0.898638 0.553772
vt 0.902822 0.554316
vt 0.979421 0.435562
vt 0.982048 0.442682
vt 0.976858 0.443762
vt 0.979355 0.452224
vt 0.974839 0.452604
vt 0.684999 0.905073
vt 0.691152 0.903174
vt 0.905562 0.563314
vt 0.909141 0.571650
vt 0.903050 0.564328
vt 0.144567 0.857319
vt 0.142474 0.849068
vt 0.149938 0.855357
vt 0.899796 0.544494
vt 0.896194 0.545162
vt 0.982620 0.468790
vt 0.981965 0.459892
vt 0.906844 0.571012
vt 0.908521 0.574438
vt 0.667784 0.358828
vt 0.664221 0.357557
vt 0.667784 0.353797
vt 0.664145 0.353859
vt 0.665634 0.351647
vt 0.983255 0.437484
vt 0.151472 0.863394
vt 0.154192 0.860361
vt 0.889545 0.541074
vt 0.894146 0.535586
vt 0.891260 0.546522
vt 0.899584 0.565926
vt 0.895523 0.559667
vt 0.894138 0.555777
vt 0.661430 0.358391
vt 0.660680 0.353421
vt 0.154101 0.864368
vt 0.982378 0.433683
vt 0.987087 0.437798
vt 0.985244 0.444116
vt 0.902997 0.573580
vt 0.690539 0.885785
vt 0.905198 0.972944
vt 0.908227 0.970760
vt 0.908227 0.980347
vt 0.691479 0.910880
vt 0.127249 0.832875
vt 0.983252 0.453334
vt 0.974063 0.465963
vt 0.889349 0.537444
vt 0.838064 0.969802
vt 0.956924 0.147884
vt 0.952763 0.134690
vt 0.856921 0.230473
vt 0.946866 0.686696
vt 0.905198 0.978776
vt 0.901340 0.975714
vt 0.905198 0.970760
vt 0.933981 0.666339
vt 0.930364 0.586885
vt 0.948426 0.668495
vt 0.846049 0.969802
vt 0.973527 0.174397
vt 0.976080 0.175822
vt 0.978594 0.193125
vt 0.120092 0.650432
vt 0.909141 0.372142
vt 0.864552 0.648731
vt 0.860802 0.635129
vt 0.864552 0.627068
vt 0.245166 0.704675
vt 0.243899 0.705566
vt 0.243998 0.694962
vt 0.653002 0.585597
vt 0.642565 0.573463
vt 0.653093 0.583187
vt 0.641720 0.575685
vt 0.156963 0.941823
vt 0.161985 0.924818
vt 0.164146 0.938645
vt 0.154192 0.928231
vt 0.841633 0.876292
vt 0.837131 0.865357
vt 0.839441 0.865248
vt 0.245166 0.715639
vt 0.677234 0.589514
vt 0.668962 0.591367
vt 0.668990 0.587994
vt 0.685523 0.582665
vt 0.676307 0.586128
vt 0.683132 0.580752
vt 0.165998 0.950653
vt 0.696338 0.559430
vt 0.698695 0.559772
vt 0.989119 0.870260
vt 0.329531 0.259367
vt 0.308505 0.250553
vt 0.636484 0.565339
vt 0.366809 0.792488
vt 0.366809 0.811445
vt 0.360284 0.802736
vt 0.027355 0.316506
vt 0.031845 0.309498
vt 0.490340 0.273057
vt 0.939971 0.699567
vt 0.939881 0.710675
vt 0.967295 0.708759
vt 0.705140 0.987692
vt 0.694205 0.970588
vt 0.705140 0.962798
vt 0.502079 0.237087
vt 0.503805 0.252570
vt 0.883947 0.947420
vt 0.882395 0.954107
vt 0.504633 0.267103
vt 0.504915 0.272889
vt 0.956326 0.694069
vt 0.967195 0.695541
vt 0.416985 0.916717
vt 0.410851 0.920995
vt 0.367316 0.942980
vt 0.376745 0.961522
vt 0.412235 0.970692
vt 0.402894 0.978966
vt 0.417081 0.969712
vt 0.383103 0.970401
vt 0.403477 0.918394
vt 0.403676 0.916825
vt 0.409488 0.922735
vt 0.171216 0.214189
vt 0.197142 0.213452
vt 0.144475 0.214943
vt 0.126822 0.203937
vt 0.084012 0.219087
vt 0.547235 0.713259
vt 0.547304 0.719222
vt 0.492326 0.106982
vt 0.527196 0.721924
vt 0.194644 0.280725
vt 0.886296 0.929092
vt 0.941094 0.687979
vt 0.875797 0.965760
vt 0.862714 0.969802
vt 0.712043 0.680139
vt 0.712043 0.695693
vt 0.710930 0.681471
vt 0.423499 0.963520
vt 0.910684 0.190009
vt 0.422902 0.951725
vt 0.986101 0.691723
vt 0.983472 0.706703
vt 0.016938 0.330653
vt 0.013402 0.353829
vt 0.000000 0.343821
vt 0.500487 0.229831
vt 0.439180 0.194351
vt 0.773292 0.307094
vt 0.349733 0.252223
vt 0.485675 0.796737
vt 0.478347 0.807893
vt 0.469999 0.802851
vt 0.777479 0.358976
vt 0.510320 0.725181
vt 0.522996 0.866822
vt 0.709540 0.571362
vt 0.342513 0.968538
vt 0.356056 0.951007
vt 0.356056 0.982692
vt 0.358050 0.207293
vt 0.345020 0.221507
vt 0.387570 0.174694
vt 0.400428 0.158542
vt 0.427284 0.125964
vt 0.412521 0.146199
vt 0.475400 0.072510
vt 0.485675 0.813235
vt 0.111043 0.295057
vt 0.197538 0.204663
vt 0.109200 0.274028
vt 0.105256 0.203851
vt 0.501987 0.969423
vt 0.493127 0.981266
vt 0.493560 0.966036
vt 0.502090 0.981266
vt 0.673378 0.669033
vt 0.989815 0.756911
vt 0.236651 0.667513
vt 0.244735 0.652642
vt 0.244735 0.673667
vt 0.568647 0.963011
vt 0.574252 0.981216
vt 0.564051 0.981216
vt 0.127530 0.429681
vt 0.605738 0.715514
vt 0.624782 0.532110
vt 0.636194 0.537965
vt 0.320321 0.225807
vt 0.159699 0.888096
vt 0.165998 0.894462
vt 0.673826 0.525035
vt 0.672629 0.517616
vt 0.682041 0.520113
vt 0.681761 0.527787
vt 0.663350 0.493108
vt 0.656668 0.521379
vt 0.639903 0.503630
vt 0.658588 0.478005
vt 0.651895 0.498835
vt 0.689589 0.498137
vt 0.675512 0.481777
vt 0.675548 0.494835
vt 0.691555 0.530792
vt 0.705381 0.508493
vt 0.712127 0.528046
vt 0.695088 0.487493
vt 0.699824 0.497910
vt 0.280976 0.226819
vt 0.280875 0.217726
vt 0.291986 0.225825
vt 0.288771 0.232952
vt 0.644551 0.528303
vt 0.634907 0.518580
vt 0.214004 0.401810
vt 0.218955 0.368320
vt 0.220476 0.346577
vt 0.215520 0.313260
vt 0.220461 0.324866
vt 0.194329 0.423629
vt 0.348093 0.196618
vt 0.334643 0.211605
vt 0.325194 0.202714
vt 0.363075 0.155933
vt 0.375429 0.165426
vt 0.339589 0.187603
vt 0.375114 0.140910
vt 0.388826 0.150138
vt 0.232543 0.350025
vt 0.634921 0.126453
vt 0.661045 0.139664
vt 0.658488 0.153690
vt 0.630627 0.138366
vt 0.627331 0.508761
vt 0.621055 0.502181
vt 0.612256 0.512525
vt 0.239874 0.378213
vt 0.645216 0.167656
vt 0.661673 0.187577
vt 0.245820 0.365194
vt 0.627394 0.479698
vt 0.345624 0.135491
vt 0.335499 0.150491
vt 0.367082 0.110381
vt 0.357828 0.121674
vt 0.326590 0.118425
vt 0.341720 0.090751
vt 0.689174 0.413139
vt 0.675724 0.411591
vt 0.685676 0.396767
vt 0.992345 0.330002
vt 0.996629 0.343672
vt 0.971539 0.335365
vt 0.282584 0.102945
vt 0.297372 0.093714
vt 0.287515 0.121087
vt 0.988803 0.276082
vt 0.974067 0.274614
vt 0.977032 0.260204
vt 0.986321 0.241239
vt 0.977415 0.289926
vt 0.661447 0.398846
vt 0.674761 0.397168
vt 0.262263 0.104025
vt 0.261637 0.122819
vt 0.246051 0.120096
vt 0.289810 0.167566
vt 0.315738 0.178122
vt 0.291153 0.205788
vt 0.321172 0.133469
vt 0.314519 0.147403
vt 0.996893 0.249276
vt 0.273712 0.123327
vt 0.246119 0.098597
vt 0.235536 0.195366
vt 0.235753 0.204078
vt 0.216762 0.204368
vt 0.697699 0.081196
vt 0.699127 0.046274
vt 0.709812 0.070171
vt 0.722845 0.093146
vt 0.671684 0.072076
vt 0.678112 0.041067
vt 0.732691 0.029443
vt 0.731420 0.036469
vt 0.699712 0.034109
vt 0.219166 0.181634
vt 0.216806 0.195224
vt 0.660191 0.017549
vt 0.655715 0.000000
vt 0.679995 0.007478
vt 0.727496 0.019875
vt 0.753843 0.022150
vt 0.701415 0.014457
vt 0.698562 0.026617
vt 0.676945 0.022912
vt 0.385072 0.056686
vt 0.359699 0.045604
vt 0.372988 0.032353
vt 0.388690 0.013120
vt 0.449939 0.038867
vt 0.426454 0.028949
vt 0.425035 0.009434
vt 0.403688 0.028607
vt 0.399666 0.066445
vt 0.419162 0.043150
vt 0.438001 0.058455
vt 0.417719 0.079542
vt 0.360284 0.762563
vt 0.366149 0.732140
vt 0.366149 0.765589
vt 0.436144 0.096340
vt 0.456755 0.075071
vt 0.464372 0.063566
vt 0.443787 0.046448
vt 0.165799 0.605352
vt 0.154412 0.631613
vt 0.209497 0.263432
vt 0.209574 0.242195
vt 0.228125 0.263898
vt 0.227223 0.242410
vt 0.417481 0.116777
vt 0.401769 0.102113
vt 0.402103 0.136136
vt 0.652230 0.082627
vt 0.664862 0.091683
vt 0.662803 0.112933
vt 0.642996 0.099113
vt 0.708254 0.108110
vt 0.721694 0.113406
vt 0.653206 0.061350
vt 0.689007 0.101184
vt 0.744932 0.137794
vt 0.722378 0.135417
vt 0.362591 0.072993
vt 0.380567 0.085879
vt 0.387322 0.126037
vt 0.749037 0.082533
vt 0.744308 0.110042
vt 0.502763 0.388353
vt 0.503142 0.374206
vt 0.504739 0.379541
vt 0.504739 0.388706
vt 0.953761 0.313407
vt 0.979982 0.303195
vt 0.703334 0.405613
vt 0.692936 0.386177
vt 0.729723 0.927764
vt 0.735030 0.898861
vt 0.753188 0.921973
vt 0.950749 0.345427
vt 0.470236 0.760223
vt 0.469999 0.746302
vt 0.471617 0.747460
vt 0.471639 0.759382
vt 0.290425 0.071006
vt 0.471554 0.741356
vt 0.483527 0.735651
vt 0.484065 0.737555
vt 0.473401 0.742637
vt 0.662376 0.384660
vt 0.674079 0.384688
vt 0.271143 0.089926
vt 0.763816 0.925105
vt 0.764948 0.909714
vt 0.766506 0.910489
vt 0.765203 0.926354
vt 0.988873 0.315973
vt 0.701978 0.691655
vt 0.710930 0.680139
vt 0.707477 0.693990
vt 0.704020 0.682481
vt 0.502968 0.796208
vt 0.493352 0.796737
vt 0.498769 0.790273
vt 0.704550 0.719038
vt 0.710930 0.717082
vt 0.703466 0.706233
vt 0.225348 0.739747
vt 0.238966 0.729308
vt 0.232720 0.739986
vt 0.230418 0.731144
vt 0.234359 0.724496
vt 0.222863 0.770181
vt 0.230363 0.757061
vt 0.232120 0.774141
vt 0.224477 0.755084
vt 0.229377 0.788838
vt 0.238966 0.785896
vt 0.224450 0.778331
vt 0.477973 0.762336
vt 0.477989 0.782551
vt 0.475100 0.775071
vt 0.484442 0.778244
vt 0.478603 0.748463
vt 0.481529 0.788391
vt 0.762647 0.887433
vt 0.755160 0.901825
vt 0.641994 0.408355
vt 0.645214 0.392656
vt 1.000000 0.278212
vt 0.349042 0.681008
vt 0.363004 0.707590
vt 0.353528 0.718301
vt 0.280700 0.182433
vt 0.271595 0.191808
vt 0.264404 0.184643
vt 0.278774 0.150210
vt 0.266746 0.158155
vt 0.258468 0.173772
vt 0.692127 0.464774
vt 0.693124 0.477416
vt 0.675820 0.477157
vt 0.636956 0.455238
vt 0.658296 0.465108
vt 0.366781 0.732140
vt 0.336581 0.694255
vt 0.674424 0.159332
vt 0.680844 0.179118
vt 0.293147 0.136997
vt 0.681577 0.145461
vt 0.700928 0.162485
vt 0.706884 0.934077
vt 0.714767 0.954588
vt 0.694205 0.962798
vt 0.719373 0.154163
vt 0.683884 0.121565
vt 0.312079 0.110694
vt 0.324866 0.103117
vt 0.727187 0.155839
vt 0.755884 0.175289
vt 0.717240 0.168496
vt 0.748934 0.159454
vt 0.658144 0.438811
vt 0.676732 0.438533
vt 0.676949 0.451261
vt 0.247478 0.151113
vt 0.245820 0.136065
vt 0.263161 0.141092
vt 0.250337 0.163357
vt 0.990087 0.215662
vt 1.000000 0.229987
vt 0.972415 0.222627
vt 0.710203 0.891322
vt 0.658203 0.452871
vt 0.642775 0.438014
vt 0.973322 0.566831
vt 0.983540 0.553475
vt 0.983540 0.581336
vt 0.731720 0.947555
vt 0.950749 0.244023
vt 0.974844 0.231995
vt 0.959343 0.253391
vt 0.737646 0.886169
vt 0.706127 0.934047
vt 0.660699 0.199071
vt 0.684590 0.186739
vt 0.667860 0.203202
vt 0.676380 0.424003
vt 0.658225 0.422861
vt 0.972538 0.586986
vt 0.960503 0.573318
vt 0.972538 0.561229
vt 0.645077 0.426561
vt 0.952089 0.271522
vt 0.967951 0.256850
vt 0.691176 0.450995
vt 0.676260 0.464374
vt 0.962730 0.273751
vt 0.689919 0.425874
vt 0.690223 0.439302
vt 0.687442 0.331527
vt 0.689116 0.316416
vt 0.705525 0.326805
vt 0.850077 0.598248
vt 0.860050 0.598969
vt 0.851745 0.627068
vt 0.907796 0.857756
vt 0.924378 0.885929
vt 0.908254 0.880030
vt 0.891180 0.878779
vt 0.929328 0.837852
vt 0.916828 0.843818
vt 0.918135 0.834576
vt 0.845301 0.559208
vt 0.836646 0.575978
vt 0.834685 0.565594
vt 0.864083 0.580037
vt 0.848915 0.573181
vt 0.859390 0.565746
vt 0.652585 0.981185
vt 0.651063 0.991107
vt 0.639554 0.978433
vt 0.930473 0.384458
vt 0.947208 0.395996
vt 0.947681 0.407900
vt 0.930285 0.802739
vt 0.917960 0.447357
vt 0.925028 0.414367
vt 0.927055 0.445895
vt 0.952616 0.447109
vt 0.359163 0.789798
vt 0.360284 0.809461
vt 0.347708 0.790632
vt 0.864998 0.763458
vt 0.855505 0.732112
vt 0.872046 0.761517
vt 0.850977 0.590515
vt 0.835956 0.585315
vt 0.932145 0.880215
vt 0.945338 0.874147
vt 0.945840 0.882399
vt 0.945888 0.359012
vt 0.834397 0.593015
vt 0.928316 0.859944
vt 0.931926 0.853741
vt 0.845624 0.528820
vt 0.826773 0.528780
vt 0.865016 0.525347
vt 0.752089 0.962798
vt 0.752089 0.985564
vt 0.743243 0.974882
vt 0.915215 0.798983
vt 0.917335 0.776523
vt 0.929384 0.779927
vt 0.842500 0.499145
vt 0.856244 0.498164
vt 0.827295 0.499554
vt 0.348971 0.768831
vt 0.905794 0.798925
vt 0.908222 0.779131
vt 0.873180 0.794810
vt 0.713307 0.308719
vt 0.833440 0.624763
vt 0.960503 0.386391
vt 0.652585 0.950336
vt 0.862659 0.590411
vt 0.923067 0.473854
vt 0.877401 0.760404
vt 0.877738 0.789973
vt 0.932145 0.846654
vt 0.925512 0.359869
vt 0.913552 0.378782
vt 0.909141 0.365060
vt 0.099780 0.962917
vt 0.101082 0.986022
vt 0.089724 0.986022
vt 0.865016 0.624998
vt 0.713307 0.343755
vt 0.868870 0.701017
vt 0.849425 0.692189
vt 0.870118 0.687979
vt 0.904544 0.820993
vt 0.886296 0.694441
vt 0.881971 0.725514
vt 0.917536 0.393947
vt 0.968577 0.213621
vt 0.949931 0.213621
vt 0.964451 0.185515
vt 0.870943 0.731023
vt 0.949684 0.475610
vt 0.960503 0.360001
vt 0.840055 0.446917
vt 0.840434 0.436495
vt 0.847603 0.436056
vt 0.943051 0.507085
vt 0.941425 0.533590
vt 0.922741 0.532769
vt 0.922742 0.505162
vt 0.841459 0.465695
vt 0.827947 0.467826
vt 0.869761 0.839428
vt 0.880647 0.819389
vt 0.882033 0.848562
vt 0.858297 0.819423
vt 0.858667 0.850150
vt 0.869888 0.850215
vt 0.900285 0.756671
vt 0.903771 0.728842
vt 0.914905 0.738273
vt 0.924537 0.756373
vt 0.910808 0.753380
vt 0.829796 0.434094
vt 0.849530 0.464827
vt 0.915200 0.726892
vt 0.923779 0.730798
vt 0.867426 0.822518
vt 0.873050 0.821907
vt 0.359366 0.749040
vt 0.358896 0.770887
vt 0.861716 0.792319
vt 0.882274 0.787870
vt 0.848482 0.763391
vt 0.859517 0.763657
vt 0.841969 0.731963
vt 0.346106 0.747451
vt 0.336581 0.766103
vt 0.360284 0.732140
vt 0.752584 0.221291
vt 0.754218 0.248673
vt 0.744727 0.223950
vt 0.754218 0.203202
vt 0.848196 0.692767
vt 0.745545 0.251605
vt 0.749550 0.278398
vt 0.879275 0.868697
vt 0.865855 0.867775
vt 0.886296 0.724594
vt 0.894176 0.739411
vt 0.953737 0.180630
vt 0.954605 0.185515
vt 0.951355 0.182946
vt 0.962331 0.964574
vt 0.964581 0.961053
vt 0.966685 0.965002
vt 0.454696 0.991329
vt 0.460285 0.993642
vt 0.450665 0.996379
vt 0.469925 0.988821
vt 0.463244 0.984688
vt 0.446912 0.962016
vt 0.460266 0.945237
vt 0.458310 0.953351
vt 0.850023 0.421519
vt 0.839830 0.416811
vt 0.846433 0.410706
vt 0.839766 0.426358
vt 0.848509 0.427825
vt 0.962040 0.451093
vt 0.966063 0.461305
vt 0.960503 0.467364
vt 0.607820 0.963011
vt 0.611382 0.966815
vt 0.605360 0.970337
vt 0.487947 0.965776
vt 0.492725 0.964251
vt 0.488840 0.971200
vt 0.965645 0.474661
vt 0.963197 0.470933
vt 0.799749 0.323433
vt 0.795578 0.321744
vt 0.803057 0.310828
vt 0.795192 0.314594
vt 0.797959 0.343809
vt 0.801430 0.344490
vt 0.803057 0.354225
vt 0.796237 0.334430
vt 0.356273 0.890344
vt 0.359524 0.891268
vt 0.356059 0.894185
vt 0.162655 0.960636
vt 0.154192 0.958546
vt 0.160896 0.951770
vt 0.880238 0.886823
vt 0.872204 0.885042
vt 0.881835 0.898390
vt 0.877041 0.896636
vt 0.881124 0.893239
vt 0.875595 0.892669
vt 0.488331 0.993049
vt 0.488853 0.997241
vt 0.480602 0.994662
vt 0.478803 1.000000
vt 0.477213 0.995227
vt 0.483028 0.999846
vt 0.639554 0.976743
vt 0.633070 0.982566
vt 0.637019 0.974140
vt 0.636019 0.991169
vt 0.633085 0.973822
vt 0.636629 0.965330
vt 0.628345 0.976022
vt 0.632222 0.967928
vt 0.884991 0.904333
vt 0.879977 0.905477
vt 0.886296 0.908963
vt 0.963726 0.349154
vt 0.969210 0.346853
vt 0.968646 0.351993
vt 0.957740 0.178136
vt 0.958648 0.183395
vt 0.967061 0.970111
vt 0.962097 0.969666
vt 0.636837 0.957212
vt 0.639554 0.957824
vt 0.633787 0.962442
vt 0.958577 0.969740
vt 0.461915 1.000000
vt 0.627286 0.990567
vt 0.832795 0.418693
vt 0.932145 0.705064
vt 0.928706 0.718995
vt 0.925912 0.711114
vt 0.832672 0.402699
vt 0.839740 0.392604
vt 0.794260 0.307094
vt 0.891656 0.713723
vt 0.888777 0.698699
vt 0.896219 0.693347
vt 0.968584 0.454217
vt 0.971341 0.449990
vt 0.968863 0.433683
vt 0.469139 0.999849
vt 0.468567 0.994417
vt 0.438900 0.982630
vt 0.447745 0.980696
vt 0.438824 0.971211
vt 0.476028 0.967277
vt 0.467612 0.975930
vt 0.467405 0.960304
vt 0.462957 0.955763
vt 0.456977 0.969145
vt 0.481966 0.978132
vt 0.478665 0.981500
vt 0.969500 0.498652
vt 0.966018 0.489183
vt 0.973740 0.496260
vt 0.970342 0.488216
vt 0.961121 0.479757
vt 0.795692 0.330735
vt 0.800027 0.333973
vt 0.362022 0.881013
vt 0.358345 0.881014
vt 0.362124 0.871145
vt 0.365266 0.880888
vt 0.367221 0.871726
vt 0.364121 0.821996
vt 0.358685 0.819250
vt 0.357164 0.815580
vt 0.360128 0.913351
vt 0.358353 0.908947
vt 0.367221 0.906994
vt 0.342513 0.960226
vt 0.339032 0.955588
vt 0.339487 0.951007
vt 0.158621 0.805196
vt 0.156071 0.800610
vt 0.165107 0.797430
vt 0.986091 0.371923
vt 0.982987 0.368699
vt 0.983395 0.363870
vt 0.499589 0.870205
vt 0.497915 0.866577
vt 0.504784 0.863084
vt 0.364600 0.900683
vt 0.357550 0.903524
vt 0.607721 0.975705
vt 0.611382 0.977761
vt 0.360046 0.871321
vt 0.362736 0.867364
vt 0.793602 0.354074
vt 0.800454 0.353272
vt 0.796813 0.358593
vt 0.800768 0.358085
vt 0.974063 0.499790
vt 0.365230 0.868665
vt 0.903936 0.709972
vt 0.336196 0.954566
vt 0.981840 0.892765
vt 0.978104 0.894768
vt 0.975654 0.885929
vt 0.971290 0.894613
vt 0.970419 0.891670
vt 0.980567 0.365529
vt 0.977877 0.359012
vt 0.155068 0.808013
vt 0.974765 0.366774
vt 0.788995 0.318216
vt 0.787676 0.314717
vt 0.924984 0.693029
vt 0.919842 0.708163
vt 0.914989 0.707781
vt 0.241579 0.529339
vt 0.245392 0.525187
vt 0.245392 0.551334
vt 0.909311 0.709315
vt 0.908856 0.690471
vt 0.913796 0.688729
vt 0.920014 0.691976
vt 0.789582 0.323033
vt 0.790101 0.331309
vt 0.792038 0.344422
vt 0.790265 0.334994
vt 0.638653 0.953429
vt 0.632861 0.953203
vt 0.633589 0.950336
vt 0.157711 0.977200
vt 0.165408 0.978575
vt 0.166275 0.990849
vt 0.885352 0.868327
vt 0.885189 0.857411
vt 0.884404 0.875677
vt 0.971316 0.358936
vt 0.972707 0.355389
vt 0.883833 0.890375
vt 0.883678 0.885671
vt 0.972643 0.349259
vt 0.972707 0.345427
vt 0.611237 0.857608
vt 0.611237 0.870985
vt 0.605738 0.859044
vt 0.628345 0.969633
vt 0.628839 0.966094
vt 0.874468 0.898174
vt 0.872579 0.894628
vt 0.630175 0.957474
vt 0.625742 0.963701
vt 0.950259 0.179439
vt 0.484130 0.985839
vt 0.484814 0.988956
vt 0.956245 0.983575
vt 0.965767 0.984783
vt 0.967061 0.987936
vt 0.966070 0.975385
vt 0.960706 0.975750
vt 0.166275 0.950653
vt 0.470165 0.949951
vt 0.481060 0.956234
vt 0.487737 0.981522
vt 0.492999 0.977025
vt 0.490870 0.974898
vt 0.707375 0.880411
vt 0.702166 0.866025
vt 0.707375 0.861486
vt 0.669612 0.355298
vt 0.674640 0.352376
vt 0.671447 0.357476
vt 0.667784 0.358944
vt 0.671556 0.351647
vt 0.674640 0.358501
vt 0.901523 0.687979
vt 0.930465 0.697797
vt 0.165662 0.824240
vt 0.364597 0.894617
vt 0.701865 0.801668
vt 0.706349 0.787929
vt 0.707033 0.802004
vt 0.707029 0.779133
vt 0.702501 0.778706
vt 0.707033 0.775915
vt 0.700655 0.788328
vt 0.863329 0.979529
vt 0.857981 0.979529
vt 0.861086 0.969802
vt 0.968721 0.462441
vt 0.974063 0.453985
vt 0.357575 0.826771
vt 0.857981 0.980555
vt 0.853106 0.976223
vt 0.857981 0.969802
vt 0.827662 0.357042
vt 0.832000 0.351416
vt 0.832000 0.358848
vt 0.362713 0.835811
vt 0.360441 0.829332
vt 0.367221 0.821556
vt 0.980378 0.903480
vt 0.976838 0.902398
vt 0.980803 0.896750
vt 0.976344 0.928675
vt 0.980111 0.929134
vt 0.981840 0.941053
vt 0.975960 0.916559
vt 0.493242 0.842026
vt 0.496915 0.843047
vt 0.493127 0.846227
vt 0.362370 0.864925
vt 0.358886 0.853499
vt 0.365871 0.855217
vt 0.363107 0.846280
vt 0.356312 0.840781
vt 0.975786 0.912485
vt 0.980389 0.916273
vt 0.499316 0.830332
vt 0.496307 0.829934
vt 0.503406 0.819076
vt 0.865008 0.683251
vt 0.860802 0.677708
vt 0.865008 0.670244
vt 0.502278 0.837194
vt 0.504784 0.828088
vt 0.499692 0.854704
vt 0.495450 0.856494
vt 0.988660 0.784873
vt 0.989171 0.796648
vt 0.984839 0.784235
vt 0.499393 0.818953
vt 0.503244 0.815580
vt 0.972465 0.940496
vt 0.978617 0.940224
vt 0.975372 0.944812
vt 0.979364 0.944345
vt 0.367221 0.862215
vt 0.989171 0.825339
vt 0.985727 0.823596
vt 0.986478 0.816613
vt 0.970926 0.903505
vt 0.970173 0.912624
vt 0.971510 0.929106
vt 0.969949 0.916674
vt 0.481315 0.960693
vt 0.484062 0.963684
vt 0.985343 0.828356
vt 0.979598 0.823083
vt 0.856647 0.351416
vt 0.856647 0.358499
vt 0.853870 0.355275
vt 0.089681 0.968435
vt 0.084432 0.963449
vt 0.089681 0.957492
vt 0.983233 0.806886
vt 0.983853 0.796710
vt 0.088982 0.928793
vt 0.088982 0.942953
vt 0.084432 0.934075
vt 0.981679 0.816138
vt 0.988531 0.807321
vt 0.493127 0.961281
vt 0.983612 0.374912
vt 0.356059 0.939847
vt 0.361105 0.943524
vt 0.357411 0.950011
vt 0.476598 0.944362
vt 0.471935 0.953724
vt 0.975877 0.964728
vt 0.971798 0.959537
vt 0.977407 0.951326
vt 0.980119 0.374196
vt 0.980820 0.399214
vt 0.984376 0.399350
vt 0.986091 0.410001
vt 0.979492 0.387743
vt 0.154569 0.776869
vt 0.158065 0.778698
vt 0.154192 0.781187
vt 0.979146 0.991807
vt 0.975116 0.981765
vt 0.981237 0.982141
vt 0.977394 0.974223
vt 0.970778 0.970350
vt 0.979191 0.383953
vt 0.983750 0.387174
vt 0.161595 0.766931
vt 0.158361 0.766245
vt 0.165561 0.756925
vt 0.357448 0.927621
vt 0.360483 0.933684
vt 0.361792 0.924834
vt 0.159851 0.789891
vt 0.155666 0.791069
vt 0.363423 0.954818
vt 0.366964 0.954729
vt 0.161859 0.756364
vt 0.165662 0.753042
vt 0.977579 0.409995
vt 0.983082 0.409446
vt 0.980624 0.414120
vt 0.984690 0.413351
vt 0.983362 0.988541
vt 0.358217 0.916895
vt 0.361636 0.918240
vt 0.974768 0.375548
vt 0.974311 0.384299
vt 0.976295 0.399594
vt 0.974234 0.388495
vt 0.474967 0.956192
vt 0.361266 0.913351
vt 0.366964 0.918119
vt 0.981844 0.993931
vt 0.880422 0.979850
vt 0.875707 0.975284
vt 0.880422 0.969802
vt 0.365432 0.933582
vt 0.365950 0.942952
vt 0.969949 0.957105
vt 0.971792 0.953206
vt 0.366167 0.924808
vt 0.983362 0.944812
vt 0.611511 0.955604
vt 0.616551 0.958847
vt 0.614336 0.961178
vt 0.109746 0.981360
vt 0.113924 0.985350
vt 0.110993 0.990909
vt 0.840371 0.384611
vt 0.843695 0.390190
vt 0.619072 0.965951
vt 0.615407 0.964401
vt 0.621650 0.956265
vt 0.340503 0.961670
vt 0.336338 0.959859
vt 0.337566 0.980317
vt 0.340815 0.980452
vt 0.342513 0.989206
vt 0.336761 0.972726
vt 0.841813 0.371101
vt 0.844818 0.375366
vt 0.839652 0.373969
vt 0.620647 0.988823
vt 0.616947 0.980700
vt 0.624074 0.981660
vt 0.619665 0.972170
vt 0.615636 0.972022
vt 0.336461 0.968809
vt 0.341405 0.971878
vt 0.850104 0.367616
vt 0.847597 0.365608
vt 0.856704 0.361181
vt 0.110014 0.972258
vt 0.112456 0.979203
vt 0.847720 0.375167
vt 0.854635 0.368275
vt 0.835909 0.382113
vt 0.085406 0.951819
vt 0.084432 0.944013
vt 0.088820 0.950844
vt 0.853748 0.360728
vt 0.858130 0.359012
vt 0.335138 0.988709
vt 0.339682 0.988716
vt 0.337705 0.992810
vt 0.341087 0.992184
vt 0.625742 0.986813
vt 0.859024 0.363426
vt 0.832811 0.391634
vt 0.831084 0.385528
vt 0.332024 0.961534
vt 0.331891 0.969665
vt 0.333902 0.980915
vt 0.331894 0.973210
vt 0.836193 0.351416
vt 0.836193 0.357928
vt 0.832000 0.354297
vt 0.087598 0.957492
vt 0.685755 0.353712
vt 0.680261 0.357378
vt 0.681661 0.352526
vt 0.685600 0.351647
vt 0.623009 0.990528
vt 0.118027 0.963102
vt 0.113489 0.969475
vt 0.113051 0.962917
vt 0.116765 0.978915
vt 0.118027 0.984923
vt 0.844751 0.380928
vt 0.117886 0.968491
vt 0.088820 0.942952
vt 0.625742 0.950336
vt 0.829763 0.388910
vt 0.335368 0.951571
vt 0.829114 0.410907
vt 0.952675 0.176505
vt 0.885166 0.911841
vt 0.881752 0.911711
vt 0.637283 0.950688
vt 0.949931 0.185515
vt 0.639132 0.961101
vt 0.956695 0.976699
vt 0.964485 0.353447
vt 0.885492 0.898515
vt 0.685266 0.357378
vt 0.853870 0.351416
vt 0.853870 0.358232
vt 0.850778 0.355001
vt 0.365229 0.867364
vt 0.971995 0.501520
vt 0.829464 0.395697
vt 0.610596 0.852395
vt 0.929313 0.692900
vt 0.851231 0.583806
vt 0.945840 0.866448
vt 0.754218 0.234513
vt 0.755723 0.225531
vt 0.755723 0.234877
vt 0.657250 0.527660
vt 0.657020 0.529639
vt 0.645256 0.536768
vt 0.644719 0.534785
vt 0.361126 0.765589
vt 0.366729 0.765643
vt 0.366567 0.780851
vt 0.360284 0.780539
vt 0.841633 0.854742
vt 0.712070 0.705023
vt 0.710930 0.703689
vt 0.712070 0.695693
vt 0.673400 0.527847
vt 0.688985 0.535445
vt 0.686364 0.536678
vt 0.680380 0.530574
vt 0.638060 0.543847
vt 0.366728 0.790957
vt 0.360637 0.792488
vt 0.757069 0.944406
vt 0.658706 0.373623
vt 0.662462 0.359229
vt 0.673253 0.359012
vt 0.950855 0.301500
vt 0.960132 0.297071
vt 0.270450 0.076616
vt 0.249667 0.086136
vt 0.246305 0.073655
vt 0.287588 0.059411
vt 0.298058 0.054823
vt 0.574252 0.970081
vt 0.582460 0.963011
vt 0.582460 0.985323
vt 0.764827 0.931490
vt 0.269650 0.062712
vt 0.275811 0.062682
vt 0.691244 0.374226
vt 0.693882 0.360694
vt 0.703079 0.364690
vt 0.766248 0.903186
vt 0.502968 0.744619
vt 0.491487 0.737179
vt 0.492022 0.735719
vt 0.245219 0.674132
vt 0.245219 0.694962
vt 0.243899 0.689226
vt 0.109229 0.835666
vt 0.105830 0.846010
vt 0.104203 0.845519
vt 0.504210 0.421486
vt 0.504210 0.441116
vt 0.502763 0.435444
vt 0.609994 0.827301
vt 0.607185 0.838991
vt 0.605738 0.838455
vt 0.245746 0.652642
vt 0.245746 0.671067
vt 0.244735 0.661602
vt 0.477173 0.783591
vt 0.473362 0.775767
vt 0.769018 0.897540
vt 0.767676 0.904147
vt 0.215993 0.214215
vt 0.663711 0.037087
vt 0.645045 0.030094
vt 0.679182 0.030250
vt 0.659792 0.026144
vt 0.728324 0.050676
vt 0.727788 0.074974
vt 0.755884 0.030162
vt 0.754857 0.035914
vt 0.411014 0.013161
vt 0.225341 0.282423
vt 0.240808 0.317809
vt 0.769018 0.946901
vt 0.712127 0.385280
vt 0.254176 0.060985
vt 0.609994 0.852395
vt 0.607345 0.848564
vt 0.245756 0.738705
vt 0.244421 0.732806
vt 0.245756 0.724496
vt 0.700655 0.690466
vt 0.109229 0.855563
vt 0.504561 0.368878
vt 0.766379 0.936064
vt 0.673703 0.373337
vt 0.978142 0.289926
vt 0.996629 0.305776
vt 0.716614 0.962798
vt 0.716614 0.985937
vt 0.705140 0.983005
vt 0.768970 0.896241
vt 0.310149 0.216860
vt 0.281533 0.198379
vt 0.414877 0.008616
vt 0.711653 0.542544
vt 0.634466 0.075941
vt 0.632282 0.160028
vt 0.959927 0.686902
vt 0.948426 0.686763
vt 0.959927 0.666339
vt 0.658881 0.410954
vt 0.365953 0.660808
vt 0.355419 0.650472
vt 0.366781 0.645286
vt 0.366511 0.672892
vt 0.611511 0.480431
vt 0.616846 0.473147
vt 0.234028 0.214994
vt 0.750242 0.050610
vt 0.396907 0.000000
vt 0.795225 0.454678
vt 0.790510 0.440078
vt 0.803210 0.444648
vt 0.788939 0.410229
vt 0.785966 0.441044
vt 0.786428 0.410721
vt 0.581480 0.442107
vt 0.598791 0.438518
vt 0.581032 0.449448
vt 0.560647 0.412640
vt 0.574493 0.410815
vt 0.555925 0.451597
vt 0.593999 0.408436
vt 0.432783 0.545246
vt 0.456761 0.543706
vt 0.452334 0.571718
vt 0.464205 0.576792
vt 0.409293 0.564100
vt 0.435452 0.576246
vt 0.413680 0.577001
vt 0.803299 0.410032
vt 0.813796 0.410955
vt 0.815321 0.457593
vt 0.589179 0.495692
vt 0.583409 0.520584
vt 0.574529 0.492381
vt 0.539238 0.437842
vt 0.547654 0.446442
vt 0.533096 0.497955
vt 0.414697 0.488962
vt 0.433893 0.509402
vt 0.421534 0.515721
vt 0.811279 0.495962
vt 0.813190 0.524009
vt 0.793718 0.520842
vt 0.760782 0.655846
vt 0.764364 0.644855
vt 0.769018 0.658744
vt 0.563899 0.462049
vt 0.552637 0.479279
vt 0.582156 0.470957
vt 0.584241 0.459263
vt 0.598693 0.473537
vt 0.595845 0.481842
vt 0.785373 0.473649
vt 0.813426 0.469759
vt 0.786558 0.482040
vt 0.742400 0.646077
vt 0.728833 0.641515
vt 0.742948 0.582708
vt 0.720586 0.577965
vt 0.758924 0.581836
vt 0.394390 0.503076
vt 0.560983 0.514995
vt 0.741745 0.659617
vt 0.745034 0.661872
vt 0.578595 0.478686
vt 0.570847 0.517453
vt 0.826773 0.491759
vt 0.454508 0.531903
vt 0.455888 0.538818
vt 0.439921 0.478556
vt 0.789135 0.496054
vt 0.541222 0.503137
vt 0.549351 0.485942
vt 0.545786 0.506048
vt 0.384680 0.479447
vt 0.568523 0.456571
vt 0.601882 0.441679
vt 0.600444 0.462016
vt 0.814280 0.462657
vt 0.784986 0.461926
vt 0.744727 0.305099
vt 0.755807 0.278398
vt 0.755807 0.311949
vt 0.529068 0.520476
vt 0.761232 0.557930
vt 0.822877 0.423199
vt 0.490941 0.316391
vt 0.504522 0.290241
vt 0.504850 0.311975
vt 0.779154 0.439259
vt 0.604333 0.409518
vt 0.779597 0.410447
vt 0.774035 0.452413
vt 0.753527 0.654897
vt 0.721926 0.662225
vt 0.772182 0.410749
vt 0.356059 0.988762
vt 0.365942 0.954818
vt 0.365942 0.994057
vt 0.700655 0.753344
vt 0.706523 0.719038
vt 0.704089 0.747187
vt 0.706523 0.775915
vt 0.486299 0.317864
vt 0.495134 0.282728
vt 0.745278 0.565479
vt 0.719985 0.556533
vt 0.525883 0.519042
vt 0.522224 0.518186
vt 0.794756 0.109841
vt 0.810478 0.102848
vt 0.816647 0.121170
vt 0.601864 0.302327
vt 0.573146 0.305740
vt 0.583865 0.290472
vt 0.801733 0.082038
vt 0.799983 0.088973
vt 0.783821 0.074537
vt 0.203107 0.628043
vt 0.199508 0.652287
vt 0.179445 0.640958
vt 0.619759 0.135199
vt 0.597358 0.140635
vt 0.603059 0.076774
vt 0.348734 0.384219
vt 0.356937 0.373421
vt 0.354764 0.393863
vt 0.795671 0.131198
vt 0.778618 0.130775
vt 0.795157 0.117380
vt 0.775779 0.108251
vt 0.795516 0.098234
vt 0.333136 0.346826
vt 0.330077 0.382626
vt 0.320653 0.351031
vt 0.328669 0.395053
vt 0.348832 0.413263
vt 0.321275 0.421837
vt 0.798307 0.047727
vt 0.813954 0.052413
vt 0.352266 0.405205
vt 0.614443 0.058120
vt 0.613479 0.071320
vt 0.776999 0.075651
vt 0.345402 0.336585
vt 0.357532 0.337579
vt 0.303669 0.378397
vt 0.777480 0.045227
vt 0.765503 0.002249
vt 0.786986 0.046405
vt 0.590509 0.086430
vt 0.578919 0.055081
vt 0.776374 0.116662
vt 0.583243 0.127270
vt 0.577765 0.092844
vt 0.585780 0.146686
vt 0.579277 0.150085
vt 0.173684 0.669325
vt 0.189938 0.716085
vt 0.329710 0.387856
vt 0.961576 0.666942
vt 0.970574 0.666339
vt 0.965173 0.678576
vt 0.313785 0.448861
vt 0.288228 0.436519
vt 0.304173 0.414982
vt 0.169440 0.699645
vt 0.168909 0.731420
vt 0.203211 0.725320
vt 0.193414 0.726893
vt 0.219225 0.752953
vt 0.215136 0.752987
vt 0.211874 0.731783
vt 0.216068 0.729258
vt 0.213529 0.715858
vt 0.776064 0.096538
vt 0.794664 0.156549
vt 0.777531 0.155393
vt 0.572637 0.054561
vt 0.216808 0.652096
vt 0.755884 0.042613
vt 0.767979 0.044075
vt 0.761693 0.077691
vt 0.556373 0.080742
vt 0.558922 0.052084
vt 0.817653 0.092946
vt 0.327326 0.644295
vt 0.345541 0.640982
vt 0.344908 0.644436
vt 0.770951 0.044847
vt 0.332118 0.450039
vt 0.327524 0.641174
vt 0.531730 0.356783
vt 0.552190 0.354691
vt 0.553795 0.357983
vt 0.970574 0.687005
vt 0.341499 0.426768
vt 0.770729 0.074118
vt 0.346847 0.372091
vt 0.296213 0.979287
vt 0.289541 0.969035
vt 0.296213 0.968330
vt 0.798922 0.301773
vt 0.798381 0.289771
vt 0.808724 0.291708
vt 0.531216 0.354422
vt 0.292059 0.407889
vt 0.306915 0.346995
vt 0.775712 0.004494
vt 0.769541 0.088518
vt 0.808118 0.157457
vt 0.579063 0.120928
vt 0.571213 0.102181
vt 0.352117 0.284253
vt 0.358690 0.315660
vt 0.347813 0.318310
vt 0.184573 0.730342
vt 0.127729 0.985600
vt 0.118027 0.974385
vt 0.127729 0.962917
vt 0.594755 0.165491
vt 0.821333 0.150062
vt 0.789682 0.289548
vt 0.597738 0.056640
vt 0.290777 0.582652
vt 0.306171 0.537324
vt 0.310905 0.538306
vt 0.209546 0.540201
vt 0.199099 0.491899
vt 0.206693 0.491666
vt 0.817899 0.199103
vt 0.802737 0.201892
vt 0.323978 0.495542
vt 0.576281 0.198741
vt 0.600000 0.247507
vt 0.584963 0.246698
vt 0.312757 0.493759
vt 0.292354 0.489698
vt 0.318550 0.495043
vt 0.606198 0.177146
vt 0.630627 0.184806
vt 0.608126 0.194936
vt 0.623863 0.294660
vt 0.619975 0.313617
vt 0.615096 0.294669
vt 0.813884 0.247444
vt 0.801865 0.246730
vt 0.512432 0.351238
vt 0.513060 0.353668
vt 0.959927 0.683029
vt 0.594468 0.216972
vt 0.591779 0.185395
vt 0.187837 0.491746
vt 0.193081 0.479699
vt 0.609097 0.247196
vt 0.303169 0.582063
vt 0.626143 0.152874
vt 0.603180 0.162945
vt 0.338142 0.317340
vt 0.322171 0.317257
vt 0.616470 0.247550
vt 0.626914 0.246428
vt 0.178507 0.577578
vt 0.195921 0.541168
vt 0.195347 0.590192
vt 0.606462 0.215288
vt 0.181549 0.605108
vt 0.203190 0.612142
vt 0.265866 0.533018
vt 0.266828 0.497190
vt 0.300679 0.535780
vt 0.286553 0.533738
vt 0.241794 0.702456
vt 0.239192 0.693283
vt 0.241951 0.693324
vt 0.610733 0.210059
vt 0.625243 0.308198
vt 0.221255 0.618473
vt 0.219600 0.634602
vt 0.599252 0.182776
vt 0.201289 0.479031
vt 0.209963 0.589656
vt 0.613653 0.317873
vt 0.606910 0.320306
vt 0.306363 0.593761
vt 0.293926 0.598857
vt 0.283928 0.582980
vt 0.272984 0.591322
vt 0.782801 0.301853
vt 0.629947 0.169100
vt 0.278361 0.582603
vt 0.264432 0.583790
vt 0.267812 0.481463
vt 0.222863 0.787994
vt 0.308443 0.319922
vt 0.324785 0.282728
vt 0.794997 0.246305
vt 0.781936 0.201377
vt 0.794834 0.201774
vt 0.239064 0.702981
vt 0.209455 0.478288
vt 0.629269 0.197036
vt 0.182598 0.542101
vt 0.222682 0.602831
vt 0.222863 0.590580
vt 0.178603 0.593467
vt 0.783845 0.245564
vt 0.808149 0.307094
vt 0.598949 0.163838
vt 0.269631 0.470448
vt 0.292867 0.641685
vt 0.308355 0.645286
vt 0.292697 0.645058
vt 0.308620 0.641872
vt 0.746503 0.549519
vt 0.720722 0.542579
vt 0.522925 0.537154
vt 0.514539 0.549347
vt 0.517422 0.531729
vt 0.744048 0.521783
vt 0.725713 0.509256
vt 0.736226 0.470492
vt 0.750103 0.470645
vt 0.512181 0.652710
vt 0.512376 0.605316
vt 0.518880 0.604916
vt 0.723709 0.470340
vt 0.725830 0.415115
vt 0.738301 0.422525
vt 0.823477 0.567504
vt 0.818043 0.610977
vt 0.805504 0.610714
vt 0.804641 0.568016
vt 0.396643 0.391873
vt 0.417141 0.392436
vt 0.424882 0.434774
vt 0.400874 0.441153
vt 0.400251 0.425633
vt 0.400044 0.453144
vt 0.755522 0.421774
vt 0.762247 0.470767
vt 0.748375 0.422007
vt 0.758624 0.520097
vt 0.745556 0.534007
vt 0.522885 0.603405
vt 0.536614 0.602708
vt 0.535927 0.646583
vt 0.517457 0.657614
vt 0.546762 0.646569
vt 0.549408 0.604088
vt 0.565273 0.561143
vt 0.555582 0.605120
vt 0.559585 0.559284
vt 0.783888 0.610100
vt 0.780217 0.565549
vt 0.793326 0.610407
vt 0.803269 0.657719
vt 0.798407 0.610529
vt 0.789299 0.653791
vt 0.722143 0.524724
vt 0.383334 0.440508
vt 0.383291 0.393048
vt 0.380821 0.463617
vt 0.544427 0.553852
vt 0.535993 0.525738
vt 0.796588 0.567229
vt 0.790559 0.566346
vt 0.769018 0.519700
vt 0.763290 0.542095
vt 0.715727 0.501673
vt 0.725353 0.503414
vt 0.712128 0.533678
vt 0.732354 0.470441
vt 0.809299 0.659224
vt 0.391881 0.343844
vt 0.408117 0.344777
vt 0.525312 0.571169
vt 0.528291 0.539240
vt 0.379727 0.345659
vt 0.814026 0.659695
vt 0.518335 0.571111
vt 0.513133 0.565170
vt 0.781165 0.653174
vt 0.473531 0.921302
vt 0.476596 0.905090
vt 0.475629 0.921389
vt 0.474797 0.935978
vt 0.477997 0.876602
vt 0.474489 0.876319
vt 0.477446 0.844967
vt 0.472282 0.904742
vt 0.484904 0.821394
vt 0.480744 0.845232
vt 0.106308 0.485341
vt 0.086315 0.467389
vt 0.103738 0.466755
vt 0.088529 0.498053
vt 0.061608 0.518326
vt 0.056166 0.495662
vt 0.076241 0.506677
vt 0.077314 0.520391
vt 0.839607 0.328756
vt 0.821333 0.328025
vt 0.845173 0.286732
vt 0.258375 0.798595
vt 0.286767 0.825365
vt 0.266245 0.831176
vt 0.054578 0.467487
vt 0.207264 0.122612
vt 0.193875 0.120317
vt 0.194500 0.109869
vt 0.207567 0.113796
vt 0.204668 0.132776
vt 0.223689 0.146810
vt 0.192866 0.157534
vt 0.220303 0.159626
vt 0.133074 0.582392
vt 0.113829 0.571360
vt 0.124964 0.561023
vt 0.104070 0.587746
vt 0.128552 0.605352
vt 0.099989 0.603518
vt 0.101679 0.566941
vt 0.119238 0.586584
vt 0.725988 0.990134
vt 0.716614 0.980132
vt 0.725988 0.962798
vt 0.453909 0.941200
vt 0.245820 0.000598
vt 0.245368 0.028598
vt 0.232269 0.026616
vt 0.220576 0.028579
vt 0.234481 0.000054
vt 0.283359 0.797562
vt 0.308895 0.793320
vt 0.305341 0.822039
vt 0.089350 0.449415
vt 0.056735 0.448751
vt 0.059205 0.429681
vt 0.922110 0.049075
vt 0.910684 0.082249
vt 0.920293 0.048639
vt 0.225163 0.493169
vt 0.222863 0.458164
vt 0.223860 0.458937
vt 0.227051 0.493498
vt 0.218688 0.160839
vt 0.192297 0.159798
vt 0.222863 0.644656
vt 0.223005 0.622310
vt 0.225486 0.621962
vt 0.225296 0.645012
vt 0.275318 0.667568
vt 0.257108 0.668955
vt 0.256834 0.666730
vt 0.273566 0.665334
vt 0.733862 0.878063
vt 0.734542 0.875378
vt 0.769018 0.885440
vt 0.767166 0.886169
vt 0.713155 0.842734
vt 0.720488 0.859670
vt 0.708871 0.839277
vt 0.710024 0.802368
vt 0.091814 0.430356
vt 0.116159 0.432429
vt 0.107170 0.450583
vt 0.146563 0.451524
vt 0.120166 0.466195
vt 0.120231 0.451036
vt 0.138332 0.434702
vt 0.151587 0.437526
vt 0.158295 0.451255
vt 0.246435 0.683673
vt 0.263757 0.688317
vt 0.165113 0.439386
vt 0.123275 0.476984
vt 0.305437 0.665596
vt 0.333810 0.668062
vt 0.333832 0.680024
vt 0.161393 0.480507
vt 0.149814 0.497807
vt 0.149400 0.481251
vt 0.147632 0.464696
vt 0.159092 0.463042
vt 0.882642 0.251783
vt 0.845271 0.269312
vt 0.845493 0.252368
vt 0.867759 0.981142
vt 0.863329 0.979500
vt 0.867759 0.969802
vt 0.480303 0.816915
vt 0.486913 0.815580
vt 0.479808 0.822774
vt 0.309325 0.679514
vt 0.265746 0.699575
vt 0.300864 0.755627
vt 0.272952 0.739932
vt 0.283548 0.682383
vt 0.325195 0.752813
vt 0.248418 0.694888
vt 0.249263 0.711584
vt 0.868947 0.307305
vt 0.856821 0.330746
vt 0.888344 0.307386
vt 0.890241 0.340589
vt 0.871422 0.335107
vt 0.106285 0.495217
vt 0.124490 0.507136
vt 0.107690 0.514271
vt 0.131863 0.521234
vt 0.155170 0.516178
vt 0.139070 0.541093
vt 0.145253 0.561927
vt 0.117520 0.548482
vt 0.161248 0.541123
vt 0.254445 0.784238
vt 0.251313 0.771325
vt 0.279451 0.767310
vt 0.091876 0.517087
vt 0.124346 0.486833
vt 0.823095 0.350240
vt 0.839153 0.349445
vt 0.281198 0.782383
vt 0.330114 0.792891
vt 0.325629 0.821102
vt 0.200799 0.100129
vt 0.194419 0.100098
vt 0.200733 0.093418
vt 0.149670 0.579967
vt 0.093660 0.552127
vt 0.107782 0.549713
vt 0.164714 0.555348
vt 0.166426 0.570787
vt 0.166628 0.604910
vt 0.802144 0.982401
vt 0.806522 0.959164
vt 0.817805 0.982401
vt 0.859170 0.346151
vt 0.872710 0.346562
vt 0.236651 0.674132
vt 0.235020 0.673128
vt 0.287015 0.645286
vt 0.308848 0.646534
vt 0.305410 0.664595
vt 0.236651 0.597246
vt 0.257607 0.648119
vt 0.259421 0.646655
vt 0.486299 0.627386
vt 0.501502 0.605856
vt 0.501502 0.639298
vt 0.721691 0.248803
vt 0.723083 0.225395
vt 0.743440 0.227210
vt 0.742117 0.251753
vt 0.722263 0.282922
vt 0.743137 0.284266
vt 0.320036 0.976431
vt 0.301109 0.976431
vt 0.306600 0.951007
vt 0.914395 0.106528
vt 0.916074 0.106638
vt 0.926477 0.127333
vt 0.924936 0.128006
vt 0.332952 0.667319
vt 0.333440 0.647559
vt 0.220785 0.180321
vt 0.193641 0.178815
vt 0.237313 0.429681
vt 0.912987 0.082291
vt 0.163645 0.436796
vt 0.952763 0.150909
vt 0.937747 0.140441
vt 0.725601 0.203202
vt 0.744727 0.205609
vt 0.894584 0.230473
vt 0.179994 0.028756
vt 0.196599 0.028658
vt 0.191968 0.078071
vt 0.194209 0.094627
vt 0.191605 0.083852
vt 0.184850 0.005623
vt 0.203547 0.002554
vt 0.232448 0.054186
vt 0.224455 0.132894
vt 0.219373 0.046386
vt 0.196598 0.083864
vt 0.209984 0.031578
vt 0.823165 0.289998
vt 0.336581 0.769372
vt 0.324294 0.768107
vt 0.221689 0.001441
vt 0.306806 0.769450
vt 0.244858 0.429681
vt 0.244858 0.523124
vt 0.237313 0.505919
vt 0.336581 0.693234
vt 0.245820 0.748681
vt 0.860802 0.655020
vt 0.863582 0.648731
vt 0.863582 0.670244
vt 0.822329 0.272413
vt 0.451120 0.913946
vt 0.451120 0.942365
vt 0.437816 0.920465
vt 0.884112 0.281109
vt 0.823577 0.256255
vt 0.194667 0.131369
vt 0.733732 0.993317
vt 0.725988 0.969354
vt 0.733732 0.962798
vt 0.090068 0.529694
vt 0.098654 0.528251
vt 0.112912 0.525842
vt 0.451450 0.931421
vt 0.708176 0.343755
vt 0.710872 0.357383
vt 0.700850 0.357383
vt 0.894584 0.351416
vt 0.152858 0.604765
vt 0.237313 0.525187
vt 0.796830 0.368556
vt 0.787877 0.368615
vt 0.556805 0.359012
vt 0.576680 0.359019
vt 0.596119 0.367244
vt 0.438163 0.602161
vt 0.456475 0.638425
vt 0.435835 0.637569
vt 0.817026 0.393302
vt 0.411658 0.637487
vt 0.806758 0.388383
vt 0.825335 0.393826
vt 0.820380 0.359314
vt 0.826773 0.359012
vt 0.796125 0.390066
vt 0.245664 0.652642
vt 0.236651 0.650659
vt 0.245664 0.597246
vt 0.412595 0.600960
vt 0.395831 0.639777
vt 0.400237 0.602036
vt 0.745786 0.683264
vt 0.504850 0.368878
vt 0.801459 0.367378
vt 0.769018 0.370189
vt 0.777940 0.369857
vt 0.469798 0.605516
vt 0.475123 0.639777
vt 0.454803 0.604255
vt 0.742828 0.683489
vt 0.764510 0.720776
vt 0.761505 0.682391
vt 0.611511 0.369405
vt 0.726375 0.718530
vt 0.713049 0.718389
vt 0.745669 0.718733
vt 0.971083 0.522354
vt 0.972080 0.529305
vt 0.966141 0.530456
vt 0.964888 0.521550
vt 0.331541 0.971546
vt 0.320353 0.976580
vt 0.320036 0.955796
vt 0.331891 0.951007
vt 0.598065 0.970270
vt 0.605360 0.963011
vt 0.605360 0.982803
vt 0.331891 0.989427
vt 0.488388 0.428386
vt 0.499599 0.417005
vt 0.500784 0.437333
vt 0.486299 0.391323
vt 0.499573 0.392686
vt 0.490515 0.459625
vt 0.488093 0.445386
vt 0.502763 0.455324
vt 0.961118 0.561229
vt 0.960503 0.555167
vt 0.973322 0.556235
vt 0.700655 0.809107
vt 0.707483 0.802004
vt 0.707483 0.819713
vt 0.488548 0.368878
vt 0.502763 0.375776
vt 0.970149 0.509870
vt 0.964625 0.511079
vt 0.963601 0.501520
vt 0.499472 0.661084
vt 0.504077 0.658703
vt 0.504738 0.671285
vt 0.973322 0.539621
vt 0.965668 0.535341
vt 0.148189 0.962917
vt 0.148189 0.979277
vt 0.136350 0.975535
vt 0.104203 0.809502
vt 0.103757 0.823442
vt 0.091410 0.812222
vt 0.089395 0.835459
vt 0.103086 0.843291
vt 0.089590 0.862637
vt 0.104203 0.861890
vt 0.500026 0.645933
vt 0.504738 0.639777
vt 0.666302 0.206085
vt 0.665743 0.203202
vt 0.673054 0.205423
vt 0.630627 0.262364
vt 0.633093 0.262020
vt 0.644445 0.282087
vt 0.642477 0.284199
vt 0.630778 0.243367
vt 0.633657 0.244096
vt 0.721691 0.281401
vt 0.719238 0.280792
vt 0.719115 0.243727
vt 0.721691 0.243421
vt 0.711212 0.226400
vt 0.699451 0.211721
vt 0.701784 0.210522
vt 0.713908 0.226132
vt 0.705536 0.302743
vt 0.706626 0.304319
vt 0.654047 0.211907
vt 0.643010 0.224806
vt 0.640747 0.223471
vt 0.652573 0.209422
vt 0.683420 0.204247
vt 0.683088 0.206424
vt 0.657678 0.297854
vt 0.655610 0.300339
vt 0.678973 0.306237
vt 0.678691 0.308720
vt 0.009770 0.485341
vt 0.012226 0.466755
vt 0.024797 0.467389
vt 0.022902 0.498053
vt 0.035280 0.506677
vt 0.040081 0.520391
vt 0.050214 0.583755
vt 0.081346 0.575947
vt 0.052230 0.602087
vt 0.063387 0.639462
vt 0.064541 0.605352
vt 0.087257 0.605472
vt 0.178020 0.122595
vt 0.179077 0.113780
vt 0.182821 0.132764
vt 0.156879 0.146772
vt 0.160282 0.159592
vt 0.000000 0.582392
vt 0.003880 0.561023
vt 0.012335 0.571360
vt 0.022207 0.587746
vt 0.025004 0.603518
vt 0.002572 0.605352
vt 0.009015 0.586584
vt 0.025678 0.566941
vt 0.066360 0.524854
vt 0.043275 0.532301
vt 0.493127 0.944362
vt 0.120106 0.000527
vt 0.142386 0.026565
vt 0.127498 0.028531
vt 0.138856 0.000000
vt 0.152751 0.028541
vt 0.109487 0.634684
vt 0.089304 0.633831
vt 0.103101 0.028652
vt 0.084067 0.000170
vt 0.098056 0.000594
vt 0.025680 0.449415
vt 0.006846 0.788096
vt 0.012496 0.765628
vt 0.024894 0.782616
vt 0.000000 0.769345
vt 0.051420 0.759806
vt 0.024418 0.763491
vt 0.021133 0.748362
vt 0.046368 0.777594
vt 0.068338 0.758981
vt 0.064245 0.774452
vt 0.088298 0.748309
vt 0.083195 0.771499
vt 0.005152 0.731087
vt 0.005297 0.749879
vt 0.022156 0.737218
vt 0.125164 0.161795
vt 0.068590 0.729272
vt 0.051599 0.729703
vt 0.049729 0.713524
vt 0.052128 0.746454
vt 0.068896 0.747032
vt 0.899219 0.614906
vt 0.900414 0.652297
vt 0.883595 0.653311
vt 0.185106 0.093409
vt 0.184844 0.083858
vt 0.493127 0.817949
vt 0.489247 0.823535
vt 0.126836 0.147212
vt 0.085126 0.131685
vt 0.083954 0.088647
vt 0.103804 0.068935
vt 0.101979 0.146572
vt 0.130560 0.070604
vt 0.097742 0.164580
vt 0.089219 0.736111
vt 0.066289 0.552680
vt 0.046938 0.566633
vt 0.071736 0.531803
vt 0.046067 0.551485
vt 0.004351 0.721319
vt 0.007494 0.702518
vt 0.021539 0.707273
vt 0.028687 0.692477
vt 0.054951 0.694778
vt 0.035220 0.672000
vt 0.019298 0.654006
vt 0.040038 0.650643
vt 0.015645 0.667527
vt 0.085986 0.143772
vt 0.098579 0.769817
vt 0.059332 0.669367
vt 0.061831 0.654875
vt 0.091796 0.664613
vt 0.023525 0.517087
vt 0.022700 0.727358
vt 0.090167 0.649405
vt 0.186782 0.100121
vt 0.042238 0.632195
vt 0.016318 0.549713
vt 0.030543 0.552127
vt 0.042682 0.607212
vt 0.921961 0.602760
vt 0.915757 0.654149
vt 0.919590 0.680987
vt 0.901742 0.676175
vt 0.143234 0.054136
vt 0.158105 0.046351
vt 0.157110 0.132856
vt 0.928673 0.596961
vt 0.163327 0.031552
vt 0.928563 0.652604
vt 0.079590 0.598453
vt 0.128347 0.055396
vt 0.151949 0.001401
vt 0.933981 0.684621
vt 0.084770 0.044526
vt 0.105620 0.053590
vt 0.091152 0.693043
vt 0.083365 0.060162
vt 0.933981 0.587700
vt 0.867015 0.654508
vt 0.882044 0.676702
vt 0.865016 0.676872
vt 0.871160 0.615252
vt 0.009655 0.495217
vt 0.028718 0.529694
vt 0.021533 0.528251
vt 0.012379 0.514271
vt 0.009614 0.548482
vt 0.010701 0.525842
vt 0.012072 0.690443
vt 0.491208 0.934626
vt 0.664467 0.958968
vt 0.685275 0.950336
vt 0.685275 0.975556
vt 0.083657 0.536272
vt 0.024983 0.631812
vt 0.011766 0.645459
vt 0.014806 0.629649
vt 0.019855 0.609738
vt 0.028125 0.430356
vt 0.166628 0.758427
vt 0.185840 0.754790
vt 0.821333 0.001058
vt 0.185938 0.792481
vt 0.577387 0.001768
vt 0.585329 0.171307
vt 0.356810 0.640945
vt 0.366244 0.643865
vt 0.356830 0.643941
vt 0.201977 0.752886
vt 0.586595 0.316218
vt 0.590031 0.001242
vt 0.344343 0.282897
vt 0.788110 0.005945
vt 0.367221 0.641280
vt 0.206478 0.791014
vt 0.268488 0.604882
vt 0.760563 0.001578
vt 0.759986 0.023110
vt 0.756796 0.000000
vt 0.803591 0.006721
vt 0.617893 0.034699
vt 0.241376 0.724496
vt 0.241473 0.712800
vt 0.243899 0.723612
vt 0.238793 0.713330
vt 0.605105 0.000935
vt 0.046541 0.817234
vt 0.045043 0.812481
vt 0.051827 0.812436
vt 0.894401 0.980530
vt 0.890605 0.976506
vt 0.894401 0.970760
vt 0.500241 0.522651
vt 0.501634 0.543293
vt 0.488748 0.543155
vt 0.486456 0.523036
vt 0.154192 0.882598
vt 0.160916 0.865916
vt 0.165882 0.875381
vt 0.166206 0.888096
vt 0.949931 0.158814
vt 0.937704 0.169394
vt 0.941143 0.150909
vt 0.424906 0.969632
vt 0.424665 0.950659
vt 0.437816 0.950619
vt 0.436170 0.979311
vt 0.934927 0.189369
vt 0.949059 0.176621
vt 0.947081 0.195680
vt 0.934915 0.197293
vt 0.500458 0.509948
vt 0.423499 0.929898
vt 0.437816 0.924630
vt 0.161144 0.850711
vt 0.160554 0.838017
vt 0.166206 0.836960
vt 0.165826 0.854428
vt 0.504878 0.539957
vt 0.501634 0.537172
vt 0.504878 0.529433
vt 0.035196 0.814533
vt 0.949931 0.211189
vt 0.943688 0.213621
vt 0.486308 0.501131
vt 0.500620 0.494520
vt 0.486299 0.478453
vt 0.501634 0.475148
vt 0.491191 0.459625
vt 0.424528 0.913946
vt 0.159051 0.827279
vt 0.165025 0.824240
vt 0.052063 0.809502
vt 0.080882 0.885818
vt 0.087098 0.863421
vt 0.089395 0.863443
vt 0.082503 0.887545
vt 0.086642 0.846310
vt 0.089395 0.845273
vt 0.002609 0.855192
vt 0.002869 0.890913
vt 0.000346 0.891725
vt 0.000000 0.855151
vt 0.017950 0.820871
vt 0.020357 0.821807
vt 0.009005 0.837241
vt 0.006374 0.837282
vt 0.017292 0.910823
vt 0.016237 0.912459
vt 0.078142 0.826763
vt 0.076094 0.828349
vt 0.063978 0.816733
vt 0.065081 0.814073
vt 0.034715 0.812427
vt 0.067163 0.903382
vt 0.065600 0.901378
vt 0.043916 0.913736
vt 0.043837 0.911450
vt 0.707743 0.802563
vt 0.933458 0.016423
vt 0.125884 0.163035
vt 0.611253 0.780318
vt 0.605738 0.746033
vt 0.607427 0.745599
vt 0.160603 0.160806
vt 0.232977 0.928844
vt 0.234480 0.952256
vt 0.232178 0.951723
vt 0.234917 0.928949
vt 0.504365 0.388706
vt 0.504365 0.408090
vt 0.502763 0.407583
vt 0.082112 0.773129
vt 0.097260 0.771224
vt 0.733862 0.728273
vt 0.769018 0.720776
vt 0.734542 0.730609
vt 0.086351 0.793468
vt 0.051162 0.797580
vt 0.084647 0.792278
vt 0.713155 0.762285
vt 0.720488 0.746036
vt 0.708871 0.766050
vt 0.162176 0.180287
vt 0.245153 0.900877
vt 0.110295 0.184202
vt 0.131585 0.180950
vt 0.097155 0.165975
vt 0.245153 0.977250
vt 0.109487 0.790208
vt 0.047394 0.779106
vt 0.015034 0.809502
vt 0.026514 0.783938
vt 0.032730 0.803927
vt 0.008956 0.789719
vt 0.744727 0.314916
vt 0.724472 0.316090
vt 0.935446 0.017376
vt 0.951250 0.000000
vt 0.952763 0.000592
vt 0.504649 0.529433
vt 0.501634 0.512078
vt 0.504649 0.494076
vt 0.611253 0.711791
vt 0.727162 0.397562
vt 0.399711 0.321886
vt 0.404599 0.335167
vt 0.421065 0.330999
vt 0.526174 0.669587
vt 0.510053 0.674658
vt 0.540960 0.660130
vt 0.772116 0.664840
vt 0.788702 0.666523
vt 0.693068 0.965034
vt 0.693068 0.982260
vt 0.685743 0.973721
vt 0.550657 0.656735
vt 0.800772 0.674467
vt 0.817055 0.669167
vt 0.733687 0.399829
vt 0.740710 0.403773
vt 0.747087 0.408844
vt 0.755090 0.409089
vt 0.383661 0.332649
vt 0.375755 0.333317
vt 0.472742 0.306811
vt 0.455955 0.321152
vt 0.456643 0.304990
vt 0.441759 0.315511
vt 0.443882 0.304600
vt 0.761898 0.962798
vt 0.761898 0.982547
vt 0.752089 0.981084
vt 0.549765 0.697365
vt 0.550464 0.685044
vt 0.561136 0.685023
vt 0.687442 0.358969
vt 0.696979 0.347287
vt 0.700850 0.358965
vt 0.906005 0.308945
vt 0.950749 0.324944
vt 0.910834 0.333153
vt 0.935141 0.351416
vt 0.927237 0.350552
vt 0.944129 0.345822
vt 0.949876 0.312530
vt 0.945524 0.295685
vt 0.948641 0.238461
vt 0.894584 0.260871
vt 0.897376 0.240503
vt 0.950749 0.256212
vt 0.917244 0.217368
vt 0.927725 0.215662
vt 0.941010 0.219853
vt 0.909108 0.221280
vt 0.899460 0.282170
vt 0.947022 0.278074
vt 0.527332 0.698883
vt 0.529929 0.677685
vt 0.588916 0.682904
vt 0.590370 0.694342
vt 0.579959 0.695490
vt 0.578309 0.683273
vt 0.561638 0.697518
vt 0.946352 0.860234
vt 0.943864 0.866448
vt 0.935776 0.861628
vt 0.937759 0.855068
vt 0.460662 0.294692
vt 0.476318 0.297409
vt 0.730307 0.325017
vt 0.730996 0.334314
vt 0.722761 0.332788
vt 0.721691 0.325699
vt 0.441090 0.294603
vt 0.424927 0.294417
vt 0.429674 0.317894
vt 0.411225 0.293561
vt 0.414676 0.318691
vt 0.399477 0.316983
vt 0.398110 0.293209
vt 0.377231 0.295094
vt 0.378477 0.314658
vt 0.756611 0.392101
vt 0.747643 0.392903
vt 0.749104 0.371425
vt 0.756922 0.371505
vt 0.725118 0.371022
vt 0.739659 0.392016
vt 0.731850 0.391149
vt 0.722218 0.390079
vt 0.506931 0.700029
vt 0.510390 0.680952
vt 0.558647 0.673144
vt 0.955496 0.827887
vt 0.955782 0.862715
vt 0.968414 0.858280
vt 0.444061 0.326155
vt 0.944345 0.808652
vt 0.957031 0.816547
vt 0.974567 0.813953
vt 0.971132 0.827918
vt 0.940556 0.821261
vt 0.933111 0.817048
vt 0.979598 0.843795
vt 0.974005 0.853463
vt 0.932145 0.835958
vt 0.935293 0.846135
vt 0.901005 0.231848
vt 0.945575 0.227503
vt 0.730439 0.349156
vt 0.722522 0.346712
vt 0.410839 0.286507
vt 0.424048 0.287477
vt 0.376297 0.287602
vt 0.398193 0.286033
vt 0.367221 0.288758
vt 0.368090 0.296134
vt 0.725502 0.362976
vt 0.749532 0.364021
vt 0.524731 0.706677
vt 0.504915 0.707872
vt 0.462196 0.288414
vt 0.477966 0.290617
vt 0.561473 0.702234
vt 0.546239 0.704065
vt 0.700850 0.343755
vt 0.580826 0.700120
vt 0.611511 0.699076
vt 0.603872 0.698191
vt 0.602552 0.693343
vt 0.610022 0.694294
vt 0.440929 0.287697
vt 0.484334 0.298385
vt 0.486299 0.292589
vt 0.735403 0.349744
vt 0.735816 0.334426
vt 0.590665 0.699129
vt 0.410172 0.283174
vt 0.423773 0.284230
vt 0.377587 0.284069
vt 0.399218 0.282728
vt 0.368907 0.285205
vt 0.503939 0.966036
vt 0.504904 0.976988
vt 0.502090 0.976988
vt 0.725414 0.359012
vt 0.748444 0.360315
vt 0.524800 0.710618
vt 0.505886 0.711790
vt 0.461816 0.285445
vt 0.477159 0.287297
vt 0.561588 0.704894
vt 0.545198 0.707595
vt 0.580789 0.702830
vt 0.610491 0.701867
vt 0.603227 0.701085
vt 0.440406 0.284472
vt 0.736104 0.324859
vt 0.739028 0.325282
vt 0.738363 0.334020
vt 0.738041 0.348880
vt 0.590109 0.701933
vt 0.082915 0.982145
vt 0.077507 0.978433
vt 0.082915 0.969582
vt 0.841870 0.890369
vt 0.837131 0.882335
vt 0.841870 0.876292
vt 0.737118 0.357946
vt 0.731983 0.357079
vt 0.739801 0.357031
vt 0.597971 0.684391
vt 0.951704 0.587120
vt 0.942552 0.587120
vt 0.944301 0.577724
vt 0.480221 0.307154
vt 0.736398 0.316175
vt 0.739801 0.316090
vt 0.370235 0.316489
vt 0.757473 0.364103
vt 0.756220 0.360396
vt 0.794436 0.687979
vt 0.425877 0.340025
vt 0.961353 0.791489
vt 0.954181 0.784235
vt 0.979598 0.792289
vt 0.367221 0.296371
vt 0.720472 0.353065
vt 0.713307 0.351379
vt 0.720472 0.308719
vt 0.556166 0.001384
vt 0.366889 0.319831
vt 0.306898 0.283804
vt 0.580233 0.346928
vt 0.581619 0.355167
vt 0.630561 0.345851
vt 0.607121 0.355043
vt 0.605937 0.346932
vt 0.202136 0.433851
vt 0.192169 0.441976
vt 0.191230 0.434618
vt 0.263326 0.632434
vt 0.245820 0.639116
vt 0.248095 0.632159
vt 0.294632 0.961024
vt 0.254801 0.956861
vt 0.250639 0.948846
vt 0.935845 0.658882
vt 0.951092 0.660245
vt 0.949042 0.666339
vt 0.355885 0.635406
vt 0.360921 0.629023
vt 0.365995 0.636691
vt 0.343115 0.625467
vt 0.327597 0.635454
vt 0.325983 0.625867
vt 0.316247 0.616815
vt 0.324092 0.608846
vt 0.294714 0.901429
vt 0.301109 0.922478
vt 0.245820 0.928988
vt 0.612473 0.326666
vt 0.620472 0.325579
vt 0.602607 0.328006
vt 0.345172 0.634561
vt 0.302080 0.612593
vt 0.313760 0.625794
vt 0.295247 0.635373
vt 0.310203 0.635512
vt 0.298799 0.952331
vt 0.301109 0.940634
vt 0.548563 0.320373
vt 0.537742 0.335148
vt 0.536266 0.326404
vt 0.950173 0.622981
vt 0.936252 0.645425
vt 0.933981 0.634438
vt 0.936361 0.616549
vt 0.952538 0.608953
vt 0.514598 0.346231
vt 0.630627 0.353147
vt 0.606127 0.358852
vt 0.581600 0.359012
vt 0.201432 0.430197
vt 0.628223 0.356669
vt 0.236503 0.723305
vt 0.275955 0.640014
vt 0.275381 0.643447
vt 0.263565 0.642823
vt 0.247252 0.642895
vt 0.262120 0.639153
vt 0.190844 0.430942
vt 0.506609 0.343685
vt 0.968732 0.617213
vt 0.579311 0.325360
vt 0.965371 0.628131
vt 0.551778 0.334354
vt 0.512137 0.330948
vt 0.277733 0.633501
vt 0.940022 0.651804
vt 0.549553 0.347610
vt 0.532342 0.349286
vt 0.202510 0.441250
vt 0.243161 0.681558
vt 0.241327 0.674132
vt 0.243899 0.674664
vt 0.240492 0.681453
vt 0.250535 0.878883
vt 0.251245 0.854015
vt 0.291449 0.854201
vt 0.247831 0.906803
vt 0.271794 0.831176
vt 0.264186 0.833611
vt 0.281415 0.834929
vt 0.271331 0.968330
vt 0.263201 0.965979
vt 0.292425 0.866687
vt 0.623685 0.000000
vt 0.267217 0.609376
vt 0.251078 0.613017
vt 0.520081 0.332831
vt 0.981651 0.642486
vt 0.975841 0.651212
vt 0.979771 0.626210
vt 0.290651 0.884262
vt 0.225313 0.701385
vt 0.234035 0.693164
vt 0.234002 0.702623
vt 0.224489 0.691300
vt 0.281312 0.968053
vt 0.628651 0.324468
vt 0.226072 0.710775
vt 0.233848 0.712539
vt 0.235356 0.682294
vt 0.222863 0.684476
vt 0.970542 0.658840
vt 0.960813 0.660957
vt 0.354113 0.627352
vt 0.285210 0.609939
vt 0.193365 0.461663
vt 0.202894 0.461872
vt 0.210699 0.440667
vt 0.211642 0.462145
vt 0.209848 0.433301
vt 0.208669 0.429681
vt 0.981651 0.613426
vt 0.504915 0.348912
vt 0.975888 0.592949
vt 0.569140 0.299754
vt 0.258125 0.595788
vt 0.958046 0.587700
vt 0.971210 0.873713
vt 0.971210 0.879941
vt 0.962412 0.882172
vt 0.960004 0.876091
vt 0.968677 0.883979
vt 0.685857 0.872568
vt 0.689320 0.866630
vt 0.702166 0.870948
vt 0.702166 0.876257
vt 0.882916 0.211616
vt 0.883822 0.217710
vt 0.867265 0.216855
vt 0.869400 0.211439
vt 0.261603 0.982431
vt 0.255691 0.975914
vt 0.255796 0.975134
vt 0.261603 0.968330
vt 0.871207 0.969802
vt 0.871207 0.983913
vt 0.867759 0.982538
vt 0.690963 0.861993
vt 0.699911 0.861486
vt 0.254051 0.979328
vt 0.254240 0.979764
vt 0.960721 0.870610
vt 0.969740 0.869099
vt 0.966113 0.866448
vt 0.698840 0.880206
vt 0.684999 0.878659
vt 0.881994 0.223841
vt 0.868560 0.222519
vt 0.872965 0.230445
vt 0.872211 0.230223
vt 0.881409 0.228086
vt 0.300443 0.968330
vt 0.300443 0.981272
vt 0.296213 0.973375
vt 0.691224 0.885669
vt 0.868448 0.230445
vt 0.868123 0.230081
vt 0.168338 0.794681
vt 0.180929 0.470146
vt 0.440406 0.780350
vt 0.461422 0.779334
vt 0.458290 0.789458
vt 0.041945 0.919680
vt 0.042460 0.917392
vt 0.042356 0.919826
vt 0.063570 0.939450
vt 0.056890 0.944186
vt 0.052043 0.934215
vt 0.458307 0.759751
vt 0.458552 0.767831
vt 0.456924 0.762012
vt 0.369156 0.759660
vt 0.371706 0.760724
vt 0.368580 0.761570
vt 0.544202 0.944985
vt 0.530593 0.946168
vt 0.534357 0.941902
vt 0.794132 0.832761
vt 0.789666 0.825476
vt 0.797610 0.822334
vt 0.517528 0.936198
vt 0.522391 0.946708
vt 0.517627 0.942360
vt 0.554328 0.889734
vt 0.547251 0.889878
vt 0.554236 0.884482
vt 0.385637 0.752303
vt 0.380042 0.750699
vt 0.376192 0.746505
vt 0.658016 0.779717
vt 0.651593 0.765536
vt 0.667770 0.770058
vt 0.854726 0.641757
vt 0.851730 0.654237
vt 0.843069 0.651433
vt 0.829465 0.776354
vt 0.838671 0.785749
vt 0.832845 0.791420
vt 0.224966 0.954446
vt 0.222262 0.943518
vt 0.225320 0.944551
vt 0.393482 0.783693
vt 0.397230 0.783208
vt 0.394075 0.785485
vt 0.382838 0.762386
vt 0.387827 0.757016
vt 0.390924 0.763396
vt 0.819391 0.843447
vt 0.824650 0.846652
vt 0.824603 0.846906
vt 0.817228 0.849087
vt 0.428099 0.737747
vt 0.426751 0.747738
vt 0.420821 0.741888
vt 0.660385 0.692437
vt 0.671192 0.703050
vt 0.662187 0.702288
vt 0.834820 0.667321
vt 0.849765 0.657682
vt 0.846991 0.664529
vt 0.107736 0.965905
vt 0.108909 0.972164
vt 0.107321 0.973854
vt 0.386194 0.726110
vt 0.378252 0.722431
vt 0.387033 0.722824
vt 0.454774 0.777704
vt 0.456441 0.775812
vt 0.608252 0.818805
vt 0.607448 0.817425
vt 0.610865 0.817335
vt 0.445004 0.713615
vt 0.439385 0.711486
vt 0.445584 0.706480
vt 0.705466 0.824297
vt 0.705966 0.829176
vt 0.705212 0.829709
vt 0.428815 0.710524
vt 0.425901 0.714287
vt 0.419854 0.700003
vt 0.803621 0.805478
vt 0.799324 0.812494
vt 0.796230 0.803702
vt 0.102176 0.981573
vt 0.101082 0.979937
vt 0.102164 0.976862
vt 0.553310 0.910414
vt 0.547521 0.908838
vt 0.554332 0.906134
vt 0.643250 0.751270
vt 0.634991 0.738891
vt 0.647966 0.734504
vt 0.499842 0.806180
vt 0.502098 0.798953
vt 0.502931 0.801127
vt 0.504267 0.731772
vt 0.504268 0.735196
vt 0.502958 0.733790
vt 0.469999 0.679639
vt 0.463443 0.688950
vt 0.466483 0.677875
vt 0.768034 0.962798
vt 0.766505 0.966502
vt 0.763897 0.966051
vt 0.511185 0.897526
vt 0.522043 0.900092
vt 0.510894 0.911505
vt 0.451183 0.771181
vt 0.453076 0.770010
vt 0.452428 0.771793
vt 0.014857 0.952922
vt 0.022257 0.949902
vt 0.021821 0.958050
vt 0.656999 0.731248
vt 0.663512 0.728752
vt 0.659007 0.732863
vt 0.969494 0.197190
vt 0.972924 0.198384
vt 0.971478 0.204899
vt 0.975389 0.208366
vt 0.973200 0.201836
vt 0.251769 0.977634
vt 0.247699 0.976779
vt 0.249498 0.973472
vt 0.642410 0.730410
vt 0.423612 0.725903
vt 0.423668 0.733011
vt 0.411806 0.723934
vt 0.218936 0.965485
vt 0.224183 0.967443
vt 0.219784 0.969443
vt 0.440617 0.733160
vt 0.442624 0.743549
vt 0.437670 0.740076
vt 0.962345 0.183967
vt 0.960765 0.184877
vt 0.960900 0.183509
vt 0.782408 0.775741
vt 0.782966 0.768654
vt 0.788046 0.770639
vt 0.457605 0.773015
vt 0.457563 0.769568
vt 0.399156 0.794990
vt 0.400279 0.791268
vt 0.404955 0.791929
vt 0.673096 0.721579
vt 0.677901 0.731039
vt 0.672508 0.729345
vt 0.830067 0.682805
vt 0.829952 0.679240
vt 0.831536 0.678842
vt 0.832877 0.681748
vt 0.795483 0.771567
vt 0.792573 0.776357
vt 0.443773 0.728084
vt 0.453529 0.735691
vt 0.547905 0.912262
vt 0.532841 0.908176
vt 0.533528 0.901778
vt 0.541346 0.909656
vt 0.385612 0.772109
vt 0.386563 0.775978
vt 0.380410 0.774511
vt 0.551598 0.942488
vt 0.552792 0.943896
vt 0.551402 0.943512
vt 0.832359 0.839220
vt 0.835001 0.827447
vt 0.839773 0.830188
vt 0.245643 0.489020
vt 0.245643 0.494978
vt 0.245168 0.492097
vt 0.828899 0.704764
vt 0.826203 0.734305
vt 0.823465 0.724553
vt 0.501913 0.813340
vt 0.500059 0.812321
vt 0.500064 0.812023
vt 0.501350 0.811926
vt 0.739290 0.973679
vt 0.737422 0.972471
vt 0.740943 0.967939
vt 0.974093 0.677189
vt 0.971416 0.677632
vt 0.971113 0.673148
vt 0.406039 0.732356
vt 0.418483 0.736273
vt 0.406836 0.744375
vt 0.810079 0.831945
vt 0.818366 0.840048
vt 0.811164 0.843477
vt 0.669293 0.691328
vt 0.684079 0.696535
vt 0.689674 0.709964
vt 0.682612 0.704059
vt 0.108159 0.977534
vt 0.959410 0.180744
vt 0.958648 0.179412
vt 0.961563 0.178810
vt 0.775074 0.983535
vt 0.774770 0.986301
vt 0.772568 0.984288
vt 0.197683 0.952487
vt 0.194193 0.958531
vt 0.187859 0.956809
vt 0.826762 0.797142
vt 0.836571 0.800034
vt 0.832186 0.805422
vt 0.373701 0.747262
vt 0.557098 0.894836
vt 0.557073 0.892972
vt 0.558777 0.895028
vt 0.245746 0.754895
vt 0.244421 0.754284
vt 0.245746 0.751821
vt 0.552807 0.940314
vt 0.553312 0.936695
vt 0.553437 0.936293
vt 0.554625 0.939261
vt 0.823295 0.797561
vt 0.824339 0.802404
vt 0.819682 0.797561
vt 0.654040 0.731232
vt 0.775945 0.965627
vt 0.780061 0.963098
vt 0.780230 0.966022
vt 0.230113 0.788838
vt 0.230875 0.791771
vt 0.226716 0.793404
vt 0.535494 0.932467
vt 0.539268 0.936865
vt 0.535446 0.935740
vt 0.440349 0.798848
vt 0.428407 0.802532
vt 0.421395 0.786437
vt 0.529360 0.931998
vt 0.529636 0.927659
vt 0.539692 0.931206
vt 0.824842 0.804938
vt 0.825184 0.807091
vt 0.823275 0.810686
vt 0.817391 0.806297
vt 0.419133 0.775514
vt 0.411979 0.786882
vt 0.525316 0.888820
vt 0.514095 0.892190
vt 0.532749 0.897249
vt 0.538004 0.913796
vt 0.546224 0.916360
vt 0.510913 0.889203
vt 0.522990 0.881084
vt 0.677171 0.713444
vt 0.394094 0.719965
vt 0.388133 0.781023
vt 0.382817 0.782524
vt 0.386452 0.778366
vt 0.044308 0.928601
vt 0.049553 0.923487
vt 0.220551 0.954833
vt 0.222415 0.964710
vt 0.785710 0.794719
vt 0.788794 0.801758
vt 0.784493 0.801536
vt 0.525000 0.928518
vt 0.521331 0.923772
vt 0.526483 0.922889
vt 0.373511 0.762569
vt 0.375104 0.760234
vt 0.885094 0.224285
vt 0.890269 0.221426
vt 0.892268 0.224286
vt 0.226969 0.954504
vt 0.241579 0.551923
vt 0.245277 0.551334
vt 0.245205 0.569201
vt 0.444398 0.746821
vt 0.455967 0.749084
vt 0.109746 0.972888
vt 0.109517 0.983097
vt 0.245746 0.429692
vt 0.245765 0.429681
vt 0.245765 0.430047
vt 0.777573 0.959836
vt 0.775834 0.962992
vt 0.772754 0.963490
vt 0.680721 0.806062
vt 0.673731 0.795446
vt 0.678705 0.797003
vt 0.008748 0.934613
vt 0.015931 0.931103
vt 0.018266 0.941882
vt 0.552079 0.918330
vt 0.550746 0.915269
vt 0.553425 0.915147
vt 0.450890 0.766118
vt 0.451258 0.768911
vt 0.449899 0.767549
vt 0.751861 0.313550
vt 0.754039 0.311949
vt 0.753920 0.315882
vt 0.435804 0.728517
vt 0.440246 0.724907
vt 0.406597 0.814933
vt 0.396416 0.803364
vt 0.402826 0.801899
vt 0.787856 0.776234
vt 0.791205 0.789295
vt 0.558275 0.928076
vt 0.558309 0.927986
vt 0.560914 0.924136
vt 0.560795 0.926914
vt 0.059332 0.949078
vt 0.058452 0.955494
vt 0.053777 0.955425
vt 0.386333 0.791078
vt 0.384195 0.785425
vt 0.393184 0.789544
vt 0.375499 0.735138
vt 0.377605 0.739546
vt 0.375185 0.738186
vt 0.800221 0.848236
vt 0.795222 0.841649
vt 0.800125 0.835010
vt 0.698071 0.711251
vt 0.694852 0.699450
vt 0.700655 0.701535
vt 0.667578 0.799645
vt 0.663350 0.800812
vt 0.662202 0.793745
vt 0.206297 0.961970
vt 0.211039 0.954798
vt 0.216538 0.956426
vt 0.445866 0.757414
vt 0.448093 0.759498
vt 0.444396 0.762813
vt 0.798105 0.788149
vt 0.800796 0.797900
vt 0.796197 0.797141
vt 0.543392 0.935631
vt 0.418967 0.809675
vt 0.412231 0.802872
vt 0.414023 0.794995
vt 0.014272 0.979959
vt 0.019656 0.983783
vt 0.015775 0.989281
vt 0.664838 0.740086
vt 0.661216 0.735274
vt 0.672521 0.746404
vt 0.804944 0.848121
vt 0.861964 0.353540
vt 0.861944 0.351592
vt 0.864471 0.351416
vt 0.030042 0.930360
vt 0.034648 0.920875
vt 0.039147 0.927697
vt 0.390164 0.777757
vt 0.391577 0.779067
vt 0.390181 0.779564
vt 0.703788 0.835952
vt 0.700655 0.838892
vt 0.700950 0.834589
vt 0.550710 0.877523
vt 0.551658 0.880676
vt 0.542710 0.880102
vt 0.807438 0.743499
vt 0.805203 0.735548
vt 0.814537 0.737097
vt 0.402627 0.768907
vt 0.413079 0.776027
vt 0.404393 0.774564
vt 0.108487 0.835666
vt 0.104203 0.829328
vt 0.108487 0.809502
vt 0.828958 0.743687
vt 0.826033 0.746002
vt 0.830808 0.721115
vt 0.703557 0.820311
vt 0.701545 0.824716
vt 0.702250 0.821276
vt 0.682180 0.721149
vt 0.684736 0.731359
vt 0.678432 0.723558
vt 0.975332 0.486449
vt 0.976473 0.489612
vt 0.974063 0.491832
vt 0.438381 0.811685
vt 0.439842 0.814605
vt 0.426258 0.814595
vt 0.239688 0.777164
vt 0.241033 0.769934
vt 0.242119 0.773597
vt 0.379840 0.765354
vt 0.377727 0.770701
vt 0.459924 0.771476
vt 0.460035 0.773762
vt 0.841334 0.795502
vt 0.841970 0.803209
vt 0.211805 0.948461
vt 0.208221 0.953525
vt 0.211598 0.945722
vt 0.242569 0.574432
vt 0.245277 0.576520
vt 0.035991 0.985503
vt 0.038647 0.981298
vt 0.042961 0.987866
vt 0.407355 0.705911
vt 0.411161 0.710233
vt 0.407286 0.709514
vt 0.975157 0.671490
vt 0.972347 0.666339
vt 0.976235 0.668927
vt 0.666518 0.790185
vt 0.670816 0.794707
vt 0.552112 0.934216
vt 0.548603 0.934296
vt 0.556171 0.926476
vt 0.556370 0.912027
vt 0.556710 0.909128
vt 0.556948 0.909003
vt 0.559404 0.913552
vt 0.552917 0.912938
vt 0.551360 0.944165
vt 0.551406 0.944814
vt 0.682214 0.790614
vt 0.681439 0.784924
vt 0.687779 0.797280
vt 0.702725 0.824034
vt 0.705689 0.820285
vt 0.631134 0.695030
vt 0.640488 0.690368
vt 0.642822 0.694144
vt 0.847299 0.357477
vt 0.843340 0.357477
vt 0.845045 0.354568
vt 0.048131 0.971218
vt 0.043003 0.973084
vt 0.812359 0.725210
vt 0.819545 0.720658
vt 0.819413 0.721639
vt 0.816932 0.730889
vt 0.440953 0.691059
vt 0.449036 0.694953
vt 0.447728 0.700781
vt 0.531404 0.942649
vt 0.977479 0.491061
vt 0.245505 0.442397
vt 0.245746 0.429681
vt 0.245746 0.445518
vt 0.418976 0.756086
vt 0.407318 0.763147
vt 0.405781 0.751581
vt 0.835190 0.814497
vt 0.828062 0.810403
vt 0.555515 0.894719
vt 0.554499 0.897302
vt 0.551169 0.898038
vt 0.898008 0.970760
vt 0.898008 0.980415
vt 0.894401 0.977438
vt 0.107908 0.984864
vt 0.105684 0.981835
vt 0.105297 0.978515
vt 0.543635 0.920212
vt 0.534570 0.919966
vt 0.199015 0.959427
vt 0.195789 0.968498
vt 0.546676 0.942622
vt 0.550156 0.943646
vt 0.641316 0.711503
vt 0.625423 0.725544
vt 0.629948 0.708909
vt 0.542314 0.888735
vt 0.549648 0.884110
vt 0.543021 0.895326
vt 0.547654 0.897913
vt 0.710872 0.346652
vt 0.713186 0.343755
vt 0.713186 0.349174
vt 0.548201 0.960744
vt 0.549654 0.955879
vt 0.553111 0.960191
vt 0.213045 0.935006
vt 0.209706 0.931019
vt 0.214716 0.922762
vt 0.546895 0.923739
vt 0.547827 0.920494
vt 0.550993 0.924397
vt 0.887331 0.979595
vt 0.888569 0.974964
vt 0.888802 0.980024
vt 0.243021 0.785354
vt 0.244479 0.787387
vt 0.241306 0.787666
vt 0.890605 0.970760
vt 0.890605 0.973985
vt 0.887297 0.972005
vt 0.823743 0.351613
vt 0.826801 0.356936
vt 0.824186 0.356296
vt 0.678634 0.751732
vt 0.669512 0.760823
vt 0.674826 0.750768
vt 0.402295 0.780253
vt 0.789732 0.756209
vt 0.788529 0.747499
vt 0.794540 0.752848
vt 0.611511 0.720742
vt 0.618170 0.717463
vt 0.617349 0.725672
vt 0.026485 0.970190
vt 0.027093 0.979273
vt 0.398732 0.784256
vt 0.381839 0.716436
vt 0.379835 0.719271
vt 0.377377 0.717386
vt 0.665141 0.757939
vt 0.656972 0.760591
vt 0.663885 0.755132
vt 0.556990 0.890033
vt 0.557524 0.887705
vt 0.559716 0.890245
vt 0.682698 0.744497
vt 0.684888 0.749763
vt 0.400869 0.754370
vt 0.401901 0.763623
vt 0.394609 0.759633
vt 0.446149 0.771086
vt 0.445524 0.775631
vt 0.800893 0.770343
vt 0.805359 0.765146
vt 0.806306 0.770441
vt 0.537310 0.925694
vt 0.781210 0.818284
vt 0.785006 0.816094
vt 0.796896 0.778239
vt 0.055962 0.926686
vt 0.048651 0.915937
vt 0.055752 0.920155
vt 0.414723 0.706276
vt 0.556127 0.913713
vt 0.976868 0.486296
vt 0.801342 0.853127
vt 0.793913 0.853281
vt 0.433186 0.736889
vt 0.434031 0.746630
vt 0.439585 0.703200
vt 0.435505 0.713044
vt 0.428707 0.731289
vt 0.804184 0.823751
vt 0.810012 0.823368
vt 0.453559 0.774600
vt 0.451276 0.772422
vt 0.823164 0.852590
vt 0.386111 0.744079
vt 0.385444 0.746164
vt 0.383200 0.744561
vt 0.379072 0.756401
vt 0.377069 0.756462
vt 0.379872 0.753872
vt 0.451280 0.759184
vt 0.448106 0.758543
vt 0.448287 0.756360
vt 0.777034 0.721068
vt 0.780600 0.735777
vt 0.777569 0.731584
vt 0.244077 0.766737
vt 0.243788 0.763309
vt 0.245783 0.764169
vt 0.223308 0.952202
vt 0.224010 0.954579
vt 0.223099 0.954541
vt 0.421270 0.669599
vt 0.416739 0.668184
vt 0.420403 0.642303
vt 0.425671 0.643588
vt 0.621642 0.745968
vt 0.614721 0.744071
vt 0.618650 0.736816
vt 0.556497 0.908960
vt 0.556975 0.908386
vt 0.420237 0.684738
vt 0.424351 0.679788
vt 0.396274 0.794973
vt 0.554469 0.876427
vt 0.555007 0.879946
vt 0.804390 0.777838
vt 0.501037 0.729144
vt 0.499472 0.725734
vt 0.500023 0.724130
vt 0.028214 0.915330
vt 0.027225 0.921650
vt 0.201069 0.968698
vt 0.690479 0.723006
vt 0.784384 0.962351
vt 0.780334 0.961038
vt 0.781761 0.968096
vt 0.780116 0.968007
vt 0.781256 0.959164
vt 0.615817 0.749723
vt 0.423521 0.696768
vt 0.413088 0.691663
vt 0.418297 0.689868
vt 0.369615 0.767394
vt 0.546304 0.901569
vt 0.549643 0.901827
vt 0.808556 0.854102
vt 0.649709 0.705018
vt 0.652295 0.712245
vt 0.225165 0.963741
vt 0.076360 0.982343
vt 0.073244 0.979208
vt 0.074998 0.975909
vt 0.502968 0.768741
vt 0.504682 0.766160
vt 0.504682 0.770915
vt 0.073137 0.974608
vt 0.074340 0.973433
vt 0.375873 0.721055
vt 0.809724 0.792788
vt 0.514369 0.952023
vt 0.518143 0.947115
vt 0.523359 0.950630
vt 0.871207 0.979198
vt 0.875707 0.969802
vt 0.875707 0.980410
vt 0.886658 0.220224
vt 0.887218 0.223129
vt 0.883822 0.221232
vt 0.787981 0.726623
vt 0.786096 0.739025
vt 0.776806 0.835328
vt 0.782236 0.826058
vt 0.780700 0.840028
vt 0.036988 0.933704
vt 0.527469 0.939581
vt 0.528825 0.935474
vt 0.532721 0.938109
vt 0.703652 0.860747
vt 0.700655 0.857934
vt 0.703652 0.855495
vt 0.706274 0.857815
vt 0.703652 0.858964
vt 0.703983 0.855853
vt 0.461535 0.692145
vt 0.455240 0.698148
vt 0.458444 0.691133
vt 0.816069 0.735261
vt 0.815807 0.737247
vt 0.555431 0.922703
vt 0.552042 0.920935
vt 0.377512 0.762641
vt 0.374955 0.765856
vt 0.755329 0.214650
vt 0.755562 0.221169
vt 0.754218 0.222564
vt 0.441930 0.752660
vt 0.444172 0.755289
vt 0.440524 0.756845
vt 0.690116 0.741449
vt 0.551118 0.949163
vt 0.555695 0.949132
vt 0.409885 0.796607
vt 0.962938 0.180892
vt 0.965543 0.178500
vt 0.559788 0.953034
vt 0.561946 0.951449
vt 0.564051 0.955391
vt 0.974057 0.189940
vt 0.975707 0.192165
vt 0.973591 0.194416
vt 0.209626 0.964889
vt 0.212970 0.970295
vt 0.449378 0.772309
vt 0.451984 0.775688
vt 0.450349 0.775210
vt 0.741812 0.969048
vt 0.743243 0.965829
vt 0.742910 0.970393
vt 0.740794 0.963655
vt 0.742471 0.964440
vt 0.826001 0.833764
vt 0.825975 0.829900
vt 0.826261 0.830116
vt 0.840412 0.892507
vt 0.837131 0.897192
vt 0.837561 0.892550
vt 0.546599 0.948270
vt 0.541773 0.951327
vt 0.545699 0.954363
vt 0.535191 0.952657
vt 0.528518 0.948688
vt 0.539173 0.949292
vt 0.389221 0.795089
vt 0.394281 0.792513
vt 0.394087 0.782191
vt 0.521740 0.907070
vt 0.249684 0.979413
vt 0.458325 0.774952
vt 0.193644 0.986960
vt 0.193716 0.978333
vt 0.198181 0.982289
vt 0.449269 0.676005
vt 0.442564 0.682819
vt 0.429458 0.670834
vt 0.220820 0.944054
vt 0.393436 0.751977
vt 0.394124 0.745284
vt 0.205935 0.948865
vt 0.204003 0.956219
vt 0.201229 0.955440
vt 0.404429 0.703552
vt 0.401737 0.706317
vt 0.245552 0.715639
vt 0.245552 0.723006
vt 0.243899 0.720430
vt 0.551974 0.940307
vt 0.397765 0.767446
vt 0.406923 0.700438
vt 0.405122 0.699242
vt 0.428594 0.810783
vt 0.543776 0.938260
vt 0.539594 0.938908
vt 0.535920 0.979026
vt 0.529352 0.975339
vt 0.538458 0.975495
vt 0.108579 0.858687
vt 0.107560 0.859154
vt 0.106603 0.856901
vt 0.051429 0.963238
vt 0.053601 0.968090
vt 0.451548 0.753670
vt 0.452440 0.755327
vt 0.447695 0.755283
vt 0.029879 0.937876
vt 0.025412 0.944020
vt 0.022383 0.938140
vt 0.501664 0.734300
vt 0.499472 0.735383
vt 0.499655 0.732570
vt 0.501664 0.731772
vt 0.225291 0.931179
vt 0.224684 0.937238
vt 0.222128 0.930875
vt 0.109746 0.988961
vt 0.192899 0.941344
vt 0.178665 0.948909
vt 0.175311 0.935077
vt 0.424457 0.716286
vt 0.818318 0.701776
vt 0.821350 0.702686
vt 0.819738 0.720447
vt 0.423350 0.805649
vt 0.778090 0.967675
vt 0.394846 0.725947
vt 0.447844 0.775388
vt 0.452308 0.776979
vt 0.783259 0.854495
vt 0.785876 0.843974
vt 0.790114 0.854742
vt 0.674566 0.783339
vt 0.680818 0.779694
vt 0.541801 0.903403
vt 0.544335 0.902101
vt 0.551142 0.904757
vt 0.561230 0.916262
vt 0.561194 0.919880
vt 0.560189 0.919099
vt 0.886296 0.972853
vt 0.812543 0.774326
vt 0.378829 0.760141
vt 0.376844 0.758358
vt 0.395675 0.740743
vt 0.387086 0.731276
vt 0.392764 0.731143
vt 0.220684 0.943641
vt 0.824800 0.769346
vt 0.828275 0.768723
vt 0.264577 0.975099
vt 0.268228 0.968330
vt 0.270571 0.979376
vt 0.045024 0.935112
vt 0.050478 0.941485
vt 0.815917 0.815638
vt 0.675075 0.768842
vt 0.245803 0.466101
vt 0.245803 0.469929
vt 0.244858 0.467106
vt 0.503053 0.757437
vt 0.504770 0.761181
vt 0.502968 0.760710
vt 0.524531 0.942864
vt 0.525842 0.940460
vt 0.455452 0.769689
vt 0.526327 0.950950
vt 0.528802 0.960914
vt 0.521661 0.958379
vt 0.241742 0.777722
vt 0.242003 0.782758
vt 0.522454 0.936002
vt 0.513792 0.935077
vt 0.671257 0.801633
vt 0.675498 0.810109
vt 0.465691 0.785152
vt 0.461993 0.795078
vt 0.664313 0.740932
vt 0.666619 0.745206
vt 0.711975 0.351357
vt 0.548356 0.914815
vt 0.793063 0.766740
vt 0.036449 0.942167
vt 0.027020 0.949389
vt 0.221150 0.919293
vt 0.212781 0.901518
vt 0.218205 0.901069
vt 0.782544 0.723095
vt 0.801945 0.747427
vt 0.822101 0.742631
vt 0.816748 0.736966
vt 0.036350 0.913782
vt 0.381249 0.761985
vt 0.381119 0.758125
vt 0.805302 0.836088
vt 0.541703 0.940669
vt 0.775143 0.979819
vt 0.777265 0.984674
vt 0.714202 0.353413
vt 0.716776 0.353643
vt 0.716207 0.355400
vt 0.549190 0.916428
vt 0.548971 0.918236
vt 0.546824 0.917901
vt 0.012727 0.943001
vt 0.005206 0.940899
vt 0.543070 0.883384
vt 0.532980 0.935084
vt 0.537669 0.877352
vt 0.773286 0.718844
vt 0.774279 0.727994
vt 0.795424 0.758386
vt 0.797791 0.760411
vt 0.795602 0.763720
vt 0.455824 0.765283
vt 0.646272 0.769975
vt 0.642620 0.773511
vt 0.641131 0.764252
vt 0.892308 0.221550
vt 0.891514 0.218513
vt 0.461993 0.677841
vt 0.243286 0.593699
vt 0.243286 0.597157
vt 0.241579 0.596903
vt 0.798707 0.745477
vt 0.803264 0.722745
vt 0.550029 0.930011
vt 0.542751 0.930947
vt 0.843277 0.683597
vt 0.853426 0.676914
vt 0.860473 0.678280
vt 0.382473 0.778423
vt 0.543912 0.959319
vt 0.528382 0.934713
vt 0.702513 0.830024
vt 0.455413 0.753716
vt 0.459876 0.759606
vt 0.560345 0.903000
vt 0.558876 0.901898
vt 0.562251 0.903022
vt 0.376094 0.744707
vt 0.108455 0.962942
vt 0.109024 0.967240
vt 0.065888 0.958053
vt 0.058702 0.960605
vt 0.390256 0.713145
vt 0.387176 0.717750
vt 0.792159 0.723017
vt 0.791181 0.739328
vt 0.547272 0.938503
vt 0.655067 0.782882
vt 0.036318 0.951577
vt 0.681985 0.691295
vt 0.676250 0.687014
vt 0.680262 0.684314
vt 0.864399 0.356351
vt 0.675947 0.699160
vt 0.039736 0.943765
vt 0.038926 0.949111
vt 0.684856 0.713196
vt 0.647969 0.760973
vt 0.652654 0.762204
vt 0.693423 0.707974
vt 0.688139 0.695851
vt 0.430416 0.717483
vt 0.433235 0.703207
vt 0.859385 0.640993
vt 0.857408 0.641005
vt 0.860802 0.635936
vt 0.375486 0.751202
vt 0.645700 0.753590
vt 0.648450 0.747350
vt 0.560505 0.959784
vt 0.685836 0.772331
vt 0.681580 0.772094
vt 0.690271 0.764585
vt 0.809782 0.801619
vt 0.812159 0.808801
vt 0.010222 0.984335
vt 0.182186 0.961301
vt 0.184405 0.966931
vt 0.180069 0.963289
vt 0.456230 0.749872
vt 0.448750 0.748659
vt 0.447430 0.747240
vt 0.655149 0.700863
vt 0.656718 0.707100
vt 0.453921 0.754844
vt 0.425600 0.667747
vt 0.072718 0.969889
vt 0.076288 0.970777
vt 0.074233 0.972133
vt 0.755821 0.249464
vt 0.754218 0.249269
vt 0.755821 0.246982
vt 0.441604 0.748969
vt 0.439936 0.752423
vt 0.440659 0.748861
vt 0.396262 0.778995
vt 0.392962 0.777905
vt 0.396445 0.778400
vt 0.536781 0.957536
vt 0.543252 0.901090
vt 0.541756 0.901455
vt 0.538223 0.899133
vt 0.556306 0.902269
vt 0.557906 0.904105
vt 0.245555 0.445612
vt 0.245644 0.445567
vt 0.245746 0.445756
vt 0.438002 0.759335
vt 0.448549 0.762130
vt 0.851001 0.978063
vt 0.853106 0.969802
vt 0.853106 0.981170
vt 0.791448 0.795877
vt 0.525374 0.909883
vt 0.780508 0.970504
vt 0.779225 0.970164
vt 0.017107 0.948250
vt 0.549440 0.938769
vt 0.553530 0.936081
vt 0.238966 0.781286
vt 0.240278 0.770645
vt 0.770002 0.969380
vt 0.769330 0.975929
vt 0.769018 0.969989
vt 0.190535 0.969100
vt 0.557891 0.906371
vt 0.558151 0.904265
vt 0.558434 0.904155
vt 0.561493 0.906812
vt 0.181349 0.931656
vt 0.201849 0.961735
vt 0.218940 0.931504
vt 0.446654 0.752298
vt 0.245746 0.499220
vt 0.245168 0.497350
vt 0.245746 0.494978
vt 0.706655 0.860566
vt 0.105118 0.858232
vt 0.429411 0.682742
vt 0.428926 0.687890
vt 0.835710 0.677110
vt 0.706525 0.819713
vt 0.558808 0.915657
vt 0.389322 0.768219
vt 0.975380 0.494616
vt 0.974693 0.495931
vt 0.030129 0.959834
vt 0.022084 0.966654
vt 0.782897 0.965529
vt 0.063255 0.951854
vt 0.429129 0.694448
vt 0.434155 0.693251
vt 0.411686 0.779969
vt 0.466038 0.760027
vt 0.468744 0.777151
vt 0.020871 0.922871
vt 0.012209 0.926405
vt 0.014826 0.922047
vt 0.200285 0.932583
vt 0.199047 0.943323
vt 0.194417 0.930480
vt 0.413594 0.811078
vt 0.970009 0.193456
vt 0.042785 0.919827
vt 0.438782 0.751766
vt 0.674143 0.831902
vt 0.679438 0.828799
vt 0.679234 0.858247
vt 0.673821 0.859919
vt 0.105674 0.861803
vt 0.104203 0.860420
vt 0.105761 0.860763
vt 0.791520 0.846984
vt 0.850420 0.670657
vt 0.844595 0.673304
vt 0.426970 0.696679
vt 0.428211 0.703554
vt 0.970574 0.678507
vt 0.623460 0.737144
vt 0.783236 0.750895
vt 0.783979 0.757449
vt 0.781094 0.756117
vt 0.833028 0.821529
vt 0.828577 0.820140
vt 0.668120 0.819198
vt 0.671534 0.816576
vt 0.671472 0.831686
vt 0.854582 0.665432
vt 0.851079 0.665767
vt 0.853166 0.660559
vt 0.693181 0.746241
vt 0.689449 0.747778
vt 0.696194 0.738447
vt 0.367221 0.764766
vt 0.369611 0.764110
vt 0.736324 0.980405
vt 0.736789 0.971638
vt 0.424103 0.691430
vt 0.426164 0.690767
vt 0.640482 0.778892
vt 0.637557 0.773251
vt 0.788696 0.761380
vt 0.972665 0.183156
vt 0.973653 0.184012
vt 0.971266 0.185762
vt 0.452468 0.759723
vt 0.450501 0.763002
vt 0.422105 0.717641
vt 0.407398 0.718064
vt 0.104296 0.858149
vt 0.677808 0.745325
vt 0.790975 0.814897
vt 0.229589 0.947549
vt 0.229714 0.944794
vt 0.232178 0.952298
vt 0.400147 0.708476
vt 0.504867 0.676115
vt 0.503886 0.673544
vt 0.504867 0.672540
vt 0.550138 0.954347
vt 0.550489 0.952739
vt 0.554461 0.955193
vt 0.977668 0.496239
vt 0.425060 0.759690
vt 0.431681 0.772756
vt 0.415793 0.766842
vt 0.785726 0.765599
vt 0.678381 0.808690
vt 0.685589 0.822928
vt 0.380241 0.782842
vt 0.558043 0.885254
vt 0.061079 0.929916
vt 0.556332 0.914401
vt 0.452563 0.751804
vt 0.449818 0.750759
vt 0.452411 0.797138
vt 0.456535 0.801416
vt 0.449410 0.804222
vt 0.812167 0.782696
vt 0.558133 0.904165
vt 0.686999 0.689016
vt 0.692468 0.687562
vt 0.695995 0.692579
vt 0.820914 0.789108
vt 0.815650 0.738700
vt 0.815126 0.748531
vt 0.808568 0.750753
vt 0.195436 0.946898
vt 0.184225 0.948143
vt 0.856400 0.653879
vt 0.814884 0.757927
vt 0.814902 0.757404
vt 0.815529 0.757858
vt 0.821320 0.758116
vt 0.820419 0.750052
vt 0.676543 0.788123
vt 0.610265 0.822395
vt 0.607096 0.821643
vt 0.839602 0.675506
vt 0.833649 0.670665
vt 0.504902 0.428378
vt 0.504210 0.426823
vt 0.504902 0.426377
vt 0.699493 0.728710
vt 0.692922 0.732385
vt 0.812591 0.765707
vt 0.816074 0.768612
vt 0.816873 0.773367
vt 0.376383 0.760355
vt 0.407190 0.768974
vt 0.003089 0.978985
vt 0.006643 0.971823
vt 0.220680 0.940291
vt 0.245783 0.788102
vt 0.245782 0.789954
vt 0.386848 0.712810
vt 0.658762 0.719276
vt 0.961160 0.182210
vt 0.808056 0.814664
vt 0.052807 0.948820
vt 0.200159 0.975488
vt 0.453872 0.807219
vt 0.000341 0.937383
vt 0.007079 0.933819
vt 0.245709 0.466101
vt 0.244858 0.464339
vt 0.245709 0.461526
vt 0.749175 0.311949
vt 0.750264 0.314043
vt 0.748220 0.312394
vt 0.537020 0.888190
vt 0.535648 0.882900
vt 0.251140 0.972977
vt 0.706655 0.855495
vt 0.460096 0.804749
vt 0.464459 0.799031
vt 0.839962 0.354154
vt 0.843340 0.351416
vt 0.843004 0.355227
vt 0.504770 0.755168
vt 0.800126 0.764423
vt 0.399837 0.781152
vt 0.773905 0.967462
vt 0.771707 0.967087
vt 0.545756 0.970549
vt 0.537905 0.962998
vt 0.545779 0.970468
vt 0.525278 0.937365
vt 0.245168 0.491998
vt 0.244858 0.488048
vt 0.245168 0.481800
vt 0.640260 0.697889
vt 0.839895 0.682686
vt 0.964015 0.181650
vt 0.450104 0.707298
vt 0.454078 0.704321
vt 0.452571 0.710996
vt 0.031808 0.984693
vt 0.032921 0.980188
vt 0.500872 0.810679
vt 0.502217 0.811780
vt 0.042600 0.913736
vt 0.801659 0.757625
vt 0.459681 0.695974
vt 0.214606 0.949657
vt 0.242030 0.524702
vt 0.240720 0.524702
vt 0.241832 0.523124
vt 0.837636 0.661719
vt 0.832421 0.659823
vt 0.454879 0.689000
vt 0.847508 0.354262
vt 0.848344 0.354078
vt 0.847299 0.357335
vt 0.635369 0.777764
vt 0.630655 0.769671
vt 0.674594 0.692302
vt 0.105246 0.965502
vt 0.103555 0.972077
vt 0.103918 0.966277
vt 0.816718 0.828529
vt 0.714587 0.358978
vt 0.713988 0.354548
vt 0.652600 0.775445
vt 0.765334 0.971023
vt 0.767160 0.976574
vt 0.763274 0.976705
vt 0.559931 0.911041
vt 0.103981 0.986978
vt 0.102551 0.990332
vt 0.513633 0.959067
vt 0.514020 0.968303
vt 0.508928 0.966417
vt 0.617700 0.732662
vt 0.460811 0.767922
vt 0.461503 0.763420
vt 0.785178 0.749566
vt 0.965954 0.179619
vt 0.634360 0.763791
vt 0.238966 0.757929
vt 0.244421 0.748822
vt 0.244421 0.763309
vt 0.668285 0.747906
vt 0.817895 0.777843
vt 0.821410 0.773801
vt 0.556654 0.901705
vt 0.557406 0.899836
vt 0.449061 0.716687
vt 0.779176 0.766581
vt 0.389601 0.742218
vt 0.733732 0.979816
vt 0.737764 0.966789
vt 0.435771 0.721742
vt 0.754695 0.315077
vt 0.554421 0.901476
vt 0.555109 0.899523
vt 0.825620 0.781900
vt 0.400320 0.815580
vt 0.807191 0.758952
vt 0.502084 0.804290
vt 0.502227 0.806879
vt 0.502486 0.809169
vt 0.552128 0.903314
vt 0.512619 0.930929
vt 0.816494 0.694579
vt 0.821931 0.694304
vt 0.406370 0.787101
vt 0.544224 0.875588
vt 0.973087 0.210441
vt 0.975923 0.213621
vt 0.385275 0.743348
vt 0.382224 0.743505
vt 0.380744 0.739908
vt 0.380403 0.778428
vt 0.034751 0.972293
vt 0.034398 0.973884
vt 0.057818 0.980790
vt 0.053580 0.975020
vt 0.064304 0.966162
vt 0.005807 0.955912
vt 0.002397 0.951777
vt 0.007308 0.947788
vt 0.033194 0.964783
vt 0.666507 0.707742
vt 0.076343 0.969582
vt 0.859117 0.632860
vt 0.202970 0.980493
vt 0.196922 0.987808
vt 0.030426 0.989916
vt 0.036113 0.992362
vt 0.029611 0.992970
vt 0.466585 0.755036
vt 0.469999 0.760000
vt 0.041581 0.929651
vt 0.041321 0.931945
vt 0.558317 0.880964
vt 0.558059 0.878593
vt 0.561613 0.880572
vt 0.773177 0.964953
vt 0.850082 0.635258
vt 0.849294 0.684157
vt 0.043634 0.962201
vt 0.850632 0.351416
vt 0.850778 0.353487
vt 0.771581 0.963501
vt 0.452275 0.696346
vt 0.244858 0.519176
vt 0.245804 0.518787
vt 0.245804 0.520581
vt 0.836998 0.807332
vt 0.559327 0.924835
vt 0.558374 0.923895
vt 0.559695 0.922893
vt 0.542973 0.977064
vt 0.545726 0.970641
vt 0.548442 0.976441
vt 0.460461 0.767647
vt 0.461681 0.759072
vt 0.253084 0.976741
vt 0.501906 0.728870
vt 0.977668 0.486648
vt 0.530703 0.940691
vt 0.109206 0.989872
vt 0.458097 0.776982
vt 0.035190 0.970188
vt 0.039117 0.965821
vt 0.773197 0.980398
vt 0.770092 0.977055
vt 0.772237 0.972597
vt 0.852507 0.669883
vt 0.222012 0.930928
vt 0.221907 0.931380
vt 0.072015 0.971778
vt 0.557781 0.877042
vt 0.560933 0.877039
vt 0.501070 0.725599
vt 0.504717 0.730384
vt 0.075200 0.982758
vt 0.819671 0.720737
vt 0.227411 0.963626
vt 0.230989 0.967094
vt 0.227586 0.966994
vt 0.226836 0.965038
vt 0.399677 0.772843
vt 0.841486 0.890369
vt 0.504491 0.671285
vt 0.647956 0.688762
vt 0.705579 0.837716
vt 0.551911 0.972555
vt 0.556208 0.964733
vt 0.563212 0.964174
vt 0.813003 0.705705
vt 0.504280 0.798359
vt 0.226248 0.963781
vt 0.224629 0.957412
vt 0.754218 0.239855
vt 0.755715 0.234877
vt 0.755715 0.242292
vt 0.245820 0.975188
vt 0.247961 0.982806
vt 0.409834 0.701272
vt 0.504656 0.443423
vt 0.502861 0.446341
vt 0.502763 0.443542
vt 0.254051 0.978361
vt 0.814204 0.757936
vt 0.681421 0.825884
vt 0.674450 0.819169
vt 0.675086 0.814912
vt 0.221901 0.930887
vt 0.825723 0.811621
vt 0.848396 0.357829
vt 0.850778 0.357374
vt 0.521746 0.979243
vt 0.528113 0.981074
vt 0.814974 0.758961
vt 0.815406 0.764666
vt 0.107274 0.861270
vt 0.108579 0.863183
vt 0.463531 0.773223
vt 0.683108 0.756059
vt 0.261603 0.979376
vt 0.382458 0.731773
vt 0.840232 0.821579
vt 0.840939 0.812719
vt 0.561178 0.919074
vt 0.562212 0.920847
vt 0.559438 0.919462
vt 0.559326 0.919013
vt 0.551276 0.940169
vt 0.027604 0.984033
vt 0.023994 0.990239
vt 0.420388 0.688708
vt 0.461656 0.771234
vt 0.462336 0.768392
vt 0.798131 0.724265
vt 0.241848 0.792408
vt 0.239226 0.793277
vt 0.238966 0.790666
vt 0.014430 0.968160
vt 0.454404 0.759486
vt 0.545742 0.970596
vt 0.537755 0.971214
vt 0.216309 0.945012
vt 0.673938 0.774301
vt 0.671130 0.779776
vt 0.667919 0.777215
vt 0.653335 0.692465
vt 0.654244 0.684542
vt 0.660265 0.690434
vt 0.828207 0.679651
vt 0.072069 0.976310
vt 0.840158 0.897471
vt 0.840670 0.901956
vt 0.829533 0.666575
vt 0.557604 0.899014
vt 0.557596 0.897571
vt 0.560549 0.897875
vt 0.455266 0.750453
vt 0.459508 0.756019
vt 0.453880 0.750686
vt 0.522504 0.918552
vt 0.665116 0.806720
vt 0.668016 0.810977
vt 0.049831 0.953386
vt 0.043315 0.943370
vt 0.782813 0.796083
vt 0.222038 0.930843
vt 0.376019 0.753613
vt 0.969618 0.186992
vt 0.968577 0.191730
vt 0.038229 0.953542
vt 0.738774 0.967233
vt 0.662480 0.712907
vt 0.037629 0.956976
vt 0.037095 0.960032
vt 0.398937 0.787084
vt 0.829913 0.676045
vt 0.828157 0.672269
vt 0.000000 0.974218
vt 0.671000 0.808422
vt 0.002808 0.965912
vt 0.513202 0.942110
vt 0.965011 0.185163
vt 0.962943 0.184139
vt 0.962879 0.182930
vt 0.558119 0.904075
vt 0.431109 0.723239
vt 0.176003 0.910434
vt 0.180317 0.908722
vt 0.220327 0.940542
vt 0.220348 0.940189
vt 0.856647 0.354328
vt 0.858361 0.357651
vt 0.856693 0.358860
vt 0.458317 0.735114
vt 0.468745 0.753139
vt 0.458300 0.745166
vt 0.894311 0.215786
vt 0.886824 0.214012
vt 0.893947 0.211439
vt 0.666369 0.685930
vt 0.825494 0.840442
vt 0.649876 0.734647
vt 0.826598 0.829863
vt 0.231494 0.934061
vt 0.231692 0.941218
vt 0.449122 0.770450
vt 0.449320 0.765859
vt 0.670013 0.788223
vt 0.458157 0.773090
vt 0.392564 0.781066
vt 0.958749 0.185202
vt 0.958692 0.182872
vt 0.959573 0.183136
vt 0.826773 0.676468
vt 0.682984 0.782505
vt 0.686156 0.784548
vt 0.825193 0.357972
vt 0.821866 0.355691
vt 0.706524 0.838012
vt 0.706311 0.824258
vt 0.978594 0.213215
vt 0.827490 0.353636
vt 0.827662 0.358823
vt 0.076234 0.978028
vt 0.608623 0.827182
vt 0.609292 0.823846
vt 0.522146 0.973577
vt 0.678581 0.777221
vt 0.684483 0.778170
vt 0.447511 0.727427
vt 0.500003 0.719145
vt 0.500962 0.714345
vt 0.501315 0.718648
vt 0.245745 0.502581
vt 0.245039 0.501337
vt 0.962547 0.185174
vt 0.786063 0.823562
vt 0.520249 0.929806
vt 0.451007 0.770187
vt 0.077507 0.970297
vt 0.840461 0.356891
vt 0.396371 0.714129
vt 0.667461 0.722255
vt 0.748391 0.315704
vt 0.559671 0.921238
vt 0.248324 0.968941
vt 0.252852 0.968330
vt 0.517388 0.923661
vt 0.814933 0.756741
vt 0.978594 0.183880
vt 0.977429 0.186138
vt 0.550686 0.918448
vt 0.554364 0.919442
vt 0.556828 0.920336
vt 0.175375 0.955832
vt 0.818704 0.781358
vt 0.104871 0.974510
vt 0.740245 0.962798
vt 0.564051 0.917836
vt 0.662663 0.779803
vt 0.645259 0.758546
vt 0.842748 0.644829
vt 0.846488 0.631405
vt 0.834898 0.722090
vt 0.889111 0.218930
vt 0.658338 0.803771
vt 0.653460 0.794340
vt 0.656693 0.795769
vt 0.652072 0.785942
vt 0.241579 0.592203
vt 0.241880 0.576520
vt 0.245239 0.580419
vt 0.974673 0.680736
vt 0.972662 0.680587
vt 0.453855 0.764193
vt 0.771151 0.981735
vt 0.626049 0.705763
vt 0.395536 0.775673
vt 0.395692 0.771329
vt 0.775041 0.967792
vt 0.778832 0.968667
vt 0.684741 0.856506
vt 0.557688 0.906747
vt 0.023354 0.994223
vt 0.409521 0.690068
vt 0.545286 0.919988
vt 0.503931 0.539957
vt 0.503931 0.542606
vt 0.501634 0.539987
vt 0.385186 0.737953
vt 0.818241 0.765373
vt 0.823687 0.764061
vt 0.504656 0.446920
vt 0.389197 0.799061
vt 0.379800 0.726091
vt 0.770150 0.973243
vt 0.975579 0.201481
vt 0.530606 0.915531
vt 0.695731 0.720480
vt 0.699902 0.719790
vt 0.040667 0.952339
vt 0.825209 0.756232
vt 0.415041 0.684702
vt 0.768034 0.979747
vt 0.684780 0.765549
vt 0.688817 0.755989
vt 0.974740 0.674025
vt 0.454748 0.709270
vt 0.202327 0.978834
vt 0.171820 0.943790
vt 0.166628 0.944650
vt 0.511188 0.950366
vt 0.460829 0.756397
vt 0.463158 0.762509
vt 0.505058 0.972401
vt 0.511330 0.975016
vt 0.773784 0.972663
vt 0.824755 0.701395
vt 0.827025 0.693816
vt 0.975976 0.500646
vt 0.502968 0.742978
vt 0.503433 0.735651
vt 0.504873 0.740824
vt 0.062755 0.976416
vt 0.859235 0.351416
vt 0.864471 0.358034
vt 0.862776 0.355931
vt 0.609983 0.827301
vt 0.859235 0.355670
vt 0.021185 0.917212
vt 0.857141 0.661164
vt 0.687214 0.818285
vt 0.685184 0.804916
vt 0.693903 0.821386
vt 0.412305 0.671287
vt 0.414328 0.667557
vt 0.416000 0.678079
vt 0.253947 0.981127
vt 0.821094 0.323575
vt 0.818882 0.321170
vt 0.821094 0.318825
vt 0.626895 0.755896
vt 0.631238 0.752130
vt 0.106329 0.987817
vt 0.549891 0.874925
vt 0.245476 0.593699
vt 0.245476 0.596195
vt 0.243286 0.595152
vt 0.781463 0.743993
vt 0.783002 0.736897
vt 0.417135 0.683613
vt 0.238252 0.792154
vt 0.235515 0.793894
vt 0.235197 0.792692
vt 0.815658 0.766732
vt 0.189911 0.929341
vt 0.237313 0.523535
vt 0.239190 0.523124
vt 0.237345 0.524947
vt 0.245772 0.469929
vt 0.245772 0.477319
vt 0.245300 0.474542
vt 0.826280 0.821349
vt 0.826150 0.818216
vt 0.455847 0.768430
vt 0.557577 0.899404
vt 0.559727 0.899961
vt 0.631385 0.699672
vt 0.503811 0.796737
vt 0.518003 0.917926
vt 0.048921 0.986030
vt 0.239190 0.524986
vt 0.239956 0.523124
vt 0.240720 0.524986
vt 0.659765 0.816292
vt 0.379964 0.714491
vt 0.776932 0.969201
vt 0.231016 0.793404
vt 0.623595 0.701230
vt 0.688553 0.805173
vt 0.231447 0.921905
vt 0.889589 0.215668
vt 0.444304 0.748805
vt 0.686118 0.356048
vt 0.685755 0.352201
vt 0.687294 0.351647
vt 0.219179 0.943676
vt 0.557391 0.896222
vt 0.020082 0.996173
vt 0.007315 0.995449
vt 0.379252 0.743291
vt 0.853443 0.669548
vt 0.855144 0.673588
vt 0.407689 0.780766
vt 0.819220 0.822346
vt 0.824018 0.820410
vt 0.451913 0.763996
vt 0.375991 0.725718
vt 0.034482 0.996173
vt 0.029209 0.994346
vt 0.850261 0.969981
vt 0.850291 0.969837
vt 0.848446 0.978864
vt 0.457035 0.750765
vt 0.504717 0.709743
vt 0.391420 0.774801
vt 0.370513 0.758393
vt 0.826284 0.829488
vt 0.107103 0.963813
vt 0.716776 0.358880
vt 0.716766 0.359012
vt 0.217026 0.937631
vt 0.373597 0.742696
vt 0.464690 0.766397
vt 0.465601 0.767024
vt 0.464929 0.771995
vt 0.787215 0.833535
vt 0.244858 0.456991
vt 0.245681 0.448459
vt 0.245681 0.461526
vt 0.783507 0.973628
vt 0.784384 0.981866
vt 0.779960 0.973704
vt 0.251534 0.972054
vt 0.254051 0.970278
vt 0.042205 0.921731
vt 0.371796 0.744370
vt 0.562013 0.885219
vt 0.558235 0.883203
vt 0.794864 0.738444
vt 0.245722 0.488953
vt 0.245575 0.486013
vt 0.245722 0.481800
vt 0.556331 0.914429
vt 0.222118 0.930594
vt 0.223383 0.918751
vt 0.225160 0.919088
vt 0.446831 0.756691
vt 0.448765 0.758670
vt 0.737004 0.985075
vt 0.738126 0.979329
vt 0.740146 0.984478
vt 0.700655 0.851245
vt 0.695566 0.852968
vt 0.894472 0.218581
vt 0.648840 0.739074
vt 0.457282 0.778146
vt 0.836949 0.841952
vt 0.830659 0.842781
vt 0.779882 0.845419
vt 0.503951 0.708212
vt 0.562656 0.899127
vt 0.442777 0.748758
vt 0.451732 0.728690
vt 0.648018 0.784694
vt 0.649672 0.779942
vt 0.851353 0.628981
vt 0.646459 0.681805
vt 0.388371 0.772767
vt 0.977373 0.414120
vt 0.977373 0.432251
vt 0.974234 0.420075
vt 0.776572 0.987083
vt 0.408485 0.659699
vt 0.839912 0.905654
vt 0.535040 0.938207
vt 0.033314 0.978559
vt 0.247065 0.969035
vt 0.242054 0.794672
vt 0.860364 0.627068
vt 0.017489 0.961763
vt 0.461830 0.776201
vt 0.469834 0.784646
vt 0.908227 0.977912
vt 0.911289 0.970760
vt 0.911289 0.979574
vt 0.376846 0.730415
vt 0.245766 0.478083
vt 0.245725 0.479635
vt 0.244858 0.479672
vt 0.975570 0.196738
vt 0.884490 0.219683
vt 0.854084 0.668051
vt 0.833980 0.736130
vt 0.816865 0.853991
vt 0.823043 0.853022
vt 0.283896 0.981385
vt 0.277851 0.972873
vt 0.283896 0.968330
vt 0.245772 0.757472
vt 0.244421 0.756699
vt 0.245772 0.754895
vt 0.827662 0.351416
vt 0.501664 0.735494
vt 0.502746 0.731772
vt 0.502958 0.735494
vt 0.740048 0.978829
vt 0.740955 0.979601
vt 0.741077 0.983641
vt 0.449151 0.760445
vt 0.228008 0.900946
vt 0.232178 0.901275
vt 0.964193 0.176505
vt 0.244858 0.473972
vt 0.245245 0.474020
vt 0.245300 0.478083
vt 0.455572 0.813523
vt 0.558199 0.928207
vt 0.810831 0.694635
vt 0.238252 0.794240
vt 0.965954 0.178359
vt 0.968569 0.176138
vt 0.968569 0.185202
vt 0.102494 0.971510
vt 0.503083 0.451356
vt 0.456265 0.677391
vt 0.448013 0.648252
vt 0.453320 0.649174
vt 0.825462 0.840733
vt 0.219951 0.940328
vt 0.043375 0.994117
vt 0.741407 0.977650
vt 0.449402 0.814630
vt 0.761898 0.973828
vt 0.376755 0.774137
vt 0.036012 0.966086
vt 0.445923 0.750422
vt 0.220425 0.939444
vt 0.220798 0.936806
vt 0.452056 0.778155
vt 0.503052 0.441116
vt 0.841486 0.904498
vt 0.610885 0.827000
vt 0.861944 0.358217
vt 0.859235 0.355379
vt 0.861944 0.351416
vt 0.244858 0.522780
vt 0.245712 0.520581
vt 0.245712 0.523124
vt 0.751570 0.315882
vt 0.680236 0.768032
vt 0.834625 0.684714
vt 0.537148 0.937205
vt 0.503369 0.811462
vt 0.504280 0.813755
vt 0.778441 0.971254
vt 0.777411 0.971440
vt 0.805063 0.694469
vt 0.538400 0.938340
vt 0.556095 0.934593
vt 0.220334 0.940559
vt 0.858040 0.672085
vt 0.855347 0.670481
vt 0.855405 0.669101
vt 0.856288 0.668849
vt 0.239198 0.726374
vt 0.243437 0.724496
vt 0.976235 0.680443
vt 0.504210 0.424408
vt 0.504636 0.421486
vt 0.504636 0.426377
vt 0.830667 0.848292
vt 0.710872 0.357508
vt 0.712119 0.355539
vt 0.712119 0.358528
vt 0.736715 0.986688
vt 0.606285 0.820325
vt 0.821333 0.353791
vt 0.766766 0.969283
vt 0.854444 0.669317
vt 0.755562 0.224413
vt 0.754682 0.225531
vt 0.743243 0.983922
vt 0.720653 0.359012
vt 0.716776 0.356538
vt 0.718119 0.355258
vt 0.651376 0.680139
vt 0.504526 0.731772
vt 0.374765 0.740191
vt 0.555051 0.919026
vt 0.657460 0.680276
vt 0.210754 0.942291
vt 0.109376 0.963235
vt 0.414185 0.679767
vt 0.710930 0.705623
vt 0.712036 0.705023
vt 0.712036 0.709098
vt 0.781795 0.785490
vt 0.107744 0.855563
vt 0.242054 0.789954
vt 0.185127 0.907104
vt 0.618143 0.760289
vt 0.892035 0.226194
vt 0.820897 0.307094
vt 0.820897 0.311103
vt 0.818882 0.310410
vt 0.666909 0.749694
vt 0.508231 0.930552
vt 0.830208 0.750738
vt 0.504890 0.679921
vt 0.503886 0.677670
vt 0.504890 0.676115
vt 0.245239 0.593699
vt 0.751570 0.313906
vt 0.751570 0.316008
vt 0.040902 0.935072
vt 0.236988 0.788838
vt 0.778528 0.972507
vt 0.239190 0.525129
vt 0.846059 0.351416
vt 0.688335 0.776506
vt 0.610885 0.805160
vt 0.843340 0.358895
vt 0.245300 0.469929
vt 0.245575 0.489020
vt 0.245168 0.484459
vt 0.245575 0.481800
vt 0.720653 0.353294
vt 0.894472 0.229778
vt 0.105478 0.969880
vt 0.659975 0.734873
vt 0.556398 0.917065
vt 0.106036 0.962917
vt 0.104637 0.963693
vt 0.630451 0.774886
vt 0.077507 0.972235
vt 0.245691 0.446039
vt 0.245573 0.445969
vt 0.245627 0.445756
vt 0.504915 0.961941
vt 0.645899 0.757943
vt 0.971678 0.680841
vt 0.504873 0.745483
vt 0.205544 0.931210
vt 0.195815 0.904284
vt 0.201466 0.903143
vt 0.245555 0.446039
vt 0.609597 0.813020
vt 0.769910 0.964326
vt 0.840717 0.720144
vt 0.536769 0.940086
vt 0.826820 0.762828
vt 0.819793 0.313585
vt 0.860802 0.675252
vt 0.605738 0.822145
vt 0.687294 0.356701
vt 0.552306 0.902238
vt 0.190330 0.905614
vt 0.661544 0.981025
vt 0.661446 0.994924
vt 0.652585 0.962109
vt 0.245039 0.504516
vt 0.245483 0.502581
vt 0.245483 0.507542
vt 0.499847 0.811778
vt 0.820943 0.318825
vt 0.818882 0.315809
vt 0.820943 0.313585
vt 0.828328 0.853312
vt 0.819838 0.720641
vt 0.965934 0.182055
vt 0.965104 0.185202
vt 0.245766 0.481800
vt 0.557105 0.918688
vt 0.778877 0.690612
vt 0.783374 0.691739
vt 0.712128 0.356396
vt 0.207162 0.902214
vt 0.839222 0.691192
vt 0.841969 0.689994
vt 0.415494 0.641023
vt 0.788351 0.692707
vt 0.793702 0.693495
vt 0.411046 0.639777
vt 0.458283 0.649955
vt 0.799313 0.694087
vt 0.431185 0.644852
vt 0.436826 0.646068
vt 0.442476 0.647209
vt 0.690224 0.854734
vt 0.169218 0.913991
vt 0.172277 0.912203
vt 0.774956 0.689349
vt 0.223317 0.900877
vt 0.664467 0.982439
vt 0.659948 0.950550
vt 0.664467 0.950336
vt 0.769018 0.716236
vt 0.771693 0.687979
vt 0.656001 0.950785
vt 0.831670 0.693123
vt 0.668618 0.861486
vt 0.305861 0.876563
vt 0.301109 0.868979
vt 0.312894 0.857997
vt 0.314880 0.864284
vt 0.324281 0.900457
vt 0.322870 0.905184
vt 0.321078 0.906231
vt 0.779876 0.926477
vt 0.787756 0.947926
vt 0.773992 0.925630
vt 0.662258 0.870338
vt 0.659707 0.863940
vt 0.667461 0.868098
vt 0.431261 0.840150
vt 0.420862 0.833961
vt 0.426568 0.826840
vt 0.682835 0.899795
vt 0.678966 0.906964
vt 0.671117 0.899328
vt 0.775023 0.893489
vt 0.769018 0.881821
vt 0.778210 0.876928
vt 0.976962 0.866448
vt 0.977424 0.871103
vt 0.974444 0.877598
vt 0.429316 0.884136
vt 0.437535 0.886512
vt 0.433233 0.907906
vt 0.804957 0.892694
vt 0.796151 0.892884
vt 0.803281 0.881108
vt 0.624704 0.938056
vt 0.637295 0.932682
vt 0.638151 0.942206
vt 0.659631 0.915958
vt 0.666668 0.918745
vt 0.658661 0.929407
vt 0.829361 0.949504
vt 0.823662 0.944628
vt 0.832058 0.943918
vt 0.836813 0.946170
vt 0.434678 0.913946
vt 0.437977 0.910741
vt 0.446433 0.913171
vt 0.448292 0.899889
vt 0.439561 0.904901
vt 0.445312 0.881090
vt 0.814500 0.893922
vt 0.808748 0.909021
vt 0.817252 0.908380
vt 0.818571 0.922204
vt 0.798613 0.953136
vt 0.804261 0.942367
vt 0.805695 0.951950
vt 0.620238 0.908800
vt 0.623903 0.920988
vt 0.615589 0.923358
vt 0.647556 0.943688
vt 0.302424 0.886852
vt 0.312930 0.897281
vt 0.306580 0.906485
vt 0.445088 0.867011
vt 0.449230 0.876369
vt 0.785434 0.888391
vt 0.786751 0.900195
vt 0.436992 0.877628
vt 0.440007 0.854565
vt 0.429151 0.855063
vt 0.790362 0.875931
vt 0.404729 0.858089
vt 0.407887 0.871564
vt 0.403114 0.869549
vt 0.629644 0.909598
vt 0.629907 0.918319
vt 0.982382 0.082988
vt 0.988507 0.085820
vt 0.987624 0.087898
vt 0.395848 0.838286
vt 0.382709 0.851989
vt 0.378433 0.839389
vt 0.811222 0.880494
vt 0.818870 0.879892
vt 0.654275 0.941385
vt 0.665862 0.939659
vt 0.654967 0.950336
vt 0.414573 0.825190
vt 0.818948 0.869816
vt 0.810946 0.863192
vt 0.822962 0.860164
vt 0.794155 0.945088
vt 0.787082 0.922609
vt 0.799812 0.903655
vt 0.801417 0.913234
vt 0.638832 0.874307
vt 0.631887 0.871135
vt 0.643672 0.861486
vt 0.649184 0.931487
vt 0.784866 0.909745
vt 0.779728 0.917192
vt 0.776834 0.907447
vt 0.634927 0.895267
vt 0.636072 0.885030
vt 0.642847 0.892600
vt 0.419774 0.880329
vt 0.418969 0.885727
vt 0.414366 0.877086
vt 0.330009 0.859103
vt 0.334837 0.851510
vt 0.330855 0.865901
vt 0.770084 0.898794
vt 0.671248 0.910465
vt 0.684025 0.917547
vt 0.398794 0.826658
vt 0.388932 0.830342
vt 0.383089 0.825695
vt 0.651845 0.894503
vt 0.645063 0.882312
vt 0.648546 0.919085
vt 0.658613 0.908340
vt 0.399622 0.821566
vt 0.641756 0.950336
vt 0.422467 0.857591
vt 0.413513 0.866092
vt 0.399846 0.843853
vt 0.434582 0.815580
vt 0.439161 0.821799
vt 0.425994 0.818701
vt 0.791784 0.954858
vt 0.806008 0.922727
vt 0.793060 0.922287
vt 0.813321 0.941337
vt 0.952763 0.053854
vt 0.954854 0.044667
vt 0.959756 0.052585
vt 0.772262 0.911045
vt 0.676867 0.924969
vt 0.302747 0.876844
vt 0.069050 0.923548
vt 0.068632 0.929037
vt 0.065888 0.936790
vt 0.346085 0.938235
vt 0.346307 0.944603
vt 0.326355 0.928570
vt 0.338318 0.930541
vt 0.806632 0.867674
vt 0.652408 0.862223
vt 0.816385 0.955906
vt 0.812560 0.950145
vt 0.822558 0.954767
vt 0.326479 0.918705
vt 0.819963 0.950146
vt 0.831159 0.951576
vt 0.662441 0.895466
vt 0.448667 0.848766
vt 0.440224 0.833378
vt 0.451450 0.842706
vt 0.679037 0.882873
vt 0.684999 0.889018
vt 0.802935 0.958654
vt 0.409426 0.837618
vt 0.626468 0.892025
vt 0.621709 0.893297
vt 0.621450 0.873760
vt 0.978145 0.077108
vt 0.967885 0.077701
vt 0.969129 0.070188
vt 0.829467 0.869100
vt 0.451450 0.860739
vt 0.649143 0.873549
vt 0.437508 0.838761
vt 0.333227 0.850098
vt 0.416284 0.817734
vt 0.833020 0.915948
vt 0.827434 0.916711
vt 0.826685 0.891701
vt 0.322682 0.857500
vt 0.984921 0.006165
vt 0.978576 0.009941
vt 0.985222 0.000000
vt 0.451141 0.910840
vt 0.450144 0.912533
vt 0.828023 0.925104
vt 0.345993 0.884793
vt 0.351161 0.896955
vt 0.334652 0.890331
vt 0.379971 0.833435
vt 0.421371 0.895202
vt 0.367221 0.845411
vt 0.656057 0.886370
vt 0.790197 0.910484
vt 0.667155 0.882924
vt 0.639040 0.921390
vt 0.837130 0.863543
vt 0.776718 0.870161
vt 0.785572 0.868700
vt 0.643950 0.907798
vt 0.780305 0.862931
vt 0.791996 0.861403
vt 0.204944 0.887424
vt 0.201216 0.876378
vt 0.209841 0.871208
vt 0.215932 0.884263
vt 0.151770 0.927618
vt 0.143159 0.930806
vt 0.146993 0.919944
vt 0.147981 0.876410
vt 0.141718 0.876807
vt 0.146009 0.872272
vt 0.192192 0.849920
vt 0.196084 0.848622
vt 0.199946 0.848563
vt 0.093899 0.939268
vt 0.097581 0.929749
vt 0.103069 0.945935
vt 0.230276 0.863957
vt 0.232843 0.876772
vt 0.223882 0.873787
vt 0.098858 0.899866
vt 0.106123 0.904500
vt 0.094240 0.911330
vt 0.183305 0.852368
vt 0.187551 0.846526
vt 0.913711 0.935138
vt 0.909766 0.940369
vt 0.900762 0.929449
vt 0.586530 0.921575
vt 0.606726 0.919755
vt 0.593860 0.924414
vt 0.121352 0.948711
vt 0.112982 0.946643
vt 0.121439 0.938334
vt 0.925249 0.962056
vt 0.919909 0.969727
vt 0.912937 0.959888
vt 0.931701 0.899402
vt 0.936271 0.894160
vt 0.940608 0.909030
vt 0.098038 0.920069
vt 0.106510 0.915071
vt 0.129374 0.939705
vt 0.122903 0.928927
vt 0.948522 0.946400
vt 0.956245 0.951779
vt 0.948068 0.958334
vt 0.174411 0.874975
vt 0.192284 0.865717
vt 0.193963 0.873976
vt 0.117006 0.956863
vt 0.130991 0.954452
vt 0.898609 0.918093
vt 0.911771 0.920054
vt 0.568515 0.944219
vt 0.571273 0.935638
vt 0.576587 0.945660
vt 0.926492 0.886537
vt 0.936134 0.889033
vt 0.925281 0.888851
vt 0.217377 0.795080
vt 0.216300 0.800358
vt 0.210467 0.798097
vt 0.941383 0.962074
vt 0.946296 0.967020
vt 0.934177 0.970760
vt 0.935289 0.962115
vt 0.226430 0.810492
vt 0.228718 0.827944
vt 0.217922 0.807312
vt 0.137727 0.946586
vt 0.138672 0.933021
vt 0.206045 0.818792
vt 0.210611 0.807618
vt 0.213279 0.828244
vt 0.204147 0.808410
vt 0.129858 0.962917
vt 0.131183 0.915760
vt 0.124135 0.913347
vt 0.133342 0.900779
vt 0.172867 0.842865
vt 0.124942 0.866750
vt 0.122135 0.864854
vt 0.134095 0.864545
vt 0.220940 0.861100
vt 0.230994 0.849148
vt 0.238167 0.847422
vt 0.228292 0.832214
vt 0.240411 0.838599
vt 0.216012 0.833080
vt 0.211827 0.849569
vt 0.947875 0.927540
vt 0.955727 0.927299
vt 0.950299 0.933423
vt 0.185789 0.884388
vt 0.224263 0.839873
vt 0.219967 0.825097
vt 0.228249 0.883844
vt 0.107346 0.952373
vt 0.141699 0.958931
vt 0.146477 0.947910
vt 0.202802 0.822133
vt 0.205433 0.833180
vt 0.919475 0.945325
vt 0.933040 0.945767
vt 0.930685 0.952320
vt 0.180311 0.888895
vt 0.190609 0.898079
vt 0.174659 0.892738
vt 0.231674 0.893732
vt 0.223338 0.891220
vt 0.126149 0.882277
vt 0.130952 0.871029
vt 0.135160 0.878187
vt 0.141105 0.867338
vt 0.136364 0.870372
vt 0.905225 0.950913
vt 0.901554 0.940337
vt 0.117513 0.881982
vt 0.123733 0.872092
vt 0.939448 0.916712
vt 0.932066 0.916308
vt 0.928321 0.909276
vt 0.577835 0.938540
vt 0.904188 0.963772
vt 0.090373 0.920885
vt 0.923883 0.934898
vt 0.935975 0.929700
vt 0.939433 0.937435
vt 0.200385 0.899620
vt 0.192387 0.891514
vt 0.915072 0.901691
vt 0.922732 0.901430
vt 0.201646 0.868359
vt 0.201303 0.859491
vt 0.925849 0.920223
vt 0.111540 0.905011
vt 0.108958 0.881779
vt 0.214826 0.888874
vt 0.149138 0.889892
vt 0.103149 0.879948
vt 0.234607 0.788838
vt 0.235197 0.793422
vt 0.231016 0.793422
vt 0.219063 0.850359
vt 0.211304 0.856293
vt 0.122687 0.902682
vt 0.116016 0.919985
vt 0.609324 0.960135
vt 0.601756 0.963011
vt 0.590311 0.957477
vt 0.114275 0.864368
vt 0.105825 0.935374
vt 0.138678 0.918943
vt 0.588217 0.874925
vt 0.583565 0.888059
vt 0.572233 0.896012
vt 0.199510 0.885509
vt 0.237901 0.855724
vt 0.245519 0.856990
vt 0.239563 0.866090
vt 0.116376 0.911336
vt 0.140596 0.899636
vt 0.168946 0.884759
vt 0.171281 0.877909
vt 0.172622 0.883169
vt 0.169745 0.857756
vt 0.106007 0.925641
vt 0.954291 0.917198
vt 0.946736 0.915577
vt 0.946374 0.906826
vt 0.916929 0.920689
vt 0.903813 0.901585
vt 0.919643 0.889459
vt 0.940176 0.951777
vt 0.106760 0.868267
vt 0.106357 0.864514
vt 0.600669 0.949690
vt 0.208406 0.899311
vt 0.222632 0.794681
vt 0.145705 0.903930
vt 0.245505 0.429681
vt 0.244963 0.444135
vt 0.244858 0.437807
vt 0.955203 0.935415
vt 0.577156 0.905375
vt 0.565691 0.922129
vt 0.564051 0.913077
vt 0.115698 0.871337
vt 0.600817 0.906059
vt 0.608868 0.905781
vt 0.680261 0.351647
vt 0.680261 0.357710
vt 0.674640 0.357517
vt 0.131177 0.927595
vt 0.245505 0.448459
vt 0.908516 0.896403
vt 0.915321 0.889579
vt 0.151596 0.940424
vt 0.105890 0.957617
vt 0.504128 0.605856
vt 0.504588 0.613925
vt 0.503729 0.608832
vt 0.966972 0.061146
vt 0.973860 0.070498
vt 0.150099 0.887665
vt 0.957893 0.042391
vt 0.960079 0.037634
vt 0.961118 0.048807
vt 0.170938 0.875269
vt 0.166628 0.884814
vt 0.152291 0.892765
vt 0.154192 0.905863
vt 0.152665 0.902067
vt 0.951972 0.896101
vt 0.944728 0.888979
vt 0.954236 0.894191
vt 0.916867 0.978849
vt 0.914098 0.976398
vt 0.914184 0.970760
vt 0.916867 0.975178
vt 0.502752 0.472354
vt 0.503970 0.464043
vt 0.504697 0.474426
vt 0.502826 0.459625
vt 0.074522 0.922376
vt 0.072524 0.928707
vt 0.070874 0.945903
vt 0.066414 0.949953
vt 0.068832 0.936890
vt 0.071859 0.937275
vt 0.336560 0.853319
vt 0.343660 0.842704
vt 0.900534 0.900835
vt 0.894327 0.911135
vt 0.891289 0.911387
vt 0.503774 0.478152
vt 0.205006 0.816346
vt 0.198763 0.846765
vt 0.202656 0.838303
vt 0.338251 0.926401
vt 0.340455 0.931509
vt 0.503424 0.451356
vt 0.504641 0.454228
vt 0.502763 0.455326
vt 0.404783 0.869526
vt 0.400535 0.869758
vt 0.400261 0.867494
vt 0.355067 0.831845
vt 0.356015 0.835862
vt 0.350351 0.836543
vt 0.976800 0.019009
vt 0.974995 0.019579
vt 0.980939 0.074605
vt 0.347889 0.887128
vt 0.352362 0.942805
vt 0.350693 0.943840
vt 0.350653 0.938177
vt 0.353317 0.941719
vt 0.504724 0.755168
vt 0.502968 0.751044
vt 0.504724 0.745483
vt 0.167352 0.858797
vt 0.078762 0.918872
vt 0.080332 0.913736
vt 0.084432 0.915455
vt 0.171241 0.835422
vt 0.174360 0.828417
vt 0.356015 0.902156
vt 0.501502 0.628475
vt 0.503760 0.628818
vt 0.424572 0.908313
vt 0.426172 0.905973
vt 0.427155 0.912195
vt 0.330407 0.920788
vt 0.326925 0.915986
vt 0.974219 0.026521
vt 0.969271 0.027865
vt 0.967061 0.964679
vt 0.968998 0.965105
vt 0.967122 0.968683
vt 0.501502 0.635350
vt 0.504373 0.633360
vt 0.504373 0.639109
vt 0.324106 0.906589
vt 0.755584 0.203202
vt 0.755584 0.214650
vt 0.754218 0.204972
vt 0.395133 0.891578
vt 0.390586 0.895285
vt 0.395008 0.871762
vt 0.397054 0.874705
vt 0.952523 0.150909
vt 0.952523 0.171057
vt 0.949931 0.167386
vt 0.352751 0.905276
vt 0.354231 0.907208
vt 0.755688 0.246982
vt 0.754218 0.244379
vt 0.755688 0.242292
vt 0.607187 0.903487
vt 0.325043 0.901052
vt 0.710872 0.352578
vt 0.712046 0.351358
vt 0.712046 0.355539
vt 0.072134 0.918401
vt 0.610730 0.934858
vt 0.608202 0.937532
vt 0.608171 0.929376
vt 0.502763 0.416868
vt 0.504905 0.412334
vt 0.504905 0.421486
vt 0.333419 0.864870
vt 0.891415 0.915634
vt 0.886296 0.920215
vt 0.346832 0.876552
vt 0.345616 0.878094
vt 0.988871 0.081655
vt 0.985492 0.079008
vt 0.806580 0.854742
vt 0.814086 0.855559
vt 0.837130 0.938910
vt 0.383517 0.884725
vt 0.795830 0.870198
vt 0.367441 0.836252
vt 0.911289 0.976730
vt 0.914098 0.970760
vt 0.914098 0.978855
vt 0.372451 0.853113
vt 0.372917 0.866672
vt 0.835162 0.871284
vt 0.832628 0.889419
vt 0.629918 0.945739
vt 0.323081 0.873304
vt 0.680922 0.933053
vt 0.672456 0.936050
vt 0.445263 0.908054
vt 0.835429 0.919184
vt 0.378320 0.875704
vt 0.612700 0.905825
vt 0.611511 0.886588
vt 0.625909 0.867016
vt 0.342362 0.838948
vt 0.680258 0.876850
vt 0.327242 0.849640
vt 0.635840 0.861569
vt 0.956877 0.035517
vt 0.450300 0.906616
vt 0.321973 0.927968
vt 0.347938 0.905902
vt 0.334258 0.899126
vt 0.326198 0.896456
vt 0.445723 0.827151
vt 0.791706 0.959164
vt 0.386677 0.816602
vt 0.962539 0.066888
vt 0.969663 0.980639
vt 0.240947 0.878065
vt 0.239738 0.886460
vt 0.348313 0.834492
vt 0.352204 0.831176
vt 0.832885 0.856052
vt 0.578466 0.917308
vt 0.580861 0.919903
vt 0.577049 0.919082
vt 0.089724 0.900501
vt 0.571024 0.955380
vt 0.580519 0.958527
vt 0.177831 0.829902
vt 0.113746 0.930583
vt 0.245572 0.873978
vt 0.220664 0.802739
vt 0.564722 0.935059
vt 0.172749 0.850968
vt 0.220677 0.900877
vt 0.182344 0.900877
vt 0.090098 0.929355
vt 0.154192 0.947866
vt 0.147408 0.901046
vt 0.901340 0.970760
vt 0.901340 0.980085
vt 0.898008 0.976880
vt 0.204693 0.802936
vt 0.225475 0.799769
vt 0.700655 0.849067
vt 0.707303 0.838892
vt 0.707303 0.855495
vt 0.605585 0.956061
vt 0.289541 0.982265
vt 0.283896 0.975693
vt 0.289541 0.968330
vt 0.895982 0.930518
vt 0.569396 0.897929
vt 0.084432 0.924838
vt 0.089573 0.913736
vt 0.089573 0.928793
vt 0.578711 0.899679
vt 0.898439 0.955908
vt 0.100358 0.950268
vt 0.935014 0.885929
vt 0.942020 0.891171
vt 0.070382 0.952765
vt 0.067093 0.951600
vt 0.244421 0.743763
vt 0.245700 0.738705
vt 0.245700 0.751821
vt 0.956245 0.900126
vt 0.988871 0.000658
vt 0.072770 0.950994
vt 0.170464 0.850727
vt 0.977424 0.880982
vt 0.889026 0.922032
vt 0.908572 0.893189
vt 0.504046 0.408090
vt 0.078716 0.963502
vt 0.077398 0.965301
vt 0.068802 0.956532
vt 0.610730 0.907548
vt 0.608115 0.924552
vt 0.075337 0.956883
vt 0.080202 0.962730
vt 0.504641 0.458684
vt 0.504909 0.487067
vt 0.503192 0.489891
vt 0.501634 0.488322
vt 0.502859 0.475792
vt 0.502340 0.494076
vt 0.504909 0.493939
vt 0.504588 0.631925
vt 0.502038 0.633360
vt 0.354065 0.948355
vt 0.350558 0.951007
vt 0.504777 0.766160
vt 0.502968 0.765635
vt 0.504777 0.761180
vt 0.969663 0.961053
vt 0.084432 0.967831
vt 0.972605 0.870010
vt 0.974444 0.866448
vt 0.974444 0.884216
vt 0.971210 0.884127
vt 0.083013 0.969582
s 1
usemtl Material.141
f 827/638/265 412/639/265 411/640/265
f 776/641/266 828/642/267 829/643/268
f 720/644/269 412/645/269 841/646/269
f 412/645/270 720/644/270 716/647/270
f 721/648/271 414/649/271 722/650/271
f 414/649/272 721/648/272 727/651/272
f 841/652/273 412/639/273 827/638/273
f 415/653/274 717/654/274 722/655/274
f 416/656/275 418/657/275 417/658/275
f 722/655/276 414/659/276 419/660/276
f 415/653/277 810/661/277 417/658/277
f 810/661/278 415/653/278 811/662/278
f 723/663/279 767/664/279 419/660/279
f 722/655/280 811/662/280 415/653/280
f 811/662/281 722/655/281 419/660/281
f 767/664/282 723/663/282 413/665/282
f 419/660/283 785/666/283 420/667/283
f 767/664/284 785/666/284 419/660/284
f 717/654/285 418/657/285 416/656/285
f 414/659/286 723/663/286 419/660/286
f 727/651/287 723/668/287 414/649/287
f 723/668/288 727/651/288 725/669/288
f 719/670/289 411/640/289 412/639/289
f 719/670/290 821/671/290 411/640/290
f 821/671/291 719/670/291 416/656/291
f 717/654/292 416/656/292 719/670/292
f 418/657/293 717/654/293 415/653/293
f 417/658/294 418/657/294 415/653/294
f 832/672/295 422/673/295 833/674/295
f 833/674/296 422/673/296 423/675/296
f 423/675/297 848/676/297 833/674/297
f 848/676/298 423/675/298 801/677/298
f 749/678/299 834/679/299 424/680/299
f 834/679/300 749/678/300 845/681/300
f 422/673/301 832/672/301 827/682/301
f 422/673/302 827/682/302 411/683/302
f 777/684/303 850/685/303 849/686/303
f 426/687/304 777/684/304 778/688/304
f 777/684/305 426/687/305 425/689/305
f 763/690/306 778/688/306 779/691/306
f 423/675/307 802/692/307 801/677/307
f 749/678/308 787/693/308 799/694/308
f 787/693/309 749/678/309 424/680/309
f 411/683/310 821/695/310 822/696/310
f 823/697/311 422/673/311 411/683/311
f 411/683/312 822/696/312 823/697/312
f 423/675/313 422/673/313 825/698/313
f 802/692/314 788/699/314 787/693/314
f 423/675/315 788/699/315 802/692/315
f 423/675/316 825/698/316 788/699/316
f 427/700/317 416/656/317 417/658/317
f 426/687/318 763/690/318 769/701/318
f 769/701/319 768/702/319 426/687/319
f 770/703/320 766/704/320 771/705/320
f 766/704/321 770/703/321 474/706/321
f 429/707/322 430/708/322 812/709/322
f 438/710/323 435/711/323 428/712/323
f 436/713/324 440/714/324 437/715/324
f 434/716/325 483/717/325 431/718/325
f 483/717/326 434/716/326 428/712/326
f 812/709/327 434/719/327 431/720/327
f 434/716/328 812/721/328 813/722/328
f 432/723/329 429/707/329 439/724/329
f 464/725/330 767/726/330 772/727/330
f 764/728/331 468/729/331 768/730/331
f 439/731/332 436/713/332 432/732/332
f 425/689/333 768/702/333 772/727/333
f 768/702/334 425/689/334 426/687/334
f 434/716/335 438/710/335 428/712/335
f 436/713/336 715/733/336 440/714/336
f 715/734/337 436/735/338 439/724/339
f 430/708/340 429/707/340 432/723/340
f 442/736/341 852/737/341 853/738/341
f 444/739/342 804/740/342 746/741/342
f 804/742/343 444/743/343 443/744/343
f 795/745/344 746/741/344 796/746/344
f 746/741/345 795/745/345 444/739/345
f 445/747/346 854/748/346 2036/749/346
f 408/750/347 410/751/347 837/752/347
f 408/750/348 790/753/348 442/736/348
f 790/753/349 408/750/349 837/752/349
f 442/736/350 2187/754/350 408/750/350
f 2188/755/351 445/756/351 2185/757/351
f 409/758/352 2187/754/352 446/759/352
f 446/759/353 2187/754/353 797/760/353
f 446/761/354 445/756/354 409/762/354
f 448/763/355 805/764/355 443/744/355
f 805/764/356 448/763/356 2031/765/356
f 2186/766/357 857/767/357 449/768/357
f 448/763/358 747/769/358 2031/765/358
f 773/770/359 748/771/359 774/772/359
f 748/771/360 773/770/360 447/773/360
f 450/774/361 2185/757/361 445/756/361
f 780/775/362 844/776/363 781/777/364
f 844/776/363 780/775/362 839/778/365
f 782/779/366 2186/780/366 449/781/366
f 2142/782/367 2186/783/367 782/784/367
f 840/785/368 2142/782/368 782/784/368
f 409/762/369 445/756/369 2188/755/369
f 2186/766/370 2185/757/370 857/767/370
f 448/763/371 774/772/372 747/769/373
f 838/786/374 847/787/375 791/788/376
f 803/789/377 791/788/377 792/790/377
f 803/789/378 792/790/379 441/791/380
f 838/786/374 791/788/376 803/789/381
f 780/775/382 743/792/382 783/793/382
f 743/792/383 780/775/383 447/794/383
f 743/792/384 784/795/384 783/793/384
f 792/790/385 798/796/385 800/797/385
f 798/796/386 792/790/386 421/798/386
f 793/799/387 2030/800/387 443/744/387
f 443/744/388 444/743/388 793/799/388
f 441/791/389 800/797/389 795/745/389
f 444/743/390 794/801/390 793/799/390
f 2030/800/391 2035/802/391 474/706/391
f 474/706/392 775/803/393 744/804/394
f 743/792/395 770/805/395 765/806/395
f 770/805/396 743/792/396 775/807/396
f 443/744/397 744/804/397 448/763/397
f 744/804/398 443/744/398 2030/800/398
f 753/808/399 732/809/400 757/810/401
f 732/809/400 753/808/399 454/811/402
f 435/711/403 729/812/403 728/813/403
f 432/723/404 807/814/404 430/708/404
f 1952/815/405 2032/816/405 433/817/405
f 1952/815/406 435/818/406 728/819/406
f 751/820/407 736/821/407 758/822/407
f 736/821/408 751/820/409 460/823/410
f 436/713/411 437/715/411 731/824/411
f 755/825/412 737/826/413 759/827/414
f 737/826/415 755/825/415 458/828/415
f 806/829/416 813/830/416 815/831/416
f 813/722/417 806/832/417 434/716/417
f 436/713/418 809/833/418 432/732/418
f 2033/834/419 738/835/419 760/836/419
f 738/835/420 2033/834/420 2034/837/420
f 435/711/421 808/838/421 729/812/421
f 808/838/422 435/711/422 438/710/422
f 454/811/423 451/839/423 452/840/423
f 452/840/424 732/809/424 454/811/424
f 732/809/425 452/840/425 2034/841/425
f 455/842/426 1963/843/426 451/839/426
f 451/839/427 734/844/427 455/842/427
f 734/844/428 451/839/428 454/811/428
f 456/845/429 1970/846/429 1963/847/429
f 1963/847/430 735/848/430 456/845/430
f 735/848/431 1963/847/431 455/849/431
f 457/850/432 1964/851/432 1965/852/432
f 1965/852/433 733/853/433 457/850/433
f 1970/846/434 733/853/435 1965/852/436
f 1970/846/434 456/845/437 733/853/435
f 458/828/438 1969/854/438 1964/851/438
f 1964/851/439 737/826/439 458/828/439
f 737/826/440 1964/851/440 457/850/440
f 1968/855/441 739/856/441 459/857/441
f 739/856/442 1968/855/442 460/858/442
f 459/859/443 453/860/443 1968/861/443
f 1969/862/444 736/863/444 460/858/444
f 736/863/445 1969/862/445 458/864/445
f 460/858/446 1968/855/446 1969/862/446
f 2034/841/447 452/840/448 453/860/449
f 453/860/449 738/865/450 2034/841/447
f 738/865/451 453/860/451 459/859/451
f 433/866/452 742/867/452 731/824/452
f 438/710/453 806/832/454 808/838/455
f 806/832/454 438/710/453 434/716/456
f 427/868/457 461/869/457 824/870/457
f 462/871/458 463/872/459 420/667/460
f 1961/873/461 1962/874/461 464/875/461
f 1962/876/462 465/877/462 462/878/462
f 465/879/463 816/880/463 463/872/463
f 466/881/464 427/700/464 467/882/464
f 824/870/465 461/869/465 1953/883/465
f 466/884/466 461/869/466 427/868/466
f 788/699/467 826/885/467 786/886/467
f 468/887/468 1955/888/468 464/725/468
f 469/889/469 786/886/469 470/890/469
f 1956/891/470 1953/892/470 471/893/470
f 1960/894/471 2035/802/471 472/895/471
f 766/896/472 473/897/472 1954/898/472
f 1954/899/473 764/900/473 766/901/473
f 764/900/474 1955/888/474 468/887/474
f 2035/802/475 475/902/475 474/706/475
f 1954/903/476 473/904/476 1957/905/476
f 476/906/477 1959/907/477 817/908/477
f 477/909/478 479/910/478 480/911/478
f 1962/912/479 477/909/479 1958/913/479
f 471/914/480 461/869/480 481/915/480
f 1952/815/481 1956/916/481 471/917/481
f 433/918/482 1954/919/482 1956/891/482
f 1952/815/483 433/817/483 1956/916/483
f 1954/899/484 437/715/484 440/714/484
f 466/884/485 478/920/485 482/921/485
f 476/922/486 482/921/486 478/920/486
f 471/914/487 428/712/487 435/711/487
f 471/923/488 435/924/488 1952/925/488
f 461/869/489 466/884/489 481/915/489
f 482/921/490 481/915/490 466/884/490
f 1954/899/491 433/866/491 437/715/491
f 1955/888/492 764/900/492 1954/899/492
f 1954/899/493 440/714/493 1955/888/493
f 1953/892/494 1956/891/494 1957/926/494
f 1956/891/495 1954/919/495 1957/926/495
f 825/698/496 1953/883/496 826/885/496
f 1953/883/497 825/698/497 824/870/497
f 472/895/498 469/927/498 1960/894/498
f 475/902/499 473/904/499 474/706/499
f 470/928/500 1960/894/500 469/927/500
f 473/904/501 475/902/501 1957/905/501
f 766/704/502 474/706/502 473/904/502
f 818/929/503 476/906/503 817/908/503
f 476/906/504 818/929/504 484/930/504
f 479/910/505 439/724/505 429/707/505
f 471/914/506 481/915/506 428/712/506
f 461/869/507 471/914/507 1953/883/507
f 485/931/508 476/922/508 484/932/508
f 476/922/509 485/931/509 482/921/509
f 715/734/337 439/724/339 479/910/510
f 715/733/511 1955/888/511 440/714/511
f 428/712/512 482/921/512 485/931/512
f 482/921/513 428/712/513 481/915/513
f 478/933/514 466/881/514 467/882/514
f 1958/934/515 1959/907/515 819/935/515
f 465/877/516 463/936/516 462/878/516
f 810/661/517 463/872/517 816/880/517
f 463/872/518 810/661/518 420/667/518
f 1962/937/519 462/938/519 464/725/519
f 715/733/520 479/939/520 1961/940/520
f 1955/888/521 1961/940/521 464/725/521
f 1961/940/522 1955/888/522 715/733/522
f 475/902/523 1960/894/523 1957/905/523
f 1960/894/524 475/902/524 2035/802/524
f 1957/905/525 1960/894/525 470/928/525
f 470/928/526 1953/941/526 1957/905/526
f 826/885/527 470/890/527 786/886/527
f 470/890/528 826/885/528 1953/883/528
f 485/931/529 484/932/529 431/718/529
f 812/709/530 480/911/530 429/707/530
f 480/911/531 812/709/531 818/942/531
f 428/712/532 485/931/532 483/717/532
f 431/718/533 483/717/533 485/931/533
f 479/910/534 429/707/534 480/911/534
f 480/911/535 817/943/536 477/909/537
f 1961/940/538 479/939/538 1962/937/538
f 477/909/539 1962/912/539 479/910/539
f 1958/934/540 819/935/540 465/879/540
f 467/882/541 427/700/541 417/658/541
f 816/880/542 467/882/542 417/658/542
f 467/882/543 816/880/543 819/935/543
f 1962/944/544 1958/945/544 465/946/544
f 1970/947/545 486/948/545 1963/949/545
f 487/950/546 1969/951/546 488/952/546
f 489/953/547 1965/954/547 1964/955/547
f 1965/954/548 489/953/548 1970/956/548
f 490/957/549 491/958/549 492/959/549
f 493/960/550 490/957/550 494/961/550
f 495/962/551 493/963/551 496/964/551
f 495/962/552 497/965/552 493/963/552
f 498/966/553 497/965/553 499/967/553
f 1971/968/554 498/966/554 499/967/554
f 500/969/555 491/958/555 490/957/555
f 501/970/556 1966/971/557 1967/972/558
f 1967/972/559 502/973/559 498/974/559
f 1967/972/560 1966/971/560 502/973/560
f 503/975/561 504/976/561 505/977/561
f 506/978/562 507/979/562 508/980/562
f 509/981/563 494/961/563 510/982/563
f 499/967/564 495/962/564 511/983/564
f 1971/984/565 499/985/565 453/986/565
f 487/987/566 512/988/566 1969/989/566
f 512/990/567 510/982/567 492/959/567
f 513/991/568 500/969/568 490/957/568
f 494/961/569 496/992/569 493/960/569
f 513/993/570 497/965/570 502/994/570
f 513/993/571 493/963/571 497/965/571
f 497/995/572 495/996/572 499/997/572
f 514/998/573 515/999/573 516/1000/573
f 515/999/574 514/998/574 500/969/574
f 513/993/575 517/1001/575 518/1002/575
f 517/1001/576 513/993/576 502/994/576
f 500/969/577 518/1003/577 515/999/577
f 518/1003/578 500/969/578 513/991/578
f 503/975/579 519/1004/579 504/976/579
f 503/975/580 514/1005/580 520/1006/580
f 521/1007/581 507/979/581 506/978/581
f 1963/949/582 486/948/582 522/1008/582
f 1964/955/583 1969/989/583 512/988/583
f 512/988/584 489/953/584 1964/955/584
f 488/952/585 453/1009/585 499/967/585
f 487/950/586 510/1010/586 512/1011/586
f 502/994/587 497/965/587 498/966/587
f 513/991/588 490/957/588 493/960/588
f 495/962/589 509/1012/589 511/983/589
f 511/983/590 509/1012/590 487/950/590
f 1967/972/591 498/974/591 1971/1013/591
f 501/970/556 1972/1014/592 1966/971/557
f 501/1015/593 507/1016/593 523/1017/593
f 494/961/594 490/957/594 492/959/594
f 514/998/595 491/958/595 500/969/595
f 452/1018/596 451/1019/596 522/1020/596
f 1963/949/597 522/1008/597 451/1021/597
f 1968/1022/598 488/952/598 1969/951/598
f 489/1023/599 486/948/599 1970/947/599
f 524/1024/600 522/1008/600 486/948/600
f 505/1025/601 492/959/602 491/958/603
f 489/1026/604 492/1027/604 505/1028/604
f 514/998/605 505/1025/601 491/958/603
f 524/1029/606 1967/972/606 1971/1013/606
f 522/1030/607 524/1029/607 1971/1013/607
f 489/1023/608 508/1031/608 486/948/608
f 489/1026/609 512/1032/609 492/1027/609
f 508/1031/610 525/1033/610 524/1024/610
f 524/1024/611 486/948/611 508/1031/611
f 1972/1034/612 517/1035/612 502/1036/612
f 502/973/613 1966/971/613 1972/1014/613
f 1971/1013/614 452/1037/614 522/1030/614
f 1971/1013/615 453/1038/615 452/1037/615
f 488/952/616 1968/1022/616 453/1009/616
f 526/1039/617 527/1040/617 528/1041/617
f 529/1042/618 1974/1043/618 527/1040/618
f 1973/1044/619 1974/1045/619 529/1046/619
f 530/1047/620 526/1048/620 531/1049/620
f 532/1050/621 1974/1045/621 1973/1044/621
f 533/1051/622 534/1052/622 532/1053/622
f 535/1054/623 1974/1045/623 532/1050/623
f 532/1053/624 534/1052/624 535/1055/624
f 533/1051/625 536/1056/625 534/1052/625
f 531/1049/626 536/1057/626 537/1058/626
f 531/1059/627 526/1060/627 538/1061/627
f 529/1042/628 526/1039/628 530/1062/628
f 536/1057/629 538/1063/629 539/1064/629
f 529/1042/630 527/1040/630 526/1039/630
f 526/1065/631 528/1066/631 538/1067/631
f 532/1053/632 540/1068/632 541/1069/632
f 533/1051/633 532/1053/633 541/1069/633
f 531/1049/634 538/1063/634 536/1057/634
f 536/1056/635 539/1070/636 534/1052/637
f 516/1000/638 531/1049/638 537/1058/638
f 531/1049/639 516/1000/639 515/999/639
f 530/1062/640 517/1001/640 529/1042/640
f 517/1001/641 530/1062/641 518/1002/641
f 531/1049/642 518/1003/642 530/1047/642
f 518/1003/643 531/1049/643 515/999/643
f 537/1071/644 519/1004/645 520/1006/646
f 542/1072/647 533/1051/647 541/1069/647
f 540/1068/648 542/1072/648 541/1069/648
f 523/1073/649 1973/1044/649 1972/1014/649
f 517/1035/650 1972/1034/650 1973/1074/650
f 1973/1074/651 529/1075/651 517/1035/651
f 542/1072/652 543/1076/652 504/976/652
f 505/977/653 504/976/653 508/1031/653
f 533/1051/654 542/1072/654 519/1004/654
f 504/976/655 519/1004/655 542/1072/655
f 520/1006/656 519/1004/656 503/975/656
f 514/1005/657 503/975/657 505/977/657
f 537/1071/658 520/1006/658 516/1077/658
f 520/1006/659 514/1005/659 516/1077/659
f 519/1004/645 537/1071/644 533/1051/660
f 537/1071/661 536/1056/661 533/1051/661
f 542/1072/662 506/1078/662 543/1076/662
f 508/980/663 507/979/663 525/1079/663
f 540/1080/664 1973/1044/664 521/1007/664
f 521/1081/665 506/1078/665 542/1072/665
f 521/1081/666 542/1072/666 540/1068/666
f 532/1050/667 1973/1044/667 540/1080/667
f 543/1076/668 506/1078/668 508/1031/668
f 543/1076/669 508/1031/669 504/976/669
f 508/1031/670 489/1023/670 505/977/670
f 525/1033/671 1967/1082/671 524/1024/671
f 525/1033/672 501/1015/672 1967/1082/672
f 523/1073/673 1972/1014/673 501/970/673
f 507/1016/674 501/1015/674 525/1033/674
f 521/1007/675 1973/1044/675 523/1073/675
f 523/1073/676 507/979/676 521/1007/676
f 1980/1083/677 1974/1045/677 535/1054/677
f 535/1054/678 544/1084/678 1980/1083/678
f 544/1085/679 535/1086/679 534/1087/679
f 1983/1088/680 545/1089/680 546/1090/680
f 1987/1091/681 546/1092/681 1979/1093/681
f 547/1094/682 548/1095/683 549/1096/684
f 550/1097/685 551/1098/685 549/1099/685
f 552/1100/686 553/1101/686 554/1102/686
f 555/1103/687 552/1100/687 556/1104/687
f 557/1105/688 558/1106/688 556/1104/688
f 559/1107/689 560/1108/689 1990/1109/689
f 1977/1110/690 1994/1111/690 561/1112/690
f 562/1113/691 563/1114/691 1994/1111/691
f 564/1115/692 1990/1116/692 1995/1117/692
f 560/1108/693 559/1107/694 565/1118/695
f 566/1119/696 565/1118/696 559/1107/696
f 567/1120/697 1978/1121/697 1975/1122/697
f 1975/1122/698 568/1123/698 567/1120/698
f 569/1124/699 570/1125/699 1977/1126/699
f 528/1041/700 557/1105/700 538/1127/700
f 527/1040/701 557/1105/701 528/1041/701
f 557/1105/702 527/1040/702 558/1106/702
f 571/1128/703 558/1106/704 527/1040/705
f 2022/1129/706 1980/1083/706 572/1130/706
f 544/1084/707 572/1130/707 1980/1083/707
f 573/1131/708 2023/1132/708 574/1133/708
f 572/1130/709 575/1134/709 2022/1129/709
f 576/1135/710 577/1136/710 578/1137/710
f 579/1138/711 580/1139/711 581/1140/711
f 1984/1141/712 1985/1142/712 582/1143/712
f 582/1143/713 583/1144/713 1984/1141/713
f 584/1145/714 1985/1146/714 1986/1147/714
f 584/1145/715 582/1148/715 1985/1146/715
f 585/1149/716 582/1143/716 584/1150/716
f 584/1145/717 1986/1147/717 586/1151/717
f 586/1151/718 585/1152/718 584/1145/718
f 1981/1153/719 574/1154/719 587/1155/719
f 587/1155/720 1982/1156/720 1981/1153/720
f 588/1157/721 578/1137/721 589/1158/721
f 589/1158/722 546/1159/722 588/1157/722
f 546/1159/723 1988/1160/723 588/1157/723
f 590/1161/724 591/1162/724 1987/1091/724
f 1988/1163/725 1987/1091/725 591/1162/725
f 592/1164/726 549/1096/726 548/1095/726
f 585/1149/727 544/1165/727 582/1143/727
f 583/1144/728 582/1143/728 544/1165/728
f 557/1166/729 593/1167/729 538/1063/729
f 594/1168/730 595/1169/730 593/1167/730
f 594/1170/731 556/1104/731 554/1102/731
f 566/1119/732 559/1107/732 596/1171/732
f 583/1144/733 596/1171/733 559/1107/733
f 1990/1109/734 1991/1172/734 559/1107/734
f 1991/1172/735 1984/1141/735 559/1107/735
f 1984/1141/736 583/1144/736 559/1107/736
f 597/1173/737 581/1174/737 598/1175/737
f 549/1096/738 592/1164/738 597/1173/738
f 547/1176/739 599/1177/739 571/1178/739
f 555/1179/740 571/1180/740 599/1181/740
f 600/1182/741 601/1183/741 602/1184/741
f 553/1185/742 552/1186/742 603/1187/742
f 603/1188/743 604/1189/743 601/1183/743
f 601/1183/744 604/1189/744 602/1184/744
f 600/1182/745 605/1190/745 606/1191/745
f 1978/1192/746 607/1193/746 1975/1194/746
f 608/1195/747 1993/1196/747 1975/1194/747
f 609/1197/748 568/1123/748 1993/1198/748
f 1976/1199/749 610/1200/749 611/1201/749
f 611/1201/750 1977/1126/750 1976/1199/750
f 1976/1202/751 1977/1110/751 612/1203/751
f 612/1203/752 613/1204/752 1976/1202/752
f 562/1205/753 614/1206/753 615/1207/753
f 614/1208/754 562/1209/754 616/1210/754
f 2018/1211/755 617/1212/755 618/1213/755
f 617/1214/756 2018/1215/756 619/1216/756
f 1989/1217/757 620/1218/757 621/1219/757
f 620/1220/758 1989/1221/758 622/1222/758
f 1994/1111/759 1977/1110/759 623/1223/759
f 570/1125/760 623/1224/760 1977/1126/760
f 563/1225/761 624/1226/761 561/1227/761
f 625/1228/762 610/1229/762 626/1230/762
f 625/1228/763 626/1230/764 627/1231/765
f 626/1230/764 628/1232/766 627/1231/765
f 1978/1192/767 2021/1233/767 607/1193/767
f 610/1234/768 613/1204/768 1992/1235/768
f 583/1144/769 629/1236/769 596/1171/769
f 534/1237/770 583/1144/770 544/1165/770
f 617/1212/771 630/1238/771 618/1213/771
f 614/1206/772 631/1239/772 632/1240/772
f 631/1241/773 620/1220/773 622/1222/773
f 631/1241/774 622/1222/774 632/1242/774
f 620/1243/775 633/1244/775 634/1245/775
f 633/1244/776 617/1214/776 619/1216/776
f 633/1244/777 619/1216/778 634/1245/779
f 596/1246/780 616/1210/780 566/1247/780
f 616/1210/781 596/1246/781 614/1208/781
f 538/1063/782 595/1169/782 539/1064/782
f 617/1214/783 635/1248/783 595/1169/783
f 635/1248/784 636/1249/784 539/1064/784
f 631/1241/785 636/1250/785 620/1220/785
f 637/1251/786 636/1252/786 631/1253/786
f 636/1254/787 633/1255/787 620/1256/787
f 631/1257/788 629/1258/788 637/1259/788
f 583/1144/789 534/1237/789 629/1236/789
f 565/1260/790 566/1247/790 616/1210/790
f 623/1224/791 570/1125/791 565/1260/791
f 611/1201/792 625/1261/793 567/1262/794
f 567/1262/795 568/1263/795 611/1201/795
f 570/1125/796 569/1124/796 609/1264/796
f 568/1263/797 609/1264/797 569/1124/797
f 1979/1265/798 638/1266/798 639/1267/798
f 1974/1045/799 1980/1083/799 548/1095/799
f 592/1164/800 548/1095/800 1980/1083/800
f 1980/1083/801 2022/1129/801 597/1173/801
f 597/1173/802 592/1164/802 1980/1083/802
f 2023/1132/803 573/1131/803 578/1268/803
f 580/1269/804 579/1270/804 2022/1129/804
f 589/1271/805 578/1268/805 1981/1272/805
f 1981/1272/806 1982/1273/806 589/1271/806
f 585/1149/807 572/1274/807 544/1165/807
f 640/1275/808 586/1276/808 641/1277/808
f 641/1277/809 575/1278/809 640/1275/809
f 587/1155/810 574/1154/810 641/1277/810
f 591/1279/811 590/1280/811 587/1155/811
f 638/1266/812 545/1089/812 1983/1088/812
f 1979/1093/813 590/1161/813 1987/1091/813
f 639/1281/814 590/1280/814 1979/1282/814
f 550/1097/815 581/1283/815 1984/1284/815
f 1985/1285/816 1984/1284/816 581/1283/816
f 1985/1285/817 581/1283/817 577/1286/817
f 576/1135/818 1986/1287/818 577/1136/818
f 546/1159/819 1987/1288/819 1988/1160/819
f 581/1283/820 550/1097/820 598/1289/820
f 547/1290/821 549/1099/821 551/1098/821
f 571/1128/703 555/1103/822 558/1106/704
f 571/1291/823 527/1292/823 548/1095/823
f 1974/1045/824 548/1095/824 527/1292/824
f 547/1094/682 571/1291/825 548/1095/683
f 603/1188/826 601/1183/826 2018/1293/826
f 601/1183/827 600/1182/827 1989/1294/827
f 600/1182/828 606/1191/828 562/1295/828
f 606/1296/829 563/1114/829 562/1113/829
f 1991/1297/830 1990/1116/830 606/1298/830
f 563/1299/831 606/1300/831 624/1301/831
f 606/1298/832 605/1302/832 1991/1297/832
f 1984/1284/833 551/1098/833 550/1097/833
f 626/1230/834 1992/1303/834 2021/1304/834
f 610/1229/835 1992/1303/835 626/1230/835
f 2021/1304/836 628/1232/836 626/1230/836
f 2021/1233/837 1992/1305/837 613/1306/837
f 604/1189/838 599/1307/838 602/1184/838
f 547/1290/839 551/1098/839 599/1307/839
f 555/1103/840 556/1104/840 558/1106/840
f 552/1308/841 555/1309/841 604/1189/841
f 556/1310/842 593/1167/842 557/1166/842
f 556/1104/843 552/1100/843 554/1102/843
f 555/1309/844 599/1307/844 604/1189/844
f 603/1188/845 552/1308/845 604/1189/845
f 605/1302/846 1984/1311/846 1991/1297/846
f 1984/1311/847 605/1302/847 551/1312/847
f 605/1190/848 602/1184/848 551/1098/848
f 600/1182/849 602/1184/849 605/1190/849
f 602/1184/850 599/1307/850 551/1098/850
f 596/1246/851 629/1313/851 614/1208/851
f 631/1239/852 614/1206/852 629/1314/852
f 635/1248/853 633/1244/853 636/1249/853
f 534/1052/637 539/1070/636 636/1315/854
f 595/1169/855 635/1248/855 539/1064/855
f 594/1168/856 642/1316/856 595/1169/856
f 534/1052/637 636/1315/854 637/1317/854
f 629/1258/857 534/1318/857 637/1259/857
f 617/1214/858 633/1244/858 635/1248/858
f 627/1319/859 567/1262/794 625/1261/793
f 627/1320/860 1978/1121/860 567/1120/860
f 569/1124/861 611/1201/861 568/1263/861
f 569/1124/862 1977/1126/862 611/1201/862
f 1975/1194/863 607/1193/863 608/1195/863
f 1993/1198/864 568/1123/864 1975/1122/864
f 561/1112/865 612/1203/865 1977/1110/865
f 561/1227/866 564/1115/866 608/1195/866
f 610/1234/867 1976/1202/867 613/1204/867
f 610/1200/868 625/1261/868 611/1201/868
f 1993/1198/869 560/1108/869 609/1197/869
f 560/1108/870 1995/1321/870 1990/1109/870
f 609/1264/871 565/1260/871 570/1125/871
f 565/1118/695 609/1197/872 560/1108/693
f 616/1210/873 623/1224/873 565/1260/873
f 623/1224/874 616/1210/874 1994/1322/874
f 562/1209/875 1994/1322/874 616/1210/874
f 561/1112/876 1994/1111/876 563/1114/876
f 560/1323/877 1993/1196/877 1995/1117/877
f 1995/1117/878 1993/1196/878 564/1115/878
f 607/1193/879 2021/1233/879 613/1306/879
f 607/1193/880 613/1306/880 608/1195/880
f 608/1195/881 613/1306/881 612/1324/881
f 612/1324/882 561/1227/882 608/1195/882
f 564/1115/883 1993/1196/883 608/1195/883
f 561/1227/884 624/1226/884 564/1115/884
f 624/1226/885 606/1298/885 1990/1116/885
f 624/1226/886 1990/1116/886 564/1115/886
f 615/1207/887 643/1325/887 562/1205/887
f 1996/1326/888 644/1327/888 645/1328/888
f 1989/1329/889 646/1330/889 644/1327/889
f 647/1331/890 648/1332/890 2002/1333/890
f 643/1325/891 615/1207/892 649/1334/893
f 632/1240/894 649/1334/894 615/1207/894
f 650/1335/895 1997/1336/895 1998/1337/895
f 1998/1337/896 651/1338/896 650/1335/896
f 652/1339/897 653/1340/897 1996/1341/897
f 1997/1342/898 654/1343/898 1998/1344/898
f 655/1345/899 656/1346/899 1998/1344/899
f 657/1347/900 651/1338/900 656/1348/900
f 1999/1349/901 2001/1350/901 658/1351/901
f 658/1351/902 1996/1341/902 1999/1349/902
f 1999/1352/903 1996/1326/903 659/1353/903
f 659/1353/904 660/1354/904 1999/1352/904
f 644/1355/905 1996/1341/905 661/1356/905
f 653/1340/906 661/1356/906 1996/1341/906
f 646/1357/907 648/1332/907 645/1358/907
f 662/1359/908 2001/1360/908 663/1361/908
f 662/1359/909 663/1361/909 664/1362/909
f 663/1361/910 665/1363/910 664/1362/910
f 1997/1342/911 2000/1364/911 654/1343/911
f 2001/1365/912 660/1354/912 666/1366/912
f 649/1367/913 632/1242/913 622/1222/913
f 661/1356/914 653/1340/915 649/1367/914
f 658/1351/916 662/1368/916 650/1369/916
f 650/1369/917 651/1370/917 658/1351/917
f 653/1340/918 652/1339/918 657/1371/918
f 651/1370/919 657/1371/919 652/1339/919
f 600/1372/920 646/1330/920 1989/1329/920
f 646/1373/921 600/1374/921 648/1375/921
f 663/1376/922 666/1377/922 2000/1364/922
f 2001/1365/923 666/1366/923 663/1378/923
f 2000/1364/924 665/1379/924 663/1376/924
f 2000/1364/925 666/1377/925 660/1380/925
f 664/1381/926 650/1369/926 662/1368/926
f 664/1382/927 1997/1336/927 650/1335/927
f 652/1339/928 658/1351/928 651/1370/928
f 652/1339/929 1996/1341/929 658/1351/929
f 1998/1344/930 654/1343/930 655/1345/930
f 656/1348/931 651/1338/931 1998/1337/931
f 645/1328/932 659/1353/932 1996/1326/932
f 645/1358/933 647/1331/933 655/1345/933
f 2001/1365/934 1999/1352/934 660/1354/934
f 2001/1350/935 662/1368/935 658/1351/935
f 656/1348/936 643/1325/936 657/1347/936
f 643/1325/937 2002/1383/937 562/1205/937
f 657/1371/938 649/1367/938 653/1340/938
f 649/1334/893 657/1347/939 643/1325/891
f 622/1222/940 661/1356/914 649/1367/914
f 661/1356/941 622/1222/941 644/1355/941
f 1989/1329/942 644/1327/942 622/1384/942
f 645/1328/943 644/1327/943 646/1330/943
f 643/1325/944 656/1348/944 2002/1383/944
f 2002/1333/945 656/1346/945 647/1331/945
f 654/1343/946 2000/1364/946 660/1380/946
f 654/1343/947 660/1380/947 655/1345/947
f 655/1345/948 660/1380/948 659/1385/948
f 659/1385/949 645/1358/949 655/1345/949
f 647/1331/950 656/1346/950 655/1345/950
f 645/1358/951 648/1332/951 647/1331/951
f 648/1332/952 600/1386/952 562/1387/952
f 648/1332/953 562/1387/953 2002/1333/953
f 632/1240/954 615/1207/954 614/1206/954
f 621/1219/955 667/1388/955 1989/1217/955
f 2003/1389/956 668/1390/956 669/1391/956
f 2018/1392/957 670/1393/957 668/1390/957
f 671/1394/958 672/1395/959 2009/1396/960
f 667/1388/961 621/1219/961 673/1397/961
f 634/1398/962 673/1397/962 621/1219/962
f 674/1399/963 2004/1400/963 2005/1401/963
f 2005/1401/964 675/1402/964 674/1399/964
f 676/1403/965 677/1404/965 2003/1405/965
f 2004/1406/966 678/1407/967 2005/1408/968
f 679/1409/969 680/1410/969 2005/1408/969
f 681/1411/970 675/1402/970 680/1412/970
f 2008/1413/971 2006/1414/971 682/1415/971
f 682/1415/972 2003/1405/973 2008/1413/974
f 2008/1416/975 2003/1389/975 683/1417/975
f 683/1417/976 684/1418/976 2008/1416/976
f 668/1419/977 2003/1405/977 685/1420/977
f 677/1404/978 685/1420/978 2003/1405/978
f 670/1421/979 672/1395/979 669/1422/979
f 686/1423/980 2006/1424/980 687/1425/980
f 686/1423/981 687/1425/981 688/1426/981
f 689/1427/982 2004/1428/982 688/1426/982
f 2004/1406/983 2020/1429/983 678/1407/983
f 2006/1430/984 684/1418/984 2007/1431/984
f 673/1432/985 634/1245/779 619/1216/778
f 685/1420/986 677/1404/987 673/1432/988
f 682/1415/989 686/1433/990 674/1434/991
f 674/1434/992 675/1435/992 682/1415/992
f 677/1404/993 676/1403/993 681/1436/993
f 675/1435/994 681/1436/994 676/1403/994
f 601/1437/995 670/1393/995 2018/1392/995
f 670/1438/996 601/1439/996 672/1440/996
f 687/1441/997 2007/1442/997 2020/1429/997
f 2006/1430/998 2007/1431/998 687/1443/998
f 2020/1429/999 2004/1406/999 689/1444/999
f 2020/1429/1000 2007/1442/1000 684/1445/1000
f 688/1446/1001 674/1434/991 686/1433/990
f 688/1447/1002 2004/1400/1002 674/1399/1002
f 676/1403/1003 682/1415/1003 675/1435/1003
f 676/1403/1004 2003/1405/973 682/1415/972
f 2005/1408/968 678/1407/967 679/1409/1005
f 680/1412/1006 675/1402/1006 2005/1401/1006
f 669/1391/1007 683/1417/1007 2003/1389/1007
f 669/1422/1008 671/1394/1008 679/1409/1008
f 2006/1430/1009 2008/1416/1009 684/1418/1009
f 2006/1414/1010 686/1433/1010 682/1415/1010
f 680/1412/1011 667/1388/1011 681/1411/1011
f 667/1388/1012 2009/1448/1012 1989/1217/1012
f 681/1436/1013 673/1432/988 677/1404/987
f 673/1397/1014 681/1411/1014 667/1388/1014
f 619/1216/778 685/1420/1015 673/1432/985
f 685/1420/1016 619/1216/1016 668/1419/1016
f 2018/1392/1017 668/1390/1017 619/1449/1017
f 669/1391/1018 668/1390/1018 670/1393/1018
f 667/1388/1019 680/1412/1019 2009/1448/1019
f 2009/1396/960 680/1410/1020 671/1394/958
f 678/1407/1021 2020/1429/1021 684/1445/1021
f 678/1407/1022 684/1445/1022 679/1409/1022
f 679/1409/1023 684/1445/1023 683/1450/1023
f 683/1450/1024 669/1422/1024 679/1409/1024
f 671/1394/1025 680/1410/1025 679/1409/1025
f 669/1422/1026 672/1395/1026 671/1394/1026
f 672/1395/1027 601/1451/1027 1989/1452/1027
f 672/1395/1028 1989/1452/1028 2009/1396/1028
f 634/1245/1029 621/1453/1029 620/1243/1029
f 618/1213/1030 690/1454/1030 2018/1211/1030
f 2012/1455/1031 2016/1456/1031 691/1457/1031
f 554/1102/1032 692/1458/1032 2016/1456/1032
f 693/1459/1033 694/1460/1033 2017/1461/1033
f 690/1454/1034 618/1213/1034 695/1462/1034
f 630/1238/1035 695/1462/1035 618/1213/1035
f 696/1463/1036 2010/1464/1036 2013/1465/1036
f 2013/1465/1037 697/1466/1037 696/1463/1037
f 698/1467/1038 699/1468/1039 2012/1469/1039
f 2010/1470/1040 700/1471/1040 2013/1472/1040
f 701/1473/1041 2014/1474/1041 2013/1472/1041
f 702/1475/1042 697/1466/1042 2014/1476/1042
f 703/1477/1043 2015/1478/1043 704/1479/1043
f 704/1479/1044 2012/1469/1044 703/1477/1044
f 703/1480/1045 2012/1455/1045 705/1481/1045
f 705/1481/1046 706/1482/1046 703/1480/1046
f 2016/1483/1047 2012/1469/1048 707/1484/1049
f 699/1468/1039 707/1484/1039 2012/1469/1039
f 692/1485/1050 694/1460/1050 691/1486/1050
f 708/1487/1051 2015/1478/1051 709/1488/1051
f 708/1489/1052 709/1490/1052 710/1491/1052
f 711/1492/1053 2010/1493/1053 710/1491/1053
f 2010/1470/1054 2019/1494/1054 700/1471/1054
f 2015/1495/1055 706/1482/1055 2011/1496/1055
f 707/1484/1056 630/1497/1056 712/1498/1056
f 707/1484/1057 699/1468/1057 695/1499/1057
f 704/1479/1058 708/1487/1059 696/1500/1060
f 696/1500/1060 697/1501/1061 704/1479/1058
f 699/1468/1062 698/1467/1062 702/1502/1062
f 697/1501/1063 702/1502/1063 698/1467/1063
f 553/1101/1064 692/1458/1064 554/1102/1064
f 692/1485/1065 553/1185/1065 694/1460/1065
f 709/1490/1066 2011/1503/1066 2019/1504/1066
f 2015/1495/1067 2011/1496/1067 709/1505/1067
f 2019/1494/1068 2010/1470/1068 711/1506/1068
f 2019/1494/1069 2011/1507/1069 706/1508/1069
f 710/1509/1070 696/1500/1060 708/1487/1059
f 710/1510/1071 2010/1464/1071 696/1463/1071
f 698/1467/1072 704/1479/1072 697/1501/1072
f 698/1511/1073 2012/1512/1073 704/1513/1073
f 2013/1472/1074 700/1471/1074 701/1473/1074
f 2014/1476/1075 697/1466/1075 2013/1465/1075
f 691/1457/1076 705/1481/1076 2012/1455/1076
f 691/1486/1077 693/1459/1077 701/1473/1077
f 2015/1495/1078 703/1480/1078 706/1482/1078
f 2015/1478/1079 708/1487/1079 704/1479/1079
f 2014/1476/1080 690/1454/1080 702/1475/1080
f 690/1454/1081 2017/1514/1081 2018/1211/1081
f 702/1502/1082 695/1499/1082 699/1468/1082
f 695/1462/1083 702/1475/1083 690/1454/1083
f 630/1497/1084 707/1484/1084 695/1499/1084
f 707/1484/1049 712/1498/1085 2016/1483/1047
f 554/1102/1086 2016/1456/1086 712/1515/1086
f 691/1457/1087 2016/1456/1087 692/1458/1087
f 690/1454/1088 2014/1476/1088 2017/1514/1088
f 2017/1461/1089 2014/1474/1089 693/1459/1089
f 700/1471/1090 2019/1494/1090 706/1508/1090
f 700/1471/1091 706/1508/1091 701/1473/1091
f 701/1473/1092 706/1508/1092 705/1516/1092
f 705/1516/1093 691/1486/1093 701/1473/1093
f 693/1459/1094 2014/1474/1094 701/1473/1094
f 691/1486/1095 694/1460/1095 693/1459/1095
f 694/1460/1096 553/1185/1096 2018/1517/1096
f 694/1460/1097 2018/1517/1097 2017/1461/1097
f 712/1515/1098 594/1170/1098 554/1102/1098
f 2018/1517/1099 553/1185/1099 603/1187/1099
f 630/1497/1100 713/1518/1100 712/1498/1100
f 630/1497/1101 617/1214/1101 713/1518/1101
f 556/1310/1102 594/1168/1102 593/1167/1102
f 593/1167/1103 595/1169/1103 538/1063/1103
f 1982/1519/1104 638/1266/1104 1983/1088/1104
f 638/1520/1105 1982/1156/1105 639/1281/1105
f 638/1266/1106 1979/1265/1106 545/1089/1106
f 545/1089/1107 1979/1265/1107 546/1090/1107
f 586/1276/1108 591/1279/1108 641/1277/1108
f 591/1162/1109 586/1151/1109 1988/1163/1109
f 639/1281/1110 587/1155/1110 590/1280/1110
f 639/1281/1111 1982/1156/1111 587/1155/1111
f 573/1131/1112 1981/1272/1112 578/1268/1112
f 573/1521/1113 574/1154/1113 1981/1153/1113
f 1986/1147/1114 1988/1163/1114 586/1151/1114
f 588/1157/1115 1988/1160/1115 1986/1287/1115
f 588/1157/1116 1986/1287/1116 576/1135/1116
f 576/1135/1117 578/1137/1117 588/1157/1117
f 1983/1522/1118 589/1271/1118 1982/1273/1118
f 1983/1523/1119 546/1159/1119 589/1158/1119
f 641/1277/1120 591/1279/1120 587/1155/1120
f 575/1278/1121 572/1274/1121 640/1275/1121
f 579/1270/1122 597/1173/1122 2022/1129/1122
f 579/1524/1123 581/1525/1123 597/1526/1123
f 577/1136/1124 1986/1287/1124 1985/1527/1124
f 577/1286/1125 581/1283/1125 580/1528/1125
f 578/1268/1126 580/1269/1126 2023/1132/1126
f 580/1529/1127 578/1137/1127 577/1136/1127
f 709/1490/1128 711/1492/1128 710/1491/1128
f 2019/1504/1129 711/1492/1129 709/1490/1129
f 687/1425/1130 689/1427/1130 688/1426/1130
f 2020/1429/1131 689/1444/1131 687/1441/1131
f 2000/1364/1132 1997/1342/1132 665/1379/1132
f 665/1363/1133 1997/1530/1133 664/1362/1133
f 2021/1531/1134 1978/1121/1134 628/1532/1134
f 628/1532/1135 1978/1121/1135 627/1320/1135
f 642/1316/1136 617/1214/1136 595/1169/1136
f 642/1316/1137 594/1168/1137 712/1498/1137
f 598/1289/820 550/1097/820 549/1099/820
f 597/1173/737 598/1175/737 549/1096/1138
f 640/1275/1139 572/1274/1139 585/1149/1139
f 585/1152/1140 586/1151/1140 640/1533/1140
f 574/1154/1141 575/1278/1141 641/1277/1141
f 575/1134/1142 574/1133/1142 2023/1132/1142
f 2022/1129/1143 2023/1132/1143 580/1269/1143
f 2023/1132/1144 2022/1129/1144 575/1134/1144
f 713/1518/1145 617/1214/1145 642/1316/1145
f 713/1518/1146 642/1316/1146 712/1498/1146
f 487/950/1147 509/1012/1147 510/1010/1147
f 510/982/1148 494/961/1148 492/959/1148
f 495/962/1149 714/1534/1149 509/1012/1149
f 714/1535/1150 494/961/1150 509/981/1150
f 511/983/1151 487/950/1151 488/952/1151
f 499/1536/1152 511/1537/1152 488/1538/1152
f 494/961/1153 714/1535/1153 496/992/1153
f 495/962/1154 496/964/1154 714/1534/1154
f 716/1539/1155 2024/1540/1155 2029/1541/1155
f 724/1542/1156 2029/1543/1156 2026/1544/1156
f 2029/1543/1157 724/1542/1157 718/1545/1157
f 717/1546/1158 718/1547/1158 724/1548/1158
f 718/1547/1159 717/1546/1159 719/1549/1159
f 716/1550/1160 720/1551/1160 2114/1552/1160
f 716/1539/1161 2114/1553/1161 2024/1540/1161
f 727/1554/1162 721/1555/1162 2027/1556/1162
f 725/1557/1163 2028/1558/1163 2025/1559/1163
f 2027/1556/1164 724/1542/1164 2026/1544/1164
f 724/1542/1165 2027/1556/1165 721/1555/1165
f 721/1560/1166 717/1546/1166 724/1548/1166
f 717/654/1167 721/1555/1167 722/655/1167
f 2116/1561/1168 725/1557/1168 2025/1559/1168
f 725/1557/1169 2116/1561/1169 726/1562/1169
f 726/1563/1170 723/668/1170 725/669/1170
f 723/1564/1171 726/1565/1171 828/642/1171
f 725/1557/1172 727/1554/1172 2028/1558/1172
f 727/1554/1173 2027/1556/1173 2028/1558/1173
f 718/1545/1174 716/1566/1174 2029/1543/1174
f 719/1549/1175 716/647/1175 718/1547/1175
f 716/647/1176 719/1549/1176 412/645/1176
f 728/819/1177 2032/816/1177 1952/815/1177
f 730/1567/1178 820/1568/1178 752/1569/1178
f 728/813/1179 761/1570/1179 753/1571/1179
f 731/824/1180 809/833/1180 436/713/1180
f 809/833/1181 731/824/1181 740/1572/1181
f 740/1573/1182 807/814/1182 809/1574/1182
f 807/814/1183 740/1573/1183 741/1575/1183
f 2032/1576/1184 742/1577/1184 433/1578/1184
f 731/824/1185 437/715/1185 433/866/1185
f 731/824/1186 762/1579/1186 751/1580/1186
f 762/1579/1187 731/824/1187 742/867/1187
f 2032/816/1188 757/1581/1188 2033/1582/1188
f 740/1572/1189 758/1583/1189 755/1584/1189
f 741/1575/1190 759/1585/1190 750/1586/1190
f 742/1587/1191 760/836/1191 756/1588/1191
f 733/853/1192 750/1589/1193 457/850/1194
f 750/1589/1195 733/853/1195 820/1590/1195
f 734/1591/1196 754/1592/1196 455/849/1196
f 754/1592/1197 734/1591/1197 761/1593/1197
f 735/848/1198 752/1594/1198 456/845/1198
f 752/1594/1199 735/848/1199 754/1592/1199
f 756/1588/1200 739/1595/1200 762/1596/1200
f 739/1595/1201 756/1588/1201 459/1597/1201
f 744/804/1202 773/770/1203 448/763/1204
f 744/804/394 775/803/393 773/770/1205
f 744/804/1206 2030/800/1206 474/706/1206
f 803/789/1207 789/1598/1207 843/1599/1207
f 441/791/380 789/1598/1208 803/789/378
f 745/1600/1209 789/1598/1209 441/791/1209
f 797/760/1210 853/738/1210 855/1601/1210
f 2031/765/1211 804/742/1211 805/764/1211
f 804/740/1212 2031/1602/1212 746/741/1212
f 450/1603/1213 2036/749/1213 856/1604/1213
f 748/1605/1214 447/794/1214 780/775/1214
f 782/779/1215 748/1605/1216 781/777/1217
f 748/1605/1216 782/779/1215 449/781/1218
f 857/1606/1219 747/769/373 774/772/372
f 747/769/1220 857/1606/1220 856/1604/1220
f 749/678/1221 421/798/1221 830/1607/1221
f 845/681/1222 749/678/1222 830/1607/1222
f 749/678/1223 799/694/1223 421/798/1223
f 421/798/1224 799/694/1224 798/796/1224
f 728/819/1225 757/1581/1225 2032/816/1225
f 757/1581/1226 728/819/1226 753/1608/1226
f 731/824/1227 758/1583/1227 740/1572/1227
f 758/1583/1228 731/824/1228 751/1580/1228
f 740/1573/1229 759/1585/1229 741/1575/1229
f 759/1585/1230 740/1573/1230 755/1609/1230
f 2032/816/1231 760/1610/1231 742/1611/1231
f 760/1610/1232 2032/816/1232 2033/1582/1232
f 733/853/1233 752/1594/1233 820/1590/1233
f 752/1612/1234 733/1613/1234 456/1614/1234
f 734/1591/1235 753/1615/1235 761/1593/1235
f 753/808/1236 734/844/1236 454/811/1236
f 754/1592/1237 735/848/1237 455/849/1237
f 751/820/409 739/1595/1238 460/823/410
f 739/1595/1239 751/820/1239 762/1596/1239
f 732/809/1240 2033/1616/1240 757/810/1240
f 2033/834/1241 732/1617/1241 2034/837/1241
f 736/821/1242 755/825/1243 758/822/1244
f 755/825/1243 736/821/1242 458/828/1245
f 750/1589/1193 737/826/1246 457/850/1194
f 737/826/413 750/1589/1247 759/827/414
f 738/835/1248 756/1588/1248 760/836/1248
f 756/1588/1249 738/835/1249 459/1597/1249
f 741/1575/1250 820/1618/1250 814/1619/1250
f 750/1586/1251 820/1618/1251 741/1575/1251
f 729/812/1252 761/1570/1252 728/813/1252
f 761/1570/1253 729/812/1253 754/1620/1253
f 730/1621/1254 754/1620/1254 729/812/1254
f 754/1620/1255 730/1621/1255 752/1622/1255
f 756/1623/1256 762/1579/1256 742/867/1256
f 784/795/1257 763/690/1257 779/691/1257
f 763/690/1258 784/795/1259 765/806/1260
f 763/690/1261 771/1624/1261 769/701/1261
f 765/806/1260 771/1624/1262 763/690/1258
f 768/730/1263 769/1625/1263 764/728/1263
f 770/805/1264 771/1624/1264 765/806/1264
f 772/727/1265 850/685/1265 425/689/1265
f 850/685/1266 772/727/1266 413/1626/1266
f 413/1626/1267 772/727/1267 767/726/1267
f 772/727/1268 468/887/1268 464/725/1268
f 767/726/1269 464/725/1269 462/938/1269
f 462/1627/1270 785/1628/1270 767/1629/1270
f 772/1630/1271 768/730/1271 468/729/1271
f 773/770/1203 774/772/1272 448/763/1204
f 2185/757/1273 450/774/1273 857/767/1273
f 770/703/1274 775/803/1274 474/706/1274
f 447/794/1275 775/807/1275 743/792/1275
f 775/803/1276 447/773/1276 773/770/1276
f 774/772/1277 449/1631/1277 857/1606/1277
f 449/1631/1278 774/772/1278 748/771/1278
f 771/1624/1279 764/900/1279 769/701/1279
f 764/1632/1280 771/705/1280 766/704/1280
f 776/1633/1281 413/665/1281 723/663/1281
f 828/1634/1282 776/1635/1282 723/1636/1282
f 835/1637/1283 849/686/1283 851/1638/1283
f 849/686/1284 835/1637/1284 777/684/1284
f 776/641/1285 829/643/1285 851/1638/1285
f 777/684/1286 835/1637/1286 836/1639/1286
f 778/688/1287 777/684/1287 836/1639/1287
f 778/688/1288 763/690/1288 426/687/1288
f 846/1640/1289 778/688/1289 836/1639/1289
f 778/688/1290 846/1640/1290 779/691/1290
f 780/775/1291 781/777/1291 748/1605/1291
f 780/775/1292 783/793/1292 839/778/1292
f 784/795/1293 743/792/1293 765/806/1293
f 842/1641/1294 784/795/1295 831/1642/1296
f 784/795/1295 842/1641/1294 783/793/1297
f 783/793/1298 842/1641/1298 839/778/1298
f 844/776/1299 782/779/1299 781/777/1299
f 782/779/1300 844/776/1300 840/1643/1300
f 779/691/1301 831/1642/1301 784/795/1301
f 831/1642/1302 779/691/1302 846/1640/1302
f 785/1628/1303 462/1627/458 420/1644/460
f 472/1645/1304 799/694/1304 469/889/1304
f 786/886/1305 799/694/1305 787/693/1305
f 799/694/1306 786/886/1306 469/889/1306
f 786/886/1307 787/693/1307 788/699/1307
f 790/753/1308 858/1646/1309 852/737/1310
f 830/1607/1311 791/788/1311 847/787/1311
f 791/788/1312 830/1607/1312 421/798/1312
f 792/790/1313 791/788/1313 421/798/1313
f 792/790/1314 800/797/1314 441/791/1314
f 2030/800/1315 793/799/1315 2035/802/1315
f 794/1647/1316 800/797/1317 472/1645/1318
f 472/895/1319 793/799/1319 794/801/1319
f 793/799/1320 472/895/1320 2035/802/1320
f 795/745/1321 745/1600/1321 441/791/1321
f 795/745/1322 796/746/1322 745/1600/1322
f 797/760/1323 2187/754/1323 442/736/1323
f 800/797/1317 798/796/1324 472/1645/1318
f 444/739/1325 800/797/1325 794/1647/1325
f 800/797/1326 444/739/1326 795/745/1326
f 446/759/1327 855/1601/1327 854/1648/1327
f 798/796/1328 799/694/1328 472/1645/1328
f 848/676/1329 801/677/1329 834/679/1329
f 801/677/1330 424/680/1330 834/679/1330
f 787/693/1331 801/677/1331 802/692/1331
f 801/677/1332 787/693/1332 424/680/1332
f 803/789/1333 843/1599/1333 838/786/1333
f 805/764/1334 804/742/1334 443/744/1334
f 806/1649/1335 814/1650/1335 730/1651/1335
f 814/1650/1336 806/1649/1336 815/1652/1336
f 808/838/1337 730/1621/1337 729/812/1337
f 808/838/1338 806/832/1338 730/1621/1338
f 809/1574/1339 807/814/1339 432/723/1339
f 810/661/1340 811/662/1340 420/667/1340
f 811/662/1341 419/660/1341 420/667/1341
f 813/830/1342 812/709/1342 430/708/1342
f 815/831/1343 430/708/1344 807/814/1345
f 430/708/1344 815/831/1343 813/830/1346
f 1958/934/1347 817/908/1348 1959/907/1349
f 817/908/1348 1958/934/1347 477/1653/1350
f 1959/907/1351 476/906/1351 478/933/1351
f 818/942/1352 431/720/1352 484/1654/1352
f 818/942/1353 817/943/536 480/911/535
f 1959/907/1354 467/882/1354 819/935/1354
f 467/882/1355 1959/907/1355 478/933/1355
f 810/661/1356 816/880/1356 417/658/1356
f 818/942/1357 812/709/1357 431/720/1357
f 819/935/1358 816/880/1358 465/879/1358
f 814/1655/1359 820/1656/1359 730/1657/1359
f 814/1619/1360 815/831/1360 741/1575/1360
f 815/1658/1361 807/1659/1361 741/1660/1361
f 822/696/1362 821/695/1362 416/1661/1362
f 427/868/1363 822/696/1363 416/1661/1363
f 822/696/1364 427/868/1364 823/697/1364
f 824/870/1365 823/697/1365 427/868/1365
f 823/697/1366 825/698/1366 422/673/1366
f 825/698/1367 823/697/1367 824/870/1367
f 825/698/1368 826/885/1368 788/699/1368
f 413/1626/1369 849/686/1370 850/685/1371
f 849/686/1370 413/1626/1369 776/641/1372
f 850/685/1373 777/684/1373 425/689/1373
f 851/1638/1374 849/686/1374 776/641/1374
f 852/737/1375 442/736/1375 790/753/1375
f 852/737/1376 745/1600/1376 853/738/1376
f 745/1600/1377 852/737/1377 789/1598/1377
f 854/748/1378 445/747/1378 446/1662/1378
f 854/748/1379 2031/765/1379 2036/749/1379
f 2031/1602/1380 854/1648/1380 746/741/1380
f 745/1600/1381 855/1601/1381 853/738/1381
f 855/1601/1382 745/1600/1382 796/746/1382
f 853/738/1383 797/760/1383 442/736/1383
f 2036/749/1384 450/1603/1384 445/747/1384
f 2036/749/1385 747/769/1385 856/1604/1385
f 747/769/1386 2036/749/1386 2031/765/1386
f 856/1604/1387 857/1606/1387 450/1603/1387
f 858/1646/1388 790/753/1388 837/752/1388
f 852/737/1389 843/1599/1389 789/1598/1389
f 843/1599/1390 852/737/1310 858/1646/1309
f 854/1648/1391 796/746/1391 746/741/1391
f 796/746/1392 854/1648/1392 855/1601/1392
f 855/1601/1393 446/759/1393 797/760/1393
f 827/638/1394 859/1663/1394 860/1664/1394
f 1221/1665/1395 829/643/268 828/642/267
f 720/644/1396 841/646/1396 860/1666/1396
f 860/1666/1397 1161/1667/1397 720/644/1397
f 1165/1668/1398 1166/1669/1399 862/1670/1400
f 862/1670/1400 1170/1671/1401 1165/1668/1398
f 841/652/1402 827/638/1402 860/1664/1402
f 863/1672/1403 1166/1669/1403 1162/1673/1403
f 864/1674/1404 865/1675/1404 866/1676/1404
f 1166/1669/1405 867/1677/1405 862/1670/1405
f 863/1672/1406 865/1675/1406 1254/1678/1406
f 1254/1678/1407 1255/1679/1407 863/1672/1407
f 1167/1680/1408 867/1677/1408 1212/1681/1408
f 1166/1669/1409 863/1672/1409 1255/1679/1409
f 1255/1679/1410 867/1677/1410 1166/1669/1410
f 1212/1681/1411 861/1682/1411 1167/1680/1411
f 867/1677/1412 868/1683/1412 1230/1684/1412
f 1212/1681/1413 867/1677/1413 1230/1684/1413
f 1162/1673/1414 864/1674/1415 866/1676/1416
f 862/1670/1417 867/1677/1417 1167/1680/1417
f 1170/1685/1418 862/1686/1418 1167/1687/1418
f 1167/1687/1419 1169/1688/1419 1170/1685/1419
f 1164/1689/1420 860/1664/1420 859/1663/1420
f 1164/1689/1421 859/1663/1421 1265/1690/1421
f 1265/1690/1422 864/1674/1422 1164/1689/1422
f 1162/1673/1414 1164/1689/1423 864/1674/1415
f 866/1676/1424 863/1672/1424 1162/1673/1424
f 865/1675/1425 863/1672/1425 866/1676/1425
f 832/672/1426 833/674/1426 870/1691/1426
f 833/674/1427 871/1692/1427 870/1691/1427
f 871/1692/1428 833/674/1428 848/676/1428
f 848/676/1429 1246/1693/1429 871/1692/1429
f 1193/1694/1430 872/1695/1430 834/679/1430
f 834/679/1431 845/681/1431 1193/1694/1431
f 870/1691/1432 827/682/1432 832/672/1432
f 870/1691/1433 859/1696/1433 827/682/1433
f 1222/1697/1434 1271/1698/1434 1272/1699/1434
f 874/1700/1435 1223/1701/1436 1222/1697/1437
f 1222/1697/1437 873/1702/1438 874/1700/1435
f 1208/1703/1439 1224/1704/1439 1223/1701/1439
f 871/1692/1440 1246/1693/1440 1247/1705/1440
f 1193/1706/1441 1244/1707/1441 1232/1708/1441
f 1232/1708/1442 872/1709/1442 1193/1706/1442
f 859/1663/1443 1266/1710/1443 1265/1690/1443
f 1267/1711/1444 859/1663/1444 870/1712/1444
f 859/1663/1445 1267/1711/1445 1266/1710/1445
f 871/1692/1446 1269/1713/1446 870/1691/1446
f 1247/1714/1447 1232/1708/1447 1233/1715/1447
f 871/1692/1448 1247/1705/1448 1233/1716/1448
f 871/1692/1449 1233/1716/1449 1269/1713/1449
f 875/1717/1450 865/1675/1450 864/1674/1450
f 874/1700/1451 1214/1718/1451 1208/1703/1451
f 1214/1718/1452 874/1700/1452 1213/1719/1452
f 1215/1720/1453 1216/1721/1453 1211/1722/1453
f 1211/1722/1454 919/1723/1454 1215/1720/1454
f 877/1724/1455 1256/1725/1455 878/1726/1455
f 886/1727/1456 876/1728/1456 883/1729/1456
f 884/1730/1457 885/1731/1457 888/1732/1457
f 882/1733/1458 879/1734/1458 928/1735/1458
f 928/1735/1459 876/1736/1459 882/1733/1459
f 1256/1737/1460 879/1734/1460 882/1733/1460
f 882/1738/1461 1257/1739/1461 1256/1725/1461
f 880/1740/1462 887/1741/1462 877/1742/1462
f 909/1743/1463 1217/1744/1463 1212/1745/1463
f 1209/1746/1464 1213/1719/1464 913/1747/1464
f 887/1741/1465 880/1740/1466 884/1730/1467
f 873/1702/1468 1217/1744/1468 1213/1719/1468
f 1213/1719/1469 874/1700/1469 873/1702/1469
f 882/1733/1470 876/1736/1470 886/1748/1470
f 884/1730/1471 888/1732/1471 1160/1749/1471
f 1160/1749/1472 887/1741/1465 884/1730/1467
f 878/1750/1473 880/1740/1473 877/1742/1473
f 890/1751/1474 1274/1752/1474 1273/1753/1474
f 892/1754/1475 1189/1755/1475 1249/1756/1475
f 1249/1756/1476 891/1757/1476 892/1754/1476
f 1240/1758/1477 1241/1759/1477 1189/1755/1477
f 1189/1755/1478 892/1754/1478 1240/1758/1478
f 2037/1760/1479 1276/1761/1479 1275/1762/1479
f 2145/1763/1480 837/752/1480 410/751/1480
f 2145/1763/1481 890/1751/1481 1235/1764/1481
f 1235/1764/1482 837/752/1482 2145/1763/1482
f 890/1765/1483 2145/1766/1483 2144/1767/1483
f 2038/1768/1484 2141/1769/1484 2037/1760/1484
f 2140/1770/1485 893/1771/1485 2144/1767/1485
f 893/1771/1486 1242/1772/1486 2144/1767/1486
f 893/1771/1487 2140/1770/1487 2037/1760/1487
f 895/1773/1488 891/1774/1488 2122/1775/1488
f 2122/1775/1489 1190/1776/1489 895/1773/1489
f 2143/1777/1490 1279/1778/1490 2141/1779/1490
f 895/1773/1491 1190/1776/1491 1191/1780/1491
f 1218/1781/1492 1219/1782/1492 1192/1783/1492
f 1192/1783/1493 894/1784/1493 1218/1781/1493
f 897/1785/1494 2037/1786/1494 2141/1787/1494
f 1225/1788/1495 1226/1789/1495 844/776/1495
f 844/776/1496 839/778/1496 1225/1788/1496
f 1227/1790/1497 896/1791/1497 2143/1777/1497
f 2143/1792/1498 2142/782/1498 1227/1793/1498
f 2142/782/1499 840/785/1499 1227/1793/1499
f 2140/1770/1500 2038/1768/1500 2037/1760/1500
f 896/1791/1501 1279/1778/1501 2143/1777/1501
f 895/1773/1502 1191/1780/1502 1219/1782/1502
f 838/786/1503 1236/1794/1504 847/787/1505
f 1248/1795/1506 1237/1796/1506 1236/1794/1506
f 1248/1795/1507 889/1797/1507 1237/1796/1507
f 838/786/1503 1248/1795/1508 1236/1794/1504
f 1225/1788/1509 1228/1798/1510 1186/1799/1511
f 1186/1799/1512 894/1784/1512 1225/1788/1512
f 1186/1799/1513 1228/1798/1513 1229/1800/1513
f 1237/1801/1514 1245/1802/1514 1243/1803/1514
f 1243/1803/1515 869/1804/1515 1237/1801/1515
f 1238/1805/1516 891/1757/1516 2121/1806/1516
f 891/1757/1517 1238/1805/1517 892/1754/1517
f 889/1807/1518 1240/1758/1518 1245/1802/1518
f 892/1754/1519 1238/1805/1520 1239/1808/1521
f 2121/1806/1522 919/1809/1523 2124/1810/1524
f 919/1723/1525 1187/1811/1525 1220/1812/1525
f 1186/1799/1526 1210/1813/1526 1215/1720/1526
f 1215/1720/1527 1220/1812/1527 1186/1799/1527
f 891/1757/1528 895/1814/1528 1187/1815/1528
f 1187/1815/1529 2121/1806/1529 891/1757/1529
f 1197/1816/1530 1201/1817/1530 1175/1818/1530
f 1175/1818/1531 899/1819/1531 1197/1816/1531
f 883/1729/1532 1171/1820/1532 1172/1821/1532
f 880/1822/1533 878/1726/1533 1251/1823/1533
f 2119/1824/1534 881/1825/1534 2120/1826/1534
f 2119/1827/1535 1171/1820/1535 883/1729/1535
f 1195/1828/1536 1202/1829/1536 1179/1830/1536
f 1179/1830/1537 905/1831/1538 1195/1828/1539
f 884/1730/1540 1174/1832/1540 885/1731/1540
f 1199/1833/1541 1203/1834/1542 1180/1835/1543
f 1180/1835/1544 903/1836/1544 1199/1833/1544
f 1250/1837/1545 1259/1838/1545 1257/1739/1545
f 1257/1739/1546 882/1738/1546 1250/1837/1546
f 884/1730/1547 880/1740/1547 1253/1839/1547
f 2123/1840/1548 1204/1841/1548 1181/1842/1548
f 1181/1842/1549 898/1843/1549 2123/1840/1549
f 883/1729/1550 1172/1821/1550 1252/1844/1550
f 1252/1844/1551 886/1727/1551 883/1729/1551
f 899/1845/1552 2057/1846/1552 2053/1847/1552
f 2057/1846/1553 899/1845/1553 1175/1848/1553
f 1175/1849/1554 898/1850/1554 2057/1851/1554
f 900/1852/1555 2053/1847/1555 2051/1853/1555
f 2053/1847/1556 900/1852/1556 1177/1854/1556
f 1177/1854/1557 899/1845/1557 2053/1847/1557
f 901/1855/1558 2051/1856/1558 2048/1857/1558
f 2051/1856/1559 901/1855/1559 1178/1858/1559
f 1178/1858/1560 900/1859/1560 2051/1856/1560
f 902/1860/1561 1207/1861/1561 2052/1862/1561
f 1207/1861/1562 902/1860/1562 1176/1863/1562
f 2048/1857/1563 1207/1861/1564 1176/1863/1565
f 2048/1857/1563 1176/1863/1565 901/1855/1566
f 903/1864/1567 2052/1862/1567 2055/1865/1567
f 2052/1862/1568 903/1864/1568 1180/1866/1568
f 1180/1866/1569 902/1860/1569 2052/1862/1569
f 2054/1867/1570 904/1868/1570 1182/1869/1570
f 1182/1869/1571 905/1831/1571 2054/1867/1571
f 904/1868/1572 2054/1867/1572 2058/1870/1572
f 2055/1871/1573 905/1831/1573 1179/1830/1573
f 1179/1830/1574 903/1836/1574 2055/1871/1574
f 905/1831/1575 2055/1871/1575 2054/1867/1575
f 898/1850/1576 2058/1870/1577 2057/1851/1578
f 2058/1870/1577 898/1850/1576 1181/1872/1579
f 1181/1872/1580 904/1868/1580 2058/1870/1580
f 881/1825/1581 1174/1873/1581 1185/1874/1581
f 886/1875/1582 1252/1876/1582 1250/1837/1582
f 1250/1877/1583 882/1733/1583 886/1748/1583
f 875/1878/1584 1268/1879/1584 906/1880/1584
f 907/1881/1585 868/1882/1586 908/1883/1587
f 2045/1884/1588 909/1743/1589 2047/1885/1590
f 2047/1885/1591 907/1881/1591 910/1886/1591
f 910/1887/1592 908/1888/1592 1260/1889/1592
f 911/1890/1593 912/1891/1593 875/1717/1593
f 1268/1879/1594 2039/1892/1594 906/1880/1594
f 911/1893/1595 875/1878/1595 906/1880/1595
f 1233/1715/1596 1231/1894/1596 1270/1895/1596
f 913/1747/1597 909/1743/1597 2043/1896/1597
f 914/1897/1598 915/1898/1598 1231/1894/1598
f 2040/1899/1599 916/1900/1599 2039/1901/1599
f 2046/1902/1600 917/1903/1600 2124/1810/1600
f 1211/1722/1601 2042/1904/1601 918/1905/1601
f 2042/1904/1602 1211/1722/1602 1209/1746/1602
f 1209/1746/1603 913/1747/1603 2043/1896/1603
f 2124/1810/1604 919/1809/1604 920/1906/1604
f 2042/1907/1605 2041/1908/1606 918/1909/1607
f 921/1910/1608 1261/1911/1608 2125/1912/1608
f 922/1913/1609 925/1914/1609 924/1915/1609
f 2047/1885/1610 2044/1916/1610 922/1913/1610
f 2039/1917/1611 916/1918/1611 906/1919/1611
f 2119/1824/1612 916/1900/1612 2040/1899/1612
f 881/1825/1613 2040/1899/1613 2042/1920/1613
f 2119/1824/1614 2040/1899/1614 881/1825/1614
f 2042/1904/1615 888/1732/1615 885/1731/1615
f 923/1921/1616 927/1922/1616 921/1910/1616
f 927/1922/1617 923/1921/1617 911/1890/1617
f 916/1923/1618 883/1924/1618 876/1925/1618
f 916/1900/1619 2119/1824/1619 883/1926/1619
f 911/1927/1620 926/1928/1620 927/1929/1620
f 926/1928/1621 911/1927/1621 906/1919/1621
f 2042/1920/1622 885/1930/1622 881/1825/1622
f 2043/1896/1623 2042/1904/1623 1209/1746/1623
f 2042/1904/1624 2043/1896/1624 888/1732/1624
f 2039/1901/1625 2041/1931/1625 2040/1899/1625
f 2040/1899/1626 2041/1931/1626 2042/1920/1626
f 1269/1932/1627 1270/1895/1627 2039/1933/1627
f 2039/1933/1628 1268/1934/1628 1269/1932/1628
f 917/1903/1629 2046/1902/1629 914/1897/1629
f 920/1906/1630 919/1809/1630 918/1909/1630
f 915/1898/1631 914/1897/1631 2046/1902/1631
f 918/1909/1607 2041/1908/1606 920/1906/1632
f 1211/1722/1633 918/1905/1633 919/1723/1633
f 1262/1935/1634 1261/1911/1634 921/1910/1634
f 921/1910/1635 929/1936/1635 1262/1935/1635
f 924/1915/1636 877/1742/1636 887/1741/1636
f 916/1937/1637 876/1938/1637 926/1939/1637
f 926/1928/1638 906/1919/1638 916/1918/1638
f 930/1940/1639 929/1936/1639 921/1910/1639
f 921/1941/1640 927/1929/1640 930/1942/1640
f 1160/1749/1472 924/1915/1641 887/1741/1465
f 1160/1749/1642 888/1732/1642 2043/1896/1642
f 926/1928/1643 876/1736/1643 927/1929/1643
f 930/1942/1644 927/1929/1644 876/1736/1644
f 923/1921/1645 912/1891/1645 911/1890/1645
f 2044/1943/1646 1263/1944/1646 2125/1912/1646
f 910/1886/1647 907/1881/1647 908/1883/1647
f 1254/1678/1648 1260/1889/1648 908/1888/1648
f 908/1888/1649 868/1683/1649 1254/1678/1649
f 2047/1885/1590 909/1743/1589 907/1881/1650
f 1160/1749/1651 2045/1884/1651 924/1915/1651
f 2043/1896/1652 909/1743/1652 2045/1884/1652
f 2045/1884/1653 1160/1749/1653 2043/1896/1653
f 920/1906/1654 2041/1908/1654 2046/1902/1654
f 2046/1902/1655 2124/1810/1655 920/1906/1655
f 2041/1908/1656 915/1898/1656 2046/1902/1656
f 915/1898/1657 2041/1908/1657 2039/1933/1657
f 1270/1895/1658 1231/1894/1658 915/1898/1658
f 915/1898/1659 2039/1933/1659 1270/1895/1659
f 930/1942/1660 879/1734/1660 929/1945/1660
f 1256/1725/1661 877/1724/1661 925/1946/1661
f 925/1946/1662 1262/1935/1662 1256/1725/1662
f 876/1736/1663 928/1735/1663 930/1942/1663
f 879/1734/1664 930/1942/1664 928/1735/1664
f 924/1915/1665 925/1914/1665 877/1742/1665
f 925/1946/1666 922/1947/1666 1261/1911/1666
f 2045/1884/1667 2047/1885/1667 924/1915/1667
f 922/1913/1668 924/1915/1668 2047/1885/1668
f 2044/1943/1669 910/1887/1669 1263/1944/1669
f 912/1891/1670 865/1675/1670 875/1717/1670
f 1260/1889/1671 865/1675/1671 912/1891/1671
f 912/1891/1672 1263/1944/1672 1260/1889/1672
f 2047/1885/1673 910/1886/1673 2044/1916/1673
f 2048/1948/1674 2051/1949/1674 931/1950/1674
f 932/1951/1675 933/1952/1675 2055/1953/1675
f 934/1954/1676 2052/1955/1676 1207/1956/1676
f 1207/1956/1677 2048/1957/1677 934/1954/1677
f 935/1958/1678 937/1959/1678 936/1960/1678
f 938/1961/1679 939/1962/1679 935/1963/1679
f 940/1964/1680 941/1965/1680 938/1961/1680
f 940/1964/1681 938/1961/1681 942/1966/1681
f 943/1967/1682 944/1968/1682 942/1969/1682
f 2056/1970/1683 944/1971/1683 943/1972/1683
f 945/1973/1684 935/1958/1684 936/1960/1684
f 946/1974/1685 2049/1975/1685 2050/1976/1685
f 2049/1975/1686 943/1972/1686 947/1977/1686
f 2049/1975/1687 947/1977/1687 2050/1976/1687
f 948/1978/1688 950/1979/1688 949/1980/1688
f 951/1981/1689 953/1982/1689 952/1983/1689
f 954/1984/1690 955/1985/1690 939/1962/1690
f 944/1986/1691 956/1987/1691 940/1988/1691
f 2056/1970/1692 2058/1989/1692 944/1971/1692
f 932/1951/1693 2055/1953/1693 957/1990/1693
f 957/1991/1694 937/1959/1694 955/1992/1694
f 958/1993/1695 935/1963/1695 945/1994/1695
f 939/1962/1696 938/1961/1696 941/1965/1696
f 958/1993/1697 947/1995/1697 942/1966/1697
f 958/1993/1698 942/1966/1698 938/1961/1698
f 942/1996/1699 944/1997/1699 940/1998/1699
f 959/1999/1700 961/2000/1700 960/2001/1700
f 960/2001/1701 945/1973/1701 959/1999/1701
f 958/1993/1702 963/2002/1702 962/2003/1702
f 962/2003/1703 947/1995/1703 958/1993/1703
f 945/1994/1704 960/2004/1704 963/2002/1704
f 963/2002/1705 958/1993/1705 945/1994/1705
f 948/1978/1706 949/1980/1706 964/2005/1706
f 948/2006/1707 965/2007/1707 959/1999/1707
f 966/2008/1708 951/1981/1708 952/1983/1708
f 2051/1949/1709 967/2009/1709 931/1950/1709
f 2052/2010/1710 957/1990/1710 2055/1953/1710
f 957/1991/1711 2052/1955/1711 934/1954/1711
f 933/2011/1712 944/1971/1712 2058/1989/1712
f 932/1951/1713 957/1990/1713 955/1985/1713
f 947/2012/1714 943/1967/1714 942/1969/1714
f 958/1993/1715 938/1961/1715 935/1963/1715
f 940/1964/1716 956/2013/1716 954/1984/1716
f 956/2013/1717 932/1951/1717 954/1984/1717
f 2049/1975/1718 2056/1970/1718 943/1972/1718
f 946/1974/1719 2050/1976/1719 2060/2014/1719
f 946/2015/1720 968/2016/1720 952/1983/1720
f 939/2017/1721 937/1959/1721 935/1958/1721
f 959/1999/1722 945/1973/1722 936/1960/1722
f 2057/2018/1723 967/2019/1723 2053/2020/1723
f 2051/2021/1724 2053/2022/1724 967/2023/1724
f 2054/2024/1725 2055/1953/1725 933/1952/1725
f 934/2025/1726 2048/1948/1726 931/1950/1726
f 969/2026/1727 931/2027/1727 967/2028/1727
f 950/2029/1728 936/1960/1729 937/1959/1730
f 934/1954/1731 950/2029/1731 937/1959/1731
f 959/1999/1732 936/1960/1729 950/2029/1728
f 969/2026/1733 2056/2030/1733 2049/2031/1733
f 967/2019/1734 2056/1970/1734 969/2032/1734
f 934/2033/1735 931/2034/1735 953/2035/1735
f 934/1954/1736 937/1959/1736 957/1991/1736
f 953/1982/1737 969/2026/1737 970/2036/1737
f 969/2026/1738 953/1982/1738 931/2027/1738
f 2060/2014/1739 947/1977/1739 962/2037/1739
f 947/1977/1740 2060/2014/1740 2050/1976/1740
f 2056/1970/1741 967/2019/1741 2057/2018/1741
f 2056/1970/1742 2057/2018/1742 2058/1989/1742
f 933/2011/1743 2058/1989/1743 2054/2038/1743
f 971/2039/1744 973/2040/1744 972/2041/1744
f 974/2042/1745 972/2043/1745 2059/2044/1745
f 2061/2045/1746 974/2042/1746 2059/2044/1746
f 975/2046/1747 976/2047/1747 971/2039/1747
f 977/2048/1748 2061/2049/1748 2059/2050/1748
f 978/2051/1749 977/2048/1749 979/2052/1749
f 980/2053/1750 977/2048/1750 2059/2050/1750
f 977/2048/1751 980/2053/1751 979/2052/1751
f 978/2054/1752 979/2055/1752 981/2056/1752
f 976/2057/1753 982/2058/1753 981/2056/1753
f 976/2047/1754 983/2059/1754 971/2039/1754
f 974/2060/1755 975/2046/1755 971/2039/1755
f 981/2056/1756 984/2061/1756 983/2062/1756
f 974/2060/1757 971/2039/1757 972/2041/1757
f 971/2039/1758 983/2059/1758 973/2040/1758
f 977/2048/1759 986/2063/1759 985/2064/1759
f 978/2051/1760 986/2063/1760 977/2048/1760
f 976/2057/1761 981/2056/1761 983/2062/1761
f 981/2056/1762 979/2055/1763 984/2061/1764
f 961/2000/1765 982/2058/1765 976/2057/1765
f 976/2057/1766 960/2001/1766 961/2000/1766
f 975/2046/1767 974/2060/1767 962/2003/1767
f 962/2003/1768 963/2002/1768 975/2046/1768
f 976/2047/1769 975/2046/1769 963/2002/1769
f 963/2002/1770 960/2004/1770 976/2047/1770
f 982/2065/1771 965/2066/1772 964/2005/1773
f 987/2067/1774 986/2063/1774 978/2051/1774
f 985/2064/1775 986/2063/1775 987/2067/1775
f 968/2016/1776 2060/2068/1776 2061/2049/1776
f 962/2037/1777 2061/2045/1777 2060/2014/1777
f 2061/2045/1778 962/2037/1778 974/2042/1778
f 987/2067/1779 949/2069/1779 988/2070/1779
f 950/2071/1780 953/1982/1780 949/2069/1780
f 978/2072/1781 964/2005/1781 987/2073/1781
f 949/1980/1782 987/2073/1782 964/2005/1782
f 965/2066/1783 948/1978/1783 964/2005/1783
f 959/1999/1784 950/2029/1784 948/2006/1784
f 982/2058/1785 961/2000/1785 965/2007/1785
f 965/2007/1786 961/2000/1786 959/1999/1786
f 964/2005/1773 978/2072/1787 982/2065/1771
f 982/2065/1788 978/2072/1788 981/2074/1788
f 987/2067/1789 988/2070/1789 951/1981/1789
f 953/1982/1790 970/2036/1790 952/1983/1790
f 985/2075/1791 966/2076/1791 2061/2077/1791
f 966/2008/1792 987/2067/1792 951/1981/1792
f 966/2008/1793 985/2064/1793 987/2067/1793
f 977/2078/1794 985/2075/1794 2061/2077/1794
f 988/2070/1795 953/1982/1795 951/1981/1795
f 988/2070/1796 949/2069/1796 953/1982/1796
f 953/1982/1797 950/2071/1797 934/2079/1797
f 970/2036/1798 969/2026/1798 2049/2031/1798
f 970/2036/1799 2049/2031/1800 946/2015/1801
f 968/2016/1802 946/2015/1802 2060/2068/1802
f 952/1983/1803 970/2036/1799 946/2015/1801
f 966/2076/1804 968/2080/1804 2061/2077/1804
f 968/2080/1805 966/2076/1805 952/2081/1805
f 989/2082/1806 980/2053/1806 2059/2050/1806
f 980/2053/1807 989/2082/1807 990/2083/1807
f 990/2084/1808 979/2055/1808 980/2085/1808
f 991/2086/1809 2071/2087/1809 2069/2088/1809
f 2070/2089/1810 2103/2090/1810 2071/2091/1810
f 992/2092/1811 994/2093/1812 993/2094/1813
f 995/2095/1814 994/2093/1814 996/2096/1814
f 997/2097/1815 999/2098/1815 998/2099/1815
f 1000/2100/1816 1001/2101/1816 997/2102/1816
f 1002/2103/1817 1001/2101/1817 1003/2104/1817
f 1004/2105/1818 2078/2106/1818 1005/2107/1818
f 2067/2108/1819 1006/2109/1819 2066/2110/1819
f 2065/2111/1820 2066/2112/1820 1007/2113/1820
f 1008/2114/1821 2077/2115/1821 2078/2106/1821
f 1005/2116/1822 1009/2117/1823 1004/2118/1824
f 1010/2119/1825 1004/2118/1825 1009/2117/1825
f 1011/2120/1826 2062/2121/1826 1012/2122/1826
f 2062/2121/1827 1011/2120/1827 1013/2123/1827
f 1014/2124/1828 2067/2125/1828 1015/2126/1828
f 973/2040/1829 983/2059/1829 1002/2103/1829
f 972/2041/1830 973/2040/1830 1002/2103/1830
f 1002/2103/1831 1003/2104/1831 972/2041/1831
f 1016/2127/1832 972/2128/1833 1003/2129/1834
f 2107/2130/1835 1017/2131/1835 989/2082/1835
f 990/2083/1836 989/2082/1836 1017/2131/1836
f 2104/2132/1837 1018/2133/1837 2110/2134/1837
f 1017/2131/1838 2107/2130/1838 1019/2135/1838
f 1020/2136/1839 1022/2137/1839 1021/2138/1839
f 1023/2139/1840 1025/2140/1840 1024/2141/1840
f 1026/2142/1841 1027/2143/1841 2108/2144/1841
f 1027/2143/1842 1026/2142/1842 1028/2145/1842
f 1029/2146/1843 2105/2147/1843 2108/2144/1843
f 1029/2146/1844 2108/2144/1844 1027/2143/1844
f 1030/2148/1845 1029/2146/1845 1027/2143/1845
f 1029/2146/1846 1031/2149/1846 2105/2147/1846
f 1031/2149/1847 1029/2146/1847 1030/2148/1847
f 2068/2150/1848 1032/2151/1848 1018/2133/1848
f 1032/2151/1849 2068/2150/1849 2106/2152/1849
f 1033/2153/1850 1034/2154/1850 1022/2155/1850
f 1034/2156/1851 1033/2157/1851 2071/2087/1851
f 2071/2091/1852 1033/2158/1852 2072/2159/1852
f 1035/2160/1853 2070/2161/1853 1036/2162/1853
f 2072/2159/1854 1036/2163/1854 2070/2089/1854
f 1037/2164/1855 993/2094/1855 994/2093/1855
f 1030/2148/1856 1027/2143/1856 990/2165/1856
f 1028/2145/1857 990/2165/1857 1027/2143/1857
f 1002/2103/1858 983/2059/1858 1038/2166/1858
f 1039/2167/1859 1038/2168/1859 1040/2169/1859
f 1039/2170/1860 999/2171/1860 1001/2101/1860
f 1010/2119/1861 1041/2172/1861 1004/2118/1861
f 1028/2173/1862 1004/2174/1862 1041/2175/1862
f 2078/2106/1863 1004/2105/1863 2074/2176/1863
f 2074/2176/1864 1004/2105/1864 1026/2177/1864
f 1026/2177/1865 1004/2105/1865 1028/2178/1865
f 1042/2179/1866 1043/2180/1866 1025/2140/1867
f 994/2093/1868 1042/2179/1868 1037/2164/1868
f 992/2092/1869 1016/2181/1869 1044/2182/1869
f 1000/2183/1870 1044/2182/1870 1016/2181/1870
f 1045/2184/1871 1047/2185/1871 1046/2186/1871
f 998/2099/1872 1048/2187/1872 997/2097/1872
f 1048/2187/1873 1046/2186/1873 1049/2188/1873
f 1046/2186/1874 1047/2185/1874 1049/2188/1874
f 1045/2184/1875 1051/2189/1875 1050/2190/1875
f 1012/2191/1876 2062/2192/1876 1052/2193/1876
f 1053/2194/1877 2062/2192/1877 2063/2195/1877
f 1054/2196/1878 2063/2197/1878 1013/2123/1878
f 2064/2198/1879 1055/2199/1879 2076/2200/1879
f 1055/2199/1880 2064/2198/1880 2067/2125/1880
f 2064/2198/1881 1056/2201/1881 2067/2125/1881
f 1056/2201/1882 2064/2198/1882 1057/2202/1882
f 2065/2203/1883 1059/2204/1883 1058/2205/1883
f 1058/2206/1884 1060/2207/1884 2065/2208/1884
f 2073/2209/1885 1062/2210/1885 1061/2211/1885
f 1061/2212/1886 1063/2213/1886 2073/2214/1886
f 2084/2215/1887 1065/2216/1887 1064/2217/1887
f 1064/2218/1888 1066/2219/1888 2084/2220/1888
f 2066/2221/1889 1067/2222/1889 2067/2125/1889
f 1015/2126/1890 2067/2125/1890 1067/2222/1890
f 1007/2223/1891 1006/2109/1891 1068/2224/1891
f 1069/2225/1892 1070/2226/1892 2076/2200/1892
f 1069/2227/1893 1071/2228/1894 1070/2229/1895
f 1070/2229/1895 1071/2228/1894 1072/2230/1896
f 1012/2191/1897 1052/2193/1897 1073/2231/1897
f 2076/2200/1898 2075/2232/1898 1057/2202/1898
f 1028/2173/1899 1041/2175/1899 1074/2233/1899
f 979/2055/1900 990/2084/1900 1028/2173/1900
f 1061/2211/1901 1062/2210/1901 1075/2234/1901
f 1058/2235/1902 1077/2236/1902 1076/2237/1902
f 1076/2237/1903 1066/2238/1903 1064/2239/1903
f 1076/2237/1904 1077/2236/1904 1066/2238/1904
f 1064/2217/1905 1079/2240/1905 1078/2241/1905
f 1078/2242/1906 1063/2213/1906 1061/2212/1906
f 1078/2241/1907 1079/2240/1908 1063/2243/1909
f 1041/2172/1910 1010/2119/1910 1060/2244/1910
f 1060/2244/1911 1058/2245/1911 1041/2172/1911
f 983/2062/1912 984/2061/1912 1040/2169/1912
f 1061/2246/1913 1040/2169/1913 1080/2247/1913
f 1080/2247/1914 984/2061/1914 1081/2248/1914
f 1076/2249/1915 1064/2250/1915 1081/2251/1915
f 1082/2252/1916 1076/2253/1916 1081/2248/1916
f 1081/2248/1917 1064/2254/1917 1078/2255/1917
f 1076/2253/1918 1082/2252/1918 1074/2233/1918
f 1028/2173/1919 1074/2233/1919 979/2055/1919
f 1009/2117/1920 1060/2244/1920 1010/2119/1920
f 1067/2256/1921 1009/2117/1921 1015/2257/1921
f 1055/2258/1922 1011/2120/1923 1069/2227/1924
f 1011/2120/1925 1055/2258/1925 1013/2123/1925
f 1015/2257/1926 1054/2196/1926 1014/2259/1926
f 1013/2123/1927 1014/2259/1927 1054/2196/1927
f 2103/2260/1928 1084/2261/1928 1083/2262/1928
f 2059/2263/1929 993/2264/1929 989/2265/1929
f 1037/2266/1930 989/2082/1930 993/2267/1930
f 989/2082/1931 1042/2268/1931 2107/2130/1931
f 1042/2268/1932 989/2082/1932 1037/2266/1932
f 2110/2269/1933 1022/2155/1933 2104/2270/1933
f 1024/2271/1934 2107/2130/1934 1023/2272/1934
f 1034/2154/1935 2068/2273/1935 1022/2155/1935
f 2068/2273/1936 1034/2154/1936 2106/2274/1936
f 1030/2275/1937 990/2276/1937 1017/2277/1937
f 1085/2278/1938 1086/2279/1938 1031/2149/1938
f 1086/2280/1939 1085/2281/1939 1019/2135/1939
f 1032/2282/1940 1086/2279/1940 1018/2283/1940
f 1036/2162/1941 1032/2282/1941 1035/2160/1941
f 1083/2284/1942 991/2086/1942 2069/2088/1942
f 2103/2260/1943 2070/2161/1943 1035/2160/1943
f 1084/2261/1944 2103/2260/1944 1035/2160/1944
f 995/2095/1945 1026/2285/1945 1025/2140/1945
f 2108/2286/1946 1025/2140/1946 1026/2285/1946
f 2108/2287/1947 1021/2288/1947 1025/2289/1947
f 1020/2290/1948 1021/2288/1948 2105/2291/1948
f 2071/2091/1949 2072/2159/1949 2070/2089/1949
f 1025/2140/1950 1043/2180/1950 995/2095/1950
f 992/2092/1951 996/2096/1951 994/2093/1951
f 1016/2127/1832 1003/2129/1834 1000/2292/1952
f 1016/2127/1953 993/2264/1953 972/2128/1953
f 2059/2263/1954 972/2128/1954 993/2264/1954
f 992/2092/1811 993/2094/1813 1016/2181/1955
f 1048/2187/1956 2073/2293/1956 1046/2186/1956
f 1046/2186/1957 2084/2294/1957 1045/2184/1957
f 1045/2184/1958 2065/2111/1958 1051/2189/1958
f 1051/2189/1959 2065/2111/1959 1007/2113/1959
f 2074/2295/1960 1051/2189/1960 2078/2296/1960
f 1007/2113/1961 1068/2297/1961 1051/2189/1961
f 1051/2189/1962 2074/2295/1962 1050/2190/1962
f 1026/2298/1963 995/2299/1963 996/2300/1963
f 1070/2301/1964 1073/2302/1964 2075/2303/1964
f 2076/2304/1965 1070/2301/1965 2075/2303/1965
f 1073/2302/1966 1070/2301/1966 1072/2305/1966
f 1073/2302/1967 1057/2306/1967 2075/2303/1967
f 1049/2188/1968 1047/2185/1968 1044/2182/1968
f 992/2092/1969 1044/2182/1969 996/2096/1969
f 1000/2100/1970 1003/2104/1970 1001/2101/1970
f 997/2097/1971 1049/2188/1971 1000/2183/1971
f 1001/2101/1972 1002/2103/1972 1038/2166/1972
f 1001/2101/1973 999/2171/1973 997/2102/1973
f 1000/2183/1974 1049/2188/1974 1044/2182/1974
f 1048/2187/1975 1049/2188/1975 997/2097/1975
f 1050/2190/1976 2074/2295/1976 1026/2285/1976
f 1026/2285/1977 996/2096/1977 1050/2190/1977
f 1050/2190/1978 996/2096/1978 1047/2185/1978
f 1045/2184/1979 1050/2190/1979 1047/2185/1979
f 1047/2185/1980 996/2096/1980 1044/2182/1980
f 1041/2175/1981 1058/2307/1981 1074/2233/1981
f 1076/2253/1982 1074/2233/1982 1058/2307/1982
f 1080/2247/1983 1081/2248/1983 1078/2255/1983
f 979/2055/1763 1081/2248/1984 984/2061/1764
f 1040/2169/1985 984/2061/1985 1080/2247/1985
f 1039/2167/1986 1040/2169/1986 1087/2308/1986
f 979/2055/1763 1082/2252/1984 1081/2248/1984
f 1074/2233/1987 1082/2252/1987 979/2055/1987
f 1061/2212/1988 1080/2309/1988 1078/2242/1988
f 1071/2228/1989 1069/2227/1924 1011/2120/1923
f 1071/2228/1990 1011/2120/1990 1012/2122/1990
f 1014/2259/1991 1013/2123/1991 1055/2258/1991
f 1014/2124/1992 1055/2199/1992 2067/2125/1992
f 2062/2192/1993 1053/2194/1993 1052/2193/1993
f 2063/2197/1994 2062/2121/1994 1013/2123/1994
f 1006/2310/1995 2067/2125/1995 1056/2201/1995
f 1006/2311/1996 1053/2312/1996 1008/2313/1996
f 2076/2200/1997 1057/2202/1997 2064/2198/1997
f 2076/2200/1998 1055/2199/1998 1069/2225/1998
f 2063/2197/1999 1054/2196/1999 1005/2116/1999
f 1005/2107/2000 2078/2106/2000 2077/2115/2000
f 1054/2196/2001 1015/2257/2001 1009/2117/2001
f 1009/2117/1823 1005/2116/1822 1054/2196/2002
f 1060/2244/2003 1009/2117/2003 1067/2256/2003
f 1067/2222/2004 2066/2221/2004 1060/2207/2004
f 2065/2208/2005 1060/2207/2004 2066/2221/2004
f 1006/2109/2006 1007/2223/2006 2066/2110/2006
f 1005/2107/2007 2077/2115/2007 2063/2195/2007
f 2077/2115/2008 1008/2114/2008 2063/2195/2008
f 1052/2314/2009 1057/2315/2009 1073/2316/2009
f 1052/2314/2010 1053/2312/2010 1057/2315/2010
f 1053/2312/2011 1056/2317/2011 1057/2315/2011
f 1056/2317/2012 1053/2312/2012 1006/2311/2012
f 1008/2114/2013 1053/2194/2013 2063/2195/2013
f 1006/2318/2014 1008/2319/2014 1068/2320/2014
f 1068/2321/2015 2078/2106/2015 1051/2322/2015
f 1068/2321/2016 1008/2114/2016 2078/2106/2016
f 1059/2204/2017 2065/2203/2017 1088/2323/2017
f 2083/2324/2018 1089/2325/2018 2082/2326/2018
f 2084/2327/2019 2082/2328/2019 1090/2329/2019
f 1091/2330/2020 2088/2331/2020 1092/2332/2020
f 1088/2333/2021 1093/2334/2022 1059/2335/2023
f 1077/2236/2024 1059/2335/2024 1093/2334/2024
f 1094/2336/2025 2080/2337/2025 2079/2338/2025
f 2080/2337/2026 1094/2336/2026 1095/2339/2026
f 1096/2340/2027 2083/2341/2027 1097/2342/2027
f 2079/2343/2028 2080/2344/2028 1098/2345/2028
f 1099/2346/2029 2080/2344/2029 2086/2347/2029
f 1100/2348/2030 2086/2349/2030 1095/2339/2030
f 2081/2350/2031 1101/2351/2031 2087/2352/2031
f 1101/2351/2032 2081/2350/2032 2083/2341/2032
f 2081/2353/2033 1102/2354/2033 2083/2355/2033
f 1102/2356/2034 2081/2350/2034 1103/2357/2034
f 2082/2358/2035 1104/2359/2035 2083/2341/2035
f 1097/2342/2036 2083/2341/2036 1104/2359/2036
f 1090/2360/2037 1089/2361/2037 1092/2362/2037
f 1105/2363/2038 1106/2364/2038 2087/2352/2038
f 1105/2365/2039 1107/2366/2039 1106/2367/2039
f 1106/2367/2040 1107/2366/2040 1108/2368/2040
f 2079/2343/2041 1098/2345/2041 1109/2369/2041
f 2087/2370/2042 2085/2371/2042 1103/2372/2042
f 1093/2334/2043 1066/2238/2043 1077/2236/2043
f 1104/2373/2044 1093/2334/2045 1097/2374/2046
f 1101/2375/2047 1094/2336/2047 1105/2365/2047
f 1094/2336/2048 1101/2375/2048 1095/2339/2048
f 1097/2374/2049 1100/2348/2049 1096/2376/2049
f 1095/2339/2050 1096/2376/2050 1100/2348/2050
f 1045/2184/2051 2084/2294/2051 1090/2377/2051
f 1090/2377/2052 1092/2378/2052 1045/2184/2052
f 1106/2379/2053 1109/2380/2053 2085/2371/2053
f 2087/2370/2054 1106/2379/2054 2085/2371/2054
f 1109/2381/2055 1106/2382/2055 1108/2383/2055
f 1109/2380/2056 1103/2372/2056 2085/2371/2056
f 1107/2366/2057 1105/2365/2057 1094/2336/2057
f 1107/2366/2058 1094/2336/2058 2079/2338/2058
f 1096/2376/2059 1095/2339/2059 1101/2375/2059
f 1096/2340/2060 1101/2351/2060 2083/2341/2060
f 2080/2344/2061 1099/2346/2061 1098/2345/2061
f 2086/2349/2062 2080/2337/2062 1095/2339/2062
f 1089/2384/2063 2083/2385/2063 1102/2386/2063
f 1089/2361/2064 1099/2387/2064 1091/2388/2064
f 2087/2352/2065 1103/2357/2065 2081/2350/2065
f 2087/2352/2066 1101/2351/2066 1105/2363/2066
f 2086/2349/2067 1100/2348/2067 1088/2333/2067
f 1088/2323/2068 2065/2203/2068 2088/2331/2068
f 1100/2348/2069 1097/2374/2069 1093/2334/2069
f 1093/2334/2022 1088/2333/2021 1100/2348/2070
f 1066/2238/2071 1093/2334/2045 1104/2373/2044
f 1104/2359/2072 2082/2358/2072 1066/2219/2072
f 2084/2220/2073 1066/2219/2073 2082/2358/2073
f 1089/2389/2074 1090/2390/2074 2082/2391/2074
f 1088/2323/2075 2088/2331/2075 2086/2347/2075
f 2088/2331/2076 1091/2330/2076 2086/2347/2076
f 1098/2392/2077 1103/2372/2077 1109/2380/2077
f 1098/2392/2078 1099/2387/2078 1103/2372/2078
f 1099/2387/2079 1102/2393/2079 1103/2372/2079
f 1102/2393/2080 1099/2387/2080 1089/2361/2080
f 1091/2330/2081 1099/2346/2081 2086/2347/2081
f 1089/2361/2082 1091/2388/2082 1092/2362/2082
f 1092/2378/2083 2065/2111/2083 1045/2184/2083
f 1092/2378/2084 2088/2394/2084 2065/2111/2084
f 1077/2236/2085 1058/2235/2085 1059/2335/2085
f 1065/2216/2086 2084/2215/2086 1110/2395/2086
f 2089/2396/2087 1111/2397/2087 2091/2398/2087
f 2073/2293/2088 2091/2399/2088 1112/2400/2088
f 1113/2401/2089 1115/2402/2090 1114/2403/2091
f 1110/2395/2092 1116/2404/2092 1065/2216/2092
f 1079/2240/2093 1065/2216/2093 1116/2404/2093
f 1117/2405/2094 2090/2406/2094 1118/2407/2094
f 2090/2406/2095 1117/2405/2095 1119/2408/2095
f 1120/2409/2096 2089/2410/2096 1121/2411/2096
f 1118/2412/2097 2090/2413/2098 1122/2414/2099
f 1123/2415/2100 2090/2413/2100 2095/2416/2100
f 1124/2417/2101 2095/2418/2101 1119/2408/2101
f 1125/2419/2102 1126/2420/2102 2092/2421/2102
f 1126/2420/2103 1125/2419/2104 2089/2410/2105
f 1125/2422/2106 1127/2423/2106 2089/2396/2106
f 1127/2423/2107 1125/2422/2107 1128/2424/2107
f 2091/2425/2108 1129/2426/2108 2089/2410/2108
f 1121/2411/2109 2089/2410/2109 1129/2426/2109
f 1112/2427/2110 1111/2397/2110 1114/2428/2110
f 1130/2429/2111 1131/2430/2111 2092/2421/2111
f 1130/2431/2112 1132/2432/2112 1131/2433/2112
f 1133/2434/2113 1132/2432/2113 1118/2407/2113
f 1118/2412/2114 1122/2414/2114 2093/2435/2114
f 2092/2436/2115 2094/2437/2115 1128/2424/2115
f 1116/2404/2116 1063/2243/1909 1079/2240/1908
f 1129/2438/2117 1116/2404/2118 1121/2439/2119
f 1126/2440/2120 1117/2405/2121 1130/2431/2122
f 1117/2405/2123 1126/2440/2123 1119/2408/2123
f 1121/2439/2124 1124/2417/2124 1120/2441/2124
f 1119/2408/2125 1120/2441/2125 1124/2417/2125
f 1046/2186/2126 2073/2293/2126 1112/2400/2126
f 1112/2400/2127 1114/2442/2127 1046/2186/2127
f 1131/2443/2128 2093/2444/2128 2094/2437/2128
f 2092/2436/2129 1131/2443/2129 2094/2437/2129
f 2093/2435/2130 1133/2445/2130 1118/2412/2130
f 2093/2444/2131 1128/2424/2131 2094/2437/2131
f 1132/2432/2132 1130/2431/2122 1117/2405/2121
f 1132/2432/2133 1117/2405/2133 1118/2407/2133
f 1120/2441/2134 1119/2408/2134 1126/2440/2134
f 1120/2409/2135 1126/2420/2103 2089/2410/2105
f 2090/2413/2098 1123/2415/2136 1122/2414/2099
f 2095/2418/2137 2090/2406/2137 1119/2408/2137
f 1111/2446/2138 2089/2447/2138 1127/2448/2138
f 1111/2397/2139 1123/2449/2139 1113/2450/2139
f 2092/2436/2140 1128/2424/2140 1125/2422/2140
f 2092/2421/2141 1126/2420/2141 1130/2429/2141
f 2095/2418/2142 1124/2417/2142 1110/2395/2142
f 1110/2451/2143 2084/2452/2143 1115/2402/2143
f 1124/2417/2144 1121/2439/2119 1116/2404/2118
f 1116/2404/2145 1110/2395/2145 1124/2417/2145
f 1063/2243/1909 1116/2404/2116 1129/2438/2146
f 1129/2426/2147 2091/2425/2147 1063/2213/2147
f 2073/2214/2148 1063/2213/2148 2091/2425/2148
f 1111/2397/2149 1112/2427/2149 2091/2398/2149
f 1110/2451/2150 1115/2402/2150 2095/2416/2150
f 1115/2402/2090 1113/2401/2089 2095/2416/2151
f 1122/2453/2152 1128/2424/2152 2093/2444/2152
f 1122/2453/2153 1123/2449/2153 1128/2424/2153
f 1123/2449/2154 1127/2423/2154 1128/2424/2154
f 1127/2423/2155 1123/2449/2155 1111/2397/2155
f 1113/2401/2156 1123/2415/2156 2095/2416/2156
f 1111/2397/2157 1113/2450/2157 1114/2428/2157
f 1114/2403/2158 2084/2452/2158 1046/2454/2158
f 1114/2403/2159 1115/2402/2159 2084/2452/2159
f 1079/2240/2160 1064/2217/2160 1065/2216/2160
f 1062/2455/2161 2073/2456/2161 1134/2457/2161
f 2096/2458/2162 1135/2459/2162 2101/2460/2162
f 999/2171/2163 2101/2461/2163 1136/2462/2163
f 1137/2463/2164 2100/2464/2164 1138/2465/2164
f 1134/2466/2165 1139/2467/2165 1062/2210/2165
f 1075/2234/2166 1062/2210/2166 1139/2467/2166
f 1140/2468/2167 1142/2469/2167 1141/2470/2167
f 1142/2469/2168 1140/2468/2168 1143/2471/2168
f 1144/2472/2169 2096/2473/2170 1145/2474/2171
f 1141/2475/2172 1142/2476/2172 1146/2477/2172
f 1147/2478/2173 1142/2476/2173 2102/2479/2173
f 1148/2480/2174 2102/2481/2174 1143/2471/2174
f 2099/2482/2175 1149/2483/2175 2098/2484/2175
f 1149/2483/2176 2099/2482/2176 2096/2473/2176
f 2099/2485/2177 1150/2486/2177 2096/2458/2177
f 1150/2487/2178 2099/2482/2178 1151/2488/2178
f 2101/2461/2179 1152/2489/2180 2096/2473/2181
f 1145/2474/2171 2096/2473/2170 1152/2489/2182
f 1136/2490/2183 1135/2491/2183 1138/2492/2183
f 1153/2493/2184 1154/2494/2184 2098/2484/2184
f 1153/2495/2185 1155/2496/2185 1154/2497/2185
f 1156/2498/2186 1155/2496/2186 1141/2470/2186
f 1141/2475/2187 1146/2477/2187 2109/2499/2187
f 2098/2484/2188 2097/2500/2188 1151/2488/2188
f 1152/2489/2189 1157/2501/2189 1075/2502/2189
f 1152/2503/2190 1139/2467/2190 1145/2504/2190
f 1149/2505/2191 1140/2468/2192 1153/2495/2193
f 1140/2468/2192 1149/2505/2191 1143/2471/2194
f 1145/2504/2195 1148/2480/2195 1144/2506/2195
f 1143/2471/2196 1144/2506/2196 1148/2480/2196
f 998/2507/2197 999/2508/2197 1136/2509/2197
f 1136/2490/2198 1138/2492/2198 998/2510/2198
f 1154/2511/2199 2109/2512/2199 2097/2513/2199
f 2098/2514/2200 1154/2511/2200 2097/2513/2200
f 2109/2499/2201 1156/2515/2201 1141/2475/2201
f 2109/2516/2202 1151/2517/2202 2097/2518/2202
f 1155/2496/2203 1153/2495/2193 1140/2468/2192
f 1155/2496/2204 1140/2468/2204 1141/2470/2204
f 1144/2506/2205 1143/2471/2205 1149/2505/2205
f 1144/2472/2206 1149/2483/2206 2096/2473/2206
f 1142/2476/2207 1147/2478/2207 1146/2477/2207
f 2102/2481/2208 1142/2469/2208 1143/2471/2208
f 1135/2459/2209 2096/2458/2209 1150/2486/2209
f 1135/2459/2210 1147/2519/2210 1137/2520/2210
f 2098/2484/2211 1151/2488/2211 2099/2482/2211
f 2098/2484/2212 1149/2483/2212 1153/2493/2212
f 2102/2481/2213 1148/2480/2213 1134/2466/2213
f 1134/2457/2214 2073/2456/2214 2100/2464/2214
f 1148/2480/2215 1145/2504/2215 1139/2467/2215
f 1139/2467/2216 1134/2466/2216 1148/2480/2216
f 1075/2234/2217 1139/2467/2217 1152/2503/2217
f 1152/2489/2180 2101/2461/2179 1157/2501/2218
f 999/2171/2219 1157/2501/2219 2101/2461/2219
f 1135/2521/2220 1136/2462/2220 2101/2461/2220
f 1134/2457/2221 2100/2464/2221 2102/2479/2221
f 2100/2464/2222 1137/2463/2222 2102/2479/2222
f 1146/2522/2223 1151/2517/2223 2109/2516/2223
f 1146/2522/2224 1147/2519/2224 1151/2517/2224
f 1147/2519/2225 1150/2486/2225 1151/2517/2225
f 1150/2486/2226 1147/2519/2226 1135/2459/2226
f 1137/2463/2227 1147/2478/2227 2102/2479/2227
f 1135/2491/2228 1137/2523/2228 1138/2492/2228
f 1138/2465/2229 2073/2456/2229 998/2524/2229
f 1138/2465/2230 2100/2464/2230 2073/2456/2230
f 1157/2501/2231 999/2171/2231 1039/2170/2231
f 2073/2293/2232 1048/2187/2232 998/2099/2232
f 1075/2502/2233 1157/2501/2233 1158/2525/2233
f 1075/2234/2234 1158/2526/2234 1061/2211/2234
f 1001/2101/2235 1038/2166/2235 1039/2170/2235
f 1038/2166/2236 983/2059/2236 1040/2527/2236
f 2106/2528/2237 991/2086/2237 1083/2284/2237
f 1083/2529/2238 1084/2530/2238 2106/2152/2238
f 1083/2262/2239 2069/2531/2239 2103/2260/2239
f 2069/2088/2240 2071/2087/2240 2103/2532/2240
f 1031/2149/2241 1086/2279/2241 1036/2162/2241
f 1036/2162/2242 2072/2533/2242 1031/2149/2242
f 1084/2261/2243 1035/2160/2243 1032/2282/2243
f 1084/2530/2244 1032/2151/2244 2106/2152/2244
f 2104/2270/2245 1022/2155/2245 2068/2273/2245
f 2104/2132/2246 2068/2150/2246 1018/2133/2246
f 2105/2291/2247 1031/2534/2247 2072/2159/2247
f 1033/2158/2248 2105/2291/2248 2072/2159/2248
f 1033/2158/2249 1020/2290/2249 2105/2291/2249
f 1020/2535/2250 1033/2153/2250 1022/2155/2250
f 991/2086/2251 2106/2528/2251 1034/2156/2251
f 991/2086/2252 1034/2156/2252 2071/2087/2252
f 1086/2279/2253 1032/2282/2253 1036/2162/2253
f 1019/2135/2254 1085/2281/2254 1017/2131/2254
f 1023/2272/2255 2107/2130/2255 1042/2268/2255
f 1023/2139/2256 1042/2179/2256 1025/2140/2256
f 1021/2288/2257 2108/2287/2257 2105/2291/2257
f 1021/2138/2258 1024/2141/2258 1025/2140/2258
f 1022/2536/2259 2110/2134/2259 1024/2271/2259
f 1024/2141/2260 1021/2138/2260 1022/2137/2260
f 1154/2497/2261 1155/2496/2261 1156/2498/2261
f 2109/2512/2262 1154/2511/2262 1156/2537/2262
f 1131/2433/2263 1132/2432/2263 1133/2434/2263
f 2093/2538/2264 1131/2539/2264 1133/2540/2264
f 1109/2369/2265 1108/2541/2265 2079/2343/2265
f 1108/2368/2266 1107/2366/2266 2079/2338/2266
f 1073/2231/2267 1072/2542/2267 1012/2191/2267
f 1072/2230/2268 1071/2228/2268 1012/2122/2268
f 1087/2308/2269 1040/2169/2269 1061/2246/2269
f 1087/2543/2270 1157/2501/2270 1039/2170/2270
f 1043/2180/1950 994/2093/1950 995/2095/1950
f 1042/2179/1866 994/2093/1866 1043/2180/1866
f 1085/2544/2271 1030/2275/2271 1017/2277/2271
f 1030/2148/2272 1085/2278/2272 1031/2149/2272
f 1018/2133/2273 1086/2280/2273 1019/2135/2273
f 1019/2135/2274 2110/2134/2274 1018/2133/2274
f 2107/2130/2275 1024/2271/2275 2110/2134/2275
f 2110/2134/2276 1019/2135/2276 2107/2130/2276
f 1158/2545/2277 1087/2308/2277 1061/2246/2277
f 1158/2525/2278 1157/2501/2278 1087/2543/2278
f 932/1951/2279 955/1985/2279 954/1984/2279
f 955/1992/2280 937/1959/2280 939/2017/2280
f 940/1964/2281 954/1984/2281 1159/2546/2281
f 1159/2546/2282 954/1984/2282 939/1962/2282
f 956/2013/2283 933/1952/2283 932/1951/2283
f 944/1986/2284 933/2547/2284 956/1987/2284
f 939/1962/2285 941/1965/2285 1159/2546/2285
f 940/1964/2286 1159/2546/2286 941/1965/2286
f 1161/2548/2287 2111/2549/2287 2113/2550/2287
f 1168/2551/2288 2112/2552/2288 2111/2553/2288
f 2111/2553/2289 1163/2554/2289 1168/2551/2289
f 1162/2555/2290 1168/2556/2290 1163/2557/2290
f 1163/2557/2291 1164/2558/2291 1162/2555/2291
f 1161/2559/2292 2114/1552/2292 720/1551/2292
f 1161/2560/2293 2113/2561/2293 2114/2562/2293
f 1170/1671/2294 2115/2563/2294 1165/1668/2294
f 1169/2564/2295 2117/2565/2295 2118/2566/2295
f 2115/2563/2296 2112/2552/2296 1168/2551/2296
f 1168/2551/2297 1165/1668/2297 2115/2563/2297
f 1165/1668/2298 1168/2551/2298 1162/1673/2298
f 1162/1673/2299 1166/1669/2299 1165/1668/2299
f 2116/1561/2300 2117/2565/2300 1169/2564/2300
f 1169/2564/2301 726/1562/2301 2116/1561/2301
f 726/1565/2302 1169/1688/2302 1167/1687/2302
f 1167/1687/2303 828/642/2303 726/1565/2303
f 1169/2564/2304 2118/2566/2304 1170/1671/2304
f 1170/1671/2305 2118/2566/2305 2115/2563/2305
f 1163/2554/2306 2111/2553/2306 1161/2567/2306
f 1164/2558/2307 1163/2557/2307 1161/2568/2307
f 1161/2568/2308 860/2569/2308 1164/2558/2308
f 1171/2570/2309 2119/1824/2309 2120/1826/2309
f 1173/2571/2310 1196/2572/2310 1264/2573/2310
f 1171/1820/2311 1197/2574/2311 1205/2575/2311
f 1174/1832/2312 884/1730/2312 1253/1839/2312
f 1253/1839/2313 1183/2576/2313 1174/1832/2313
f 1183/2576/2314 1253/1839/2314 1251/2577/2314
f 1251/2577/2315 1184/2578/2315 1183/2576/2315
f 2120/1826/2316 881/1825/2316 1185/1874/2316
f 1174/1873/2317 881/1825/2317 885/1930/2317
f 1174/1832/2318 1195/2579/2318 1206/2580/2318
f 1206/2581/2319 1185/2582/2319 1174/2583/2319
f 2120/1826/2320 2123/1840/2320 1201/2584/2320
f 1183/2576/2321 1199/2585/2321 1202/2586/2321
f 1184/2587/2322 1194/2588/2322 1203/2589/2322
f 1185/1874/2323 1200/2590/2323 1204/1841/2323
f 1176/2591/2324 902/2592/2325 1194/2593/2326
f 1194/2594/2327 1264/2595/2327 1176/2596/2327
f 1177/2597/2328 900/2598/2328 1198/2599/2328
f 1198/2600/2329 1205/2601/2329 1177/2602/2329
f 1178/2603/2330 901/2604/2330 1196/2605/2330
f 1196/2606/2331 1198/2607/2331 1178/2608/2331
f 1200/2609/2332 1206/2610/2332 1182/1869/2332
f 1182/2611/2333 904/2612/2333 1200/2590/2333
f 1187/1811/2334 895/1773/2334 1218/1781/2334
f 1187/1811/2335 1218/1781/2335 1220/1812/2335
f 1187/1815/2336 919/1809/1523 2121/1806/1522
f 1248/1795/2337 843/1599/2337 1234/2613/2337
f 889/1797/2338 1248/1795/2338 1234/2613/2338
f 1188/2614/2339 889/1807/2339 1234/2615/2339
f 1242/1772/2340 1277/2616/2340 1274/2617/2340
f 1190/2618/2341 2122/2619/2341 1249/1756/2341
f 1249/1756/2342 1189/1755/2342 1190/2618/2342
f 897/2620/2343 1278/2621/2343 1276/1761/2343
f 1192/1783/2344 1225/1788/2344 894/1784/2344
f 1227/1790/2345 1226/1789/2346 1192/1783/2347
f 1192/1783/2347 896/1791/2348 1227/1790/2345
f 1279/1778/2349 1219/1782/2349 1191/1780/2349
f 1191/1780/2350 1278/2622/2350 1279/1778/2350
f 1193/1694/2351 830/1607/2351 869/2623/2351
f 845/681/2352 830/1607/2352 1193/1694/2352
f 1193/1694/2353 869/2623/2353 1244/2624/2353
f 869/1804/2354 1243/1803/2354 1244/1707/2354
f 1171/2570/2355 2120/1826/2355 1201/2584/2355
f 1201/2584/2356 1197/2625/2356 1171/2570/2356
f 1174/1832/2357 1183/2576/2357 1202/2586/2357
f 1202/2586/2358 1195/2579/2358 1174/1832/2358
f 1183/2626/2359 1184/2587/2359 1203/2589/2359
f 1203/2627/2360 1199/2585/2360 1183/2576/2360
f 2120/1826/2361 1185/1874/2361 1204/1841/2361
f 1204/1841/2362 2123/1840/2362 2120/1826/2362
f 1176/2628/2363 1264/2629/2363 1196/2605/2363
f 1196/2605/2364 901/2604/2364 1176/2628/2364
f 1177/2630/2365 1205/2631/2365 1197/2632/2365
f 1197/2633/2366 899/1845/2366 1177/1854/2366
f 1198/2599/2367 900/2598/2367 1178/2634/2367
f 1195/1828/1539 905/1831/1538 1182/1869/2368
f 1182/1869/2369 1206/2610/2369 1195/1828/2369
f 1175/1818/2370 1201/1817/2370 2123/2635/2370
f 2123/1840/2371 898/1843/2371 1175/2636/2371
f 1179/1830/2372 1202/1829/2373 1199/1833/2374
f 1199/1833/2374 903/1836/2375 1179/1830/2372
f 1194/2593/2326 902/2592/2325 1180/1835/2376
f 1180/1835/1543 1203/1834/1542 1194/2593/2377
f 1181/1842/2378 1204/1841/2378 1200/2590/2378
f 1200/2590/2379 904/2612/2379 1181/1842/2379
f 1184/2587/2380 1258/2637/2380 1264/2573/2380
f 1194/2588/2381 1184/2587/2381 1264/2573/2381
f 1172/1821/2382 1171/1820/2382 1205/2575/2382
f 1205/2575/2383 1198/2638/2383 1172/1821/2383
f 1173/2639/2384 1172/1821/2384 1198/2638/2384
f 1198/2640/2385 1196/2641/2385 1173/2642/2385
f 1200/2590/2386 1185/1874/2386 1206/2643/2386
f 1229/1800/2387 1224/1704/2387 1208/1703/2387
f 1208/1703/2388 1210/1813/2388 1229/1800/2388
f 1208/1703/2389 1214/1718/2389 1216/1721/2389
f 1210/1813/2390 1208/1703/2390 1216/1721/2390
f 1213/1719/2391 1209/1746/2391 1214/1718/2391
f 1215/1720/2392 1210/1813/2392 1216/1721/2392
f 1217/1744/2393 873/1702/2393 1272/1699/2393
f 1272/1699/2394 861/2644/2394 1217/1744/2394
f 861/2644/2395 1212/1745/2395 1217/1744/2395
f 1217/1744/2396 909/1743/2396 913/1747/2396
f 1212/1745/2397 907/1881/2397 909/1743/2397
f 907/1881/2398 1212/1745/2398 1230/2645/2398
f 1217/1744/2399 913/1747/2399 1213/1719/2399
f 1218/1781/2400 895/1773/2400 1219/1782/2400
f 2141/1779/2401 1279/1778/2401 897/2646/2401
f 1215/1720/2402 919/1723/2402 1220/1812/2402
f 894/1784/2403 1186/1799/2403 1220/1812/2403
f 1220/1812/2404 1218/1781/2404 894/1784/2404
f 1219/1782/2405 1279/1778/2405 896/1791/2405
f 896/1791/2406 1192/1783/2406 1219/1782/2406
f 1216/1721/2407 1214/1718/2407 1209/1746/2407
f 1209/1746/2408 1211/1722/2408 1216/1721/2408
f 828/642/2409 1167/1687/2409 1221/1665/2409
f 1167/1680/2410 861/1682/2410 1221/2647/2410
f 835/1637/2411 851/1638/2411 1271/1698/2411
f 1271/1698/2412 1222/1697/2412 835/1637/2412
f 1221/1665/2413 851/1638/2413 829/643/2413
f 1222/1697/2414 836/1639/2414 835/1637/2414
f 1223/1701/2415 836/1639/2415 1222/1697/2415
f 1223/1701/2416 874/1700/2416 1208/1703/2416
f 846/1640/2417 836/1639/2417 1223/1701/2417
f 1223/1701/2418 1224/1704/2418 846/1640/2418
f 1225/1788/2419 1192/1783/2419 1226/1789/2419
f 1225/1788/1509 839/778/2420 1228/1798/1510
f 1229/1800/2421 1210/1813/2421 1186/1799/2421
f 842/1641/2422 831/1642/2422 1229/1800/2422
f 1229/1800/2423 1228/1798/2423 842/1641/2423
f 1228/1798/2424 839/778/2424 842/1641/2424
f 844/776/2425 1226/1789/2425 1227/1790/2425
f 1227/1790/2426 840/1643/2426 844/776/2426
f 1224/1704/2427 1229/1800/2427 831/1642/2427
f 831/1642/2428 846/1640/2428 1224/1704/2428
f 1230/2645/2429 868/1882/1586 907/1881/1585
f 917/1903/2430 914/1897/2431 1244/1707/2432
f 1231/1894/2433 1232/1708/2433 1244/1707/2433
f 1244/1707/2434 914/1897/2434 1231/1894/2434
f 1231/1894/2435 1233/1715/2435 1232/1708/2435
f 1235/1764/2436 1273/1753/2436 858/1646/2436
f 830/1607/2437 847/787/2437 1236/1794/2437
f 1236/1794/2438 869/2623/2438 830/1607/2438
f 1237/1801/2439 869/1804/2439 1236/2648/2439
f 1237/1801/2440 889/1807/2440 1245/1802/2440
f 2121/1806/2441 2124/1810/2441 1238/1805/2441
f 1239/1808/2442 917/1903/2442 1245/1802/2442
f 917/1903/2443 1239/1808/1521 1238/1805/1520
f 1238/1805/2444 2124/1810/2444 917/1903/2444
f 1240/1758/2445 889/1807/2445 1188/2614/2445
f 1240/1758/2446 1188/2614/2446 1241/1759/2446
f 1242/1772/2447 890/1765/2447 2144/1767/2447
f 1245/1802/2448 917/1903/2448 1243/1803/2448
f 892/1754/2449 1239/1808/2449 1245/1802/2449
f 1245/1802/2450 1240/1758/2450 892/1754/2450
f 893/1771/2451 1275/1762/2451 1277/2616/2451
f 1243/1803/2452 917/1903/2430 1244/1707/2432
f 848/676/2453 834/679/2453 1246/1693/2453
f 1246/1693/2454 834/679/2454 872/1695/2454
f 1232/1708/2455 1247/1714/2455 1246/2649/2455
f 1246/2649/2456 872/1709/2456 1232/1708/2456
f 1248/1795/2457 838/786/2457 843/1599/2457
f 2122/2619/2458 891/1757/2458 1249/1756/2458
f 1250/1837/2459 1173/2571/2459 1258/2637/2459
f 1258/2637/2460 1259/1838/2460 1250/1837/2460
f 1252/2650/2461 1172/2651/2461 1173/2652/2461
f 1252/1876/2462 1173/2571/2462 1250/1837/2462
f 1253/1839/2463 880/1740/2463 1251/2577/2463
f 1254/1678/2464 868/1683/2464 1255/1679/2464
f 1255/1679/2465 868/1683/2465 867/1677/2465
f 1257/1739/2466 878/1726/2466 1256/1725/2466
f 1259/1838/2467 1251/1823/2468 878/1726/2469
f 878/1726/2469 1257/1739/2470 1259/1838/2467
f 2044/1943/2471 2125/1912/2471 1261/1911/2471
f 1261/1911/2472 922/1947/2472 2044/1943/2472
f 2125/1912/2473 923/1921/2473 921/1910/2473
f 1262/1935/2474 929/1936/2474 879/2653/2474
f 1262/1935/2475 925/1946/2475 1261/1911/2475
f 2125/1912/2476 1263/1944/2476 912/1891/2476
f 912/1891/2477 923/1921/2477 2125/1912/2477
f 1254/1678/2478 865/1675/2478 1260/1889/2478
f 1262/1935/2479 879/2653/2479 1256/1725/2479
f 1263/1944/2480 910/1887/2480 1260/1889/2480
f 1258/2637/2481 1173/2571/2481 1264/2573/2481
f 1258/2637/2482 1184/2587/2482 1259/1838/2482
f 1259/1838/2483 1184/2587/2483 1251/1823/2483
f 1266/2654/2484 864/2655/2484 1265/2656/2484
f 875/1878/2485 864/2655/2485 1266/2654/2485
f 1266/2654/2486 1267/2657/2486 875/1878/2486
f 1268/1879/2487 875/1878/2487 1267/2657/2487
f 1267/1711/2488 870/1712/2488 1269/2658/2488
f 1269/2658/2489 1268/2659/2489 1267/1711/2489
f 1269/1932/2490 1233/1715/2490 1270/1895/2490
f 861/2644/2491 1272/1699/2492 1271/1698/2493
f 1271/1698/2493 1221/1665/2494 861/2644/2491
f 1272/1699/2495 873/1702/2495 1222/1697/2495
f 851/1638/2496 1221/1665/2496 1271/1698/2496
f 1273/1753/2497 1235/1764/2497 890/1751/2497
f 1273/1753/2498 1274/1752/2498 1188/2660/2498
f 1188/2660/2499 1234/2613/2499 1273/1753/2499
f 1275/1762/2500 893/1771/2500 2037/1760/2500
f 1275/1762/2501 1276/1761/2501 1190/2618/2501
f 1190/2618/2502 1189/1755/2502 1275/1762/2502
f 1188/2614/2503 1274/2617/2503 1277/2616/2503
f 1277/2616/2504 1241/1759/2504 1188/2614/2504
f 1274/2617/2505 890/1765/2505 1242/1772/2505
f 1276/1761/2506 2037/1760/2506 897/2620/2506
f 1276/1761/2507 1278/2621/2507 1191/2661/2507
f 1191/1780/2508 1190/1776/2508 1276/2662/2508
f 1278/2622/2509 897/2646/2509 1279/1778/2509
f 858/1646/2510 837/752/2510 1235/1764/2510
f 1273/1753/2511 1234/2613/2511 843/1599/2511
f 843/1599/2512 858/1646/2512 1273/1753/2512
f 1275/1762/2513 1189/1755/2513 1241/1759/2513
f 1241/1759/2514 1277/2616/2514 1275/1762/2514
f 1277/2616/2515 1242/1772/2515 893/1771/2515
f 1329/2663/2516 1331/2664/2516 1286/2665/2516
f 1280/2666/2517 1287/2667/2517 1321/2668/2517
f 1326/2669/2518 1323/2670/2518 1288/2671/2518
f 1326/2669/2519 1289/2672/2519 1282/2673/2519
f 1290/2674/2520 1289/2672/2520 1326/2669/2520
f 1281/2675/2521 1326/2669/2521 1282/2673/2521
f 2126/2676/2522 1291/2677/2522 1316/2678/2522
f 1284/2679/2523 1316/2678/2523 1291/2677/2523
f 1303/2680/2524 1283/2681/2524 1292/2682/2524
f 1285/2683/2525 1286/2665/2525 1280/2666/2525
f 1285/2683/2526 1315/2684/2526 1291/2685/2526
f 1286/2665/2527 1285/2683/2527 1291/2685/2527
f 1296/2686/2528 1313/2687/2528 1295/2688/2528
f 1298/2689/2529 1320/2690/2529 1297/2691/2529
f 2127/2692/2530 1299/2693/2530 1300/2694/2530
f 1300/2694/2531 1299/2693/2531 2126/2676/2531
f 1302/2695/2532 1301/2696/2533 1313/2697/2534
f 1324/2698/2535 1303/2699/2535 1292/2700/2535
f 1290/2674/2536 1338/2701/2536 1305/2702/2536
f 1337/2703/2537 1305/2702/2537 1338/2701/2537
f 1337/2703/2538 1306/2704/2538 1336/2705/2538
f 1336/2705/2539 1308/2706/2539 1337/2703/2539
f 1336/2707/2540 1309/2708/2540 1308/2709/2540
f 1319/2710/2541 1298/2711/2541 1310/2712/2541
f 1310/2712/2542 1298/2711/2542 1297/2713/2542
f 1303/2699/2543 1310/2712/2543 1311/2714/2543
f 1311/2715/2544 2127/2692/2544 1300/2694/2544
f 2126/2676/2545 1303/2680/2545 1300/2694/2545
f 1294/2716/2546 1305/2702/2546 1295/2688/2546
f 1325/2717/2547 1319/2710/2547 1293/2718/2547
f 1295/2688/2548 1304/2719/2549 1296/2686/2549
f 1308/2706/2550 1296/2686/2549 1304/2719/2549
f 1335/2720/2551 1295/2688/2551 1313/2687/2551
f 1302/2695/2552 1309/2708/2552 1299/2721/2552
f 2126/2676/2553 1309/2722/2554 1330/2723/2555
f 1299/2721/2556 1301/2696/2556 1302/2695/2556
f 1301/2724/2557 1299/2693/2557 2127/2692/2557
f 1313/2697/2534 1296/2725/2558 1302/2695/2532
f 1296/2725/2558 1308/2709/2559 1302/2695/2532
f 1309/2708/2560 1302/2695/2560 1308/2709/2560
f 1300/2694/2561 1303/2680/2561 1311/2715/2561
f 1333/2726/2562 1332/2727/2563 1312/2728/2564
f 1295/2688/2565 1305/2702/2565 1304/2719/2565
f 1305/2702/2566 1294/2716/2566 1312/2728/2566
f 2126/2676/2567 1283/2681/2567 1303/2680/2567
f 1314/2729/2568 2127/2692/2568 1311/2715/2568
f 1327/2730/2569 1290/2674/2569 1288/2671/2569
f 1286/2665/2570 1291/2685/2570 1329/2663/2570
f 1287/2731/2571 1306/2704/2571 1288/2671/2571
f 1306/2704/2572 1287/2731/2572 1307/2732/2572
f 1291/2685/2573 1330/2733/2573 1329/2663/2573
f 1307/2734/2574 1330/2733/2575 1309/2708/2576
f 1309/2722/2554 2126/2676/2553 1299/2693/2577
f 1298/2735/2578 1334/2736/2578 1320/2737/2578
f 1297/2691/2579 1290/2674/2579 1332/2727/2579
f 1312/2728/2580 1341/2738/2581 1333/2726/2582
f 1314/2739/2583 1311/2714/2583 1310/2712/2583
f 1291/2685/2584 1315/2684/2585 1284/2740/2586
f 2126/2676/2587 1316/2678/2587 1283/2681/2587
f 1325/2717/2588 1298/2711/2588 1319/2710/2588
f 1303/2699/2589 1319/2710/2589 1310/2712/2589
f 1334/2741/2590 1298/2742/2590 1317/2743/2590
f 1321/2668/2591 1287/2667/2591 1323/2744/2591
f 1328/2745/2592 1323/2670/2592 1326/2669/2592
f 1322/2746/2593 1321/2668/2593 1323/2744/2593
f 1323/2744/2594 1287/2667/2594 1288/2747/2594
f 1318/2748/2595 1303/2699/2595 1324/2698/2595
f 1317/2749/2596 1298/2711/2596 1325/2717/2596
f 1319/2710/2597 1303/2699/2597 1318/2748/2597
f 1293/2718/2598 1319/2710/2598 1318/2748/2598
f 1281/2675/2599 1328/2745/2599 1326/2669/2599
f 1288/2671/2600 1290/2674/2600 1326/2669/2600
f 1306/2704/2601 1327/2730/2601 1288/2671/2601
f 1337/2703/2602 1338/2701/2602 1306/2704/2602
f 1322/2746/2603 1323/2744/2603 1328/2750/2603
f 1329/2663/2604 1307/2734/2604 1287/2667/2604
f 1287/2667/2605 1331/2664/2605 1329/2663/2605
f 1307/2734/2574 1329/2663/2606 1330/2733/2575
f 2126/2676/2553 1330/2723/2555 1291/2677/2607
f 1287/2667/2608 1280/2666/2608 1331/2664/2608
f 1331/2664/2609 1280/2666/2609 1286/2665/2609
f 1320/2690/2610 1290/2674/2610 1297/2691/2610
f 1320/2751/2611 1289/2752/2611 1290/2753/2611
f 1332/2754/2612 1290/2755/2612 1305/2756/2612
f 1332/2754/2613 1305/2756/2613 1312/2757/2613
f 1297/2691/2614 1332/2727/2563 1333/2726/2562
f 1289/2758/2615 1320/2759/2615 1334/2741/2615
f 1294/2716/2551 1295/2688/2551 1335/2720/2551
f 1307/2734/2616 1309/2708/2616 1336/2707/2616
f 1336/2705/2617 1306/2704/2617 1307/2732/2617
f 1304/2719/2618 1305/2702/2618 1337/2703/2618
f 1337/2703/2619 1308/2706/2619 1304/2719/2619
f 1306/2704/2620 1338/2701/2620 1327/2730/2620
f 1290/2674/2621 1327/2730/2621 1338/2701/2621
f 1310/2712/2622 1297/2713/2622 1339/2760/2622
f 1339/2760/2623 1314/2739/2623 1310/2712/2623
f 1339/2760/2624 1297/2713/2624 1340/2761/2624
f 1333/2726/2582 1341/2738/2581 1297/2691/2625
f 1297/2691/2626 1341/2738/2626 1342/2762/2626
f 1297/2691/2627 1342/2762/2627 1340/2763/2627
f 1399/2764/2628 1400/2765/2628 1367/2766/2628
f 1406/2767/2629 2236/2768/2629 1409/2769/2629
f 1388/2770/2630 1351/2771/2631 1385/2772/2632
f 1376/2773/2633 1373/2774/2633 2129/2775/2633
f 1372/2776/2634 1360/2777/2634 1361/2778/2634
f 1391/2779/2635 1350/2780/2635 1369/2781/2635
f 1358/2782/2636 1359/2783/2636 1366/2784/2636
f 1399/2764/2637 1398/2785/2637 1368/2786/2637
f 1347/2787/2638 1354/2788/2638 1378/2789/2638
f 1371/2790/2639 1370/2791/2639 1364/2792/2639
f 1344/2793/2640 1345/2794/2640 1388/2770/2640
f 1398/2795/2641 1370/2791/2641 1371/2790/2641
f 1387/2796/2642 1381/2797/2642 1361/2778/2642
f 1350/2798/2643 1351/2771/2643 1368/2786/2643
f 1354/2788/2644 1347/2787/2644 1377/2799/2644
f 1348/2800/2645 1354/2788/2645 1377/2799/2645
f 2130/2801/2646 1378/2789/2647 1354/2788/2648
f 1384/2802/2649 1739/2803/2649 1390/2804/2649
f 1361/2778/2650 1382/2805/2650 1396/2806/2650
f 1390/2804/2651 1388/2770/2630 1385/2772/2632
f 1370/2807/2652 1366/2784/2652 1359/2783/2652
f 1360/2777/2653 1394/2808/2653 1353/2809/2653
f 1395/2810/2654 1374/2811/2655 1394/2808/2656
f 2128/2812/2657 1373/2774/2658 1365/2813/2659
f 1369/2781/2660 1392/2814/2660 1391/2779/2660
f 1368/2815/2661 1351/2816/2661 1389/2817/2661
f 1363/2818/2662 2129/2819/2662 1362/2820/2662
f 2130/2821/2663 1365/2813/2663 1346/2822/2663
f 1380/2823/2664 1386/2824/2664 1365/2813/2664
f 1743/2825/2665 1744/2826/2666 1356/2827/2667
f 1387/2828/2668 1356/2827/2668 1381/2829/2668
f 1368/2786/2669 1369/2830/2669 1350/2798/2669
f 1397/2831/2670 1375/2832/2670 1358/2782/2670
f 1382/2805/2671 1353/2809/2671 1352/2833/2671
f 1376/2773/2672 1372/2834/2672 1373/2774/2672
f 1348/2835/2673 1343/2836/2673 1349/2837/2673
f 1371/2790/2674 1362/2820/2674 2130/2801/2674
f 1358/2782/2675 1366/2784/2675 1367/2766/2675
f 1388/2838/2676 1345/2839/2676 1352/2833/2676
f 1351/2771/2677 1388/2770/2677 1353/2840/2677
f 1880/2841/2678 1902/2842/2679 2226/2843/2680
f 1383/2844/2681 1385/2772/2681 1350/2798/2681
f 1364/2792/2682 1375/2845/2682 1363/2818/2682
f 1356/2827/2683 1380/2823/2683 1381/2829/2683
f 1902/2842/2679 1880/2841/2678 1903/2846/2684
f 2227/2847/2685 1905/2848/2685 2232/2849/2685
f 1389/2817/2686 1351/2816/2686 1353/2850/2686
f 1353/2809/2687 1388/2838/2687 1352/2833/2687
f 1359/2851/2688 1364/2792/2688 1370/2791/2688
f 1393/2852/2689 1349/2837/2689 1343/2836/2689
f 1384/2802/2690 1390/2804/2690 1385/2772/2690
f 1349/2853/2691 1354/2788/2691 1348/2800/2691
f 1369/2781/2692 1371/2790/2693 1392/2814/2694
f 1353/2854/2695 1400/2855/2695 1389/2856/2695
f 1381/2829/2696 1380/2823/2696 1365/2813/2696
f 1350/2798/2697 1393/2852/2697 1343/2836/2697
f 1360/2777/2698 1395/2810/2654 1394/2808/2656
f 1868/2857/2699 1411/2858/2699 1409/2859/2699
f 1905/2848/2700 2227/2847/2700 1906/2860/2700
f 2128/2861/2701 2130/2801/2701 1362/2820/2701
f 2130/2801/2702 1346/2862/2702 1378/2789/2702
f 1365/2813/2703 1373/2774/2703 1372/2834/2703
f 1349/2853/2704 1391/2779/2704 1354/2788/2704
f 2130/2801/2705 1392/2814/2705 1371/2790/2705
f 2183/2863/2706 1390/2804/2706 1739/2803/2706
f 1391/2864/2707 1349/2837/2707 1393/2852/2707
f 1357/2865/2670 1397/2831/2670 1358/2782/2670
f 1381/2797/2708 1372/2776/2708 1361/2778/2708
f 1398/2785/2709 1399/2764/2709 1370/2807/2709
f 1354/2788/2710 1391/2779/2710 1392/2814/2710
f 1353/2809/2711 1367/2866/2711 1400/2867/2711
f 1343/2836/2712 1383/2844/2712 1350/2798/2712
f 1369/2781/2692 1398/2795/2713 1371/2790/2693
f 1384/2802/2714 1385/2772/2714 1383/2844/2714
f 1398/2785/2715 1369/2830/2715 1368/2786/2715
f 1738/2868/2716 1741/2869/2716 1746/2870/2716
f 1350/2798/2717 1391/2864/2717 1393/2852/2717
f 2129/2819/2718 2128/2861/2718 1362/2820/2718
f 1386/2824/2719 1355/2871/2719 1365/2813/2719
f 1359/2783/2720 1358/2782/2720 1375/2832/2720
f 1365/2872/2721 1355/2873/2721 1346/2874/2721
f 1394/2808/2722 1367/2866/2722 1353/2809/2722
f 1375/2845/2723 1364/2792/2723 1359/2851/2723
f 1365/2813/2724 1372/2834/2724 1381/2829/2724
f 1361/2778/2725 1360/2777/2725 1382/2805/2725
f 1399/2764/2726 1368/2786/2726 1400/2765/2726
f 1374/2811/2727 1395/2810/2728 1403/2875/2729
f 1357/2865/2730 1358/2782/2730 1367/2766/2730
f 1367/2766/2731 1374/2876/2731 1357/2865/2731
f 1410/2877/2732 1411/2858/2732 1868/2857/2732
f 1364/2792/2733 1362/2820/2733 1371/2790/2733
f 1396/2806/2734 1379/2878/2734 1361/2778/2734
f 1379/2878/2735 1387/2796/2735 1361/2778/2735
f 1385/2772/2736 1351/2771/2736 1350/2798/2736
f 1344/2793/2737 1388/2770/2737 1390/2804/2737
f 1362/2820/2738 1364/2792/2738 1363/2818/2738
f 2130/2801/2646 1354/2788/2648 1392/2814/2739
f 1382/2805/2740 1360/2777/2740 1353/2809/2740
f 1394/2808/2741 1374/2811/2741 1367/2866/2741
f 1352/2833/2742 1396/2806/2742 1382/2805/2742
f 1412/2879/2743 1443/2880/2743 1434/2881/2743
f 1427/2882/2744 1408/2883/2744 1425/2884/2744
f 1422/2885/2745 1420/2886/2745 1374/2876/2745
f 1375/2845/2746 1421/2887/2746 1363/2818/2746
f 1422/2888/2747 1430/2889/2747 1433/2890/2747
f 1416/2891/2748 1417/2892/2748 1363/2818/2748
f 1442/2893/2749 1434/2881/2749 1443/2880/2749
f 1423/2894/2750 1445/2895/2750 1447/2896/2750
f 1425/2897/2751 1871/2898/2751 1405/2899/2751
f 1420/2886/2752 1433/2900/2753 1431/2901/2754
f 1908/2902/2755 2227/2847/2755 2228/2903/2755
f 1368/2815/2756 1389/2817/2756 1400/2904/2756
f 1436/2905/2757 1422/2888/2757 1415/2906/2757
f 2219/2907/2758 2242/2908/2758 1408/2883/2758
f 1405/2899/2759 1430/2889/2759 1439/2909/2759
f 1434/2881/2760 1410/2910/2760 1412/2879/2760
f 1401/2911/2761 1402/2912/2761 1360/2777/2761
f 1747/2913/2762 1347/2787/2763 1748/2914/2764
f 1426/2915/2765 1427/2916/2765 1405/2899/2765
f 1409/2769/2766 1430/2889/2766 1406/2767/2766
f 2135/2917/2767 1432/2918/2768 1418/2919/2769
f 1436/2905/2770 1415/2906/2770 1438/2920/2770
f 2133/2921/2771 1418/2919/2772 1446/2922/2773
f 1417/2892/2774 2134/2923/2774 2135/2924/2774
f 1399/2764/2775 1366/2784/2775 1370/2807/2775
f 1366/2784/2776 1399/2764/2776 1367/2766/2776
f 2227/2847/2777 1908/2902/2777 1906/2860/2777
f 1417/2892/2778 1428/2925/2778 1429/2926/2778
f 2229/2927/2779 1910/2928/2779 1881/2929/2779
f 2129/2819/2780 1363/2818/2780 1417/2892/2780
f 1432/2918/2781 2219/2907/2781 1408/2883/2781
f 1414/2930/2782 1426/2915/2782 1438/2920/2782
f 1433/2900/2753 1420/2886/2752 1422/2885/2783
f 1425/2897/2784 2241/2931/2784 1871/2898/2784
f 1424/2932/2785 1401/2933/2785 1376/2773/2785
f 1395/2810/2728 1360/2777/2786 1403/2875/2729
f 1437/2934/2787 1423/2894/2787 1447/2896/2787
f 2242/2908/2788 2239/2935/2788 1408/2883/2788
f 1419/2936/2789 1446/2922/2789 1418/2919/2789
f 1430/2889/2790 1422/2888/2790 1436/2905/2790
f 2240/2937/2791 1750/2938/2791 1405/2899/2791
f 2133/2921/2792 1376/2773/2792 2129/2775/2792
f 1412/2879/2793 1869/2939/2793 2237/2940/2793
f 2134/2923/2794 1417/2892/2794 1429/2926/2794
f 1407/2941/2795 2237/2940/2795 1870/2942/2795
f 1868/2857/2796 1869/2943/2796 1410/2877/2796
f 1424/2944/2797 1423/2894/2798 1402/2912/2799
f 1435/2945/2800 2134/2923/2800 1429/2926/2800
f 1430/2889/2801 1409/2769/2801 1433/2890/2801
f 1407/2941/2802 1429/2926/2802 1428/2925/2802
f 1438/2920/2803 1439/2909/2803 1436/2905/2803
f 2134/2923/2804 1435/2945/2804 2219/2946/2804
f 1417/2892/2805 2135/2924/2805 2131/2947/2805
f 2181/2948/2806 1744/2826/2666 1743/2825/2665
f 1430/2889/2807 1405/2899/2807 1406/2767/2807
f 2170/2949/2808 2177/2950/2808 1748/2914/2808
f 1402/2912/2809 1423/2894/2809 1437/2934/2809
f 1441/2951/2810 1431/2901/2810 1411/2858/2810
f 1421/2952/2811 1375/2832/2811 1440/2953/2811
f 1910/2928/2812 2229/2927/2812 1917/2954/2812
f 1372/2776/2813 1401/2911/2813 1360/2777/2813
f 2237/2940/2814 1407/2941/2814 1412/2879/2814
f 2241/2955/2815 1425/2884/2815 1408/2883/2815
f 2240/2937/2816 1405/2899/2816 1871/2898/2816
f 1413/2956/2817 1426/2915/2817 1414/2930/2817
f 1445/2895/2818 1413/2956/2818 1447/2896/2818
f 1432/2918/2768 2135/2917/2767 2134/2957/2819
f 1446/2922/2820 1419/2936/2820 1445/2958/2820
f 1433/2900/2821 1411/2858/2821 1431/2901/2821
f 1416/2891/2822 1363/2818/2822 1442/2893/2822
f 1397/2831/2823 1440/2953/2824 1375/2832/2825
f 1405/2899/2826 1439/2909/2826 1426/2915/2826
f 1419/2936/2827 1413/2959/2827 1445/2958/2827
f 1746/2870/2828 1747/2913/2828 1738/2868/2828
f 1401/2911/2829 1424/2944/2797 1402/2912/2799
f 1411/2858/2830 1433/2900/2830 1409/2859/2830
f 1418/2919/2831 2131/2960/2831 2135/2917/2831
f 1357/2865/2832 1420/2886/2833 1397/2831/2823
f 1441/2951/2834 1434/2961/2834 1440/2953/2834
f 1409/2859/2835 2236/2962/2835 1868/2857/2835
f 1360/2777/2836 1404/2963/2836 1403/2875/2836
f 1428/2925/2837 1417/2892/2837 1416/2891/2837
f 1427/2916/2838 1425/2897/2838 1405/2899/2838
f 1403/2875/2839 1437/2934/2839 1415/2906/2839
f 1440/2953/2840 1420/2886/2840 1441/2951/2840
f 1426/2915/2841 1413/2956/2841 1427/2916/2841
f 2241/2955/2842 1408/2883/2842 2239/2935/2842
f 1401/2933/2843 1372/2834/2843 1376/2773/2843
f 1408/2883/2844 1427/2882/2844 1432/2918/2844
f 1418/2919/2845 1427/2882/2845 1419/2936/2845
f 2219/2907/2846 1432/2918/2768 2134/2957/2819
f 2129/2819/2847 1417/2892/2847 2133/2964/2847
f 1891/2965/2848 2231/2966/2848 2221/2967/2848
f 2231/2966/2849 1891/2965/2849 1913/2968/2849
f 1428/2925/2850 1412/2879/2850 1407/2941/2850
f 1357/2865/2851 1374/2876/2851 1420/2886/2851
f 1467/2969/2852 1340/2761/2853 1466/2970/2854
f 1481/2971/2855 1491/2972/2855 1466/2973/2855
f 1456/2974/2856 1457/2975/2856 1469/2976/2856
f 1469/2976/2857 1470/2977/2857 1456/2974/2857
f 1448/2978/2858 1469/2979/2858 1483/2980/2858
f 1473/2981/2859 1449/2982/2859 1448/2983/2859
f 1460/2984/2860 1472/2985/2860 1471/2986/2860
f 1471/2986/2861 1459/2987/2861 1460/2984/2861
f 2137/2988/2862 1472/2989/2862 1460/2990/2862
f 1460/2990/2863 2136/2991/2863 1479/2992/2863
f 2138/2993/2864 2127/2692/2864 1314/2729/2864
f 1451/2994/2865 1475/2995/2865 1470/2977/2865
f 1470/2977/2866 1448/2983/2866 1468/2996/2866
f 1462/2997/2867 1489/2998/2867 1456/2974/2867
f 1473/2999/2868 1476/3000/2868 1452/3001/2868
f 1452/3001/2869 1449/3002/2869 1473/2999/2869
f 1454/3003/2870 1452/3001/2870 1476/3000/2870
f 1476/3000/2871 1474/3004/2871 1454/3003/2871
f 1340/2763/2872 1481/2971/2872 1466/2973/2872
f 1484/3005/2873 1485/3006/2873 1463/3007/2873
f 1485/3008/2874 1484/3009/2874 1477/3010/2874
f 1455/3011/2875 1477/3010/2875 1487/3012/2875
f 1477/3010/2876 1455/3011/2876 1453/3013/2876
f 1466/2970/2877 1491/3014/2877 1489/2998/2877
f 1459/2987/2878 1301/2696/2878 1460/2984/2878
f 2127/2692/2879 1460/2990/2879 1301/2724/2879
f 2127/2692/2880 2138/2993/2880 1460/2990/2880
f 1461/3015/2881 1479/2992/2881 2136/2991/2881
f 1479/2992/2882 1461/3015/2883 1475/3016/2884
f 1467/2969/2885 1314/2739/2885 1339/2760/2885
f 2138/2993/2886 1490/3017/2887 1461/3015/2888
f 1465/3018/2889 1312/2728/2889 1463/3007/2889
f 1294/2716/2890 1463/3007/2890 1312/2728/2890
f 1312/2728/2891 1465/3018/2891 1488/3019/2891
f 1484/3005/2892 1463/3007/2893 1335/2720/2894
f 1335/2720/2894 1313/2687/2895 1484/3005/2892
f 1459/2987/2896 1486/3020/2896 1301/2696/2896
f 1313/2697/2897 1301/2696/2897 1464/3021/2897
f 1489/2998/2898 1491/3014/2898 1456/2974/2898
f 1339/2760/2899 1340/2761/2853 1467/2969/2852
f 1462/2997/2900 1461/3022/2900 1490/3023/2900
f 1490/3023/2901 1489/2998/2901 1462/2997/2901
f 1469/2976/2902 1448/2983/2902 1470/2977/2902
f 1480/3024/2903 1482/3025/2903 1458/3026/2903
f 1482/3025/2904 1480/3024/2904 1483/3027/2904
f 1471/2986/2905 1450/3028/2906 1455/3011/2907
f 1450/3028/2906 1471/2986/2905 1472/2985/2908
f 2137/2988/2909 2191/3029/2909 1478/3030/2909
f 1478/3030/2910 1472/2989/2910 2137/2988/2910
f 1461/3022/2911 1462/2997/2911 1470/2977/2911
f 1470/2977/2912 1475/2995/2912 1461/3022/2912
f 1480/3031/2913 1458/3032/2913 1465/3018/2913
f 1465/3018/2914 1476/3000/2914 1473/2999/2914
f 1476/3000/2915 1465/3018/2916 1463/3007/2917
f 1463/3007/2917 1474/3004/2918 1476/3000/2915
f 1485/3006/2919 1454/3003/2919 1474/3004/2919
f 1485/3008/2920 1477/3010/2920 1453/3013/2920
f 1487/3012/2921 1486/3020/2921 1459/2987/2921
f 1486/3020/2922 1487/3012/2922 1477/3010/2922
f 1475/3016/2923 1451/3033/2923 2191/3029/2923
f 2191/3029/2924 2137/2988/2925 1475/3016/2884
f 1462/2997/2926 1456/2974/2926 1470/2977/2926
f 1472/2985/2927 1478/3034/2927 1450/3028/2927
f 1475/3016/2884 2137/2988/2925 1479/2992/2882
f 1460/2990/2928 1479/2992/2928 2137/2988/2928
f 1473/2999/2929 1480/3031/2929 1465/3018/2929
f 1482/3035/2930 1483/2980/2930 1469/2979/2930
f 1341/2738/2931 1458/3032/2931 1481/2971/2931
f 1458/3032/2932 1482/3035/2932 1481/2971/2932
f 1457/3036/2933 1482/3035/2933 1469/2979/2933
f 1482/3035/2934 1491/2972/2934 1481/2971/2934
f 1480/3024/2935 1473/2981/2935 1483/3027/2935
f 1448/2983/2936 1483/3027/2936 1473/2981/2936
f 1470/2977/2937 1468/2996/2937 1451/2994/2937
f 1312/2728/2938 1488/3019/2938 1341/2738/2938
f 1294/2716/2939 1335/2720/2894 1463/3007/2893
f 1464/3021/2940 1484/3009/2940 1313/2697/2940
f 1484/3009/2941 1464/3021/2941 1477/3010/2941
f 1454/3037/2942 1485/3008/2942 1453/3013/2942
f 1485/3006/2943 1474/3004/2943 1463/3007/2943
f 1477/3010/2944 1464/3021/2944 1486/3020/2944
f 1486/3020/2945 1464/3021/2945 1301/2696/2945
f 1459/2987/2946 1471/2986/2946 1487/3012/2946
f 1455/3011/2947 1487/3012/2947 1471/2986/2947
f 1342/2762/2948 1481/2971/2948 1340/2763/2948
f 1342/2762/2949 1341/2738/2949 1481/2971/2949
f 1488/3019/2950 1458/3032/2950 1341/2738/2950
f 1488/3019/2951 1465/3018/2951 1458/3032/2951
f 1467/2969/2952 1466/2970/2952 1489/2998/2952
f 1490/3023/2953 1467/2969/2953 1489/2998/2953
f 1314/2739/2954 1467/2969/2954 1490/3023/2954
f 1490/3017/2887 2138/2993/2886 1314/2729/2955
f 1461/3015/2956 2136/2991/2956 2138/2993/2956
f 1460/2990/2957 2138/2993/2957 2136/2991/2957
f 1491/3014/2958 1457/2975/2958 1456/2974/2958
f 1482/3035/2959 1457/3036/2959 1491/2972/2959
f 1495/3038/2960 1496/3039/2960 1501/3040/2960
f 1501/3040/2961 2162/3041/2961 1495/3038/2961
f 2139/3042/2962 2147/3043/2962 1494/3044/2962
f 2147/3043/2963 2139/3042/2963 1496/3039/2963
f 1496/3039/2964 1502/3045/2964 2147/3043/2964
f 2167/3046/2965 2165/3047/2965 1494/3044/2965
f 2165/3047/2966 2139/3042/2966 1494/3044/2966
f 1506/3048/2967 1509/3049/2967 1516/3050/2967
f 1506/3048/2968 1579/3051/2969 1509/3049/2970
f 2162/3052/2971 1492/3053/2972 1538/3054/2973
f 1538/3054/2973 1525/3055/2974 2162/3052/2971
f 1503/3056/2975 1620/3057/2975 2146/3058/2975
f 1588/3059/2976 1621/3060/2976 1622/3061/2976
f 1538/3054/2977 1492/3053/2977 1497/3062/2977
f 1497/3062/2978 1509/3049/2978 1538/3054/2978
f 1576/3063/2979 2168/3064/2979 2163/3065/2979
f 2163/3065/2980 1578/3066/2980 1576/3063/2980
f 1574/3067/2981 1504/3068/2981 2164/3069/2981
f 1605/3070/2982 2164/3069/2982 1504/3068/2982
f 1596/3071/2983 1536/3072/2983 1507/3073/2983
f 1592/3074/2984 1623/3075/2984 1593/3076/2984
f 1592/3074/2985 1535/3077/2985 1598/3078/2985
f 1525/3079/2986 1537/3080/2986 1495/3081/2986
f 1495/3038/2987 2162/3041/2987 1525/3082/2987
f 1626/3083/2988 1565/3084/2988 1564/3085/2988
f 1564/3085/2989 1566/3086/2989 1632/3087/2989
f 1621/3060/2990 1568/3088/2990 1567/3089/2990
f 1567/3089/2991 1631/3090/2991 1621/3060/2991
f 1600/3091/2992 1599/3092/2993 2169/3093/2994
f 2184/3094/2995 1513/3095/2996 2169/3096/2997
f 1605/3097/2998 1508/3098/2998 1553/3099/2998
f 1553/3099/2999 1552/3100/2999 1605/3097/2999
f 2164/3069/3000 1552/3101/3000 1493/3102/3000
f 1542/3103/3001 1543/3104/3001 2140/3105/3001
f 2140/3105/3002 2144/3106/3002 1542/3103/3002
f 1524/3107/3003 1515/3108/3003 1555/3109/3003
f 1555/3109/3004 1554/3110/3004 1524/3107/3004
f 1544/3111/3005 2141/3112/3005 2038/3113/3005
f 2038/3113/3006 1545/3114/3006 1544/3111/3006
f 2143/3115/3007 2141/3112/3007 1548/3116/3007
f 2143/3115/3008 1548/3116/3008 1546/3117/3008
f 2142/3118/3009 2143/3115/3009 1546/3117/3009
f 1513/3119/3010 1547/3120/3010 1601/3121/3010
f 1601/3121/3011 1600/3091/3011 1513/3119/3011
f 1603/3122/3012 1551/3123/3013 1602/3124/3014
f 1514/3125/3015 1530/3126/3015 1604/3127/3015
f 1604/3127/3016 1603/3122/3016 1514/3125/3016
f 1604/3128/3017 1515/3108/3017 1527/3129/3017
f 1515/3130/3018 1604/3127/3018 1530/3126/3018
f 1506/3048/3019 1516/3050/3019 1551/3123/3019
f 1551/3123/3020 1549/3131/3020 1506/3048/3020
f 1508/3132/3021 1605/3133/3021 1504/3134/3021
f 1531/3135/3022 1517/3136/3023 1539/3137/3024
f 1531/3135/3025 1539/3137/3025 1519/3138/3025
f 1531/3135/3026 1519/3138/3026 1529/3139/3026
f 1494/3140/3027 1573/3141/3027 1512/3142/3027
f 1498/3143/3028 1560/3144/3028 1569/3145/3028
f 1560/3146/3029 1498/3147/3029 2167/3046/3029
f 2167/3046/3030 1563/3148/3030 1560/3146/3030
f 1504/3134/3031 1575/3149/3031 1508/3132/3031
f 1518/3150/3032 1511/3151/3032 1570/3152/3032
f 1511/3151/3033 1518/3150/3033 1523/3153/3033
f 1533/3154/3034 1523/3153/3034 1575/3149/3034
f 1523/3153/3035 1533/3154/3035 1511/3151/3035
f 1523/3153/3036 1524/3107/3037 1508/3132/3038
f 1508/3132/3039 1575/3149/3039 1523/3153/3039
f 1529/3155/3040 1527/3129/3040 1518/3150/3040
f 1518/3150/3041 1531/3156/3041 1529/3155/3041
f 1503/3056/3042 2146/3058/3042 1595/3157/3042
f 1595/3157/3043 1594/3158/3043 1503/3056/3043
f 1502/3159/3044 1537/3160/3044 1586/3161/3044
f 1505/3162/3045 1522/3163/3045 1526/3164/3045
f 1521/3165/3046 1522/3163/3047 1517/3136/3048
f 1517/3136/3049 1571/3166/3049 1521/3165/3049
f 1583/3167/3050 1597/3168/3050 1507/3073/3050
f 1507/3073/3051 1582/3169/3051 1583/3167/3051
f 1527/3129/3052 1523/3153/3052 1518/3150/3052
f 1524/3107/3053 1523/3153/3053 1527/3129/3053
f 1527/3129/3054 1515/3108/3054 1524/3107/3054
f 1583/3167/3055 1521/3165/3055 1571/3166/3055
f 1571/3166/3056 1584/3170/3057 1583/3167/3058
f 1528/3171/3059 1584/3172/3059 1532/3173/3059
f 1580/3174/3060 1525/3055/3060 1538/3054/3060
f 1538/3054/3061 1579/3051/3061 1580/3174/3061
f 1519/3138/3062 1550/3175/3062 1549/3131/3062
f 1593/3176/3063 1620/3057/3063 1503/3056/3063
f 1592/3177/3064 1593/3176/3064 1503/3056/3064
f 1528/3171/3065 1532/3173/3066 1589/3178/3067
f 1589/3178/3067 1588/3059/3068 1528/3171/3065
f 1631/3090/3069 1565/3179/3069 1626/3180/3069
f 1565/3179/3070 1631/3090/3070 1567/3089/3070
f 1572/3181/3071 1578/3066/3071 2163/3065/3071
f 2163/3065/3072 1499/3182/3072 1572/3181/3072
f 1569/3183/3073 1572/3181/3073 1499/3182/3073
f 1534/3184/3074 1507/3073/3075 1597/3168/3076
f 1536/3072/3077 1585/3185/3077 1587/3186/3077
f 1587/3186/3078 1507/3073/3078 1536/3072/3078
f 1534/3184/3079 1597/3168/3079 1528/3187/3079
f 1534/3184/3080 1528/3187/3080 1588/3188/3080
f 1534/3184/3081 1588/3188/3081 1622/3189/3081
f 1592/3074/3082 1598/3078/3082 1623/3075/3082
f 1598/3078/3083 1535/3077/3083 1536/3072/3083
f 1630/3190/3084 1534/3191/3084 1622/3192/3084
f 1535/3193/3085 1586/3161/3085 1585/3194/3085
f 1585/3185/3086 1536/3072/3086 1535/3077/3086
f 1522/3163/3087 1505/3162/3088 1550/3175/3089
f 1539/3137/3090 1522/3163/3090 1550/3175/3090
f 1550/3175/3091 1519/3138/3091 1539/3137/3091
f 1522/3163/3047 1539/3137/3092 1517/3136/3048
f 2144/3106/3093 2145/3195/3093 1541/3196/3093
f 1541/3196/3094 1542/3103/3094 2144/3106/3094
f 1543/3197/3095 1542/3198/3095 1553/3199/3095
f 1553/3199/3096 1554/3110/3096 1543/3197/3096
f 2038/3200/3097 2140/3105/3097 1543/3104/3097
f 1543/3197/3098 1545/3201/3098 2038/3202/3098
f 1544/3203/3099 1545/3204/3099 1556/3205/3099
f 1546/3206/3100 1548/3207/3100 1558/3208/3100
f 1558/3208/3101 1557/3209/3101 1546/3206/3101
f 2190/3210/3102 1546/3206/3103 1557/3209/3104
f 1557/3209/3104 2184/3211/3105 2190/3210/3102
f 1545/3212/3106 1555/3213/3106 1556/3214/3106
f 1601/3121/3107 1547/3120/3107 1602/3124/3107
f 1547/3215/3108 1558/3216/3108 1556/3217/3108
f 1556/3217/3109 1514/3218/3109 1547/3215/3109
f 1549/3131/3110 1551/3123/3110 1519/3138/3110
f 1550/3175/3089 1505/3162/3088 1506/3048/3111
f 1506/3048/3112 1549/3131/3112 1550/3175/3112
f 1602/3124/3014 1547/3120/3113 1514/3125/3114
f 1552/3219/3115 1553/3199/3116 1542/3198/3117
f 1542/3198/3117 1541/3220/3118 1552/3219/3115
f 1493/3102/3119 1552/3101/3119 1541/3221/3119
f 1541/3221/3120 2189/3222/3120 1493/3102/3120
f 1554/3110/3121 1555/3109/3121 1545/3201/3121
f 1545/3201/3122 1543/3197/3122 1554/3110/3122
f 1554/3223/3123 1553/3099/3123 1508/3098/3123
f 1508/3132/3038 1524/3107/3037 1554/3110/3124
f 1557/3224/3125 1558/3216/3125 1547/3215/3125
f 1547/3215/3126 1513/3095/3126 1557/3224/3126
f 2184/3094/2995 1557/3224/3127 1513/3095/2996
f 1530/3126/3128 1555/3225/3128 1515/3130/3128
f 1556/3217/3129 1555/3226/3130 1530/3227/3129
f 1556/3217/3129 1530/3227/3129 1514/3218/3131
f 1544/3228/3132 1556/3229/3132 1558/3208/3132
f 1558/3208/3133 1548/3207/3133 1544/3228/3133
f 1563/3230/3134 1494/3140/3134 1512/3142/3134
f 1512/3231/3135 1561/3232/3135 1563/3233/3135
f 1569/3183/3136 2166/3234/3136 1498/3235/3136
f 1512/3231/3137 1624/3236/3137 1627/3237/3137
f 1627/3237/3138 1561/3232/3138 1512/3231/3138
f 1510/3238/3139 1577/3239/3139 1559/3240/3139
f 1563/3148/3140 2167/3046/3140 1494/3044/3140
f 1563/3233/3141 1561/3232/3141 1560/3241/3141
f 1566/3086/3142 1559/3240/3142 1562/3242/3142
f 1627/3237/3143 1562/3242/3143 1561/3232/3143
f 1569/3183/3144 1562/3242/3144 1578/3066/3144
f 1578/3066/3145 1562/3242/3145 1559/3240/3145
f 2146/3058/3146 1620/3057/3146 1629/3243/3146
f 1565/3084/3147 1510/3238/3147 1564/3085/3147
f 1510/3244/3148 1565/3179/3148 1590/3245/3148
f 1590/3245/3149 1533/3154/3149 1510/3244/3149
f 1625/3246/3150 1566/3086/3151 1562/3242/3152
f 1562/3242/3153 1627/3237/3153 1625/3246/3153
f 1564/3085/3154 1510/3238/3154 1559/3240/3154
f 1567/3089/3155 1568/3088/3155 1589/3178/3155
f 1589/3178/3156 1591/3247/3156 1567/3089/3156
f 1588/3059/3157 1568/3088/3157 1621/3060/3157
f 1511/3151/3158 1533/3154/3158 1590/3245/3158
f 1590/3245/3159 1591/3247/3159 1511/3151/3159
f 1566/3086/3151 1625/3246/3150 1632/3087/3160
f 1575/3248/3161 1510/3249/3161 1533/3250/3161
f 1577/3251/3162 1510/3244/3162 1575/3149/3162
f 1570/3152/3163 1531/3156/3163 1518/3150/3163
f 1511/3151/3164 1532/3173/3164 1570/3152/3164
f 1571/3166/3165 1517/3136/3023 1531/3135/3022
f 1531/3156/3166 1570/3152/3166 1571/3252/3166
f 1561/3232/3167 1562/3242/3167 1569/3183/3167
f 1572/3253/3168 1569/3254/3168 1578/3255/3168
f 2146/3058/3169 1628/3256/3169 1573/3141/3169
f 1626/3257/3170 1564/3258/3170 1632/3259/3170
f 1564/3085/3171 1559/3240/3171 1566/3086/3171
f 1628/3256/3172 2146/3058/3172 1629/3243/3172
f 2147/3260/3173 2146/3058/3173 1573/3141/3173
f 1573/3141/3174 1494/3140/3174 2147/3260/3174
f 1628/3256/3175 1624/3261/3175 1512/3142/3175
f 1512/3142/3176 1573/3141/3176 1628/3256/3176
f 1500/3262/3177 1574/3067/3177 2164/3069/3177
f 1504/3263/3178 1574/3264/3178 1576/3265/3178
f 1576/3063/3179 1577/3239/3179 1504/3068/3179
f 1575/3149/3180 1504/3134/3180 1577/3251/3180
f 1574/3067/3181 1500/3262/3181 2168/3064/3181
f 2168/3064/3182 1576/3063/3182 1574/3067/3182
f 1577/3239/3183 1576/3063/3183 1578/3066/3183
f 1560/3241/3184 1561/3232/3184 1569/3183/3184
f 1577/3239/3185 1578/3066/3185 1559/3240/3185
f 1509/3049/3186 1579/3051/3186 1538/3054/3186
f 1579/3051/2969 1506/3048/2968 1505/3162/3187
f 1540/3266/3188 1580/3174/3188 1581/3267/3188
f 1580/3174/3189 1540/3266/3189 1525/3055/3189
f 1579/3051/3190 1505/3162/3190 1526/3164/3190
f 1526/3164/3191 1580/3174/3191 1579/3051/3191
f 1581/3267/3192 1520/3268/3192 1582/3169/3192
f 1582/3169/3193 1587/3186/3193 1581/3267/3193
f 1520/3268/3194 1526/3164/3194 1522/3163/3194
f 1522/3163/3195 1521/3165/3195 1520/3268/3195
f 1495/3038/3196 1537/3269/3196 1502/3045/3196
f 1540/3270/3197 1537/3271/3197 1525/3272/3197
f 1581/3267/3198 1580/3174/3198 1526/3164/3198
f 1526/3164/3199 1520/3268/3199 1581/3267/3199
f 1502/3159/3200 1586/3161/3200 1595/3157/3200
f 1595/3157/3201 2147/3260/3201 1502/3159/3201
f 1583/3167/3202 1582/3169/3202 1520/3268/3202
f 1520/3268/3203 1521/3165/3203 1583/3167/3203
f 1597/3168/3204 1583/3167/3058 1584/3170/3057
f 1584/3170/3057 1528/3187/3205 1597/3168/3204
f 1570/3152/3206 1532/3173/3206 1584/3172/3206
f 1584/3172/3207 1571/3252/3207 1570/3152/3207
f 1540/3266/3208 1587/3186/3208 1585/3185/3208
f 1585/3194/3209 1537/3160/3209 1540/3273/3209
f 1503/3056/3210 1594/3158/3210 1592/3177/3210
f 1585/3194/3211 1586/3161/3211 1537/3160/3211
f 1587/3186/3212 1540/3266/3212 1581/3267/3212
f 1587/3186/3213 1582/3169/3213 1507/3073/3213
f 1588/3059/3214 1589/3178/3214 1568/3088/3214
f 1591/3247/3215 1589/3178/3215 1532/3173/3215
f 1532/3173/3216 1511/3151/3216 1591/3247/3216
f 1591/3247/3217 1590/3245/3217 1565/3179/3217
f 1565/3179/3218 1567/3089/3218 1591/3247/3218
f 1594/3158/3219 1595/3157/3219 1586/3161/3219
f 2147/3260/3220 1595/3157/3220 2146/3058/3220
f 1594/3158/3221 1586/3161/3221 1535/3193/3221
f 1535/3193/3222 1592/3177/3222 1594/3158/3222
f 1534/3184/3074 1630/3274/3223 1596/3071/3224
f 1596/3071/3224 1507/3073/3075 1534/3184/3074
f 1596/3071/3225 1598/3078/3225 1536/3072/3225
f 1630/3274/3226 1623/3075/3226 1598/3078/3226
f 1598/3078/3227 1596/3071/3227 1630/3274/3227
f 1496/3039/3228 1495/3038/3228 1502/3045/3228
f 1569/3183/3229 1499/3182/3229 2166/3234/3229
f 1509/3049/3230 1497/3062/3230 1599/3092/3230
f 1516/3050/3231 1509/3049/3231 1600/3091/3231
f 1599/3092/2993 1600/3091/2992 1509/3049/3232
f 1516/3050/3233 1601/3121/3234 1551/3123/3235
f 1600/3091/3236 1601/3121/3236 1516/3050/3236
f 1603/3122/3012 1602/3124/3014 1514/3125/3114
f 1601/3121/3234 1602/3124/3237 1551/3123/3235
f 1529/3139/3238 1519/3138/3239 1603/3122/3240
f 1519/3138/3241 1551/3123/3241 1603/3122/3241
f 1527/3129/3242 1529/3155/3242 1604/3128/3242
f 1603/3122/3240 1604/3127/3243 1529/3139/3238
f 1605/3097/3244 1552/3100/3244 2164/3275/3244
f 1513/3119/3245 1600/3091/3245 2169/3093/3245
f 410/751/3246 2189/3222/3246 2145/1763/3246
f 2149/3276/3247 1321/2668/3247 2150/3277/3247
f 1282/2673/3248 2151/3278/3248 2152/3279/3248
f 2160/3280/3249 1281/2675/3249 2152/3279/3249
f 1282/2673/3250 2152/3279/3250 1281/2675/3250
f 2148/3281/3251 2156/3282/3251 2153/3283/3251
f 1315/2684/2585 1616/3284/3252 1284/2740/2586
f 2153/3283/3253 1606/3285/3253 2148/3281/3253
f 1616/3284/3254 1315/2684/3254 1610/3286/3254
f 1617/3287/3255 2154/3288/3255 1608/3289/3255
f 1285/2683/3256 1280/2666/3256 1609/3290/3256
f 1321/2668/3257 2149/3276/3258 1609/3290/3259
f 1607/3291/3260 2151/3292/3260 1289/3293/3260
f 2148/3281/3261 1619/3294/3262 1283/2681/3263
f 1606/3285/3264 2155/3295/3265 1612/3296/3266
f 1614/3297/3267 1293/2718/3267 1318/2748/3267
f 1289/2758/3268 1334/2741/3268 1607/3298/3268
f 1282/2673/3269 1289/2672/3269 2151/3278/3269
f 1285/2683/3270 2157/3299/3270 1610/3286/3270
f 2159/3300/3271 1615/3301/3271 1328/2750/3271
f 2156/3282/3272 1617/3302/3272 1608/3303/3272
f 1283/2681/3273 1316/2678/3273 1618/3304/3273
f 1618/3304/3274 1316/2678/3275 1284/2679/3276
f 1612/3296/3266 1619/3294/3277 1606/3285/3264
f 1293/2718/3278 1613/3305/3278 1325/2717/3278
f 2155/3306/3279 1614/3297/3279 1612/3307/3279
f 1317/2749/3280 1325/2717/3280 1613/3305/3280
f 1607/3298/3268 1334/2741/3268 1317/2743/3268
f 1321/2668/3281 1322/2746/3281 2150/3277/3281
f 1328/2745/3282 1281/2675/3282 2159/3308/3282
f 1321/2668/3257 1609/3290/3259 1280/2666/3283
f 2149/3276/3284 2157/3299/3284 1609/3290/3284
f 1285/2683/3285 1609/3290/3285 2157/3299/3285
f 1285/2683/3286 1610/3286/3286 1315/2684/3286
f 2154/3288/3287 1610/3286/3287 2157/3299/3287
f 1318/2748/3288 1324/2698/3288 1612/3307/3288
f 1317/2749/3289 1613/3305/3289 1611/3309/3289
f 1317/2749/3290 1611/3309/3290 1607/3310/3290
f 1612/3307/3291 1324/2698/3291 1292/2700/3291
f 2158/3311/3292 1613/3305/3293 1614/3297/3294
f 1612/3307/3295 1614/3297/3295 1318/2748/3295
f 1613/3305/3296 2158/3311/3296 1611/3309/3296
f 2155/3306/3297 2158/3311/3297 1614/3297/3297
f 1613/3305/3293 1293/2718/3298 1614/3297/3294
f 2159/3308/3299 1281/2675/3299 2160/3280/3299
f 1322/2746/3300 1328/2750/3300 2150/3277/3300
f 1615/3301/3301 2150/3277/3301 1328/2750/3301
f 2154/3288/3302 1616/3284/3302 1610/3286/3302
f 1616/3284/3303 2154/3288/3303 1617/3287/3303
f 2156/3282/3304 1618/3304/3304 1617/3302/3304
f 1284/2740/3305 1616/3284/3305 1617/3287/3305
f 1617/3302/3306 1618/3304/3274 1284/2679/3276
f 2148/3281/3307 1618/3304/3307 2156/3282/3307
f 2148/3281/3261 1606/3285/3308 1619/3294/3262
f 1283/2681/3309 1618/3304/3309 2148/3281/3309
f 1612/3296/3310 1292/2682/3310 1619/3294/3310
f 1619/3294/3311 1292/2682/3311 1283/2681/3311
f 1638/3312/3312 1643/3313/3312 2149/3314/3312
f 2149/3314/3313 2150/3315/3313 1638/3312/3313
f 1634/3316/3314 2152/3317/3314 2151/3318/3314
f 2151/3318/3315 1635/3319/3315 1634/3316/3315
f 1645/3320/3316 2160/3321/3316 2152/3322/3316
f 2152/3317/3317 1634/3316/3317 1645/3323/3317
f 2161/3324/3318 2153/3325/3318 2156/3326/3318
f 1633/3327/3319 1606/3328/3319 2153/3325/3319
f 2153/3325/3320 2161/3324/3320 1633/3327/3320
f 1637/3329/3321 1641/3330/3321 1608/3331/3321
f 1608/3332/3322 2154/3333/3322 1637/3334/3322
f 2151/3335/3323 1607/3336/3323 1635/3337/3323
f 1633/3327/3324 1642/3338/3324 2155/3339/3324
f 2155/3339/3325 1606/3328/3325 1633/3327/3325
f 1646/3340/3326 1615/3341/3326 2159/3342/3326
f 2159/3343/3327 1639/3344/3327 1646/3345/3327
f 1641/3330/3328 2161/3324/3328 2156/3326/3328
f 2156/3326/3329 1608/3331/3329 1641/3330/3329
f 1640/3346/3330 2157/3347/3330 2149/3314/3330
f 2149/3314/3331 1643/3313/3331 1640/3346/3331
f 1640/3346/3332 1637/3334/3332 2154/3333/3332
f 2154/3333/3333 2157/3347/3333 1640/3346/3333
f 1644/3348/3334 1635/3349/3334 1607/3350/3334
f 1607/3351/3335 1611/3352/3335 1644/3353/3335
f 1636/3354/3336 1644/3353/3336 1611/3352/3336
f 1611/3352/3337 2158/3355/3337 1636/3354/3337
f 1642/3356/3338 1636/3354/3338 2158/3355/3338
f 2158/3355/3339 2155/3357/3339 1642/3356/3339
f 1639/3344/3340 2159/3343/3340 2160/3358/3340
f 2160/3358/3341 1645/3359/3341 1639/3344/3341
f 1646/3340/3342 1638/3312/3342 2150/3315/3342
f 2150/3315/3343 1615/3341/3343 1646/3340/3343
f 1638/3360/3344 1625/3361/3345 1643/3362/3346
f 1621/3363/3347 1634/3364/3347 1635/3365/3347
f 1635/3365/3348 1622/3366/3348 1621/3363/3348
f 1631/3367/3349 1645/3368/3349 1634/3364/3349
f 1634/3364/3350 1621/3363/3350 1631/3367/3350
f 1620/3369/3351 1633/3370/3351 2161/3371/3351
f 2161/3371/3352 1629/3372/3352 1620/3369/3352
f 1641/3373/3353 1637/3374/3353 1624/3375/3353
f 1624/3375/3354 1628/3376/3354 1641/3373/3354
f 1642/3377/3355 1633/3370/3355 1620/3369/3355
f 1620/3369/3356 1593/3378/3356 1642/3377/3356
f 1646/3379/3357 1639/3380/3357 1626/3381/3357
f 1626/3381/3358 1632/3382/3358 1646/3379/3358
f 2161/3371/3359 1641/3373/3359 1628/3376/3359
f 1628/3376/3360 1629/3372/3360 2161/3371/3360
f 1627/3383/3361 1640/3384/3361 1643/3362/3361
f 1643/3362/3362 1625/3361/3362 1627/3383/3362
f 1637/3374/3363 1640/3384/3363 1627/3383/3363
f 1627/3383/3364 1624/3375/3364 1637/3374/3364
f 1635/3365/3365 1644/3385/3365 1630/3386/3365
f 1630/3386/3366 1622/3366/3366 1635/3365/3366
f 1644/3385/3367 1636/3387/3367 1623/3388/3367
f 1623/3388/3368 1630/3386/3368 1644/3385/3368
f 1636/3387/3369 1642/3377/3369 1593/3378/3369
f 1593/3378/3370 1623/3388/3370 1636/3387/3370
f 1626/3381/3371 1639/3380/3371 1645/3368/3371
f 1645/3368/3372 1631/3367/3372 1626/3381/3372
f 1638/3360/3373 1646/3379/3373 1632/3382/3373
f 1632/3382/3374 1625/3361/3345 1638/3360/3344
f 1650/3389/3375 1660/3390/3375 1653/3391/3375
f 1650/3389/3376 1653/3391/3376 1710/3392/3376
f 2162/3052/3377 1682/3393/3377 1492/3053/3377
f 1682/3393/3378 2162/3052/3378 1669/3394/3378
f 1647/3395/3379 1694/3396/3379 1751/3397/3379
f 1719/3398/3380 1753/3399/3380 1752/3400/3380
f 1682/3393/3381 1497/3062/3381 1492/3053/3381
f 1497/3062/3382 1682/3393/3382 1653/3391/3382
f 1707/3401/3383 2163/3065/3383 2168/3064/3383
f 2163/3065/3384 1707/3401/3384 1709/3402/3384
f 1705/3403/3385 2164/3069/3385 1648/3404/3385
f 1735/3405/3386 1648/3404/3386 2164/3069/3386
f 1727/3406/3387 1651/3407/3388 1680/3408/3389
f 1723/3409/3390 1724/3410/3390 1754/3411/3390
f 1723/3409/3391 1729/3412/3391 1679/3413/3391
f 1669/3394/3392 1501/3414/3392 1681/3415/3392
f 1501/3040/3393 1669/3416/3393 2162/3041/3393
f 1757/3417/3394 1695/3418/3394 1696/3419/3394
f 1695/3418/3395 1763/3420/3395 1697/3421/3395
f 1752/3400/3396 1698/3422/3396 1699/3423/3396
f 1698/3424/3397 1752/3425/3397 1762/3426/3397
f 1730/3427/3398 2169/3093/3398 1599/3092/3398
f 1657/3428/3399 1731/3429/3399 1685/3430/3399
f 1731/3429/3400 1657/3428/3401 1730/3431/3402
f 1733/3432/3403 1732/3433/3403 1688/3434/3403
f 1658/3435/3404 1734/3436/3404 1674/3437/3404
f 1734/3436/3405 1658/3435/3405 1733/3432/3405
f 1734/3436/3406 1671/3438/3406 1659/3439/3406
f 1659/3439/3407 1674/3437/3407 1734/3436/3407
f 1650/3440/3408 1688/3434/3408 1660/3441/3408
f 1688/3434/3409 1650/3440/3409 1686/3442/3409
f 1652/3443/3410 1648/3404/3410 1735/3405/3410
f 1675/3444/3411 1683/3445/3411 1661/3446/3411
f 1675/3444/3412 1663/3447/3412 1683/3445/3412
f 1675/3444/3413 1673/3448/3413 1663/3447/3413
f 2165/3449/3414 1656/3450/3414 1704/3451/3414
f 1498/3235/3415 1700/3452/3415 1690/3453/3415
f 1690/3454/3416 2167/3046/3416 1498/3147/3416
f 2167/3046/3417 1690/3454/3417 1693/3455/3417
f 1648/3404/3418 1652/3443/3418 1706/3456/3418
f 1662/3457/3419 1701/3458/3419 1655/3459/3419
f 1655/3459/3420 1667/3460/3420 1662/3457/3420
f 1677/3461/3421 1706/3456/3421 1667/3460/3421
f 1667/3460/3422 1655/3459/3422 1677/3461/3422
f 1667/3460/3423 1652/3443/3423 1668/3462/3423
f 1652/3443/3424 1667/3460/3424 1706/3456/3424
f 1673/3448/3425 1662/3463/3425 1671/3438/3425
f 1662/3463/3426 1673/3448/3426 1675/3444/3426
f 1647/3395/3427 1726/3464/3427 1694/3396/3427
f 1726/3464/3428 1647/3395/3428 1725/3465/3428
f 1496/3466/3429 1717/3467/3429 1681/3415/3429
f 1649/3468/3430 1670/3469/3430 1666/3470/3430
f 1665/3471/3431 1661/3446/3432 1666/3470/3433
f 1661/3446/3434 1665/3471/3434 1702/3472/3434
f 1714/3473/3435 1651/3474/3435 1728/3475/3435
f 1651/3474/3436 1714/3473/3437 1713/3476/3438
f 1671/3477/3439 1662/3457/3439 1667/3460/3439
f 1668/3462/3440 1671/3477/3440 1667/3460/3440
f 1671/3438/3441 1668/3478/3441 1659/3439/3441
f 1714/3473/3442 1702/3472/3442 1665/3471/3442
f 1702/3472/3443 1714/3473/3444 1715/3479/3445
f 1672/3480/3446 1676/3481/3446 1715/3479/3446
f 1711/3482/3447 1682/3393/3447 1669/3394/3447
f 1682/3393/3448 1711/3482/3448 1710/3392/3448
f 1663/3447/3449 1686/3442/3449 1687/3483/3449
f 1724/3410/3450 1647/3395/3450 1751/3397/3450
f 1723/3409/3451 1647/3395/3451 1724/3410/3451
f 1672/3480/3452 1720/3484/3452 1676/3481/3452
f 1720/3484/3453 1672/3480/3454 1719/3398/3455
f 1762/3426/3456 1757/3417/3456 1696/3419/3456
f 1696/3419/3457 1698/3424/3457 1762/3426/3457
f 1703/3485/3458 2163/3065/3458 1709/3402/3458
f 2163/3065/3459 1703/3485/3459 1499/3182/3459
f 1700/3452/3460 1499/3182/3460 1703/3485/3460
f 1678/3486/3461 1728/3475/3461 1651/3474/3461
f 1680/3408/3462 1718/3487/3462 1716/3488/3462
f 1718/3487/3463 1680/3408/3389 1651/3407/3388
f 1678/3486/3464 1672/3480/3464 1728/3475/3464
f 1678/3486/3465 1719/3398/3465 1672/3480/3465
f 1678/3486/3466 1753/3399/3466 1719/3398/3466
f 1723/3409/3467 1754/3411/3467 1729/3412/3467
f 1729/3412/3468 1680/3408/3468 1679/3413/3468
f 1761/3489/3469 1753/3399/3469 1678/3486/3469
f 1679/3413/3470 1716/3488/3471 1717/3467/3472
f 1716/3488/3471 1679/3413/3470 1680/3408/3473
f 1666/3470/3474 1687/3483/3474 1649/3468/3474
f 1683/3445/3475 1687/3483/3475 1666/3470/3475
f 1687/3483/3476 1683/3445/3476 1663/3447/3476
f 1666/3470/3433 1661/3446/3432 1683/3445/3477
f 1731/3429/3478 1732/3433/3478 1685/3430/3478
f 1686/3442/3479 1663/3447/3479 1688/3434/3479
f 1687/3483/3480 1650/3440/3480 1649/3468/3480
f 1650/3440/3481 1687/3483/3481 1686/3442/3481
f 1732/3433/3482 1658/3435/3482 1685/3430/3482
f 1693/3490/3483 1656/3450/3483 2165/3449/3483
f 1656/3450/3484 1693/3490/3484 1691/3491/3484
f 1700/3452/3485 1498/3235/3485 2166/3234/3485
f 1656/3450/3486 1758/3492/3486 1755/3493/3486
f 1758/3492/3487 1656/3450/3487 1691/3491/3487
f 1654/3494/3488 1689/3495/3489 1708/3496/3490
f 1693/3455/3491 2165/3047/3491 2167/3046/3491
f 1693/3490/3492 1690/3497/3492 1691/3491/3492
f 1697/3421/3493 1692/3498/3493 1689/3495/3493
f 1758/3492/3494 1691/3491/3494 1692/3499/3494
f 1700/3452/3495 1709/3402/3495 1692/3498/3495
f 1709/3402/3496 1689/3495/3496 1692/3498/3496
f 1694/3396/3497 1760/3500/3497 1751/3397/3497
f 1696/3419/3498 1695/3418/3498 1654/3494/3498
f 1654/3494/3499 1721/3501/3499 1696/3419/3499
f 1721/3501/3500 1654/3494/3500 1677/3461/3500
f 1756/3502/3501 1692/3498/3501 1697/3421/3501
f 1692/3499/3502 1756/3503/3502 1758/3492/3502
f 1695/3418/3503 1689/3495/3489 1654/3494/3488
f 1698/3422/3504 1720/3484/3504 1699/3423/3504
f 1720/3504/3505 1698/3424/3505 1722/3505/3505
f 1719/3398/3506 1752/3400/3506 1699/3423/3506
f 1655/3459/3507 1721/3501/3507 1677/3461/3507
f 1721/3501/3508 1655/3459/3508 1722/3505/3508
f 1697/3421/3509 1763/3420/3509 1756/3502/3509
f 1706/3456/3510 1677/3461/3510 1654/3494/3510
f 1708/3496/3511 1706/3456/3512 1654/3494/3513
f 1701/3506/3514 1662/3463/3514 1675/3444/3514
f 1655/3459/3515 1701/3458/3515 1676/3507/3515
f 1702/3472/3516 1675/3444/3516 1661/3446/3516
f 1675/3444/3517 1702/3472/3517 1701/3506/3517
f 1691/3491/3518 1700/3508/3518 1692/3499/3518
f 1703/3485/3519 1709/3402/3519 1700/3452/3519
f 1694/3509/3520 1704/3451/3520 1759/3510/3520
f 1757/3417/3521 1763/3420/3521 1695/3418/3521
f 1695/3418/3522 1697/3421/3522 1689/3495/3522
f 1759/3510/3523 1760/3511/3523 1694/3509/3523
f 2139/3512/3524 1704/3451/3524 1694/3509/3524
f 1704/3451/3525 2139/3512/3525 2165/3449/3525
f 1759/3510/3526 1656/3450/3526 1755/3493/3526
f 1656/3450/3527 1759/3510/3527 1704/3451/3527
f 1500/3262/3528 2164/3069/3528 1705/3403/3528
f 1648/3404/3529 1707/3401/3529 1705/3403/3529
f 1707/3401/3530 1648/3404/3530 1708/3496/3530
f 1706/3456/3512 1708/3496/3511 1648/3404/3531
f 1705/3403/3532 2168/3064/3532 1500/3262/3532
f 2168/3064/3533 1705/3403/3533 1707/3401/3533
f 1708/3496/3534 1709/3402/3534 1707/3401/3534
f 1690/3497/3535 1700/3508/3535 1691/3491/3535
f 1708/3496/3536 1689/3495/3536 1709/3402/3536
f 1653/3391/3537 1682/3393/3537 1710/3392/3537
f 1710/3392/3538 1649/3513/3538 1650/3389/3538
f 1684/3514/3539 1712/3515/3539 1711/3482/3539
f 1711/3482/3540 1669/3394/3540 1684/3514/3540
f 1710/3392/3541 1670/3516/3541 1649/3513/3541
f 1670/3516/3542 1710/3392/3542 1711/3482/3542
f 1712/3515/3543 1713/3517/3543 1664/3518/3543
f 1713/3517/3544 1712/3515/3544 1718/3487/3544
f 1664/3519/3545 1666/3470/3545 1670/3469/3545
f 1666/3470/3546 1664/3519/3546 1665/3471/3546
f 1501/3040/3547 1496/3039/3547 1681/3520/3547
f 1684/3514/3548 1669/3394/3549 1681/3415/3550
f 1712/3515/3551 1670/3516/3551 1711/3482/3551
f 1670/3516/3552 1712/3515/3552 1664/3518/3552
f 1496/3466/3553 1726/3464/3553 1717/3467/3553
f 1726/3521/3554 1496/3522/3554 2139/3523/3554
f 1714/3473/3555 1664/3519/3555 1713/3476/3555
f 1664/3519/3556 1714/3473/3556 1665/3471/3556
f 1728/3475/3557 1715/3479/3445 1714/3473/3444
f 1715/3479/3445 1728/3475/3557 1672/3480/3558
f 1701/3506/3559 1715/3479/3559 1676/3481/3559
f 1715/3479/3560 1701/3506/3560 1702/3472/3560
f 1684/3514/3561 1716/3488/3561 1718/3487/3561
f 1716/3488/3562 1684/3514/3548 1681/3415/3550
f 1647/3395/3563 1723/3409/3563 1725/3465/3563
f 1716/3488/3564 1681/3415/3564 1717/3467/3564
f 1718/3487/3565 1712/3515/3565 1684/3514/3565
f 1718/3487/3566 1651/3407/3436 1713/3517/3438
f 1719/3398/3455 1699/3423/3567 1720/3484/3453
f 1722/3505/3568 1676/3507/3568 1720/3504/3568
f 1676/3507/3569 1722/3505/3569 1655/3459/3569
f 1722/3505/3570 1696/3419/3570 1721/3501/3570
f 1696/3419/3571 1722/3505/3571 1698/3424/3571
f 1725/3465/3572 1717/3467/3572 1726/3464/3572
f 2139/3524/3573 1694/3396/3573 1726/3464/3573
f 1725/3465/3574 1679/3413/3574 1717/3467/3574
f 1679/3413/3575 1725/3465/3575 1723/3409/3575
f 1678/3486/3576 1727/3525/3577 1761/3489/3578
f 1727/3525/3577 1678/3486/3576 1651/3474/3579
f 1727/3525/3580 1680/3526/3580 1729/3527/3580
f 1761/3489/3581 1729/3527/3581 1754/3528/3581
f 1729/3527/3582 1761/3489/3582 1727/3525/3582
f 1700/3452/3583 2166/3234/3583 1499/3182/3583
f 1653/3391/3584 1599/3092/3584 1497/3062/3584
f 1660/3390/3585 1730/3427/3585 1653/3391/3585
f 1599/3092/3586 1653/3391/3586 1730/3427/3586
f 1660/3441/3587 1688/3434/3587 1731/3429/3587
f 1730/3431/3402 1660/3441/3588 1731/3429/3400
f 1733/3432/3589 1658/3435/3589 1732/3433/3589
f 1731/3429/3590 1688/3434/3590 1732/3433/3590
f 1673/3448/3591 1733/3432/3592 1663/3447/3593
f 1663/3447/3594 1733/3432/3594 1688/3434/3594
f 1671/3438/3595 1734/3436/3595 1673/3448/3595
f 1733/3432/3592 1673/3448/3591 1734/3436/3596
f 1657/3529/3597 2169/3093/3597 1730/3427/3597
f 2170/3530/3598 1346/2822/3599 1749/3531/3600
f 1345/2794/3601 1344/2793/3601 1736/3532/3601
f 1436/2905/3602 1439/2909/3602 1430/2889/3602
f 2170/3530/3598 1749/3531/3600 2176/3533/3603
f 1429/2926/3604 1407/2941/3604 1435/2945/3604
f 1440/2953/3605 1434/2961/3605 1421/2952/3605
f 1360/2777/3606 1402/2912/3606 1404/2963/3606
f 1356/2827/3607 1387/2828/3607 1743/2825/3607
f 1345/2839/3608 2171/3534/3608 1352/2833/3608
f 1442/2893/3609 1363/2818/3609 1421/2887/3609
f 1374/2811/3610 1403/2875/3610 1444/3535/3610
f 1443/2880/3611 1416/2891/3611 1442/2893/3611
f 1924/3536/3612 2230/3537/3612 2234/3538/3612
f 1377/2799/3613 1347/2787/3613 1746/2870/3613
f 1380/2823/3614 1742/3539/3614 1386/2824/3614
f 1406/2767/3615 1750/2938/3615 1867/3540/3615
f 1737/3541/3616 1379/2878/3616 1396/2806/3616
f 2177/2950/3617 2174/3542/3617 1747/2913/3617
f 1870/2942/3618 2219/2946/3618 1435/2945/3618
f 2182/3543/3619 1390/2804/3619 2183/2863/3619
f 2230/3537/3620 1924/3536/3620 1914/3544/3620
f 2175/3545/3621 1742/3539/3621 1744/2826/3621
f 1424/2944/3622 1445/2895/3622 1423/2894/3622
f 1749/3531/3623 1346/2822/3623 1355/2871/3623
f 1411/2858/3624 1410/2877/3624 1441/2951/3624
f 1447/2896/3625 1413/2956/3625 1414/2930/3625
f 1427/2882/3626 1418/2919/3626 1432/2918/3626
f 1441/2951/3627 1410/2877/3627 1434/2961/3627
f 1415/2906/3628 1437/2934/3628 1438/2920/3628
f 1444/3535/3629 1403/2875/3629 1415/2906/3629
f 1438/2920/3630 1437/2934/3630 1447/2896/3630
f 1746/2870/3631 1741/2869/3631 1377/2799/3631
f 2238/3546/3632 2219/2946/3632 1870/2942/3632
f 1412/2879/3633 1428/2925/3633 1443/2880/3633
f 1410/2910/3634 1869/2939/3634 1412/2879/3634
f 1416/2891/3635 1443/2880/3635 1428/2925/3635
f 1440/2953/2824 1397/2831/2823 1420/2886/2833
f 2179/3547/3636 1740/3548/3636 2178/3549/3636
f 1419/2936/3637 1427/2882/3637 1413/2959/3637
f 1404/2963/3638 1402/2912/3638 1437/2934/3638
f 1383/2844/3639 1740/3548/3639 2179/3547/3639
f 1438/2920/3640 1426/2915/3640 1439/2909/3640
f 1374/2811/3641 1444/3535/3641 1422/2888/3641
f 1404/2963/3642 1437/2934/3642 1403/2875/3642
f 1870/2942/3643 1435/2945/3643 1407/2941/3643
f 1744/2826/3644 1380/2823/3644 1356/2827/3644
f 1446/2922/3645 1445/2958/3645 1424/2932/3645
f 1747/2913/3646 2174/3542/3646 1738/2868/3646
f 1745/3550/3647 1736/3532/3647 1344/2793/3647
f 1444/3535/3648 1415/2906/3648 1422/2888/3648
f 1417/2892/3649 2131/2947/3649 2133/2964/3649
f 1379/2878/3650 1743/3551/3650 1387/2796/3650
f 1914/3552/3651 2233/3553/3651 2230/3554/3651
f 2233/3553/3652 1914/3552/3652 1911/3555/3652
f 1441/2951/3653 1420/2886/3653 1431/2901/3653
f 1379/2878/3654 2180/3556/3654 1743/3551/3654
f 2179/3557/3655 1774/3558/3655 1769/3559/3655
f 1769/3560/3656 1739/3561/3656 2179/3562/3656
f 2171/3563/3657 1736/3564/3657 1765/3565/3657
f 1765/3565/3658 1766/3566/3658 2171/3563/3658
f 1736/3567/3659 1745/3568/3659 1776/3569/3659
f 1776/3569/3660 1765/3570/3660 1736/3567/3660
f 2173/3571/3661 2177/3572/3661 2172/3573/3661
f 2172/3574/3662 2176/3575/3662 1764/3576/3662
f 1764/3576/3663 2173/3577/3663 2172/3574/3663
f 2174/3578/3664 1772/3579/3664 1768/3580/3664
f 1768/3580/3665 1738/3581/3665 2174/3578/3665
f 2171/3563/3666 1766/3566/3666 1737/3582/3666
f 2175/3583/3667 1773/3584/3667 1764/3576/3667
f 1764/3576/3668 2176/3575/3668 2175/3583/3668
f 2182/3585/3669 2183/3586/3669 1777/3587/3669
f 1777/3587/3670 1770/3588/3670 2182/3585/3670
f 2177/3572/3671 2173/3571/3672 1772/3579/3673
f 1772/3579/3673 2174/3578/3674 2177/3572/3671
f 2179/3589/3675 2178/3590/3675 1771/3591/3675
f 1771/3592/3676 1774/3558/3676 2179/3557/3676
f 1738/3581/3677 1768/3580/3677 1771/3593/3677
f 1771/3593/3678 2178/3594/3678 1738/3581/3678
f 1737/3582/3679 1766/3566/3679 1775/3595/3679
f 1775/3595/3680 2180/3596/3680 1737/3582/3680
f 2180/3596/3681 1775/3595/3681 1767/3597/3681
f 1767/3597/3682 2181/3598/3682 2180/3596/3682
f 2181/3598/3683 1767/3597/3683 1773/3599/3683
f 1773/3584/3684 2175/3583/3684 2181/3600/3684
f 1745/3568/3685 2182/3585/3685 1770/3588/3685
f 1770/3588/3686 1776/3569/3686 1745/3568/3686
f 1739/3601/3687 1769/3602/3687 1777/3587/3687
f 1777/3587/3688 2183/3586/3688 1739/3601/3688
f 1769/3559/3689 1774/3558/3689 1756/3603/3689
f 1766/3604/3690 1765/3605/3691 1752/3606/3691
f 1752/3606/3692 1753/3607/3692 1766/3604/3692
f 1765/3605/3693 1776/3608/3693 1762/3609/3693
f 1762/3609/3694 1752/3606/3691 1765/3605/3691
f 2173/3610/3695 1764/3611/3695 1751/3612/3695
f 1751/3612/3696 1760/3613/3696 2173/3610/3696
f 1755/3614/3697 1768/3615/3697 1772/3616/3697
f 1772/3616/3698 1759/3617/3698 1755/3614/3698
f 1751/3612/3699 1764/3611/3699 1773/3618/3699
f 1773/3618/3700 1724/3619/3700 1751/3612/3700
f 1757/3620/3701 1770/3621/3701 1777/3622/3701
f 1777/3622/3702 1763/3623/3702 1757/3620/3702
f 1759/3617/3703 1772/3616/3703 2173/3610/3703
f 2173/3610/3704 1760/3613/3704 1759/3617/3704
f 1774/3558/3705 1771/3592/3706 1758/3624/3707
f 1758/3624/3707 1756/3603/3708 1774/3558/3705
f 1758/3624/3709 1771/3592/3709 1768/3615/3709
f 1768/3615/3710 1755/3614/3710 1758/3624/3710
f 1761/3625/3711 1775/3626/3711 1766/3604/3711
f 1766/3604/3712 1753/3607/3712 1761/3625/3712
f 1754/3627/3713 1767/3628/3713 1775/3626/3713
f 1775/3626/3714 1761/3625/3714 1754/3627/3714
f 1724/3619/3715 1773/3618/3715 1767/3628/3715
f 1767/3628/3716 1754/3627/3716 1724/3619/3716
f 1776/3608/3717 1770/3621/3717 1757/3620/3717
f 1757/3620/3718 1762/3609/3718 1776/3608/3718
f 1763/3623/3719 1777/3622/3719 1769/3559/3719
f 1769/3559/3720 1756/3603/3720 1763/3623/3720
f 2145/1763/3721 2189/3222/3721 1541/3221/3721
f 1548/3116/3722 2141/3112/3722 1544/3111/3722
f 2190/3629/3723 2142/3118/3723 1546/3117/3723
f 2184/3094/3724 2169/3096/3724 1657/3630/3724
f 1735/3405/3725 1786/3631/3725 1652/3443/3725
f 1786/3632/3726 1735/3633/3726 1785/3634/3726
f 2164/3069/3727 1493/3102/3727 1785/3635/3727
f 1779/3636/3728 409/3637/3728 1780/3638/3728
f 409/3637/3729 1779/3636/3729 2187/3639/3729
f 1668/3640/3730 1788/3641/3730 1659/3642/3730
f 1788/3643/3731 1668/3478/3731 1787/3644/3731
f 1781/3645/3732 2188/3646/3732 2185/3647/3732
f 2188/3648/3733 1781/3649/3733 1782/3650/3733
f 2186/3651/3734 1784/3652/3734 2185/3647/3734
f 2186/3651/3735 1783/3653/3735 1784/3652/3735
f 2142/3118/3736 1783/3653/3736 2186/3651/3736
f 2187/754/3737 1778/3654/3737 408/750/3737
f 1778/3655/3738 2187/3639/3738 1779/3636/3738
f 1780/3656/3739 1786/3631/3739 1779/3657/3739
f 1786/3631/3740 1780/3656/3740 1787/3658/3740
f 2188/3659/3741 1780/3638/3741 409/3637/3741
f 1780/3660/3742 2188/3648/3742 1782/3650/3742
f 1781/3649/3743 1789/3661/3743 1782/3650/3743
f 1783/3662/3744 1791/3663/3744 1784/3664/3744
f 1791/3663/3745 1783/3662/3745 1790/3665/3745
f 2190/3210/3746 1790/3666/3746 1783/3667/3746
f 1790/3666/3747 2190/3210/3747 2184/3211/3747
f 1782/3650/3748 1789/3661/3748 1788/3643/3748
f 1685/3430/3749 1789/3661/3749 1791/3663/3749
f 1789/3661/3750 1685/3430/3750 1658/3435/3750
f 1785/3635/3751 1779/3657/3751 1786/3631/3751
f 1779/3657/3752 1785/3635/3752 1778/3654/3752
f 1493/3102/3753 1778/3654/3753 1785/3635/3753
f 1778/3654/3754 1493/3102/3754 2189/3222/3754
f 1787/3644/3755 1782/3650/3755 1788/3643/3755
f 1782/3650/3756 1787/3644/3756 1780/3660/3756
f 1787/3658/3757 1652/3443/3757 1786/3631/3757
f 1652/3443/3758 1787/3658/3758 1668/3462/3758
f 1790/3668/3759 1685/3669/3759 1791/3670/3759
f 1685/3669/3760 1790/3668/3760 1657/3630/3760
f 2184/3094/3761 1657/3630/3761 1790/3668/3761
f 1674/3437/3762 1659/3439/3762 1788/3643/3762
f 1789/3671/3763 1674/3672/3763 1788/3673/3763
f 1789/3661/3764 1658/3435/3764 1674/3437/3764
f 1781/3649/3765 1791/3663/3765 1789/3661/3765
f 1791/3663/3766 1781/3649/3766 1784/3664/3766
f 1735/3633/3767 2164/3674/3767 1785/3634/3767
f 410/751/3768 408/750/3768 2189/3222/3768
f 408/750/3769 1778/3654/3769 2189/3222/3769
f 1784/3652/3770 1781/3645/3770 2185/3647/3770
f 2190/3629/3771 1783/3653/3771 2142/3118/3771
f 2209/3675/3772 1448/2983/3772 1449/2982/3772
f 2213/3676/3773 1794/3677/3773 2191/3029/3773
f 1794/3677/3774 2213/3676/3774 2210/3678/3774
f 1449/3002/3775 1792/3679/3775 2209/3680/3775
f 2212/3681/3776 1792/3679/3776 1449/3002/3776
f 1449/3002/3777 1452/3001/3777 2212/3681/3777
f 1453/3013/3778 1793/3682/3778 1454/3037/3778
f 1793/3682/3779 1453/3013/3779 2211/3683/3779
f 1793/3684/3780 1452/3685/3780 1454/3686/3780
f 1452/3001/3781 1793/3687/3782 2212/3681/3783
f 1453/3013/3784 1455/3011/3784 2211/3683/3784
f 1455/3011/3785 2210/3688/3785 2211/3683/3785
f 2210/3688/3786 1455/3011/3786 1450/3028/3786
f 1450/3028/3787 1794/3689/3787 2210/3688/3787
f 1794/3677/3788 1478/3030/3788 2191/3029/3788
f 1794/3689/3789 1450/3028/3789 1478/3034/3789
f 2217/3690/3790 1795/3691/3790 1448/2983/3790
f 1468/2996/3791 1795/3691/3791 2216/3692/3791
f 2216/3692/3792 2215/3693/3792 1451/2994/3792
f 2214/3694/3793 2213/3676/3793 2191/3029/3793
f 2214/3694/3794 1451/3033/3794 2215/3695/3794
f 2191/3029/3795 1451/3033/3795 2214/3694/3795
f 2216/3692/3796 1451/2994/3796 1468/2996/3796
f 1468/2996/3797 1448/2983/3797 1795/3691/3797
f 2217/3690/3798 1448/2983/3798 2209/3675/3798
f 1796/3696/3799 1797/3697/3799 1798/3698/3799
f 1799/3699/3800 1800/3700/3800 1798/3698/3800
f 1798/3701/3801 1797/3702/3801 1861/3703/3801
f 1801/3704/3802 1802/3705/3802 1852/3706/3802
f 1852/3707/3803 1829/3708/3803 1801/3709/3803
f 2196/3710/3804 2205/3711/3804 2195/3712/3804
f 2194/3713/3805 2208/3714/3805 2195/3712/3805
f 2195/3712/3806 1803/3715/3806 2194/3713/3806
f 2195/3712/3807 2205/3711/3807 1803/3715/3807
f 2206/3716/3808 2205/3711/3809 2196/3710/3810
f 2196/3710/3810 2193/3717/3811 2206/3716/3808
f 1804/3718/3812 2198/3719/3812 1805/3720/3812
f 1804/3718/3813 2197/3721/3813 2198/3719/3813
f 1837/3722/3814 2202/3723/3814 2201/3724/3814
f 2201/3724/3815 2204/3725/3815 1837/3722/3815
f 2193/3717/3816 2203/3726/3816 2199/3727/3816
f 2203/3726/3817 2193/3717/3817 2196/3710/3817
f 1823/3728/3818 1855/3729/3818 1802/3705/3818
f 1802/3705/3819 1801/3704/3819 1823/3728/3819
f 1842/3730/3820 1841/3731/3820 1831/3732/3820
f 1831/3732/3821 1807/3733/3821 1842/3730/3821
f 1831/3732/3822 1829/3734/3822 1852/3706/3822
f 1852/3706/3823 1807/3733/3823 1831/3732/3823
f 1839/3735/3824 1838/3736/3824 1809/3737/3824
f 1809/3737/3825 1806/3738/3825 1839/3735/3825
f 1826/3739/3826 1810/3740/3826 1796/3696/3826
f 1796/3696/3827 1798/3698/3827 1826/3739/3827
f 1846/3741/3828 1812/3742/3828 1811/3743/3828
f 1811/3743/3829 1845/3744/3829 1846/3741/3829
f 1813/3745/3830 1800/3700/3830 1814/3746/3830
f 1856/3747/3831 1814/3746/3831 1800/3700/3831
f 1848/3748/3832 1857/3749/3832 1858/3750/3832
f 1858/3750/3833 1817/3751/3833 1848/3748/3833
f 1819/3752/3834 1817/3751/3834 1858/3750/3834
f 1858/3750/3835 1859/3753/3835 1819/3752/3835
f 1866/3754/3836 2218/3755/3836 2192/3756/3836
f 2192/3756/3837 1850/3757/3837 1866/3754/3837
f 1821/3758/3838 2192/3756/3838 2218/3755/3838
f 1821/3758/3839 2218/3755/3839 1865/3759/3839
f 1821/3758/3840 1865/3759/3840 1864/3760/3840
f 1821/3758/3841 1864/3760/3841 1860/3761/3841
f 1823/3728/3842 1821/3762/3842 1860/3763/3842
f 1860/3763/3843 1855/3729/3843 1823/3728/3843
f 1855/3729/3844 1862/3764/3844 1802/3705/3844
f 1853/3765/3845 1808/3766/3845 1839/3735/3845
f 1808/3766/3846 1853/3765/3846 1811/3767/3846
f 1856/3747/3847 1799/3699/3848 1861/3768/3849
f 1862/3769/3850 1863/3770/3850 1853/3765/3850
f 1863/3770/3851 1861/3771/3851 1797/3772/3851
f 1797/3772/3852 1853/3765/3852 1863/3770/3852
f 1852/3706/3853 1802/3705/3853 1862/3764/3853
f 1862/3769/3854 1854/3773/3854 1852/3774/3854
f 1797/3772/3855 1796/3775/3855 1845/3776/3855
f 1845/3776/3856 1811/3767/3856 1797/3772/3856
f 1807/3777/3857 1854/3773/3857 1842/3778/3857
f 1843/3779/3858 2204/3725/3858 2201/3724/3858
f 2201/3724/3859 1805/3720/3859 1843/3779/3859
f 2200/3780/3860 1804/3718/3860 1805/3720/3860
f 1805/3720/3861 2201/3724/3861 2200/3780/3861
f 1812/3742/3862 1834/3781/3862 1808/3782/3862
f 1808/3782/3863 1811/3743/3863 1812/3742/3863
f 1848/3748/3864 1849/3783/3864 1815/3784/3864
f 1815/3784/3865 1814/3746/3865 1848/3748/3865
f 1818/3785/3866 1816/3786/3866 1817/3751/3866
f 1817/3751/3867 1819/3752/3867 1818/3785/3867
f 1851/3787/3868 1818/3785/3868 1819/3752/3868
f 1819/3752/3869 1850/3788/3869 1851/3787/3869
f 1820/3789/3870 2207/3790/3870 2192/3756/3870
f 2192/3756/3871 1821/3758/3871 1820/3789/3871
f 1822/3791/3872 1820/3792/3872 1821/3762/3872
f 1821/3762/3873 1823/3728/3873 1822/3791/3873
f 1825/3793/3874 1824/3794/3874 1810/3740/3874
f 1810/3740/3875 1826/3739/3875 1825/3793/3875
f 1828/3795/3876 1827/3796/3876 1823/3728/3876
f 1801/3709/3877 1829/3708/3877 1828/3797/3877
f 1799/3699/3848 1856/3747/3847 1800/3700/3878
f 2198/3719/3879 2199/3727/3880 2203/3726/3881
f 2199/3727/3880 2198/3719/3879 2197/3721/3882
f 1798/3698/3883 1800/3700/3883 1813/3745/3883
f 1813/3745/3884 1826/3739/3884 1798/3698/3884
f 1799/3699/3885 1798/3698/3885 1861/3768/3885
f 1828/3795/3886 1829/3734/3887 1831/3732/3888
f 1831/3732/3888 1830/3798/3889 1828/3795/3886
f 1840/3799/3890 1832/3800/3891 1809/3801/3892
f 1809/3801/3892 1838/3802/3893 1840/3799/3890
f 1814/3746/3894 1815/3784/3894 1835/3803/3894
f 1835/3803/3895 1813/3745/3895 1814/3746/3895
f 1846/3804/3896 1810/3740/3896 1824/3794/3896
f 1824/3794/3897 1847/3805/3897 1846/3804/3897
f 1833/3806/3898 1834/3781/3898 1812/3742/3898
f 1812/3742/3899 1836/3807/3899 1833/3806/3899
f 1835/3803/3900 1825/3793/3900 1826/3739/3900
f 1826/3739/3901 1813/3745/3901 1835/3803/3901
f 1827/3796/3902 1822/3791/3902 1823/3728/3902
f 1823/3728/3903 1801/3704/3903 1828/3795/3903
f 1841/3731/3904 1844/3808/3904 1830/3798/3904
f 1830/3798/3905 1831/3732/3905 1841/3731/3905
f 1849/3783/3906 2206/3809/3906 2193/3810/3906
f 2193/3810/3907 1815/3784/3907 1849/3783/3907
f 1818/3785/3908 1803/3811/3908 2205/3812/3908
f 2205/3812/3909 1816/3786/3909 1818/3785/3909
f 2194/3813/3910 1803/3811/3910 1818/3785/3910
f 1818/3814/3911 1851/3815/3911 2194/3816/3911
f 2195/3817/3912 2208/3818/3912 2207/3790/3912
f 2207/3790/3913 1820/3789/3913 2195/3817/3913
f 2196/3819/3914 2195/3820/3914 1820/3792/3914
f 1820/3792/3915 1822/3791/3915 2196/3819/3915
f 2197/3821/3916 1804/3822/3917 1824/3794/3918
f 1824/3794/3918 1825/3793/3919 2197/3821/3916
f 2198/3823/3920 2203/3824/3920 1827/3796/3920
f 1827/3796/3921 1828/3795/3921 2198/3823/3921
f 1830/3798/3922 1805/3825/3922 2198/3823/3922
f 2198/3823/3923 1828/3795/3923 1830/3798/3923
f 1837/3826/3924 2204/3827/3924 1832/3800/3924
f 1832/3800/3925 1840/3799/3925 1837/3826/3925
f 1815/3784/3926 2193/3810/3926 2199/3828/3926
f 2199/3828/3927 1835/3803/3927 1815/3784/3927
f 1847/3829/3928 2200/3830/3928 2201/3831/3928
f 2201/3831/3929 1836/3807/3929 1847/3829/3929
f 1836/3807/3930 2201/3831/3930 2202/3832/3930
f 2202/3832/3931 1833/3806/3931 1836/3807/3931
f 2199/3828/3932 2197/3821/3932 1825/3793/3932
f 1825/3793/3933 1835/3803/3933 2199/3828/3933
f 2203/3824/3934 2196/3819/3934 1822/3791/3934
f 1822/3791/3935 1827/3796/3935 2203/3824/3935
f 1843/3833/3936 1805/3825/3936 1830/3798/3936
f 1830/3798/3937 1844/3808/3937 1843/3833/3937
f 1808/3834/3938 1834/3835/3938 1838/3836/3938
f 1838/3837/3939 1839/3838/3939 1808/3839/3939
f 1853/3765/3940 1842/3778/3940 1854/3773/3940
f 1834/3781/3941 1833/3806/3941 1840/3840/3941
f 1840/3840/3942 1838/3841/3942 1834/3781/3942
f 1840/3840/3943 1833/3806/3944 2202/3832/3945
f 2202/3832/3945 1837/3842/3946 1840/3840/3943
f 1806/3843/3947 1809/3801/3948 1841/3731/3949
f 1841/3731/3950 1842/3730/3950 1806/3843/3950
f 1809/3801/3951 1832/3800/3951 1844/3808/3951
f 1844/3808/3952 1841/3731/3949 1809/3801/3948
f 1844/3808/3953 1832/3800/3954 2204/3827/3955
f 2204/3827/3955 1843/3833/3956 1844/3808/3953
f 1853/3765/3957 1839/3735/3957 1806/3738/3957
f 1806/3738/3958 1842/3778/3958 1853/3765/3958
f 1845/3844/3959 1796/3845/3959 1810/3846/3959
f 1810/3740/3960 1846/3804/3960 1845/3847/3960
f 1811/3767/3961 1853/3765/3961 1797/3772/3961
f 1847/3829/3962 1836/3807/3962 1812/3742/3962
f 1812/3742/3963 1846/3741/3963 1847/3829/3963
f 1824/3848/3964 1804/3849/3964 2200/3830/3964
f 2200/3830/3965 1847/3829/3965 1824/3848/3965
f 1814/3746/3966 1856/3747/3966 1857/3749/3966
f 1857/3749/3967 1848/3748/3967 1814/3746/3967
f 1817/3751/3968 1816/3786/3968 1849/3783/3968
f 1849/3783/3969 1848/3748/3969 1817/3751/3969
f 1849/3783/3970 1816/3786/3970 2205/3812/3970
f 2205/3812/3971 2206/3809/3971 1849/3783/3971
f 1850/3788/3972 1819/3752/3972 1859/3753/3972
f 1859/3753/3973 1866/3850/3973 1850/3788/3973
f 1850/3757/3974 2192/3756/3974 2207/3790/3974
f 2207/3790/3975 1851/3851/3975 1850/3757/3975
f 1851/3851/3976 2207/3790/3976 2208/3818/3976
f 2208/3818/3977 2194/3852/3977 1851/3851/3977
f 1852/3774/3978 1854/3773/3978 1807/3777/3978
f 1853/3765/3979 1854/3773/3979 1862/3769/3979
f 1862/3764/3980 1792/3679/3980 2212/3681/3980
f 2210/3678/3981 1857/3749/3981 1856/3747/3981
f 2214/3694/3982 1866/3850/3982 1859/3753/3982
f 1855/3729/3983 1792/3679/3983 1862/3764/3983
f 1855/3729/3984 1860/3763/3984 2209/3680/3984
f 2209/3680/3985 1792/3679/3985 1855/3729/3985
f 2211/3683/3986 2210/3688/3986 1856/3853/3986
f 1856/3747/3987 1861/3768/3987 2211/3854/3987
f 1793/3855/3988 1861/3771/3988 1863/3770/3988
f 1862/3769/3989 2212/3856/3783 1793/3855/3782
f 1857/3749/3990 2210/3678/3990 2213/3676/3990
f 2213/3676/3991 1858/3750/3991 1857/3749/3991
f 1858/3750/3992 2213/3676/3992 2214/3694/3992
f 2214/3694/3993 1859/3753/3993 1858/3750/3993
f 2216/3692/3994 2218/3755/3994 1866/3754/3994
f 1866/3754/3995 2215/3693/3995 2216/3692/3995
f 2209/3675/3996 1860/3761/3996 1864/3760/3996
f 1864/3760/3997 2217/3690/3997 2209/3675/3997
f 1862/3769/3998 1793/3855/3998 1863/3770/3998
f 1793/3855/3999 2211/3857/3999 1861/3771/3999
f 1865/3759/4000 1795/3691/4000 2217/3690/4000
f 2217/3690/4001 1864/3760/4001 1865/3759/4001
f 2218/3755/4002 2216/3692/4002 1795/3691/4002
f 1795/3691/4003 1865/3759/4003 2218/3755/4003
f 1866/3850/4004 2214/3694/4004 2215/3695/4004
f 1446/2922/2773 1376/2773/4005 2133/2921/2771
f 1348/2800/4006 1741/2869/4007 2178/3858/4008
f 2176/3533/4009 1742/3539/4010 2175/3545/4011
f 1418/2919/4012 2133/2921/4012 2131/2960/4012
f 2179/3859/4013 1739/3860/4013 1383/3861/4013
f 1742/3539/4014 1749/3531/4014 1355/2871/4014
f 1345/2839/4015 1736/3862/4015 2171/3534/4015
f 1348/2835/4016 1740/3548/4016 1343/2836/4016
f 1438/2920/4017 1447/2896/4017 1414/2930/4017
f 1346/2862/4018 2170/2949/4018 1748/2914/4018
f 1383/2844/4019 1343/2836/4019 1740/3548/4019
f 1348/2800/4006 2178/3858/4008 1740/3863/4020
f 1376/2773/4021 1446/2922/4021 1424/2932/4021
f 1737/3541/4022 1352/2833/4022 2171/3534/4022
f 1742/3539/4010 2176/3533/4009 1749/3531/4023
f 1352/2833/3616 1737/3541/3616 1396/2806/3616
f 1383/2844/4024 1739/2803/4024 1384/2802/4024
f 1748/2914/2764 1347/2787/2763 1378/2789/4025
f 1434/2881/4026 1442/2893/4026 1421/2887/4026
f 2231/2966/4027 1903/2846/4027 1880/2841/4027
f 1346/2862/4028 1748/2914/4028 1378/2789/4028
f 1903/2846/4029 2231/2966/4029 1913/2968/4029
f 1390/2804/4030 2182/3543/4030 1344/2793/4030
f 2170/2949/4031 2172/3864/4031 2177/2950/4031
f 1379/2878/4032 1737/3541/4032 2180/3556/4032
f 1348/2800/4033 1377/2799/4033 1741/2869/4033
f 2182/3543/4034 1745/3550/4034 1344/2793/4034
f 1905/2848/4035 1901/3865/4035 1900/3866/4035
f 1897/3867/4036 1898/3868/4036 1899/3869/4036
f 1899/3869/4037 1900/3866/4037 1901/3865/4037
f 1742/3539/4038 1380/2823/4038 1744/2826/4038
f 1929/3870/4039 1895/3871/4039 1894/3872/4039
f 1893/3873/4040 1894/3874/4040 1895/3875/4040
f 1347/2787/4041 1747/2913/4041 1746/2870/4041
f 2230/3876/4042 1920/3877/4042 2228/3878/4042
f 1888/3879/4043 1884/3880/4043 1912/3881/4043
f 1738/2868/4044 2178/3858/4044 1741/2869/4044
f 1742/3539/4045 1355/2871/4045 1386/2824/4045
f 1923/3882/4046 1887/3883/4046 1888/3884/4046
f 1872/3885/4047 1904/3886/4047 1874/3887/4047
f 2177/2950/4048 1747/2913/4048 1748/2914/4048
f 1750/2938/4049 1406/2767/4049 1405/2899/4049
f 1875/3888/4050 1939/3889/4050 1874/3887/4050
f 2231/3890/4051 1880/3891/4052 2227/3892/4053
f 1899/3869/4054 1942/3893/4054 1943/3894/4054
f 1899/3869/4055 1938/3895/4055 1942/3893/4055
f 1903/2846/4056 1886/3896/4056 1902/2842/4056
f 1900/3866/4057 1899/3869/4057 1898/3868/4057
f 1934/3897/4058 1876/3898/4059 1890/3899/4060
f 1889/3900/4061 1890/3899/4060 1876/3898/4059
f 2228/3878/4062 2234/3901/4062 2230/3876/4062
f 2234/3901/4063 2228/3878/4063 2226/3902/4063
f 1940/3903/4064 1930/3904/4064 1932/3905/4064
f 1873/3906/4065 1922/3907/4065 1872/3908/4065
f 1874/3909/4066 1939/3910/4066 1873/3906/4066
f 1909/3911/4067 1906/2860/4068 1908/2902/4069
f 1890/3899/4070 1913/2968/4070 1891/2965/4070
f 1913/2968/4071 1890/3899/4071 1889/3900/4071
f 1923/3882/4072 1902/2842/4072 1886/3896/4072
f 1902/2842/4073 1923/3882/4073 1924/3536/4073
f 1896/3912/4074 2224/3913/4074 1898/3868/4074
f 2225/3914/4075 1898/3868/4075 2224/3913/4075
f 2232/2849/4076 1900/3866/4076 2225/3914/4076
f 1894/3872/4077 2223/3915/4077 1929/3870/4077
f 2224/3913/4078 1896/3912/4078 2235/3916/4078
f 1900/3866/4079 2232/2849/4079 1905/2848/4079
f 1888/3917/4080 1911/3555/4080 1914/3552/4080
f 1913/2968/4081 1904/3886/4081 1903/2846/4081
f 1927/3918/4082 2221/2967/4082 1925/3919/4082
f 1875/3888/4083 1876/3898/4083 1934/3897/4083
f 1906/2860/4084 1901/3865/4084 1905/2848/4084
f 1904/3886/4085 1913/2968/4085 1889/3900/4085
f 1894/3874/4086 1879/3920/4086 2222/3921/4086
f 1879/3920/4087 1894/3874/4087 1892/3922/4087
f 2223/3915/4088 1894/3872/4088 2222/3923/4088
f 2221/2967/4089 1927/3918/4089 1891/2965/4089
f 1908/2902/4090 1918/3924/4090 1909/3911/4090
f 1934/3897/4091 1939/3889/4091 1875/3888/4091
f 1941/3925/4092 1873/3906/4092 1939/3910/4092
f 1874/3887/4093 1889/3900/4093 1876/3898/4093
f 1938/3895/4094 1901/3865/4094 1933/3926/4094
f 1901/3865/4095 1938/3895/4095 1899/3869/4095
f 1873/3906/4096 1941/3925/4096 1931/3927/4096
f 1930/3904/4097 1940/3903/4097 1878/3928/4097
f 1919/3929/4098 1909/3911/4098 1918/3924/4098
f 1872/3908/4099 1874/3909/4099 1873/3906/4099
f 1926/3930/4100 1891/2965/4100 1927/3918/4100
f 1884/3880/4101 1888/3879/4101 1887/3931/4101
f 1877/3932/4102 1930/3904/4102 1878/3928/4102
f 1930/3904/4103 1877/3932/4103 1907/3933/4103
f 1898/3868/4104 1897/3867/4104 1896/3912/4104
f 1895/3871/4105 1929/3870/4105 1928/3934/4105
f 1920/3935/4106 1908/3936/4106 2228/3937/4106
f 1908/3936/4107 1920/3935/4107 1921/3938/4107
f 2225/3939/4108 2224/3940/4108 1879/3941/4108
f 2227/3892/4053 2232/3942/4109 2231/3890/4051
f 2223/3943/4110 2224/3940/4110 2235/3944/4110
f 2224/3940/4111 2223/3943/4111 2222/3945/4111
f 2230/3876/4112 2229/3946/4112 1881/3947/4112
f 1925/3948/4113 2225/3939/4114 1879/3941/4115
f 1906/2860/4068 1909/3911/4067 1907/3933/4116
f 1743/3551/4117 2180/3556/4117 2181/3949/4117
f 2175/3545/4118 1744/2826/4118 2181/2948/4118
f 1875/3888/4119 1874/3887/4119 1876/3898/4119
f 2224/3940/4120 2222/3945/4120 1879/3941/4120
f 1901/3865/4121 1906/2860/4121 1877/3932/4121
f 1878/3928/4122 1901/3865/4122 1877/3932/4122
f 1901/3865/4123 1878/3928/4123 1933/3926/4123
f 1936/3950/4124 1926/3930/4124 1893/3873/4124
f 1936/3950/4125 1895/3875/4126 1937/3951/4127
f 1909/3911/4128 1930/3904/4128 1907/3933/4128
f 1930/3904/4129 1909/3911/4129 1883/3952/4129
f 1883/3953/4130 1919/3954/4130 1932/3955/4130
f 2232/3942/4131 2225/3939/4131 2221/3956/4131
f 1909/3911/4132 1919/3929/4132 1883/3952/4132
f 1904/3886/4133 1872/3885/4133 1886/3896/4133
f 1916/3957/4134 1885/3958/4134 1915/3959/4134
f 1885/3958/4135 1916/3957/4135 1882/3960/4135
f 2229/3946/4136 2230/3876/4136 2233/3961/4136
f 2226/3902/4137 2227/3892/4137 1880/3891/4137
f 1884/3880/4138 1887/3931/4138 1931/3927/4138
f 1899/3869/4139 2220/3962/4140 1897/3867/4141
f 1884/3963/4142 1915/3959/4142 1912/3964/4142
f 1915/3959/4143 1884/3963/4143 1916/3957/4143
f 1931/3927/4144 1932/3955/4144 1919/3954/4144
f 1912/3964/4145 1917/2954/4145 1911/3555/4145
f 1917/2954/4146 1912/3964/4146 1915/3959/4146
f 1917/2954/4147 2233/3553/4148 1911/3555/4149
f 2233/3553/4148 1917/2954/4147 2229/2927/4150
f 1882/3960/4151 1918/3965/4152 1885/3958/4153
f 1918/3965/4154 1882/3960/4154 1919/3966/4154
f 1885/3958/4155 1921/3938/4155 1910/2928/4155
f 1921/3938/4156 1885/3958/4153 1918/3965/4152
f 1921/3938/4157 1881/2929/4158 1910/2928/4159
f 1881/2929/4158 1921/3938/4157 1920/3935/4160
f 1931/3927/4161 1882/3967/4161 1916/3968/4161
f 1882/3967/4162 1931/3927/4162 1919/3954/4162
f 1922/3969/4163 1886/3896/4163 1872/3885/4163
f 1886/3896/4164 1922/3969/4164 1923/3882/4164
f 1887/3931/4165 1873/3906/4165 1931/3927/4165
f 1924/3536/4166 1888/3884/4166 1914/3544/4166
f 1888/3884/4167 1924/3536/4167 1923/3882/4167
f 1902/2842/4168 2234/3538/4168 2226/2843/4168
f 2234/3538/4169 1902/2842/4169 1924/3536/4169
f 1890/3899/4170 1935/3970/4170 1934/3897/4170
f 1935/3970/4171 1890/3899/4171 1926/3930/4171
f 1893/3873/4172 1927/3918/4172 1892/3922/4172
f 1927/3918/4173 1893/3873/4173 1926/3930/4173
f 1927/3918/4174 1879/3920/4174 1892/3922/4174
f 1879/3920/4175 1927/3918/4175 1925/3919/4175
f 1928/3934/4176 1937/3971/4176 1895/3871/4176
f 1937/3971/4177 1928/3934/4178 1944/3972/4179
f 1887/3883/4180 1923/3882/4180 1922/3969/4180
f 1926/3930/4181 1936/3950/4181 1935/3970/4181
f 2226/3902/4182 2228/3878/4182 2227/3892/4182
f 1895/3875/4126 1936/3950/4125 1893/3873/4183
f 1944/3972/4184 1897/3973/4184 2220/3974/4184
f 1928/3934/4185 1896/3975/4185 1897/3973/4185
f 1896/3975/4186 1928/3934/4186 1929/3870/4186
f 1897/3973/4187 1944/3972/4187 1928/3934/4187
f 1899/3869/4139 1943/3894/4188 2220/3962/4140
f 1931/3927/4189 1916/3968/4189 1884/3880/4189
f 1933/3926/4190 1878/3928/4190 1940/3903/4190
f 1929/3870/4191 2235/3976/4191 1896/3975/4191
f 2235/3976/4192 1929/3870/4192 2223/3915/4192
f 2225/3939/4114 1925/3948/4113 2221/3956/4193
f 1886/3896/4194 1903/2846/4194 1904/3886/4194
f 1940/3977/4195 1931/3927/4195 1941/3925/4195
f 1922/3907/4196 1873/3906/4196 1887/3931/4196
f 1877/3932/4197 1906/2860/4197 1907/3933/4197
f 1920/3877/4198 2230/3876/4198 1881/3947/4198
f 2221/3956/4199 2231/3890/4199 2232/3942/4199
f 1930/3904/4200 1883/3952/4200 1932/3905/4200
f 1931/3927/4201 1940/3977/4201 1932/3955/4201
f 1917/2954/4202 1885/3958/4203 1910/2928/4204
f 1885/3958/4203 1917/2954/4202 1915/3959/4205
f 1894/3874/4206 1893/3873/4206 1892/3922/4206
f 1891/2965/4207 1926/3930/4207 1890/3899/4207
f 1940/3903/4208 2236/2768/4208 1867/3540/4208
f 2237/2940/4209 1934/3897/4210 1935/3970/4211
f 1911/3555/4212 1888/3917/4212 1912/3964/4212
f 1898/3868/4213 2225/3914/4213 1900/3866/4213
f 2242/2908/4214 1937/3971/4177 1944/3972/4179
f 1933/3926/4215 1940/3903/4215 1867/3540/4215
f 1933/3926/4216 1750/2938/4216 1938/3895/4216
f 1750/2938/4217 1933/3926/4217 1867/3540/4217
f 1889/3900/4218 1874/3887/4218 1904/3886/4218
f 1918/3924/4219 1908/2902/4219 1921/3978/4219
f 1869/2939/4220 1934/3897/4220 2237/2940/4220
f 1934/3897/4221 1869/2939/4221 1939/3889/4221
f 1868/3979/4222 1941/3925/4222 1939/3910/4222
f 1940/3903/4223 1868/3980/4223 2236/2768/4223
f 1935/3970/4211 2238/3546/4224 2237/2940/4209
f 2238/3546/4225 1935/3970/4225 1936/3950/4225
f 1936/3950/4226 2242/3981/4226 2238/3546/4226
f 2242/3981/4227 1936/3950/4227 1937/3951/4227
f 2241/2955/4228 1944/3972/4229 2220/3974/4230
f 1944/3972/4229 2241/2955/4228 2239/2935/4231
f 1750/2938/4232 1942/3893/4232 1938/3895/4232
f 1942/3893/4233 1750/2938/4234 2240/2937/4235
f 1940/3977/4236 1941/3925/4236 1868/3979/4236
f 1868/3979/4237 1939/3910/4237 1869/3982/4237
f 1943/3894/4238 2240/2937/4238 1871/2898/4238
f 2240/2937/4235 1943/3894/4239 1942/3893/4233
f 2220/3962/4240 1871/2898/4240 2241/2931/4240
f 1871/2898/4241 2220/3962/4241 1943/3894/4241
f 1944/3972/4242 2239/2935/4242 2242/2908/4242
f 2250/3983/4243 1948/3984/4243 1946/3985/4243
f 1946/3985/4244 1947/3986/4244 2250/3983/4244
f 1946/3985/4245 1948/3984/4245 1945/3987/4245
f 1947/3988/4246 1946/3989/4246 2243/3990/4246
f 2243/3990/4247 2252/3991/4247 1947/3988/4247
f 1948/3992/4248 2250/3993/4248 2244/3994/4248
f 2244/3994/4249 2245/3995/4249 1948/3992/4249
f 2245/3996/4250 2246/3997/4250 2247/3998/4250
f 2245/3996/4251 2247/3998/4251 1945/3999/4251
f 2245/4000/4252 1945/4001/4252 1948/4002/4252
f 1946/3989/4253 1945/4003/4253 2247/4004/4253
f 2247/4004/4254 2243/3990/4254 1946/3989/4254
f 2249/4005/4255 2247/3998/4255 2246/3997/4255
f 2246/3997/4256 2248/4006/4256 2249/4005/4256
f 2250/3983/4257 1950/4007/4257 1951/4008/4257
f 1950/4007/4258 2250/3983/4258 1947/3986/4258
f 1950/4007/4259 1949/4009/4259 1951/4008/4259
f 1947/3988/4260 2251/4010/4260 1950/4011/4260
f 2251/4010/4261 1947/3988/4261 2252/3991/4261
f 1951/4012/4262 2244/3994/4262 2250/3993/4262
f 2244/3994/4263 1951/4012/4263 2253/4013/4263
f 2253/4013/4264 2254/4014/4264 2255/4015/4264
f 2253/4013/4265 1949/4016/4265 2254/4014/4265
f 2253/4013/4266 1951/4012/4266 1949/4016/4266
f 1950/4017/4267 2254/4018/4267 1949/4019/4267
f 2254/4020/4268 1950/4011/4268 2251/4010/4268
f 2256/4021/4269 2255/4015/4269 2254/4014/4269
f 2255/4015/4270 2256/4021/4270 2257/4022/4270
f 1870/2942/4271 2237/2940/4271 2238/3546/4271
f 2236/2768/4272 1406/2767/4272 1867/3540/4272
f 2130/2821/4273 2128/2812/4273 1365/2813/4273
f 2128/2812/2657 2129/2775/4274 1373/2774/2658
f 2170/3530/3598 2176/3533/3603 2172/4023/4275
f 2219/2907/4276 2238/4024/4276 2242/2908/4276
f 3024/4025/4277 2358/4026/4277 3167/4027/4277
f 2370/4028/4278 3409/4029/4278 3380/4030/4278
f 2448/4031/4279 3157/4032/4280 2510/4033/4281
f 2440/4034/4282 2916/4035/4282 2367/4036/4282
f 2438/4037/4283 3172/4038/4283 3271/4039/4283
f 2326/4040/4284 3077/4041/4284 3045/4042/4284
f 2296/4043/4285 2802/4044/4285 3126/4045/4285
f 2978/4046/4286 2294/4047/4286 3085/4048/4286
f 2560/4049/4287 3081/4050/4287 2828/4051/4287
f 3114/4052/4288 2996/4053/4288 2278/4054/4288
f 2657/4055/4289 3099/4056/4289 2476/4057/4289
f 2307/4058/4290 3170/4059/4290 3297/4060/4290
f 2486/4061/4291 2261/4062/4292 2286/4063/4293
f 2771/4064/4294 3098/4065/4294 2980/4066/4294
f 2676/4067/4295 3233/4068/4295 2639/4069/4295
f 2667/4070/4296 2668/4071/4296 3267/4072/4296
f 2781/4073/4297 3420/4074/4297 3441/4075/4297 3110/4076/4297
f 2480/4077/4298 2300/4078/4298 2873/4079/4298
f 3149/4080/4299 2865/4081/4300 3247/4082/4301
f 3318/4083/4302 2318/4084/4302 2693/4085/4302
f 2791/4086/4303 2750/4087/4303 2416/4088/4303
f 3014/4089/4304 2901/4090/4304 3094/4091/4304
f 2357/4092/4305 3073/4093/4306 2358/4026/4307
f 3139/4094/4308 2971/4095/4308 2369/4096/4308
f 3024/4025/4309 2357/4092/4309 2358/4026/4309
f 3036/4097/4310 2355/4098/4310 2864/4099/4310
f 3137/4100/4311 3186/4101/4311 2419/4102/4311
f 2800/4103/4312 2380/4104/4312 3234/4105/4312
f 2835/4106/4313 2599/4107/4313 3183/4108/4313
f 3025/4109/4314 2363/4110/4314 2992/4111/4314
f 2418/4112/4315 3034/4113/4315 2872/4114/4315
f 2761/4115/4316 2496/4116/4316 2940/4117/4316
f 3334/4118/4317 2352/4119/4317 2353/4120/4317
f 3172/4121/4318 2944/4122/4318 2527/4123/4318
f 2433/4124/4319 2520/4125/4319 2322/4126/4319
f 2566/4127/4320 2579/4128/4320 2416/4129/4320
f 2899/4130/4321 2506/4131/4321 3201/4132/4321
f 2960/4133/4322 3198/4134/4322 3188/4135/4322
f 2312/4136/4323 2962/4137/4324 2569/4138/4325
f 2372/4139/4326 2373/4140/4327 3121/4141/4328
f 3316/4142/4329 2587/4143/4329 2377/4144/4329
f 2613/4145/4330 2377/4144/4330 2378/4146/4330
f 2382/4147/4331 2383/4148/4331 3162/4149/4331
f 3062/4150/4332 2373/4140/4332 2372/4139/4332
f 2849/4151/4333 2481/4152/4333 3300/4153/4333
f 3299/4154/4334 2887/4155/4334 2391/4156/4334
f 2953/4157/4335 3063/4158/4335 2424/4159/4335
f 3461/4160/4336 2944/4161/4336 3410/4162/4336
f 2449/4163/4337 2450/4164/4337 2955/4165/4337
f 3006/4166/4338 2689/4167/4338 2916/4035/4338
f 2868/4168/4339 2291/4169/4339 3096/4170/4339
f 2756/4171/4340 2404/4172/4340 3168/4173/4340
f 3173/4174/4341 3475/4175/4341 3403/4176/4341 3210/4177/4341
f 2455/4178/4342 3154/4179/4342 2955/4165/4342
f 2632/4180/4343 2449/4181/4343 3063/4158/4343
f 3031/4182/4344 3034/4113/4344 2418/4112/4344
f 3156/4183/4345 3155/4184/4345 3164/4185/4345
f 3206/4186/4346 3059/4187/4346 2334/4188/4346
f 3348/4189/4347 2911/4190/4347 3413/4191/4347
f 2568/4192/4348 2426/4193/4348 3306/4194/4348
f 2733/4195/4349 3233/4196/4349 3066/4197/4349
f 2428/4198/4350 2767/4199/4350 2430/4200/4350
f 3236/4201/4351 3090/4202/4351 3389/4203/4351 3476/4204/4351
f 3070/4205/4352 2434/4206/4352 2435/4207/4352
f 2847/4208/4353 2437/4209/4353 2730/4210/4353
f 3253/4211/4354 3013/4212/4354 2479/4213/4354
f 3250/4214/4355 2552/4215/4355 2551/4216/4355
f 3149/4080/4299 2922/4217/4356 2865/4081/4300
f 2985/4218/4357 2273/4219/4358 2274/4220/4359
f 2750/4087/4360 3261/4221/4360 2416/4088/4360
f 2460/4222/4361 3323/4223/4361 3214/4224/4361
f 2461/4225/4362 2716/4226/4362 2715/4227/4362
f 3321/4228/4363 2565/4229/4363 2463/4230/4363
f 2467/4231/4364 2636/4232/4364 2468/4233/4364
f 2829/4234/4365 2278/4054/4365 2996/4053/4365
f 3432/4235/4366 3385/4236/4366 2406/4237/4366
f 3132/4238/4367 3163/4239/4367 3005/4240/4367
f 2932/4241/4368 3478/4242/4368 3457/4243/4368 2671/4244/4368
f 3443/4245/4369 3444/4246/4369 2444/4247/4369
f 2940/4117/4370 3062/4150/4370 3008/4248/4370
f 3340/4249/4371 2848/4250/4371 2487/4251/4371
f 2487/4252/4372 2490/4253/4372 3091/4254/4372
f 2906/4255/4373 3333/4256/4373 3055/4257/4373
f 2845/4258/4374 3115/4259/4374 2673/4260/4374
f 3079/4261/4375 3324/4262/4375 2501/4263/4375
f 3464/4264/4376 3398/4265/4376 2786/4266/4376 2445/4267/4376
f 2628/4268/4377 2673/4260/4377 2629/4269/4377
f 3311/4270/4378 2506/4131/4378 3052/4271/4378
f 3311/4270/4379 2505/4272/4379 2506/4131/4379
f 2697/4273/4380 3164/4185/4380 2541/4274/4380
f 2508/4275/4381 3337/4276/4381 3052/4271/4381
f 2865/4081/4382 2274/4220/4382 2958/4277/4382
f 3300/4153/4383 3253/4211/4383 3182/4278/4383
f 2555/4279/4384 2670/4280/4384 2939/4281/4384
f 2510/4033/4385 3239/4282/4385 2630/4283/4385
f 3299/4154/4386 2267/4284/4386 2515/4285/4386
f 2723/4286/4387 2724/4287/4387 2801/4288/4387
f 2524/4289/4388 3219/4290/4388 3058/4291/4388
f 2743/4292/4389 3172/4038/4389 2682/4293/4389
f 3004/4294/4390 2638/4295/4390 2676/4296/4390
f 2263/4297/4391 2771/4064/4391 2980/4066/4391
f 2584/4298/4392 2941/4299/4392 2399/4300/4392
f 3135/4301/4393 3063/4158/4393 2717/4302/4393
f 3261/4221/4394 2751/4303/4394 2695/4304/4394
f 3400/4305/4395 3401/4306/4395 2533/4307/4395
f 2859/4308/4396 2576/4309/4396 2534/4310/4396
f 2537/4311/4397 2492/4312/4398 2870/4313/4399
f 2541/4274/4400 3164/4185/4400 3031/4182/4400
f 2853/4314/4401 2432/4315/4401 3125/4316/4401
f 2673/4260/4402 3024/4025/4402 2845/4258/4402
f 3304/4317/4403 2647/4318/4403 2544/4319/4403
f 2856/4320/4404 2857/4321/4404 2954/4322/4404
f 2881/4323/4405 2647/4324/4405 2711/4325/4405
f 2633/4326/4406 3060/4327/4406 2953/4157/4406
f 2292/4328/4407 2410/4329/4407 2843/4330/4407
f 2970/4331/4408 2356/4332/4408 2723/4286/4408
f 3347/4333/4409 3366/4334/4409 3264/4335/4409 3238/4336/4409
f 3177/4337/4410 3200/4338/4410 2999/4339/4410
f 3039/4340/4411 2320/4341/4411 3038/4342/4411
f 2406/4343/4412 3101/4344/4412 2651/4345/4412
f 2951/4346/4413 2271/4347/4414 2269/4348/4415
f 3306/4349/4416 2567/4350/4416 2568/4351/4416
f 2812/4352/4417 2895/4353/4418 3075/4354/4419
f 2260/4355/4420 2402/4356/4420 3020/4357/4420
f 2810/4358/4421 2603/4359/4421 3102/4360/4421
f 2259/4361/4422 2503/4362/4422 2502/4363/4422
f 3092/4364/4423 3333/4256/4423 2501/4263/4423
f 3069/4365/4424 2336/4366/4424 3116/4367/4424
f 2436/4368/4425 2634/4369/4425 2943/4370/4425
f 3029/4371/4426 3009/4372/4426 2270/4373/4426
f 3110/4076/4427 2867/4374/4427 2551/4216/4427
f 3198/4375/4428 2960/4376/4428 2874/4377/4428
f 2493/4378/4429 2596/4379/4429 3192/4380/4429
f 3290/4381/4430 3163/4382/4430 3132/4383/4430
f 2585/4384/4431 2364/4385/4431 2362/4386/4431
f 3020/4357/4432 2267/4284/4432 3299/4154/4432
f 2601/4387/4433 2918/4388/4433 3141/4389/4433
f 3000/4390/4434 2746/4391/4434 3295/4392/4434
f 3181/4393/4435 2405/4394/4435 3180/4395/4435
f 2430/4396/4436 2609/4397/4436 2821/4398/4436
f 2305/4399/4437 2787/4400/4437 3151/4401/4437
f 3197/4402/4438 3174/4403/4438 2814/4404/4438
f 2844/4405/4439 2310/4406/4439 2622/4407/4439
f 2772/4408/4440 2666/4409/4440 3120/4410/4440
f 3003/4411/4441 3171/4412/4442 2793/4413/4443
f 3018/4414/4444 2536/4415/4444 2535/4416/4444
f 3229/4417/4445 3206/4186/4445 2523/4418/4445
f 3006/4166/4446 2439/4419/4446 2686/4420/4446
f 2636/4232/4447 2530/4421/4447 2877/4422/4447
f 2963/4423/4448 2964/4424/4448 3273/4425/4448
f 2938/4426/4449 2399/4300/4449 3220/4427/4449
f 3289/4428/4450 3086/4429/4450 2659/4430/4450
f 2379/4431/4451 3119/4432/4451 2314/4433/4451
f 2851/4434/4452 3153/4435/4452 2643/4436/4452
f 3075/4354/4453 3191/4437/4453 2644/4438/4453
f 2956/4439/4454 2342/4440/4454 3294/4441/4454
f 3454/4442/4455 3361/4443/4455 2776/4444/4455 2611/4445/4455
f 2544/4319/4456 2647/4318/4456 2646/4446/4456
f 3384/4447/4457 2911/4190/4457 3469/4448/4457
f 2649/4449/4458 3202/4450/4458 2305/4451/4458
f 2422/4452/4459 3197/4402/4459 2588/4453/4459
f 2832/4454/4460 2349/4455/4460 3213/4456/4460
f 3004/4457/4461 3132/4458/4461 3005/4459/4461
f 2959/4460/4462 2659/4430/4462 2595/4461/4462
f 2417/4462/4463 2582/4463/4463 3344/4464/4463 3345/4465/4463
f 2443/4466/4464 2354/4467/4464 2777/4468/4464
f 3045/4042/4465 3077/4041/4465 2664/4469/4465
f 2665/4470/4466 3120/4410/4466 2666/4409/4466
f 3008/4471/4467 3062/4472/4467 2372/4473/4467
f 3143/4474/4468 3237/4475/4468 2915/4476/4468
f 2468/4233/4469 2329/4477/4469 2827/4478/4469
f 2412/4479/4470 2679/4480/4470 3152/4481/4470
f 2410/4482/4471 2497/4483/4471 2757/4484/4471
f 2364/4485/4472 2365/4486/4472 2566/4487/4472
f 2696/4488/4473 3320/4489/4473 2697/4273/4473
f 2523/4418/4474 3206/4186/4474 2334/4188/4474
f 2837/4490/4475 3269/4491/4475 2565/4229/4475
f 2326/4040/4476 2701/4492/4476 2927/4493/4476
f 2883/4494/4477 2705/4495/4477 3165/4496/4477
f 3205/4497/4478 2331/4498/4478 3081/4050/4478
f 3159/4499/4479 3081/4050/4479 2707/4500/4479
f 2708/4501/4480 3286/4502/4480 2709/4503/4480
f 3455/4504/4481 3422/4505/4481 3037/4506/4482
f 3317/4507/4483 2610/4508/4483 2710/4509/4483
f 3281/4510/4484 2762/4511/4484 2542/4512/4484
f 2713/4513/4485 3332/4514/4485 2714/4515/4485
f 2715/4516/4486 2716/4517/4486 2624/4518/4486
f 2719/4519/4487 3241/4520/4487 2720/4521/4487
f 3332/4522/4488 2721/4523/4488 2722/4524/4488
f 2740/4525/4489 3341/4526/4490 2288/4527/4491
f 2405/4394/4492 2733/4528/4492 3180/4395/4492
f 2825/4529/4493 2826/4530/4493 2618/4531/4493
f 3146/4532/4494 3166/4533/4494 2656/4534/4494
f 2730/4210/4495 3153/4435/4495 2851/4434/4495
f 2570/4535/4496 3049/4536/4496 2634/4369/4496
f 2639/4069/4497 3233/4068/4497 2473/4537/4497
f 2920/4538/4498 2574/4539/4498 3173/4540/4498
f 2736/4541/4499 3226/4542/4499 2737/4543/4499
f 3363/4544/4500 3362/4545/4500 2546/4546/4500
f 2740/4525/4501 2741/4547/4501 2816/4548/4501
f 2720/4521/4502 3241/4520/4502 3332/4514/4502
f 3252/4549/4503 2818/4550/4503 2500/4551/4503
f 2453/4552/4504 2919/4553/4504 3102/4360/4504
f 2541/4274/4505 2696/4488/4505 2697/4273/4505
f 2454/4554/4506 2431/4555/4507 2337/4556/4508
f 3324/4262/4509 3058/4291/4509 2931/4557/4509
f 3117/4558/4510 2801/4288/4510 2400/4559/4510
f 3154/4179/4511 2871/4560/4511 2356/4332/4511
f 3151/4401/4512 2787/4400/4512 2767/4199/4512
f 2630/4283/4513 2846/4561/4513 2510/4033/4513
f 2768/4562/4514 2344/4563/4514 2630/4283/4514
f 3234/4105/4515 2380/4104/4515 2635/4564/4515
f 3462/4565/4516 3454/4442/4516 2611/4445/4516
f 2666/4409/4517 2772/4408/4517 2773/4566/4517
f 2951/4346/4518 2950/4567/4518 2905/4568/4518
f 2480/4077/4519 2301/4569/4519 2425/4570/4519
f 3123/4571/4520 2355/4098/4521 2283/4572/4522
f 3283/4573/4523 2301/4569/4523 2480/4077/4523
f 2597/4574/4524 2735/4575/4524 3250/4214/4524
f 3188/4135/4525 3287/4576/4525 2688/4577/4525
f 3110/4076/4526 3441/4075/4526 3369/4578/4526
f 3089/4579/4527 2279/4580/4527 2346/4581/4527
f 2528/4582/4528 2612/4583/4528 2993/4584/4528
f 2620/4585/4529 2621/4586/4529 3258/4587/4529
f 2548/4588/4530 2590/4589/4530 2518/4590/4530
f 2796/4591/4531 2534/4592/4531 2797/4593/4531
f 3350/4594/4532 3423/4595/4532 2799/4596/4532
f 2466/4597/4533 2941/4598/4533 3506/4599/4533 2457/4600/4533
f 2903/4601/4534 2861/4602/4535 2409/4603/4536
f 2412/4479/4537 3081/4050/4537 2560/4049/4537
f 3363/4544/4538 2560/4049/4538 3362/4545/4538
f 3361/4443/4539 2808/4604/4539 3412/4605/4539
f 2808/4604/4540 2418/4112/4540 2872/4114/4540
f 2399/4606/4541 2466/4597/4541 2745/4607/4541
f 2974/4608/4542 2843/4330/4542 2410/4329/4542
f 2601/4387/4543 3215/4609/4543 3327/4610/4543
f 2871/4560/4544 2456/4611/4545 2259/4361/4546
f 2773/4612/4547 2830/4613/4547 2831/4614/4547
f 2335/4615/4548 2596/4379/4548 2805/4616/4548
f 3269/4491/4549 2837/4490/4549 2319/4617/4549
f 2310/4406/4550 2844/4405/4550 3178/4618/4550
f 2859/4308/4551 2847/4619/4551 2575/4620/4551
f 2847/4619/4552 2848/4250/4553 2575/4620/4554
f 2851/4621/4555 3315/4622/4555 2487/4251/4555
f 2860/4623/4556 2847/4619/4556 2859/4308/4556
f 2903/4601/4557 3293/4624/4557 2861/4602/4557
f 2258/4625/4558 2977/4626/4558 2398/4627/4558
f 2334/4188/4559 3238/4628/4559 2523/4418/4559
f 2355/4098/4560 3036/4097/4561 3060/4327/4562
f 2353/4629/4563 2707/4500/4564 2577/4630/4564
f 2796/4591/4565 2536/4415/4565 2534/4592/4565
f 2867/4374/4566 3110/4076/4566 2335/4631/4566
f 3165/4496/4567 2654/4632/4567 2883/4494/4567
f 2883/4494/4568 2654/4632/4568 3129/4633/4568
f 2955/4165/4569 2970/4331/4570 2449/4163/4571
f 3336/4634/4572 2515/4285/4572 2267/4284/4572
f 3161/4635/4573 2890/4636/4573 2892/4637/4573
f 2382/4638/4574 2892/4639/4574 2891/4640/4574
f 2892/4637/4575 2988/4641/4575 2893/4642/4575
f 2901/4090/4576 3277/4643/4576 2574/4539/4576
f 2456/4611/4577 2282/4644/4578 2259/4361/4579
f 2753/4645/4580 3146/4646/4580 2897/4647/4580
f 3207/4648/4581 2368/4649/4581 2898/4650/4581
f 2889/4651/4582 3005/4652/4582 3163/4653/4582
f 2700/4654/4583 2826/4530/4583 2516/4655/4583
f 2561/4656/4584 2734/4657/4584 2822/4658/4584
f 3192/4380/4585 2913/4659/4585 2493/4378/4585
f 3286/4660/4586 2907/4661/4586 2709/4662/4586
f 2520/4663/4587 2518/4664/4587 2390/4665/4587
f 2908/4666/4588 3046/4667/4588 2663/4668/4588
f 2518/4669/4589 2738/4670/4589 2390/4671/4589
f 3295/4392/4590 3406/4672/4590 3353/4673/4590
f 2596/4379/4591 2370/4028/4591 3192/4380/4591
f 2764/4674/4592 2542/4512/4592 2763/4675/4592
f 2742/4676/4593 2522/4677/4593 2743/4292/4593
f 3292/4678/4594 2348/4679/4594 2346/4680/4594
f 2481/4152/4595 3013/4212/4595 3300/4153/4595
f 2806/4681/4596 2809/4682/4597 2703/4683/4598
f 2741/4547/4599 2310/4406/4599 3223/4684/4599
f 3419/4685/4600 3469/4448/4600 2911/4190/4601 2912/4686/4601
f 2732/4687/4602 2336/4366/4603 2843/4330/4604
f 2545/4688/4605 3214/4224/4605 2711/4689/4605
f 3087/4690/4606 3039/4691/4606 2759/4692/4606
f 2918/4388/4607 3327/4610/4607 2828/4051/4607
f 2605/4693/4608 2606/4694/4608 2604/4695/4608
f 3288/4696/4609 3299/4154/4609 2660/4697/4609
f 2687/4698/4610 3196/4699/4610 3195/4700/4610
f 3216/4701/4611 2860/4702/4611 2859/4703/4611
f 2435/4207/4612 2619/4704/4612 3242/4705/4612
f 3452/4706/4613 2909/4707/4613 3428/4708/4613
f 2843/4330/4604 2868/4168/4614 2732/4687/4602
f 3240/4709/4615 2483/4710/4615 3194/4711/4615
f 2928/4712/4616 3133/4713/4616 2927/4493/4616
f 2928/4712/4617 3326/4714/4617 3133/4713/4617
f 2790/4715/4618 2421/4716/4618 3078/4717/4618
f 3078/4717/4619 2326/4040/4619 2927/4493/4619
f 2759/4718/4620 2411/4719/4620 2974/4608/4620
f 3004/4720/4621 2320/4341/4621 2555/4279/4621
f 2506/4131/4622 2935/4721/4622 3201/4132/4622
f 2891/4722/4623 2383/4148/4623 2382/4147/4623
f 2683/4723/4624 3287/4576/4624 3006/4166/4624
f 2416/4088/4625 3261/4221/4625 2566/4487/4625
f 3176/4724/4626 2287/4725/4626 2571/4726/4626
f 2994/4727/4627 2264/4728/4627 2306/4729/4627
f 3098/4065/4628 2771/4064/4628 3350/4594/4628 3463/4730/4628
f 3104/4731/4629 3114/4052/4629 3103/4732/4629
f 2403/4733/4630 3266/4734/4630 3095/4735/4630
f 2852/4736/4631 2379/4431/4631 2949/4737/4631
f 2585/4738/4632 2365/4739/4632 2364/4740/4632
f 2599/4107/4633 2597/4574/4633 3126/4045/4633
f 2911/4190/4634 3348/4189/4634 3481/4741/4634 2932/4241/4634
f 3021/4742/4635 2500/4551/4635 2818/4550/4635
f 2494/4743/4636 2852/4736/4636 3296/4744/4636
f 3069/4365/4637 2674/4745/4637 2793/4413/4637
f 2402/4356/4638 2267/4284/4638 3020/4357/4638
f 2965/4746/4639 3185/4747/4639 3092/4364/4639
f 2327/4748/4640 2968/4749/4640 2553/4750/4640
f 2603/4751/4641 2602/4752/4641 2464/4753/4641
f 2594/4754/4642 3265/4755/4642 2959/4460/4642
f 3303/4756/4643 3057/4757/4643 2458/4758/4643
f 2371/4759/4644 2532/4760/4644 3106/4761/4644
f 3280/4762/4645 2986/4763/4645 2642/4764/4645
f 2489/4765/4646 3280/4762/4646 2642/4764/4646
f 3128/4766/4647 2669/4767/4647 2973/4768/4647
f 2694/4769/4648 2364/4485/4648 2695/4304/4648
f 2311/4770/4649 3032/4771/4649 2616/4772/4649
f 2380/4104/4650 2381/4773/4650 2635/4564/4650
f 2783/4774/4651 3431/4775/4651 3359/4776/4651 2582/4463/4651
f 3116/4367/4652 3254/4777/4652 3069/4365/4652
f 2490/4778/4653 2487/4251/4653 3315/4622/4653
f 3182/4278/4654 2672/4779/4654 3094/4091/4654
f 3140/4780/4655 3195/4700/4655 2369/4781/4655
f 3097/4782/4656 2820/4783/4657 2904/4784/4658
f 3202/4450/4659 2340/4785/4659 2824/4786/4659
f 2281/4787/4660 2352/4788/4660 2280/4789/4660
f 2612/4790/4661 2681/4791/4661 3248/4792/4661
f 3231/4793/4662 2720/4521/4662 3332/4514/4662
f 3251/4794/4663 2337/4556/4663 2431/4555/4663
f 2528/4582/4664 3012/4795/4664 2842/4796/4664
f 2478/4797/4665 3148/4798/4666 2324/4799/4667
f 3456/4800/4668 3098/4065/4668 3463/4730/4668
f 2347/4801/4669 2484/4802/4669 2486/4061/4669
f 2898/4803/4670 2261/4804/4671 2486/4805/4672
f 2929/4806/4673 2510/4033/4673 2388/4807/4673
f 2445/4267/4674 2786/4266/4674 2323/4808/4674
f 2476/4057/4675 3099/4056/4676 3341/4526/4677
f 3007/4809/4678 3341/4526/4490 2740/4525/4489
f 3341/4526/4679 3007/4809/4680 2476/4057/4681
f 3120/4810/4682 3008/4811/4682 2372/4812/4682
f 2558/4813/4683 2512/4814/4683 2770/4815/4683
f 3130/4816/4684 2498/4817/4684 3077/4041/4684
f 2421/4716/4685 3077/4041/4685 3078/4717/4685
f 3287/4576/4686 3188/4135/4686 2690/4818/4686
f 3015/4819/4687 2420/4820/4687 2882/4821/4687
f 3018/4414/4688 3019/4822/4688 3325/4823/4688
f 2755/4824/4689 2978/4046/4689 2979/4825/4689
f 3043/4826/4690 2492/4312/4690 2623/4827/4690
f 3167/4027/4691 2586/4828/4691 2561/4829/4691
f 2606/4830/4692 3029/4371/4692 3030/4831/4692
f 2708/4501/4693 2709/4503/4693 2663/4832/4693
f 2541/4274/4694 3031/4182/4694 2547/4833/4694
f 2647/4318/4695 3031/4182/4695 2646/4446/4695
f 2955/4165/4696 3230/4834/4697 2455/4178/4698
f 2341/4835/4699 2371/4759/4699 2913/4659/4699
f 3114/4052/4700 2278/4054/4700 2279/4580/4700
f 2962/4137/4701 2961/4836/4702 2569/4138/4703
f 2266/4837/4704 2710/4509/4704 3498/4838/4704 2313/4839/4704
f 2517/4840/4705 2700/4654/4705 2516/4655/4705
f 2754/4841/4706 2746/4391/4706 3000/4390/4706
f 3042/4842/4707 3335/4843/4707 2767/4199/4707
f 2501/4263/4708 3324/4262/4708 2931/4557/4708
f 2596/4379/4709 2747/4844/4709 2370/4028/4709
f 3084/4845/4710 3012/4795/4710 2521/4846/4710
f 2665/4470/4711 2666/4409/4711 2773/4566/4711
f 2269/4348/4712 3067/4847/4712 2867/4374/4712
f 2572/4848/4713 3185/4747/4713 2965/4746/4713
f 2461/4225/4714 2936/4849/4714 3048/4850/4714
f 2527/4851/4715 2944/4852/4715 3147/4853/4715
f 2881/4854/4716 2880/4855/4716 3051/4856/4716
f 2853/4314/4717 2446/4857/4718 2766/4858/4719
f 3053/4859/4720 2918/4388/4720 2331/4498/4720
f 3205/4497/4721 3053/4859/4721 2331/4498/4721
f 3055/4257/4722 3056/4860/4722 2906/4255/4722
f 3337/4276/4723 3222/4861/4723 3311/4270/4723
f 3337/4276/4724 3311/4270/4724 3052/4271/4724
f 2433/4862/4725 2548/4588/4726 2520/4863/4727
f 3144/4864/4728 2615/4865/4728 2785/4866/4728
f 2688/4577/4729 3287/4576/4729 3196/4699/4729
f 2856/4320/4730 2855/4867/4730 2857/4321/4730
f 2441/4868/4731 2309/4869/4731 2442/4870/4731
f 2677/4871/4732 2638/4295/4732 3017/4872/4732
f 2731/4873/4733 2520/4125/4733 2390/4671/4733
f 2423/4874/4734 2588/4875/4734 3197/4876/4734
f 2298/4877/4735 3100/4878/4735 2754/4841/4735
f 2543/4879/4736 2342/4440/4736 3255/4880/4736
f 3263/4881/4737 2662/4882/4737 2314/4883/4737
f 2939/4281/4738 2670/4280/4738 2475/4884/4738
f 2916/4035/4739 2855/4867/4739 2367/4036/4739
f 3455/4504/4481 3076/4885/4740 3422/4505/4481
f 2906/4255/4741 3328/4886/4741 3079/4261/4741
f 2422/4452/4742 3035/4887/4742 3174/4403/4742
f 2769/4888/4743 2513/4889/4743 2440/4034/4743
f 3256/4890/4744 3310/4891/4744 2559/4892/4744
f 2278/4054/4745 3292/4893/4745 2346/4581/4745
f 2749/4894/4746 2792/4895/4746 2791/4086/4746
f 2276/4896/4747 2315/4897/4747 3200/4338/4747
f 2279/4580/4748 2278/4054/4748 2346/4581/4748
f 2920/4538/4749 3263/4898/4749 2573/4899/4749
f 2700/4654/4750 2819/4900/4750 3227/4901/4750
f 3255/4880/4751 2342/4440/4751 3092/4364/4751
f 3092/4364/4752 2504/4902/4753 2965/4746/4754
f 3093/4903/4755 2657/4055/4755 3075/4354/4755
f 2961/4836/4756 2341/4835/4756 3054/4904/4756
f 2984/4905/4757 3027/4906/4757 2846/4907/4757
f 2874/4377/4758 2698/4908/4758 3198/4375/4758
f 2509/4909/4759 2865/4081/4759 2922/4217/4759
f 3054/4904/4760 2341/4835/4760 3411/4910/4760 3354/4911/4760
f 2274/4220/4761 2303/4912/4761 2958/4277/4761
f 3099/4056/4762 3224/4913/4762 3189/4914/4762
f 3108/4915/4763 2567/4350/4763 3306/4349/4763
f 3108/4915/4764 2896/4916/4764 2567/4350/4764
f 2283/4572/4765 2554/4917/4765 3221/4918/4765
f 2808/4604/4766 2646/4446/4766 2418/4112/4766
f 2392/4919/4767 2393/4920/4767 2571/4921/4767
f 2408/4922/4768 2829/4234/4768 2996/4053/4768
f 2730/4923/4769 2761/4115/4769 3153/4924/4769
f 2757/4925/4770 3087/4690/4770 2759/4692/4770
f 2484/4926/4771 2485/4927/4772 2486/4928/4773
f 2598/4929/4774 2445/4267/4774 2834/4930/4774
f 2436/4368/4775 2943/4370/4775 2292/4931/4775
f 2360/4932/4776 2811/4933/4776 3127/4934/4776
f 2362/4935/4777 2813/4936/4778 3174/4937/4779
f 2654/4632/4780 2304/4938/4780 3023/4939/4780
f 2459/4940/4781 2769/4888/4781 2440/4034/4781
f 2466/4597/4782 3279/4941/4782 2745/4607/4782
f 2719/4942/4783 2997/4943/4783 2902/4944/4783
f 3333/4945/4784 3208/4946/4784 2908/4947/4784
f 3115/4259/4785 2674/4745/4785 3254/4777/4785
f 2588/4948/4786 2423/4949/4786 3184/4950/4786
f 2886/4951/4787 3017/4952/4787 3278/4953/4787
f 2789/4954/4788 3326/4714/4789 3076/4885/4790
f 3322/4955/4791 3134/4956/4791 3284/4957/4791
f 2280/4789/4792 3291/4958/4792 3136/4959/4792
f 3389/4960/4793 3352/4961/4793 3136/4962/4793
f 2703/4683/4794 3102/4360/4794 2739/4963/4794
f 3102/4360/4795 2359/4964/4795 2453/4552/4795
f 2496/4116/4796 3062/4150/4796 2940/4117/4796
f 2930/4965/4797 3238/4966/4797 2334/4967/4797
f 2502/4363/4798 3183/4108/4798 2782/4968/4798
f 2505/4272/4799 3156/4183/4799 3309/4969/4799
f 3315/4622/4800 2643/4970/4800 2642/4971/4800
f 2446/4857/4801 3125/4316/4801 3142/4972/4801
f 3457/4243/4802 2702/4973/4802 2956/4439/4802 3450/4974/4802
f 2509/4909/4803 2274/4220/4803 2865/4081/4803
f 2624/4518/4804 3018/4414/4804 3325/4823/4804
f 2780/4975/4805 2727/4976/4805 3018/4414/4805
f 2536/4977/4806 3018/4978/4806 2727/4979/4806
f 3175/4980/4807 3269/4491/4807 2287/4725/4807
f 2707/4500/4808 3081/4050/4808 3152/4481/4808
f 3459/4981/4809 3351/4982/4809 3090/4983/4809 2829/4984/4809
f 3115/4259/4810 3254/4777/4810 3116/4367/4810
f 2311/4770/4811 2616/4772/4811 2982/4985/4811
f 2564/4986/4812 2260/4355/4812 2319/4617/4812
f 3179/4987/4813 3317/4507/4813 2710/4509/4813
f 2686/4420/4814 2683/4723/4814 3006/4166/4814
f 3303/4756/4815 2458/4758/4815 2807/4988/4815
f 3045/4989/4816 3046/4990/4816 3185/4991/4816
f 2908/4666/4817 3208/4992/4817 3046/4667/4817
f 2464/4753/4818 2602/4752/4818 3228/4993/4818
f 2745/4607/4819 2285/4994/4820 3268/4995/4821
f 2632/4180/4822 2953/4157/4822 3060/4327/4822
f 3210/4177/4823 3403/4176/4824 3417/4996/4824
f 2264/4728/4825 2354/4467/4825 2443/4466/4825
f 3184/4997/4826 3137/4100/4826 2588/4453/4826
f 3248/4792/4827 2526/4998/4827 2612/4790/4827
f 3229/4417/4828 2914/4999/4828 3206/4186/4828
f 3063/4158/4829 3135/4301/4829 3184/4950/4829
f 3120/4410/4830 3193/5000/4830 3008/5001/4830
f 2569/4138/4831 2343/5002/4831 2934/5003/4831
f 3067/4847/4832 2597/4574/4832 3250/4214/4832
f 2850/5004/4833 2851/4621/4833 2487/4251/4833
f 2472/5005/4834 3200/4338/4834 3177/4337/4834
f 2812/4352/4835 3075/4354/4835 2644/4438/4835
f 2798/5006/4836 2550/5007/4836 3221/4918/4836
f 2947/5008/4837 2733/4528/4837 2405/4394/4837
f 2265/5009/4838 3117/5010/4839 2358/4026/4840
f 2990/5011/4841 2904/5012/4841 2905/5013/4841
f 2491/5014/4842 2765/5015/4842 3329/5016/4842
f 3026/5017/4843 2843/4330/4843 2336/4366/4843
f 2587/4143/4844 2429/5018/4844 2604/4695/4844
f 2630/4283/4845 3239/4282/4845 2387/5019/4845
f 2914/4999/4846 3267/4072/4846 3021/4742/4846
f 2789/4954/4847 2420/4820/4847 2790/4715/4847
f 2762/4511/4848 2763/4675/4848 2542/4512/4848
f 3024/4025/4849 2673/4260/4849 2628/4268/4849
f 3253/4211/4850 2479/4213/4850 2478/4797/4850
f 2424/4159/4851 3063/4158/4851 3071/5020/4851
f 2328/5021/4852 2451/5022/4852 3187/5023/4852 2395/5024/4852
f 2465/5025/4853 3258/5026/4853 2952/5027/4853
f 2482/5028/4854 2904/4784/4854 2820/4783/4854
f 3116/4367/4855 2732/4687/4855 3096/4170/4855
f 2782/4968/4856 3183/4108/4856 2724/4287/4856
f 3407/5029/4857 2662/4882/4857 3376/5030/4857
f 2549/5031/4858 2317/5032/4858 2258/4625/4858
f 2730/4210/4859 2437/4209/4859 3118/5033/4859
f 3062/4150/4860 2655/5034/4860 2705/4495/4860
f 2607/5035/4861 2608/5036/4861 3138/5037/4861
f 2427/5038/4862 3260/5039/4862 2827/4478/4862
f 2396/5040/4863 2397/5041/4863 2752/5042/4863
f 2887/5043/4864 2981/5044/4864 2391/5045/4864
f 2530/5046/4865 2529/5047/4866 3223/4684/4867
f 2530/5046/4865 3223/4684/4867 2877/5048/4868
f 3419/4685/4600 2928/4712/4869 2927/4493/4869 3469/4448/4600
f 3264/5049/4870 3271/4039/4870 2744/5050/4870
f 2434/4206/4871 2737/5051/4872 3226/5052/4873
f 2549/5031/4874 3220/5053/4874 3061/5054/4874
f 3330/5055/4875 2507/5056/4875 2309/4869/4875
f 3144/4864/4876 2785/4866/4876 2333/5057/4876
f 2546/4546/4877 2406/4237/4877 3385/4236/4877 3363/4544/4877
f 2773/5058/4878 2772/5059/4878 2830/5060/4878
f 3111/5061/4879 2854/5062/4879 2620/4585/4879
f 2299/5063/4880 3243/5064/4880 3119/4432/4880
f 2952/5027/4881 2621/5065/4881 3228/4993/4881
f 2840/5066/4882 2310/4406/4883 2741/4547/4884
f 2740/4525/4885 2840/5066/4885 2741/4547/4885
f 2302/5067/4886 3126/4045/4886 2802/4044/4886
f 2459/4940/4887 3303/4756/4887 2769/4888/4887
f 2937/5068/4888 3225/5069/4888 2938/5070/4888
f 3264/5049/4889 2744/5050/4889 3238/4628/4889
f 2662/5071/4890 2379/4431/4890 2314/4433/4890
f 2719/5072/4891 3240/5073/4891 3241/5074/4891
f 3242/4705/4892 2860/4702/4892 3216/4701/4892
f 3379/5075/4893 3418/5076/4893 3276/5077/4893
f 2386/5078/4894 3193/5000/4894 2665/4470/4894
f 2470/5079/4895 2471/5080/4895 2875/5081/4895
f 2953/4157/4896 2424/4159/4896 2301/4569/4896
f 2939/4281/4897 3059/4187/4897 3132/4383/4897
f 2755/4824/4898 2524/4289/4898 3079/4261/4898
f 2333/5057/4899 2332/5082/4899 2608/5036/4899
f 3014/4089/4900 3094/4091/4900 2672/4779/4900
f 2623/4827/4901 2833/5083/4901 2538/5084/4901
f 3039/4340/4902 2911/5085/4902 2320/4341/4902
f 3362/4545/4903 2560/4049/4904 2828/4051/4904 3346/5086/4903
f 3027/5087/4905 2448/4031/4279 2510/4033/4281
f 2303/4912/4906 3178/4618/4906 2844/4405/4906
f 3442/5088/4907 3462/4565/4907 2611/4445/4907
f 2770/5089/4908 2807/4988/4908 2558/5090/4908
f 3082/5091/4909 2983/5092/4909 2627/5093/4909
f 2882/4821/4910 2753/4645/4911 2897/4647/4912
f 2282/4644/4913 2456/4611/4913 3028/5094/4913
f 3090/4983/4914 3351/4982/4914 3352/5095/4914
f 2344/5096/4915 2768/5097/4915 3160/5098/4915
f 2444/4247/4916 3393/5099/4916 3443/4245/4916
f 3295/4392/4917 3397/5100/4918 3414/5101/4918 2593/5102/4919
f 3092/4364/4920 2501/4263/4920 3255/4880/4920
f 2515/4285/4921 2887/4155/4921 3299/4154/4921
f 2289/5103/4922 3321/4228/4922 2268/5104/4922
f 2660/5105/4923 3170/4059/4923 2393/4920/4923
f 3370/5106/4924 3437/5107/4924 2625/5108/4924
f 2804/5109/4925 2625/5108/4926 2626/5110/4927
f 2869/5111/4928 2649/4449/4928 2870/4313/4928
f 2640/5112/4929 3072/5113/4929 3139/4094/4929
f 3416/5114/4930 2407/5115/4930 2693/4085/4930 3376/5030/4930
f 3142/4972/4931 2962/4137/4324 2312/4136/4323
f 2967/5116/4932 2362/5117/4932 2694/5118/4932
f 2317/5032/4933 2549/5031/4933 2798/5006/4933
f 2300/4078/4934 2470/5079/4934 3143/4474/4934
f 2878/5119/4935 2877/5048/4935 2637/5120/4935
f 3251/4794/4936 3169/5121/4936 3390/5122/4936 3388/5123/4936
f 2479/4213/4937 3143/4474/4937 2915/4476/4937
f 2742/4676/4938 2743/4292/4938 2841/5124/4938
f 3181/4393/4939 2817/5125/4939 2405/4394/4939
f 2622/4407/4940 2958/4277/4940 2844/4405/4940
f 2270/4373/4941 3168/4173/4941 2840/5066/4941
f 2269/4348/4942 2597/4574/4942 3067/4847/4942
f 3026/5126/4943 2839/5127/4943 2292/4931/4943
f 2970/4331/4944 3154/4179/4944 2356/4332/4944
f 2669/4767/4945 3225/5069/4945 2511/5128/4945
f 2716/4517/4946 2713/5129/4946 2714/5130/4946
f 2401/5131/4947 3263/4898/4947 2920/4538/4947
f 2575/4620/4948 2848/4250/4948 2576/4309/4948
f 3062/4150/4949 3209/5132/4949 2373/4140/4949
f 2480/4077/4950 2425/4570/4950 2300/4078/4950
f 2460/4222/4951 3214/4224/4951 2969/5133/4951
f 2597/4574/4952 2836/5134/4952 2735/4575/4952
f 3177/4337/4953 2999/4339/4953 2556/5135/4953
f 2838/5136/4954 2319/4617/4955 2260/4355/4956
f 2627/5093/4957 2297/5137/4957 3003/4411/4957
f 2297/5138/4958 3097/5139/4958 2766/4858/4958
f 2300/4078/4959 2425/4570/4959 2739/4963/4959
f 2342/4440/4960 2543/4879/4960 3294/4441/4960
f 2563/5140/4961 2954/5141/4961 2858/5142/4961
f 2670/4280/4962 2555/4279/4962 2320/4341/4962
f 3280/5143/4963 2489/5144/4963 2653/5145/4963
f 2330/5146/4964 2704/5147/4964 3053/4859/4964
f 2382/4147/4965 3162/4149/4965 3161/5148/4965
f 2908/4666/4966 2663/4668/4966 3055/5149/4966
f 3199/5150/4967 2983/5092/4967 2822/5151/4967
f 2762/5152/4968 3281/5153/4968 3131/5154/4968
f 2522/4677/4969 3238/4628/4969 2744/5050/4969
f 2813/5155/4970 2512/4814/4970 2558/4813/4970
f 2615/4865/4971 2784/5156/4971 2785/4866/4971
f 2656/4534/4972 3166/4533/4972 2705/4495/4972
f 3278/4953/4973 2733/4528/4973 3066/5157/4973
f 2488/5158/4974 2796/5159/4974 3340/4249/4974
f 3396/5160/4975 2519/5161/4975 3076/4885/4975 3426/5162/4975
f 2907/4661/4976 3105/5163/4976 3328/4886/4976
f 2751/5164/4977 2975/5165/4977 2695/5166/4977
f 3165/4496/4978 3044/5167/4978 2654/4632/4978
f 2655/5034/4979 3062/4150/4979 2496/4116/4979
f 3416/5114/4980 3376/5030/4980 2662/4882/4980 2401/5168/4980
f 3384/4447/4981 3413/4191/4981 2911/4190/4981
f 2545/4688/4982 2711/4689/4982 2917/5169/4982
f 2778/5170/4983 3001/5171/4983 2607/5172/4983
f 3472/5173/4984 3474/5174/4984 3289/4428/4984
f 3476/4204/4985 3291/5175/4985 3477/5176/4985
f 2551/4216/4986 2781/4073/4986 3110/4076/4986
f 2542/4512/4987 2764/4674/4987 3294/4441/4987
f 3294/4441/4988 2543/4879/4988 2542/4512/4988
f 2370/4028/4989 2747/4844/4989 3402/5177/4989 3409/4029/4989
f 2784/5156/4990 2774/5178/4990 2431/4555/4990
f 2590/5179/4991 3001/5171/4991 2738/4670/4991
f 2402/4356/4992 3331/5180/4992 2267/4284/4992
f 2644/4438/4993 2869/5111/4993 2492/4312/4993
f 2261/4062/4292 2530/4421/4994 2286/4063/4293
f 3120/5181/4995 2372/5182/4995 3121/5183/4995
f 3305/5184/4996 3222/5185/4996 3297/4060/4996
f 2816/4548/4997 2741/4547/4997 3223/4684/4997
f 2380/4104/4998 2554/4917/4998 2381/4773/4998
f 3045/4042/4999 3185/4747/4999 2572/4848/4999
f 3045/4042/5000 2572/4848/5000 2326/4040/5000
f 2574/4539/5001 3094/4091/5001 2901/4090/5001
f 2389/5186/5002 2731/4873/5002 2390/4671/5002
f 2475/4884/5003 2334/4188/5004 3059/4187/5005
f 3248/5187/5006 2681/5188/5006 2900/5189/5006
f 2508/5190/5007 2899/5191/5007 2507/5056/5007
f 3255/4880/5008 2501/4263/5008 2931/4557/5008
f 2923/5192/5009 2985/4218/5009 2509/4909/5009
f 3301/5193/5010 2581/5194/5010 2972/5195/5010
f 2552/4215/5011 3250/4214/5011 2413/5196/5011
f 2584/4298/5012 2399/4300/5012 2938/4426/5012
f 2526/5197/5013 2900/5198/5013 3147/4853/5013
f 2987/5199/5014 3099/4056/5014 2657/4055/5014
f 2580/5200/5015 3301/5201/5015 2748/5202/5015
f 2776/4444/5016 2829/4984/5016 2408/5203/5016
f 2718/5204/5017 2717/5205/5017 2363/4110/5017
f 2345/5206/5018 3065/5207/5018 3112/5208/5018
f 2409/4603/5019 2979/5209/5019 2655/5034/5019
f 2691/5210/5020 2440/4034/5020 2976/5211/5020
f 2516/4655/5021 2826/4530/5022 2469/5212/5023
f 3304/5213/5024 2917/5169/5024 2711/4689/5024
f 2507/5056/5025 2899/5191/5025 2308/5214/5025
f 3170/4059/5026 3305/5184/5026 3297/4060/5026
f 2455/4178/5027 2456/4611/4545 2871/4560/4544
f 3033/5215/5028 2616/5216/5028 3032/5217/5028
f 3341/4526/5029 2736/4541/5029 2376/5218/5029
f 3458/5219/5030 3388/5123/5030 3307/5220/5030
f 3446/5221/5031 3447/5222/5032 3310/4891/5033
f 2825/4529/5034 2618/4531/5034 3144/4864/5034
f 2537/4311/4397 2833/5083/5035 2492/4312/4398
f 2273/4219/4358 2985/4218/4357 2896/4916/5036
f 3036/4097/5037 2607/5172/5037 3138/5223/5037
f 2449/4163/5038 3302/5224/5038 2450/4164/5038
f 2478/4797/4665 3232/5225/5039 3148/4798/4666
f 2310/4406/5040 3178/4618/5040 2637/5120/5040
f 3318/4083/5041 3305/5184/5041 2318/4084/5041
f 2503/4362/5042 3183/4108/5043 2502/4363/5044
f 2503/4362/5042 2835/4106/5045 3183/4108/5043
f 2736/5226/5046 3189/5227/5046 3226/5052/5046
f 3124/5228/5047 2355/4098/4521 3060/4327/5048
f 2792/4895/5049 2750/4087/5049 2791/4086/5049
f 3195/4700/5050 3140/4780/5050 2453/4552/5050
f 2647/4324/5051 3304/5229/5051 2711/4325/5051
f 3342/5230/5052 2577/4630/5052 2678/5231/5052
f 3068/5232/5053 2286/4063/5053 2467/4231/5053
f 2943/5233/5054 2410/4329/5054 2292/4328/5054
f 2774/5178/5055 2775/5234/5055 2431/4555/5055
f 3334/4118/5056 2577/5235/5056 3313/5236/5056
f 3291/5175/5057 3313/5236/5057 3342/5237/5057
f 3291/5175/5058 3334/4118/5058 3313/5236/5058
f 2280/4789/5059 3334/5238/5059 3291/4958/5059
f 2979/4825/5060 2409/5239/5060 2755/4824/5060
f 3431/4775/5061 2783/4774/5061 3502/5240/5061 3519/5241/5061
f 3056/4860/5062 3328/4886/5062 2906/4255/5062
f 3047/5242/5063 2629/4269/5063 3096/4170/5063
f 3222/4861/5064 2600/5243/5064 3141/4389/5064
f 2912/4686/5065 2911/4190/5065 3087/4690/5065
f 2655/5034/5066 2656/4534/5066 2705/4495/5066
f 3443/4245/5067 2467/4231/5067 3444/4246/5067
f 2375/5244/5068 2613/4145/5068 3070/5245/5068
f 3104/4731/5069 2668/4071/5069 3114/4052/5069
f 3270/5246/5070 2348/5247/5070 2675/5248/5070
f 2411/4719/5071 3039/4340/5071 3038/4342/5071
f 2475/4884/5072 2670/4280/5072 2671/5249/5072
f 2570/4535/5073 3448/5250/5073 3439/5251/5073 3049/4536/5073
f 2879/5252/5074 2293/5253/5075 2349/5254/5076
f 2338/5255/5077 3171/5256/5077 2272/5257/5077
f 2443/4466/5078 3268/4995/5078 2264/4728/5078
f 2343/5002/5079 2910/5258/5079 2570/4535/5079
f 3247/4082/5080 2865/4081/5080 2866/5259/5080
f 2344/4563/5081 2846/4561/5081 2630/4283/5081
f 2719/4942/5082 2720/5260/5082 2997/4943/5082
f 2393/4920/5083 2307/4058/5083 2948/5261/5083
f 2571/4726/5084 2393/5262/5084 2948/5263/5084
f 3391/5264/5085 3289/4428/5086 2327/5265/5086 3381/5266/5085
f 2265/5009/5087 2284/5267/5087 2801/5268/5087
f 2913/4659/5088 3192/4380/5088 3479/5269/5088 3483/5270/5088
f 3183/4108/5089 2599/4107/5089 2302/5067/5089
f 2828/4051/5090 3081/4050/5090 2331/4498/5090
f 3395/5271/5091 3486/5272/5091 3277/5273/5091
f 3082/5091/5092 2561/4829/5092 2983/5092/5092
f 2797/5274/5093 2576/4309/5093 2848/4250/5093
f 2307/4058/5094 3297/4060/5094 2885/5275/5094
f 2897/4647/5095 3015/4819/5095 2882/4821/5095
f 2947/5008/5096 2628/4268/5096 2629/4269/5096
f 3263/4881/5097 2314/4883/5097 3249/5276/5097
f 2594/4754/5098 2959/4460/5098 2351/5277/5098
f 2842/5278/5099 2682/5279/5099 2681/5188/5099
f 2859/4308/5100 2534/4310/5100 3002/5280/5100
f 3478/4242/5101 2932/4241/5101 3481/4741/5101
f 2744/5050/5102 2743/4292/5102 2522/4677/5102
f 2354/4467/5103 2389/5186/5103 3080/5281/5103
f 3228/5282/5104 2621/5283/5104 2464/5284/5104
f 2468/4233/5105 2876/5285/5105 2329/4477/5105
f 3365/5286/5106 3366/4334/5106 3319/5287/5106
f 3415/5288/5107 3365/5286/5107 3319/5287/5107
f 3182/4278/5108 3094/4091/5108 2573/4899/5108
f 3377/5289/5109 3386/5290/5109 2531/5291/5110
f 2265/5009/5111 2991/5292/5111 2363/5293/5111
f 2382/4147/5112 3161/5148/5112 2945/5294/5112
f 2934/5003/5113 2634/4369/5113 2436/4368/5113
f 3122/5295/5114 2773/4612/5114 2831/4614/5114
f 3122/5296/5115 2665/4470/5115 2773/4566/5115
f 2875/5081/5116 2628/4268/5117 2405/4394/5118
f 2377/4144/5119 2587/4143/5119 2378/4146/5119
f 2664/4469/5120 2708/5297/5120 3045/4042/5120
f 2362/5298/5121 2364/4485/5121 2694/4769/5121
f 2686/4420/5122 2684/5299/5122 2683/4723/5122
f 2990/5011/5123 2493/4378/5124 2432/4315/5125
f 3013/4212/5126 2481/4152/5126 2873/4079/5126
f 2311/4770/5127 3329/5016/5127 2765/5015/5127
f 3364/5300/5128 2926/5301/5128 2595/4461/5128 3448/5250/5128
f 2725/5302/5129 3019/5303/5129 2462/5304/5129
f 3436/5305/5130 2662/4882/5130 3407/5029/5130
f 3358/5306/5131 2973/4768/5131 3394/5307/5131
f 2894/5308/5132 2902/4944/5132 2893/4642/5132
f 3277/5273/5133 3486/5272/5133 3440/5309/5133 3173/5310/5133
f 2624/5311/5134 2714/5312/5134 3122/5295/5134
f 2624/4518/5135 2780/4975/5135 3018/4414/5135
f 3161/4635/5136 2652/5313/5136 2890/4636/5136
f 2391/5045/5137 2318/4084/5137 3170/4059/5137
f 2628/4268/5138 2471/5080/5138 3024/4025/5138
f 3125/4316/5139 2532/4760/5139 2962/4137/5139
f 2324/4799/5140 3148/4798/5140 3014/4089/5140
f 2582/4463/5141 3359/4776/5141 3360/5314/5141
f 3296/5315/5142 2852/5316/5142 3468/5317/5142 3356/5318/5142
f 3180/4395/5143 2499/5319/5143 3181/4393/5143
f 3194/4711/5144 2386/5320/5144 3240/4709/5144
f 3241/5074/5145 3240/5073/5145 2386/5321/5145
f 2349/4455/5146 2276/5322/5146 3213/4456/5146
f 2419/4102/5147 3186/4101/5148 2718/5323/5149
f 2275/5324/5150 2497/5325/5150 2410/5326/5150
f 3100/4878/5151 2415/5327/5151 2746/4391/5151
f 2800/4103/5152 2317/5032/5153 3221/4918/5154
f 3024/4025/5155 3082/5091/5155 2845/4258/5155
f 2837/4490/5156 2565/4229/5156 3321/4228/5156
f 2353/4120/5157 2352/4119/5157 3322/5328/5157
f 2771/4064/5158 3296/5315/5158 3383/5329/5158 3424/5330/5158
f 3113/5331/5159 2459/5332/5159 2367/5333/5159
f 2462/5334/5160 2383/4148/5160 2936/5335/5160
f 2379/4431/5161 3246/5336/5161 3119/4432/5161
f 2755/4824/5162 2498/4817/5162 2978/4046/5162
f 3037/4506/5163 2757/4925/5164 2497/5325/5165
f 3018/4414/5166 2535/4416/5166 3019/4822/5166
f 2439/5337/5167 3274/5338/5167 2685/5339/5167
f 2270/4373/5168 2376/5218/5168 3029/4371/5168
f 3377/5289/5109 2553/4750/5169 3386/5290/5109
f 2945/5294/5170 2892/5340/5170 2382/4147/5170
f 2775/5234/5171 2593/5102/5171 2592/5341/5171
f 2733/4528/5172 2473/4537/5172 3233/4068/5172
f 2445/4267/5173 2444/4247/5173 3444/4246/5173 3464/4264/5173
f 2562/5342/5174 2540/5343/5175 2539/5344/5176
f 3358/5306/5177 3394/5307/5177 3010/5345/5177
f 3097/5139/5178 2853/4314/5178 2766/4858/5178
f 3398/4265/5179 2827/4478/5179 3433/5346/5179
f 2875/5081/5116 2405/4394/5118 2817/5125/5180
f 2527/5347/5181 2681/5188/5181 3172/5348/5181
f 2750/4087/5182 2751/4303/5182 3261/4221/5182
f 2299/5063/5183 2849/4151/5183 3243/5064/5183
f 2452/5349/5184 2968/4749/5184 2659/5350/5184
f 2766/4858/4719 2446/4857/4718 2272/5257/5185
f 3169/5121/5186 2592/5341/5186 3408/5351/5186 3427/5352/5186
f 2465/5025/5187 3259/5353/5187 2458/5354/5187
f 2591/5355/5188 2684/5299/5188 2686/4420/5188
f 2274/4220/5189 2509/4909/5189 2985/4218/5189
f 3007/4809/5190 2740/4525/5190 2368/5356/5190
f 2485/5357/5191 2898/4803/4670 2486/4805/4672
f 2675/5248/5192 3101/4344/5192 3041/5358/5192
f 2758/5359/5193 2427/5038/5193 2329/4477/5193
f 2329/4477/5194 2876/5285/5194 2878/5360/5194
f 2463/4230/5195 2565/4229/5195 3175/4980/5195
f 2438/5361/5196 3271/5362/5196 3429/5363/5196 3349/5364/5196
f 3478/4242/5197 3481/4741/5197 2957/5365/5197
f 2593/5102/5198 2754/4841/5199 3000/4390/5200
f 3235/5366/5201 2321/5367/5201 2634/4369/5201
f 2938/5368/5202 3220/5053/5202 2549/5031/5202
f 2591/5355/5203 2685/5369/5203 3274/5370/5203
f 2298/4877/5204 3244/5371/5204 3100/4878/5204
f 2547/5372/5205 2881/5373/5205 3051/5374/5205
f 2290/5375/5206 2934/5003/5206 2436/4368/5206
f 3113/5376/5207 2620/4585/5207 3258/4587/5207
f 3387/5377/5208 2277/5378/5208 2519/5161/5208 3396/5160/5208
f 2635/4564/5209 3119/4432/5209 3246/5336/5209
f 2429/5018/5210 2605/4693/5210 2604/4695/5210
f 2894/5308/5211 2893/4642/5211 2988/4641/5211
f 3251/4794/5212 2431/4555/5212 3169/5121/5212
f 3286/4660/5213 3105/5163/5213 2907/4661/5213
f 2267/4284/5214 3331/5180/5214 3022/5379/5214
f 2471/5080/5215 2919/4553/5215 3024/4025/5215
f 2989/5380/5216 2339/5381/5216 2477/5382/5216
f 2859/4308/5217 2575/4620/5217 2576/4309/5217
f 2980/4066/5218 3098/4065/5218 3225/5069/5218
f 3356/5318/5219 3383/5329/5219 3296/5315/5219
f 3160/5098/5220 2567/4350/5220 2896/4916/5220
f 2795/5383/5221 2276/5322/5222 2472/5384/5223
f 2756/4171/5224 2958/4277/5224 2622/4407/5224
f 2888/5385/5225 2795/5383/5221 2472/5384/5223
f 3475/4175/5226 3173/4174/5226 3440/5386/5226
f 2265/5009/5227 2801/5268/5227 3117/5010/5227
f 3269/4491/5228 2838/5136/4954 2571/4726/5229
f 2583/5387/5230 2894/5308/5230 2988/4641/5230
f 2894/5388/5231 2583/5389/5231 2483/4710/5231
f 2701/4492/5232 2326/4040/5232 2572/4848/5232
f 2789/4954/4788 3133/4713/5233 3326/4714/4789
f 2809/4682/5234 2807/4988/5234 2458/4758/5234
f 3318/4083/5235 2600/5390/5235 3305/5184/5235
f 3453/5391/5236 3484/5392/5236 2651/5393/5236
f 3235/5366/5237 2634/4369/5237 3049/4536/5237
f 3006/4166/5238 3287/4576/5238 2689/4167/5238
f 2967/5394/5239 2514/5395/5239 2512/5396/5239
f 2935/4721/5240 3309/4969/5240 2862/5397/5240
f 2811/5398/5241 2812/4352/5241 3127/5399/5241
f 2556/5135/5242 2998/5400/5243 2388/4807/5244
f 2998/5400/5243 2350/5401/5245 2388/4807/5244
f 3035/4887/5246 2419/4102/5246 2585/4384/5246
f 2801/4288/5247 2284/5402/5247 2723/4286/5247
f 2613/4145/5248 2375/5244/5248 2377/4144/5248
f 2800/4103/5249 3234/4105/5249 2258/4625/5249
f 3358/5306/5250 3010/5345/5250 3374/5403/5250
f 2266/4837/5251 3010/5345/5251 3179/4987/5251
f 3322/4955/5252 3284/4957/5252 2707/4500/5252
f 3284/4957/5253 3159/4499/5253 2707/4500/5253
f 2331/4498/5254 2918/4388/5254 2828/4051/5254
f 2612/4583/5255 2611/5404/5255 2993/4584/5255
f 2365/4486/5256 3025/4109/5256 2566/4487/5256
f 2831/5405/5257 2830/5060/5257 2779/5406/5257
f 3115/4259/5258 3003/4411/5258 2674/4745/5258
f 3054/4904/5259 3354/4911/5259 3405/5407/5259
f 3190/5408/5260 2619/4704/5260 2435/4207/5260
f 3129/4633/5261 3023/4939/5261 2578/5409/5261
f 3209/5132/5262 3129/4633/5262 2578/5409/5262
f 2910/5258/5263 2343/5002/5264 3404/5410/5265 3470/5411/5263
f 2343/5002/5266 2570/4535/5266 2934/5003/5266
f 2411/4719/5267 3038/4342/5267 3083/5412/5267
f 3257/5413/5268 2942/5414/5268 2407/5115/5268
f 3026/5126/5269 3069/5415/5269 2839/5127/5269
f 2306/4729/5270 2745/4607/5270 3279/4941/5270
f 3200/4338/5271 2315/4897/5272 2999/4339/5273
f 2904/5012/5274 2432/4315/5274 3097/5139/5274
f 2397/5041/5275 3127/5399/5276 2760/5416/5277
f 2793/5417/5278 3171/5256/5278 2338/5255/5278
f 3243/5064/5279 2849/4151/5280 3300/4153/5281
f 3472/5173/5282 3391/5264/5282 3235/5366/5282
f 2532/4760/5283 2371/4759/5284 2961/4836/5285
f 3103/4732/5286 3114/4052/5286 2279/4580/5286
f 3085/4048/5287 3146/4646/5287 2656/5418/5287
f 3357/5419/5288 3460/5420/5288 3204/5421/5288
f 3461/4160/5289 2969/5133/5289 3204/5421/5289 3460/5420/5289
f 3389/5422/5290 3090/4983/5290 3352/5095/5290
f 3398/4265/5291 3433/5346/5291 2786/4266/5291
f 3124/5228/5292 2924/5423/5292 2554/4917/5292
f 2982/4985/5293 2616/4772/5293 3495/5424/5293 3508/5425/5293
f 3270/5246/5294 3232/5225/5294 3089/4579/5294
f 2732/4687/5295 3116/4367/5295 2336/4366/5295
f 3400/5426/5296 3371/5427/5296 2511/5128/5296
f 2840/5066/4882 2404/4172/5297 2310/4406/4883
f 2404/4172/5298 2622/4407/5298 2310/4406/5298
f 2854/5428/5299 2856/5429/5299 2954/5430/5299
f 2904/5012/5300 2990/5011/5300 2432/4315/5300
f 2970/5431/5301 2723/5432/5302 3308/5433/5303
f 3040/5434/5304 2474/5435/5304 3272/5436/5304
f 3188/4135/5305 3198/4134/5305 2690/4818/5305
f 3106/4761/5306 2532/4760/5306 3125/4316/5306
f 2407/5115/5307 3318/4083/5307 2693/4085/5307
f 3114/4052/5308 2993/4584/5308 2996/4053/5308
f 2333/5057/5309 2608/5036/5309 2607/5035/5309
f 2922/4217/5310 3149/4080/5310 2448/5437/5310
f 2350/5401/5311 2929/4806/5311 2388/4807/5311
f 3424/5330/5312 2799/4596/5312 3423/4595/5312
f 3311/4270/5313 3222/4861/5313 2704/5147/5313
f 3197/4402/5314 2422/4452/5314 3174/4403/5314
f 2789/4954/5315 2790/4715/5315 3133/4713/5315
f 2306/4729/5316 2285/4994/5317 2745/4607/5318
f 2552/4215/5319 2909/4707/5319 3452/4706/5319 3434/5438/5319
f 2916/4035/5320 2691/5210/5320 2439/4419/5320
f 3062/4150/5321 2883/4494/5321 3129/4633/5321
f 3194/5439/5322 2940/4117/5322 3008/4248/5322
f 2426/4193/5323 2568/4192/5323 2925/5440/5323
f 2561/4829/5324 2822/5151/5324 2983/5092/5324
f 2918/4388/5325 2601/4387/5325 3327/4610/5325
f 2669/4767/5326 3262/5441/5326 3011/5442/5326
f 2858/5443/5327 2453/4552/5327 2563/5444/5327
f 2339/5381/5328 2645/5445/5328 3191/4437/5328
f 3071/5020/5329 2739/4963/5329 2425/4570/5329
f 3073/4093/4306 2972/5446/5330 2358/4026/4307
f 2676/4067/5331 2677/5447/5331 3233/4068/5331
f 2340/4785/5332 2869/5111/5332 2644/4438/5332
f 2944/4161/5333 2438/5448/5333 3349/5449/5333 3373/5450/5333
f 3475/4175/5334 3440/5386/5334 3215/5451/5334
f 3202/4450/5335 2648/5452/5335 2803/5453/5335
f 3373/5450/5336 3410/4162/5336 2944/4161/5336
f 3053/4859/5337 2704/5147/5337 3141/4389/5337
f 2728/5454/5338 3245/5455/5338 2722/4524/5338
f 2717/5456/5339 3186/4101/5339 3135/5457/5339
f 3070/5245/5340 2613/4145/5340 2434/5458/5340
f 3063/4158/5341 3184/4950/5341 3071/5020/5341
f 3102/4360/5342 2919/4553/5342 2739/4963/5342
f 3221/4918/5343 2550/5007/5343 3123/4571/5343
f 3048/5459/5344 2721/4523/5344 3332/4522/5344
f 2721/4523/5345 2936/5460/5345 2728/5454/5345
f 2838/5136/4954 3269/4491/5228 2319/4617/4955
f 2892/4637/5346 2945/5461/5346 3161/4635/5346
f 3123/4571/5347 2864/4099/5347 2355/4098/5347
f 2748/5462/5348 3072/5113/5348 2641/5463/5348
f 2657/4055/5349 3093/4903/5349 2987/5199/5349
f 2295/5464/5350 2882/4821/5350 2420/4820/5350
f 2630/4283/5351 2387/5019/5351 2768/4562/5351
f 2340/4785/5352 3282/5465/5352 2824/4786/5352
f 3270/5246/5353 2675/5248/5353 3232/5225/5353
f 3282/5465/5354 2484/4926/5354 2823/5466/5354
f 2484/4926/4771 3282/5465/5355 2485/4927/4772
f 2277/5378/5356 2420/4820/5356 2519/5161/5356
f 2410/4329/5357 2759/4718/5357 2974/4608/5357
f 2755/4824/5358 3286/4660/5358 2498/4817/5358
f 2632/4180/5359 3302/5467/5359 2449/4181/5359
f 2958/4277/5360 2303/4912/5360 2844/4405/5360
f 2779/5468/5361 3316/5469/5361 2780/5470/5361
f 3361/4443/5362 3412/4605/5362 2776/4444/5362
f 3120/5471/5363 3121/5472/5363 3338/4989/5363
f 3461/4160/5364 3460/5420/5364 3147/5473/5364 2944/4161/5364
f 2778/5170/5365 3080/5281/5365 2738/4670/5365
f 2332/5082/5366 3138/5037/5366 2608/5036/5366
f 2400/4559/5367 2302/5067/5367 2589/5474/5367
f 2273/4219/5368 2896/4916/5368 3108/4915/5368
f 2308/5214/5369 2761/4115/5369 2442/4870/5369
f 2303/4912/5370 2273/4219/5370 3178/4618/5370
f 3218/5475/5371 3219/4290/5371 2524/4289/5371
f 2687/4698/5372 2858/5443/5372 2874/5476/5372
f 2997/4943/5373 2720/5260/5373 3231/5477/5373
f 2492/4312/5374 2869/5111/5374 2870/4313/5374
f 3051/5478/5375 2762/5152/5375 3131/5154/5375
f 2984/4905/5376 2846/4907/5376 2344/5096/5376
f 2314/4433/5377 3119/4432/5377 3249/5479/5377
f 2427/5038/5378 2827/4478/5378 2329/4477/5378
f 3159/4499/5379 3205/4497/5379 3081/4050/5379
f 2578/5409/5380 2756/4171/5380 2617/5480/5380
f 2652/5481/5381 2653/5145/5381 2489/5144/5381
f 2897/4647/5382 2294/4047/5383 3015/4819/5384
f 3415/5288/5385 3430/5482/5385 3271/5362/5385 3264/4335/5385
f 3162/4149/5386 3091/5483/5386 3314/5484/5386
f 3330/5055/5387 2508/5190/5387 2507/5056/5387
f 2861/5485/5388 2862/5397/5388 3219/4290/5388
f 2915/4476/5389 3237/4475/5389 2818/4550/5389
f 2593/5102/5390 3414/5101/5390 3343/5486/5390 2592/5341/5390
f 3365/5286/5391 3264/4335/5391 3366/4334/5391
f 3120/5487/5392 3338/5488/5392 2772/5059/5392
f 2763/4675/5393 2880/4855/5393 2712/5489/5393
f 3214/5490/5394 3323/5491/5394 2763/4675/5394
f 3396/5160/5395 3426/5162/5395 3037/4506/5395 2497/5325/5395
f 2896/4916/5396 2344/5096/5396 3160/5098/5396
f 2547/4833/5397 3031/4182/5397 2647/4318/5397
f 2603/4359/5398 2359/4964/5398 3102/4360/5398
f 2355/4098/4521 3124/5228/5047 2283/4572/4522
f 2360/4932/5399 3127/4934/5399 2396/5492/5399
f 2444/4247/5400 3028/5094/5400 3375/5493/5400 3393/5099/5400
f 2654/4632/5401 3044/5167/5401 2304/4938/5401
f 3020/4357/5402 3299/4154/5402 3288/4696/5402
f 2784/5156/5403 2431/4555/4507 2454/4554/4506
f 2492/4312/5404 2833/5083/5404 2623/4827/5404
f 3030/4831/5405 3029/4371/5405 2376/5218/5405
f 2504/4902/5406 2702/4973/5406 2701/4492/5406
f 3025/4109/5407 2992/4111/5407 2579/5494/5407
f 2416/4129/5408 2579/4128/5408 2580/5200/5408
f 2287/4725/5409 3269/4491/5409 2571/4726/5409
f 2566/4487/5410 3025/4109/5410 2579/5494/5410
f 2258/4625/5411 2938/5368/5411 2549/5031/5411
f 2778/5170/5412 2607/5172/5412 3036/4097/5412
f 3224/5495/5413 2619/4704/5413 3190/5408/5413
f 2606/4830/5414 3009/4372/5414 3029/4371/5414
f 3209/5132/5415 2617/5480/5415 2373/4140/5415
f 3209/5132/5416 2578/5409/5416 2617/5480/5416
f 2842/5496/5417 2681/4791/5417 2612/4790/5417
f 2830/5060/5418 2429/5018/5418 2779/5406/5418
f 2286/4063/5419 3068/5232/5419 2486/4061/5419
f 2657/4055/5420 2476/4057/5420 3339/5497/5420
f 3233/4068/5421 2886/4951/5421 3066/5157/5421
f 2644/4438/5422 3191/4437/5422 2645/5445/5422
f 2730/4923/5423 3118/5498/5423 2761/4115/5423
f 2885/5275/5424 3337/5499/5424 2508/5500/5424
f 3121/4141/4328 2373/4140/4327 3009/4372/5425
f 2762/4511/5426 2880/4855/5426 2763/4675/5426
f 2880/4855/5427 2762/4511/5427 3051/4856/5427
f 3149/4080/5428 2795/5383/5428 2888/5385/5428
f 2469/5212/5429 2826/4530/5429 2825/4529/5429
f 2305/4399/5430 3151/4401/5430 3298/5501/5430
f 3099/4056/4676 2736/4541/5431 3341/4526/4677
f 2598/4929/5432 2835/4106/5432 2503/4362/5432
f 2524/4289/5433 3324/4262/5433 3079/4261/5433
f 3138/5037/5434 2332/5082/5434 2450/4164/5434
f 3017/4872/5435 2638/4295/5435 3016/5502/5435
f 3175/5503/5436 2287/5504/5437 2361/5505/5438
f 2361/5505/5438 2287/5504/5437 3176/5506/5439
f 3190/5408/5440 2434/4206/5440 3226/5052/5440
f 2434/4206/5441 3190/5408/5441 2435/4207/5441
f 2260/4355/5442 2964/4424/5442 2402/4356/5442
f 2752/5507/5443 2397/5508/5443 2540/5509/5443
f 2362/4386/5444 3035/4887/5444 2585/4384/5444
f 2437/4209/5445 3242/5510/5445 2619/5511/5445
f 3223/4684/5446 2310/4406/5446 2637/5120/5446
f 2318/4084/5447 3305/5184/5447 3170/4059/5447
f 2366/5512/5448 3113/5376/5448 2367/4036/5448
f 3019/5303/5449 2725/5302/5449 3325/5513/5449
f 3165/4496/5450 3166/4533/5450 3312/5514/5450
f 2499/5319/5451 3040/5515/5451 3272/5516/5451
f 3307/5220/5452 2347/4801/5452 2486/4061/5452
f 3340/4249/5453 2487/4251/5453 3091/5517/5453
f 2490/4778/5454 3315/4622/5454 2986/5518/5454
f 2801/4288/5455 2302/5067/5456 2400/4559/5457
f 2451/5022/5458 2562/5342/5458 3491/5519/5458 3187/5023/5458
f 2924/5423/5459 2633/4326/5459 3283/4573/5459
f 3137/4100/5460 3135/5457/5460 3186/4101/5460
f 2507/5056/5461 2442/4870/5461 2309/4869/5461
f 2776/4444/5462 3412/4605/5462 3425/5520/5462 2829/4984/5462
f 2757/4925/5164 3276/5077/5463 3087/4690/5464
f 2321/5367/5465 2531/5521/5465 2943/4370/5465
f 3246/5336/5466 2494/4743/5466 2263/5522/5466
f 2506/4131/5467 2505/4272/5467 3309/4969/5467
f 2623/4827/5468 2760/5416/5468 3043/4826/5468
f 2999/4339/5469 2998/5400/5469 2556/5135/5469
f 3283/4573/5470 2480/4077/5470 2481/4152/5470
f 2931/4557/5471 2696/4488/5471 3131/5523/5471
f 2708/5524/5472 2664/5525/5472 3286/5526/5472
f 3109/5527/5473 2675/5248/5473 3041/5358/5473
f 3307/5220/5474 3211/5528/5474 2447/5529/5474
f 3476/4204/5475 3477/5176/5475 3236/4201/5475
f 2574/4539/5476 3277/4643/5476 3173/4540/5476
f 3307/5220/5477 2486/4061/5477 3068/5232/5477
f 3193/5000/5478 2386/5078/5478 3008/5001/5478
f 2435/4207/5479 3216/4701/5479 3070/4205/5479
f 2439/5337/5480 2691/5530/5480 3274/5338/5480
f 2757/5531/5481 2759/4718/5481 2410/4329/5481
f 2431/4555/5482 2775/5234/5482 2592/5341/5482
f 3014/4089/5483 2325/5532/5483 2901/4090/5483
f 2535/4416/5484 2536/4415/5484 2796/4591/5484
f 2796/5159/5485 2462/5304/5485 2535/5533/5485
f 2337/4556/5486 2456/4611/5486 2454/4554/5486
f 2587/4143/5487 2604/4695/5487 3064/5534/5487
f 2378/4146/5488 2587/4143/5488 3064/5534/5488
f 2525/5535/5489 3156/4183/5489 2697/4273/5489
f 2755/4824/5490 3105/5163/5490 3286/4660/5490
f 2631/5536/5491 2758/5537/5491 2878/5119/5491
f 3075/4354/5492 2657/4055/5492 3339/5497/5492
f 2837/4490/5493 3095/4735/5493 2564/4986/5493
f 2998/5400/5494 3088/5538/5494 2350/5401/5494
f 2868/4168/5495 2843/4330/5495 2974/4608/5495
f 2755/4824/5496 3079/4261/5496 3328/4886/5496
f 2803/5539/5497 2447/5529/5497 2804/5109/5497
f 2756/4171/5498 2622/4407/5498 2404/4172/5498
f 2398/4627/5499 2263/5522/5499 3285/5540/5499
f 2916/4035/5500 2440/4034/5500 2691/5210/5500
f 2598/4929/5501 2834/4930/5501 2835/4106/5501
f 3072/5541/5502 2748/5202/5502 3301/5201/5502
f 2898/5542/5503 2368/5356/5503 2261/5543/5503
f 2851/4434/5504 2850/5544/5505 2730/4210/5506
f 2847/4208/5507 2730/4210/5506 2850/5544/5505
f 3001/5171/5508 2590/5179/5508 2469/5545/5508
f 2291/4169/5509 2411/4719/5509 3083/5412/5509
f 2838/5136/5510 2392/5546/5510 2571/4726/5510
f 2920/4538/5511 2573/4899/5511 2574/4539/5511
f 2841/5124/5512 3012/4795/5512 2742/4676/5512
f 3164/4185/5513 2280/4789/5513 3034/4113/5513
f 2271/4347/5514 2951/4346/5514 2482/5028/5514
f 2406/4343/5515 3041/5358/5515 3101/4344/5515
f 2272/5257/5516 2312/4136/5516 2338/5255/5516
f 2802/4044/5517 2589/5474/5517 2302/5067/5517
f 3232/5225/5039 3109/5527/5518 3148/4798/4666
f 2296/4043/5519 2269/4348/5519 2271/4347/5519
f 2948/5261/5520 2307/4058/5520 2885/5275/5520
f 3033/5547/5521 2396/5492/5521 2752/5548/5521
f 3166/5549/5522 3146/4646/5522 2753/4645/5522
f 2514/5395/5523 2695/5550/5523 2975/5551/5523
f 2832/5552/5524 3112/5208/5524 2879/5553/5524
f 2878/5360/5525 2876/5285/5525 2877/4422/5525
f 2636/4232/5526 2877/4422/5526 2876/5285/5526
f 3196/4699/5527 2369/4781/5527 3195/4700/5527
f 2488/5158/5528 3091/5517/5528 3162/5554/5528
f 2821/5555/5529 3431/4775/5529 3519/5241/5529 3504/5556/5529
f 3008/5001/5530 2386/5078/5530 3194/5557/5530
f 3472/5173/5531 3289/4428/5531 3391/5264/5531
f 3054/4904/5532 3405/5407/5532 3404/5410/5265 2343/5002/5264
f 2797/5558/5533 2848/5559/5533 3340/5560/5533
f 2832/5561/5534 2879/5252/5074 2349/5254/5076
f 3237/4475/5535 2817/5125/5535 2818/4550/5535
f 2942/5414/5536 2600/5390/5536 3318/4083/5536
f 2983/5092/5537 3199/5150/5537 2297/5137/5537
f 3111/5562/5538 2856/5429/5538 2854/5428/5538
f 3097/5139/5539 2432/4315/5539 2853/4314/5539
f 2698/4908/5540 2689/5563/5540 2690/5564/5540
f 3282/5465/5541 2823/5466/5541 2824/4786/5541
f 3002/5280/5542 2534/4310/5542 2536/4977/5542
f 2640/5112/5543 2749/5565/5543 2641/5463/5543
f 2911/4190/5544 2932/4241/5544 2671/4244/5544
f 3065/5207/5545 2879/5553/5545 3112/5208/5545
f 3000/4390/5546 3295/4392/4917 2593/5102/4919
f 2856/5429/5547 3111/5562/5547 2921/5566/5547
f 2950/5567/5548 2990/5011/5548 2905/5013/5548
f 2660/5105/5549 3299/5568/5549 3170/4059/5549
f 2813/4936/5550 2967/5394/5550 2512/5396/5550
f 2729/5569/5551 2870/4313/5551 3275/5570/5551
f 2268/5104/5552 2463/4230/5552 2360/4932/5552
f 2756/4171/5553 2866/5259/5553 2958/4277/5553
f 2729/5569/5554 3275/5570/5554 2863/5571/5554
f 2367/4036/5555 2459/4940/5555 2440/4034/5555
f 2399/4606/5556 3061/5054/5556 3220/5053/5556
f 3262/5572/5557 2584/5573/5557 3011/5574/5557
f 3060/4327/5558 2633/4326/5558 2924/5423/5558
f 2733/4528/5559 3278/4953/5559 3040/5515/5559
f 3190/5408/5560 3226/5052/5560 3189/5227/5560
f 2985/4218/5561 2923/5192/5561 2984/4905/5561
f 2811/5398/5562 3175/5503/5562 2895/4353/5562
f 2892/5340/5563 2893/5575/5563 2891/4722/5563
f 2902/5576/5564 3245/5577/5564 2728/5578/5564
f 2308/5214/5565 3201/5579/5565 2495/5580/5565
f 3025/4109/5566 2365/4486/5566 2585/5581/5566
f 2261/5543/5567 2529/5047/5567 2530/5046/5567
f 2942/5582/5568 3215/4609/5568 2601/4387/5568
f 2842/5583/5569 2612/5584/5569 2528/5585/5569
f 2469/5212/5570 2607/5035/5570 3001/5586/5570
f 2516/4655/5021 2469/5212/5023 2794/5587/5571
f 3285/5540/5572 2937/5588/5573 2938/5368/5574
f 2687/5589/5575 2960/5590/5575 2688/5591/5575
f 3392/5592/5576 3427/5352/5576 3211/5528/5576
f 2982/4985/5577 2614/5593/5577 2311/4770/5577
f 2538/5084/5578 2562/5342/5578 2623/4827/5578
f 2562/5342/5579 2539/5344/5579 2623/4827/5579
f 2629/4269/5580 3047/5242/5580 2947/5008/5580
f 3118/5498/5581 2442/4870/5581 2761/4115/5581
f 2743/4292/5582 2682/4293/5582 2841/5124/5582
f 2917/5594/5583 3204/5595/5583 2545/5596/5583
f 2306/4729/5316 2264/4728/5584 2285/4994/5317
f 3004/4720/5585 2555/4279/5585 3132/4383/5585
f 2857/5597/5586 2916/5598/5586 2698/5599/5586
f 3445/5600/5587 3372/5601/5587 3260/5039/5587
f 2493/4378/5588 2371/4759/5588 3106/4761/5588
f 3172/4038/5589 2743/4292/5589 3271/4039/5589
f 2527/5347/5590 2900/5189/5590 2681/5188/5590
f 2689/4167/5591 2698/5602/5591 2916/4035/5591
f 2670/4280/5592 2911/5085/5592 2671/5249/5592
f 2991/5292/5593 2265/5009/5593 2972/5446/5593
f 2718/5204/5594 2363/4110/5594 3025/4109/5594
f 2922/4217/5595 2448/5437/5595 3027/4906/5595
f 2583/5387/5596 2988/4641/5596 2890/4636/5596
f 3242/5510/5597 2437/4209/5597 2847/4208/5597
f 2977/4626/5598 3246/5336/5598 2263/5522/5598
f 2323/4808/5599 2836/5134/5599 2834/4930/5599
f 2700/4654/5600 3227/4901/5600 2826/4530/5600
f 2591/5355/5601 3274/5370/5601 2975/5551/5601
f 3310/4891/5033 3447/5222/5032 3480/5603/5602 2650/5604/5602
f 2922/4217/5603 2923/5192/5603 2509/4909/5603
f 2857/4321/5604 2855/4867/5604 2916/4035/5604
f 2956/4439/5605 2702/4973/5605 2342/4440/5605
f 2650/5604/5606 3480/5603/5606 3453/5391/5606 2651/5393/5606
f 3234/4105/5607 2635/4564/5607 3246/5336/5607
f 3319/5287/5608 3294/4441/5608 2764/4674/5608
f 3165/4496/5609 2706/5605/5609 3044/5167/5609
f 3230/4834/4697 2955/4165/4696 2332/5082/5610
f 2352/4119/5611 3134/5606/5611 3322/5328/5611
f 3357/5419/5612 3147/5473/5612 3460/5420/5612
f 2531/5291/5613 3386/5290/5613 3387/5377/5613 2275/5324/5613
f 3115/4259/5614 2627/5093/5614 3003/4411/5614
f 2732/4687/5615 2868/4168/5615 3096/4170/5615
f 2381/4773/5616 2299/5063/5616 3119/4432/5616
f 2445/4267/5617 2323/4808/5617 2834/4930/5617
f 2739/4963/5618 2471/5080/5618 2470/5079/5618
f 3268/4995/5619 2798/5006/5619 3061/5054/5619
f 2303/4912/5620 2274/4220/5620 2273/4219/5620
f 2913/4659/5621 2371/4759/5621 2493/4378/5621
f 3284/4957/5622 3205/4497/5623 3159/4499/5624
f 2505/4272/5625 3205/4497/5623 3284/4957/5622
f 3155/4184/5626 2505/4272/5626 3284/4957/5626
f 2935/4721/5627 2862/5397/5627 3293/5607/5627
f 2304/4938/5628 3044/5167/5628 3213/4456/5628
f 3287/4576/5629 2684/5299/5629 3196/4699/5629
f 3426/5162/5630 3455/4504/5630 3037/4506/5630
f 2959/4460/5631 2452/5608/5631 2659/4430/5631
f 2302/5067/5632 2599/4107/5632 3126/4045/5632
f 2981/5044/5633 2693/4085/5633 2391/5045/5633
f 2964/4424/5634 2564/4986/5634 3266/4734/5634
f 2281/4787/5635 3284/4957/5635 3134/4956/5635
f 3134/4956/5636 2352/4788/5636 2281/4787/5636
f 2361/5505/5637 3093/4903/5637 3075/4354/5637
f 3021/4742/5638 3267/4072/5638 2500/4551/5638
f 2381/4773/5639 2924/5423/5639 2299/5063/5639
f 2989/5380/5640 2485/4927/5641 3282/5465/5642
f 2810/5609/5643 2458/5610/5643 3259/5611/5643
f 2514/5395/5644 2967/5394/5644 2695/5550/5644
f 3436/5305/5645 3407/5029/5645 2693/4085/5645
f 2463/5612/5646 3175/5503/5646 2811/5398/5646
f 2572/4848/5647 2965/4746/5647 2701/4492/5647
f 2668/4071/5648 2521/4846/5648 3114/4052/5648
f 2449/4181/5649 3308/5433/5650 3063/4158/5651
f 3067/4847/5652 3250/4214/5652 2551/4216/5652
f 3320/4489/5653 2525/5535/5653 2697/4273/5653
f 2900/5198/5654 2527/4851/5654 3147/4853/5654
f 2920/4538/5655 3173/4540/5655 3210/5613/5655
f 2968/4749/5656 2420/4820/5656 2277/5378/5656
f 2490/4778/5657 2986/5518/5657 3314/5614/5657
f 3091/4254/5658 2490/4253/5658 3314/5615/5658
f 3112/5616/5659 2832/4454/5659 2706/5605/5659
f 2863/5571/5660 3275/5570/5660 3158/5617/5660
f 3128/4766/5661 2680/5618/5661 3262/5441/5661
f 3219/4290/5662 2862/5397/5662 3058/4291/5662
f 3058/4291/5663 2862/5397/5663 2525/5535/5663
f 2452/5349/5664 2295/5464/5664 2968/4749/5664
f 2809/4682/5665 2458/4758/5665 2810/4358/5665
f 2555/4279/5666 2939/4281/5666 3132/4383/5666
f 2884/5619/5667 2474/5435/5667 3040/5434/5667
f 2814/5620/5668 2813/4936/5668 2806/4681/5668
f 3129/4633/5669 3209/5132/5669 3062/4150/5669
f 2386/5621/5670 2665/5622/5670 2714/5623/5670
f 3234/4105/5671 2977/4626/5671 2258/4625/5671
f 3022/5379/5672 3273/4425/5672 3150/5624/5672
f 3456/4800/5673 3463/4730/5673 3150/5624/5673
f 3036/4097/5674 3302/5467/5675 2632/4180/5676
f 3432/4235/5677 3485/5625/5677 2412/4479/5677
f 2943/4370/5678 2275/5626/5678 2410/5627/5678
f 2865/4081/5679 2958/4277/5679 2866/5259/5679
f 3124/5228/5680 2554/4917/5680 2283/4572/5680
f 2675/5248/5681 2559/5628/5682 3101/4344/5683
f 3436/5305/5684 3435/5629/5684 2949/5630/5685 2662/4882/5685
f 3036/4097/5674 3138/5223/5686 3302/5467/5675
f 3096/4170/5687 2629/4269/5687 3116/4367/5687
f 3113/5376/5688 3258/4587/5688 3057/4757/5688
f 2897/4647/5689 3146/4646/5689 2294/4047/5689
f 3085/4048/5690 2294/4047/5690 3146/4646/5690
f 2769/4888/5691 2512/5396/5691 2514/5395/5691
f 2793/5417/5692 2839/5127/5692 3069/5415/5692
f 3131/5523/5693 3281/4510/5693 2931/4557/5693
f 2488/5158/5694 2462/5304/5694 2796/5159/5694
f 2875/5081/5695 2817/5125/5695 3237/4475/5695
f 3129/4633/5696 2654/4632/5696 3023/4939/5696
f 2975/5551/5697 2513/4889/5697 2514/5395/5697
f 2633/4326/5698 2953/4157/5698 2301/4569/5698
f 2339/5381/5699 3282/5465/5699 2340/4785/5699
f 2946/5631/5700 2291/4169/5700 3083/5412/5700
f 2778/5170/5701 3036/4097/5701 2864/4099/5701
f 3222/4861/5702 3141/4389/5702 2704/5147/5702
f 2672/4779/5703 3253/4211/5703 2324/4799/5703
f 2799/4596/5704 3022/5379/5704 3150/5624/5704
f 2267/4284/5705 3022/5379/5705 2799/4596/5705
f 2269/4348/4415 2867/4374/5706 2951/4346/4413
f 3432/4235/5707 2406/4237/5707 3485/5625/5707
f 2414/5632/5708 3212/5633/5708 2909/4707/5708
f 2767/4199/5709 3335/4843/5710 2430/4200/5711
f 2366/5512/5712 2921/5634/5712 3111/5061/5712
f 3392/5592/5713 3169/5121/5713 3427/5352/5713
f 2582/4463/5714 3360/5314/5714 3344/4464/5714
f 3061/5054/5715 2745/4607/4819 3268/4995/4821
f 2776/4444/5716 2408/5203/5716 2611/4445/5716
f 3011/5574/5717 2584/5573/5717 2938/5368/5717
f 2492/4312/5718 3043/4826/5718 2644/4438/5718
f 2325/5532/5719 2788/5635/5719 2901/4090/5719
f 2790/4715/5720 3015/4819/5720 2421/4716/5720
f 3381/5266/5721 2327/5265/5721 2553/5636/5721 3377/5637/5721
f 3451/5638/5722 3347/5639/5722 3238/4966/5722 2930/4965/5722
f 3450/5640/5723 3451/5638/5723 2930/4965/5723
f 2540/5343/5724 2397/5041/5724 2539/5344/5724
f 3165/4496/5725 3312/5514/5725 2706/5605/5725
f 2521/4846/5726 2668/4071/5726 2667/4070/5726
f 3082/5091/5727 3024/4025/5727 3167/4027/5727
f 2286/4063/5728 2636/4232/5728 2467/4231/5728
f 2548/4588/4726 2518/4590/5729 2520/4863/4727
f 2469/5212/5730 2590/4589/5730 2794/5587/5730
f 3100/4878/5731 2746/4391/5731 2754/4841/5731
f 3356/5318/5732 3336/4634/5732 3383/5329/5732
f 2735/4575/5733 2413/5196/5733 3250/4214/5733
f 2946/5631/5734 3047/5242/5734 2291/4169/5734
f 2694/5641/5735 2695/5550/5735 2967/5394/5735
f 2537/4311/5736 2538/5084/5736 2833/5083/5736
f 2931/4557/5737 3320/4489/5737 2696/4488/5737
f 2905/4568/5738 2482/5028/5738 2951/4346/5738
f 2747/4844/5739 2596/4379/5739 2335/4615/5739
f 3316/5469/5740 2727/5642/5740 2780/5470/5740
f 2872/4114/5741 3034/4113/5741 2280/4789/5741
f 3013/4212/5742 2873/4079/5742 2479/4213/5742
f 2975/5551/5743 2976/5211/5743 2513/4889/5743
f 3174/4403/5744 3035/4887/5744 2362/4386/5744
f 3017/4952/5745 2884/5643/5745 3278/4953/5745
f 3126/4045/5746 2597/4574/5746 2269/4348/5746
f 2438/4037/5747 2944/5644/5747 3172/4038/5747
f 3430/5482/5748 3429/5363/5748 3271/5362/5748
f 2909/4707/5749 3212/5633/5749 3445/5600/5749 3473/5645/5749
f 2749/4894/5750 2791/4086/5750 2748/5646/5750
f 2763/4675/5751 2712/5489/5751 3214/5490/5751
f 2703/4683/5752 3071/5020/5752 2423/4949/5752
f 3196/4699/5753 2684/5299/5753 2369/4781/5753
f 2526/5197/5754 3147/4853/5754 3357/5647/5754 3355/5648/5754
f 2699/5649/5755 3317/4507/5755 3179/4987/5755
f 2278/4054/5756 3236/5650/5756 3292/4893/5756
f 3296/5315/5757 2771/4064/5757 2263/4297/5757
f 2780/5470/5758 2624/5311/5758 2831/4614/5758
f 2751/5651/5759 2750/5652/5759 2792/5653/5759
f 3331/5180/5760 2964/4424/5761 2963/4423/5762
f 2820/4783/5763 2933/5654/5763 2271/4347/5763
f 2483/5655/5764 3153/5656/5764 2940/5657/5764
f 3153/5658/5765 2483/5659/5765 2374/5660/5765
f 2517/4840/5766 2590/4589/5766 2548/4588/5766
f 2719/4942/5767 2902/4944/5767 2894/5308/5767
f 2627/5093/5768 2983/5092/5768 2297/5137/5768
f 2589/5474/5769 2802/4044/5769 2933/5654/5769
f 2652/5661/5770 3314/5484/5770 2653/5662/5770
f 3162/4149/5771 3314/5484/5771 2652/5661/5771
f 2529/5047/5772 2816/4548/5772 3223/4684/5772
f 2637/5120/5773 3178/4618/5773 2631/5536/5773
f 3380/4030/5774 2387/5019/5774 3482/5663/5774
f 2278/4054/5775 3090/5664/5775 3236/5650/5775
f 3297/4060/5776 3222/5185/5777 3337/5499/5778
f 3063/4158/5651 3308/5433/5650 2717/4302/5779
f 3164/4185/5780 2281/4787/5780 2280/4789/5780
f 2774/5178/5781 2784/5156/5781 2615/4865/5781
f 2788/5665/5782 3346/5086/5782 3399/5666/5782
f 3225/5069/5783 3011/5442/5784 2938/5070/5785
f 2618/4531/5786 3107/5667/5786 2298/4877/5786
f 3282/5465/5642 2339/5381/5787 2989/5380/5640
f 2618/4531/5788 2298/4877/5788 3144/4864/5788
f 2904/4784/5789 2482/5028/5789 2905/4568/5789
f 2813/5668/5790 2557/5669/5790 2806/5670/5790
f 3355/5671/5791 2544/4319/5791 2646/4446/5791 3442/5088/5791
f 3442/5088/5792 2646/4446/5792 3462/4565/5792
f 2915/4476/5793 3252/4549/5793 2479/4213/5793
f 2973/4768/5794 3382/5672/5794 3368/5673/5794 2262/5674/5794
f 2272/5257/5795 2446/4857/5795 3142/4972/5795
f 3167/4027/5796 2561/4829/5796 3082/5091/5796
f 3259/5675/5797 2602/5676/5797 2603/4359/5797
f 3064/5677/5798 2613/5678/5798 2378/5679/5798
f 2737/5051/5799 2613/5678/5799 3064/5677/5799
f 2729/5569/5800 2863/5571/5800 3505/5680/5800 3499/5681/5800
f 3397/5100/5801 3295/4392/5801 3353/4673/5801
f 2878/5360/5802 2758/5359/5802 2329/4477/5802
f 3293/5607/5803 2862/5397/5803 2861/5485/5803
f 2884/5619/5804 3040/5434/5804 3278/5682/5804
f 3194/5439/5805 2483/5683/5805 2940/4117/5805
f 2369/4781/5806 2684/5299/5806 2640/5684/5806
f 2568/4192/5807 2567/5685/5807 2815/5686/5807
f 2592/5341/5808 3343/5486/5808 3437/5107/5808
f 2870/4313/5809 2649/4449/5809 3275/5570/5809
f 2330/5146/5810 3053/4859/5810 3205/4497/5810
f 2849/4151/5811 2924/5423/5811 3283/4573/5811
f 3048/5459/5812 2936/5460/5812 2721/4523/5812
f 3174/4937/5813 2813/4936/5813 2814/5620/5813
f 2343/5002/5814 2961/4836/5814 3054/4904/5814
f 2774/5178/5815 2593/5102/5815 2775/5234/5815
f 3097/4782/4656 3199/5687/5816 2820/4783/4657
f 2377/5688/5817 2727/5642/5817 3316/5469/5817
f 2369/4096/5818 2640/5112/5818 3139/4094/5818
f 3107/5667/5819 3244/5371/5819 2298/4877/5819
f 2868/4168/5820 2974/4608/5821 2291/4169/5822
f 2319/4617/5823 2837/4490/5823 2564/4986/5823
f 2696/4488/5824 2541/4274/5824 3131/5523/5824
f 2448/4031/5825 3177/4337/5825 3157/4032/5825
f 2563/5444/5826 2453/4552/5826 2359/4964/5826
f 3178/4618/5827 2273/4219/5827 2631/5536/5827
f 3039/4691/5828 3087/4690/5828 2911/4190/5828
f 3482/5663/5829 3479/5269/5829 3192/4380/5829 2370/4028/5829
f 2650/5604/5830 2651/5393/5830 3101/5689/5830
f 3072/5113/5831 2971/4095/5831 3139/4094/5831
f 3197/5690/5832 2814/5620/5832 2806/4681/5832
f 2461/4225/5833 3325/5513/5833 2725/5302/5833
f 3302/5467/5834 3138/5223/5834 2450/5691/5834
f 2304/4938/5835 2795/5383/5835 3149/4080/5835
f 3103/4732/5836 3232/5225/5836 2478/4797/5836
f 2903/4601/4534 2409/4603/4536 2655/5034/5837
f 3251/4794/5838 3028/5094/5838 2456/4611/5838
f 2393/4920/5839 3170/4059/5839 2307/4058/5839
f 3191/4437/5840 2477/5382/5840 2339/5381/5840
f 2624/4518/5841 3325/4823/5841 2715/4516/5841
f 2758/5359/5842 2426/4193/5842 2427/5038/5842
f 3176/5506/5843 2948/5692/5843 3093/4903/5843
f 3093/4903/5844 2948/5692/5844 2658/5693/5844
f 2885/5275/5845 3330/5694/5845 2948/5261/5845
f 3348/4189/5846 3413/4191/5846 2927/4493/5846
f 3384/4447/5847 3469/4448/5847 2927/4493/5847
f 2285/4994/5848 2264/4728/5848 3268/4995/5848
f 2479/4213/5849 3252/4549/5849 2478/4797/5849
f 2513/4889/5850 2769/4888/5850 2514/5395/5850
f 3247/4082/5851 2304/4938/5851 3149/4080/5851
f 2669/4767/5852 3128/4766/5852 3262/5441/5852
f 2429/5018/5853 2830/5060/5853 2605/4693/5853
f 3143/4474/5854 2470/5079/5854 2875/5081/5854
f 2443/4466/5855 3123/4571/5855 2550/5007/5855
f 3031/4182/5856 2418/4112/5856 2646/4446/5856
f 2261/5543/5857 2368/5356/5857 2529/5047/5857
f 2626/5110/5858 3042/4842/5859 2787/4400/5860
f 3230/4834/5861 2784/5156/5861 2454/4554/5861
f 2476/4057/5862 2477/5382/5862 3339/5497/5862
f 2262/5674/5863 3128/4766/5863 2973/4768/5863
f 2276/5322/5864 2349/4455/5864 2315/5695/5864
f 2777/4468/5865 3080/5281/5865 2778/5170/5865
f 3206/4186/5866 2914/4999/5866 2474/5696/5866
f 2538/5697/5867 2537/5698/5867 2729/5699/5867
f 2770/5089/5868 2769/4888/5868 3303/4756/5868
f 3305/5184/5869 2600/5390/5869 3222/5185/5869
f 2976/5211/5870 2440/4034/5870 2513/4889/5870
f 2890/4636/5871 2988/4641/5871 2892/4637/5871
f 2716/4226/5872 3048/4850/5872 2713/5700/5872
f 3075/4354/5873 3339/5497/5873 3191/4437/5873
f 2591/5355/5874 2975/5551/5874 2751/5651/5874
f 2812/4352/5875 2644/4438/5875 3043/4826/5875
f 3233/4068/5876 2677/5447/5876 2886/4951/5876
f 2733/4528/5877 2499/5319/5877 3180/4395/5877
f 2889/4651/5878 3016/5502/5878 2638/4295/5878
f 2871/4560/5879 2259/4361/5879 2356/4332/5879
f 2723/4286/5880 2782/4968/5880 2724/4287/5880
f 3262/5572/5881 2680/5701/5881 2584/5573/5881
f 2803/5539/5882 2804/5109/5882 2626/5110/5882
f 2583/5389/5883 2374/5702/5883 2483/4710/5883
f 3045/4042/5884 2708/5297/5884 2663/5703/5884
f 2800/4103/5152 2258/4625/5885 2317/5032/5153
f 3027/4906/5886 2923/5192/5886 2922/4217/5886
f 2494/4743/5887 3246/5336/5887 2852/4736/5887
f 2278/4054/5888 2829/4234/5888 3090/5664/5888
f 2624/4518/5889 2716/4517/5889 2714/5130/5889
f 3438/5704/5890 3049/4536/5890 3439/5251/5890
f 3221/4918/5154 2554/4917/5891 2800/4103/5152
f 3162/4149/5892 2383/4148/5892 2488/5705/5892
f 2881/5373/5893 2547/5372/5893 2647/5706/5893
f 3277/5273/5894 2788/5665/5894 3399/5666/5894 3395/5271/5894
f 2454/4554/5895 2455/4178/5896 3230/4834/5897
f 2474/5696/5898 2914/4999/5898 3272/5516/5898
f 3149/4080/5899 2888/5385/5899 2448/5437/5899
f 2770/5089/5900 3303/4756/5900 2807/4988/5900
f 2948/5261/5901 3330/5694/5901 2658/5707/5901
f 2631/5536/5902 3306/4349/5902 2758/5537/5902
f 2942/5414/5903 3257/5413/5903 3215/5451/5903
f 2356/4332/5904 2782/4968/5904 2723/4286/5904
f 2334/4188/5905 2475/4884/5905 2671/5249/5905
f 2758/5359/5906 3306/4194/5906 2426/4193/5906
f 2857/4321/5907 2698/5602/5907 2874/5476/5907
f 3048/4850/5908 2716/4226/5908 2461/4225/5908
f 3253/4211/5909 2672/4779/5909 3182/4278/5909
f 3252/4549/5910 2500/4551/5910 3104/4731/5910
f 2886/4951/5911 3278/4953/5911 3066/5157/5911
f 2312/4136/5912 2569/4138/5912 3217/5708/5912
f 2684/5299/5913 3074/5709/5913 2640/5684/5913
f 2389/5186/5914 2354/4467/5915 2994/4727/5916
f 2561/4829/5917 2586/4828/5917 2734/5710/5917
f 2424/4159/5918 2425/4570/5918 2301/4569/5918
f 2936/4849/5919 2725/5302/5919 2462/5304/5919
f 2552/4215/5920 2781/4073/5920 2551/4216/5920
f 2935/4721/5921 2506/4131/5921 3309/4969/5921
f 2590/4589/5922 2517/4840/5922 2794/5587/5922
f 2591/5355/5923 3074/5709/5923 2684/5299/5923
f 3242/4705/5924 3216/4701/5924 2435/4207/5924
f 2753/5711/5925 2345/5712/5925 3166/5713/5925
f 3261/4221/5926 2364/4485/5926 2566/4487/5926
f 3143/4474/5927 2873/4079/5927 2300/4078/5927
f 2406/4343/5928 2546/5714/5928 3041/5358/5928
f 2633/4326/5929 2301/4569/5929 3283/4573/5929
f 2305/4399/5930 2803/5539/5930 2787/4400/5930
f 3397/5715/5931 3353/5716/5931 3335/5717/5931
f 3064/5534/5932 2604/4695/5932 3030/5718/5932
f 2398/4627/5933 2977/4626/5933 2263/5522/5933
f 2405/4394/5934 2628/4268/5934 2947/5008/5934
f 2843/4330/5935 3026/5017/5935 2292/4328/5935
f 2845/4258/5936 3082/5091/5936 2627/5093/5936
f 2884/5619/5937 3016/5502/5937 3290/5719/5937
f 3281/4510/5938 3255/4880/5938 2931/4557/5938
f 2473/4537/5939 2946/5631/5939 3083/5412/5939
f 3112/5616/5940 2706/5605/5940 3312/5514/5940
f 2692/5720/5941 2981/5044/5941 2887/5043/5941
f 3334/4118/5942 2353/4120/5942 2577/5235/5942
f 2290/5375/5943 3217/5708/5943 2934/5003/5943
f 2451/5022/5944 2328/5021/5944 2540/5343/5944
f 2401/5168/5945 2662/4882/5945 3263/4881/5945
f 2734/4657/5946 2589/5474/5946 2933/5654/5946
f 2735/4575/5947 2414/5632/5947 2413/5196/5947
f 2942/5582/5948 2601/4387/5948 2600/5243/5948
f 3458/5219/5949 3251/4794/5949 3388/5123/5949
f 3158/5721/5950 2305/4399/5950 3298/5501/5950
f 2354/4467/5951 3080/5281/5951 2777/4468/5951
f 2906/4255/5952 3079/4261/5952 2501/4263/5952
f 3104/4731/5953 3103/4732/5953 2478/4797/5953
f 2282/4644/5954 2598/4929/5954 2503/4362/5954
f 2779/5406/5955 2429/5018/5955 3316/4142/5955
f 2747/5722/5956 3110/4076/5956 3369/4578/5956 3402/5723/5956
f 2320/5724/5957 3004/5725/5957 3038/5726/5957
f 2515/4285/5958 3336/4634/5958 2887/4155/5958
f 2986/5727/5959 3315/5728/5959 2642/5729/5959
f 3272/5516/5960 2914/4999/5960 3021/4742/5960
f 3251/4794/5961 3458/5219/5961 3375/5493/5961 3028/5094/5961
f 2403/4733/5962 2765/5015/5962 2491/5014/5962
f 2656/5418/5963 2979/4825/5963 3085/4048/5963
f 2880/4855/5964 2881/4854/5964 2712/5489/5964
f 2484/4802/5965 2347/4801/5966 2447/5529/5967
f 2713/5730/5968 3048/5459/5968 3332/4522/5968
f 3415/5288/5969 3319/5287/5969 3323/5491/5969 3430/5482/5969
f 3430/5482/5970 3323/5491/5970 3429/5363/5970
f 3168/4173/5971 2404/4172/5971 2840/5066/5971
f 2348/5247/5972 2559/5628/5682 2675/5248/5681
f 2769/4888/5973 2770/5089/5973 2512/5396/5973
f 2463/4230/5974 2811/4933/5974 2360/4932/5974
f 2803/5453/5975 2648/5452/5975 2823/5466/5975
f 3078/4717/5976 2927/4493/5976 3133/4713/5976
f 3185/5731/5977 3046/5732/5977 3208/5733/5977
f 2375/5734/5978 2726/5735/5978 2377/5736/5978
f 2658/5693/5979 3330/5055/5979 2309/4869/5979
f 3032/4771/5980 2311/4770/5980 2268/5104/5980
f 2464/5737/5981 2854/5062/5981 2359/4964/5981
f 2595/4461/5982 2659/4430/5982 3086/4429/5982
f 2830/5060/5983 2772/5059/5983 2605/4693/5983
f 2342/4440/5984 2702/4973/5984 2504/4902/5984
f 2879/5252/5985 2452/5608/5985 2293/5253/5985
f 2680/5618/5986 2262/5674/5986 2316/5738/5986 3496/5739/5986
f 3214/4224/5987 2712/5740/5987 2711/4689/5987
f 2446/4857/5988 2853/4314/5988 3125/4316/5988
f 2705/4495/5989 2883/4494/5989 3062/4150/5989
f 2914/4999/5990 3084/4845/5990 2667/4070/5990
f 3373/5450/5991 2969/5133/5991 3410/4162/5991
f 2333/5057/5992 2607/5035/5992 2825/4529/5992
f 2259/4361/4579 2282/4644/4578 2503/4362/5993
f 2643/4970/5994 3153/5658/5994 2374/5660/5994
f 3425/5741/5995 3459/5742/5995 2829/5743/5995
f 3199/5150/5996 3097/5744/5996 2297/5137/5996
f 3450/4974/5997 2956/4439/5997 3451/5745/5997
f 3451/5745/5998 2956/4439/5998 3294/4441/5998 3347/4333/5998
f 2658/5693/5999 2987/5199/5999 3093/4903/5999
f 2858/5443/6000 2857/4321/6000 2874/5476/6000
f 2417/4462/6001 2415/5327/6001 2783/4774/6001
f 2272/5257/6002 3142/4972/6002 2312/4136/6002
f 2293/5253/6003 2315/4897/6004 2349/5254/6005
f 2315/4897/6006 3265/4755/6006 2594/4754/6006
f 2783/4774/6007 2415/5327/6007 2394/5746/6007 3502/5240/6007
f 2687/5589/6008 2874/5747/6008 2960/5590/6008
f 3249/5479/6009 3182/4278/6009 2573/4899/6009
f 3221/4918/6010 2317/5032/6010 2798/5006/6010
f 2787/4400/6011 3042/4842/6011 2767/4199/6011
f 2960/4133/6012 3188/4135/6012 2688/4577/6012
f 2270/4373/6013 2373/4140/6014 3168/4173/6015
f 2717/5748/6016 2718/5749/6016 3186/5750/6016
f 2787/4400/5860 2803/5539/6017 2626/5110/5858
f 3023/4939/6018 2304/4938/6018 3247/4082/6018
f 3247/4082/6019 2866/5259/6019 3023/4939/6019
f 2674/4745/6020 3003/4411/4441 2793/4413/4443
f 2581/5194/6021 2991/5751/6021 2972/5195/6021
f 3143/4474/6022 2875/5081/6022 3237/4475/6022
f 2362/4935/4777 2967/5394/6023 2813/4936/4778
f 2976/5752/6024 3274/5338/6024 2691/5530/6024
f 3189/5227/6025 3224/5495/6025 3190/5408/6025
f 3454/4442/6026 2646/4446/6026 2808/4604/6026 3361/4443/6026
f 2592/5341/6027 3370/5106/6027 3408/5351/6027
f 2539/5344/6028 2760/5416/6028 2623/4827/6028
f 3290/4381/6029 3132/4383/6029 3059/4187/6029
f 2968/4749/6030 2295/5464/6030 2420/4820/6030
f 3289/4428/6031 2659/4430/6031 2327/5265/6031
f 2260/4355/6032 2564/4986/6032 2964/4424/6032
f 3309/4969/6033 3156/4183/6033 2525/5535/6033
f 2429/5018/6034 2587/4143/6034 3316/4142/6034
f 2869/5111/6035 3202/4450/6035 2649/4449/6035
f 2293/5253/6036 2452/5608/6036 2959/4460/6036
f 3331/5180/6037 2963/4423/6037 3022/5379/6037
f 3295/4392/6038 2417/4462/6039 3345/4465/6040 3406/4672/6040
f 2896/4916/6041 2984/4905/6041 2344/5096/6041
f 2964/4424/6042 3266/4734/6042 2403/4733/6042
f 3232/5225/6043 3103/4732/6043 2279/4580/6043
f 2358/4026/4840 3117/5010/4839 2586/4828/6044
f 2753/4645/4911 2882/4821/4910 2345/5206/6045
f 2931/4557/6046 3058/4291/6046 3320/4489/6046
f 2927/4493/6047 2702/4973/6047 2957/5365/6047
f 2396/5492/6048 3032/4771/6048 2360/4932/6048
f 2731/4873/6049 2995/5753/6049 3510/5754/6049 3500/5755/6049
f 3330/5694/6050 2885/5275/6050 2508/5500/6050
f 2620/4585/6051 2464/5737/6051 2621/4586/6051
f 2396/5040/6052 3127/5399/5276 2397/5041/5275
f 2781/4073/6053 3449/5756/6053 3420/4074/6053
f 3238/4628/6054 2522/4677/6054 2523/4418/6054
f 3150/5624/6055 3273/4425/6055 2533/5757/6055
f 3232/5225/6056 2675/5248/6056 3109/5527/6056
f 2820/4783/6057 2822/4658/6057 2933/5654/6057
f 3275/5570/6058 2649/4449/6058 3158/5617/6058
f 2855/4867/6059 2366/5512/6059 2367/4036/6059
f 2531/5521/6060 2275/5626/6060 2943/4370/6060
f 2356/4332/6061 2502/4363/6061 2782/4968/6061
f 2840/5066/6062 2740/4525/6062 2288/4527/6062
f 2703/4683/6063 2810/4358/6063 3102/4360/6063
f 2368/5356/6064 2816/4548/6064 2529/5047/6064
f 3009/4372/6065 2373/4140/6065 2270/4373/6065
f 3112/5208/6066 3166/5549/6066 2345/5206/6066
f 2659/4430/6067 2968/5758/6067 2327/5265/6067
f 2755/4824/6068 3218/5475/6068 2524/4289/6068
f 2765/5015/6069 3321/4228/6070 2289/5103/6071
f 3099/4056/6072 3118/5498/6072 3224/4913/6072
f 2441/4868/6073 3118/5498/6073 3099/4056/6073
f 3153/4924/6074 2761/4115/6074 2940/4117/6074
f 2498/4817/6075 3130/4816/6075 2978/4046/6075
f 3308/5433/6076 2265/5009/6077 2363/5293/6078
f 2454/4554/5895 2456/4611/6079 2455/4178/5896
f 2463/4230/6080 2268/5104/6080 3321/4228/6080
f 2683/4723/6081 2684/5299/6081 3287/4576/6081
f 3229/4417/6082 2522/4677/6082 2742/4676/6082
f 2473/4537/6083 3038/4342/6083 2639/4069/6083
f 2366/5512/6084 2855/4867/6084 2856/4320/6084
f 3227/4901/6085 3107/5667/6085 2618/4531/6085
f 2375/5734/6086 2859/4703/6087 3002/5759/6088
f 2817/5125/6089 3181/4393/6089 2818/4550/6089
f 3407/5029/6090 3376/5030/6090 2693/4085/6090
f 2873/4079/6091 3143/4474/6091 2479/4213/6091
f 3432/4235/6092 2412/4479/6092 3385/4236/6092
f 2297/5137/6093 2766/5760/6093 3171/4412/6093
f 2613/5678/6094 2737/5051/4872 2434/4206/4871
f 3128/4766/6095 2262/5674/6095 2680/5618/6095
f 2801/4288/5455 2724/4287/6096 2302/5067/5456
f 3184/4950/6097 2423/4949/6097 3071/5020/6097
f 3199/5687/6098 2822/4658/6098 2820/4783/6098
f 2965/4746/6099 2504/4902/6099 2701/4492/6099
f 3452/4706/6100 3428/4708/6100 2925/5440/6100
f 2791/5761/6101 2580/5200/6101 2748/5202/6101
f 2882/4821/6102 2295/5464/6102 3065/5207/6102
f 2930/5762/6103 2334/4188/6103 2671/5249/6103
f 3303/4756/6104 2459/4940/6104 3057/4757/6104
f 2478/4797/6105 3252/4549/6105 3104/4731/6105
f 2425/4570/6106 2424/4159/6106 3071/5020/6106
f 2678/5231/6107 3152/4481/6107 2679/4480/6107
f 2937/5068/6108 2980/4066/6108 3225/5069/6108
f 3290/5719/6109 2474/5435/6109 2884/5619/6109
f 3378/5763/6110 3470/5411/6110 2926/5301/6111
f 2813/4936/6112 2558/5090/6112 2557/5764/6112
f 2637/5120/6113 2631/5536/6113 2878/5119/6113
f 3058/4291/6114 2525/5535/6114 3320/4489/6114
f 2718/5204/6115 3025/4109/6115 2585/5581/6115
f 2412/4479/6116 3152/4481/6116 3081/4050/6116
f 2511/5128/6117 3421/5765/6117 3471/5766/6117 2669/4767/6117
f 3453/5391/6118 2679/4480/6118 3484/5392/6118
f 2554/4917/6119 2924/5423/6119 2381/4773/6119
f 2919/4553/6120 2971/5767/6120 3024/4025/6120
f 3148/4798/6121 2325/5532/6121 3014/4089/6121
f 2439/5337/6122 2685/5339/6122 2686/5768/6122
f 2806/4681/6123 2557/5764/6124 2807/4988/6125
f 2426/4193/6126 2925/5440/6126 2427/5038/6126
f 2427/5038/6127 2925/5440/6127 3260/5039/6127
f 2733/4528/6128 2946/5631/6128 2473/4537/6128
f 3319/5287/6129 2764/4674/6129 3323/5491/6129
f 2729/5569/6130 2537/4311/6130 2870/4313/6130
f 2304/4938/6131 3213/4456/6131 2795/5383/6131
f 2978/4046/6132 3130/4816/6132 2294/4047/6132
f 3061/5054/6133 2399/4606/6133 2745/4607/6133
f 2842/4796/6134 3012/4795/6134 2841/5124/6134
f 2481/4152/6135 2480/4077/6135 2873/4079/6135
f 3032/4771/6136 2268/5104/6136 2360/4932/6136
f 2890/5769/6137 2374/5702/6137 2583/5389/6137
f 3438/5704/6138 3439/5251/6138 3086/4429/6138
f 2936/5335/6139 2383/4148/6139 2891/4722/6139
f 3300/4153/6140 3013/4212/6140 3253/4211/6140
f 3156/4183/6141 3164/4185/6141 2697/4273/6141
f 2728/5454/6142 2722/4524/6142 2721/4523/6142
f 3378/5763/6110 2910/5258/6143 3470/5411/6110
f 3108/4915/6144 3306/4349/6144 2631/5536/6144
f 2977/4626/6145 3234/4105/6145 3246/5336/6145
f 2972/5446/6146 2265/5009/6146 2358/4026/6146
f 3074/5770/6147 2749/5565/6147 2640/5112/6147
f 2312/4136/6148 3217/5708/6149 2290/5375/6150
f 2518/5771/6151 2590/5772/6151 2738/5773/6151
f 2294/4047/5383 2421/4716/6152 3015/4819/5384
f 3461/4160/6153 3410/4162/6153 2969/5133/6153
f 3364/5300/6154 3448/5250/6154 2570/4535/6154 2910/5258/6154
f 3283/4573/6155 2481/4152/6155 2849/4151/6155
f 3338/5774/6156 3121/5775/6156 3009/5776/6156
f 2881/4323/6157 2711/4325/6157 2712/5777/6157
f 2836/5134/6158 2323/4808/6158 2735/4575/6158
f 3122/5295/6159 2831/4614/6159 2624/5311/6159
f 3059/4187/6160 2474/5696/6160 3290/4381/6160
f 2279/4580/6161 3089/4579/6161 3232/5225/6161
f 2322/4126/6162 2520/4125/6162 2731/4873/6162
f 2989/5380/6163 3007/4809/6163 3207/5778/6163
f 2738/4670/6164 3001/5171/6164 2778/5170/6164
f 3085/4048/6165 2979/4825/6165 2978/4046/6165
f 2819/4900/6166 3107/5667/6166 3227/4901/6166
f 2889/4651/6167 2638/4295/6167 3005/4652/6167
f 3210/4177/6168 2401/5168/6168 2920/5779/6168
f 2340/4785/6169 2645/5445/6169 2339/5381/6169
f 2763/4675/6170 3323/5491/6170 2764/4674/6170
f 2921/5634/6171 2366/5512/6171 2856/4320/6171
f 2351/5277/6172 3088/5538/6172 2998/5400/6172
f 3053/4859/6173 3141/4389/6173 2918/4388/6173
f 3418/5076/6174 3419/4685/6174 2912/4686/6174 3276/5077/6174
f 3333/4256/6175 2908/5780/6175 3055/4257/6175
f 3236/4201/6176 3477/5176/6177 3446/5781/6177 3310/5782/6176
f 2315/4897/6004 2293/5253/6003 3265/4755/6178
f 2986/5518/6179 3280/5783/6179 2653/5784/6179
f 2733/4528/6180 3040/5515/6180 2499/5319/6180
f 2415/5327/6181 3100/4878/6181 3512/5785/6181 2394/5746/6181
f 3333/4256/6182 3185/4747/6182 3208/5786/6182
f 3333/4256/6183 3092/4364/6183 3185/4747/6183
f 3457/4243/6184 3450/4974/6184 2930/5787/6184 2671/4244/6184
f 3098/4065/6185 3456/4800/6185 3401/5788/6185 2511/5128/6185
f 2734/4657/6186 3117/4558/6186 2400/4559/6186
f 2852/5789/6187 2661/5790/6187 3467/5791/6187 3468/5792/6187
f 2652/5661/6188 3161/5148/6188 3162/4149/6188
f 3144/4864/6189 2774/5178/6189 2615/4865/6189
f 2616/5216/6190 3033/5215/6190 3511/5793/6190 3495/5794/6190
f 2819/4900/6191 3244/5371/6191 3107/5667/6191
f 3002/5759/6192 2726/5735/6192 2375/5734/6192
f 2952/5027/6193 3258/5026/6193 2621/5065/6193
f 2950/5567/6194 2335/4615/6194 2805/4616/6194
f 2893/5575/6195 2936/5335/6195 2891/4722/6195
f 3242/5510/6196 2847/4208/6196 2860/5795/6196
f 2676/4296/6197 2638/4295/6197 2677/4871/6197
f 3074/5709/6198 2591/5355/6198 2792/5653/6198
f 2414/5632/6199 2323/4808/6199 2786/4266/6199
f 2414/5632/6200 2786/4266/6200 3212/5633/6200
f 3287/4576/6201 2690/4818/6201 2689/4167/6201
f 2707/4500/4564 3152/4481/6202 2577/4630/4564
f 2332/5082/6203 2333/5057/6203 3230/4834/6203
f 2300/4078/6204 2739/4963/6204 2470/5079/6204
f 3069/4365/6205 3254/4777/6205 2674/4745/6205
f 2390/4671/6206 2738/4670/6206 3080/5281/6206
f 2847/4619/4552 2850/5004/6207 2848/4250/4553
f 3336/4634/6208 2267/4284/6208 2799/4596/6208
f 2687/5796/6209 3195/5797/6209 2858/5798/6209
f 3095/4735/6210 2765/5015/6210 2403/4733/6210
f 2596/4379/6211 2493/4378/6211 2805/4616/6211
f 2825/4529/6212 3144/4864/6212 2333/5057/6212
f 2992/4111/6213 2363/4110/6213 2991/5751/6213
f 2567/5685/6214 3160/5799/6214 2815/5686/6214
f 2296/4043/6215 3126/4045/6215 2269/4348/6215
f 2599/4107/6216 2836/5134/6216 2597/4574/6216
f 2364/4485/6217 3261/4221/6217 2695/4304/6217
f 3164/4185/6218 3034/4113/6218 3031/4182/6218
f 3181/4393/6219 3021/4742/6219 2818/4550/6219
f 2999/4339/6220 2594/4754/6221 2998/5400/6222
f 3379/5075/6223 3326/4714/6223 3418/5076/6223
f 2409/5239/6224 3218/5475/6224 2755/4824/6224
f 2294/4047/6225 3130/4816/6225 2421/4716/6225
f 2366/5512/6226 3111/5061/6226 3113/5376/6226
f 3322/4955/6227 2707/4500/6227 2353/4629/6227
f 2576/4309/6228 2797/5274/6228 2534/4310/6228
f 2909/4707/6229 3473/5645/6229 3428/4708/6229
f 2391/5045/6230 3170/4059/6230 3299/5568/6230
f 2311/4770/6231 2289/5103/6231 2268/5104/6231
f 2910/5258/6232 3378/5763/6232 3364/5300/6232
f 2838/5136/6233 3288/4696/6233 2392/5546/6233
f 2838/5136/6234 2260/4355/6234 3288/4696/6234
f 3098/4065/6235 2511/5128/6235 3225/5069/6235
f 3290/5800/6236 2889/5801/6236 3163/5802/6236
f 2495/5580/6237 2903/4601/6237 2496/4116/6237
f 2733/4528/6238 2947/5008/6238 2946/5631/6238
f 2737/5051/6239 3064/5677/6239 2376/5803/6239
f 2993/4584/6240 2611/5404/6240 2408/4922/6240
f 2259/4361/6241 2502/4363/6241 2356/4332/6241
f 2280/4789/6242 3136/4959/6242 2872/4114/6242
f 3263/4898/6243 3249/5479/6243 2573/4899/6243
f 3007/4809/6244 2368/5356/6244 3207/5778/6244
f 3267/4072/6245 2668/4071/6245 2500/4551/6245
f 3175/5503/6246 2361/5505/6246 2895/4353/6246
f 3072/5113/6247 2357/5804/6247 2971/4095/6247
f 3332/4522/6248 2722/4524/6248 3231/5805/6248
f 3201/5579/6249 2903/4601/6249 2495/5580/6249
f 3243/5064/5279 3300/4153/5281 3182/4278/6250
f 3249/5479/6251 3243/5064/6251 3182/4278/6251
f 3268/4995/6252 2443/4466/6252 2550/5007/6252
f 2839/5127/6253 2436/4368/6253 2292/4931/6253
f 2580/5200/6254 2581/5806/6254 3301/5201/6254
f 2447/5529/6255 2625/5108/6255 2804/5109/6255
f 2664/4469/6256 2498/4817/6256 3286/4660/6256
f 2661/5790/6257 2949/5630/6257 3435/5629/6257 3367/5807/6257
f 2346/4680/6258 3270/5808/6258 3089/5809/6258
f 2585/4384/6259 2419/4102/5147 2718/5323/5149
f 2726/5735/6260 2727/5810/6260 2377/5736/6260
f 3381/5266/6261 3377/5637/6261 2531/5521/6261 2321/5367/6261
f 2685/5369/6262 2591/5355/6262 2686/4420/6262
f 2620/4585/6263 2854/5062/6263 2464/5737/6263
f 2368/5356/6264 2740/4525/6264 2816/4548/6264
f 2839/5127/6265 2290/5375/6265 2436/4368/6265
f 3269/4491/6266 3175/4980/6266 2565/4229/6266
f 3057/5811/6267 3258/5812/6267 2465/5813/6267
f 2754/4841/5199 2593/5102/5198 2774/5178/6268
f 2841/5124/6269 2682/4293/6269 2842/4796/6269
f 3172/5348/6270 2681/5188/6270 2682/5279/6270
f 2276/5322/6271 3200/5814/6271 2472/5384/6271
f 2272/5257/6272 3171/5256/6272 2766/4858/6272
f 2714/5312/6273 2665/5815/6273 3122/5295/6273
f 2914/4999/6274 2667/4070/6274 3267/4072/6274
f 2650/5816/6275 3101/4344/6275 2559/5628/6275
f 2955/4165/6276 2450/4164/6276 2332/5082/6276
f 2743/4292/6277 2744/5050/6277 3271/4039/6277
f 2895/4353/6278 2812/4352/6278 2811/5398/6278
f 3065/5207/6279 2295/5464/6279 2879/5553/6279
f 3304/4317/6280 2544/4319/6280 2917/5817/6280
f 3133/4713/6281 2790/4715/6281 3078/4717/6281
f 3028/5094/6282 2444/4247/6282 2282/4644/6282
f 2439/4419/6283 3006/4166/6283 2916/4035/6283
f 2888/5385/6284 3177/5818/6284 2448/5437/6284
f 3201/5579/6285 2308/5214/6285 2899/5191/6285
f 2995/5753/6286 2731/4873/6287 2389/5186/5914
f 2420/4820/6288 2789/4954/6288 2519/5161/6288
f 2665/4470/6289 3193/5000/6289 3120/4410/6289
f 3446/5221/6290 3342/5230/6291 3447/5222/6292
f 3050/5819/6293 2699/5649/6294 3273/4425/6295
f 2258/4625/6296 2398/4627/6296 2938/5368/6296
f 3074/5820/6297 2792/4895/6297 2749/4894/6297
f 2324/4799/6298 3014/4089/6298 2672/4779/6298
f 2759/4718/6299 3039/4340/6299 2411/4719/6299
f 2557/5764/6300 2558/5090/6300 2807/4988/6300
f 2521/4846/6301 3012/4795/6301 2528/4582/6301
f 2351/5277/6302 2959/4460/6302 2595/4461/6302
f 3197/5690/6303 2806/4681/6303 2423/4949/6303
f 2563/5444/6304 2854/5062/6304 2954/4322/6304
f 2984/4905/6305 2923/5192/6305 3027/4906/6305
f 2564/4986/6306 3095/4735/6306 3266/4734/6306
f 2392/4919/6307 2660/5105/6307 2393/4920/6307
f 2472/5384/6308 3177/5818/6308 2888/5385/6308
f 2709/4662/6309 3056/4860/6309 2663/5703/6309
f 3202/4450/6310 2824/4786/6310 2648/5452/6310
f 2539/5344/6311 2397/5041/6311 2760/5416/6311
f 2636/4232/6312 2876/5285/6312 2468/4233/6312
f 2485/4927/6313 3207/5778/6313 2898/5542/6313
f 2263/5522/6314 2980/5821/6314 3285/5540/6314
f 2620/4585/6315 3113/5376/6315 3111/5061/6315
f 2893/5822/6316 2902/5823/6316 2728/5824/6316
f 3156/4183/6317 2505/4272/6317 3155/4184/6317
f 2812/4352/6318 2760/5416/6318 3127/5399/6318
f 2751/5651/6319 2792/5653/6319 2591/5355/6319
f 2443/4466/6320 2777/4468/6320 3123/4571/6320
f 2444/4247/6321 2445/4267/6321 2598/4929/6321
f 3246/5336/6322 2379/4431/6322 2852/4736/6322
f 2383/4148/6323 2462/5334/6323 2488/5705/6323
f 2661/5790/6324 2852/5789/6324 2949/5630/6324
f 2417/4462/6325 2783/4774/6325 2582/4463/6325
f 2600/5243/6326 2601/4387/6326 3141/4389/6326
f 2511/5128/6327 3371/5427/6327 3421/5765/6327
f 2810/4358/6328 3259/5675/6328 2603/4359/6328
f 3047/5242/6329 3096/4170/6329 2291/4169/6329
f 3157/4032/6330 3177/4337/6330 2556/5135/6330
f 3308/5825/6331 2449/4163/4571 2970/4331/4570
f 2311/4770/6332 2765/5015/6332 2289/5103/6332
f 3292/4893/6333 2559/5628/6333 2348/5247/6333
f 2634/4369/6334 2321/5367/6334 2943/4370/6334
f 2734/4657/6335 2400/4559/6335 2589/5474/6335
f 3044/5167/6336 2832/4454/6337 3213/4456/6338
f 2603/4751/6339 2464/4753/6339 2359/5826/6339
f 2476/4057/6340 2989/5380/6340 2477/5382/6340
f 3272/5516/6341 3021/4742/6341 2499/5319/6341
f 2724/4287/6342 3183/4108/6342 2302/5067/6342
f 3482/5663/6343 2387/5019/6343 3239/4282/6343 3479/5269/6343
f 3310/4891/6344 2650/5604/6344 2559/4892/6344
f 2586/4828/6345 3117/5010/6345 2734/5710/6345
f 3076/4885/4790 2519/5161/6346 2789/4954/4788
f 2826/4530/6347 3227/4901/6347 2618/4531/6347
f 3436/5305/5684 2693/4085/6348 2981/5044/6348 3435/5629/5684
f 3189/4914/6349 2736/4541/6349 3099/4056/6349
f 3065/5207/6350 2345/5206/6350 2882/4821/6350
f 2510/4033/6351 3157/4032/6351 2388/4807/6351
f 3059/4187/5005 2939/4281/6352 2475/4884/5003
f 2401/5168/6353 3210/4177/4823 3417/4996/4824 3416/5114/6354
f 2407/5115/6355 2942/5414/6355 3318/4083/6355
f 2420/4820/6356 3015/4819/6356 2790/4715/6356
f 2541/5827/6357 2547/5372/6357 3051/5374/6357
f 2907/4661/6358 3056/4860/6358 2709/4662/6358
f 3467/5791/6359 2661/5790/6359 3367/5807/6359
f 2798/5006/6360 3268/4995/6360 2550/5007/6360
f 3195/4700/6361 2453/4552/6361 2858/5443/6361
f 2912/4686/6362 3087/4690/6362 3276/5077/6362
f 2614/5593/6363 2982/4985/6363 3508/5425/6363 3494/5828/6363
f 2673/4260/6364 3115/4259/6364 3116/4367/6364
f 2507/5056/6365 2308/5214/6365 2442/4870/6365
f 3124/5228/6366 3060/4327/6366 2924/5423/6366
f 3125/4316/6367 2962/4137/6367 3142/4972/6367
f 3144/4864/6368 2298/4877/6368 2774/5178/6368
f 2924/5423/6369 2849/4151/6369 2299/5063/6369
f 2678/5231/6370 2577/4630/6370 3152/4481/6370
f 2373/4140/6014 2617/5480/6371 3168/4173/6015
f 2963/4423/6372 3273/4425/6372 3022/5379/6372
f 2975/5551/6373 3274/5370/6373 2976/5211/6373
f 2806/4681/6374 2703/4683/6374 2423/4949/6374
f 2340/4785/6375 2644/4438/6375 2645/5445/6375
f 2739/4963/6376 2919/4553/6376 2471/5080/6376
f 3297/4060/5776 3337/5499/5778 2885/5275/6377
f 3284/4957/6378 2281/4787/6378 3155/4184/6378
f 3155/4184/6379 2281/4787/6379 3164/4185/6379
f 2419/4102/6380 2422/4452/6380 3137/4100/6380
f 3176/4724/6381 2571/4726/6381 2948/5263/6381
f 3201/5579/6382 2935/5829/6382 3293/4624/6382
f 2430/4200/6383 2821/5555/6383 2428/4198/6383
f 2639/5830/6384 3004/4294/6384 2676/4296/6384
f 2723/5432/5302 2284/5267/6385 3308/5433/5303
f 3426/5162/6386 3076/4885/6386 3455/4504/6386
f 3329/5016/6387 2311/4770/6387 2614/5593/6387
f 2798/5006/6388 2549/5031/6388 3061/5054/6388
f 2578/5409/6389 2866/5259/6389 2756/4171/6389
f 3236/5831/6390 3256/5832/6390 3292/5833/6390
f 3140/4780/6391 2919/4553/6391 2453/4552/6391
f 2915/4476/6392 2818/4550/6392 3252/4549/6392
f 3471/5766/6393 2699/5649/6393 3010/5345/6393 3394/5307/6393
f 3179/4987/6394 3010/5345/6394 2699/5649/6394
f 2388/4807/6395 3157/4032/6395 2556/5135/6395
f 2308/5214/6396 2495/5580/6396 2761/4115/6396
f 2950/4567/6397 2951/4346/6397 2867/4374/6397
f 2641/5463/6398 2749/5565/6398 2748/5462/6398
f 3042/4842/6399 2626/5110/6400 3335/4843/6401
f 3395/5271/6402 3327/4610/6402 3486/5272/6402
f 3064/5834/6403 3030/4831/6403 2376/5218/6403
f 2734/4657/6404 2933/5654/6404 2822/4658/6404
f 2979/4825/6405 2656/5418/6405 2655/5835/6405
f 2746/4391/6406 2417/4462/6039 3295/4392/6038
f 2761/4115/6407 2495/5580/6407 2496/4116/6407
f 2649/5836/6408 2305/4399/6408 3158/5721/6408
f 2986/5518/6409 2653/5784/6409 3314/5614/6409
f 2500/4551/6410 2668/4071/6410 3104/4731/6410
f 2703/4683/6411 2739/4963/6411 3071/5020/6411
f 3253/4211/6412 2478/4797/6412 2324/4799/6412
f 2333/5057/6413 2785/4866/6413 3230/4834/6413
f 3216/4701/6414 2375/5734/6414 3070/4205/6414
f 3236/5837/6415 3310/5838/6415 3256/5839/6415
f 3052/4271/6416 2506/4131/6416 2899/4130/6416
f 2328/5840/6417 2752/5507/6417 2540/5509/6417
f 2836/5134/6418 2835/4106/6418 2834/4930/6418
f 3328/4886/6419 3105/5163/6419 2755/4824/6419
f 2489/5144/6420 2374/5841/6420 2890/5842/6420
f 2867/4374/6421 2335/4631/6421 2950/4567/6421
f 2536/4977/6422 2727/4979/6422 3002/5280/6422
f 2482/5028/6423 2820/4783/6423 2271/4347/6423
f 2496/4116/6424 2903/4601/6424 2655/5034/6424
f 2526/4998/6425 2611/4445/6425 2612/4790/6425
f 3012/4795/6426 3084/4845/6426 2742/4676/6426
f 3211/5528/6427 2625/5108/6427 2447/5529/6427
f 2936/4849/6428 2461/4225/6428 2725/5302/6428
f 3214/4224/6429 2545/4688/6429 2969/5133/6429
f 2994/4727/5916 2995/5753/6286 2389/5186/5914
f 2341/4835/6430 3465/5843/6431 3411/4910/6432
f 2648/5452/6433 2824/4786/6433 2823/5466/6433
f 3384/4447/6434 2927/4493/6434 3413/4191/6434
f 2687/5589/6435 2688/5591/6435 3196/5844/6435
f 2989/5380/6436 2476/4057/4681 3007/4809/4680
f 2643/4970/6437 2489/5845/6437 2642/4971/6437
f 3115/4259/6438 2845/4258/6438 2627/5093/6438
f 2398/4627/6439 3285/5540/5572 2938/5368/5574
f 2545/5596/6440 3204/5595/6440 2969/5846/6440
f 3005/4459/6441 2638/5847/6441 3004/4457/6441
f 2854/5062/6442 2563/5444/6442 2359/4964/6442
f 3418/5076/6443 3326/4714/6443 2928/4712/6443 3419/4685/6443
f 2461/4225/6444 2715/4227/6444 3325/5513/6444
f 3281/4510/6445 2543/4879/6445 3255/4880/6445
f 3471/5766/6446 3394/5307/6446 2973/4768/6446 2669/4767/6446
f 2823/5466/6447 2447/5848/6447 2803/5453/6447
f 3467/5791/6448 3367/5807/6448 2692/5720/6448
f 2971/4095/6449 2357/5804/6449 3024/5849/6449
f 2984/4905/6450 2896/4916/6450 2985/4218/6450
f 3400/5426/6451 2533/5757/6451 3371/5427/6451
f 2699/5649/6452 2533/5757/6452 3273/4425/6452
f 2421/4716/6453 3130/4816/6453 3077/4041/6453
f 3011/5442/5784 3225/5069/5783 2669/4767/6454
f 2271/4347/6455 2933/5654/6455 2296/4043/6455
f 3123/4571/6456 2283/4572/6456 3221/4918/6456
f 3049/4536/6457 3438/5704/6457 3474/5174/6457 3235/5366/6457
f 3084/4845/6458 2914/4999/6458 3229/4417/6458
f 2348/4679/6459 3270/5808/6459 2346/4680/6459
f 2952/5027/6460 2602/4752/6460 3259/5353/6460
f 3067/4847/6461 2551/4216/6461 2867/4374/6461
f 3131/5154/6462 2541/5850/6462 3051/5478/6462
f 3179/4987/6463 2710/4509/6463 2266/4837/6463
f 2629/4269/6464 2673/4260/6464 3116/4367/6464
f 3425/5741/6465 2872/5851/6465 3459/5742/6465
f 3459/4981/6466 2872/4114/6466 3136/4959/6466 3351/4982/6466
f 2459/4940/6467 3113/5376/6467 3057/4757/6467
f 2893/5852/6468 2728/5853/6468 2936/5854/6468
f 3229/4417/6469 2523/4418/6469 2522/4677/6469
f 3339/5497/6470 2477/5382/6470 3191/4437/6470
f 2458/5855/6471 3057/5811/6471 2465/5813/6471
f 3075/4354/4419 2895/4353/4418 2361/5505/6472
f 2498/4817/6473 2664/4469/6473 3077/4041/6473
f 2698/4908/6474 2690/5564/6474 3198/4375/6474
f 3004/4294/6475 2639/5830/6475 3038/5856/6475
f 2580/5857/6476 2579/5494/6476 2581/5194/6476
f 3362/4545/4903 3346/5086/4903 2788/5665/6477 2546/4546/6477
f 2640/5112/6478 2641/5463/6478 3072/5113/6478
f 2735/4575/6479 2323/4808/6479 2414/5632/6479
f 2516/4655/5021 2794/5587/5571 2517/4840/6480
f 2953/4157/6481 2632/4180/6481 3063/4158/6481
f 2604/4695/6482 2606/4694/6482 3030/5718/6482
f 2504/4902/4753 3092/4364/4752 2342/4440/6483
f 2297/5137/6484 3171/4412/6484 3003/4411/6484
f 3027/5087/6485 2510/4033/6485 2846/4561/6485
f 2987/5199/6486 2441/4868/6486 3099/4056/6486
f 3472/5173/6487 3235/5366/6487 3474/5174/6487
f 3140/4780/6488 2971/5767/6488 2919/4553/6488
f 3350/4594/6489 2771/4064/6489 3423/4595/6489
f 2280/4789/6490 2352/4788/6490 3334/5238/6490
f 2605/4693/6491 3338/5488/6491 2606/4694/6491
f 3338/5858/6492 3009/4372/6492 2606/4830/6492
f 3219/4290/6493 3218/5475/6493 2409/5239/6493
f 3219/4290/6494 2409/5239/6494 2861/5485/6494
f 2839/5127/6495 2338/5255/6495 2290/5375/6496
f 2465/5025/6497 2952/5027/6497 3259/5353/6497
f 2544/4319/6498 3204/5859/6498 2917/5817/6498
f 3231/5805/6499 2722/4524/6499 3245/5455/6499
f 2605/4693/6500 2772/5059/6500 3338/5488/6500
f 2737/4543/6501 2376/5218/6501 2736/4541/6501
f 2877/5048/6502 3223/4684/6502 2637/5120/6502
f 2432/4315/6503 3106/4761/6503 3125/4316/6503
f 3370/5106/6504 2592/5341/6504 3437/5107/6504
f 2635/4564/6505 2381/4773/6505 3119/4432/6505
f 3109/5527/6506 3041/5358/6506 3148/4798/6506
f 2402/4356/6507 2964/4424/5761 3331/5180/5760
f 2521/4846/6508 2993/4584/6508 3114/4052/6508
f 3317/4507/6509 3050/5819/6509 2610/4508/6509
f 2742/4676/6510 3084/4845/6510 3229/4417/6510
f 2375/5734/6086 3216/4701/6511 2859/4703/6087
f 2704/5147/6512 2330/5146/6512 3311/4270/6512
f 2693/4085/6513 2318/4084/6513 2391/5045/6513
f 2757/4925/5164 3037/4506/5163 3276/5077/5463
f 2705/4495/6514 3166/4533/6514 3165/4496/6514
f 2276/5322/6515 2795/5383/6515 3213/4456/6515
f 2521/4846/6516 2528/4582/6516 2993/4584/6516
f 2806/4681/6123 2807/4988/6125 2809/4682/6517
f 2442/4870/6518 3118/5498/6518 2441/4868/6518
f 2950/5567/6519 2805/4616/6519 2990/5011/6519
f 2869/5111/6520 2340/4785/6520 3202/4450/6520
f 2800/4103/6521 2554/4917/6521 2380/4104/6521
f 3321/4228/6522 3095/4735/6522 2837/4490/6522
f 3037/4506/6523 3422/4505/6523 3379/5075/6523 3276/5077/6523
f 2879/5553/6524 2295/5464/6524 2452/5349/6524
f 2901/4090/6525 2788/5635/6525 3277/4643/6525
f 2886/4951/6526 2677/5447/6526 3017/4952/6526
f 3072/5860/6527 3301/5193/6527 3073/5861/6527
f 3095/4735/6528 3321/4228/6070 2765/5015/6069
f 2505/4272/5625 2330/5146/6529 3205/4497/5623
f 3078/4717/6530 3077/4041/6530 2326/4040/6530
f 3169/5121/6531 2431/4555/6531 2592/5341/6531
f 3273/4425/6295 2964/4424/6532 3050/5819/6293
f 2288/4527/6533 3341/4526/6534 2270/4373/6535
f 3341/4526/6534 2376/5218/6536 2270/4373/6535
f 2961/4836/5285 2371/4759/5284 2341/4835/6537
f 2273/4219/6538 3108/4915/6538 2631/5536/6538
f 3296/4744/6539 2263/5522/6539 2494/4743/6539
f 3052/5862/6540 2899/5191/6540 2508/5190/6540
f 2652/5481/6541 2489/5144/6541 2890/5842/6541
f 3324/4262/6542 2524/4289/6542 3058/4291/6542
f 3202/4450/6543 2803/5453/6543 2305/4451/6543
f 2851/4621/6544 2643/4970/6544 3315/4622/6544
f 2579/5494/6545 2992/4111/6545 2581/5194/6545
f 3019/5303/6546 2535/5533/6546 2462/5304/6546
f 2578/5409/6547 3023/4939/6547 2866/5259/6547
f 2955/4165/6548 3154/4179/6548 2970/4331/6548
f 2471/5080/6549 2628/4268/6549 2875/5081/6549
f 2315/4897/5272 2594/4754/6550 2999/4339/5273
f 2546/5714/6551 2788/5635/6551 3041/5358/6551
f 3176/5506/6552 3093/4903/6552 2361/5505/6552
f 3355/5671/6553 3442/5088/6553 2611/4445/6553 2526/4998/6553
f 2760/5416/6554 2812/4352/6554 3043/4826/6554
f 3462/4565/6555 2646/4446/6555 3454/4442/6555
f 2777/4468/6556 2864/4099/6556 3123/4571/6556
f 3445/5600/6557 3212/5633/6557 3372/5601/6557
f 3245/5863/6558 2902/4944/6558 2997/4943/6558
f 2973/5864/6559 3374/5865/6559 3382/5866/6559
f 3166/5549/6560 3112/5208/6560 3312/5867/6560
f 2451/5022/6561 2540/5343/5175 2562/5342/5174
f 3307/5220/6562 2447/5529/6562 2347/4801/6562
f 2810/4358/6563 2703/4683/4598 2809/4682/4597
f 3285/5540/6564 2980/5821/6564 2937/5588/6564
f 3380/4030/6565 3482/5663/6565 2370/4028/6565
f 3464/4264/6566 2468/4233/6566 2827/4478/6566 3398/4265/6566
f 2788/5635/6567 2325/5532/6567 3041/5358/6567
f 2399/4606/6568 2941/4598/6568 2466/4597/6568
f 2485/4927/6569 2989/5380/6569 3207/5778/6569
f 3224/4913/6570 3118/5498/6570 2437/5868/6570
f 2619/5511/6571 3224/5869/6571 2437/4209/6571
f 2617/5480/6572 2756/4171/6572 3168/4173/6572
f 3340/4249/6573 3091/5517/6573 2488/5158/6573
f 2389/5186/6574 2390/4671/6574 3080/5281/6574
f 3083/5412/6575 3038/4342/6575 2473/4537/6575
f 3311/4270/6576 2330/5146/6576 2505/4272/6576
f 2298/4877/6577 2754/4841/6577 2774/5178/6577
f 2797/5558/6578 3340/5560/6578 2796/5870/6578
f 3230/4834/6579 2785/4866/6579 2784/5156/6579
f 2553/4750/6580 2968/4749/6580 2277/5378/6580
f 3288/4696/6581 2260/4355/6581 3020/4357/6581
f 2667/4070/6582 3084/4845/6582 2521/4846/6582
f 2293/5253/6583 2959/4460/6583 3265/4755/6583
f 3387/5377/6584 3396/5160/6584 2497/5325/6584 2275/5324/6584
f 2699/5649/6585 3050/5819/6585 3317/4507/6585
f 2594/4754/6221 2351/5277/6586 2998/5400/6222
f 2610/4508/6587 2403/4733/6587 2966/5871/6587
f 3056/4860/6588 3055/4257/6588 2663/5703/6588
f 2966/5871/6589 2491/5014/6589 3487/5872/6589 3507/5873/6589
f 3135/5457/6590 3137/4100/6590 3184/4997/6590
f 2286/4063/6591 2530/4421/6591 2636/4232/6591
f 3347/4333/6592 3294/4441/6592 3319/5287/6592 3366/4334/6592
f 3358/5874/6593 3374/5865/6593 2973/5864/6593
f 3148/4798/6594 3041/5358/6594 2325/5532/6594
f 2416/4129/6595 2580/5200/6595 2791/5761/6595
f 2780/5470/6596 2831/4614/6596 2779/5468/6596
f 3332/4514/6597 3241/4520/6597 2714/4515/6597
f 2706/5605/6598 2832/4454/6337 3044/5167/6336
f 3301/5193/6599 2972/5195/6599 3073/5861/6599
f 2993/4584/6600 2408/4922/6600 2996/4053/6600
f 2270/4373/6601 2840/5066/6601 2288/4527/6601
f 2282/4644/6602 2444/4247/6602 2598/4929/6602
f 2971/4095/6603 3140/5875/6603 2369/4096/6603
f 2726/5876/6604 3002/5280/6604 2727/4979/6604
f 2863/5877/6605 3158/5721/6605 3298/5501/6605
f 3046/5878/6606 3045/4042/6606 2663/5703/6606
f 2284/5267/6607 2265/5009/6077 3308/5433/6076
f 2413/5196/6608 2414/5632/6608 2909/4707/6608
f 2569/4138/4703 2961/4836/4702 2343/5002/6609
f 2823/5879/6610 2484/4802/5965 2447/5529/5967
f 3201/5579/6611 3293/4624/6611 2903/4601/6611
f 3032/4771/6612 2396/5492/6612 3033/5547/6612
f 3292/5833/6613 3256/5832/6613 2559/5880/6613
f 2990/5011/6614 2805/4616/6614 2493/4378/6614
f 2949/5630/6615 2379/5881/6615 2662/4882/6615
f 3072/5113/6616 3073/5882/6616 2357/5804/6616
f 3228/4993/6617 2602/4752/6617 2952/5027/6617
f 2781/4073/6618 2552/4215/6618 3434/5438/6618 3449/5756/6618
f 2291/4169/5822 2974/4608/5821 2411/4719/6619
f 3239/4282/6620 2510/4033/6620 2929/4806/6620
f 2573/4899/6621 3094/4091/6621 2574/4539/6621
f 2607/5035/6622 2469/5212/6622 2825/4529/6622
f 2643/4970/6623 2374/5660/6623 2489/5845/6623
f 3167/4027/6624 2358/4026/6624 2586/4828/6624
f 3251/4794/6625 2456/4611/6625 2337/4556/6625
f 2610/4508/6626 2964/4424/6626 2403/4733/6626
f 3050/5819/6627 2964/4424/6627 2610/4508/6627
f 2907/4661/6628 3328/4886/6628 3056/4860/6628
f 2403/4733/6629 2491/5014/6629 2966/5871/6629
f 3309/4969/6630 2525/5535/6630 2862/5397/6630
f 2413/5196/6631 2909/4707/6631 2552/4215/6631
f 3333/4256/6632 2906/4255/6632 2501/4263/6632
f 3169/5121/6633 3392/5592/6633 3390/5122/6633
f 3241/5883/6634 2386/5621/6634 2714/5623/6634
f 3281/4510/6635 2542/4512/6635 2543/4879/6635
f 2351/5277/6636 2595/4461/6636 2926/5301/6636
f 2858/5443/6637 2954/4322/6637 2857/4321/6637
f 2793/5417/6638 2338/5255/6495 2839/5127/6495
f 2994/4727/6639 2354/4467/6639 2264/4728/6639
f 3288/4696/6640 2660/4697/6640 2392/5546/6640
f 2997/4943/6641 3231/5477/6641 3245/5863/6641
f 3047/5242/6642 2946/5631/6642 2947/5008/6642
f 2934/5003/6643 2570/4535/6643 2634/4369/6643
f 3313/5884/6644 2577/4630/6644 3342/5230/6644
f 3137/4100/6645 2422/4452/6645 2588/4453/6645
f 2987/5199/6646 2309/4869/6646 2441/4868/6646
f 2658/5693/6647 2309/4869/6647 2987/5199/6647
f 2491/5014/6648 3329/5016/6648 3517/5885/6648 3487/5872/6648
f 2850/5004/6649 2487/4251/6649 2848/4250/6649
f 3290/5719/6650 3016/5502/6650 2889/4651/6650
f 2455/4178/6651 2871/4560/6651 3154/4179/6651
f 2701/4492/6652 2702/4973/6652 2927/4493/6652
f 3151/5886/6653 2767/5887/6653 2428/5888/6653
f 2719/5889/6654 2894/5890/6654 3240/5891/6654
f 3240/4709/6655 2894/5388/6655 2483/4710/6655
f 3212/5633/6656 2786/4266/6656 3433/5346/6656 3372/5601/6656
f 2679/4480/6657 2412/4479/6657 3485/5625/6657 3484/5392/6657
f 2929/4806/6658 3483/5270/6658 3479/5269/6658 3239/4282/6658
f 2887/5043/6659 3468/5792/6659 3467/5791/6659 2692/5720/6659
f 2350/5401/6660 3465/5843/6661 3483/5270/6661 2929/4806/6661
f 3060/4327/4562 3036/4097/4561 2632/4180/6662
f 2957/5365/6663 2702/4973/6663 3457/4243/6663 3478/4242/6663
f 2678/5231/6664 2679/4480/6664 3453/5391/6664 3480/5603/6664
f 3308/5433/6665 2363/5293/6665 2717/4302/6665
f 3342/5230/6291 2678/5231/6666 3480/5603/6666 3447/5222/6292
f 3291/5175/6667 3342/5237/6667 3446/5781/6177 3477/5176/6177
f 2925/5440/6668 3473/5645/6668 3445/5600/6668 3260/5039/6668
f 2468/4233/6669 3464/4264/6669 3444/4246/6669 2467/4231/6669
f 2290/5375/6150 2338/5255/6670 2312/4136/6148
f 3327/4610/6671 3215/4609/6671 3440/5309/6671 3486/5272/6671
f 2595/4461/6672 3086/4429/6672 3439/5251/6672 3448/5250/6672
f 3086/4429/6673 3289/4428/6673 3474/5174/6673 3438/5704/6673
f 3415/5288/6674 3264/4335/6674 3365/5286/6674
f 2815/5686/6675 3449/5756/6675 3434/5438/6675 2568/4192/6675
f 2568/4192/6676 3434/5438/6676 3452/4706/6676 2925/5440/6676
f 2925/5440/6677 3428/4708/6677 3473/5645/6677
f 2533/5757/6678 2699/5649/6678 3471/5766/6678 3421/5765/6678
f 2815/5686/6679 3160/5799/6679 3441/4075/6679 3420/4074/6679
f 2815/5686/6680 3420/4074/6680 3449/5756/6680
f 2407/5115/6681 3416/5114/6354 3417/4996/4824 3257/5413/6682
f 2651/5393/6683 3484/5392/6683 3485/5625/6683 2406/4237/6683
f 2808/4604/6684 2872/4114/6684 3425/5520/6684 3412/4605/6684
f 2350/5401/6660 3411/4910/6685 3465/5843/6661
f 3016/5502/6686 2884/5619/6686 3017/4872/6686
f 3211/5528/6687 3427/5352/6687 3408/5351/6687 2625/5108/6687
f 2926/5301/6688 3470/5411/6688 3404/5410/6689 2351/5277/6690
f 3088/5538/6691 2351/5277/6690 3404/5410/6689 3405/5407/6691
f 3215/5451/6692 3257/5413/6692 3403/4176/6692 3475/4175/6692
f 3257/5413/6682 3417/4996/4824 3403/4176/4824
f 2387/5019/6693 3409/4029/6693 3402/5177/6693 2768/4562/6693
f 2336/4366/6694 3069/4365/6694 3026/5017/6694
f 3150/5624/6695 2533/5757/6695 3401/5788/6695 3456/4800/6695
f 3335/4843/6401 2626/5110/6400 3414/5101/6696 3397/5100/6696
f 3327/4610/6697 3395/5271/6697 3399/5666/6697 2828/4051/6697
f 2467/4231/6698 3443/4245/6698 3393/5099/6698
f 3211/5528/6699 3390/5122/6699 3392/5592/6699
f 3291/5175/6700 3476/4204/6700 3389/4203/6700 3136/5892/6700
f 3307/5220/6701 3388/5123/6701 3390/5122/6701 3211/5528/6701
f 2553/4750/6702 2277/5378/6702 3387/5377/6702 3386/5290/6702
f 2320/4341/6703 2911/5085/6703 2670/4280/6703
f 2799/4596/6704 3424/5330/6704 3383/5329/6704 3336/4634/6704
f 2415/5327/6705 2417/4462/6705 2746/4391/6705
f 3035/4887/6706 2422/4452/6706 2419/4102/6706
f 2387/5019/6707 3380/4030/6707 3409/4029/6707
f 3076/4885/6708 3326/4714/6708 3379/5075/6708 3422/4505/6708
f 3059/5893/6709 3206/5894/6709 2474/5895/6709
f 2335/4631/6710 3110/4076/6710 2747/5722/6710
f 2836/5134/6711 2599/4107/6711 2835/4106/6711
f 2864/4099/6712 2777/4468/6712 2778/5170/6712
f 2962/4137/6713 2532/4760/6713 2961/4836/6713
f 2467/4231/6714 3393/5099/6714 3375/5493/6714 3068/5232/6714
f 3307/5220/6715 3068/5232/6715 3375/5493/6715 3458/5219/6715
f 3391/5264/5085 3381/5266/5085 2321/5367/6716 3235/5366/6716
f 2933/5654/6717 2802/4044/6717 2296/4043/6717
f 3010/5345/6718 3382/5672/6718 3374/5403/6718
f 2432/4315/5125 2493/4378/5124 3106/4761/6719
f 2581/5194/6720 2992/4111/6720 2991/5751/6720
f 3260/5039/6721 3372/5601/6721 3433/5346/6721 2827/4478/6721
f 2533/5757/6722 3421/5765/6722 3371/5427/6722
f 2625/5108/6723 3408/5351/6723 3370/5106/6723
f 3160/5799/6724 3369/4578/6724 3441/4075/6724
f 2768/5896/6725 3402/5723/6725 3369/4578/6725 3160/5799/6725
f 3010/5345/6726 2266/4837/6726 3368/5673/6726 3382/5672/6726
f 2692/5720/6727 3367/5807/6727 3435/5629/6727 2981/5044/6727
f 3119/4432/6728 3243/5064/6728 3249/5479/6728
f 2341/4835/6430 2913/4659/6431 3483/5270/6431 3465/5843/6431
f 2926/5301/6729 3364/5300/6729 3378/5763/6729
f 2560/4049/6730 3363/4544/6730 3385/4236/6730 2412/4479/6730
f 3424/5330/6731 3423/4595/6731 2771/4064/6731
f 2609/5897/6732 3360/5314/6732 3359/4776/6732
f 2821/5555/6733 2609/5897/6733 3359/4776/6733 3431/4775/6733
f 3400/5426/6734 2511/5128/6734 3401/5788/6734
f 3336/4634/6735 3356/5318/6735 3468/5317/6735 2887/4155/6735
f 2544/5898/6736 3355/5899/6736 3357/5419/6736 3204/5421/6736
f 2569/4138/6737 2934/5003/6737 3217/5708/6737
f 3088/5538/6738 3405/5407/6738 3354/4911/6738
f 3088/5538/6739 3354/4911/6739 3411/4910/6739 2350/5401/6739
f 3335/5717/6740 3353/5716/6740 3406/5900/6740
f 3136/4962/6741 3352/4961/6741 3351/4473/6741
f 3150/5624/6742 3463/4730/6742 3350/4594/6742 2799/4596/6742
f 2460/5901/6743 3349/5364/6743 3429/5363/6743 3323/5491/6743
f 2969/5133/6744 3373/5450/6744 3349/5449/6744 2460/4222/6744
f 2517/4840/6745 2548/4588/6745 3490/5902/6745 3488/5903/6745
f 2927/4493/6746 2957/5365/6746 3481/4741/6746 3348/4189/6746
f 3248/5904/6747 2900/5198/6747 2526/5197/6747
f 2499/5319/6748 3021/4742/6748 3181/4393/6748
f 2828/4051/6749 3399/5666/6749 3346/5086/6749
f 3335/4843/5710 3406/4672/6750 3345/4465/6750 2430/4200/5711
f 2430/4200/6751 3345/4465/6751 3344/4464/6751 2609/5897/6751
f 2609/5897/6752 3344/4464/6752 3360/5314/6752
f 2625/5108/6753 3437/5107/6753 3343/5486/6753
f 2626/5110/4927 2625/5108/4926 3343/5486/6754 3414/5101/6754
f 2710/4509/6755 2610/4508/6755 3493/5905/6755 3498/4838/6755
f 2863/5877/6756 3298/5501/6756 3516/5906/6756 3505/5907/6756
f 2941/4598/6757 2584/5573/6757 3492/5908/6757 3506/4599/6757
f 2819/4900/6758 2700/4654/6758 3497/5909/6758 3503/5910/6758
f 2584/5573/6759 2680/5701/6759 3496/5911/6759 3492/5908/6759
f 2322/4126/6760 2731/4873/6760 3500/5755/6760 3145/5912/6760
f 3100/4878/6761 3244/5371/6761 3514/5913/6761 3512/5785/6761
f 2306/4729/6762 3279/4941/6762 3515/5914/6762 3203/5915/6762
f 2995/5753/6763 2994/4727/6763 3509/5916/6763 3510/5754/6763
f 2562/5342/6764 2538/5084/6764 3489/5917/6764 3491/5519/6764
f 3033/5547/6765 2752/5548/6765 3501/5918/6765 3511/5919/6765
f 2610/4508/6766 2966/5871/6766 3507/5873/6766 3493/5905/6766
f 2700/4654/6767 2517/4840/6767 3488/5903/6767 3497/5909/6767
f 2538/5084/6768 2729/5569/6768 3499/5681/6768 3489/5917/6768
f 2548/4588/6769 2433/4862/6769 2384/5920/6769 3490/5902/6769
f 2262/5674/6770 3368/5673/6770 3518/5921/6770 2316/5738/6770
f 3298/5922/6771 3151/5886/6771 3513/5923/6771 3516/5924/6771
f 2433/4862/6772 2322/5925/6772 3145/5926/6772 2384/5920/6772
f 3151/5886/6773 2428/5888/6773 2385/5927/6773 3513/5923/6773
f 3279/4941/6774 2466/4597/6774 2457/4600/6774 3515/5914/6774
f 3244/5371/6775 2819/4900/6775 3503/5910/6775 3514/5913/6775
f 3368/5673/6776 2266/4837/6776 2313/4839/6776 3518/5921/6776
f 2428/4198/6777 2821/5555/6777 3504/5556/6777 2385/5928/6777
f 2752/5042/6778 2328/5021/6778 2395/5024/6778 3501/5929/6778
f 3329/5016/6779 2614/5593/6779 3494/5828/6779 3517/5885/6779
f 2994/4727/6780 2306/4729/6780 3203/5915/6780 3509/5916/6780
f 3744/5930/6781 3786/5931/6781 3799/5932/6781 3780/5933/6781
f 3712/5934/6782 3671/5935/6782 3713/5936/6782
f 3702/5937/6783 3728/5938/6783 3735/5939/6783
f 3719/5940/6784 3658/5941/6784 3661/5942/6784
f 3521/5943/6785 3732/5944/6785 3531/5945/6785
f 3799/5946/6786 3724/5947/6786 3704/5948/6786
f 3717/5949/6787 3804/5950/6787 3567/5951/6787
f 3699/5952/6788 3622/5953/6788 3715/5954/6788
f 3552/5955/6789 3653/5956/6789 3777/5957/6789
f 3523/5958/6790 3718/5959/6790 3812/5960/6790
f 3768/5961/6791 3733/5962/6791 3745/5963/6791
f 3526/5964/6792 3787/5965/6792 3528/5966/6792
f 3801/5967/6793 3561/5968/6793 3776/5969/6793
f 3707/5970/6794 3801/5967/6794 3776/5969/6794
f 3662/5971/6795 3802/5972/6796 3795/5973/6797
f 3728/5974/6798 3796/5975/6798 3734/5976/6798
f 3523/5958/6799 3741/5977/6799 3766/5978/6799
f 3766/5978/6800 3742/5979/6800 3731/5980/6800
f 3798/5981/6801 3562/5982/6801 3656/5983/6801
f 3794/5984/6802 3790/5985/6802 3723/5986/6802
f 3733/5962/6803 3563/5987/6803 3745/5963/6803
f 3765/5988/6804 3672/5989/6804 3752/5990/6804
f 3747/5991/6805 3735/5992/6805 3734/5976/6805
f 3554/5993/6806 3718/5959/6806 3810/5994/6806
f 3753/5995/6807 3653/5956/6807 3552/5955/6807
f 3536/5996/6808 3767/5997/6808 3521/5943/6808
f 3812/5960/6809 3718/5959/6809 3736/5998/6809
f 3797/5999/6810 3715/6000/6810 3714/6001/6810
f 3790/5985/6811 3794/5984/6811 3558/6002/6811
f 3558/6002/6812 3564/6003/6812 3790/5985/6812
f 3559/6004/6813 3807/6005/6813 3705/6006/6813
f 3545/6007/6814 3771/6008/6814 3779/6009/6814
f 3784/6010/6815 3703/6011/6815 3741/5977/6815
f 3740/6012/6816 3763/6013/6816 3757/6014/6816
f 3531/5945/6817 3732/5944/6817 3773/6015/6817
f 3548/6016/6818 3520/6017/6818 3772/6018/6818
f 3782/6019/6819 3702/5937/6819 3655/6020/6819
f 3540/6021/6820 3766/5978/6820 3721/6022/6820
f 3803/6023/6821 3550/6024/6821 3559/6025/6821
f 3563/5987/6822 3534/6026/6822 3740/6012/6822
f 3809/6027/6823 3725/6028/6823 3706/6029/6823
f 3711/6030/6824 3738/6031/6824 3808/6032/6824
f 3699/6033/6825 3716/6034/6825 3622/6035/6825
f 3556/6036/6826 3813/6037/6826 3789/6038/6826
f 3796/5975/6827 3777/5957/6827 3653/5956/6827
f 3706/6029/6828 3746/6039/6828 3717/5949/6828
f 3793/6040/6829 3724/5947/6829 3786/6041/6829
f 3547/6042/6830 3760/6043/6830 3700/6044/6830
f 3709/6045/6831 3808/6032/6832 3535/6046/6833
f 3526/5964/6834 3708/6047/6834 3566/6048/6834
f 3753/5995/6835 3552/5955/6835 3767/5997/6835
f 3723/6049/6836 3773/6015/6836 3547/6042/6836
f 3745/5963/6837 3563/5987/6837 3530/6050/6837
f 3754/6051/6838 3743/6052/6838 3737/6053/6838
f 3530/6054/6839 3791/6055/6839 3710/6056/6839
f 3747/5991/6840 3753/5995/6840 3536/5996/6840
f 3798/5981/6841 3722/6057/6841 3782/6019/6841
f 3701/6058/6842 3720/6059/6842 3721/6022/6842
f 3726/6060/6843 3701/6058/6843 3731/5980/6843
f 3770/6061/6844 3542/6062/6844 3781/6063/6844
f 3539/6064/6845 3725/6028/6845 3735/5939/6845
f 3773/6015/6846 3710/6056/6847 3531/5945/6848
f 3557/6065/6849 3793/6040/6849 3786/6041/6849
f 3765/5988/6850 3549/6066/6850 3744/5930/6850
f 3708/6047/6851 3526/5964/6852 3534/6026/6853
f 3787/5965/6854 3793/6040/6854 3557/6065/6854
f 3543/6067/6855 3758/6068/6855 3739/6069/6855
f 3702/5937/6856 3725/6028/6856 3655/6020/6856
f 3537/6070/6857 3776/6071/6857 3698/6072/6857
f 3698/6072/6858 3814/6073/6858 3537/6070/6858
f 3802/5972/6796 3662/5971/6795 3777/5957/6859
f 3524/6074/6860 3520/6017/6860 3548/6016/6860
f 3705/6075/6861 3658/5941/6861 3719/5940/6861
f 3543/6076/6862 3669/6077/6862 3529/6078/6862
f 3545/6007/6863 3760/6043/6863 3547/6042/6863
f 3698/6072/6864 3527/6079/6864 3814/6073/6864
f 3529/6078/6865 3759/6080/6865 3801/5967/6865
f 3801/5967/6866 3663/6081/6866 3529/6078/6866
f 3709/6045/6867 3568/6082/6867 3566/6048/6867
f 3746/6083/6868 3804/6084/6868 3717/6085/6868
f 3761/6086/6869 3750/6087/6869 3799/5946/6869
f 3739/6088/6870 3798/5981/6870 3656/5983/6870
f 3550/6024/6871 3803/6023/6871 3738/6031/6871
f 3737/6053/6872 3545/6007/6872 3664/6089/6872
f 3551/6090/6873 3555/6091/6873 3565/6092/6873
f 3726/6060/6874 3731/5980/6874 3561/5968/6874
f 3743/6052/6875 3699/6033/6875 3715/6000/6875
f 3654/6093/6876 3550/6094/6876 3533/6095/6876
f 3772/6018/6877 3525/6096/6877 3548/6016/6877
f 3536/5996/6878 3746/6083/6878 3539/6097/6878
f 3760/6043/6879 3545/6007/6880 3779/6009/6881
f 3803/6023/6882 3805/6098/6882 3535/6046/6882
f 3785/6099/6883 3804/6084/6883 3746/6083/6883
f 3541/6100/6884 3813/6037/6884 3556/6036/6884
f 3559/6025/6885 3705/6075/6885 3805/6098/6885
f 3528/5966/6886 3740/6012/6886 3534/6026/6886
f 3793/6040/6887 3787/5965/6888 3566/6048/6889
f 3710/6056/6847 3773/6015/6846 3768/6101/6890
f 3660/6102/6891 3751/6103/6891 3544/6104/6891
f 3750/6105/6892 3780/5933/6892 3799/5932/6892
f 3563/5987/6893 3733/5962/6893 3534/6026/6893
f 3733/5962/6894 3790/5985/6894 3564/6003/6894
f 3729/6106/6895 3730/6107/6895 3755/6108/6895
f 3560/6109/6896 3762/6110/6896 3795/5973/6896
f 3731/5980/6897 3668/6111/6897 3561/5968/6897
f 3780/5933/6898 3750/6105/6898 3556/6036/6898
f 3657/6112/6899 3665/6113/6899 3522/6114/6899
f 3800/6115/6900 3700/6044/6900 3760/6043/6900
f 3726/6060/6901 3562/5982/6901 3701/6058/6901
f 3806/6116/6902 3716/6034/6902 3699/6033/6902
f 3722/6057/6903 3728/5938/6903 3782/6019/6903
f 3800/6115/6904 3779/6009/6904 3542/6117/6904
f 3805/6098/6905 3719/5940/6905 3775/6118/6905
f 3810/5994/6906 3811/6119/6906 3809/6027/6906
f 3741/5977/6907 3544/6104/6907 3742/5979/6907
f 3703/6011/6908 3525/6096/6908 3544/6104/6908
f 3704/5948/6909 3568/6082/6909 3546/6120/6909
f 3733/5962/6910 3538/6121/6910 3534/6026/6910
f 3655/6020/6911 3811/6119/6911 3720/6059/6911
f 3525/6096/6912 3772/6018/6912 3549/6122/6912
f 3567/5951/6913 3736/5998/6913 3554/5993/6913
f 3567/5951/6914 3791/6123/6914 3569/6124/6914
f 3808/6032/6915 3783/6125/6915 3558/6002/6915
f 3530/6050/6916 3563/5987/6916 3757/6014/6916
f 3810/5994/6917 3540/6021/6917 3811/6119/6917
f 3655/6020/6918 3720/6059/6918 3782/6019/6918
f 3530/6126/6919 3757/6127/6919 3569/6124/6919
f 3538/6121/6920 3783/6125/6920 3708/6047/6920
f 3895/6128/6921 3909/6129/6921 3678/6130/6921
f 3678/6130/6922 3879/6131/6922 3895/6128/6922
f 3853/6132/6923 3880/6133/6923 3831/6134/6923
f 3636/6135/6924 3884/6136/6924 3837/6137/6924
f 3642/6138/6925 3639/6139/6925 3829/6140/6925
f 3913/6141/6926 3832/6142/6926 3851/6143/6926
f 3821/6144/6927 3877/6145/6927 3818/6146/6927
f 3598/6147/6928 3838/6148/6928 3857/6149/6928
f 3642/6138/6929 3886/6150/6929 3697/6151/6929
f 3898/6152/6930 3836/6153/6930 3822/6154/6930
f 3612/6155/6931 3841/6156/6931 3608/6157/6931
f 3848/6158/6932 3850/6159/6932 3916/6160/6932
f 3872/6161/6933 3882/6162/6933 3878/6163/6933
f 3912/6164/6934 3859/6165/6934 3883/6166/6934
f 3600/6167/6935 3857/6149/6935 3870/6168/6935
f 3892/6169/6936 3916/6160/6936 3587/6170/6936
f 3617/6171/6937 3874/6172/6937 3694/6173/6937
f 3680/6174/6938 3595/6175/6938 3574/6176/6938
f 3621/6177/6939 3848/6158/6939 3882/6178/6939
f 3822/6154/6940 3875/6179/6940 3618/6180/6940
f 3590/6181/6941 3852/6182/6941 3572/6183/6941
f 3849/6184/6942 3687/6185/6942 3596/6186/6942
f 3903/6187/6943 3911/6188/6944 3823/6189/6945
f 3610/6190/6946 3620/6191/6946 3621/6192/6946
f 3621/6192/6947 3854/6193/6947 3610/6190/6947
f 3681/6194/6948 3846/6195/6948 3904/6196/6948
f 3817/6197/6949 3820/6198/6949 3880/6133/6949
f 3686/6199/6950 3885/6200/6950 3863/6201/6950
f 3576/6202/6951 3885/6200/6951 3686/6199/6951
f 3872/6203/6952 3621/6177/6952 3882/6178/6952
f 3817/6197/6953 3892/6169/6953 3820/6198/6953
f 3583/6204/6954 3581/6205/6954 3844/6206/6954
f 3697/6151/6955 3886/6150/6955 3684/6207/6955
f 3818/6146/6956 3879/6131/6956 3678/6130/6956
f 3601/6208/6957 3867/6209/6957 3899/6210/6957
f 3821/6144/6958 3571/6211/6958 3901/6212/6958
f 3591/6213/6959 3901/6212/6959 3845/6214/6959
f 3845/6214/6960 3857/6215/6960 3591/6213/6960
f 3863/6201/6961 3580/6216/6961 3611/6217/6961
f 3605/6218/6962 3902/6219/6962 3582/6220/6962
f 3907/6221/6963 3680/6174/6963 3574/6176/6963
f 3872/6161/6964 3854/6193/6964 3621/6192/6964
f 3845/6214/6965 3575/6222/6965 3674/6223/6965
f 3818/6146/6966 3825/6224/6966 3879/6131/6966
f 3619/6225/6967 3850/6159/6967 3621/6177/6967
f 3817/6197/6968 3878/6226/6968 3882/6178/6968
f 3817/6197/6969 3843/6227/6969 3878/6226/6969
f 3625/6228/6970 3686/6199/6970 3816/6229/6970
f 3834/6230/6971 3830/6231/6971 3607/6232/6971
f 3609/6233/6972 3826/6234/6972 3876/6235/6972
f 3694/6236/6973 3874/6237/6973 3825/6224/6973
f 3585/6238/6974 3868/6239/6974 3689/6240/6974
f 3695/6241/6975 3837/6137/6975 3910/6242/6975
f 3893/6243/6976 3570/6244/6976 3836/6153/6976
f 3585/6238/6977 3890/6245/6977 3606/6246/6977
f 3827/6247/6978 3603/6248/6978 3586/6249/6978
f 3578/6250/6979 3852/6182/6980 3608/6157/6981
f 3893/6243/6982 3878/6163/6982 3843/6251/6982
f 3674/6223/6983 3863/6201/6983 3885/6200/6983
f 3600/6167/6984 3591/6252/6984 3857/6149/6984
f 3599/6253/6985 3891/6254/6986 3592/6255/6987
f 3902/6256/6988 3577/6257/6988 3895/6128/6988
f 3860/6258/6989 3914/6259/6989 3586/6249/6989
f 3589/6260/6990 3595/6175/6990 3682/6261/6990
f 3824/6262/6991 3586/6249/6991 3603/6248/6991
f 3599/6253/6985 3592/6255/6987 3830/6231/6992
f 3675/6263/6993 3838/6148/6993 3890/6245/6993
f 3890/6245/6994 3838/6148/6994 3889/6264/6994
f 3895/6128/6995 3879/6131/6995 3835/6265/6995
f 3592/6255/6996 3582/6220/6996 3617/6171/6996
f 3574/6176/6997 3909/6129/6997 3907/6221/6997
f 3884/6136/6998 3636/6135/6998 3685/6266/6998
f 3681/6267/6999 3889/6264/6999 3598/6147/6999
f 3592/6255/7000 3891/6254/7000 3605/6218/7000
f 3690/6268/7001 3676/6269/7001 3615/6270/7001
f 3611/6217/7002 3573/6271/7002 3864/6272/7002
f 3846/6195/7003 3674/6223/7003 3904/6196/7003
f 3585/6238/7004 3844/6206/7004 3819/6273/7004
f 3898/6152/7005 3834/6230/7005 3836/6153/7005
f 3914/6259/7006 3596/6186/7006 3912/6164/7006
f 3593/6274/7007 3581/6205/7007 3587/6170/7007
f 3888/6275/7008 3875/6276/7009 3906/6277/7010
f 3834/6230/7011 3893/6243/7011 3836/6153/7011
f 3855/6278/7012 3867/6209/7012 3601/6208/7012
f 3850/6159/7013 3851/6143/7013 3579/6279/7013
f 3880/6133/7014 3820/6198/7015 3614/6280/7016
f 3884/6281/7017 3685/6282/7017 3594/6283/7017
f 3892/6169/7018 3817/6197/7018 3882/6178/7018
f 3601/6208/7019 3868/6239/7019 3606/6246/7019
f 3909/6129/7020 3895/6128/7020 3869/6284/7020
f 3606/6246/7021 3868/6239/7021 3585/6238/7021
f 3856/6285/7022 3832/6286/7022 3913/6287/7022
f 3870/6168/7023 3584/6288/7023 3593/6274/7023
f 3614/6280/7024 3583/6204/7024 3862/6289/7024
f 3887/6290/7025 3679/6291/7025 3597/6292/7025
f 3603/6248/7026 3891/6254/7026 3599/6253/7026
f 3688/6293/7027 3886/6150/7027 3595/6175/7027
f 3859/6165/7028 3912/6164/7028 3596/6186/7028
f 3689/6240/7029 3844/6206/7029 3585/6238/7029
f 3579/6279/7030 3832/6142/7030 3915/6294/7030
f 3826/6295/7031 3613/6296/7031 3604/6297/7031
f 3916/6160/7032 3892/6169/7032 3848/6158/7032
f 3881/6298/7033 3618/6180/7033 3588/6299/7033
f 3588/6299/7034 3860/6258/7034 3881/6298/7034
f 3616/6300/7035 3596/6186/7035 3914/6259/7035
f 3607/6232/7036 3908/6301/7036 3854/6193/7036
f 3885/6200/7037 3904/6196/7037 3674/6223/7037
f 3834/6230/7038 3898/6152/7038 3599/6253/7038
f 3615/6302/7039 3676/6303/7039 3855/6278/7039
f 3894/6304/7040 3906/6277/7040 3572/6183/7040
f 3895/6128/7041 3835/6265/7041 3900/6305/7041
f 3900/6305/7042 3902/6256/7042 3895/6128/7042
f 3827/6247/7043 3883/6166/7043 3613/6296/7043
f 3825/6224/7044 3874/6237/7044 3835/6265/7044
f 3903/6187/7045 3690/6306/7045 3911/6188/7045
f 3831/6134/7046 3614/6280/7046 3871/6307/7046
f 3608/6308/7047 3648/6309/7047 3612/6310/7047
f 3611/6217/7048 3864/6272/7048 3682/6261/7048
f 3678/6130/7049 3589/6260/7049 3864/6272/7049
f 3582/6220/7050 3900/6311/7050 3617/6171/7050
f 3594/6283/7051 3815/6312/7051 3853/6313/7051
f 3853/6313/7052 3831/6314/7052 3594/6283/7052
f 3855/6278/7053 3905/6315/7053 3615/6302/7053
f 3612/6155/7054 3866/6316/7054 3839/6317/7054
f 3690/6318/7055 3615/6319/7055 3842/6320/7055
f 3675/6263/7056 3870/6168/7056 3838/6148/7056
f 3820/6198/7057 3892/6169/7057 3897/6321/7057
f 3889/6264/7058 3681/6267/7058 3615/6302/7058
f 3828/6322/7059 3648/6309/7059 3608/6308/7059
f 3827/6247/7060 3613/6296/7060 3605/6218/7060
f 3860/6258/7061 3586/6249/7061 3881/6298/7061
f 3693/6323/7062 3847/6324/7062 3616/6300/7062
f 3880/6133/7063 3853/6132/7063 3873/6325/7063
f 3914/6259/7064 3912/6164/7064 3586/6249/7064
f 3592/6255/7065 3617/6171/7065 3908/6301/7065
f 3607/6232/7066 3830/6231/7066 3908/6301/7066
f 3870/6168/7067 3915/6294/7067 3600/6167/7067
f 3621/6177/7068 3620/6326/7068 3619/6225/7068
f 3553/6327/7069 3774/6328/7069 3612/6329/7069
f 3533/6095/7070 3647/6330/7071 3633/6331/7072
f 3628/6332/7073 3685/6266/7073 3636/6135/7073
f 3659/6333/7074 3635/6334/7074 3623/6335/7074
f 3635/6336/7075 3679/6291/7075 3623/6337/7075
f 3602/6338/7076 3527/6339/7076 3696/6340/7076
f 3887/6341/7077 3647/6342/7077 3623/6343/7077
f 3624/6344/7078 3755/6345/7078 3644/6346/7078
f 3644/6346/7079 3865/6347/7079 3624/6344/7079
f 3625/6348/7080 3716/6349/7080 3806/6350/7080
f 3625/6348/7081 3816/6351/7081 3716/6349/7081
f 3650/6352/7082 3758/6068/7082 3543/6067/7082
f 3867/6353/7083 3758/6068/7083 3650/6352/7083
f 3676/6354/7084 3560/6355/7085 3652/6356/7086
f 3855/6357/7087 3676/6354/7087 3652/6356/7087
f 3626/6358/7088 3813/6037/7088 3637/6359/7088
f 3637/6360/7089 3888/6361/7089 3626/6362/7089
f 3625/6348/7090 3806/6350/7090 3627/6363/7090
f 3627/6364/7091 3686/6199/7091 3625/6228/7091
f 3683/6365/7092 3639/6139/7092 3622/6366/7092
f 3814/6073/7093 3602/6367/7093 3628/6368/7093
f 3629/6369/7094 3714/6370/7094 3639/6371/7094
f 3639/6372/7095 3642/6373/7095 3629/6374/7095
f 3807/6375/7096 3847/6376/7096 3631/6377/7096
f 3632/6378/7097 3748/6379/7097 3730/6107/7097
f 3632/6378/7098 3730/6107/7098 3729/6106/7098
f 3849/6380/7099 3654/6093/7099 3633/6331/7099
f 3634/6381/7100 3665/6113/7100 3657/6112/7100
f 3643/6382/7101 3707/6383/7101 3636/6384/7101
f 3636/6384/7102 3837/6385/7102 3643/6382/7102
f 3739/6069/7103 3758/6068/7103 3652/6356/7103
f 3758/6068/7104 3867/6353/7104 3652/6356/7104
f 3716/6386/7105 3816/6387/7105 3622/6388/7105
f 3637/6360/7106 3588/6299/7106 3888/6361/7106
f 3641/6389/7107 3688/6293/7107 3680/6174/7107
f 3680/6174/7108 3635/6336/7108 3641/6389/7108
f 3899/6390/7109 3663/6391/7109 3695/6392/7109
f 3729/6393/7110 3624/6394/7110 3684/6207/7110
f 3727/6395/7111 3665/6113/7111 3634/6381/7111
f 3866/6396/7112 3774/6328/7112 3756/6397/7112
f 3640/6398/7113 3666/6399/7113 3667/6400/7113
f 3696/6401/7114 3527/6079/7114 3815/6402/7114
f 3641/6403/7115 3749/6404/7115 3748/6379/7115
f 3748/6379/7116 3632/6378/7116 3641/6403/7116
f 3648/6405/7117 3712/6406/7117 3553/6407/7117
f 3553/6408/7118 3612/6409/7118 3648/6410/7118
f 3815/6402/7119 3527/6079/7119 3638/6411/7119
f 3692/6412/7120 3815/6413/7120 3638/6414/7120
f 3644/6415/7121 3755/6416/7121 3670/6417/7121
f 3644/6415/7122 3670/6417/7122 3697/6418/7122
f 3697/6419/7123 3865/6420/7123 3644/6421/7123
f 3532/6422/7124 3727/6395/7124 3645/6423/7124
f 3727/6424/7125 3839/6425/7125 3645/6426/7125
f 3839/6317/7126 3866/6316/7126 3645/6427/7126
f 3647/6330/7127 3533/6095/7127 3781/6063/7127
f 3638/6411/7128 3671/5935/7128 3648/6428/7128
f 3692/6429/7129 3638/6430/7129 3648/6431/7129
f 3650/6352/7130 3529/6432/7130 3899/6390/7130
f 3651/6433/7131 3861/6434/7131 3677/6435/7131
f 3677/6436/7132 3634/6437/7132 3651/6438/7132
f 3630/6439/7133 3813/6037/7133 3626/6358/7133
f 3917/6440/7134 3630/6441/7134 3626/6362/7134
f 3651/6442/7135 3673/6443/7135 3789/6038/7135
f 3789/6038/7136 3630/6439/7136 3651/6442/7136
f 3847/6444/7137 3807/6005/7137 3616/6445/7137
f 3520/6017/7138 3763/6446/7138 3778/6447/7138
f 3735/5992/7139 3728/5974/7139 3734/5976/7139
f 3786/5931/7140 3744/5930/7140 3549/6066/7140
f 3707/5970/7141 3776/5969/7141 3537/6448/7141
f 3730/6449/7142 3670/6417/7142 3755/6416/7142
f 3801/5967/7143 3759/6080/7143 3561/5968/7143
f 3767/5997/7144 3664/6089/7144 3732/5944/7144 3521/5943/7144
f 3664/6089/7145 3547/6042/7145 3773/6015/7145
f 3763/6446/7146 3520/6017/7146 3524/6074/7146 3757/6127/7146
f 3554/5993/7147 3736/5998/7147 3718/5959/7147
f 3788/6450/7148 3812/5960/7148 3736/5998/7148
f 3793/6040/7149 3566/6048/7149 3568/6082/7149
f 3568/6082/7150 3704/5948/7150 3793/6040/7150
f 3656/5983/7151 3669/6077/7151 3739/6088/7151
f 3800/6115/7152 3770/6451/7152 3700/6044/7152
f 3551/6090/7153 3550/6024/7153 3738/6031/7153
f 3629/6452/7154 3670/6453/7154 3714/6454/7154
f 3792/6455/7155 3771/6008/7155 3749/6456/7155
f 3777/5957/7156 3806/6116/7156 3552/5955/7156
f 3525/6096/7157 3765/6457/7157 3752/6458/7157
f 3703/6011/7158 3784/6010/7158 3548/6016/7158
f 3784/6010/7159 3741/5977/7159 3523/5958/7159
f 3784/6010/7160 3523/5958/7160 3812/5960/7160
f 3710/6459/7161 3745/5963/7161 3530/6050/7161
f 3740/6012/7162 3757/6014/7162 3563/5987/7162
f 3524/6074/7163 3788/6450/7163 3757/6127/7163
f 3704/5948/7164 3546/6120/7164 3761/6086/7164 3799/5946/7164
f 3525/6096/7165 3703/6011/7165 3548/6016/7165
f 3522/6114/7166 3769/6460/7166 3789/6038/7166 3657/6112/7166
f 3731/5980/7167 3742/5979/7167 3751/6103/7167
f 3733/5962/7168 3564/6003/7168 3538/6121/7168
f 3666/6399/7169 3806/6116/7169 3777/5957/7169
f 3528/5966/7170 3763/6013/7170 3740/6012/7170
f 3741/5977/7171 3742/5979/7171 3766/5978/7171
f 3557/6065/7172 3772/6461/7172 3778/6462/7172
f 3664/6089/7173 3773/6015/7173 3732/5944/7173
f 3764/6463/7174 3796/5975/7174 3728/5974/7174
f 3744/5930/7175 3769/6460/7175 3672/5989/7175
f 3713/5936/7176 3752/5990/7176 3672/5989/7176
f 3535/6046/7177 3805/6098/7177 3775/6118/7177
f 3660/6102/7178 3698/6464/7178 3668/6111/7178
f 3790/5985/7179 3768/5961/7179 3723/5986/7179
f 3790/5985/7180 3733/5962/7180 3768/5961/7180
f 3539/6097/7181 3735/5992/7181 3747/5991/7181
f 3721/6022/7182 3766/5978/7182 3701/6058/7182
f 3714/6001/7183 3670/6417/7183 3797/5999/7183
f 3704/5948/7184 3724/5947/7184 3793/6040/7184
f 3771/6008/7185 3792/6455/7185 3779/6009/7185
f 3748/6465/7186 3670/6417/7186 3730/6449/7186
f 3534/6026/6853 3526/5964/6852 3528/5966/7187
f 3788/6450/7188 3736/5998/7188 3569/6124/7188
f 3785/6099/7189 3521/5943/7189 3531/5945/7189
f 3668/6111/7190 3776/5969/7190 3561/5968/7190
f 3778/6447/7191 3772/6018/7191 3520/6017/7191
f 3555/6091/7192 3700/6466/7192 3770/6467/7192
f 3745/5963/7193 3710/6459/7193 3768/5961/7193
f 3759/6080/7194 3726/6060/7194 3561/5968/7194
f 3532/6422/7195 3665/6113/7195 3727/6395/7195
f 3801/5967/7196 3707/5970/7196 3663/6081/7196
f 3706/6029/7197 3725/6028/7197 3539/6064/7197
f 3669/6077/7198 3562/5982/7199 3726/6060/7200
f 3550/6024/7201 3565/6092/7201 3533/6468/7201
f 3541/6100/7202 3661/6469/7202 3813/6037/7202
f 3541/6470/7203 3761/6086/7203 3661/5942/7203
f 3566/6048/7204 3708/6047/7204 3783/6125/7204
f 3804/6084/7205 3531/5945/7205 3791/6055/7205
f 3700/6044/7206 3723/6049/7206 3547/6042/7206
f 3564/6003/7207 3558/6002/7207 3538/6121/7207
f 3524/6074/7208 3784/6010/7208 3812/5960/7208
f 3524/6074/7209 3812/5960/7209 3788/6450/7209
f 3797/5999/7210 3771/6008/7210 3737/6053/7210
f 3535/6046/6833 3775/6118/7211 3709/6045/6831
f 3767/5997/7212 3552/5955/7212 3754/6051/7212
f 3562/5982/7213 3782/6019/7213 3720/6059/7213
f 3789/6038/7214 3673/6443/7214 3657/6112/7214
f 3787/5965/7215 3778/6462/7215 3763/6013/7215 3528/5966/7215
f 3525/6096/7216 3549/6122/7216 3765/6457/7216
f 3797/5999/7217 3670/6417/7217 3771/6008/7217
f 3717/5949/7218 3567/5951/7218 3554/5993/7218
f 3764/6463/7219 3802/5972/7219 3796/5975/7219
f 3785/6099/7220 3531/5945/7220 3804/6084/7220
f 3706/6029/7221 3717/5949/7221 3810/5994/7221
f 3810/5994/7222 3809/6027/7222 3706/6029/7222
f 3791/6055/7223 3531/5945/7223 3710/6056/7223
f 3797/5999/7224 3743/6052/7224 3715/6000/7224
f 3737/6053/7225 3743/6052/7225 3797/5999/7225
f 3782/6019/7226 3728/5938/7226 3702/5937/7226
f 3566/6048/7227 3783/6125/7227 3808/6032/7227 3709/6045/7227
f 3778/6462/7228 3787/5965/7228 3557/6065/7228
f 3753/5995/7229 3767/5997/7229 3536/5996/7229
f 3538/6121/7230 3558/6002/7230 3783/6125/7230
f 3660/6102/7231 3668/6111/7231 3751/6103/7231
f 3734/5976/7232 3796/5975/7232 3653/5956/7232
f 3735/5939/7233 3725/6028/7233 3702/5937/7233
f 3803/6023/7234 3559/6025/7234 3805/6098/7234
f 3799/5946/7235 3786/6041/7235 3724/5947/7235
f 3754/6051/7236 3664/6089/7236 3767/5997/7236
f 3540/6021/7237 3523/5958/7237 3766/5978/7237
f 3768/6101/7238 3773/6015/7238 3723/6049/7238
f 3544/6104/7239 3741/5977/7239 3703/6011/7239
f 3779/6009/7240 3792/6455/7240 3542/6117/7240
f 3550/6024/7241 3551/6090/7241 3565/6092/7241
f 3777/5957/7242 3796/5975/7242 3802/5972/7242
f 3541/6100/7243 3750/6105/7243 3761/6471/7243
f 3545/6007/7244 3737/6053/7244 3771/6008/7244
f 3559/6025/7245 3550/6024/7245 3654/6472/7245
f 3654/6093/7246 3807/6005/7246 3559/6004/7246
f 3542/6062/7247 3792/6473/7247 3659/6333/7247
f 3739/6088/7248 3669/6077/7248 3543/6076/7248
f 3705/6075/7249 3719/5940/7249 3805/6098/7249
f 3734/5976/7250 3653/5956/7250 3753/5995/7250
f 3753/5995/7251 3747/5991/7251 3734/5976/7251
f 3776/5969/7252 3668/6111/7252 3698/6464/7252
f 3548/6016/7253 3784/6010/7253 3524/6074/7253
f 3746/6039/7254 3706/6029/7254 3539/6064/7254
f 3669/6077/7255 3759/6080/7255 3529/6078/7255
f 3536/5996/7256 3521/5943/7256 3785/6099/7256
f 3536/5996/7257 3785/6099/7257 3746/6083/7257
f 3545/6007/7258 3547/6042/7258 3664/6089/7258
f 3546/6120/7259 3568/6082/7259 3775/6118/7259
f 3759/6080/7260 3669/6077/7260 3726/6060/7260
f 3811/6119/7261 3540/6021/7261 3721/6022/7261
f 3742/5979/7262 3544/6104/7262 3751/6103/7262
f 3659/6333/7263 3781/6063/7263 3542/6062/7263
f 3811/6119/7264 3721/6022/7264 3720/6059/7264
f 3670/6417/7265 3748/6465/7265 3749/6456/7265 3771/6008/7265
f 3722/6474/7266 3764/6463/7266 3728/5974/7266
f 3754/6051/7267 3552/5955/7267 3743/6052/7267
f 3565/6092/7268 3555/6091/7268 3770/6467/7268
f 3713/5936/7269 3698/6072/7269 3660/6475/7269
f 3713/5936/7270 3660/6475/7270 3752/5990/7270
f 3522/6114/7271 3532/6422/7271 3756/6476/7271 3774/6477/7271
f 3668/6111/7272 3731/5980/7272 3751/6103/7272
f 3700/6466/7273 3555/6091/7273 3794/5984/7273
f 3552/5955/7274 3699/6033/7274 3743/6052/7274
f 3656/5983/7275 3562/5982/7199 3669/6077/7198
f 3766/5978/7276 3731/5980/7276 3701/6058/7276
f 3553/6478/7277 3522/6114/7277 3774/6477/7277
f 3539/6097/7278 3747/5991/7278 3536/5996/7278
f 3554/5993/7279 3810/5994/7279 3717/5949/7279
f 3779/6009/6881 3800/6115/7280 3760/6043/6879
f 3709/6045/7281 3775/6118/7281 3568/6082/7281
f 3556/6036/7282 3750/6105/7282 3541/6100/7282
f 3557/6065/7283 3786/6041/7283 3772/6461/7283
f 3661/5942/7284 3761/6086/7285 3546/6120/7286
f 3661/5942/7284 3546/6120/7286 3719/5940/7287
f 3567/6479/7288 3804/6084/7288 3791/6055/7288
f 3546/6120/7289 3775/6118/7289 3719/5940/7289
f 3566/6048/6889 3787/5965/6888 3526/5964/7290
f 3560/6480/7291 3722/6057/7291 3739/6088/7291
f 3527/6079/7292 3698/6072/7292 3713/5936/7292
f 3713/5936/7293 3671/5935/7293 3527/6079/7293
f 3780/5933/7294 3789/6038/7295 3769/6460/7296
f 3769/6460/7296 3744/5930/7297 3780/5933/7294
f 3700/6044/7298 3794/6481/7298 3723/6049/7298
f 3781/6063/7299 3533/6095/7299 3565/6482/7299
f 3565/6482/7300 3770/6061/7300 3781/6063/7300
f 3711/6030/7301 3551/6090/7301 3738/6031/7301
f 3712/6406/7302 3522/6483/7302 3553/6407/7302
f 3662/5971/7303 3667/6400/7303 3666/6399/7303
f 3666/6399/7304 3777/5957/7304 3662/5971/7304
f 3752/6458/7305 3660/6102/7305 3544/6104/7305
f 3754/6051/7306 3737/6053/7306 3664/6089/7306
f 3769/6460/7307 3522/6114/7307 3672/5989/7307
f 3718/5959/7308 3523/5958/7308 3540/6021/7308
f 3739/6088/7309 3722/6057/7309 3798/5981/7309
f 3722/6474/7310 3560/6109/7310 3795/5973/7310 3764/6463/7310
f 3532/6422/7311 3522/6114/7311 3665/6113/7311
f 3795/5973/7312 3802/5972/7312 3764/6463/7312
f 3809/6027/7313 3811/6119/7313 3655/6020/7313 3725/6028/7313
f 3556/6036/7314 3789/6038/7314 3780/5933/7314
f 3806/6116/7315 3699/6033/7315 3552/5955/7315
f 3794/5984/7316 3555/6091/7316 3551/6090/7316
f 3551/6090/7317 3558/6002/7317 3794/5984/7317
f 3765/5988/7318 3744/5930/7318 3672/5989/7318
f 3896/6484/7319 3620/6485/7319 3825/6224/7319 3877/6145/7319
f 3711/6030/7320 3558/6002/7320 3551/6090/7320
f 3800/6115/7321 3542/6117/7321 3770/6451/7321
f 3807/6375/7322 3658/6486/7322 3705/6487/7322
f 3562/5982/7323 3720/6059/7323 3701/6058/7323
f 3544/6104/7324 3525/6096/7324 3752/6458/7324
f 3708/6047/7325 3534/6026/7325 3538/6121/7325
f 3772/6018/7326 3786/6488/7326 3549/6122/7326
f 3738/6031/7327 3803/6023/7327 3535/6046/7327
f 3535/6046/7328 3808/6032/7328 3738/6031/7328
f 3567/5951/7329 3569/6124/7329 3736/5998/7329
f 3558/6002/7330 3711/6030/7330 3808/6032/7330
f 3782/6019/7331 3562/5982/7331 3798/5981/7331
f 3672/5989/7332 3522/6114/7332 3712/5934/7332
f 3672/5989/7333 3712/5934/7333 3713/5936/7333
f 3810/5994/7334 3718/5959/7334 3540/6021/7334
f 3569/6124/7335 3791/6123/7335 3530/6126/7335
f 3757/6127/7336 3788/6450/7336 3569/6124/7336
f 3884/6136/7337 3862/6289/7337 3689/6240/7337
f 3692/6489/7338 3648/6490/7338 3828/6491/7338
f 3681/6267/7339 3598/6147/7339 3846/6492/7339
f 3893/6493/7340 3572/6183/7340 3570/6494/7340
f 3865/6495/7341 3697/6151/7341 3684/6207/7341
f 3829/6140/7342 3639/6139/7342 3683/6365/7342
f 3829/6140/7343 3886/6150/7343 3642/6138/7343
f 3868/6239/7344 3910/6242/7344 3689/6240/7344
f 3877/6145/7345 3825/6224/7345 3818/6146/7345
f 3818/6146/7346 3678/6130/7346 3571/6211/7346
f 3617/6171/7347 3694/6173/7347 3908/6301/7347
f 3881/6298/7348 3898/6152/7348 3618/6180/7348
f 3833/6496/7349 3850/6159/7349 3579/6279/7349
f 3896/6484/7350 3913/6287/7350 3851/6497/7350
f 3855/6278/7351 3606/6246/7351 3905/6315/7351
f 3609/6233/7352 3907/6221/7352 3577/6257/7352
f 3609/6233/7353 3577/6257/7353 3826/6234/7353
f 3688/6293/7354 3595/6175/7354 3680/6174/7354
f 3674/6223/7355 3575/6222/7355 3863/6201/7355
f 3587/6170/7356 3916/6160/7356 3833/6496/7356
f 3587/6170/7357 3897/6321/7357 3892/6169/7357
f 3620/6485/7358 3694/6236/7358 3825/6224/7358
f 3854/6193/7359 3908/6301/7359 3610/6190/7359
f 3573/6271/7360 3575/6222/7360 3901/6212/7360
f 3901/6212/7361 3571/6211/7361 3573/6271/7361
f 3817/6197/7362 3880/6133/7362 3843/6227/7362
f 3834/6230/7363 3599/6253/7363 3830/6231/7363
f 3899/6210/7364 3910/6242/7364 3868/6239/7364
f 3884/6136/7365 3910/6242/7365 3837/6137/7365
f 3862/6289/7366 3583/6204/7366 3844/6206/7366
f 3848/6158/7367 3621/6177/7367 3850/6159/7367
f 3872/6161/7368 3607/6232/7368 3854/6193/7368
f 3583/6204/7369 3897/6321/7369 3587/6170/7369
f 3583/6204/7370 3587/6170/7370 3581/6205/7370
f 3577/6257/7371 3902/6256/7371 3826/6234/7371
f 3821/6144/7372 3818/6146/7372 3571/6211/7372
f 3877/6145/7373 3821/6144/7373 3913/6287/7373
f 3877/6145/7374 3913/6287/7374 3896/6484/7374
f 3842/6498/7375 3681/6194/7375 3904/6196/7375
f 3574/6176/7376 3589/6260/7376 3909/6129/7376
f 3692/6489/7377 3828/6491/7377 3815/6312/7377
f 3899/6210/7378 3868/6239/7378 3601/6208/7378
f 3610/6190/7379 3908/6301/7379 3694/6173/7379
f 3873/6499/7380 3853/6313/7380 3852/6182/7380
f 3858/6500/7381 3886/6150/7381 3688/6293/7381
f 3600/6167/7382 3915/6294/7382 3832/6142/7382
f 3846/6195/7383 3857/6215/7383 3845/6214/7383
f 3579/6279/7384 3915/6294/7384 3833/6496/7384
f 3863/6201/7385 3575/6222/7385 3580/6216/7385
f 3874/6237/7386 3617/6501/7386 3900/6305/7386
f 3874/6237/7387 3900/6305/7387 3835/6265/7387
f 3843/6227/7388 3880/6133/7388 3873/6325/7388
f 3916/6160/7389 3850/6159/7389 3833/6496/7389
f 3571/6211/7390 3864/6272/7390 3573/6271/7390
f 3863/6201/7391 3611/6217/7391 3816/6229/7391
f 3570/6494/7392 3572/6183/7392 3906/6277/7392
f 3581/6205/7393 3584/6288/7393 3819/6273/7393
f 3682/6261/7394 3886/6150/7394 3829/6140/7394
f 3902/6219/7395 3900/6311/7395 3582/6220/7395
f 3684/6207/7396 3886/6150/7396 3858/6500/7396
f 3889/6264/7397 3838/6148/7397 3598/6147/7397
f 3876/6235/7398 3826/6234/7398 3604/6502/7398
f 3593/6274/7399 3584/6288/7399 3581/6205/7399
f 3586/6249/7400 3883/6166/7400 3827/6247/7400
f 3588/6299/7401 3618/6180/7401 3875/6179/7401
f 3894/6304/7402 3572/6183/7402 3578/6250/7402
f 3832/6142/7403 3856/6503/7404 3600/6167/7405
f 3895/6128/7406 3577/6257/7406 3869/6284/7406
f 3592/6255/7407 3605/6218/7407 3582/6220/7407
f 3574/6176/7408 3595/6175/7408 3589/6260/7408
f 3884/6136/7409 3689/6240/7409 3910/6242/7409
f 3824/6262/7410 3881/6298/7410 3586/6249/7410
f 3892/6169/7411 3882/6178/7411 3848/6158/7411
f 3573/6271/7412 3580/6216/7412 3575/6222/7412
f 3677/6435/7413 3578/6250/7413 3608/6157/7413
f 3590/6504/7414 3843/6227/7414 3873/6325/7414
f 3579/6279/7415 3851/6143/7415 3832/6142/7415
f 3852/6182/7416 3853/6313/7416 3828/6491/7416
f 3694/6173/7417 3620/6191/7417 3610/6190/7417
f 3904/6196/7418 3911/6188/7418 3842/6498/7418
f 3605/6218/7419 3891/6254/7419 3603/6248/7419 3827/6247/7419
f 3682/6261/7420 3864/6272/7420 3589/6260/7420
f 3834/6230/7421 3872/6161/7421 3878/6163/7421
f 3834/6230/7422 3607/6232/7422 3872/6161/7422
f 3575/6222/7423 3845/6214/7423 3901/6212/7423
f 3578/6250/7424 3572/6183/7424 3852/6182/7424
f 3889/6264/7425 3615/6302/7425 3905/6315/7425
f 3675/6263/7426 3819/6273/7426 3584/6288/7426
f 3899/6390/7427 3867/6353/7427 3650/6352/7427
f 3887/6290/7428 3609/6233/7428 3876/6235/7428
f 3678/6130/7429 3864/6272/7429 3571/6211/7429
f 3597/6292/7430 3680/6174/7430 3907/6221/7430
f 3871/6307/7431 3614/6280/7431 3862/6289/7431
f 3862/6289/7432 3594/6505/7432 3871/6307/7432
f 3907/6221/7433 3909/6129/7433 3869/6284/7433
f 3604/6297/7434 3883/6166/7434 3859/6165/7434
f 3590/6181/7435 3873/6499/7435 3852/6182/7435
f 3904/6196/7436 3885/6200/7436 3911/6188/7436
f 3887/6290/7437 3597/6292/7437 3609/6233/7437
f 3691/6506/7438 3859/6507/7438 3687/6508/7438
f 3595/6175/7439 3886/6150/7439 3682/6261/7439
f 3823/6189/6945 3911/6188/6944 3840/6509/7440
f 3596/6186/7441 3616/6300/7441 3849/6184/7441
f 3597/6292/7442 3679/6291/7442 3680/6174/7442
f 3601/6208/7443 3606/6246/7443 3855/6278/7443
f 3614/6280/7016 3820/6198/7015 3897/6321/7444
f 3860/6258/7445 3616/6300/7445 3914/6259/7445
f 3862/6289/7446 3884/6136/7446 3594/6505/7446
f 3840/6509/7447 3911/6188/7447 3885/6200/7447
f 3693/6323/7448 3616/6300/7448 3860/6258/7448
f 3600/6167/7405 3856/6503/7404 3591/6252/7449
f 3856/6285/7450 3821/6144/7450 3901/6212/7450
f 3592/6255/7451 3908/6301/7451 3830/6231/7451
f 3846/6195/7452 3845/6214/7452 3674/6223/7452
f 3602/6338/7453 3696/6340/7453 3685/6266/7453
f 3899/6210/7454 3695/6241/7454 3910/6242/7454
f 3588/6299/7455 3875/6179/7455 3888/6361/7455
f 3824/6262/7456 3599/6253/7456 3881/6298/7456
f 3675/6263/7457 3584/6288/7457 3870/6168/7457
f 3894/6304/7458 3578/6250/7458 3677/6435/7458
f 3677/6435/7459 3861/6434/7459 3894/6304/7459
f 3599/6253/7460 3824/6262/7460 3603/6248/7460
f 3893/6493/7461 3590/6181/7461 3572/6183/7461
f 3681/6194/7462 3842/6498/7462 3615/6510/7462
f 3611/6217/7463 3580/6216/7463 3573/6271/7463
f 3604/6511/7464 3859/6512/7464 3876/6513/7464
f 3815/6312/7465 3828/6491/7465 3853/6313/7465
f 3611/6217/7466 3829/6140/7466 3816/6229/7466
f 3589/6260/7467 3678/6130/7467 3909/6129/7467
f 3606/6246/7468 3890/6245/7468 3905/6315/7468
f 3819/6273/7469 3844/6206/7469 3581/6205/7469
f 3816/6229/7470 3829/6140/7470 3683/6365/7470
f 3859/6165/7471 3596/6186/7471 3687/6185/7471
f 3591/6213/7472 3856/6285/7472 3901/6212/7472
f 3577/6257/7473 3907/6221/7473 3869/6284/7473
f 3821/6144/7474 3856/6285/7474 3913/6287/7474
f 3888/6275/7008 3906/6277/7010 3917/6514/7475
f 3878/6163/7476 3893/6243/7476 3834/6230/7476
f 3887/6515/7477 3876/6516/7477 3691/6517/7477
f 3825/6224/7478 3835/6265/7478 3879/6131/7478
f 3609/6233/7479 3597/6292/7479 3907/6221/7479
f 3840/6509/7480 3885/6200/7480 3576/6202/7480
f 3906/6518/7481 3875/6179/7481 3822/6154/7481
f 3611/6217/7482 3682/6261/7482 3829/6140/7482
f 3860/6258/7483 3588/6299/7483 3693/6323/7483
f 3593/6274/7484 3587/6170/7484 3833/6496/7484
f 3865/6495/7485 3684/6207/7485 3624/6394/7485
f 3594/6283/7486 3831/6314/7486 3871/6519/7486
f 3831/6134/7487 3880/6133/7487 3614/6280/7487
f 3915/6294/7488 3593/6274/7488 3833/6496/7488
f 3915/6294/7489 3870/6168/7489 3593/6274/7489
f 3612/6155/7490 3839/6317/7490 3841/6156/7490
f 3911/6188/7491 3690/6306/7491 3842/6498/7491
f 3844/6206/7492 3689/6240/7492 3862/6289/7492
f 3906/6277/7493 3894/6304/7493 3917/6514/7493
f 3677/6435/7494 3608/6157/7494 3841/6156/7494
f 3822/6154/7495 3618/6180/7495 3898/6152/7495
f 3585/6238/7496 3819/6273/7497 3890/6245/7498
f 3691/6520/7499 3876/6521/7499 3859/6522/7499
f 3816/6229/7500 3686/6199/7500 3863/6201/7500
f 3613/6296/7501 3826/6295/7501 3902/6219/7501
f 3902/6219/7502 3605/6218/7502 3613/6296/7502
f 3870/6168/7503 3857/6149/7503 3838/6148/7503
f 3604/6297/7504 3613/6296/7504 3883/6166/7504
f 3846/6492/7505 3598/6147/7505 3857/6149/7505
f 3614/6280/7506 3897/6321/7506 3583/6204/7506
f 3850/6159/7507 3619/6225/7507 3851/6143/7507
f 3675/6263/7508 3890/6245/7498 3819/6273/7497
f 3594/6283/7509 3685/6282/7509 3696/6523/7509
f 3696/6523/7510 3815/6312/7510 3594/6283/7510
f 3893/6243/7511 3843/6251/7511 3590/6524/7511
f 3586/6249/7512 3912/6164/7512 3883/6166/7512
f 3896/6525/7513 3851/6143/7513 3619/6225/7513
f 3687/6185/7514 3633/6526/7514 3647/6342/7514 3691/6527/7514
f 3890/6245/7515 3889/6264/7515 3905/6315/7515
f 3828/6491/7516 3608/6157/6981 3852/6182/6980
f 3620/6326/7517 3896/6525/7517 3619/6225/7517
f 3822/6154/7518 3836/6153/7518 3570/6244/7518
f 3822/6154/7519 3570/6244/7519 3906/6518/7519
f 3881/6298/7520 3599/6253/7520 3898/6152/7520
f 3628/6368/7521 3636/6384/7521 3537/6070/7521 3814/6073/7521
f 3560/6355/7522 3676/6354/7522 3646/6528/7522 3762/6529/7522
f 3622/6530/7523 3816/6531/7523 3683/6532/7523
f 3623/6335/7524 3781/6063/7524 3659/6333/7524
f 3679/6533/7525 3887/6341/7525 3623/6343/7525
f 3602/6367/7526 3814/6073/7526 3527/6079/7526
f 3623/6335/7527 3647/6330/7527 3781/6063/7527
f 3624/6534/7528 3729/6106/7528 3755/6108/7528
f 3652/6356/7086 3560/6355/7085 3739/6069/7529
f 3807/6005/7530 3654/6093/7530 3849/6380/7530 3616/6445/7530
f 3676/6354/7531 3690/6535/7531 3646/6528/7531
f 3684/6207/7532 3858/6500/7532 3632/6536/7532 3729/6393/7532
f 3622/5953/7533 3639/6537/7533 3715/5954/7533
f 3628/6332/7534 3602/6338/7534 3685/6266/7534
f 3789/6038/7535 3813/6037/7535 3630/6439/7535
f 3630/6441/7536 3917/6440/7536 3894/6538/7536
f 3631/6377/7537 3658/6486/7537 3807/6375/7537
f 3847/6324/7538 3693/6323/7538 3631/6539/7538
f 3658/6486/7539 3631/6377/7539 3637/6359/7539 3661/6469/7539
f 3654/6093/7540 3533/6095/7070 3633/6331/7072
f 3633/6526/7541 3687/6185/7541 3849/6184/7541
f 3634/6437/7542 3677/6436/7542 3841/6540/7542
f 3637/6360/7543 3631/6539/7543 3693/6323/7543 3588/6299/7543
f 3749/6404/7544 3641/6403/7544 3635/6334/7544 3792/6473/7544
f 3635/6334/7545 3659/6333/7545 3792/6473/7545
f 3635/6336/7546 3680/6174/7546 3679/6291/7546
f 3636/6384/7547 3707/6383/7547 3537/6070/7547
f 3652/6356/7548 3867/6353/7548 3855/6357/7548
f 3637/6359/7549 3813/6037/7549 3661/6469/7549
f 3646/6528/7550 3649/6541/7550 3662/6542/7550 3795/6543/7550
f 3841/6156/7551 3839/6317/7551 3727/6544/7551 3634/6545/7551
f 3649/6541/7552 3646/6528/7552 3903/6546/7552
f 3903/6546/7553 3823/6547/7553 3649/6541/7553
f 3899/6390/7554 3529/6432/7554 3663/6391/7554
f 3639/6371/7555 3714/6370/7555 3715/6548/7555
f 3666/6549/7556 3640/6550/7556 3627/6363/7556 3806/6350/7556
f 3866/6396/7557 3612/6329/7557 3774/6328/7557
f 3627/6363/7558 3640/6550/7558 3576/6551/7558 3686/6552/7558
f 3840/6553/7559 3576/6551/7559 3640/6550/7559 3667/6554/7559
f 3688/6293/7560 3641/6389/7560 3632/6536/7560 3858/6500/7560
f 3629/6374/7561 3642/6373/7561 3697/6418/7561 3670/6417/7561
f 3756/6397/7562 3532/6555/7562 3645/6556/7562 3866/6396/7562
f 3638/6411/7563 3527/6079/7563 3671/5935/7563
f 3707/6383/7564 3643/6382/7564 3695/6557/7564 3663/6558/7564
f 3795/6543/7565 3762/6529/7565 3646/6528/7565
f 3690/6535/7566 3903/6546/7566 3646/6528/7566
f 3647/6342/7567 3887/6341/7567 3691/6527/7567
f 3673/6443/7568 3651/6442/7568 3634/6381/7568 3657/6112/7568
f 3643/6559/7569 3837/6560/7569 3695/6561/7569
f 3671/6562/7570 3712/6406/7570 3648/6405/7570
f 3823/6547/7571 3840/6563/7571 3649/6541/7571
f 3650/6352/7572 3543/6067/7572 3529/6432/7572
f 3861/6564/7573 3651/6565/7573 3630/6566/7573 3894/6567/7573
f 3626/6362/7574 3888/6361/7574 3917/6440/7574
f 3667/6568/7575 3662/6542/7575 3649/6541/7575
f 3667/6568/7576 3649/6541/7576 3840/6563/7576
